1.654659271240234375e+01 6.321700096130371094e+00 -3.661974906921386719e+00
1.649899864196777344e+01 6.357101440429687500e+00 -3.614961862564086914e+00
1.644117546081542969e+01 6.402308940887451172e+00 -3.555975437164306641e+00
1.636573410034179688e+01 6.461804866790771484e+00 -3.478021383285522461e+00
1.626261138916015625e+01 6.544205188751220703e+00 -3.370744228363037109e+00
1.613100624084472656e+01 6.644053459167480469e+00 -3.233166694641113281e+00
1.598687839508056641e+01 6.756316661834716797e+00 -3.077861785888671875e+00
1.583672046661376953e+01 6.865653514862060547e+00 -2.913342952728271484e+00
1.569171619415283203e+01 6.969122409820556641e+00 -2.750740766525268555e+00
1.555158138275146484e+01 7.060586452484130859e+00 -2.592708110809326172e+00
1.542609882354736328e+01 7.142313957214355469e+00 -2.449190139770507812e+00
1.531219577789306641e+01 7.211166858673095703e+00 -2.320021152496337891e+00
1.521010303497314453e+01 7.269763469696044922e+00 -2.204880952835083008e+00
1.512078857421875000e+01 7.314811229705810547e+00 -2.108812093734741211e+00
1.503933429718017578e+01 7.361359596252441406e+00 -2.016821146011352539e+00
1.496594619750976562e+01 7.400239467620849609e+00 -1.937008738517761230e+00
1.489847660064697266e+01 7.434132099151611328e+00 -1.866609692573547363e+00
1.483387756347656250e+01 7.464455127716064453e+00 -1.800920009613037109e+00
1.477347946166992188e+01 7.492939472198486328e+00 -1.741385817527770996e+00
1.470694732666015625e+01 7.523528575897216797e+00 -1.688589096069335938e+00
1.464545345306396484e+01 7.551720619201660156e+00 -1.636022567749023438e+00
1.458044719696044922e+01 7.578888416290283203e+00 -1.587229490280151367e+00
1.451497459411621094e+01 7.608724117279052734e+00 -1.541586279869079590e+00
1.444670391082763672e+01 7.639807701110839844e+00 -1.496576070785522461e+00
1.437540626525878906e+01 7.672079086303710938e+00 -1.454374670982360840e+00
1.429953575134277344e+01 7.707792758941650391e+00 -1.407167553901672363e+00
1.422220993041992188e+01 7.745724201202392578e+00 -1.376513719558715820e+00
1.414309883117675781e+01 7.780166625976562500e+00 -1.343124508857727051e+00
1.406501102447509766e+01 7.821306228637695312e+00 -1.309043526649475098e+00
1.398239135742187500e+01 7.863074779510498047e+00 -1.278204560279846191e+00
1.389879989624023438e+01 7.908146858215332031e+00 -1.251178741455078125e+00
1.380939197540283203e+01 7.956234455108642578e+00 -1.225474715232849121e+00
1.371565532684326172e+01 8.007469177246093750e+00 -1.201780080795288086e+00
1.361713600158691406e+01 8.064384460449218750e+00 -1.179804444313049316e+00
1.351171588897705078e+01 8.127302169799804688e+00 -1.158646821975708008e+00
1.340130805969238281e+01 8.197142601013183594e+00 -1.138529777526855469e+00
1.328381252288818359e+01 8.278538703918457031e+00 -1.120550751686096191e+00
1.315333557128906250e+01 8.375504493713378906e+00 -1.097153186798095703e+00
1.301470375061035156e+01 8.484355926513671875e+00 -1.079397082328796387e+00
1.286992168426513672e+01 8.612168312072753906e+00 -1.056872010231018066e+00
1.271835327148437500e+01 8.760567665100097656e+00 -1.031764030456542969e+00
1.256307029724121094e+01 8.926809310913085938e+00 -1.003021597862243652e+00
1.240752315521240234e+01 9.111803054809570312e+00 -9.711703062057495117e-01
1.224879074096679688e+01 9.322451591491699219e+00 -9.344071149826049805e-01
1.209186077117919922e+01 9.547879219055175781e+00 -8.942837119102478027e-01
1.193443584442138672e+01 9.788331031799316406e+00 -8.499942421913146973e-01
1.177987861633300781e+01 1.004192447662353516e+01 -8.017963171005249023e-01
1.163186836242675781e+01 1.030246925354003906e+01 -7.564665079116821289e-01
1.149307060241699219e+01 1.056649398803710938e+01 -7.151401638984680176e-01
1.136944389343261719e+01 1.083337974548339844e+01 -6.822135448455810547e-01
1.126688575744628906e+01 1.108977317810058594e+01 -6.601161360740661621e-01
1.118164062500000000e+01 1.132945728302001953e+01 -6.505155563354492188e-01
1.111433315277099609e+01 1.155234432220458984e+01 -6.542773842811584473e-01
1.106477928161621094e+01 1.175062179565429688e+01 -6.689409613609313965e-01
1.102901840209960938e+01 1.192591381072998047e+01 -6.914522051811218262e-01
1.100775241851806641e+01 1.207701587677001953e+01 -7.215948104858398438e-01
1.099828147888183594e+01 1.220471668243408203e+01 -7.587885260581970215e-01
1.099954223632812500e+01 1.231242847442626953e+01 -8.009210228919982910e-01
1.100989723205566406e+01 1.240187168121337891e+01 -8.488858938217163086e-01
1.102646732330322266e+01 1.247818279266357422e+01 -9.017252326011657715e-01
1.105058383941650391e+01 1.253965568542480469e+01 -9.605730772018432617e-01
1.108188533782958984e+01 1.259011840820312500e+01 -1.026078581809997559e+00
1.112146759033203125e+01 1.262896251678466797e+01 -1.101066112518310547e+00
1.117107868194580078e+01 1.265735816955566406e+01 -1.189568877220153809e+00
1.122889804840087891e+01 1.267496109008789062e+01 -1.289286375045776367e+00
1.129505062103271484e+01 1.268074321746826172e+01 -1.405828356742858887e+00
1.137364959716796875e+01 1.267016792297363281e+01 -1.537145614624023438e+00
1.146032905578613281e+01 1.264305305480957031e+01 -1.686372637748718262e+00
1.155285453796386719e+01 1.259984016418457031e+01 -1.853066205978393555e+00
1.165008163452148438e+01 1.252723407745361328e+01 -2.035233974456787109e+00
1.174579048156738281e+01 1.243299961090087891e+01 -2.228101015090942383e+00
1.183790969848632812e+01 1.231112766265869141e+01 -2.431079387664794922e+00
1.191953277587890625e+01 1.216511535644531250e+01 -2.634696483612060547e+00
1.198455715179443359e+01 1.200108528137207031e+01 -2.830033302307128906e+00
1.203444099426269531e+01 1.182336807250976562e+01 -3.011029005050659180e+00
1.206554603576660156e+01 1.164266872406005859e+01 -3.172194004058837891e+00
1.207893371582031250e+01 1.146605682373046875e+01 -3.311276197433471680e+00
1.207728195190429688e+01 1.129955291748046875e+01 -3.426682233810424805e+00
1.205762100219726562e+01 1.114661312103271484e+01 -3.513910055160522461e+00
1.202890300750732422e+01 1.101408195495605469e+01 -3.583020210266113281e+00
1.199198341369628906e+01 1.089815807342529297e+01 -3.635402679443359375e+00
1.194610214233398438e+01 1.079790592193603516e+01 -3.671339035034179688e+00
1.189353561401367188e+01 1.071140575408935547e+01 -3.693787813186645508e+00
1.183146762847900391e+01 1.063518428802490234e+01 -3.705830335617065430e+00
1.176019001007080078e+01 1.056677532196044922e+01 -3.706275939941406250e+00
1.167500877380371094e+01 1.050452136993408203e+01 -3.693111658096313477e+00
1.157422828674316406e+01 1.044800662994384766e+01 -3.663640499114990234e+00
1.145514106750488281e+01 1.039875984191894531e+01 -3.614772081375122070e+00
1.131243991851806641e+01 1.036077690124511719e+01 -3.539020776748657227e+00
1.114254856109619141e+01 1.033652305603027344e+01 -3.431531667709350586e+00
1.094695377349853516e+01 1.033547687530517578e+01 -3.287884712219238281e+00
1.072751235961914062e+01 1.036269950866699219e+01 -3.112826347351074219e+00
1.048247051239013672e+01 1.042417621612548828e+01 -2.908990144729614258e+00
1.021522712707519531e+01 1.053044986724853516e+01 -2.683916807174682617e+00
9.936345100402832031e+00 1.068846416473388672e+01 -2.456546306610107422e+00
9.663212776184082031e+00 1.089733314514160156e+01 -2.253718852996826172e+00
9.397826194763183594e+00 1.115315532684326172e+01 -2.091091871261596680e+00
9.154022216796875000e+00 1.143775653839111328e+01 -1.984610438346862793e+00
8.934802055358886719e+00 1.171561622619628906e+01 -1.934496760368347168e+00
8.743697166442871094e+00 1.195692920684814453e+01 -1.925853252410888672e+00
8.576368331909179688e+00 1.215746307373046875e+01 -1.942030787467956543e+00
8.433870315551757812e+00 1.232575035095214844e+01 -1.979644536972045898e+00
8.315184593200683594e+00 1.246320343017578125e+01 -2.026447534561157227e+00
8.217132568359375000e+00 1.257803821563720703e+01 -2.081980466842651367e+00
8.142195701599121094e+00 1.267316055297851562e+01 -2.145495176315307617e+00
8.090827941894531250e+00 1.275190258026123047e+01 -2.213026046752929688e+00
8.063056945800781250e+00 1.281780529022216797e+01 -2.282205343246459961e+00
8.059663772583007812e+00 1.287299442291259766e+01 -2.356276035308837891e+00
8.076344490051269531e+00 1.292028522491455078e+01 -2.437981367111206055e+00
8.113799095153808594e+00 1.296053123474121094e+01 -2.525238752365112305e+00
8.167058944702148438e+00 1.299234962463378906e+01 -2.617274284362792969e+00
8.235045433044433594e+00 1.301897239685058594e+01 -2.723715305328369141e+00
8.316164016723632812e+00 1.303745174407958984e+01 -2.847412586212158203e+00
8.413015365600585938e+00 1.304808521270751953e+01 -2.987764835357666016e+00
8.519638061523437500e+00 1.304715251922607422e+01 -3.145656824111938477e+00
8.644217491149902344e+00 1.303323745727539062e+01 -3.325634717941284180e+00
8.782223701477050781e+00 1.299842071533203125e+01 -3.516221523284912109e+00
8.933002471923828125e+00 1.293954563140869141e+01 -3.712862730026245117e+00
9.090530395507812500e+00 1.285272216796875000e+01 -3.903696060180664062e+00
9.246575355529785156e+00 1.274484825134277344e+01 -4.079289436340332031e+00
9.397977828979492188e+00 1.261518669128417969e+01 -4.233970165252685547e+00
9.535775184631347656e+00 1.247032642364501953e+01 -4.360965251922607422e+00
9.655223846435546875e+00 1.232161998748779297e+01 -4.458478927612304688e+00
9.751906394958496094e+00 1.217554855346679688e+01 -4.530213356018066406e+00
9.826258659362792969e+00 1.203157520294189453e+01 -4.575747966766357422e+00
9.880766868591308594e+00 1.190164375305175781e+01 -4.600604057312011719e+00
9.915884017944335938e+00 1.178453922271728516e+01 -4.607850074768066406e+00
9.933925628662109375e+00 1.168058300018310547e+01 -4.599889755249023438e+00
9.937207221984863281e+00 1.158752822875976562e+01 -4.578036785125732422e+00
9.925096511840820312e+00 1.150217151641845703e+01 -4.540712833404541016e+00
9.898993492126464844e+00 1.142280197143554688e+01 -4.486932277679443359e+00
9.856709480285644531e+00 1.134681892395019531e+01 -4.414781570434570312e+00
9.796820640563964844e+00 1.127363491058349609e+01 -4.317678451538085938e+00
9.716895103454589844e+00 1.120186614990234375e+01 -4.196136474609375000e+00
9.618209838867187500e+00 1.113574028015136719e+01 -4.046814918518066406e+00
9.500294685363769531e+00 1.107672500610351562e+01 -3.871108055114746094e+00
9.360054016113281250e+00 1.102938365936279297e+01 -3.663082599639892578e+00
9.199742317199707031e+00 1.099730110168457031e+01 -3.423459768295288086e+00
9.015525817871093750e+00 1.098308849334716797e+01 -3.151962757110595703e+00
8.804429054260253906e+00 1.100266361236572266e+01 -2.846267700195312500e+00
8.562279701232910156e+00 1.106370735168457031e+01 -2.490387201309204102e+00
8.289334297180175781e+00 1.119555664062500000e+01 -2.066378355026245117e+00
8.004490852355957031e+00 1.140224075317382812e+01 -1.712030649185180664e+00
7.729228973388671875e+00 1.162870407104492188e+01 -1.503847718238830566e+00
7.465067386627197266e+00 1.184212970733642578e+01 -1.403520584106445312e+00
7.206676959991455078e+00 1.203586959838867188e+01 -1.367316246032714844e+00
6.962672710418701172e+00 1.219981002807617188e+01 -1.381514072418212891e+00
6.738585948944091797e+00 1.233745384216308594e+01 -1.425437569618225098e+00
6.542712688446044922e+00 1.244900512695312500e+01 -1.492385745048522949e+00
6.369315624237060547e+00 1.253771972656250000e+01 -1.569336652755737305e+00
6.221374988555908203e+00 1.260692787170410156e+01 -1.655740380287170410e+00
6.101460933685302734e+00 1.266179370880126953e+01 -1.746733427047729492e+00
6.007025241851806641e+00 1.270503330230712891e+01 -1.840626239776611328e+00
5.935247421264648438e+00 1.273890781402587891e+01 -1.936124563217163086e+00
5.886096000671386719e+00 1.276530742645263672e+01 -2.040223598480224609e+00
5.856037139892578125e+00 1.278733634948730469e+01 -2.147996425628662109e+00
5.849178791046142578e+00 1.280378437042236328e+01 -2.264196872711181641e+00
5.859642028808593750e+00 1.281664085388183594e+01 -2.390806674957275391e+00
5.888953208923339844e+00 1.282488441467285156e+01 -2.529231786727905273e+00
5.941726207733154297e+00 1.282567119598388672e+01 -2.682177305221557617e+00
6.015017032623291016e+00 1.281781101226806641e+01 -2.850243330001831055e+00
6.105076789855957031e+00 1.280100822448730469e+01 -3.038483142852783203e+00
6.216179370880126953e+00 1.277045631408691406e+01 -3.240911722183227539e+00
6.340945720672607422e+00 1.272642612457275391e+01 -3.460170507431030273e+00
6.476901531219482422e+00 1.266530609130859375e+01 -3.696570158004760742e+00
6.618731021881103516e+00 1.258824634552001953e+01 -3.944098711013793945e+00
6.758984088897705078e+00 1.249958610534667969e+01 -4.195166587829589844e+00
6.901295185089111328e+00 1.239552021026611328e+01 -4.457400321960449219e+00
7.047803401947021484e+00 1.227810287475585938e+01 -4.725597381591796875e+00
7.198793888092041016e+00 1.215426254272460938e+01 -4.989817619323730469e+00
7.359614372253417969e+00 1.202438068389892578e+01 -5.240798473358154297e+00
7.532649040222167969e+00 1.188819980621337891e+01 -5.480458736419677734e+00
7.712268352508544922e+00 1.175382804870605469e+01 -5.697731494903564453e+00
7.898170948028564453e+00 1.161883926391601562e+01 -5.892295360565185547e+00
8.083958625793457031e+00 1.148857307434082031e+01 -6.059788227081298828e+00
8.270349502563476562e+00 1.135936164855957031e+01 -6.204701423645019531e+00
8.452738761901855469e+00 1.123243141174316406e+01 -6.327249050140380859e+00
8.628012657165527344e+00 1.111005496978759766e+01 -6.427838325500488281e+00
8.795632362365722656e+00 1.099145412445068359e+01 -6.507243633270263672e+00
8.952891349792480469e+00 1.087777709960937500e+01 -6.570338249206542969e+00
9.092841148376464844e+00 1.077307510375976562e+01 -6.614419937133789062e+00
9.226443290710449219e+00 1.067160797119140625e+01 -6.647105216979980469e+00
9.344251632690429688e+00 1.057736873626708984e+01 -6.667352676391601562e+00
9.457536697387695312e+00 1.048787117004394531e+01 -6.678764343261718750e+00
9.555772781372070312e+00 1.040613651275634766e+01 -6.679964065551757812e+00
9.642444610595703125e+00 1.032946681976318359e+01 -6.669823169708251953e+00
9.722917556762695312e+00 1.025641155242919922e+01 -6.655700206756591797e+00
9.795256614685058594e+00 1.018746471405029297e+01 -6.632907867431640625e+00
9.861537933349609375e+00 1.012051010131835938e+01 -6.603886127471923828e+00
9.920542716979980469e+00 1.005801582336425781e+01 -6.567481517791748047e+00
9.968875885009765625e+00 1.000010204315185547e+01 -6.523155212402343750e+00
1.001932430267333984e+01 9.938822746276855469e+00 -6.469303131103515625e+00
1.006695175170898438e+01 9.874938011169433594e+00 -6.403307437896728516e+00
1.010897636413574219e+01 9.813335418701171875e+00 -6.326990127563476562e+00
1.014622592926025391e+01 9.748834609985351562e+00 -6.236182689666748047e+00
1.017791938781738281e+01 9.681734085083007812e+00 -6.127422809600830078e+00
1.020476436614990234e+01 9.611845016479492188e+00 -6.001012802124023438e+00
1.022364521026611328e+01 9.540987014770507812e+00 -5.851558685302734375e+00
1.023352813720703125e+01 9.468510627746582031e+00 -5.676345348358154297e+00
1.022983837127685547e+01 9.398244857788085938e+00 -5.472003936767578125e+00
1.020966529846191406e+01 9.335106849670410156e+00 -5.238027572631835938e+00
1.016804504394531250e+01 9.288102149963378906e+00 -4.979928016662597656e+00
1.009539222717285156e+01 9.262421607971191406e+00 -4.684983253479003906e+00
9.980159759521484375e+00 9.262670516967773438e+00 -4.353700637817382812e+00
9.811664581298828125e+00 9.288651466369628906e+00 -3.976952075958251953e+00
9.591915130615234375e+00 9.338061332702636719e+00 -3.578771114349365234e+00
9.329669952392578125e+00 9.411126136779785156e+00 -3.187495946884155273e+00
9.045771598815917969e+00 9.505011558532714844e+00 -2.841103076934814453e+00
8.753698348999023438e+00 9.615701675415039062e+00 -2.552137851715087891e+00
8.451369285583496094e+00 9.745979309082031250e+00 -2.315990686416625977e+00
8.139483451843261719e+00 9.890154838562011719e+00 -2.132830142974853516e+00
7.815569400787353516e+00 1.004510307312011719e+01 -1.996572732925415039e+00
7.489644050598144531e+00 1.020735549926757812e+01 -1.911653757095336914e+00
7.167109012603759766e+00 1.037134552001953125e+01 -1.867107152938842773e+00
6.847492694854736328e+00 1.053492641448974609e+01 -1.859263181686401367e+00
6.535821437835693359e+00 1.069344425201416016e+01 -1.881673097610473633e+00
6.235373497009277344e+00 1.084623336791992188e+01 -1.932066202163696289e+00
5.951166629791259766e+00 1.099226760864257812e+01 -2.004192590713500977e+00
5.696323871612548828e+00 1.112302780151367188e+01 -2.083113431930541992e+00
5.471900939941406250e+00 1.124023914337158203e+01 -2.168513298034667969e+00
5.287620067596435547e+00 1.133991909027099609e+01 -2.255725383758544922e+00
5.132346153259277344e+00 1.142390060424804688e+01 -2.338738441467285156e+00
5.004933357238769531e+00 1.149198627471923828e+01 -2.422003746032714844e+00
4.903248310089111328e+00 1.154689311981201172e+01 -2.507482528686523438e+00
4.821538925170898438e+00 1.158804130554199219e+01 -2.590807437896728516e+00
4.765738964080810547e+00 1.161269187927246094e+01 -2.672151327133178711e+00
4.729453086853027344e+00 1.162568473815917969e+01 -2.757827758789062500e+00
4.709625720977783203e+00 1.162987518310546875e+01 -2.842760324478149414e+00
4.705934047698974609e+00 1.162476921081542969e+01 -2.933679580688476562e+00
4.717529296875000000e+00 1.161153507232666016e+01 -3.030859708786010742e+00
4.743846416473388672e+00 1.159021377563476562e+01 -3.138564586639404297e+00
4.795991420745849609e+00 1.155612373352050781e+01 -3.259207963943481445e+00
4.858968257904052734e+00 1.151476383209228516e+01 -3.389660835266113281e+00
4.941513538360595703e+00 1.146135520935058594e+01 -3.529304504394531250e+00
5.040812015533447266e+00 1.139416885375976562e+01 -3.682958126068115234e+00
5.161270618438720703e+00 1.130896663665771484e+01 -3.841608285903930664e+00
5.300279140472412109e+00 1.119937229156494141e+01 -4.011164188385009766e+00
5.458437442779541016e+00 1.107120513916015625e+01 -4.177038192749023438e+00
5.626017093658447266e+00 1.092197799682617188e+01 -4.336583614349365234e+00
5.803091049194335938e+00 1.075146293640136719e+01 -4.483658790588378906e+00
5.982754230499267578e+00 1.056288146972656250e+01 -4.614729404449462891e+00
6.170639514923095703e+00 1.035662746429443359e+01 -4.727388858795166016e+00
6.359381198883056641e+00 1.014068603515625000e+01 -4.818901062011718750e+00
6.553653240203857422e+00 9.916323661804199219e+00 -4.889383792877197266e+00
6.748654365539550781e+00 9.689278602600097656e+00 -4.938082218170166016e+00
6.948431015014648438e+00 9.461737632751464844e+00 -4.968908786773681641e+00
7.143065452575683594e+00 9.245333671569824219e+00 -4.984267234802246094e+00
7.340600490570068359e+00 9.033556938171386719e+00 -4.987130165100097656e+00
7.531764030456542969e+00 8.833339691162109375e+00 -4.979438781738281250e+00
7.720902442932128906e+00 8.644224166870117188e+00 -4.966192722320556641e+00
7.903481483459472656e+00 8.466403007507324219e+00 -4.947831630706787109e+00
8.069029808044433594e+00 8.308732986450195312e+00 -4.928158760070800781e+00
8.229938507080078125e+00 8.160542488098144531e+00 -4.907458782196044922e+00
8.379748344421386719e+00 8.027609825134277344e+00 -4.887216567993164062e+00
8.520771026611328125e+00 7.905342578887939453e+00 -4.866523265838623047e+00
8.648274421691894531e+00 7.797489643096923828e+00 -4.847282409667968750e+00
8.764398574829101562e+00 7.696110248565673828e+00 -4.830109596252441406e+00
8.872584342956542969e+00 7.609323978424072266e+00 -4.810410022735595703e+00
8.971927642822265625e+00 7.527165889739990234e+00 -4.793303966522216797e+00
9.059570312500000000e+00 7.454510211944580078e+00 -4.775793075561523438e+00
9.147708892822265625e+00 7.380870819091796875e+00 -4.757809638977050781e+00
9.227902412414550781e+00 7.313093662261962891e+00 -4.739045143127441406e+00
9.303965568542480469e+00 7.248041152954101562e+00 -4.719238758087158203e+00
9.376486778259277344e+00 7.185736656188964844e+00 -4.698112487792968750e+00
9.446662902832031250e+00 7.123519420623779297e+00 -4.677618980407714844e+00
9.514918327331542969e+00 7.061863422393798828e+00 -4.655209541320800781e+00
9.582687377929687500e+00 6.998077869415283203e+00 -4.630525112152099609e+00
9.648405075073242188e+00 6.935482501983642578e+00 -4.602861404418945312e+00
9.714657783508300781e+00 6.871403694152832031e+00 -4.577133655548095703e+00
9.777232170104980469e+00 6.807128429412841797e+00 -4.547570228576660156e+00
9.842134475708007812e+00 6.740883827209472656e+00 -4.516562461853027344e+00
9.899468421936035156e+00 6.675363063812255859e+00 -4.485309123992919922e+00
9.961403846740722656e+00 6.610279560089111328e+00 -4.453952789306640625e+00
1.002206039428710938e+01 6.542069911956787109e+00 -4.422367095947265625e+00
1.008289337158203125e+01 6.474877834320068359e+00 -4.395432472229003906e+00
1.014257431030273438e+01 6.406335830688476562e+00 -4.370616436004638672e+00
1.021025371551513672e+01 6.339950561523437500e+00 -4.351508617401123047e+00
1.026127910614013672e+01 6.268639564514160156e+00 -4.327789783477783203e+00
1.032917594909667969e+01 6.213697910308837891e+00 -4.306581497192382812e+00
1.039503192901611328e+01 6.155020236968994141e+00 -4.286301612854003906e+00
1.045084095001220703e+01 6.098464965820312500e+00 -4.256290912628173828e+00
1.051357555389404297e+01 6.048991203308105469e+00 -4.228151798248291016e+00
1.057922554016113281e+01 6.004202842712402344e+00 -4.196624755859375000e+00
1.063304901123046875e+01 5.960509777069091797e+00 -4.156325340270996094e+00
1.065482997894287109e+01 5.904101371765136719e+00 -4.101791858673095703e+00
1.072788143157958984e+01 5.906275749206542969e+00 -4.058076381683349609e+00
1.076652145385742188e+01 5.869631767272949219e+00 -4.000658512115478516e+00
1.080273914337158203e+01 5.838973999023437500e+00 -3.935646533966064453e+00
1.083560466766357422e+01 5.821568965911865234e+00 -3.860672950744628906e+00
1.086526584625244141e+01 5.798861980438232422e+00 -3.783167362213134766e+00
1.087878417968750000e+01 5.770709991455078125e+00 -3.694749355316162109e+00
1.089667129516601562e+01 5.757539272308349609e+00 -3.602473258972167969e+00
1.090092945098876953e+01 5.726209163665771484e+00 -3.506707191467285156e+00
1.091381359100341797e+01 5.710619926452636719e+00 -3.403979778289794922e+00
1.092482185363769531e+01 5.694284439086914062e+00 -3.294884443283081055e+00
1.092941951751708984e+01 5.677433013916015625e+00 -3.183160781860351562e+00
1.093580150604248047e+01 5.665203094482421875e+00 -3.067109823226928711e+00
1.093640327453613281e+01 5.660080432891845703e+00 -2.949389457702636719e+00
1.093096446990966797e+01 5.650073051452636719e+00 -2.833028793334960938e+00
1.092272567749023438e+01 5.640849590301513672e+00 -2.720046281814575195e+00
1.090967273712158203e+01 5.642848968505859375e+00 -2.615212678909301758e+00
1.089083671569824219e+01 5.650037765502929688e+00 -2.515257835388183594e+00
1.086572456359863281e+01 5.665292739868164062e+00 -2.428008556365966797e+00
1.083611297607421875e+01 5.685019493103027344e+00 -2.350733995437622070e+00
1.080171012878417969e+01 5.711126804351806641e+00 -2.286686897277832031e+00
1.076548004150390625e+01 5.744302749633789062e+00 -2.234437942504882812e+00
1.072072792053222656e+01 5.788421630859375000e+00 -2.193079233169555664e+00
1.067407131195068359e+01 5.842127323150634766e+00 -2.162824153900146484e+00
1.061841106414794922e+01 5.907463550567626953e+00 -2.142014026641845703e+00
1.055580329895019531e+01 5.987245082855224609e+00 -2.132174253463745117e+00
1.048348712921142578e+01 6.082894802093505859e+00 -2.131647825241088867e+00
1.040280055999755859e+01 6.194768428802490234e+00 -2.132080316543579102e+00
1.031443977355957031e+01 6.327486515045166016e+00 -2.135864257812500000e+00
1.021267509460449219e+01 6.484416484832763672e+00 -2.129350900650024414e+00
1.009315013885498047e+01 6.668797016143798828e+00 -2.102092504501342773e+00
9.957160949707031250e+00 6.880853176116943359e+00 -2.045166730880737305e+00
9.800904273986816406e+00 7.127382755279541016e+00 -1.958035469055175781e+00
9.624971389770507812e+00 7.407377243041992188e+00 -1.846902489662170410e+00
9.428709030151367188e+00 7.717134952545166016e+00 -1.716871619224548340e+00
9.210519790649414062e+00 8.055451393127441406e+00 -1.577754616737365723e+00
8.956446647644042969e+00 8.433281898498535156e+00 -1.423738360404968262e+00
8.661994934082031250e+00 8.838619232177734375e+00 -1.253830313682556152e+00
8.317228317260742188e+00 9.252592086791992188e+00 -1.073954343795776367e+00
7.922393798828125000e+00 9.663637161254882812e+00 -9.041792750358581543e-01
7.494912147521972656e+00 1.003903579711914062e+01 -7.679313421249389648e-01
7.043048858642578125e+00 1.036603736877441406e+01 -6.725868582725524902e-01
6.546003341674804688e+00 1.066501331329345703e+01 -6.176273822784423828e-01
6.028750896453857422e+00 1.092693710327148438e+01 -6.146566867828369141e-01
5.499169349670410156e+00 1.115735340118408203e+01 -6.590742468833923340e-01
5.004260063171386719e+00 1.133666896820068359e+01 -7.447348237037658691e-01
4.559631824493408203e+00 1.145821380615234375e+01 -8.536897301673889160e-01
4.176713466644287109e+00 1.152695751190185547e+01 -9.682270288467407227e-01
3.839879035949707031e+00 1.155939579010009766e+01 -1.079525828361511230e+00
3.552541017532348633e+00 1.156634521484375000e+01 -1.180967092514038086e+00
3.311127424240112305e+00 1.155678939819335938e+01 -1.274948716163635254e+00
3.106742858886718750e+00 1.153684902191162109e+01 -1.360894441604614258e+00
2.941088676452636719e+00 1.150822257995605469e+01 -1.437118172645568848e+00
2.797646760940551758e+00 1.147753143310546875e+01 -1.510163545608520508e+00
2.677831172943115234e+00 1.144352817535400391e+01 -1.579593539237976074e+00
2.572096347808837891e+00 1.140323066711425781e+01 -1.649974346160888672e+00
2.482965230941772461e+00 1.136177539825439453e+01 -1.719717860221862793e+00
2.404177665710449219e+00 1.131560516357421875e+01 -1.792792320251464844e+00
2.337110757827758789e+00 1.126458263397216797e+01 -1.873651623725891113e+00
2.275400876998901367e+00 1.120638847351074219e+01 -1.965631127357482910e+00
2.220701217651367188e+00 1.114119052886962891e+01 -2.069401502609252930e+00
2.172492980957031250e+00 1.106673526763916016e+01 -2.186637878417968750e+00
2.134621858596801758e+00 1.097854328155517578e+01 -2.324260950088500977e+00
2.106198072433471680e+00 1.087834167480468750e+01 -2.484883546829223633e+00
2.096901178359985352e+00 1.076022815704345703e+01 -2.668343544006347656e+00
2.107428550720214844e+00 1.061808872222900391e+01 -2.877828359603881836e+00
2.141978740692138672e+00 1.045436954498291016e+01 -3.107371330261230469e+00
2.202557563781738281e+00 1.027157115936279297e+01 -3.351303339004516602e+00
2.296053171157836914e+00 1.007646274566650391e+01 -3.607176542282104492e+00
2.421344995498657227e+00 9.875885963439941406e+00 -3.871647596359252930e+00
2.571862936019897461e+00 9.678708076477050781e+00 -4.143023490905761719e+00
2.744430303573608398e+00 9.488935470581054688e+00 -4.414258956909179688e+00
2.953473329544067383e+00 9.309369087219238281e+00 -4.694847106933593750e+00
3.181355714797973633e+00 9.130369186401367188e+00 -4.976498126983642578e+00
3.432477951049804688e+00 8.953309059143066406e+00 -5.249923706054687500e+00
3.699491739273071289e+00 8.778300285339355469e+00 -5.515575885772705078e+00
3.983903646469116211e+00 8.593123435974121094e+00 -5.771438598632812500e+00
4.279783725738525391e+00 8.410521507263183594e+00 -6.005210876464843750e+00
4.577417373657226562e+00 8.223648071289062500e+00 -6.219445228576660156e+00
4.875975608825683594e+00 8.044904708862304688e+00 -6.417870521545410156e+00
5.150940895080566406e+00 7.878489017486572266e+00 -6.594739437103271484e+00
5.422079563140869141e+00 7.719721317291259766e+00 -6.766522407531738281e+00
5.683148860931396484e+00 7.575123786926269531e+00 -6.930956840515136719e+00
5.927199840545654297e+00 7.443277835845947266e+00 -7.086393356323242188e+00
6.139458656311035156e+00 7.325516223907470703e+00 -7.219924449920654297e+00
6.344298839569091797e+00 7.212450027465820312e+00 -7.347071647644042969e+00
6.532638549804687500e+00 7.104265213012695312e+00 -7.460615158081054688e+00
6.704701423645019531e+00 7.001807212829589844e+00 -7.560682773590087891e+00
6.867825984954833984e+00 6.899686336517333984e+00 -7.645832061767578125e+00
7.005130290985107422e+00 6.806215286254882812e+00 -7.717235088348388672e+00
7.142413139343261719e+00 6.707298755645751953e+00 -7.779229164123535156e+00
7.272612094879150391e+00 6.613207817077636719e+00 -7.834614753723144531e+00
7.395095825195312500e+00 6.516134262084960938e+00 -7.877523422241210938e+00
7.515702724456787109e+00 6.417778015136718750e+00 -7.915441513061523438e+00
7.629117965698242188e+00 6.320471763610839844e+00 -7.943763732910156250e+00
7.739300727844238281e+00 6.222389698028564453e+00 -7.965025424957275391e+00
7.845012664794921875e+00 6.124757766723632812e+00 -7.978422164916992188e+00
7.950773239135742188e+00 6.026003360748291016e+00 -7.987503051757812500e+00
8.051834106445312500e+00 5.928348064422607422e+00 -7.988415718078613281e+00
8.149080276489257812e+00 5.834462642669677734e+00 -7.981638908386230469e+00
8.244499206542968750e+00 5.739552974700927734e+00 -7.971104621887207031e+00
8.336385726928710938e+00 5.647201061248779297e+00 -7.956080913543701172e+00
8.427005767822265625e+00 5.556904315948486328e+00 -7.936456203460693359e+00
8.512252807617187500e+00 5.469579219818115234e+00 -7.910483837127685547e+00
8.593762397766113281e+00 5.387629032135009766e+00 -7.882046699523925781e+00
8.670694351196289062e+00 5.309582710266113281e+00 -7.849227428436279297e+00
8.746591567993164062e+00 5.234791755676269531e+00 -7.813871860504150391e+00
8.817785263061523438e+00 5.163805007934570312e+00 -7.780626773834228516e+00
8.875722885131835938e+00 5.109622955322265625e+00 -7.744056224822998047e+00
8.937419891357421875e+00 5.047679901123046875e+00 -7.704586029052734375e+00
8.996147155761718750e+00 4.993638992309570312e+00 -7.658618927001953125e+00
9.050650596618652344e+00 4.943919658660888672e+00 -7.614398956298828125e+00
9.101758003234863281e+00 4.898630619049072266e+00 -7.566501140594482422e+00
9.153842926025390625e+00 4.855091094970703125e+00 -7.515258312225341797e+00
9.199601173400878906e+00 4.820723056793212891e+00 -7.457661151885986328e+00
9.246019363403320312e+00 4.789567470550537109e+00 -7.393300533294677734e+00
9.293816566467285156e+00 4.762299060821533203e+00 -7.321019172668457031e+00
9.346305847167968750e+00 4.736400604248046875e+00 -7.241040706634521484e+00
9.400791168212890625e+00 4.714735984802246094e+00 -7.154105663299560547e+00
9.460952758789062500e+00 4.694334506988525391e+00 -7.055669784545898438e+00
9.529411315917968750e+00 4.675019264221191406e+00 -6.944076538085937500e+00
9.601470947265625000e+00 4.656618118286132812e+00 -6.834100723266601562e+00
9.680503845214843750e+00 4.640353679656982422e+00 -6.705409049987792969e+00
9.761918067932128906e+00 4.626752376556396484e+00 -6.569587707519531250e+00
9.841988563537597656e+00 4.614448070526123047e+00 -6.428473949432373047e+00
9.919773101806640625e+00 4.604362964630126953e+00 -6.275108337402343750e+00
7.649946212768554688e+00 7.544852733612060547e+00 -1.116831302642822266e+00
7.527544975280761719e+00 7.706447124481201172e+00 -1.051547527313232422e+00
7.404059886932373047e+00 7.847373962402343750e+00 -1.007171392440795898e+00
7.263330459594726562e+00 7.996217727661132812e+00 -9.664381146430969238e-01
7.096846103668212891e+00 8.161491394042968750e+00 -9.271053671836853027e-01
6.898980617523193359e+00 8.342602729797363281e+00 -8.896921873092651367e-01
6.675998210906982422e+00 8.533546447753906250e+00 -8.627365231513977051e-01
6.429179191589355469e+00 8.725449562072753906e+00 -8.552703261375427246e-01
6.166187763214111328e+00 8.907787322998046875e+00 -8.752726316452026367e-01
5.898203372955322266e+00 9.074836730957031250e+00 -9.271143078804016113e-01
5.631140708923339844e+00 9.223958969116210938e+00 -1.014029264450073242e+00
5.373084545135498047e+00 9.350380897521972656e+00 -1.134117364883422852e+00
5.134000778198242188e+00 9.450352668762207031e+00 -1.275784730911254883e+00
4.921356201171875000e+00 9.525763511657714844e+00 -1.430649280548095703e+00
4.741099834442138672e+00 9.577753067016601562e+00 -1.581196427345275879e+00
4.588518142700195312e+00 9.611816406250000000e+00 -1.730468153953552246e+00
4.462626457214355469e+00 9.631500244140625000e+00 -1.865994215011596680e+00
4.360816001892089844e+00 9.639977455139160156e+00 -1.988743066787719727e+00
4.279893398284912109e+00 9.640161514282226562e+00 -2.099756002426147461e+00
4.212291717529296875e+00 9.633590698242187500e+00 -2.202345371246337891e+00
4.157415390014648438e+00 9.621710777282714844e+00 -2.302942514419555664e+00
4.112728595733642578e+00 9.604936599731445312e+00 -2.401891469955444336e+00
4.077456474304199219e+00 9.584398269653320312e+00 -2.503051757812500000e+00
4.051095008850097656e+00 9.559339523315429688e+00 -2.610195398330688477e+00
4.031118392944335938e+00 9.528980255126953125e+00 -2.732545137405395508e+00
4.016759872436523438e+00 9.494663238525390625e+00 -2.871256113052368164e+00
4.009539604187011719e+00 9.453815460205078125e+00 -3.031712770462036133e+00
4.013908863067626953e+00 9.406899452209472656e+00 -3.217330932617187500e+00
4.031776428222656250e+00 9.349372863769531250e+00 -3.426508188247680664e+00
4.067025184631347656e+00 9.279520988464355469e+00 -3.657339811325073242e+00
4.126890182495117188e+00 9.192351341247558594e+00 -3.901387929916381836e+00
4.212635517120361328e+00 9.083658218383789062e+00 -4.146034240722656250e+00
4.321424961090087891e+00 8.950558662414550781e+00 -4.380019664764404297e+00
4.453088283538818359e+00 8.786976814270019531e+00 -4.586206912994384766e+00
4.602950096130371094e+00 8.595380783081054688e+00 -4.760433197021484375e+00
4.767050266265869141e+00 8.377238273620605469e+00 -4.897737026214599609e+00
4.942498207092285156e+00 8.138742446899414062e+00 -4.991374015808105469e+00
5.125162124633789062e+00 7.892842292785644531e+00 -5.042524337768554688e+00
5.313776016235351562e+00 7.643971443176269531e+00 -5.049209117889404297e+00
5.499128818511962891e+00 7.406659126281738281e+00 -5.018885612487792969e+00
5.684810161590576172e+00 7.185088157653808594e+00 -4.944223403930664062e+00
5.864810943603515625e+00 6.985877037048339844e+00 -4.845544338226318359e+00
6.036685466766357422e+00 6.816284656524658203e+00 -4.728024482727050781e+00
6.191507339477539062e+00 6.679325103759765625e+00 -4.601758480072021484e+00
6.325360774993896484e+00 6.570974349975585938e+00 -4.475602626800537109e+00
6.437750816345214844e+00 6.492375373840332031e+00 -4.354492187500000000e+00
6.530688285827636719e+00 6.437829971313476562e+00 -4.237236499786376953e+00
6.605854511260986328e+00 6.402367115020751953e+00 -4.117434978485107422e+00
6.668867111206054688e+00 6.383414745330810547e+00 -3.995160579681396484e+00
6.720444679260253906e+00 6.376987934112548828e+00 -3.859370231628417969e+00
6.756655693054199219e+00 6.390788555145263672e+00 -3.703953742980957031e+00
6.778028964996337891e+00 6.424318790435791016e+00 -3.526422023773193359e+00
6.784586906433105469e+00 6.487369060516357422e+00 -3.311991691589355469e+00
6.771424293518066406e+00 6.583505153656005859e+00 -3.060511112213134766e+00
6.736693382263183594e+00 6.713159561157226562e+00 -2.778463125228881836e+00
6.675235748291015625e+00 6.877186775207519531e+00 -2.470596551895141602e+00
6.580324649810791016e+00 7.061402320861816406e+00 -2.156641006469726562e+00
6.440310478210449219e+00 7.263907909393310547e+00 -1.846910476684570312e+00
6.248744487762451172e+00 7.473717212677001953e+00 -1.548802495002746582e+00
6.014021396636962891e+00 7.696019172668457031e+00 -1.263647794723510742e+00
5.745322704315185547e+00 7.922507286071777344e+00 -1.006981849670410156e+00
5.440424442291259766e+00 8.155089378356933594e+00 -7.974065542221069336e-01
5.102645397186279297e+00 8.381011009216308594e+00 -6.502337455749511719e-01
4.719963550567626953e+00 8.611371994018554688e+00 -5.664528608322143555e-01
4.320497512817382812e+00 8.827099800109863281e+00 -5.506567955017089844e-01
3.941377639770507812e+00 9.007437705993652344e+00 -5.909386277198791504e-01
3.573492527008056641e+00 9.162221908569335938e+00 -6.719380021095275879e-01
3.246148586273193359e+00 9.285639762878417969e+00 -7.774517536163330078e-01
2.958604812622070312e+00 9.384593963623046875e+00 -8.933975100517272949e-01
2.717155456542968750e+00 9.463944435119628906e+00 -1.010234951972961426e+00
2.516327142715454102e+00 9.533860206604003906e+00 -1.127933502197265625e+00
2.351363420486450195e+00 9.588582038879394531e+00 -1.239660024642944336e+00
2.216963291168212891e+00 9.631647109985351562e+00 -1.345371603965759277e+00
2.108437299728393555e+00 9.665349960327148438e+00 -1.445622086524963379e+00
2.017681598663330078e+00 9.690102577209472656e+00 -1.539611577987670898e+00
1.942327618598937988e+00 9.706056594848632812e+00 -1.637634158134460449e+00
1.880610466003417969e+00 9.713039398193359375e+00 -1.736946582794189453e+00
1.829263567924499512e+00 9.711718559265136719e+00 -1.843167901039123535e+00
1.789169549942016602e+00 9.702878952026367188e+00 -1.960092663764953613e+00
1.761467456817626953e+00 9.686246871948242188e+00 -2.088364839553833008e+00
1.743973612785339355e+00 9.660192489624023438e+00 -2.233247756958007812e+00
1.739180684089660645e+00 9.634931564331054688e+00 -2.399597883224487305e+00
1.750551104545593262e+00 9.593620300292968750e+00 -2.588990688323974609e+00
1.785130739212036133e+00 9.540104866027832031e+00 -2.806685686111450195e+00
1.844268202781677246e+00 9.478174209594726562e+00 -3.053629636764526367e+00
1.934409737586975098e+00 9.401946067810058594e+00 -3.333941698074340820e+00
2.054475307464599609e+00 9.315331459045410156e+00 -3.628267765045166016e+00
2.217369318008422852e+00 9.207066535949707031e+00 -3.953369617462158203e+00
2.404153108596801758e+00 9.085016250610351562e+00 -4.268340110778808594e+00
2.625887393951416016e+00 8.942014694213867188e+00 -4.584176540374755859e+00
2.873771667480468750e+00 8.777131080627441406e+00 -4.889558315277099609e+00
3.134533405303955078e+00 8.594129562377929688e+00 -5.167293548583984375e+00
3.404331922531127930e+00 8.388112068176269531e+00 -5.416462421417236328e+00
3.678717374801635742e+00 8.157349586486816406e+00 -5.633792400360107422e+00
3.946901082992553711e+00 7.909902095794677734e+00 -5.804748535156250000e+00
4.204366207122802734e+00 7.651520729064941406e+00 -5.938333511352539062e+00
4.456417083740234375e+00 7.380785465240478516e+00 -6.037642002105712891e+00
4.689892292022705078e+00 7.113195896148681641e+00 -6.105744838714599609e+00
4.902896404266357422e+00 6.837359428405761719e+00 -6.145240783691406250e+00
5.098219394683837891e+00 6.569958209991455078e+00 -6.171816349029541016e+00
5.274885177612304688e+00 6.315161705017089844e+00 -6.189567565917968750e+00
5.439150333404541016e+00 6.067942619323730469e+00 -6.203743457794189453e+00
5.590803623199462891e+00 5.836506366729736328e+00 -6.217932701110839844e+00
5.735125064849853516e+00 5.620121002197265625e+00 -6.233672618865966797e+00
5.869898319244384766e+00 5.424116611480712891e+00 -6.252776622772216797e+00
5.994586467742919922e+00 5.251649856567382812e+00 -6.270710945129394531e+00
6.113991737365722656e+00 5.095062732696533203e+00 -6.289366245269775391e+00
6.226766109466552734e+00 4.958111763000488281e+00 -6.307890415191650391e+00
6.330572605133056641e+00 4.837258338928222656e+00 -6.325103759765625000e+00
6.428414821624755859e+00 4.733270645141601562e+00 -6.341814994812011719e+00
6.522144317626953125e+00 4.641580581665039062e+00 -6.357884883880615234e+00
6.610463619232177734e+00 4.561868190765380859e+00 -6.371709346771240234e+00
6.697329521179199219e+00 4.490859985351562500e+00 -6.385625839233398438e+00
6.781552314758300781e+00 4.425360679626464844e+00 -6.398714065551757812e+00
6.862429141998291016e+00 4.366544723510742188e+00 -6.409801006317138672e+00
6.940991401672363281e+00 4.310718536376953125e+00 -6.418388366699218750e+00
7.016030788421630859e+00 4.251953601837158203e+00 -6.422467708587646484e+00
7.088441848754882812e+00 4.198168277740478516e+00 -6.423707008361816406e+00
7.161991596221923828e+00 4.140357494354248047e+00 -6.421685695648193359e+00
7.232110500335693359e+00 4.078257560729980469e+00 -6.414946079254150391e+00
7.298893928527832031e+00 4.011263370513916016e+00 -6.403537273406982422e+00
7.357074260711669922e+00 3.938597917556762695e+00 -6.385961055755615234e+00
7.410480022430419922e+00 3.858281373977661133e+00 -6.362444877624511719e+00
7.456229209899902344e+00 3.771818876266479492e+00 -6.333051681518554688e+00
7.490818500518798828e+00 3.679202318191528320e+00 -6.298069477081298828e+00
7.513964176177978516e+00 3.578876733779907227e+00 -6.255199432373046875e+00
7.524037361145019531e+00 3.472284317016601562e+00 -6.207503318786621094e+00
7.524075508117675781e+00 3.361812591552734375e+00 -6.155250072479248047e+00
7.510628700256347656e+00 3.249217987060546875e+00 -6.101786136627197266e+00
7.488789081573486328e+00 3.128439664840698242e+00 -6.044733047485351562e+00
7.458339214324951172e+00 3.005698204040527344e+00 -5.983590602874755859e+00
7.418688297271728516e+00 2.880489349365234375e+00 -5.923238754272460938e+00
7.372033119201660156e+00 2.752020835876464844e+00 -5.862740993499755859e+00
7.318065643310546875e+00 2.619071960449218750e+00 -5.801328659057617188e+00
7.256400585174560547e+00 2.484173059463500977e+00 -5.740796566009521484e+00
7.186571121215820312e+00 2.342797517776489258e+00 -5.681625843048095703e+00
7.111592769622802734e+00 2.195484161376953125e+00 -5.621720790863037109e+00
7.026499748229980469e+00 2.041759729385375977e+00 -5.562245368957519531e+00
6.934619903564453125e+00 1.879876017570495605e+00 -5.503353595733642578e+00
6.835667610168457031e+00 1.712217211723327637e+00 -5.448927879333496094e+00
6.733267307281494141e+00 1.538979411125183105e+00 -5.398990631103515625e+00
6.624539852142333984e+00 1.357254862785339355e+00 -5.353840351104736328e+00
6.512642860412597656e+00 1.168687701225280762e+00 -5.315390110015869141e+00
6.400046348571777344e+00 9.789100289344787598e-01 -5.285868167877197266e+00
6.288220882415771484e+00 7.852080464363098145e-01 -5.267313957214355469e+00
6.175958633422851562e+00 5.842713713645935059e-01 -5.258595466613769531e+00
6.067386150360107422e+00 3.803195655345916748e-01 -5.260892391204833984e+00
5.964357376098632812e+00 1.754931956529617310e-01 -5.273247241973876953e+00
5.865787982940673828e+00 -3.421535715460777283e-02 -5.296884059906005859e+00
5.774922847747802734e+00 -2.454017847776412964e-01 -5.329123973846435547e+00
5.692721366882324219e+00 -4.549835622310638428e-01 -5.368807792663574219e+00
5.619938373565673828e+00 -6.631752252578735352e-01 -5.414342403411865234e+00
5.553954601287841797e+00 -8.706725239753723145e-01 -5.464716911315917969e+00
5.496541500091552734e+00 -1.073163032531738281e+00 -5.519408226013183594e+00
5.446952819824218750e+00 -1.267945885658264160e+00 -5.575294494628906250e+00
5.402533531188964844e+00 -1.457941293716430664e+00 -5.633918762207031250e+00
5.363176822662353516e+00 -1.640489339828491211e+00 -5.693645954132080078e+00
5.326716899871826172e+00 -1.816262364387512207e+00 -5.754933357238769531e+00
5.297955513000488281e+00 -1.984322547912597656e+00 -5.814980506896972656e+00
5.272242069244384766e+00 -2.145775079727172852e+00 -5.871868133544921875e+00
5.245926380157470703e+00 -2.296624898910522461e+00 -5.931981563568115234e+00
5.221227645874023438e+00 -2.441034555435180664e+00 -5.991152763366699219e+00
5.198817729949951172e+00 -2.578665733337402344e+00 -6.051638126373291016e+00
5.175845146179199219e+00 -2.710560321807861328e+00 -6.109606266021728516e+00
5.154678344726562500e+00 -2.833992719650268555e+00 -6.164748668670654297e+00
5.135156631469726562e+00 -2.950128555297851562e+00 -6.220346927642822266e+00
5.114337921142578125e+00 -3.059744834899902344e+00 -6.276200294494628906e+00
5.092666625976562500e+00 -3.164932012557983398e+00 -6.323389530181884766e+00
5.073594570159912109e+00 -3.264857769012451172e+00 -6.372965335845947266e+00
5.073149681091308594e+00 -3.359545230865478516e+00 -6.428965568542480469e+00
5.058808803558349609e+00 -3.451807260513305664e+00 -6.481644153594970703e+00
5.047086715698242188e+00 -3.543260335922241211e+00 -6.521714687347412109e+00
4.997233867645263672e+00 -3.661909341812133789e+00 -6.487806797027587891e+00
4.991112232208251953e+00 -3.750365495681762695e+00 -6.504121303558349609e+00
5.034666061401367188e+00 -3.805934906005859375e+00 -6.595874786376953125e+00
5.182180881500244141e+00 -3.824691772460937500e+00 -6.746883869171142578e+00
5.202408790588378906e+00 -3.896630764007568359e+00 -6.757748126983642578e+00
5.087602615356445312e+00 -4.039772033691406250e+00 -6.601594448089599609e+00
5.244922637939453125e+00 -4.039862155914306641e+00 -6.736974716186523438e+00
5.163997650146484375e+00 -4.158948898315429688e+00 -6.571218967437744141e+00
5.186722278594970703e+00 -4.210388183593750000e+00 -6.502449035644531250e+00
5.270652294158935547e+00 -4.232689857482910156e+00 -6.522499084472656250e+00
5.427580356597900391e+00 -4.202054500579833984e+00 -6.612601757049560547e+00
5.403593063354492188e+00 -4.261390209197998047e+00 -6.457436084747314453e+00
5.496563911437988281e+00 -4.251729488372802734e+00 -6.444342136383056641e+00
5.581656455993652344e+00 -4.227623939514160156e+00 -6.407697200775146484e+00
5.642210483551025391e+00 -4.200276374816894531e+00 -6.329137802124023438e+00
5.714239597320556641e+00 -4.158791542053222656e+00 -6.264780044555664062e+00
5.785537719726562500e+00 -4.108451843261718750e+00 -6.194417476654052734e+00
5.861179351806640625e+00 -4.049105644226074219e+00 -6.118663311004638672e+00
5.933228492736816406e+00 -3.988383293151855469e+00 -6.028239727020263672e+00
6.018305301666259766e+00 -3.918335676193237305e+00 -5.937249660491943359e+00
6.111263751983642578e+00 -3.848620891571044922e+00 -5.833810806274414062e+00
6.208876132965087891e+00 -3.770217657089233398e+00 -5.716245174407958984e+00
6.318418502807617188e+00 -3.689166069030761719e+00 -5.587785243988037109e+00
6.436981678009033203e+00 -3.608459949493408203e+00 -5.448874473571777344e+00
6.568133831024169922e+00 -3.526580572128295898e+00 -5.294117927551269531e+00
6.711297988891601562e+00 -3.451130390167236328e+00 -5.126559734344482422e+00
6.859260559082031250e+00 -3.381005048751831055e+00 -4.953732013702392578e+00
7.015636920928955078e+00 -3.306870222091674805e+00 -4.762720584869384766e+00
7.179404258728027344e+00 -3.241393566131591797e+00 -4.563271522521972656e+00
7.347051620483398438e+00 -3.180701017379760742e+00 -4.356490612030029297e+00
7.509543895721435547e+00 -3.128319263458251953e+00 -4.153773784637451172e+00
7.678342342376708984e+00 -3.080410957336425781e+00 -3.940669775009155273e+00
7.843986034393310547e+00 -3.037168264389038086e+00 -3.728316307067871094e+00
8.008175849914550781e+00 -2.998444557189941406e+00 -3.513981819152832031e+00
8.169118881225585938e+00 -2.964946746826171875e+00 -3.300715684890747070e+00
8.329249382019042969e+00 -2.935557126998901367e+00 -3.085832834243774414e+00
8.485316276550292969e+00 -2.911293745040893555e+00 -2.871631622314453125e+00
8.637826919555664062e+00 -2.891580581665039062e+00 -2.656930685043334961e+00
8.778689384460449219e+00 -2.875974655151367188e+00 -2.451026916503906250e+00
8.917985916137695312e+00 -2.862996101379394531e+00 -2.239845037460327148e+00
9.047979354858398438e+00 -2.852004289627075195e+00 -2.034813404083251953e+00
9.167185783386230469e+00 -2.842450380325317383e+00 -1.835572957992553711e+00
9.274602890014648438e+00 -2.833938121795654297e+00 -1.645052194595336914e+00
9.370960235595703125e+00 -2.824759960174560547e+00 -1.462509274482727051e+00
9.455934524536132812e+00 -2.814786195755004883e+00 -1.289193987846374512e+00
9.529453277587890625e+00 -2.802371025085449219e+00 -1.127163290977478027e+00
9.593500137329101562e+00 -2.790256977081298828e+00 -9.731532931327819824e-01
9.649179458618164062e+00 -2.774649381637573242e+00 -8.277955055236816406e-01
9.697818756103515625e+00 -2.756841897964477539e+00 -6.900701522827148438e-01
9.739680290222167969e+00 -2.736400604248046875e+00 -5.587530136108398438e-01
9.773526191711425781e+00 -2.711534976959228516e+00 -4.320944547653198242e-01
9.805418968200683594e+00 -2.683846712112426758e+00 -3.096630275249481201e-01
9.830966949462890625e+00 -2.649683237075805664e+00 -1.940259635448455811e-01
9.852734565734863281e+00 -2.612243413925170898e+00 -8.003839105367660522e-02
9.870667457580566406e+00 -2.569156169891357422e+00 3.287548199295997620e-02
9.884492874145507812e+00 -2.521162271499633789e+00 1.398239582777023315e-01
9.895528793334960938e+00 -2.465460300445556641e+00 2.463525980710983276e-01
9.902855873107910156e+00 -2.405419826507568359e+00 3.496881425380706787e-01
9.908351898193359375e+00 -2.341162919998168945e+00 4.513932168483734131e-01
9.908376693725585938e+00 -2.269623756408691406e+00 5.427703857421875000e-01
9.905894279479980469e+00 -2.195057630538940430e+00 6.321862936019897461e-01
9.900982856750488281e+00 -2.115361213684082031e+00 7.164242863655090332e-01
9.893406867980957031e+00 -2.034492254257202148e+00 7.930349707603454590e-01
9.880916595458984375e+00 -1.947719335556030273e+00 8.634886145591735840e-01
9.867320060729980469e+00 -1.858796238899230957e+00 9.281662106513977051e-01
9.851969718933105469e+00 -1.769461989402770996e+00 9.845622181892395020e-01
9.833794593811035156e+00 -1.677322149276733398e+00 1.034129858016967773e+00
9.813618659973144531e+00 -1.584060788154602051e+00 1.075574159622192383e+00
9.790193557739257812e+00 -1.485596895217895508e+00 1.110200166702270508e+00
9.763487815856933594e+00 -1.382203340530395508e+00 1.139654874801635742e+00
9.731266021728515625e+00 -1.271834254264831543e+00 1.160964131355285645e+00
9.694236755371093750e+00 -1.153529524803161621e+00 1.178394436836242676e+00
9.650744438171386719e+00 -1.023991107940673828e+00 1.188825845718383789e+00
9.598873138427734375e+00 -8.797049522399902344e-01 1.194373488426208496e+00
9.537343978881835938e+00 -7.189388275146484375e-01 1.194923043251037598e+00
9.464691162109375000e+00 -5.405795574188232422e-01 1.191696763038635254e+00
9.380620956420898438e+00 -3.453022241592407227e-01 1.182796359062194824e+00
9.286263465881347656e+00 -1.313687413930892944e-01 1.166795253753662109e+00
9.185398101806640625e+00 8.879207819700241089e-02 1.147609949111938477e+00
9.089338302612304688e+00 3.050489127635955811e-01 1.122175455093383789e+00
9.006940841674804688e+00 5.171064734458923340e-01 1.091941475868225098e+00
8.942480087280273438e+00 7.541116476058959961e-01 1.044132471084594727e+00
7.316107273101806641e+00 2.801027536392211914e+00 6.527479887008666992e-01
7.048547267913818359e+00 2.970392227172851562e+00 6.136794090270996094e-01
6.816208362579345703e+00 3.111833810806274414e+00 5.687422752380371094e-01
6.588230609893798828e+00 3.228484630584716797e+00 5.187451839447021484e-01
6.355247974395751953e+00 3.333326816558837891e+00 4.591745734214782715e-01
6.114360809326171875e+00 3.428615331649780273e+00 3.868417739868164062e-01
5.872282028198242188e+00 3.511936187744140625e+00 2.996947169303894043e-01
5.641103744506835938e+00 3.584245681762695312e+00 2.021022588014602661e-01
5.434832572937011719e+00 3.642802238464355469e+00 9.911480545997619629e-02
5.248396396636962891e+00 3.690376758575439453e+00 -5.445543210953474045e-03
5.090138435363769531e+00 3.729263782501220703e+00 -1.055906042456626892e-01
4.956377029418945312e+00 3.761106729507446289e+00 -2.008856534957885742e-01
4.849196434020996094e+00 3.784210443496704102e+00 -2.928492724895477295e-01
4.769404888153076172e+00 3.800506830215454102e+00 -3.781623244285583496e-01
4.705189228057861328e+00 3.809770345687866211e+00 -4.604473412036895752e-01
4.659375667572021484e+00 3.812888383865356445e+00 -5.392495989799499512e-01
4.630891799926757812e+00 3.808948278427124023e+00 -6.149580478668212891e-01
4.616054534912109375e+00 3.799499750137329102e+00 -6.882715821266174316e-01
4.615839958190917969e+00 3.782845973968505859e+00 -7.588893175125122070e-01
4.629456520080566406e+00 3.759697914123535156e+00 -8.285109400749206543e-01
4.652905464172363281e+00 3.728282451629638672e+00 -8.991259932518005371e-01
4.692675590515136719e+00 3.685328960418701172e+00 -9.702696800231933594e-01
4.741231918334960938e+00 3.633066892623901367e+00 -1.040122985839843750e+00
4.802699565887451172e+00 3.571999073028564453e+00 -1.109224557876586914e+00
4.875381946563720703e+00 3.495628595352172852e+00 -1.178507566452026367e+00
4.961657524108886719e+00 3.407454252243041992e+00 -1.245817184448242188e+00
5.060026645660400391e+00 3.303605794906616211e+00 -1.312257051467895508e+00
5.172158241271972656e+00 3.186546802520751953e+00 -1.373358726501464844e+00
5.290146827697753906e+00 3.061647415161132812e+00 -1.424274444580078125e+00
5.426009654998779297e+00 2.918696641921997070e+00 -1.467125058174133301e+00
5.569550991058349609e+00 2.767544269561767578e+00 -1.496607661247253418e+00
5.718856334686279297e+00 2.607494831085205078e+00 -1.504670381546020508e+00
5.869041919708251953e+00 2.445405244827270508e+00 -1.494069099426269531e+00
6.018887042999267578e+00 2.286386489868164062e+00 -1.463618278503417969e+00
6.160681247711181641e+00 2.136770963668823242e+00 -1.414972066879272461e+00
6.302433967590332031e+00 1.989889264106750488e+00 -1.343530654907226562e+00
6.436262130737304688e+00 1.852870106697082520e+00 -1.259091377258300781e+00
6.562992095947265625e+00 1.726534247398376465e+00 -1.161033511161804199e+00
6.680695533752441406e+00 1.612800836563110352e+00 -1.052801609039306641e+00
6.791460514068603516e+00 1.510332822799682617e+00 -9.348759651184082031e-01
6.896360874176025391e+00 1.419681191444396973e+00 -8.086763024330139160e-01
6.991265296936035156e+00 1.345580577850341797e+00 -6.803398132324218750e-01
7.083273887634277344e+00 1.281459927558898926e+00 -5.434760451316833496e-01
7.170803546905517578e+00 1.229210138320922852e+00 -4.051079154014587402e-01
7.250749111175537109e+00 1.188014030456542969e+00 -2.666980624198913574e-01
7.326544284820556641e+00 1.157256841659545898e+00 -1.272044181823730469e-01
7.396464824676513672e+00 1.137937545776367188e+00 9.079311043024063110e-03
7.459040164947509766e+00 1.128584742546081543e+00 1.449849754571914673e-01
7.512086391448974609e+00 1.126875162124633789e+00 2.741102874279022217e-01
7.560198307037353516e+00 1.130897641181945801e+00 3.893269896507263184e-01
7.601137638092041016e+00 1.139099359512329102e+00 5.082536935806274414e-01
7.639741420745849609e+00 1.152807831764221191e+00 6.251429915428161621e-01
7.670930862426757812e+00 1.171041369438171387e+00 7.387666106224060059e-01
7.698194026947021484e+00 1.190629363059997559e+00 8.490309119224548340e-01
7.718744277954101562e+00 1.212418079376220703e+00 9.550064206123352051e-01
7.731605529785156250e+00 1.244889974594116211e+00 1.061908245086669922e+00
7.742197036743164062e+00 1.276209950447082520e+00 1.165611982345581055e+00
7.746972084045410156e+00 1.311190962791442871e+00 1.266744136810302734e+00
7.747995853424072266e+00 1.350198507308959961e+00 1.366677880287170410e+00
7.739663124084472656e+00 1.397324919700622559e+00 1.463483929634094238e+00
7.724220752716064453e+00 1.460199475288391113e+00 1.561837673187255859e+00
7.694246768951416016e+00 1.523246169090270996e+00 1.658312320709228516e+00
7.653909683227539062e+00 1.598896861076354980e+00 1.757781624794006348e+00
7.600422859191894531e+00 1.680365324020385742e+00 1.860204219818115234e+00
7.534420013427734375e+00 1.776408433914184570e+00 1.958346009254455566e+00
7.453338623046875000e+00 1.884130239486694336e+00 2.055992364883422852e+00
7.359781265258789062e+00 2.002874135971069336e+00 2.153568267822265625e+00
7.246006011962890625e+00 2.137595891952514648e+00 2.251492261886596680e+00
7.117247104644775391e+00 2.281493186950683594e+00 2.347160100936889648e+00
6.970405578613281250e+00 2.433951377868652344e+00 2.432213306427001953e+00
6.803429603576660156e+00 2.600944042205810547e+00 2.509570360183715820e+00
6.619321823120117188e+00 2.775640726089477539e+00 2.576775789260864258e+00
6.416693210601806641e+00 2.959691524505615234e+00 2.627687215805053711e+00
6.204675197601318359e+00 3.146776199340820312e+00 2.661399602890014648e+00
5.971330642700195312e+00 3.347316741943359375e+00 2.676289081573486328e+00
5.729331016540527344e+00 3.551746845245361328e+00 2.671203613281250000e+00
5.475427150726318359e+00 3.763565063476562500e+00 2.646247386932373047e+00
5.217627525329589844e+00 3.978161573410034180e+00 2.604058980941772461e+00
4.950000286102294922e+00 4.196440219879150391e+00 2.544383525848388672e+00
4.678864002227783203e+00 4.411955356597900391e+00 2.468750953674316406e+00
4.405571937561035156e+00 4.621554851531982422e+00 2.381226062774658203e+00
4.136012554168701172e+00 4.818973541259765625e+00 2.284961223602294922e+00
3.868683099746704102e+00 5.004596710205078125e+00 2.182148218154907227e+00
3.605020761489868164e+00 5.176608085632324219e+00 2.073765516281127930e+00
3.346302032470703125e+00 5.335311889648437500e+00 1.963384747505187988e+00
3.093961000442504883e+00 5.480202198028564453e+00 1.852133870124816895e+00
2.844068050384521484e+00 5.612078189849853516e+00 1.739912629127502441e+00
2.605919361114501953e+00 5.730450630187988281e+00 1.630266547203063965e+00
2.379006385803222656e+00 5.834027290344238281e+00 1.528715729713439941e+00
2.157207489013671875e+00 5.930136203765869141e+00 1.430823087692260742e+00
1.946657538414001465e+00 6.017220973968505859e+00 1.341734051704406738e+00
1.743695139884948730e+00 6.099506378173828125e+00 1.262607455253601074e+00
1.548527836799621582e+00 6.180223941802978516e+00 1.196089625358581543e+00
1.362261533737182617e+00 6.262376308441162109e+00 1.143989443778991699e+00
1.186024665832519531e+00 6.348284721374511719e+00 1.109346270561218262e+00
1.017254829406738281e+00 6.439569950103759766e+00 1.091766595840454102e+00
8.514597415924072266e-01 6.541036128997802734e+00 1.091812372207641602e+00
6.900685429573059082e-01 6.647337913513183594e+00 1.107079863548278809e+00
5.373633503913879395e-01 6.757214546203613281e+00 1.136119723320007324e+00
3.899132013320922852e-01 6.869381427764892578e+00 1.179353356361389160e+00
2.454735934734344482e-01 6.982740879058837891e+00 1.234426856040954590e+00
1.129767596721649170e-01 7.087356090545654297e+00 1.291321516036987305e+00
-2.133158966898918152e-02 7.195682048797607422e+00 1.358451485633850098e+00
-1.522927284240722656e-01 7.300661563873291016e+00 1.429510235786437988e+00
-2.800035774707794189e-01 7.403095245361328125e+00 1.505068421363830566e+00
-4.042601585388183594e-01 7.503025054931640625e+00 1.582053065299987793e+00
-5.256268382072448730e-01 7.600267410278320312e+00 1.659123301506042480e+00
-6.411538720130920410e-01 7.692637443542480469e+00 1.733645677566528320e+00
-7.522495985031127930e-01 7.781589984893798828e+00 1.808187127113342285e+00
-8.494238257408142090e-01 7.856370449066162109e+00 1.875434875488281250e+00
-9.507935047149658203e-01 7.936249256134033203e+00 1.946931123733520508e+00
-1.048612833023071289e+00 8.011975288391113281e+00 2.016675949096679688e+00
-1.139724850654602051e+00 8.082271575927734375e+00 2.082545518875122070e+00
-1.228398919105529785e+00 8.150905609130859375e+00 2.145606517791748047e+00
-1.310840129852294922e+00 8.215357780456542969e+00 2.206040859222412109e+00
-1.389270186424255371e+00 8.276480674743652344e+00 2.265027523040771484e+00
-1.460441708564758301e+00 8.332026481628417969e+00 2.319573163986206055e+00
-1.532169818878173828e+00 8.387881278991699219e+00 2.376833438873291016e+00
-1.596888303756713867e+00 8.441552162170410156e+00 2.435967922210693359e+00
-1.682366013526916504e+00 8.500520706176757812e+00 2.475143909454345703e+00
-1.748523473739624023e+00 8.548902511596679688e+00 2.531599998474121094e+00
-1.822001099586486816e+00 8.615551948547363281e+00 2.555759668350219727e+00
-1.897603750228881836e+00 8.665676116943359375e+00 2.596478700637817383e+00
-1.963098287582397461e+00 8.718203544616699219e+00 2.642240047454833984e+00
-2.021794319152832031e+00 8.773307800292968750e+00 2.698434829711914062e+00
-2.073976516723632812e+00 8.833051681518554688e+00 2.755059003829956055e+00
-2.126677989959716797e+00 8.865947723388671875e+00 2.836843490600585938e+00
-2.287204742431640625e+00 8.841126441955566406e+00 2.812204122543334961e+00
-2.298684597015380859e+00 8.819704055786132812e+00 3.011438846588134766e+00
-2.305301666259765625e+00 9.143432617187500000e+00 2.883503913879394531e+00
-2.559327840805053711e+00 8.870643615722656250e+00 2.947865009307861328e+00
-2.600444555282592773e+00 9.072140693664550781e+00 2.857946395874023438e+00
-2.449873208999633789e+00 9.108037948608398438e+00 3.236183404922485352e+00
-2.495543003082275391e+00 9.327951431274414062e+00 3.141834497451782227e+00
-2.534842729568481445e+00 9.365925788879394531e+00 3.209736347198486328e+00
-2.819759845733642578e+00 9.339716911315917969e+00 2.961349725723266602e+00
-2.904488801956176758e+00 9.346701622009277344e+00 2.982775449752807617e+00
-2.715476989746093750e+00 9.237227439880371094e+00 3.496426105499267578e+00
-3.091621160507202148e+00 9.152948379516601562e+00 3.127164602279663086e+00
-3.078664302825927734e+00 9.071052551269531250e+00 3.324602603912353516e+00
-2.904450178146362305e+00 9.227691650390625000e+00 3.607880592346191406e+00
-2.991883039474487305e+00 9.679248809814453125e+00 3.337212085723876953e+00
-3.248039245605468750e+00 9.526642799377441406e+00 3.162778615951538086e+00
-2.997303485870361328e+00 9.643911361694335938e+00 3.601754426956176758e+00
-3.045299291610717773e+00 9.524527549743652344e+00 3.715768814086914062e+00
-3.198502302169799805e+00 9.740667343139648438e+00 3.501440763473510742e+00
-3.286852836608886719e+00 9.747085571289062500e+00 3.491436719894409180e+00
-3.450894832611083984e+00 9.667912483215332031e+00 3.398076772689819336e+00
-3.573174238204956055e+00 9.522815704345703125e+00 3.384610176086425781e+00
-3.325584411621093750e+00 9.524946212768554688e+00 3.881103515625000000e+00
-3.671278953552246094e+00 9.389379501342773438e+00 3.525549411773681641e+00
-3.513158321380615234e+00 9.383032798767089844e+00 3.896440505981445312e+00
-3.651350498199462891e+00 9.328586578369140625e+00 3.805601835250854492e+00
-3.792061328887939453e+00 9.406259536743164062e+00 3.732886314392089844e+00
-3.746371746063232422e+00 9.656705856323242188e+00 3.922516822814941406e+00
-3.850043535232543945e+00 9.616401672363281250e+00 3.946216583251953125e+00
-3.948812484741210938e+00 9.581584930419921875e+00 3.983268499374389648e+00
-4.036243438720703125e+00 9.561916351318359375e+00 4.040383338928222656e+00
-4.122280597686767578e+00 9.548479080200195312e+00 4.105323791503906250e+00
-4.216200351715087891e+00 9.541558265686035156e+00 4.166124820709228516e+00
-4.307537555694580078e+00 9.545919418334960938e+00 4.234222888946533203e+00
-4.406923294067382812e+00 9.545346260070800781e+00 4.301611900329589844e+00
-4.501996994018554688e+00 9.554250717163085938e+00 4.375438213348388672e+00
-4.602101325988769531e+00 9.556571006774902344e+00 4.443919658660888672e+00
-4.702385902404785156e+00 9.557030677795410156e+00 4.513672828674316406e+00
-4.807548999786376953e+00 9.565699577331542969e+00 4.574679374694824219e+00
-4.902152061462402344e+00 9.567488670349121094e+00 4.647838592529296875e+00
-5.001196861267089844e+00 9.572460174560546875e+00 4.717101097106933594e+00
-5.097299098968505859e+00 9.575897216796875000e+00 4.785367012023925781e+00
-5.188986301422119141e+00 9.578286170959472656e+00 4.853231906890869141e+00
-5.278936862945556641e+00 9.583170890808105469e+00 4.919256687164306641e+00
-5.364606380462646484e+00 9.585230827331542969e+00 4.973906517028808594e+00
-5.449995994567871094e+00 9.608753204345703125e+00 5.036956787109375000e+00
-5.533649444580078125e+00 9.617059707641601562e+00 5.093340873718261719e+00
-5.613605976104736328e+00 9.627286911010742188e+00 5.148500919342041016e+00
-5.699224472045898438e+00 9.641760826110839844e+00 5.187644481658935547e+00
-5.761470317840576172e+00 9.656225204467773438e+00 5.246056079864501953e+00
-5.836640357971191406e+00 9.674329757690429688e+00 5.292983531951904297e+00
-5.906971931457519531e+00 9.695144653320312500e+00 5.341224193572998047e+00
-5.980201244354248047e+00 9.714923858642578125e+00 5.389874458312988281e+00
-6.052407264709472656e+00 9.741576194763183594e+00 5.431336879730224609e+00
-6.125251293182373047e+00 9.770842552185058594e+00 5.474073886871337891e+00
-6.207739353179931641e+00 9.803359031677246094e+00 5.509734630584716797e+00
-6.282529354095458984e+00 9.839733123779296875e+00 5.561876773834228516e+00
-6.364264488220214844e+00 9.880718231201171875e+00 5.609491348266601562e+00
-6.455452919006347656e+00 9.925752639770507812e+00 5.657946586608886719e+00
-6.553199291229248047e+00 9.973024368286132812e+00 5.714202404022216797e+00
-6.657349586486816406e+00 1.002901554107666016e+01 5.769855022430419922e+00
-6.767894744873046875e+00 1.008588981628417969e+01 5.827750205993652344e+00
-6.890955448150634766e+00 1.015016651153564453e+01 5.892036914825439453e+00
-7.017903327941894531e+00 1.021857452392578125e+01 5.959329128265380859e+00
-7.143502235412597656e+00 1.028884029388427734e+01 6.023613452911376953e+00
-7.266408920288085938e+00 1.036252117156982422e+01 6.085762500762939453e+00
-7.389403343200683594e+00 1.044227123260498047e+01 6.145002365112304688e+00
-7.518768310546875000e+00 1.053832340240478516e+01 6.205044269561767578e+00
4.173348903656005859e+00 -8.370094299316406250e+00 -1.152183532714843750e+00
4.190566062927246094e+00 -8.299664497375488281e+00 -9.976531267166137695e-01
4.232050418853759766e+00 -8.230967521667480469e+00 -8.530743122100830078e-01
4.300138950347900391e+00 -8.154663085937500000e+00 -7.044254541397094727e-01
4.392579555511474609e+00 -8.065252304077148438e+00 -5.408748984336853027e-01
4.514699459075927734e+00 -7.959110736846923828e+00 -3.593085706233978271e-01
4.665420532226562500e+00 -7.839254856109619141e+00 -1.706763356924057007e-01
4.844686031341552734e+00 -7.704728126525878906e+00 2.004522085189819336e-02
5.053698062896728516e+00 -7.556051254272460938e+00 2.035699933767318726e-01
5.288851261138916016e+00 -7.393142223358154297e+00 3.745218813419342041e-01
5.550206184387207031e+00 -7.212950229644775391e+00 5.365567207336425781e-01
5.831111431121826172e+00 -7.015604496002197266e+00 6.878206729888916016e-01
6.129467487335205078e+00 -6.805827617645263672e+00 8.330735564231872559e-01
6.444149017333984375e+00 -6.577262878417968750e+00 9.787009358406066895e-01
6.765825271606445312e+00 -6.339454174041748047e+00 1.123269557952880859e+00
7.073877811431884766e+00 -6.108853340148925781e+00 1.261337161064147949e+00
7.365462779998779297e+00 -5.886559009552001953e+00 1.394384026527404785e+00
7.625498294830322266e+00 -5.684555053710937500e+00 1.515221118927001953e+00
7.847516059875488281e+00 -5.506199359893798828e+00 1.621032357215881348e+00
8.036854743957519531e+00 -5.349916934967041016e+00 1.715858817100524902e+00
8.191165924072265625e+00 -5.213106155395507812e+00 1.800952792167663574e+00
8.318268775939941406e+00 -5.096259593963623047e+00 1.874831199645996094e+00
8.422639846801757812e+00 -4.993137359619140625e+00 1.940357565879821777e+00
8.503284454345703125e+00 -4.899028778076171875e+00 2.004881858825683594e+00
8.574858665466308594e+00 -4.814214229583740234e+00 2.063654422760009766e+00
8.631507873535156250e+00 -4.738322734832763672e+00 2.119482755661010742e+00
8.676367759704589844e+00 -4.665985584259033203e+00 2.176113843917846680e+00
8.714562416076660156e+00 -4.594453334808349609e+00 2.232520103454589844e+00
8.744737625122070312e+00 -4.520208835601806641e+00 2.291640281677246094e+00
8.770392417907714844e+00 -4.442273139953613281e+00 2.355736255645751953e+00
8.789384841918945312e+00 -4.362429141998291016e+00 2.420216083526611328e+00
8.803181648254394531e+00 -4.273089885711669922e+00 2.493873834609985352e+00
8.810572624206542969e+00 -4.174689292907714844e+00 2.574671268463134766e+00
8.811919212341308594e+00 -4.065998077392578125e+00 2.664646148681640625e+00
8.806392669677734375e+00 -3.944488286972045898e+00 2.764061450958251953e+00
8.794137001037597656e+00 -3.815657854080200195e+00 2.869770526885986328e+00
8.770328521728515625e+00 -3.677756071090698242e+00 2.983370780944824219e+00
8.738008499145507812e+00 -3.533847808837890625e+00 3.098783016204833984e+00
8.695048332214355469e+00 -3.380394935607910156e+00 3.222250223159790039e+00
8.642918586730957031e+00 -3.225762844085693359e+00 3.345209121704101562e+00
8.583061218261718750e+00 -3.067376852035522461e+00 3.467072248458862305e+00
8.515192031860351562e+00 -2.909765958786010742e+00 3.581797122955322266e+00
8.443083763122558594e+00 -2.753181934356689453e+00 3.691186666488647461e+00
8.367591857910156250e+00 -2.597146272659301758e+00 3.792818069458007812e+00
8.289004325866699219e+00 -2.445388555526733398e+00 3.885419368743896484e+00
8.207410812377929688e+00 -2.297257184982299805e+00 3.967054367065429688e+00
8.120601654052734375e+00 -2.148901939392089844e+00 4.044001102447509766e+00
8.030277252197265625e+00 -1.999823570251464844e+00 4.116345405578613281e+00
7.936655998229980469e+00 -1.849857687950134277e+00 4.184456825256347656e+00
7.832348346710205078e+00 -1.691396832466125488e+00 4.248832225799560547e+00
7.715377330780029297e+00 -1.523522973060607910e+00 4.312073707580566406e+00
7.584466457366943359e+00 -1.347448348999023438e+00 4.370705604553222656e+00
7.420336246490478516e+00 -1.145314335823059082e+00 4.429431915283203125e+00
7.221829414367675781e+00 -9.159646034240722656e-01 4.481274127960205078e+00
6.975287437438964844e+00 -6.546006798744201660e-01 4.509397029876708984e+00
6.675131320953369141e+00 -3.688079118728637695e-01 4.498736858367919922e+00
6.331478595733642578e+00 -7.243905961513519287e-02 4.447821617126464844e+00
5.967055797576904297e+00 2.088183909654617310e-01 4.357981204986572266e+00
5.600938320159912109e+00 4.663477838039398193e-01 4.243948936462402344e+00
5.243518829345703125e+00 6.935579180717468262e-01 4.118208885192871094e+00
4.875028133392333984e+00 8.985916376113891602e-01 3.982661724090576172e+00
4.506103038787841797e+00 1.075897574424743652e+00 3.841703653335571289e+00
4.121513843536376953e+00 1.231380581855773926e+00 3.698619842529296875e+00
3.726599216461181641e+00 1.365781784057617188e+00 3.549446344375610352e+00
3.334057569503784180e+00 1.477726578712463379e+00 3.400287151336669922e+00
2.947263956069946289e+00 1.566371679306030273e+00 3.250392198562622070e+00
2.557309627532958984e+00 1.635784029960632324e+00 3.092223644256591797e+00
2.185504198074340820e+00 1.686535477638244629e+00 2.925320625305175781e+00
1.821442961692810059e+00 1.720177412033081055e+00 2.746147632598876953e+00
1.469526410102844238e+00 1.739148616790771484e+00 2.546490430831909180e+00
1.150746107101440430e+00 1.744077801704406738e+00 2.342576265335083008e+00
8.629661798477172852e-01 1.738642215728759766e+00 2.135858535766601562e+00
6.113752126693725586e-01 1.727768659591674805e+00 1.934332847595214844e+00
3.983218371868133545e-01 1.716529846191406250e+00 1.744853854179382324e+00
2.245182991027832031e-01 1.710519194602966309e+00 1.576725006103515625e+00
8.297314494848251343e-02 1.703031539916992188e+00 1.423818111419677734e+00
-3.303917869925498962e-02 1.695199608802795410e+00 1.287782788276672363e+00
-1.263014078140258789e-01 1.682799935340881348e+00 1.165791153907775879e+00
-2.033495903015136719e-01 1.661891818046569824e+00 1.052164554595947266e+00
-2.599816024303436279e-01 1.632378220558166504e+00 9.502676725387573242e-01
-3.019148409366607666e-01 1.594828367233276367e+00 8.572004437446594238e-01
-3.298667967319488525e-01 1.544110536575317383e+00 7.629419565200805664e-01
-3.464550375938415527e-01 1.481101870536804199e+00 6.674452424049377441e-01
-3.516112864017486572e-01 1.405620336532592773e+00 5.685717463493347168e-01
-3.404030501842498779e-01 1.316681265830993652e+00 4.700218737125396729e-01
-3.197699189186096191e-01 1.209652185440063477e+00 3.553905785083770752e-01
-2.867960035800933838e-01 1.083441138267517090e+00 2.310934066772460938e-01
-2.397912144660949707e-01 9.379971027374267578e-01 9.364663809537887573e-02
-1.799850910902023315e-01 7.732715606689453125e-01 -5.270328745245933533e-02
-1.009541675448417664e-01 5.814412832260131836e-01 -2.090606391429901123e-01
-8.216919377446174622e-03 3.746394813060760498e-01 -3.664525747299194336e-01
1.011871099472045898e-01 1.555980145931243896e-01 -5.167562961578369141e-01
2.193332463502883911e-01 -6.128947064280509949e-02 -6.514162421226501465e-01
3.391935527324676514e-01 -2.623770236968994141e-01 -7.669196128845214844e-01
4.601965248584747314e-01 -4.438191354274749756e-01 -8.640849590301513672e-01
5.771332383155822754e-01 -5.987271070480346680e-01 -9.426627755165100098e-01
6.964118480682373047e-01 -7.373108267784118652e-01 -1.009085655212402344e+00
8.372246026992797852e-01 -8.730799555778503418e-01 -1.067445278167724609e+00
6.002210140228271484e+00 -2.707184553146362305e+00 -1.231070756912231445e+00
6.128049373626708984e+00 -2.657446861267089844e+00 -1.090588092803955078e+00
6.230336666107177734e+00 -2.601701736450195312e+00 -9.525638222694396973e-01
6.324243068695068359e+00 -2.538300752639770508e+00 -7.980431318283081055e-01
6.415196895599365234e+00 -2.463538408279418945e+00 -6.236993670463562012e-01
6.499804973602294922e+00 -2.381149053573608398e+00 -4.302950799465179443e-01
6.577050685882568359e+00 -2.293564081192016602e+00 -2.197266519069671631e-01
6.645568847656250000e+00 -2.207037687301635742e+00 2.383857034146785736e-03
6.701720714569091797e+00 -2.127769947052001953e+00 2.276229262351989746e-01
6.750478744506835938e+00 -2.055945158004760742e+00 4.498419165611267090e-01
6.795045375823974609e+00 -1.992635369300842285e+00 6.726501584053039551e-01
6.836791992187500000e+00 -1.935872673988342285e+00 8.858186006546020508e-01
6.874457359313964844e+00 -1.886966824531555176e+00 1.089669704437255859e+00
6.908618450164794922e+00 -1.841357707977294922e+00 1.287432551383972168e+00
6.940718173980712891e+00 -1.798092484474182129e+00 1.475750207901000977e+00
6.971347808837890625e+00 -1.755362868309020996e+00 1.655489325523376465e+00
6.996994495391845703e+00 -1.711659193038940430e+00 1.824784517288208008e+00
7.023358345031738281e+00 -1.669319391250610352e+00 1.986256122589111328e+00
7.045601367950439453e+00 -1.627212524414062500e+00 2.136382579803466797e+00
7.065559387207031250e+00 -1.584771394729614258e+00 2.276780843734741211e+00
7.081321239471435547e+00 -1.541421890258789062e+00 2.407736063003540039e+00
7.094244003295898438e+00 -1.498195290565490723e+00 2.531260490417480469e+00
7.105043888092041016e+00 -1.454937815666198730e+00 2.645261287689208984e+00
7.108164310455322266e+00 -1.410318136215209961e+00 2.745390653610229492e+00
7.108831882476806641e+00 -1.364643454551696777e+00 2.838003158569335938e+00
7.104846000671386719e+00 -1.316411733627319336e+00 2.921345472335815430e+00
7.098859310150146484e+00 -1.268833279609680176e+00 2.993498325347900391e+00
7.087234973907470703e+00 -1.217624068260192871e+00 3.059464931488037109e+00
7.070138454437255859e+00 -1.162610888481140137e+00 3.117238998413085938e+00
7.048711299896240234e+00 -1.103629350662231445e+00 3.168959856033325195e+00
7.022889614105224609e+00 -1.039187073707580566e+00 3.215070009231567383e+00
6.990156173706054688e+00 -9.667602777481079102e-01 3.256021738052368164e+00
6.953684329986572266e+00 -8.856931328773498535e-01 3.295323133468627930e+00
6.907031059265136719e+00 -7.972204089164733887e-01 3.330185413360595703e+00
6.850247383117675781e+00 -6.958627700805664062e-01 3.363021850585937500e+00
6.780356407165527344e+00 -5.770078897476196289e-01 3.393794775009155273e+00
6.695361137390136719e+00 -4.418248534202575684e-01 3.421695709228515625e+00
6.590638637542724609e+00 -2.831754386425018311e-01 3.447454214096069336e+00
6.460924625396728516e+00 -9.945414215326309204e-02 3.470778942108154297e+00
6.301064014434814453e+00 1.069159582257270813e-01 3.481062412261962891e+00
6.108847618103027344e+00 3.298087120056152344e-01 3.478976726531982422e+00
5.883003711700439453e+00 5.699571967124938965e-01 3.453632354736328125e+00
5.627397537231445312e+00 8.161450028419494629e-01 3.405195236206054688e+00
5.347996234893798828e+00 1.064120769500732422e+00 3.330343961715698242e+00
5.041259288787841797e+00 1.312848210334777832e+00 3.227169275283813477e+00
4.726006031036376953e+00 1.557185888290405273e+00 3.110131740570068359e+00
4.398380756378173828e+00 1.801431059837341309e+00 2.976237297058105469e+00
4.078797817230224609e+00 2.030867576599121094e+00 2.852845668792724609e+00
3.764535188674926758e+00 2.249984025955200195e+00 2.737328290939331055e+00
3.454507589340209961e+00 2.461745023727416992e+00 2.627614021301269531e+00
3.149478435516357422e+00 2.654788494110107422e+00 2.529823780059814453e+00
2.842593669891357422e+00 2.836501359939575195e+00 2.438998222351074219e+00
2.536278724670410156e+00 3.001043319702148438e+00 2.351856946945190430e+00
2.225225210189819336e+00 3.143983840942382812e+00 2.268361568450927734e+00
1.920579314231872559e+00 3.271674871444702148e+00 2.177920818328857422e+00
1.629899382591247559e+00 3.376930952072143555e+00 2.079964399337768555e+00
1.345027565956115723e+00 3.457898616790771484e+00 1.978039860725402832e+00
1.079777956008911133e+00 3.516556501388549805e+00 1.872121572494506836e+00
8.370359539985656738e-01 3.554713726043701172e+00 1.761857271194458008e+00
6.191791892051696777e-01 3.577039241790771484e+00 1.650576710700988770e+00
4.252759814262390137e-01 3.588270902633666992e+00 1.540654420852661133e+00
2.595323026180267334e-01 3.580291032791137695e+00 1.434708118438720703e+00
1.150788590312004089e-01 3.559354305267333984e+00 1.325901031494140625e+00
-6.956169381737709045e-03 3.531294822692871094e+00 1.226165890693664551e+00
-1.101988330483436584e-01 3.495955705642700195e+00 1.125386118888854980e+00
-1.984404772520065308e-01 3.450099468231201172e+00 1.027435302734375000e+00
-2.706332504749298096e-01 3.394335746765136719e+00 9.294557571411132812e-01
-3.293527662754058838e-01 3.329302787780761719e+00 8.312435150146484375e-01
-3.749414682388305664e-01 3.256843805313110352e+00 7.312281131744384766e-01
-4.107421040534973145e-01 3.171679973602294922e+00 6.249035596847534180e-01
-4.288283586502075195e-01 3.075456142425537109e+00 5.168510675430297852e-01
-4.333273470401763916e-01 2.968195438385009766e+00 4.000773429870605469e-01
-4.240080714225769043e-01 2.848086595535278320e+00 2.783654034137725830e-01
-3.994132876396179199e-01 2.715787887573242188e+00 1.467977464199066162e-01
-3.550430536270141602e-01 2.571197271347045898e+00 4.110680893063545227e-03
-2.953287363052368164e-01 2.414426326751708984e+00 -1.504177749156951904e-01
-2.108808010816574097e-01 2.245342493057250977e+00 -3.094426095485687256e-01
-9.319209307432174683e-02 2.068825721740722656e+00 -4.836077988147735596e-01
5.275024473667144775e-02 1.879294514656066895e+00 -6.599320769309997559e-01
2.225702702999114990e-01 1.689444065093994141e+00 -8.336649537086486816e-01
4.304934144020080566e-01 1.504176855087280273e+00 -1.004687309265136719e+00
6.694059371948242188e-01 1.330240249633789062e+00 -1.167560100555419922e+00
9.365487694740295410e-01 1.176954030990600586e+00 -1.319150447845458984e+00
1.229352235794067383e+00 1.051122426986694336e+00 -1.467452526092529297e+00
1.546698451042175293e+00 9.598084688186645508e-01 -1.620791912078857422e+00
1.878865003585815430e+00 8.944754004478454590e-01 -1.777949929237365723e+00
2.226321935653686523e+00 8.332756161689758301e-01 -1.937416672706604004e+00
2.584098100662231445e+00 7.658481597900390625e-01 -2.075248479843139648e+00
2.940079212188720703e+00 6.833460330963134766e-01 -2.173537254333496094e+00
3.298175334930419922e+00 5.910714268684387207e-01 -2.230334758758544922e+00
3.646218299865722656e+00 4.924556314945220947e-01 -2.237719058990478516e+00
3.977096319198608398e+00 3.913530111312866211e-01 -2.200607061386108398e+00
4.286312103271484375e+00 2.914381623268127441e-01 -2.123502731323242188e+00
4.560296058654785156e+00 1.982033401727676392e-01 -2.015746831893920898e+00
4.800360202789306641e+00 1.145399138331413269e-01 -1.883654236793518066e+00
5.003963470458984375e+00 4.310929030179977417e-02 -1.735375165939331055e+00
5.169895648956298828e+00 -1.610095985233783722e-02 -1.579397797584533691e+00
5.301084995269775391e+00 -5.957357957959175110e-02 -1.421154022216796875e+00
5.404954910278320312e+00 -9.252502769231796265e-02 -1.263211846351623535e+00
5.484300136566162109e+00 -1.128734946250915527e-01 -1.107510328292846680e+00
5.541725635528564453e+00 -1.205177903175354004e-01 -9.535287022590637207e-01
5.581006526947021484e+00 -1.212961971759796143e-01 -8.074452280998229980e-01
5.602149486541748047e+00 -1.041356101632118225e-01 -6.594319343566894531e-01
5.606033802032470703e+00 -7.112668454647064209e-02 -5.107971429824829102e-01
5.594008445739746094e+00 -1.877618394792079926e-02 -3.611759543418884277e-01
5.566197395324707031e+00 5.443785712122917175e-02 -2.112233936786651611e-01
5.514513492584228516e+00 1.616675555706024170e-01 -5.082093924283981323e-02
5.439041137695312500e+00 3.015991151332855225e-01 1.160797327756881714e-01
5.342534065246582031e+00 4.739100933074951172e-01 2.905455231666564941e-01
5.225617408752441406e+00 6.745233535766601562e-01 4.716285765171051025e-01
5.096477031707763672e+00 9.116582274436950684e-01 6.537969708442687988e-01
4.953618526458740234e+00 1.176609516143798828e+00 8.305507898330688477e-01
4.804015159606933594e+00 1.454566359519958496e+00 9.914771318435668945e-01
4.647520065307617188e+00 1.741366147994995117e+00 1.126801609992980957e+00
4.481094837188720703e+00 2.025578022003173828e+00 1.230725884437561035e+00
4.303497314453125000e+00 2.303297758102416992e+00 1.300450086593627930e+00
4.109971046447753906e+00 2.567955732345581055e+00 1.342771053314208984e+00
3.899175167083740234e+00 2.813504695892333984e+00 1.367520928382873535e+00
3.668014049530029297e+00 3.042108297348022461e+00 1.385108351707458496e+00
3.419818639755249023e+00 3.251951456069946289e+00 1.400467395782470703e+00
3.158545017242431641e+00 3.448262691497802734e+00 1.407613635063171387e+00
2.882883310317993164e+00 3.637526512145996094e+00 1.405087828636169434e+00
2.608008861541748047e+00 3.814244508743286133e+00 1.385058879852294922e+00
2.342555761337280273e+00 3.976212501525878906e+00 1.339752316474914551e+00
2.087321519851684570e+00 4.121152400970458984e+00 1.272443652153015137e+00
1.848083019256591797e+00 4.244921684265136719e+00 1.190604209899902344e+00
1.623661041259765625e+00 4.345825672149658203e+00 1.092333793640136719e+00
1.418784022331237793e+00 4.423674106597900391e+00 9.915269613265991211e-01
1.231749296188354492e+00 4.480869293212890625e+00 8.898775577545166016e-01
1.061532139778137207e+00 4.513829708099365234e+00 7.843227386474609375e-01
9.055112004280090332e-01 4.530630111694335938e+00 6.814034581184387207e-01
7.686935067176818848e-01 4.529389381408691406e+00 5.818403363227844238e-01
6.464139223098754883e-01 4.512168407440185547e+00 4.846387803554534912e-01
5.376052260398864746e-01 4.479527473449707031e+00 3.884051740169525146e-01
4.439715743064880371e-01 4.429537296295166016e+00 2.894743680953979492e-01
3.629903495311737061e-01 4.362925052642822266e+00 1.883639544248580933e-01
2.928247153759002686e-01 4.279881477355957031e+00 8.024598658084869385e-02
2.306271940469741821e-01 4.183209419250488281e+00 -3.105814196169376373e-02
1.878125667572021484e-01 4.072242736816406250e+00 -1.447508484125137329e-01
1.506744176149368286e-01 3.942430973052978516e+00 -2.674089670181274414e-01
1.223772764205932617e-01 3.794360876083374023e+00 -3.960634469985961914e-01
1.029835492372512817e-01 3.630580902099609375e+00 -5.320161581039428711e-01
1.017576307058334351e-01 3.452803373336791992e+00 -6.711488962173461914e-01
1.105375960469245911e-01 3.259469032287597656e+00 -8.155097365379333496e-01
1.385054886341094971e-01 3.048254013061523438e+00 -9.707823991775512695e-01
1.828419268131256104e-01 2.824254512786865234e+00 -1.133834958076477051e+00
2.475118339061737061e-01 2.585280656814575195e+00 -1.302036166191101074e+00
3.309870958328247070e-01 2.335020542144775391e+00 -1.475152492523193359e+00
4.347794651985168457e-01 2.074804544448852539e+00 -1.649151444435119629e+00
5.593762397766113281e-01 1.801469087600708008e+00 -1.818664312362670898e+00
7.065565586090087891e-01 1.519330382347106934e+00 -1.975312232971191406e+00
8.754675388336181641e-01 1.226513266563415527e+00 -2.114743232727050781e+00
1.068807721138000488e+00 9.335607290267944336e-01 -2.224431514739990234e+00
1.281939506530761719e+00 6.529541611671447754e-01 -2.301263809204101562e+00
1.505350351333618164e+00 3.960835337638854980e-01 -2.346117258071899414e+00
1.733471155166625977e+00 1.666482836008071899e-01 -2.360618829727172852e+00
1.964206814765930176e+00 -3.942246735095977783e-02 -2.349865674972534180e+00
2.194074153900146484e+00 -2.174952924251556396e-01 -2.313619375228881836e+00
2.419356346130371094e+00 -3.715244531631469727e-01 -2.254285812377929688e+00
2.634383440017700195e+00 -5.010427236557006836e-01 -2.174368619918823242e+00
2.842859268188476562e+00 -6.096606254577636719e-01 -2.066229581832885742e+00
3.040834903717041016e+00 -7.011500000953674316e-01 -1.939477801322937012e+00
3.225134849548339844e+00 -7.719402909278869629e-01 -1.798234820365905762e+00
3.399127006530761719e+00 -8.243128657341003418e-01 -1.645181536674499512e+00
3.562859296798706055e+00 -8.610489368438720703e-01 -1.479566454887390137e+00
3.712674140930175781e+00 -8.828203678131103516e-01 -1.305921554565429688e+00
3.853987932205200195e+00 -8.890205025672912598e-01 -1.123381614685058594e+00
3.980365753173828125e+00 -8.891630768775939941e-01 -9.422572255134582520e-01
4.098819732666015625e+00 -8.847153186798095703e-01 -7.651060223579406738e-01
4.201640605926513672e+00 -8.766067028045654297e-01 -5.959135293960571289e-01
4.294473171234130859e+00 -8.721913695335388184e-01 -4.348978996276855469e-01
4.379958152770996094e+00 -8.740500211715698242e-01 -2.866209149360656738e-01
4.452560901641845703e+00 -8.791581392288208008e-01 -1.497071832418441772e-01
4.520619869232177734e+00 -8.931659460067749023e-01 -2.235134504735469818e-02
4.580636024475097656e+00 -9.142298102378845215e-01 8.906525373458862305e-02
4.629940986633300781e+00 -9.392682313919067383e-01 1.875486224889755249e-01
4.669873714447021484e+00 -9.699592590332031250e-01 2.698522508144378662e-01
4.697831630706787109e+00 -1.001979470252990723e+00 3.330210149288177490e-01
4.711899280548095703e+00 -1.034763097763061523e+00 3.810824453830718994e-01
4.723746776580810547e+00 -1.069741964340209961e+00 4.157862067222595215e-01
4.722846031188964844e+00 -1.107742547988891602e+00 4.384535551071166992e-01
4.714349269866943359e+00 -1.151388287544250488e+00 4.500088095664978027e-01
4.695401668548583984e+00 -1.204113125801086426e+00 4.502246975898742676e-01
4.664081573486328125e+00 -1.270648717880249023e+00 4.369046688079833984e-01
4.617087364196777344e+00 -1.355907797813415527e+00 4.063258767127990723e-01
4.550490856170654297e+00 -1.459615707397460938e+00 3.558097183704376221e-01
4.467627048492431641e+00 -1.578703165054321289e+00 2.813290953636169434e-01
4.369464397430419922e+00 -1.703871607780456543e+00 1.850782036781311035e-01
4.254925251007080078e+00 -1.837409138679504395e+00 6.619545072317123413e-02
4.126977920532226562e+00 -1.980659008026123047e+00 -7.621037960052490234e-02
3.983804702758789062e+00 -2.126554250717163086e+00 -2.425951510667800903e-01
3.832684278488159180e+00 -2.272953510284423828e+00 -4.236175715923309326e-01
3.674117326736450195e+00 -2.415663003921508789e+00 -6.208432316780090332e-01
3.515756845474243164e+00 -2.546243190765380859e+00 -8.229628205299377441e-01
3.357214450836181641e+00 -2.665028810501098633e+00 -1.035206198692321777e+00
3.201692819595336914e+00 -2.772304058074951172e+00 -1.250558137893676758e+00
3.056130170822143555e+00 -2.867377281188964844e+00 -1.466640114784240723e+00
2.922362565994262695e+00 -2.956247091293334961e+00 -1.687628984451293945e+00
2.809698581695556641e+00 -3.037315368652343750e+00 -1.911265730857849121e+00
2.715339899063110352e+00 -3.116150140762329102e+00 -2.138329029083251953e+00
2.643864154815673828e+00 -3.194683790206909180e+00 -2.372505664825439453e+00
2.593038797378540039e+00 -3.276812076568603516e+00 -2.613210678100585938e+00
2.560426235198974609e+00 -3.362534284591674805e+00 -2.855140209197998047e+00
2.540631532669067383e+00 -3.452671289443969727e+00 -3.096803188323974609e+00
2.532351016998291016e+00 -3.546691179275512695e+00 -3.328971862792968750e+00
2.529499530792236328e+00 -3.646051883697509766e+00 -3.556792259216308594e+00
2.529572725296020508e+00 -3.747508764266967773e+00 -3.771375894546508789e+00
2.529668092727661133e+00 -3.853288173675537109e+00 -3.976357936859130859e+00
2.527968883514404297e+00 -3.958624839782714844e+00 -4.162933826446533203e+00
2.524434089660644531e+00 -4.066170692443847656e+00 -4.338687419891357422e+00
2.518927097320556641e+00 -4.171773433685302734e+00 -4.498514175415039062e+00
2.511483907699584961e+00 -4.277183532714843750e+00 -4.645214557647705078e+00
2.501160383224487305e+00 -4.382159233093261719e+00 -4.778081417083740234e+00
2.488464593887329102e+00 -4.481813430786132812e+00 -4.893921375274658203e+00
2.474102973937988281e+00 -4.579063415527343750e+00 -5.001601219177246094e+00
2.457125186920166016e+00 -4.674483299255371094e+00 -5.099971294403076172e+00
2.439373254776000977e+00 -4.766637802124023438e+00 -5.185114860534667969e+00
2.420055866241455078e+00 -4.857079982757568359e+00 -5.262708663940429688e+00
2.400527954101562500e+00 -4.944980621337890625e+00 -5.334419727325439453e+00
2.373758792877197266e+00 -5.031184196472167969e+00 -5.390167713165283203e+00
2.348203420639038086e+00 -5.113597393035888672e+00 -5.440972805023193359e+00
2.319803237915039062e+00 -5.195044040679931641e+00 -5.486032485961914062e+00
2.289879322052001953e+00 -5.274933815002441406e+00 -5.523886680603027344e+00
2.255999565124511719e+00 -5.354074954986572266e+00 -5.555992603302001953e+00
2.221712112426757812e+00 -5.431577205657958984e+00 -5.587023258209228516e+00
2.182403087615966797e+00 -5.506540298461914062e+00 -5.605697154998779297e+00
2.138944149017333984e+00 -5.583348751068115234e+00 -5.617404937744140625e+00
2.092978477478027344e+00 -5.658608913421630859e+00 -5.623456001281738281e+00
2.047145843505859375e+00 -5.731213092803955078e+00 -5.624986171722412109e+00
1.993729114532470703e+00 -5.805759429931640625e+00 -5.619743347167968750e+00
1.939079642295837402e+00 -5.884162425994873047e+00 -5.615207672119140625e+00
1.874685883522033691e+00 -5.962921142578125000e+00 -5.592709541320800781e+00
1.809110283851623535e+00 -6.040079116821289062e+00 -5.567511081695556641e+00
1.742540836334228516e+00 -6.116559505462646484e+00 -5.537642478942871094e+00
1.668330311775207520e+00 -6.201493740081787109e+00 -5.498855113983154297e+00
1.591510534286499023e+00 -6.288070201873779297e+00 -5.454654693603515625e+00
1.510302662849426270e+00 -6.377335071563720703e+00 -5.400602340698242188e+00
1.423723220825195312e+00 -6.469765663146972656e+00 -5.339902400970458984e+00
1.333682894706726074e+00 -6.566560745239257812e+00 -5.271614551544189453e+00
1.240241527557373047e+00 -6.661105155944824219e+00 -5.187094688415527344e+00
1.148801445960998535e+00 -6.755349636077880859e+00 -5.098700046539306641e+00
1.054836511611938477e+00 -6.847711086273193359e+00 -4.994547367095947266e+00
9.669429063796997070e-01 -6.934387683868408203e+00 -4.878186702728271484e+00
8.878940343856811523e-01 -7.011566162109375000e+00 -4.752004146575927734e+00
8.194460272789001465e-01 -7.077801704406738281e+00 -4.617069244384765625e+00
7.664986848831176758e-01 -7.131355285644531250e+00 -4.477370262145996094e+00
7.296274304389953613e-01 -7.169316768646240234e+00 -4.336050033569335938e+00
7.016461491584777832e-01 -7.197695255279541016e+00 -4.184988498687744141e+00
6.852817535400390625e-01 -7.217048168182373047e+00 -4.032502174377441406e+00
6.799674034118652344e-01 -7.228239059448242188e+00 -3.884681940078735352e+00
6.832413673400878906e-01 -7.234294891357421875e+00 -3.739004850387573242e+00
6.947402358055114746e-01 -7.238281250000000000e+00 -3.595880746841430664e+00
7.132648825645446777e-01 -7.239173412322998047e+00 -3.455604791641235352e+00
7.381142973899841309e-01 -7.239809036254882812e+00 -3.317427396774291992e+00
7.682855129241943359e-01 -7.239840030670166016e+00 -3.180510282516479492e+00
8.067057132720947266e-01 -7.239676475524902344e+00 -3.039918899536132812e+00
8.477491736412048340e-01 -7.240231990814208984e+00 -2.899534940719604492e+00
8.982576727867126465e-01 -7.237940311431884766e+00 -2.752653121948242188e+00
9.553123116493225098e-01 -7.234673500061035156e+00 -2.599807024002075195e+00
1.020189404487609863e+00 -7.229137897491455078e+00 -2.436223268508911133e+00
1.093106627464294434e+00 -7.219598293304443359e+00 -2.262559413909912109e+00
1.176620244979858398e+00 -7.202746391296386719e+00 -2.080236196517944336e+00
1.269757866859436035e+00 -7.179479122161865234e+00 -1.888106703758239746e+00
1.371525049209594727e+00 -7.145042896270751953e+00 -1.688533663749694824e+00
1.480179667472839355e+00 -7.097205638885498047e+00 -1.486241221427917480e+00
1.595372080802917480e+00 -7.034282207489013672e+00 -1.282489895820617676e+00
1.717151880264282227e+00 -6.953727722167968750e+00 -1.077723741531372070e+00
1.843235850334167480e+00 -6.860615253448486328e+00 -8.785217404365539551e-01
1.982354402542114258e+00 -6.751499652862548828e+00 -6.759626865386962891e-01
2.133872270584106445e+00 -6.636928558349609375e+00 -4.751372635364532471e-01
2.299715042114257812e+00 -6.516969680786132812e+00 -2.770631611347198486e-01
2.481809616088867188e+00 -6.397489070892333984e+00 -8.231391012668609619e-02
2.681984663009643555e+00 -6.282068729400634766e+00 1.085824668407440186e-01
2.895642280578613281e+00 -6.175709247589111328e+00 2.919836640357971191e-01
3.129951953887939453e+00 -6.077414035797119141e+00 4.717183113098144531e-01
3.380847454071044922e+00 -5.986804485321044922e+00 6.473011374473571777e-01
3.641156673431396484e+00 -5.904747009277343750e+00 8.206887245178222656e-01
3.908233880996704102e+00 -5.833620548248291016e+00 9.908967018127441406e-01
4.177930831909179688e+00 -5.767925739288330078e+00 1.160436987876892090e+00
4.441073417663574219e+00 -5.708653926849365234e+00 1.330562114715576172e+00
4.690016269683837891e+00 -5.655490398406982422e+00 1.501148700714111328e+00
4.926744937896728516e+00 -5.601020812988281250e+00 1.677384257316589355e+00
5.146286010742187500e+00 -5.545602321624755859e+00 1.856527686119079590e+00
5.350919723510742188e+00 -5.485695838928222656e+00 2.041648149490356445e+00
5.534733772277832031e+00 -5.419670104980468750e+00 2.227566242218017578e+00
5.698605537414550781e+00 -5.345496177673339844e+00 2.415828704833984375e+00
5.840410709381103516e+00 -5.261922836303710938e+00 2.599537134170532227e+00
5.960376262664794922e+00 -5.170225143432617188e+00 2.779020547866821289e+00
6.058430194854736328e+00 -5.070046424865722656e+00 2.953278779983520508e+00
6.134469032287597656e+00 -4.963926792144775391e+00 3.112566709518432617e+00
6.190226554870605469e+00 -4.857642650604248047e+00 3.261449337005615234e+00
6.225934982299804688e+00 -4.750902652740478516e+00 3.395397663116455078e+00
6.243388175964355469e+00 -4.645749568939208984e+00 3.515346050262451172e+00
6.244014263153076172e+00 -4.539147377014160156e+00 3.623851537704467773e+00
6.228850841522216797e+00 -4.437301158905029297e+00 3.720180988311767578e+00
6.201187133789062500e+00 -4.338946819305419922e+00 3.801999092102050781e+00
6.160251617431640625e+00 -4.243031978607177734e+00 3.871751308441162109e+00
6.106945037841796875e+00 -4.148055076599121094e+00 3.930979967117309570e+00
6.040439605712890625e+00 -4.054329395294189453e+00 3.979577064514160156e+00
5.958173274993896484e+00 -3.957955837249755859e+00 4.018760204315185547e+00
5.861177444458007812e+00 -3.859559059143066406e+00 4.048236370086669922e+00
5.744267463684082031e+00 -3.757058620452880859e+00 4.073032379150390625e+00
5.608626842498779297e+00 -3.653194189071655273e+00 4.088511943817138672e+00
5.447744846343994141e+00 -3.544776916503906250e+00 4.098223209381103516e+00
5.261566162109375000e+00 -3.435272455215454102e+00 4.103013038635253906e+00
5.042102336883544922e+00 -3.322034597396850586e+00 4.101162433624267578e+00
4.793083190917968750e+00 -3.208737611770629883e+00 4.090336322784423828e+00
4.513958930969238281e+00 -3.093153238296508789e+00 4.067153930664062500e+00
4.212494850158691406e+00 -2.976346969604492188e+00 4.025434494018554688e+00
3.900154352188110352e+00 -2.859283924102783203e+00 3.965204477310180664e+00
3.570167779922485352e+00 -2.738205432891845703e+00 3.882737159729003906e+00
3.241119861602783203e+00 -2.614573240280151367e+00 3.784868478775024414e+00
2.922702074050903320e+00 -2.500222921371459961e+00 3.675766468048095703e+00
2.606449365615844727e+00 -2.397770404815673828e+00 3.564535617828369141e+00
2.288394689559936523e+00 -2.313411474227905273e+00 3.443003892898559570e+00
1.972082138061523438e+00 -2.251041173934936523e+00 3.302881002426147461e+00
1.663105368614196777e+00 -2.211357355117797852e+00 3.131720542907714844e+00
1.370698571205139160e+00 -2.195765972137451172e+00 2.929245471954345703e+00
1.112380743026733398e+00 -2.211075544357299805e+00 2.702944755554199219e+00
8.872154355049133301e-01 -2.250051975250244141e+00 2.461305141448974609e+00
7.028880715370178223e-01 -2.306654453277587891e+00 2.226264715194702148e+00
5.563401579856872559e-01 -2.369193792343139648e+00 2.009658336639404297e+00
4.407807588577270508e-01 -2.432405233383178711e+00 1.820306420326232910e+00
3.519898355007171631e-01 -2.493318796157836914e+00 1.658705472946166992e+00
2.844967842102050781e-01 -2.551045656204223633e+00 1.518718719482421875e+00
2.372916042804718018e-01 -2.606305122375488281e+00 1.400194764137268066e+00
2.026062756776809692e-01 -2.657913446426391602e+00 1.297960281372070312e+00
1.823179125785827637e-01 -2.709164619445800781e+00 1.208848834037780762e+00
1.758138239383697510e-01 -2.759486913681030273e+00 1.128865957260131836e+00
1.820476502180099487e-01 -2.811613082885742188e+00 1.054743170738220215e+00
2.017077058553695679e-01 -2.867120265960693359e+00 9.847230911254882812e-01
2.350234240293502808e-01 -2.926794290542602539e+00 9.150106906890869141e-01
2.866814136505126953e-01 -2.991815567016601562e+00 8.484194278717041016e-01
3.563303947448730469e-01 -3.064237356185913086e+00 7.786983847618103027e-01
4.484974741935729980e-01 -3.143154144287109375e+00 7.128617167472839355e-01
5.664137601852416992e-01 -3.228015899658203125e+00 6.498130559921264648e-01
7.114695310592651367e-01 -3.317722320556640625e+00 5.920274853706359863e-01
8.854770660400390625e-01 -3.405698299407958984e+00 5.433637499809265137e-01
1.086715340614318848e+00 -3.485327720642089844e+00 5.118915438652038574e-01
1.309402942657470703e+00 -3.549435377120971680e+00 4.993512928485870361e-01
1.538874030113220215e+00 -3.587146282196044922e+00 5.116632580757141113e-01
1.774899244308471680e+00 -3.597163915634155273e+00 5.479393005371093750e-01
2.003769636154174805e+00 -3.578442811965942383e+00 6.052489280700683594e-01
2.218454360961914062e+00 -3.524569749832153320e+00 6.855607628822326660e-01
2.410145759582519531e+00 -3.447805881500244141e+00 7.767487764358520508e-01
2.577947616577148438e+00 -3.348869562149047852e+00 8.754856586456298828e-01
2.718027353286743164e+00 -3.232147455215454102e+00 9.783793091773986816e-01
2.831516504287719727e+00 -3.109799385070800781e+00 1.078209996223449707e+00
2.919049978256225586e+00 -2.985093355178833008e+00 1.174183011054992676e+00
2.988593101501464844e+00 -2.860043287277221680e+00 1.266557931900024414e+00
3.039381980895996094e+00 -2.738581895828247070e+00 1.354904770851135254e+00
3.076041698455810547e+00 -2.622610569000244141e+00 1.441829800605773926e+00
3.096882343292236328e+00 -2.504713058471679688e+00 1.535614967346191406e+00
3.100779533386230469e+00 -2.386800050735473633e+00 1.637526869773864746e+00
3.091163873672485352e+00 -2.267149209976196289e+00 1.751956105232238770e+00
3.058876514434814453e+00 -2.139957666397094727e+00 1.881000638008117676e+00
3.003566980361938477e+00 -2.003206968307495117e+00 2.024131774902343750e+00
2.925713300704956055e+00 -1.851420164108276367e+00 2.179735183715820312e+00
2.815351963043212891e+00 -1.683169722557067871e+00 2.344019174575805664e+00
2.673263788223266602e+00 -1.499139904975891113e+00 2.511151075363159180e+00
2.497341632843017578e+00 -1.308346629142761230e+00 2.674938201904296875e+00
2.287710428237915039e+00 -1.114428997039794922e+00 2.831035375595092773e+00
2.052502870559692383e+00 -9.279422163963317871e-01 2.973144769668579102e+00
1.801797986030578613e+00 -7.511121630668640137e-01 3.096975326538085938e+00
1.535307049751281738e+00 -5.793153643608093262e-01 3.213685750961303711e+00
1.254075407981872559e+00 -4.176128804683685303e-01 3.325021505355834961e+00
9.518344402313232422e-01 -2.619296610355377197e-01 3.434225559234619141e+00
6.264038681983947754e-01 -1.147357076406478882e-01 3.543001174926757812e+00
2.903208434581756592e-01 1.800037361681461334e-02 3.648372411727905273e+00
-5.125956982374191284e-02 1.340468525886535645e-01 3.749701023101806641e+00
-3.694751560688018799e-01 2.273529022932052612e-01 3.842275857925415039e+00
-6.863738894462585449e-01 3.054055273532867432e-01 3.934543371200561523e+00
-9.849007129669189453e-01 3.647873699665069580e-01 4.025228500366210938e+00
-1.268332481384277344e+00 4.127534925937652588e-01 4.115756034851074219e+00
-1.519891619682312012e+00 4.511988759040832520e-01 4.201042652130126953e+00
-1.764101028442382812e+00 4.848904013633728027e-01 4.289582729339599609e+00
-1.993649840354919434e+00 5.162060856819152832e-01 4.378524303436279297e+00
-2.208280086517333984e+00 5.465857982635498047e-01 4.466191291809082031e+00
-2.415196180343627930e+00 5.790749788284301758e-01 4.555095672607421875e+00
-2.605721712112426758e+00 6.145216822624206543e-01 4.641358852386474609e+00
-2.784425973892211914e+00 6.539756059646606445e-01 4.724869728088378906e+00
-2.948962450027465820e+00 6.990413665771484375e-01 4.805972576141357422e+00
-3.100921869277954102e+00 7.509302496910095215e-01 4.883920669555664062e+00
-3.250239849090576172e+00 8.079220652580261230e-01 4.961481571197509766e+00
-3.385282039642333984e+00 8.693375587463378906e-01 5.034990310668945312e+00
-3.514136314392089844e+00 9.377200603485107422e-01 5.107058048248291016e+00
-3.636355876922607422e+00 1.013071894645690918e+00 5.176760196685791016e+00
-3.744713783264160156e+00 1.090991497039794922e+00 5.240947723388671875e+00
-3.851927280426025391e+00 1.178134441375732422e+00 5.306094646453857422e+00
-3.949869632720947266e+00 1.271789550781250000e+00 5.368034839630126953e+00
-4.039509296417236328e+00 1.371204972267150879e+00 5.426838874816894531e+00
-4.121577262878417969e+00 1.476691126823425293e+00 5.483011722564697266e+00
-4.198618412017822266e+00 1.586295366287231445e+00 5.536192417144775391e+00
-4.269774913787841797e+00 1.696883201599121094e+00 5.587961673736572266e+00
-4.335255146026611328e+00 1.810781955718994141e+00 5.637086391448974609e+00
-4.396119117736816406e+00 1.918403387069702148e+00 5.683039188385009766e+00
-4.452392578125000000e+00 2.036055326461791992e+00 5.727547168731689453e+00
-4.505109310150146484e+00 2.153672695159912109e+00 5.770425319671630859e+00
-4.555866241455078125e+00 2.273776531219482422e+00 5.811501502990722656e+00
-4.603817462921142578e+00 2.391146183013916016e+00 5.850543975830078125e+00
-4.650584220886230469e+00 2.511356115341186523e+00 5.888249874114990234e+00
-4.694904327392578125e+00 2.633550882339477539e+00 5.924313068389892578e+00
-4.740912914276123047e+00 2.756075859069824219e+00 5.961604595184326172e+00
-4.784624099731445312e+00 2.881317853927612305e+00 5.996012687683105469e+00
-4.829464912414550781e+00 3.006177186965942383e+00 6.030640602111816406e+00
-4.873382091522216797e+00 3.135754346847534180e+00 6.062446594238281250e+00
-4.919052600860595703e+00 3.266398429870605469e+00 6.093302249908447266e+00
-4.963891983032226562e+00 3.398544549942016602e+00 6.123220443725585938e+00
-5.009188175201416016e+00 3.527466058731079102e+00 6.151111125946044922e+00
-5.054961204528808594e+00 3.661456108093261719e+00 6.178138732910156250e+00
-5.100778579711914062e+00 3.792126417160034180e+00 6.210471630096435547e+00
-5.149344921112060547e+00 3.919435501098632812e+00 6.234828948974609375e+00
-5.184202671051025391e+00 4.047160625457763672e+00 6.260830402374267578e+00
-5.226221084594726562e+00 4.168813705444335938e+00 6.275716781616210938e+00
-5.277698516845703125e+00 4.284362316131591797e+00 6.287021160125732422e+00
-5.318437576293945312e+00 4.384409904479980469e+00 6.315345287322998047e+00
-5.281904697418212891e+00 4.518083095550537109e+00 6.312439441680908203e+00
-5.249585628509521484e+00 4.633776664733886719e+00 6.291473865509033203e+00
-5.323900699615478516e+00 4.708636283874511719e+00 6.499462127685546875e+00
-5.373037815093994141e+00 4.788059711456298828e+00 6.537448406219482422e+00
-5.417727470397949219e+00 4.861536979675292969e+00 6.564921379089355469e+00
-5.727077484130859375e+00 4.837264537811279297e+00 6.496449947357177734e+00
-5.477939605712890625e+00 4.993298530578613281e+00 6.579408645629882812e+00
-5.852443695068359375e+00 4.948652267456054688e+00 6.325220584869384766e+00
-5.879197120666503906e+00 5.018929004669189453e+00 6.208616256713867188e+00
-5.867669582366943359e+00 5.094011783599853516e+00 6.079523086547851562e+00
-5.844490528106689453e+00 5.170901298522949219e+00 5.990918159484863281e+00
-5.839049816131591797e+00 5.242870330810546875e+00 5.941806316375732422e+00
-5.838789463043212891e+00 5.317819595336914062e+00 5.902297973632812500e+00
-5.255923271179199219e+00 5.498268127441406250e+00 6.121555328369140625e+00
-5.250878810882568359e+00 5.565758705139160156e+00 6.136641025543212891e+00
-5.246402740478515625e+00 5.627757549285888672e+00 6.152983665466308594e+00
-5.503160476684570312e+00 5.687674999237060547e+00 5.877997875213623047e+00
-5.824161529541015625e+00 5.693449020385742188e+00 5.842632770538330078e+00
-5.788162231445312500e+00 5.786274433135986328e+00 5.846238613128662109e+00
-5.755154609680175781e+00 5.880341053009033203e+00 5.863755702972412109e+00
-5.699406147003173828e+00 5.976698398590087891e+00 5.907789230346679688e+00
-5.629813671112060547e+00 6.069322586059570312e+00 5.963426589965820312e+00
-5.544755458831787109e+00 6.155279159545898438e+00 6.048761367797851562e+00
-5.468894481658935547e+00 6.211273670196533203e+00 6.175613403320312500e+00
-5.333609580993652344e+00 6.058262348175048828e+00 6.595782756805419922e+00
-5.486224651336669922e+00 6.340275764465332031e+00 6.284906387329101562e+00
-5.506227970123291016e+00 6.395758628845214844e+00 6.342822551727294922e+00
-5.450817108154296875e+00 6.134591102600097656e+00 6.790875434875488281e+00
-5.491610050201416016e+00 6.154185771942138672e+00 6.853856563568115234e+00
-5.579286575317382812e+00 6.546126365661621094e+00 6.542203903198242188e+00
-5.620693206787109375e+00 6.568986415863037109e+00 6.630673885345458984e+00
-5.643735408782958984e+00 6.586093425750732422e+00 6.728600025177001953e+00
-5.679031372070312500e+00 6.596073150634765625e+00 6.817584514617919922e+00
-5.768729686737060547e+00 6.183808326721191406e+00 7.135602951049804688e+00
-5.841711521148681641e+00 6.183580398559570312e+00 7.168608188629150391e+00
-5.840665817260742188e+00 6.575889110565185547e+00 7.040740489959716797e+00
-5.992761135101318359e+00 6.161754608154296875e+00 7.224972248077392578e+00
-5.970875740051269531e+00 6.596018791198730469e+00 7.101478576660156250e+00
-6.043437957763671875e+00 6.578846454620361328e+00 7.141526222229003906e+00
-6.238355636596679688e+00 6.126849651336669922e+00 7.232966423034667969e+00
-6.318869590759277344e+00 6.140374183654785156e+00 7.224723815917968750e+00
-6.284792900085449219e+00 6.491173267364501953e+00 7.197891235351562500e+00
-6.378666400909423828e+00 6.434026718139648438e+00 7.199853420257568359e+00
-6.536273002624511719e+00 6.135937690734863281e+00 7.124627590179443359e+00
-6.607586860656738281e+00 6.154513359069824219e+00 7.072198390960693359e+00
-6.673567771911621094e+00 6.162631988525390625e+00 7.008910655975341797e+00
-6.740568161010742188e+00 6.148092746734619141e+00 6.915669918060302734e+00
-6.795661926269531250e+00 6.157992362976074219e+00 6.821135997772216797e+00
-6.839341163635253906e+00 6.185766220092773438e+00 6.721817970275878906e+00
-6.904168128967285156e+00 6.226355552673339844e+00 6.698503494262695312e+00
-6.934711933135986328e+00 6.244530200958251953e+00 6.531992912292480469e+00
-6.952296257019042969e+00 6.303248882293701172e+00 6.440508365631103516e+00
-6.940772056579589844e+00 6.381633758544921875e+00 6.310637950897216797e+00
-6.920234680175781250e+00 6.480234146118164062e+00 6.225044727325439453e+00
-6.950898647308349609e+00 6.563076496124267578e+00 6.203723430633544922e+00
-6.922646999359130859e+00 6.678844928741455078e+00 6.150993824005126953e+00
-6.875705242156982422e+00 6.819890499114990234e+00 6.134266376495361328e+00
-6.868529319763183594e+00 6.935998439788818359e+00 6.146884918212890625e+00
-6.888396739959716797e+00 7.041457176208496094e+00 6.189498424530029297e+00
-6.950300216674804688e+00 7.118391036987304688e+00 6.225279808044433594e+00
-6.968838214874267578e+00 7.219506263732910156e+00 6.291041851043701172e+00
-7.076391220092773438e+00 7.269732952117919922e+00 6.348567485809326172e+00
-7.144330024719238281e+00 7.343930244445800781e+00 6.410876750946044922e+00
-7.205883026123046875e+00 7.416384220123291016e+00 6.454681396484375000e+00
-7.249145507812500000e+00 7.504237174987792969e+00 6.500751495361328125e+00
-7.309602260589599609e+00 7.585385322570800781e+00 6.536535263061523438e+00
-7.367632389068603516e+00 7.672091484069824219e+00 6.578234195709228516e+00
-7.431241989135742188e+00 7.759039402008056641e+00 6.606156349182128906e+00
-7.499767303466796875e+00 7.851833820343017578e+00 6.635996818542480469e+00
-7.572152137756347656e+00 7.949728488922119141e+00 6.665291309356689453e+00
-7.653033733367919922e+00 8.049834251403808594e+00 6.693413734436035156e+00
-7.731112957000732422e+00 8.163490295410156250e+00 6.718458652496337891e+00
-7.817909240722656250e+00 8.277157783508300781e+00 6.751808643341064453e+00
-7.903972148895263672e+00 8.395777702331542969e+00 6.787074565887451172e+00
-7.995476245880126953e+00 8.518588066101074219e+00 6.820459842681884766e+00
-8.088063240051269531e+00 8.643405914306640625e+00 6.854033470153808594e+00
-8.178860664367675781e+00 8.760798454284667969e+00 6.884665966033935547e+00
-8.267408370971679688e+00 8.882447242736816406e+00 6.916308879852294922e+00
-8.355358123779296875e+00 8.997086524963378906e+00 6.946443080902099609e+00
-8.444296836853027344e+00 9.107645988464355469e+00 6.977938175201416016e+00
-8.545467376708984375e+00 9.222340583801269531e+00 7.011065483093261719e+00
2.813888072967529297e+00 -8.689333915710449219e+00 -7.671557068824768066e-01
2.856553554534912109e+00 -8.616983413696289062e+00 -6.250546574592590332e-01
2.900023221969604492e+00 -8.554432868957519531e+00 -4.817374050617218018e-01
2.948720455169677734e+00 -8.494256019592285156e+00 -3.239069581031799316e-01
3.004796028137207031e+00 -8.428474426269531250e+00 -1.423466056585311890e-01
3.070303440093994141e+00 -8.355183601379394531e+00 6.615575402975082397e-02
3.150268793106079102e+00 -8.273114204406738281e+00 3.014455437660217285e-01
3.245062589645385742e+00 -8.183309555053710938e+00 5.534826517105102539e-01
3.356180429458618164e+00 -8.088895797729492188e+00 8.147063255310058594e-01
3.484194993972778320e+00 -7.989310741424560547e+00 1.081003665924072266e+00
3.628805875778198242e+00 -7.883905887603759766e+00 1.347616791725158691e+00
3.793453454971313477e+00 -7.769554615020751953e+00 1.616085886955261230e+00
3.977641344070434570e+00 -7.644281864166259766e+00 1.887240290641784668e+00
4.177203178405761719e+00 -7.505068302154541016e+00 2.159113883972167969e+00
4.391840934753417969e+00 -7.346244812011718750e+00 2.430775642395019531e+00
4.619134426116943359e+00 -7.167253971099853516e+00 2.700981855392456055e+00
4.853477954864501953e+00 -6.966372966766357422e+00 2.966618537902832031e+00
5.092048645019531250e+00 -6.746323108673095703e+00 3.226669311523437500e+00
5.323898315429687500e+00 -6.514873027801513672e+00 3.477609157562255859e+00
5.537775993347167969e+00 -6.285707473754882812e+00 3.713943958282470703e+00
5.732881069183349609e+00 -6.063421249389648438e+00 3.938784360885620117e+00
5.897560596466064453e+00 -5.865832328796386719e+00 4.142039775848388672e+00
6.035007476806640625e+00 -5.688051700592041016e+00 4.332168102264404297e+00
6.145137310028076172e+00 -5.528059482574462891e+00 4.511250495910644531e+00
6.226606369018554688e+00 -5.390763759613037109e+00 4.681617259979248047e+00
6.286443233489990234e+00 -5.267364025115966797e+00 4.844229698181152344e+00
6.323982715606689453e+00 -5.163630962371826172e+00 4.991056442260742188e+00
6.345198154449462891e+00 -5.068290233612060547e+00 5.137981414794921875e+00
6.349901199340820312e+00 -4.981897830963134766e+00 5.278238296508789062e+00
6.344445228576660156e+00 -4.903493404388427734e+00 5.410614013671875000e+00
6.324665546417236328e+00 -4.830982208251953125e+00 5.539617061614990234e+00
6.295310497283935547e+00 -4.762520790100097656e+00 5.664454460144042969e+00
6.254053592681884766e+00 -4.697956562042236328e+00 5.784749031066894531e+00
6.203233242034912109e+00 -4.636332988739013672e+00 5.902294158935546875e+00
6.142480850219726562e+00 -4.576604843139648438e+00 6.018105506896972656e+00
6.069981098175048828e+00 -4.518020153045654297e+00 6.133119106292724609e+00
5.990215778350830078e+00 -4.462509632110595703e+00 6.242177963256835938e+00
5.897794246673583984e+00 -4.406566619873046875e+00 6.353048324584960938e+00
5.796035289764404297e+00 -4.352397918701171875e+00 6.460356235504150391e+00
5.685827732086181641e+00 -4.300451755523681641e+00 6.565549850463867188e+00
5.567025661468505859e+00 -4.249366760253906250e+00 6.667076110839843750e+00
5.433677196502685547e+00 -4.199697971343994141e+00 6.767904758453369141e+00
5.294567584991455078e+00 -4.152722358703613281e+00 6.861139774322509766e+00
5.140906810760498047e+00 -4.105040550231933594e+00 6.952759265899658203e+00
4.974377632141113281e+00 -4.058253288269042969e+00 7.038929462432861328e+00
4.800436019897460938e+00 -4.012695312500000000e+00 7.118667125701904297e+00
4.610904216766357422e+00 -3.964071750640869141e+00 7.193850517272949219e+00
4.409671306610107422e+00 -3.915253162384033203e+00 7.261387348175048828e+00
4.191723346710205078e+00 -3.862371683120727539e+00 7.322295188903808594e+00
3.972368240356445312e+00 -3.807443380355834961e+00 7.370974540710449219e+00
3.725533008575439453e+00 -3.742726564407348633e+00 7.408967018127441406e+00
3.465968370437622070e+00 -3.669151306152343750e+00 7.433387279510498047e+00
3.192937374114990234e+00 -3.585959434509277344e+00 7.438356876373291016e+00
2.902011156082153320e+00 -3.491325616836547852e+00 7.423614501953125000e+00
2.603799581527709961e+00 -3.389135360717773438e+00 7.384719371795654297e+00
2.294733762741088867e+00 -3.280199527740478516e+00 7.320483684539794922e+00
1.975832700729370117e+00 -3.166944742202758789e+00 7.227741241455078125e+00
1.655508518218994141e+00 -3.053641080856323242e+00 7.109145164489746094e+00
1.329195737838745117e+00 -2.941179752349853516e+00 6.961726665496826172e+00
1.006197214126586914e+00 -2.834447622299194336e+00 6.789748668670654297e+00
6.834143400192260742e-01 -2.732942819595336914e+00 6.595046043395996094e+00
3.692746460437774658e-01 -2.641247510910034180e+00 6.380492687225341797e+00
6.158159673213958740e-02 -2.562574625015258789e+00 6.149330615997314453e+00
-2.444981932640075684e-01 -2.494863510131835938e+00 5.897558212280273438e+00
-5.423192977905273438e-01 -2.444963932037353516e+00 5.631563663482666016e+00
-8.158953189849853516e-01 -2.409820795059204102e+00 5.370680809020996094e+00
-1.080935478210449219e+00 -2.386805295944213867e+00 5.104625225067138672e+00
-1.315981626510620117e+00 -2.381296634674072266e+00 4.853213787078857422e+00
-1.528787493705749512e+00 -2.390809297561645508e+00 4.614927768707275391e+00
-1.713286519050598145e+00 -2.405562639236450195e+00 4.400723934173583984e+00
-1.869586348533630371e+00 -2.426677703857421875e+00 4.206599712371826172e+00
-2.002162218093872070e+00 -2.455842256546020508e+00 4.033611297607421875e+00
-2.116805791854858398e+00 -2.488455057144165039e+00 3.878400564193725586e+00
-2.208309412002563477e+00 -2.526456832885742188e+00 3.740177869796752930e+00
-2.286400079727172852e+00 -2.568894624710083008e+00 3.620531558990478516e+00
-2.351378679275512695e+00 -2.616459608078002930e+00 3.504626750946044922e+00
-2.397340536117553711e+00 -2.669014692306518555e+00 3.402324914932250977e+00
-2.426715373992919922e+00 -2.727446079254150391e+00 3.309428453445434570e+00
-2.438780307769775391e+00 -2.790905714035034180e+00 3.223055124282836914e+00
-2.424203634262084961e+00 -2.863743066787719727e+00 3.144984483718872070e+00
-2.389732599258422852e+00 -2.947329521179199219e+00 3.076003313064575195e+00
-2.335041999816894531e+00 -3.043340921401977539e+00 3.013774156570434570e+00
-2.256251811981201172e+00 -3.157553434371948242e+00 2.957778930664062500e+00
-2.158214092254638672e+00 -3.289299964904785156e+00 2.906174898147583008e+00
-2.041521310806274414e+00 -3.436882972717285156e+00 2.856243133544921875e+00
-1.909027695655822754e+00 -3.603101015090942383e+00 2.796674728393554688e+00
-1.754957199096679688e+00 -3.786130428314208984e+00 2.731331825256347656e+00
-1.580753445625305176e+00 -3.983837366104125977e+00 2.649526596069335938e+00
-1.389839649200439453e+00 -4.185696601867675781e+00 2.557447195053100586e+00
-1.175224900245666504e+00 -4.389602661132812500e+00 2.458868980407714844e+00
-9.484168887138366699e-01 -4.584102153778076172e+00 2.367565155029296875e+00
-7.137671113014221191e-01 -4.767840862274169922e+00 2.294690132141113281e+00
-4.746212959289550781e-01 -4.939848899841308594e+00 2.251255750656127930e+00
-2.338188886642456055e-01 -5.105612277984619141e+00 2.241518020629882812e+00
1.869802013970911503e-03 -5.268795967102050781e+00 2.271848678588867188e+00
2.305549085140228271e-01 -5.428272247314453125e+00 2.344880342483520508e+00
4.468459188938140869e-01 -5.582865715026855469e+00 2.460537195205688477e+00
6.456933617591857910e-01 -5.726073741912841797e+00 2.615995883941650391e+00
8.234776854515075684e-01 -5.856165885925292969e+00 2.802210569381713867e+00
9.760934114456176758e-01 -5.968761920928955078e+00 3.017717838287353516e+00
1.104327321052551270e+00 -6.069134235382080078e+00 3.257004976272583008e+00
1.209797382354736328e+00 -6.151999473571777344e+00 3.507053852081298828e+00
1.296899557113647461e+00 -6.223336219787597656e+00 3.772990465164184570e+00
1.368731498718261719e+00 -6.280558109283447266e+00 4.040897846221923828e+00
1.430119395256042480e+00 -6.325363636016845703e+00 4.309093952178955078e+00
1.487465977668762207e+00 -6.357407093048095703e+00 4.571380138397216797e+00
1.541981816291809082e+00 -6.377380371093750000e+00 4.827439308166503906e+00
1.596801280975341797e+00 -6.389368534088134766e+00 5.074568748474121094e+00
1.650882005691528320e+00 -6.393440723419189453e+00 5.310443401336669922e+00
1.703891754150390625e+00 -6.393043041229248047e+00 5.527057170867919922e+00
1.759852886199951172e+00 -6.388339996337890625e+00 5.729382038116455078e+00
1.817636966705322266e+00 -6.380899429321289062e+00 5.917538642883300781e+00
1.872879505157470703e+00 -6.371795654296875000e+00 6.087420463562011719e+00
1.925035834312438965e+00 -6.361753463745117188e+00 6.241530418395996094e+00
1.980007886886596680e+00 -6.351001262664794922e+00 6.382404327392578125e+00
2.033045768737792969e+00 -6.340335369110107422e+00 6.509435653686523438e+00
2.083923816680908203e+00 -6.329510211944580078e+00 6.626981258392333984e+00
2.135716915130615234e+00 -6.318732738494873047e+00 6.733150482177734375e+00
2.186218261718750000e+00 -6.307641506195068359e+00 6.832929134368896484e+00
2.230937480926513672e+00 -6.296458244323730469e+00 6.926034927368164062e+00
2.273723840713500977e+00 -6.284164905548095703e+00 7.015403747558593750e+00
2.309193372726440430e+00 -6.271074771881103516e+00 7.097467422485351562e+00
2.335417509078979492e+00 -6.258211135864257812e+00 7.176862716674804688e+00
2.353391885757446289e+00 -6.247220039367675781e+00 7.254053115844726562e+00
2.357732534408569336e+00 -6.235356330871582031e+00 7.326785564422607422e+00
2.349087476730346680e+00 -6.224329471588134766e+00 7.398591995239257812e+00
2.336896896362304688e+00 -6.214677810668945312e+00 7.470855236053466797e+00
2.309607028961181641e+00 -6.205238342285156250e+00 7.541458606719970703e+00
2.273971080780029297e+00 -6.198974609375000000e+00 7.614830970764160156e+00
2.227845907211303711e+00 -6.193465709686279297e+00 7.690715789794921875e+00
2.168635129928588867e+00 -6.187367916107177734e+00 7.768694877624511719e+00
2.101041555404663086e+00 -6.179779052734375000e+00 7.851743221282958984e+00
2.026785612106323242e+00 -6.169442653656005859e+00 7.942976474761962891e+00
1.953179478645324707e+00 -6.154711723327636719e+00 8.045505523681640625e+00
1.869530200958251953e+00 -6.135544300079345703e+00 8.154006004333496094e+00
1.783619403839111328e+00 -6.111897468566894531e+00 8.273134231567382812e+00
1.696335673332214355e+00 -6.084168434143066406e+00 8.396729469299316406e+00
1.612419605255126953e+00 -6.053608894348144531e+00 8.521551132202148438e+00
1.532339453697204590e+00 -6.020766735076904297e+00 8.643527984619140625e+00
1.458784461021423340e+00 -5.986431121826171875e+00 8.759148597717285156e+00
1.390869855880737305e+00 -5.949230194091796875e+00 8.872673034667968750e+00
1.331912398338317871e+00 -5.906805515289306641e+00 8.990205764770507812e+00
9.900653958320617676e-01 -1.133757114410400391e+01 3.414451181888580322e-01
9.228776693344116211e-01 -1.131629753112792969e+01 2.052956670522689819e-01
8.586555123329162598e-01 -1.128940677642822266e+01 7.913701236248016357e-02
7.949707508087158203e-01 -1.125827789306640625e+01 -5.041971802711486816e-02
7.313478589057922363e-01 -1.122719001770019531e+01 -1.791384220123291016e-01
6.629703640937805176e-01 -1.119146633148193359e+01 -3.220406472682952881e-01
5.913074016571044922e-01 -1.115176200866699219e+01 -4.759682118892669678e-01
5.183564424514770508e-01 -1.110960197448730469e+01 -6.351044774055480957e-01
4.436401128768920898e-01 -1.106440925598144531e+01 -7.975394725799560547e-01
3.689370751380920410e-01 -1.101597881317138672e+01 -9.662500023841857910e-01
2.937781512737274170e-01 -1.096578502655029297e+01 -1.132506012916564941e+00
2.180064767599105835e-01 -1.091303539276123047e+01 -1.299176454544067383e+00
1.421815454959869385e-01 -1.085737991333007812e+01 -1.465596675872802734e+00
6.614361703395843506e-02 -1.079787635803222656e+01 -1.629338979721069336e+00
-1.023892965167760849e-02 -1.073571014404296875e+01 -1.792182803153991699e+00
-8.407713472843170166e-02 -1.066994953155517578e+01 -1.950860500335693359e+00
-1.594474166631698608e-01 -1.059906959533691406e+01 -2.112343072891235352e+00
-2.329359799623489380e-01 -1.052115058898925781e+01 -2.272942066192626953e+00
-3.049915134906768799e-01 -1.043855190277099609e+01 -2.431730985641479492e+00
-3.762046694755554199e-01 -1.035188961029052734e+01 -2.584398031234741211e+00
-4.425509274005889893e-01 -1.025814056396484375e+01 -2.736705303192138672e+00
-5.046486258506774902e-01 -1.015686607360839844e+01 -2.886658668518066406e+00
-5.626006126403808594e-01 -1.004856967926025391e+01 -3.034422874450683594e+00
-6.154138445854187012e-01 -9.931964874267578125e+00 -3.179647922515869141e+00
-6.630450487136840820e-01 -9.808837890625000000e+00 -3.319637775421142578e+00
-7.056142687797546387e-01 -9.678498268127441406e+00 -3.454145193099975586e+00
-7.457425594329833984e-01 -9.538742065429687500e+00 -3.586899518966674805e+00
-7.832559347152709961e-01 -9.390665054321289062e+00 -3.714054107666015625e+00
-8.184560537338256836e-01 -9.241715431213378906e+00 -3.827792406082153320e+00
-8.533873558044433594e-01 -9.087021827697753906e+00 -3.934993028640747070e+00
-8.897285461425781250e-01 -8.929858207702636719e+00 -4.032725811004638672e+00
-9.262758493423461914e-01 -8.772990226745605469e+00 -4.117293357849121094e+00
-9.646754860877990723e-01 -8.615457534790039062e+00 -4.188787460327148438e+00
-1.005509257316589355e+00 -8.462989807128906250e+00 -4.249296665191650391e+00
-1.044862508773803711e+00 -8.318089485168457031e+00 -4.298976421356201172e+00
-1.086908102035522461e+00 -8.175606727600097656e+00 -4.326606273651123047e+00
-1.128499627113342285e+00 -8.041653633117675781e+00 -4.348772525787353516e+00
-1.169208407402038574e+00 -7.915500164031982422e+00 -4.362327098846435547e+00
-1.207715630531311035e+00 -7.796266078948974609e+00 -4.361733913421630859e+00
-1.245904326438903809e+00 -7.684625148773193359e+00 -4.358219623565673828e+00
-1.281506896018981934e+00 -7.577704906463623047e+00 -4.342521667480468750e+00
-1.313061714172363281e+00 -7.479975223541259766e+00 -4.321092605590820312e+00
-1.339894294738769531e+00 -7.390354633331298828e+00 -4.285871982574462891e+00
-1.362901210784912109e+00 -7.309514045715332031e+00 -4.246029376983642578e+00
-1.379944086074829102e+00 -7.239410877227783203e+00 -4.200873374938964844e+00
-1.394481658935546875e+00 -7.173176765441894531e+00 -4.144951343536376953e+00
-1.403948903083801270e+00 -7.116296768188476562e+00 -4.081613063812255859e+00
-1.408567786216735840e+00 -7.066642284393310547e+00 -4.008646965026855469e+00
-1.408526778221130371e+00 -7.025698661804199219e+00 -3.927795171737670898e+00
-1.404234647750854492e+00 -6.991943359375000000e+00 -3.835595607757568359e+00
-1.399077773094177246e+00 -6.959661483764648438e+00 -3.736517190933227539e+00
-1.387662172317504883e+00 -6.938134670257568359e+00 -3.627980947494506836e+00
-1.373012065887451172e+00 -6.923045635223388672e+00 -3.504256963729858398e+00
-1.357995748519897461e+00 -6.907416820526123047e+00 -3.368563652038574219e+00
-1.338433623313903809e+00 -6.900126934051513672e+00 -3.216675996780395508e+00
-1.318302392959594727e+00 -6.893904209136962891e+00 -3.045636653900146484e+00
-1.297204971313476562e+00 -6.888207435607910156e+00 -2.850735425949096680e+00
-1.275851607322692871e+00 -6.887809276580810547e+00 -2.633829355239868164e+00
-1.253264784812927246e+00 -6.890200138092041016e+00 -2.390386104583740234e+00
-1.227525353431701660e+00 -6.901603698730468750e+00 -2.121188640594482422e+00
-1.199841618537902832e+00 -6.918461322784423828e+00 -1.834136128425598145e+00
-1.167421579360961914e+00 -6.941531181335449219e+00 -1.526441335678100586e+00
-1.128433942794799805e+00 -6.970947265625000000e+00 -1.208430647850036621e+00
-1.077160716056823730e+00 -7.007562637329101562e+00 -8.789001107215881348e-01
-1.008813023567199707e+00 -7.049221515655517578e+00 -5.511589646339416504e-01
-9.144374132156372070e-01 -7.099257469177246094e+00 -2.334417402744293213e-01
-7.905663251876831055e-01 -7.161931037902832031e+00 6.360868364572525024e-02
-6.353374719619750977e-01 -7.240998744964599609e+00 3.455456495285034180e-01
-4.492569267749786377e-01 -7.332904338836669922e+00 6.125078201293945312e-01
-2.346691638231277466e-01 -7.435875892639160156e+00 8.731617927551269531e-01
9.829495102167129517e-03 -7.547460079193115234e+00 1.136779189109802246e+00
2.751043736934661865e-01 -7.658915519714355469e+00 1.398542523384094238e+00
5.586933493614196777e-01 -7.763473510742187500e+00 1.665360450744628906e+00
8.546857833862304688e-01 -7.853533267974853516e+00 1.927896142005920410e+00
1.158618927001953125e+00 -7.919746875762939453e+00 2.181839942932128906e+00
1.473160266876220703e+00 -7.956163406372070312e+00 2.430595159530639648e+00
1.794061422348022461e+00 -7.954179763793945312e+00 2.670314311981201172e+00
2.115441560745239258e+00 -7.913193225860595703e+00 2.904535531997680664e+00
2.426144123077392578e+00 -7.841020584106445312e+00 3.132575750350952148e+00
2.712108373641967773e+00 -7.738059997558593750e+00 3.343175411224365234e+00
2.982382059097290039e+00 -7.612351894378662109e+00 3.542108058929443359e+00
3.228451967239379883e+00 -7.466952323913574219e+00 3.722624063491821289e+00
3.448565006256103516e+00 -7.307438850402832031e+00 3.884385824203491211e+00
3.640111446380615234e+00 -7.133551120758056641e+00 4.030306339263916016e+00
3.803456544876098633e+00 -6.950673580169677734e+00 4.166544914245605469e+00
3.932276010513305664e+00 -6.768229484558105469e+00 4.293828487396240234e+00
4.029242992401123047e+00 -6.592165470123291016e+00 4.411927700042724609e+00
4.096371650695800781e+00 -6.420691967010498047e+00 4.526085376739501953e+00
4.135856151580810547e+00 -6.255418777465820312e+00 4.635852336883544922e+00
4.145742893218994141e+00 -6.106112480163574219e+00 4.737632751464843750e+00
4.133954048156738281e+00 -5.966132640838623047e+00 4.832443237304687500e+00
4.104719638824462891e+00 -5.838220119476318359e+00 4.920429229736328125e+00
4.066819190979003906e+00 -5.722935676574707031e+00 5.000640869140625000e+00
4.010619640350341797e+00 -5.613805294036865234e+00 5.074996948242187500e+00
3.945412635803222656e+00 -5.508950710296630859e+00 5.146096706390380859e+00
3.871604681015014648e+00 -5.408448696136474609e+00 5.211319923400878906e+00
3.786285877227783203e+00 -5.309411525726318359e+00 5.274064064025878906e+00
3.687447547912597656e+00 -5.209138393402099609e+00 5.333498954772949219e+00
3.578449487686157227e+00 -5.106719017028808594e+00 5.391808032989501953e+00
3.446951389312744141e+00 -4.995051383972167969e+00 5.449192523956298828e+00
3.292380571365356445e+00 -4.874102115631103516e+00 5.504459857940673828e+00
3.111416816711425781e+00 -4.742905139923095703e+00 5.557160854339599609e+00
2.901748657226562500e+00 -4.604441165924072266e+00 5.604824542999267578e+00
2.656859159469604492e+00 -4.458961486816406250e+00 5.645008563995361328e+00
2.391055345535278320e+00 -4.318017005920410156e+00 5.671348094940185547e+00
2.102543830871582031e+00 -4.182081222534179688e+00 5.682874202728271484e+00
1.802621960639953613e+00 -4.056970119476318359e+00 5.674447059631347656e+00
1.495651721954345703e+00 -3.942955255508422852e+00 5.645519733428955078e+00
1.185427546501159668e+00 -3.841850757598876953e+00 5.597017765045166016e+00
8.794857859611511230e-01 -3.756252050399780273e+00 5.530254840850830078e+00
5.637667775154113770e-01 -3.682422161102294922e+00 5.445405483245849609e+00
2.477850019931793213e-01 -3.628746509552001953e+00 5.344646930694580078e+00
-6.870209425687789917e-02 -3.591523408889770508e+00 5.228686809539794922e+00
-3.819979727268218994e-01 -3.569151401519775391e+00 5.102229595184326172e+00
-7.013911604881286621e-01 -3.562188625335693359e+00 4.957302093505859375e+00
-1.022619009017944336e+00 -3.564328670501708984e+00 4.798096179962158203e+00
-1.353915333747863770e+00 -3.577232599258422852e+00 4.616674900054931641e+00
-1.689748883247375488e+00 -3.594081163406372070e+00 4.416656017303466797e+00
-2.038791656494140625e+00 -3.611737966537475586e+00 4.195470333099365234e+00
-2.399983644485473633e+00 -3.618013858795166016e+00 3.942996978759765625e+00
-2.726877927780151367e+00 -3.598838329315185547e+00 3.658102750778198242e+00
-2.969228982925415039e+00 -3.558609247207641602e+00 3.374284744262695312e+00
-3.133837938308715820e+00 -3.524636268615722656e+00 3.124628543853759766e+00
-3.254341363906860352e+00 -3.512932538986206055e+00 2.914876937866210938e+00
-3.351105690002441406e+00 -3.524696350097656250e+00 2.741048097610473633e+00
-3.434518337249755859e+00 -3.548917531967163086e+00 2.586846828460693359e+00
-3.507823467254638672e+00 -3.579837322235107422e+00 2.455704927444458008e+00
-3.569629907608032227e+00 -3.614381313323974609e+00 2.343420505523681641e+00
-3.615458488464355469e+00 -3.648729562759399414e+00 2.245962142944335938e+00
-3.653008460998535156e+00 -3.689249038696289062e+00 2.160844802856445312e+00
-3.680157184600830078e+00 -3.730596303939819336e+00 2.088480472564697266e+00
-3.697305679321289062e+00 -3.772728204727172852e+00 2.023040771484375000e+00
-3.702038764953613281e+00 -3.819480895996093750e+00 1.964659452438354492e+00
-3.695764541625976562e+00 -3.869532585144042969e+00 1.910985946655273438e+00
-3.679953813552856445e+00 -3.926831245422363281e+00 1.858594059944152832e+00
-3.652945280075073242e+00 -3.989532470703125000e+00 1.809447765350341797e+00
-3.614754199981689453e+00 -4.059874534606933594e+00 1.759288549423217773e+00
-3.564756393432617188e+00 -4.139881134033203125e+00 1.706487298011779785e+00
-3.500685453414916992e+00 -4.230368614196777344e+00 1.654491901397705078e+00
-3.419262170791625977e+00 -4.337797164916992188e+00 1.594819664955139160e+00
-3.321722030639648438e+00 -4.459489822387695312e+00 1.529361844062805176e+00
-3.203277826309204102e+00 -4.598539352416992188e+00 1.458410382270812988e+00
-3.058431386947631836e+00 -4.761194229125976562e+00 1.381171822547912598e+00
-2.880508184432983398e+00 -4.949011325836181641e+00 1.298392772674560547e+00
-2.664594173431396484e+00 -5.161854743957519531e+00 1.214721202850341797e+00
-2.412674903869628906e+00 -5.396698951721191406e+00 1.135499358177185059e+00
-2.125833988189697266e+00 -5.643216609954833984e+00 1.071793317794799805e+00
-1.817889332771301270e+00 -5.889674186706542969e+00 1.037822008132934570e+00
-1.507108330726623535e+00 -6.120923042297363281e+00 1.042074203491210938e+00
-1.205006599426269531e+00 -6.324667453765869141e+00 1.094560623168945312e+00
-9.085121750831604004e-01 -6.505954742431640625e+00 1.191998124122619629e+00
-6.193239688873291016e-01 -6.672211170196533203e+00 1.321272253990173340e+00
-3.346340954303741455e-01 -6.827049732208251953e+00 1.479870796203613281e+00
-6.012344360351562500e-02 -6.971318721771240234e+00 1.662632584571838379e+00
2.055153846740722656e-01 -7.102671146392822266e+00 1.869215607643127441e+00
4.525008797645568848e-01 -7.223198890686035156e+00 2.091528415679931641e+00
6.831948161125183105e-01 -7.334627151489257812e+00 2.331022500991821289e+00
8.986258506774902344e-01 -7.438600540161132812e+00 2.584347248077392578e+00
1.096071481704711914e+00 -7.535892486572265625e+00 2.848671436309814453e+00
1.283301115036010742e+00 -7.632954597473144531e+00 3.120336532592773438e+00
1.458445310592651367e+00 -7.724089145660400391e+00 3.389084100723266602e+00
1.620406985282897949e+00 -7.810039997100830078e+00 3.647115707397460938e+00
1.769853591918945312e+00 -7.889364242553710938e+00 3.894821643829345703e+00
1.897938847541809082e+00 -7.956472873687744141e+00 4.122320175170898438e+00
2.009645938873291016e+00 -8.015651702880859375e+00 4.338490486145019531e+00
2.105885267257690430e+00 -8.068622589111328125e+00 4.538963317871093750e+00
2.185487270355224609e+00 -8.115626335144042969e+00 4.726819515228271484e+00
2.253913879394531250e+00 -8.158057212829589844e+00 4.906264781951904297e+00
2.311498165130615234e+00 -8.193905830383300781e+00 5.069661617279052734e+00
2.362491607666015625e+00 -8.227212905883789062e+00 5.228490352630615234e+00
2.407212257385253906e+00 -8.255671501159667969e+00 5.378298282623291016e+00
2.445829629898071289e+00 -8.280128479003906250e+00 5.518738746643066406e+00
2.483226299285888672e+00 -8.300813674926757812e+00 5.659328937530517578e+00
2.517471551895141602e+00 -8.319491386413574219e+00 5.797233581542968750e+00
2.551500082015991211e+00 -8.335826873779296875e+00 5.935842037200927734e+00
2.585862398147583008e+00 -8.351162910461425781e+00 6.074503421783447266e+00
2.620608568191528320e+00 -8.364592552185058594e+00 6.212632179260253906e+00
2.657567024230957031e+00 -8.377173423767089844e+00 6.352138996124267578e+00
2.695756912231445312e+00 -8.390583038330078125e+00 6.491940021514892578e+00
2.735316276550292969e+00 -8.404479980468750000e+00 6.633813858032226562e+00
2.775646924972534180e+00 -8.418588638305664062e+00 6.772790908813476562e+00
2.816084384918212891e+00 -8.434170722961425781e+00 6.908879280090332031e+00
2.854553461074829102e+00 -8.450708389282226562e+00 7.043473243713378906e+00
2.893716096878051758e+00 -8.468013763427734375e+00 7.170597553253173828e+00
2.931290149688720703e+00 -8.484465599060058594e+00 7.291935443878173828e+00
2.964448928833007812e+00 -8.500962257385253906e+00 7.402639389038085938e+00
2.994112253189086914e+00 -8.516728401184082031e+00 7.507436752319335938e+00
3.017782211303710938e+00 -8.530716896057128906e+00 7.594007968902587891e+00
3.038934946060180664e+00 -8.542627334594726562e+00 7.673985004425048828e+00
3.055733442306518555e+00 -8.552669525146484375e+00 7.742452144622802734e+00
3.069460868835449219e+00 -8.560890197753906250e+00 7.801083564758300781e+00
3.080005168914794922e+00 -8.567379951477050781e+00 7.853207588195800781e+00
3.088107824325561523e+00 -8.571512222290039062e+00 7.898673534393310547e+00
3.093451738357543945e+00 -8.574915885925292969e+00 7.940880298614501953e+00
3.097343683242797852e+00 -8.577041625976562500e+00 7.981327533721923828e+00
3.099068880081176758e+00 -8.578217506408691406e+00 8.021722793579101562e+00
-7.901598811149597168e-01 -7.061821937561035156e+00 9.144488334655761719e+00
-8.025735616683959961e-01 -7.027816772460937500e+00 9.130289077758789062e+00
-8.138163089752197266e-01 -6.986522197723388672e+00 9.115271568298339844e+00
-8.243659138679504395e-01 -6.937012672424316406e+00 9.099882125854492188e+00
-8.348870277404785156e-01 -6.877441883087158203e+00 9.084274291992187500e+00
-8.460868000984191895e-01 -6.804892539978027344e+00 9.068232536315917969e+00
-8.579961657524108887e-01 -6.716449260711669922e+00 9.052219390869140625e+00
-8.721060752868652344e-01 -6.608846664428710938e+00 9.036871910095214844e+00
-8.886001110076904297e-01 -6.481141090393066406e+00 9.022676467895507812e+00
-9.069526195526123047e-01 -6.334553718566894531e+00 9.011740684509277344e+00
-9.266567826271057129e-01 -6.176161766052246094e+00 9.004940032958984375e+00
-9.459559321403503418e-01 -6.014453887939453125e+00 9.001136779785156250e+00
-9.663743376731872559e-01 -5.853913307189941406e+00 8.999223709106445312e+00
-9.864031076431274414e-01 -5.703035831451416016e+00 8.999264717102050781e+00
-1.004217028617858887e+00 -5.558779716491699219e+00 8.999500274658203125e+00
-1.021195292472839355e+00 -5.418457031250000000e+00 8.999628067016601562e+00
-1.033255696296691895e+00 -5.276087760925292969e+00 9.005763053894042969e+00
-1.802214741706848145e+00 -1.060416316986083984e+01 1.216448545455932617e+00
-1.834550142288208008e+00 -1.057785892486572266e+01 1.068033218383789062e+00
-1.869670867919921875e+00 -1.055285835266113281e+01 9.315887093544006348e-01
-1.910576105117797852e+00 -1.053369140625000000e+01 7.938905954360961914e-01
-1.955518364906311035e+00 -1.051700305938720703e+01 6.467367410659790039e-01
-2.006076335906982422e+00 -1.050365161895751953e+01 4.850391745567321777e-01
-2.061140060424804688e+00 -1.049344539642333984e+01 3.082576692104339600e-01
-2.119328975677490234e+00 -1.048814201354980469e+01 1.203647777438163757e-01
-2.178207397460937500e+00 -1.048698616027832031e+01 -7.486312091350555420e-02
-2.235054969787597656e+00 -1.048967361450195312e+01 -2.690355479717254639e-01
-2.289372682571411133e+00 -1.049450492858886719e+01 -4.650589525699615479e-01
-2.344212055206298828e+00 -1.050032329559326172e+01 -6.568467617034912109e-01
-2.393781661987304688e+00 -1.050639152526855469e+01 -8.438307642936706543e-01
-2.440806865692138672e+00 -1.051064872741699219e+01 -1.023265123367309570e+00
-2.484681844711303711e+00 -1.051135730743408203e+01 -1.194721817970275879e+00
-2.523647069931030273e+00 -1.051116847991943359e+01 -1.354194283485412598e+00
-2.560520410537719727e+00 -1.050550270080566406e+01 -1.502511978149414062e+00
-2.594676017761230469e+00 -1.049829387664794922e+01 -1.635408997535705566e+00
-2.626965045928955078e+00 -1.048813343048095703e+01 -1.764846920967102051e+00
-2.658522129058837891e+00 -1.047314167022705078e+01 -1.887228488922119141e+00
-2.688699960708618164e+00 -1.045618438720703125e+01 -2.001221418380737305e+00
-2.716792345046997070e+00 -1.043452739715576172e+01 -2.109285593032836914e+00
-2.743981599807739258e+00 -1.041040802001953125e+01 -2.214395761489868164e+00
-2.772154331207275391e+00 -1.038020610809326172e+01 -2.311208724975585938e+00
-2.798290967941284180e+00 -1.034845829010009766e+01 -2.408495426177978516e+00
-2.827423334121704102e+00 -1.031174087524414062e+01 -2.504728794097900391e+00
-2.854955673217773438e+00 -1.026932716369628906e+01 -2.593250513076782227e+00
-2.885504007339477539e+00 -1.022451972961425781e+01 -2.686268806457519531e+00
-2.917881011962890625e+00 -1.017425251007080078e+01 -2.779997110366821289e+00
-2.952488183975219727e+00 -1.012233829498291016e+01 -2.874267101287841797e+00
-2.988442182540893555e+00 -1.006382751464843750e+01 -2.962996721267700195e+00
-3.024775505065917969e+00 -1.000031280517578125e+01 -3.055869340896606445e+00
-3.061352014541625977e+00 -9.939283370971679688e+00 -3.148298978805541992e+00
-3.096460819244384766e+00 -9.870773315429687500e+00 -3.241870880126953125e+00
-3.133697509765625000e+00 -9.804076194763183594e+00 -3.332110404968261719e+00
-3.170788049697875977e+00 -9.739060401916503906e+00 -3.424239635467529297e+00
-3.208244323730468750e+00 -9.673220634460449219e+00 -3.512714862823486328e+00
-3.240037679672241211e+00 -9.602511405944824219e+00 -3.590545892715454102e+00
-3.273279190063476562e+00 -9.534806251525878906e+00 -3.670592546463012695e+00
-3.301414728164672852e+00 -9.463709831237792969e+00 -3.749959230422973633e+00
-3.332229852676391602e+00 -9.383487701416015625e+00 -3.806251764297485352e+00
-3.354814052581787109e+00 -9.310780525207519531e+00 -3.869086503982543945e+00
-3.370666742324829102e+00 -9.230638504028320312e+00 -3.928560018539428711e+00
-3.377347946166992188e+00 -9.149214744567871094e+00 -3.978338479995727539e+00
-3.372190713882446289e+00 -9.063354492187500000e+00 -4.018601894378662109e+00
-3.376531362533569336e+00 -8.976950645446777344e+00 -4.042884349822998047e+00
-3.395278453826904297e+00 -8.886972427368164062e+00 -4.052673816680908203e+00
-3.384988546371459961e+00 -8.800876617431640625e+00 -4.054088592529296875e+00
-3.375637292861938477e+00 -8.712635993957519531e+00 -4.045151710510253906e+00
-3.362136840820312500e+00 -8.627105712890625000e+00 -4.022714614868164062e+00
-3.350685834884643555e+00 -8.545747756958007812e+00 -3.987711191177368164e+00
-3.339509248733520508e+00 -8.467720985412597656e+00 -3.936773061752319336e+00
-3.328792333602905273e+00 -8.396053314208984375e+00 -3.876724004745483398e+00
-3.318709135055541992e+00 -8.327976226806640625e+00 -3.814033985137939453e+00
-3.308033227920532227e+00 -8.275387763977050781e+00 -3.730473518371582031e+00
-3.293278455734252930e+00 -8.229328155517578125e+00 -3.643348217010498047e+00
-3.278986692428588867e+00 -8.196879386901855469e+00 -3.544883728027343750e+00
-3.263426542282104492e+00 -8.174907684326171875e+00 -3.438327550888061523e+00
-3.246697664260864258e+00 -8.163638114929199219e+00 -3.327167510986328125e+00
-3.226449251174926758e+00 -8.162887573242187500e+00 -3.205122470855712891e+00
-3.202736616134643555e+00 -8.167489051818847656e+00 -3.077268600463867188e+00
-3.175163269042968750e+00 -8.175826072692871094e+00 -2.943241834640502930e+00
-3.140861511230468750e+00 -8.193620681762695312e+00 -2.796309947967529297e+00
-3.100199222564697266e+00 -8.214891433715820312e+00 -2.636717796325683594e+00
-3.050859451293945312e+00 -8.234991073608398438e+00 -2.460441350936889648e+00
-2.990444183349609375e+00 -8.255557060241699219e+00 -2.264794588088989258e+00
-2.919940471649169922e+00 -8.271542549133300781e+00 -2.050378799438476562e+00
-2.836080789566040039e+00 -8.288183212280273438e+00 -1.814972281455993652e+00
-2.741654396057128906e+00 -8.298788070678710938e+00 -1.557827949523925781e+00
-2.634365558624267578e+00 -8.302311897277832031e+00 -1.278348565101623535e+00
-2.513242721557617188e+00 -8.299308776855468750e+00 -9.769768714904785156e-01
-2.380526065826416016e+00 -8.291129112243652344e+00 -6.581563353538513184e-01
-2.230686664581298828e+00 -8.280902862548828125e+00 -3.174731135368347168e-01
-2.069230318069458008e+00 -8.272960662841796875e+00 3.427629545331001282e-02
-1.897134184837341309e+00 -8.273784637451171875e+00 3.955334722995758057e-01
-1.712262511253356934e+00 -8.285377502441406250e+00 7.548776865005493164e-01
-1.514412760734558105e+00 -8.312478065490722656e+00 1.108040928840637207e+00
-1.310786128044128418e+00 -8.353596687316894531e+00 1.442433953285217285e+00
-1.099146008491516113e+00 -8.410984992980957031e+00 1.768676400184631348e+00
-8.793360590934753418e-01 -8.481437683105468750e+00 2.091135263442993164e+00
-6.689150929450988770e-01 -8.560858726501464844e+00 2.403235435485839844e+00
-4.727905988693237305e-01 -8.645650863647460938e+00 2.709364891052246094e+00
-2.997398376464843750e-01 -8.730126380920410156e+00 3.010201454162597656e+00
-1.541431546211242676e-01 -8.812531471252441406e+00 3.311708450317382812e+00
-3.035132773220539093e-02 -8.882052421569824219e+00 3.602659940719604492e+00
6.982577592134475708e-02 -8.942951202392578125e+00 3.886230230331420898e+00
1.474879384040832520e-01 -8.995571136474609375e+00 4.164562702178955078e+00
2.065820842981338501e-01 -9.038919448852539062e+00 4.429635047912597656e+00
2.503520846366882324e-01 -9.073592185974121094e+00 4.679181575775146484e+00
2.822052538394927979e-01 -9.099913597106933594e+00 4.917496204376220703e+00
3.026018142700195312e-01 -9.119947433471679688e+00 5.141923427581787109e+00
3.113957643508911133e-01 -9.133693695068359375e+00 5.355571269989013672e+00
3.107216954231262207e-01 -9.141033172607421875e+00 5.559103965759277344e+00
2.996613085269927979e-01 -9.143290519714355469e+00 5.760389328002929688e+00
2.762601077556610107e-01 -9.141446113586425781e+00 5.959432601928710938e+00
2.427217811346054077e-01 -9.136927604675292969e+00 6.155412673950195312e+00
1.973599344491958618e-01 -9.128358840942382812e+00 6.357095718383789062e+00
1.394233852624893188e-01 -9.118695259094238281e+00 6.559279918670654297e+00
6.977644562721252441e-02 -9.106798171997070312e+00 6.761229515075683594e+00
-9.478380903601646423e-03 -9.095236778259277344e+00 6.963150978088378906e+00
-9.921702742576599121e-02 -9.083139419555664062e+00 7.162353038787841797e+00
-1.925477981567382812e-01 -9.070322036743164062e+00 7.347330093383789062e+00
-2.921649217605590820e-01 -9.057010650634765625e+00 7.526509284973144531e+00
-3.935154080390930176e-01 -9.042935371398925781e+00 7.690093040466308594e+00
-4.933890402317047119e-01 -9.028042793273925781e+00 7.839950561523437500e+00
-5.910254120826721191e-01 -9.012340545654296875e+00 7.975088119506835938e+00
-6.833788752555847168e-01 -8.995552062988281250e+00 8.092501640319824219e+00
-7.735862135887145996e-01 -8.978901863098144531e+00 8.198379516601562500e+00
-8.631882667541503906e-01 -8.961547851562500000e+00 8.297338485717773438e+00
-9.528768658638000488e-01 -8.939430236816406250e+00 8.388715744018554688e+00
-1.038228273391723633e+00 -8.921464920043945312e+00 8.467927932739257812e+00
-1.123498201370239258e+00 -8.903112411499023438e+00 8.541864395141601562e+00
-1.210976839065551758e+00 -8.883445739746093750e+00 8.610746383666992188e+00
-1.295424580574035645e+00 -8.864143371582031250e+00 8.671569824218750000e+00
-1.382647037506103516e+00 -8.846930503845214844e+00 8.730551719665527344e+00
-1.473471641540527344e+00 -8.827740669250488281e+00 8.786405563354492188e+00
-1.572777748107910156e+00 -8.802264213562011719e+00 8.836784362792968750e+00
-1.671636939048767090e+00 -8.774805068969726562e+00 8.889204978942871094e+00
-1.774732708930969238e+00 -8.745417594909667969e+00 8.938792228698730469e+00
-1.880215525627136230e+00 -8.713932991027832031e+00 8.981148719787597656e+00
-1.987776041030883789e+00 -8.679830551147460938e+00 9.019362449645996094e+00
-2.096802473068237305e+00 -8.642676353454589844e+00 9.050957679748535156e+00
-2.209694862365722656e+00 -8.603281021118164062e+00 9.077365875244140625e+00
-2.323511362075805664e+00 -8.560834884643554688e+00 9.096541404724121094e+00
-2.441491842269897461e+00 -8.514122962951660156e+00 9.106962203979492188e+00
-2.561483383178710938e+00 -8.462459564208984375e+00 9.109938621520996094e+00
-2.685336112976074219e+00 -8.407049179077148438e+00 9.104845046997070312e+00
-2.814192533493041992e+00 -8.345492362976074219e+00 9.090435028076171875e+00
-2.948316574096679688e+00 -8.276997566223144531e+00 9.065595626831054688e+00
-3.083629608154296875e+00 -8.203183174133300781e+00 9.028055191040039062e+00
-3.231271743774414062e+00 -8.117221832275390625e+00 8.975868225097656250e+00
-3.383989810943603516e+00 -8.022486686706542969e+00 8.909622192382812500e+00
-3.541161775588989258e+00 -7.916347026824951172e+00 8.823537826538085938e+00
-3.704434394836425781e+00 -7.799064636230468750e+00 8.716365814208984375e+00
-3.867525339126586914e+00 -7.669942855834960938e+00 8.589734077453613281e+00
-4.034997463226318359e+00 -7.526755332946777344e+00 8.434619903564453125e+00
-4.197775840759277344e+00 -7.372462749481201172e+00 8.253336906433105469e+00
-4.350111007690429688e+00 -7.208119869232177734e+00 8.050194740295410156e+00
-4.497315883636474609e+00 -7.037323951721191406e+00 7.820608139038085938e+00
-4.632187843322753906e+00 -6.867273330688476562e+00 7.573756217956542969e+00
-4.740531444549560547e+00 -6.703538417816162109e+00 7.319514274597167969e+00
-4.842358589172363281e+00 -6.544565200805664062e+00 7.059737205505371094e+00
-4.925314426422119141e+00 -6.402499675750732422e+00 6.798029899597167969e+00
-4.990808963775634766e+00 -6.277959346771240234e+00 6.543422222137451172e+00
-5.040121078491210938e+00 -6.171885013580322266e+00 6.292775630950927734e+00
-5.072290897369384766e+00 -6.092221260070800781e+00 6.048890590667724609e+00
-5.089219570159912109e+00 -6.038489818572998047e+00 5.812930583953857422e+00
-5.092866420745849609e+00 -6.008598804473876953e+00 5.583916664123535156e+00
-5.086332321166992188e+00 -5.998214244842529297e+00 5.373606681823730469e+00
-5.071609973907470703e+00 -6.001970291137695312e+00 5.181761264801025391e+00
-5.053038120269775391e+00 -6.013872146606445312e+00 5.013068199157714844e+00
-5.032883167266845703e+00 -6.029492855072021484e+00 4.870796680450439453e+00
-5.009864807128906250e+00 -6.051838874816894531e+00 4.744450092315673828e+00
-4.985682010650634766e+00 -6.077844142913818359e+00 4.633505344390869141e+00
-4.958653450012207031e+00 -6.106513023376464844e+00 4.535967826843261719e+00
-4.928235054016113281e+00 -6.138496875762939453e+00 4.448494434356689453e+00
-4.893814563751220703e+00 -6.174092769622802734e+00 4.367327690124511719e+00
-4.854010581970214844e+00 -6.215968608856201172e+00 4.289108753204345703e+00
-4.807658672332763672e+00 -6.263828754425048828e+00 4.210743904113769531e+00
-4.752810001373291016e+00 -6.317990303039550781e+00 4.132572174072265625e+00
-4.686270713806152344e+00 -6.380807876586914062e+00 4.049454689025878906e+00
-4.607189655303955078e+00 -6.453428268432617188e+00 3.961144685745239258e+00
-4.513020992279052734e+00 -6.535467147827148438e+00 3.867795228958129883e+00
-4.395354270935058594e+00 -6.632298946380615234e+00 3.762004852294921875e+00
-4.254615783691406250e+00 -6.742669105529785156e+00 3.647027015686035156e+00
-4.087631702423095703e+00 -6.867565631866455078e+00 3.527055978775024414e+00
-3.892390966415405273e+00 -7.007396697998046875e+00 3.407024860382080078e+00
-3.677411079406738281e+00 -7.156531810760498047e+00 3.295752286911010742e+00
-3.443916559219360352e+00 -7.314237594604492188e+00 3.203442096710205078e+00
-3.206655502319335938e+00 -7.473455905914306641e+00 3.140045642852783203e+00
-2.971951007843017578e+00 -7.634150028228759766e+00 3.117163181304931641e+00
-2.750742912292480469e+00 -7.791086673736572266e+00 3.136578798294067383e+00
-2.547804832458496094e+00 -7.943893432617187500e+00 3.200712919235229492e+00
-2.369417667388916016e+00 -8.087059020996093750e+00 3.300754785537719727e+00
-2.208220005035400391e+00 -8.227176666259765625e+00 3.436721801757812500e+00
-2.070289134979248047e+00 -8.356358528137207031e+00 3.598162651062011719e+00
-1.956576585769653320e+00 -8.472235679626464844e+00 3.779694795608520508e+00
-1.863147616386413574e+00 -8.573254585266113281e+00 3.970496892929077148e+00
-1.791271567344665527e+00 -8.657986640930175781e+00 4.163287639617919922e+00
-1.735777139663696289e+00 -8.727621078491210938e+00 4.358430862426757812e+00
-1.693325161933898926e+00 -8.782790184020996094e+00 4.546082019805908203e+00
-1.661464214324951172e+00 -8.822469711303710938e+00 4.724734306335449219e+00
-1.638611674308776855e+00 -8.851322174072265625e+00 4.895686149597167969e+00
-1.620890974998474121e+00 -8.869996070861816406e+00 5.055989742279052734e+00
-1.608787775039672852e+00 -8.879192352294921875e+00 5.207865238189697266e+00
-1.601561665534973145e+00 -8.880107879638671875e+00 5.348402976989746094e+00
-1.597334265708923340e+00 -8.872360229492187500e+00 5.486157894134521484e+00
-1.596829652786254883e+00 -8.857292175292968750e+00 5.619858264923095703e+00
-1.598122358322143555e+00 -8.833248138427734375e+00 5.749608993530273438e+00
-1.596714973449707031e+00 -8.802760124206542969e+00 5.879215717315673828e+00
-1.602330207824707031e+00 -8.764858245849609375e+00 6.000139713287353516e+00
-1.608595609664916992e+00 -8.716716766357421875e+00 6.125673294067382812e+00
-1.616767644882202148e+00 -8.659647941589355469e+00 6.250532627105712891e+00
-1.627351641654968262e+00 -8.593166351318359375e+00 6.372839450836181641e+00
-1.638979673385620117e+00 -8.518043518066406250e+00 6.494219779968261719e+00
-1.652073740959167480e+00 -8.435499191284179688e+00 6.613396644592285156e+00
-1.664461255073547363e+00 -8.344689369201660156e+00 6.727691650390625000e+00
-1.677297472953796387e+00 -8.248526573181152344e+00 6.838978290557861328e+00
-1.691233515739440918e+00 -8.146593093872070312e+00 6.945425987243652344e+00
-1.706261396408081055e+00 -8.039973258972167969e+00 7.044475078582763672e+00
-1.724021315574645996e+00 -7.929750442504882812e+00 7.138154029846191406e+00
-1.744304656982421875e+00 -7.818490028381347656e+00 7.221925258636474609e+00
-1.769178152084350586e+00 -7.706833839416503906e+00 7.297052860260009766e+00
-1.802129149436950684e+00 -7.587893486022949219e+00 7.365855693817138672e+00
-1.842444896697998047e+00 -7.466234207153320312e+00 7.424562454223632812e+00
-1.888858437538146973e+00 -7.350577354431152344e+00 7.473891735076904297e+00
-1.945583105087280273e+00 -7.223069667816162109e+00 7.520165920257568359e+00
-2.010990858078002930e+00 -7.092388629913330078e+00 7.560330390930175781e+00
-2.085958003997802734e+00 -6.956287860870361328e+00 7.596694469451904297e+00
-2.170900583267211914e+00 -6.818074703216552734e+00 7.631331920623779297e+00
-2.267467498779296875e+00 -6.673744678497314453e+00 7.662883281707763672e+00
-2.376580953598022461e+00 -6.526017189025878906e+00 7.692230224609375000e+00
-2.497473001480102539e+00 -6.380483627319335938e+00 7.716659545898437500e+00
-2.637360334396362305e+00 -6.235555171966552734e+00 7.733665943145751953e+00
-2.792693614959716797e+00 -6.095362186431884766e+00 7.741391658782958984e+00
-2.958413839340209961e+00 -5.966090679168701172e+00 7.738310813903808594e+00
-3.146933078765869141e+00 -5.838314056396484375e+00 7.719914436340332031e+00
-3.346753835678100586e+00 -5.721009731292724609e+00 7.689672946929931641e+00
-3.554855585098266602e+00 -5.611169338226318359e+00 7.644865989685058594e+00
-3.768390417098999023e+00 -5.509255409240722656e+00 7.586472988128662109e+00
-3.989501237869262695e+00 -5.410697460174560547e+00 7.515047550201416016e+00
-4.202557563781738281e+00 -5.317099094390869141e+00 7.437658786773681641e+00
-4.411323547363281250e+00 -5.227303504943847656e+00 7.356219291687011719e+00
-4.610538005828857422e+00 -5.135772228240966797e+00 7.276513099670410156e+00
-4.805950641632080078e+00 -5.035686016082763672e+00 7.208887100219726562e+00
-4.994958400726318359e+00 -4.927091121673583984e+00 7.153450012207031250e+00
-5.179380416870117188e+00 -4.806832790374755859e+00 7.121406555175781250e+00
-5.348093509674072266e+00 -4.671530723571777344e+00 7.116664886474609375e+00
-5.511252403259277344e+00 -4.516127586364746094e+00 7.141108989715576172e+00
-5.666254520416259766e+00 -4.347650051116943359e+00 7.190698623657226562e+00
-5.805903911590576172e+00 -4.181034088134765625e+00 7.255988121032714844e+00
-5.937918663024902344e+00 -4.005632877349853516e+00 7.331946849822998047e+00
-6.058085441589355469e+00 -3.836277723312377930e+00 7.413341999053955078e+00
-6.164476394653320312e+00 -3.677606344223022461e+00 7.490958690643310547e+00
-6.262963294982910156e+00 -3.522583484649658203e+00 7.566331386566162109e+00
-6.351921558380126953e+00 -3.375104904174804688e+00 7.638492584228515625e+00
-6.431387901306152344e+00 -3.236614227294921875e+00 7.704525470733642578e+00
-6.505180358886718750e+00 -3.106017112731933594e+00 7.764302730560302734e+00
-6.573270797729492188e+00 -2.979914426803588867e+00 7.819938182830810547e+00
-6.635829448699951172e+00 -2.861848115921020508e+00 7.870337486267089844e+00
-6.693256378173828125e+00 -2.750920057296752930e+00 7.915835857391357422e+00
-6.747768878936767578e+00 -2.641279458999633789e+00 7.957293033599853516e+00
-6.802839756011962891e+00 -2.534308910369873047e+00 7.996294498443603516e+00
-6.855493545532226562e+00 -2.430788755416870117e+00 8.031907081604003906e+00
-6.906783580780029297e+00 -2.325678110122680664e+00 8.065932273864746094e+00
-6.957521915435791016e+00 -2.221041202545166016e+00 8.099133491516113281e+00
-7.008987903594970703e+00 -2.119440078735351562e+00 8.131354331970214844e+00
-7.063178062438964844e+00 -2.022015810012817383e+00 8.164666175842285156e+00
-7.119068145751953125e+00 -1.918246030807495117e+00 8.199503898620605469e+00
-7.177220821380615234e+00 -1.818949699401855469e+00 8.238883972167968750e+00
-7.238403320312500000e+00 -1.718022584915161133e+00 8.279151916503906250e+00
-7.300320625305175781e+00 -1.622300982475280762e+00 8.322620391845703125e+00
-7.365872383117675781e+00 -1.524297475814819336e+00 8.367369651794433594e+00
-7.433390617370605469e+00 -1.430404186248779297e+00 8.416558265686035156e+00
-7.502871036529541016e+00 -1.342325448989868164e+00 8.468333244323730469e+00
-7.580491542816162109e+00 -1.253237843513488770e+00 8.521948814392089844e+00
-7.655602455139160156e+00 -1.167403697967529297e+00 8.577669143676757812e+00
-7.732328414916992188e+00 -1.086533784866333008e+00 8.632503509521484375e+00
-7.808120727539062500e+00 -1.007694721221923828e+00 8.686235427856445312e+00
-7.889211654663085938e+00 -9.363230466842651367e-01 8.736010551452636719e+00
-7.966856002807617188e+00 -8.667992353439331055e-01 8.786028861999511719e+00
-8.045351982116699219e+00 -8.014959096908569336e-01 8.831216812133789062e+00
-8.121570587158203125e+00 -7.392299175262451172e-01 8.870656013488769531e+00
-8.185284614562988281e+00 -6.719446778297424316e-01 8.908519744873046875e+00
-8.267625808715820312e+00 -6.218760013580322266e-01 8.942717552185058594e+00
-8.346580505371093750e+00 -5.667539834976196289e-01 8.973028182983398438e+00
-8.427805900573730469e+00 -5.111688971519470215e-01 9.000020027160644531e+00
-8.508601188659667969e+00 -4.583068788051605225e-01 9.019506454467773438e+00
-8.592664718627929688e+00 -4.066223800182342529e-01 9.035820007324218750e+00
-8.679874420166015625e+00 -3.570747077465057373e-01 9.046508789062500000e+00
-8.771989822387695312e+00 -3.051460087299346924e-01 9.049607276916503906e+00
-8.866601943969726562e+00 -2.541854679584503174e-01 9.049482345581054688e+00
-8.966439247131347656e+00 -1.944707483053207397e-01 9.052084922790527344e+00
-9.063553810119628906e+00 -1.438924968242645264e-01 9.041464805603027344e+00
-9.162724494934082031e+00 -9.024305641651153564e-02 9.025968551635742188e+00
-9.273926734924316406e+00 -3.773028403520584106e-02 9.002258300781250000e+00
-9.383638381958007812e+00 1.916550286114215851e-02 8.980446815490722656e+00
-9.495129585266113281e+00 7.882463932037353516e-02 8.958968162536621094e+00
-9.607412338256835938e+00 1.357139945030212402e-01 8.930715560913085938e+00
-9.718873977661132812e+00 1.909929364919662476e-01 8.903686523437500000e+00
-9.818662643432617188e+00 2.562215924263000488e-01 8.868626594543457031e+00
-9.919295310974121094e+00 3.190563023090362549e-01 8.838501930236816406e+00
-1.002698707580566406e+01 3.672853708267211914e-01 8.813767433166503906e+00
-1.012425231933593750e+01 4.211739301681518555e-01 8.784817695617675781e+00
-1.021821784973144531e+01 4.746563732624053955e-01 8.757133483886718750e+00
-1.028621768951416016e+01 5.532638430595397949e-01 8.708664894104003906e+00
-1.039010429382324219e+01 5.717473626136779785e-01 8.692934989929199219e+00
-1.047554111480712891e+01 5.965811014175415039e-01 8.656760215759277344e+00
-1.052432727813720703e+01 6.540506482124328613e-01 8.596157073974609375e+00
-1.056383323669433594e+01 7.053122520446777344e-01 8.528553962707519531e+00
-1.060142326354980469e+01 7.379686832427978516e-01 8.461287498474121094e+00
-1.066294288635253906e+01 7.260534763336181641e-01 8.418084144592285156e+00
-1.071592426300048828e+01 7.167760133743286133e-01 8.364855766296386719e+00
-1.075230312347412109e+01 7.014070153236389160e-01 8.313626289367675781e+00
-1.074477863311767578e+01 7.124111056327819824e-01 8.230731010437011719e+00
-1.079204368591308594e+01 6.434537768363952637e-01 8.195308685302734375e+00
-1.078382015228271484e+01 6.145097613334655762e-01 8.126270294189453125e+00
-1.079507732391357422e+01 5.464699268341064453e-01 8.079987525939941406e+00
-1.077358150482177734e+01 4.921376705169677734e-01 8.013565063476562500e+00
-1.075632953643798828e+01 4.150951802730560303e-01 7.962165832519531250e+00
-1.072785282135009766e+01 3.347509503364562988e-01 7.908504009246826172e+00
-1.069610595703125000e+01 2.439265549182891846e-01 7.860218524932861328e+00
-1.065417766571044922e+01 1.551621854305267334e-01 7.808720111846923828e+00
-1.061722373962402344e+01 5.404778569936752319e-02 7.754811286926269531e+00
-1.057194328308105469e+01 -5.055040866136550903e-02 7.696411132812500000e+00
-1.052871894836425781e+01 -1.657834500074386597e-01 7.633918762207031250e+00
-1.048257350921630859e+01 -2.876775860786437988e-01 7.558143138885498047e+00
-1.044003391265869141e+01 -4.211457669734954834e-01 7.475780010223388672e+00
-1.040105438232421875e+01 -5.602663159370422363e-01 7.386461734771728516e+00
-1.037019443511962891e+01 -7.121840715408325195e-01 7.284084796905517578e+00
-1.034095573425292969e+01 -8.742063641548156738e-01 7.179540634155273438e+00
-1.032014465332031250e+01 -1.048982262611389160e+00 7.069766998291015625e+00
-1.031028175354003906e+01 -1.228360056877136230e+00 6.962386131286621094e+00
-1.031228351593017578e+01 -1.412071228027343750e+00 6.857230186462402344e+00
-1.032417774200439453e+01 -1.610432624816894531e+00 6.752694129943847656e+00
-1.034345626831054688e+01 -1.813784003257751465e+00 6.651307106018066406e+00
-1.036756229400634766e+01 -2.021604299545288086e+00 6.555957317352294922e+00
-1.039267444610595703e+01 -2.237946271896362305e+00 6.464910030364990234e+00
-1.041823959350585938e+01 -2.456237554550170898e+00 6.377636432647705078e+00
-1.044152259826660156e+01 -2.676327228546142578e+00 6.291554450988769531e+00
-1.045605182647705078e+01 -2.891621589660644531e+00 6.213949680328369141e+00
-1.046496963500976562e+01 -3.101682186126708984e+00 6.140473842620849609e+00
-1.046932792663574219e+01 -3.305815935134887695e+00 6.068348884582519531e+00
-1.046358680725097656e+01 -3.491974353790283203e+00 6.001818180084228516e+00
-1.045382595062255859e+01 -3.664443492889404297e+00 5.941987514495849609e+00
-1.044150638580322266e+01 -3.822050809860229492e+00 5.887514591217041016e+00
-1.042816352844238281e+01 -3.962754964828491211e+00 5.838517665863037109e+00
-1.041123294830322266e+01 -4.101601123809814453e+00 5.790810108184814453e+00
-1.038778972625732422e+01 -4.245584964752197266e+00 5.742109775543212891e+00
9.084473252296447754e-01 -1.111560058593750000e+01 3.134832382202148438e+00
9.720279574394226074e-01 -1.118195056915283203e+01 3.264024734497070312e+00
1.024716138839721680e+00 -1.124523258209228516e+01 3.391119718551635742e+00
1.070628523826599121e+00 -1.130799961090087891e+01 3.520190000534057617e+00
1.113543748855590820e+00 -1.137240600585937500e+01 3.656337261199951172e+00
1.153548121452331543e+00 -1.143521213531494141e+01 3.796733140945434570e+00
1.188300490379333496e+00 -1.149560928344726562e+01 3.940774202346801758e+00
1.219604015350341797e+00 -1.155510807037353516e+01 4.088706970214843750e+00
1.245300054550170898e+00 -1.160838413238525391e+01 4.234275341033935547e+00
1.264526605606079102e+00 -1.165662097930908203e+01 4.379312515258789062e+00
1.278922796249389648e+00 -1.169891834259033203e+01 4.520136833190917969e+00
1.287938952445983887e+00 -1.173439216613769531e+01 4.655043125152587891e+00
1.292087674140930176e+00 -1.176472568511962891e+01 4.788321971893310547e+00
1.291175365447998047e+00 -1.178930377960205078e+01 4.918316364288330078e+00
1.285122394561767578e+00 -1.180762863159179688e+01 5.046453952789306641e+00
1.275391221046447754e+00 -1.182120895385742188e+01 5.171282291412353516e+00
1.261468887329101562e+00 -1.182911396026611328e+01 5.290782451629638672e+00
1.243087887763977051e+00 -1.183276176452636719e+01 5.410893440246582031e+00
1.217595100402832031e+00 -1.182867336273193359e+01 5.529035091400146484e+00
1.190811038017272949e+00 -1.182222175598144531e+01 5.646337509155273438e+00
1.161359548568725586e+00 -1.181166934967041016e+01 5.759761333465576172e+00
1.127811074256896973e+00 -1.179661273956298828e+01 5.869213104248046875e+00
1.090508103370666504e+00 -1.177681159973144531e+01 5.976566791534423828e+00
1.049149870872497559e+00 -1.175284481048583984e+01 6.082161426544189453e+00
1.004030466079711914e+00 -1.172568225860595703e+01 6.186577320098876953e+00
9.545375108718872070e-01 -1.169440841674804688e+01 6.289562225341796875e+00
8.986970186233520508e-01 -1.165931797027587891e+01 6.392836570739746094e+00
8.388007283210754395e-01 -1.162184810638427734e+01 6.496606826782226562e+00
7.730497121810913086e-01 -1.158214569091796875e+01 6.599857330322265625e+00
7.016977667808532715e-01 -1.154098796844482422e+01 6.705263614654541016e+00
6.246332526206970215e-01 -1.149760341644287109e+01 6.812975883483886719e+00
5.410048365592956543e-01 -1.145044994354248047e+01 6.922647476196289062e+00
4.526084661483764648e-01 -1.140270137786865234e+01 7.033471107482910156e+00
3.614847660064697266e-01 -1.135480594635009766e+01 7.145516395568847656e+00
2.705072462558746338e-01 -1.130939579010009766e+01 7.251730442047119141e+00
1.801881641149520874e-01 -1.126652526855468750e+01 7.354999065399169922e+00
8.930343389511108398e-02 -1.122465419769287109e+01 7.457649707794189453e+00
-1.327750645577907562e-02 -1.118180370330810547e+01 7.565690517425537109e+00
-2.187610864639282227e+00 -4.443914890289306641e+00 7.541746616363525391e+00
-2.316761016845703125e+00 -4.348814010620117188e+00 7.495958805084228516e+00
-2.437258005142211914e+00 -4.257350921630859375e+00 7.439644813537597656e+00
-2.561059474945068359e+00 -4.155282497406005859e+00 7.371661186218261719e+00
-2.697816848754882812e+00 -4.035601139068603516e+00 7.284381866455078125e+00
-2.837046861648559570e+00 -3.907309293746948242e+00 7.185957908630371094e+00
-2.987317800521850586e+00 -3.757720708847045898e+00 7.068872451782226562e+00
-3.140949964523315430e+00 -3.597904205322265625e+00 6.940312385559082031e+00
-3.291247367858886719e+00 -3.429115533828735352e+00 6.806475162506103516e+00
-3.441194295883178711e+00 -3.249090433120727539e+00 6.667704582214355469e+00
-3.587121248245239258e+00 -3.065626382827758789e+00 6.534680366516113281e+00
-3.736284494400024414e+00 -2.872451782226562500e+00 6.401960372924804688e+00
-3.875930309295654297e+00 -2.687734603881835938e+00 6.283233642578125000e+00
-4.015559196472167969e+00 -2.503709316253662109e+00 6.174545764923095703e+00
-4.155259132385253906e+00 -2.319745779037475586e+00 6.076673984527587891e+00
-4.292505741119384766e+00 -2.137664079666137695e+00 5.988720893859863281e+00
-4.427038669586181641e+00 -1.970118522644042969e+00 5.914053440093994141e+00
-4.552944183349609375e+00 -1.820159196853637695e+00 5.858272552490234375e+00
-4.685478210449218750e+00 -1.673700809478759766e+00 5.811256885528564453e+00
-4.816150188446044922e+00 -1.536070108413696289e+00 5.772872924804687500e+00
-4.945706367492675781e+00 -1.409598231315612793e+00 5.742822647094726562e+00
-5.075087070465087891e+00 -1.295891284942626953e+00 5.720888614654541016e+00
-5.198537349700927734e+00 -1.193004846572875977e+00 5.703871250152587891e+00
-5.325147628784179688e+00 -1.098154544830322266e+00 5.692726612091064453e+00
-5.457458496093750000e+00 -1.012832045555114746e+00 5.685506820678710938e+00
-5.585154056549072266e+00 -9.349590539932250977e-01 5.680511951446533203e+00
-5.717252731323242188e+00 -8.665407896041870117e-01 5.679630279541015625e+00
-5.852021694183349609e+00 -8.018505573272705078e-01 5.681021690368652344e+00
-5.987784385681152344e+00 -7.439183592796325684e-01 5.684288501739501953e+00
-6.125296592712402344e+00 -6.926050186157226562e-01 5.689982414245605469e+00
-6.268526554107666016e+00 -6.466928720474243164e-01 5.697255134582519531e+00
-6.415496349334716797e+00 -6.028453707695007324e-01 5.705814838409423828e+00
-6.565795421600341797e+00 -5.617017745971679688e-01 5.716035842895507812e+00
-6.717071533203125000e+00 -5.235019326210021973e-01 5.725577354431152344e+00
-6.865626335144042969e+00 -4.884582161903381348e-01 5.733168601989746094e+00
-7.018514156341552734e+00 -4.544541835784912109e-01 5.741077423095703125e+00
-7.170433044433593750e+00 -4.184266626834869385e-01 5.748048782348632812e+00
-7.318240642547607422e+00 -3.865411281585693359e-01 5.751367092132568359e+00
-7.459747791290283203e+00 -3.546689748764038086e-01 5.751664161682128906e+00
-7.596685409545898438e+00 -3.223294913768768311e-01 5.748897075653076172e+00
-7.726234912872314453e+00 -2.872912287712097168e-01 5.737919807434082031e+00
-7.846617698669433594e+00 -2.526167035102844238e-01 5.723492622375488281e+00
-7.965769290924072266e+00 -2.175093889236450195e-01 5.707251548767089844e+00
-8.075731277465820312e+00 -1.872680634260177612e-01 5.689796924591064453e+00
-8.181088447570800781e+00 -1.522693186998367310e-01 5.666281700134277344e+00
-8.281273841857910156e+00 -1.163565441966056824e-01 5.638266563415527344e+00
-8.376204490661621094e+00 -8.337728679180145264e-02 5.604133129119873047e+00
-8.467735290527343750e+00 -4.811443760991096497e-02 5.569751739501953125e+00
-8.553695678710937500e+00 -9.033891372382640839e-03 5.533514022827148438e+00
-8.639763832092285156e+00 2.571310661733150482e-02 5.494132518768310547e+00
-8.723670005798339844e+00 6.181346625089645386e-02 5.458298683166503906e+00
-8.800635337829589844e+00 1.000991240143775940e-01 5.418809890747070312e+00
-8.870347023010253906e+00 1.556519865989685059e-01 5.364075660705566406e+00
-8.950372695922851562e+00 2.065854668617248535e-01 5.326884746551513672e+00
-9.025631904602050781e+00 2.619960010051727295e-01 5.287270069122314453e+00
-9.098569869995117188e+00 3.312062025070190430e-01 5.256368160247802734e+00
-9.181651115417480469e+00 3.034264743328094482e-01 5.162553787231445312e+00
-9.244113922119140625e+00 3.594411015510559082e-01 5.100021839141845703e+00
-9.330918312072753906e+00 4.447166621685028076e-01 5.103880882263183594e+00
-9.462915420532226562e+00 3.728301525115966797e-01 5.063606739044189453e+00
-9.547566413879394531e+00 3.499636352062225342e-01 4.987131118774414062e+00
-9.629752159118652344e+00 3.564192056655883789e-01 4.935122489929199219e+00
-9.636340141296386719e+00 7.182804942131042480e-01 5.038845539093017578e+00
-9.601330757141113281e+00 5.927585363388061523e-01 4.716550827026367188e+00
-9.820195198059082031e+00 7.763879895210266113e-01 5.020187377929687500e+00
-9.833518981933593750e+00 8.680794239044189453e-01 4.944140911102294922e+00
-9.743785858154296875e+00 8.299430608749389648e-01 4.619995594024658203e+00
-9.945037841796875000e+00 4.783794581890106201e-01 4.538776874542236328e+00
-9.861480712890625000e+00 7.181681394577026367e-01 4.445428371429443359e+00
-1.020965671539306641e+01 4.959871768951416016e-01 4.677994251251220703e+00
-1.020281982421875000e+01 4.894263446331024170e-01 4.547224044799804688e+00
-1.036924457550048828e+01 6.367779970169067383e-01 4.750037670135498047e+00
-1.041411113739013672e+01 7.886483073234558105e-01 4.786020278930664062e+00
-1.032082557678222656e+01 1.073674798011779785e+00 4.703663825988769531e+00
-1.027210140228271484e+01 1.145120501518249512e+00 4.573723793029785156e+00
-1.019381046295166016e+01 1.124290823936462402e+00 4.376986026763916016e+00
-1.029275989532470703e+01 1.162943601608276367e+00 4.414505481719970703e+00
-1.060993576049804688e+01 9.729100465774536133e-01 4.593193054199218750e+00
-1.064861965179443359e+01 9.844922423362731934e-01 4.541476726531982422e+00
-1.045827579498291016e+01 1.161939144134521484e+00 4.313366889953613281e+00
-1.072752380371093750e+01 8.459458351135253906e-01 4.384972572326660156e+00
-1.073856830596923828e+01 8.037722110748291016e-01 4.288085460662841797e+00
-1.056360435485839844e+01 8.723582625389099121e-01 4.053885459899902344e+00
-1.062432861328125000e+01 9.377149939537048340e-01 4.021736145019531250e+00
-1.075727939605712891e+01 9.113965034484863281e-01 4.012999534606933594e+00
-1.081354522705078125e+01 9.536570906639099121e-01 3.947839498519897461e+00
-1.086690330505371094e+01 9.809554815292358398e-01 3.863778591156005859e+00
-1.093347644805908203e+01 1.001636028289794922e+00 3.775811910629272461e+00
-1.100905036926269531e+01 1.014657497406005859e+00 3.682953357696533203e+00
-1.108596992492675781e+01 1.027410745620727539e+00 3.565099716186523438e+00
-1.117172241210937500e+01 1.060852646827697754e+00 3.445291280746459961e+00
-1.126580142974853516e+01 1.091800808906555176e+00 3.316509723663330078e+00
-1.136641597747802734e+01 1.123901605606079102e+00 3.176248311996459961e+00
-1.146938514709472656e+01 1.163390159606933594e+00 3.030359029769897461e+00
-1.157448196411132812e+01 1.198512315750122070e+00 2.880538463592529297e+00
-1.167568206787109375e+01 1.235210537910461426e+00 2.727667093276977539e+00
-1.177191734313964844e+01 1.263789176940917969e+00 2.589107751846313477e+00
-1.186580753326416016e+01 1.297132372856140137e+00 2.450704574584960938e+00
-1.195067501068115234e+01 1.325700998306274414e+00 2.320802927017211914e+00
-1.202050495147705078e+01 1.354401230812072754e+00 2.199292898178100586e+00
-1.207800292968750000e+01 1.372097969055175781e+00 2.087796449661254883e+00
-1.214109992980957031e+01 1.393957138061523438e+00 2.000239133834838867e+00
-1.218688011169433594e+01 1.414365172386169434e+00 1.919580459594726562e+00
-1.215126514434814453e+01 1.551228404045104980e+00 1.825461268424987793e+00
-1.248949813842773438e+01 1.434068918228149414e+00 1.919764280319213867e+00
-1.257804679870605469e+01 1.497272610664367676e+00 1.902943491935729980e+00
-1.264812946319580078e+01 1.561476826667785645e+00 1.879172801971435547e+00
-1.232261276245117188e+01 1.871477246284484863e+00 1.672485232353210449e+00
-1.238162517547607422e+01 1.918868780136108398e+00 1.636993050575256348e+00
-1.254201316833496094e+01 1.924062967300415039e+00 1.647847294807434082e+00
-1.277482795715332031e+01 1.736361145973205566e+00 1.685556411743164062e+00
-1.269943618774414062e+01 1.877705097198486328e+00 1.572959899902343750e+00
-1.250628089904785156e+01 1.931823492050170898e+00 1.418678641319274902e+00
-1.286953353881835938e+01 1.631671428680419922e+00 1.524673104286193848e+00
-1.288518714904785156e+01 1.574281215667724609e+00 1.463182210922241211e+00
-1.237626743316650391e+01 1.766556262969970703e+00 1.164643168449401855e+00
-1.237114906311035156e+01 1.685934901237487793e+00 1.090911269187927246e+00
-1.237358665466308594e+01 1.613292813301086426e+00 1.012724399566650391e+00
-1.254180431365966797e+01 1.242024302482604980e+00 1.053232192993164062e+00
-1.279596424102783203e+01 1.221227645874023438e+00 1.028191089630126953e+00
-1.274405574798583984e+01 1.187690854072570801e+00 8.865419030189514160e-01
-1.298722934722900391e+01 1.482633948326110840e+00 7.401282787322998047e-01
-1.262286567687988281e+01 1.397936940193176270e+00 4.906332194805145264e-01
-1.293144607543945312e+01 1.522294044494628906e+00 4.097051322460174561e-01
-1.273252105712890625e+01 1.172435402870178223e+00 2.937403321266174316e-01
-1.293842029571533203e+01 1.024228334426879883e+00 2.634048163890838623e-01
-1.305640506744384766e+01 9.920216202735900879e-01 1.839793622493743896e-01
-1.293195152282714844e+01 1.414304852485656738e+00 -1.006527990102767944e-01
-1.305281066894531250e+01 1.467684864997863770e+00 -1.947759091854095459e-01
-1.331731796264648438e+01 1.397189259529113770e+00 -2.035355567932128906e-01
-1.345314407348632812e+01 1.318644285202026367e+00 -2.399049252271652222e-01
-1.357756137847900391e+01 1.187137842178344727e+00 -2.717146575450897217e-01
-1.357886505126953125e+01 1.318588614463806152e+00 -4.206424951553344727e-01
-1.339566230773925781e+01 6.438640952110290527e-01 -3.006250858306884766e-01
-1.345921516418457031e+01 6.037605404853820801e-01 -3.645523786544799805e-01
-1.351947212219238281e+01 5.887395739555358887e-01 -4.362649619579315186e-01
-1.357925415039062500e+01 5.878974199295043945e-01 -5.122159719467163086e-01
-1.362826442718505859e+01 5.998977422714233398e-01 -5.843701958656311035e-01
-1.369656467437744141e+01 6.617249250411987305e-01 -6.683414578437805176e-01
-1.378790283203125000e+01 8.683599829673767090e-01 -8.021275997161865234e-01
-1.376391124725341797e+01 9.456380009651184082e-01 -8.681800365447998047e-01
-1.373898601531982422e+01 1.036170125007629395e+00 -9.312087893486022949e-01
-1.368880939483642578e+01 1.124502658843994141e+00 -9.809441566467285156e-01
-1.357028770446777344e+01 1.253136992454528809e+00 -1.027698993682861328e+00
-1.347199058532714844e+01 1.317134261131286621e+00 -1.048625230789184570e+00
-1.335638618469238281e+01 1.357291936874389648e+00 -1.064784646034240723e+00
-1.320483589172363281e+01 1.388446450233459473e+00 -1.055314183235168457e+00
-1.308586215972900391e+01 1.384804010391235352e+00 -1.040382146835327148e+00
-1.297134971618652344e+01 1.349943041801452637e+00 -1.026810526847839355e+00
-1.284416389465332031e+01 1.277264595031738281e+00 -9.917737245559692383e-01
-1.274016380310058594e+01 1.168826460838317871e+00 -9.517105221748352051e-01
-1.266681194305419922e+01 1.018554806709289551e+00 -8.992753028869628906e-01
-1.264483451843261719e+01 9.728863239288330078e-01 -9.133329987525939941e-01
-1.277201843261718750e+01 5.753880143165588379e-01 -7.677572369575500488e-01
-1.266757392883300781e+01 6.835166811943054199e-01 -8.675886392593383789e-01
-1.277483177185058594e+01 5.166602134704589844e-01 -8.401661515235900879e-01
-1.282417106628417969e+01 4.696236848831176758e-01 -8.991852998733520508e-01
-1.290560054779052734e+01 3.967493474483489990e-01 -9.402315020561218262e-01
-1.292703151702880859e+01 3.719824850559234619e-01 -9.946615695953369141e-01
-1.273803806304931641e+01 8.448887467384338379e-01 -1.377314686775207520e+00
-1.279342365264892578e+01 8.090200424194335938e-01 -1.449019670486450195e+00
-1.297987556457519531e+01 8.799872398376464844e-01 -1.578769922256469727e+00
-1.309243679046630859e+01 8.340217471122741699e-01 -1.639098644256591797e+00
-1.333726501464843750e+01 7.394572496414184570e-01 -1.666940927505493164e+00
-1.340222644805908203e+01 5.932160615921020508e-01 -1.661776304244995117e+00
-1.332288169860839844e+01 2.799921929836273193e-01 -1.539692759513854980e+00
-1.329824924468994141e+01 2.854044437408447266e-01 -1.670617103576660156e+00
-1.327798748016357422e+01 2.346727252006530762e-01 -1.774523019790649414e+00
-1.325982093811035156e+01 1.769194006919860840e-01 -1.881925225257873535e+00
-1.325299358367919922e+01 1.011763736605644226e-01 -1.989550113677978516e+00
-1.328464412689208984e+01 8.719602599740028381e-03 -2.086227893829345703e+00
-1.327872848510742188e+01 -9.168656170368194580e-02 -2.200008153915405273e+00
-1.328030300140380859e+01 -1.991768181324005127e-01 -2.318712711334228516e+00
-1.327018928527832031e+01 -3.166138827800750732e-01 -2.432344675064086914e+00
-1.327597999572753906e+01 -4.236460626125335693e-01 -2.551279783248901367e+00
-1.327978610992431641e+01 -5.357756614685058594e-01 -2.670852899551391602e+00
-1.328117084503173828e+01 -6.475464105606079102e-01 -2.788516283035278320e+00
-1.328367424011230469e+01 -7.523891925811767578e-01 -2.894585847854614258e+00
-1.328665637969970703e+01 -8.611239790916442871e-01 -3.002298593521118164e+00
-1.328975868225097656e+01 -9.652397036552429199e-01 -3.104152441024780273e+00
-1.329218673706054688e+01 -1.064131140708923340e+00 -3.200821399688720703e+00
-1.329461002349853516e+01 -1.157734155654907227e+00 -3.289622306823730469e+00
-1.330184078216552734e+01 -1.254767537117004395e+00 -3.375336408615112305e+00
-1.330784130096435547e+01 -1.343546509742736816e+00 -3.456838607788085938e+00
-1.331342029571533203e+01 -1.428052425384521484e+00 -3.532538652420043945e+00
-1.331881427764892578e+01 -1.507143020629882812e+00 -3.604351282119750977e+00
-1.332723140716552734e+01 -1.588356733322143555e+00 -3.668629884719848633e+00
-1.333437919616699219e+01 -1.663278818130493164e+00 -3.732383489608764648e+00
-1.334180545806884766e+01 -1.735620260238647461e+00 -3.793591022491455078e+00
-1.334770393371582031e+01 -1.805482625961303711e+00 -3.853300809860229492e+00
-1.335600852966308594e+01 -1.876706361770629883e+00 -3.908974409103393555e+00
-1.336138629913330078e+01 -1.939944505691528320e+00 -3.962371110916137695e+00
-1.338415813446044922e+01 -2.006388664245605469e+00 -4.008553028106689453e+00
-1.339438533782958984e+01 -2.076756715774536133e+00 -4.059795379638671875e+00
-1.340624904632568359e+01 -2.149165391921997070e+00 -4.111935138702392578e+00
-1.341529655456542969e+01 -2.222795486450195312e+00 -4.167474746704101562e+00
-1.343763446807861328e+01 -2.308218002319335938e+00 -4.207282066345214844e+00
-1.344964885711669922e+01 -2.390912532806396484e+00 -4.256489753723144531e+00
-1.346788311004638672e+01 -2.475842475891113281e+00 -4.306211948394775391e+00
-1.348940467834472656e+01 -2.563438892364501953e+00 -4.357412815093994141e+00
-1.351273727416992188e+01 -2.653755903244018555e+00 -4.411315441131591797e+00
-1.350060749053955078e+01 -2.720257759094238281e+00 -4.513975620269775391e+00
-1.347361850738525391e+01 -2.823470592498779297e+00 -4.543150901794433594e+00
-1.348748111724853516e+01 -2.914958953857421875e+00 -4.602801799774169922e+00
-1.349117088317871094e+01 -3.007755517959594727e+00 -4.654520511627197266e+00
-1.352822685241699219e+01 -3.113057374954223633e+00 -4.692209720611572266e+00
-1.356396675109863281e+01 -3.208931207656860352e+00 -4.738502025604248047e+00
-1.351785659790039062e+01 -3.286943197250366211e+00 -4.820108890533447266e+00
-1.355997085571289062e+01 -3.363449335098266602e+00 -4.893524646759033203e+00
-1.365199851989746094e+01 -3.439580678939819336e+00 -4.964349269866943359e+00
-1.346021842956542969e+01 -3.496668577194213867e+00 -5.096755027770996094e+00
-1.346741962432861328e+01 -3.579646110534667969e+00 -5.146131038665771484e+00
-1.375030040740966797e+01 -3.699855566024780273e+00 -5.054026603698730469e+00
-1.343904972076416016e+01 -3.742475271224975586e+00 -5.218754768371582031e+00
-1.377701854705810547e+01 -3.871888399124145508e+00 -5.123772144317626953e+00
-1.378824710845947266e+01 -3.956693172454833984e+00 -5.150058269500732422e+00
-1.345127773284912109e+01 -4.001984596252441406e+00 -5.321199893951416016e+00
-1.380472183227539062e+01 -4.125720977783203125e+00 -5.174809932708740234e+00
-1.336616802215576172e+01 -4.164110183715820312e+00 -5.317377567291259766e+00
-1.332993412017822266e+01 -4.241363048553466797e+00 -5.278037071228027344e+00
-1.334354305267333984e+01 -4.326803684234619141e+00 -5.266581535339355469e+00
-1.373788261413574219e+01 -4.466264724731445312e+00 -5.216004371643066406e+00
-1.349320316314697266e+01 -4.545454978942871094e+00 -5.293478012084960938e+00
-1.330832767486572266e+01 -4.571068763732910156e+00 -5.211222648620605469e+00
-1.340100479125976562e+01 -4.684842586517333984e+00 -5.217425346374511719e+00
-1.365233516693115234e+01 -4.795115470886230469e+00 -5.111328125000000000e+00
-1.330016803741455078e+01 -4.757937908172607422e+00 -5.027878761291503906e+00
-1.367457580566406250e+01 -4.907763004302978516e+00 -4.962620258331298828e+00
-1.369594478607177734e+01 -4.954574584960937500e+00 -4.869629859924316406e+00
-1.369733047485351562e+01 -4.999551296234130859e+00 -4.795048713684082031e+00
-1.370368862152099609e+01 -5.045566082000732422e+00 -4.710266590118408203e+00
-1.323151874542236328e+01 -4.840053081512451172e+00 -4.488530158996582031e+00
-1.325853729248046875e+01 -4.878512859344482422e+00 -4.400862216949462891e+00
-1.329548931121826172e+01 -4.931436538696289062e+00 -4.314551830291748047e+00
-1.356470775604248047e+01 -5.132210731506347656e+00 -4.315932750701904297e+00
-1.350835514068603516e+01 -5.167917728424072266e+00 -4.245318412780761719e+00
-1.314900302886962891e+01 -5.060221195220947266e+00 -4.192960739135742188e+00
-1.357492446899414062e+01 -5.418303966522216797e+00 -4.342644214630126953e+00
-1.310927200317382812e+01 -5.180991172790527344e+00 -4.118674278259277344e+00
-1.348533248901367188e+01 -5.534666538238525391e+00 -4.313167095184326172e+00
-1.343791103363037109e+01 -5.589251995086669922e+00 -4.290574550628662109e+00
-1.300737380981445312e+01 -5.401647567749023438e+00 -4.076186656951904297e+00
-1.295005226135253906e+01 -5.459994316101074219e+00 -4.111634254455566406e+00
-1.331153488159179688e+01 -5.785764694213867188e+00 -4.318846225738525391e+00
-1.285442543029785156e+01 -5.582084655761718750e+00 -4.165768146514892578e+00
-1.282754993438720703e+01 -5.662543296813964844e+00 -4.184775829315185547e+00
-1.281026268005371094e+01 -5.756002426147460938e+00 -4.201572895050048828e+00
-1.282121372222900391e+01 -5.887277126312255859e+00 -4.196840763092041016e+00
-1.308908653259277344e+01 -6.091389179229736328e+00 -4.500977039337158203e+00
-1.304521274566650391e+01 -6.133270263671875000e+00 -4.584548473358154297e+00
-1.269601154327392578e+01 -6.086550712585449219e+00 -4.326851844787597656e+00
-1.295350074768066406e+01 -6.210577487945556641e+00 -4.749630928039550781e+00
-1.290128898620605469e+01 -6.225616455078125000e+00 -4.846256732940673828e+00
-1.258434486389160156e+01 -6.300577163696289062e+00 -4.449138641357421875e+00
-1.254758548736572266e+01 -6.367199420928955078e+00 -4.494763851165771484e+00
-1.273986625671386719e+01 -6.280734539031982422e+00 -5.085086822509765625e+00
-1.267180824279785156e+01 -6.277485370635986328e+00 -5.160149574279785156e+00
-1.261757469177246094e+01 -6.322883605957031250e+00 -5.191164493560791016e+00
-1.255857563018798828e+01 -6.362390995025634766e+00 -5.228695392608642578e+00
-1.234442520141601562e+01 -6.623187541961669922e+00 -4.779822826385498047e+00
-1.225763320922851562e+01 -6.627349376678466797e+00 -4.780137538909912109e+00
-1.219944000244140625e+01 -6.646127700805664062e+00 -4.837557792663574219e+00
-1.226555538177490234e+01 -6.486079216003417969e+00 -5.315287590026855469e+00
-1.221530246734619141e+01 -6.466321468353271484e+00 -5.356970310211181641e+00
-1.214077949523925781e+01 -6.438328742980957031e+00 -5.362099170684814453e+00
-1.193565654754638672e+01 -6.580476284027099609e+00 -4.972517967224121094e+00
-1.185253906250000000e+01 -6.525690078735351562e+00 -4.915744781494140625e+00
-1.178610324859619141e+01 -6.466419696807861328e+00 -4.915957927703857422e+00
-1.187071418762207031e+01 -6.225174903869628906e+00 -5.364673614501953125e+00
-1.180816078186035156e+01 -6.163775444030761719e+00 -5.340476989746093750e+00
-1.173860549926757812e+01 -6.099259376525878906e+00 -5.300522804260253906e+00
-1.157261466979980469e+01 -6.151956558227539062e+00 -4.927742958068847656e+00
-1.158354091644287109e+01 -5.964656352996826172e+00 -5.171969413757324219e+00
-1.148172378540039062e+01 -5.924746513366699219e+00 -4.995975017547607422e+00
-1.142101860046386719e+01 -5.818934440612792969e+00 -4.983339309692382812e+00
-1.135334205627441406e+01 -5.710720539093017578e+00 -4.974504470825195312e+00
-1.127759075164794922e+01 -5.606955051422119141e+00 -4.950476169586181641e+00
-1.119685268402099609e+01 -5.503240108489990234e+00 -4.927614212036132812e+00
-1.111453628540039062e+01 -5.399888515472412109e+00 -4.902543067932128906e+00
-1.102021503448486328e+01 -5.301600456237792969e+00 -4.901135921478271484e+00
-1.094806575775146484e+01 -5.198704719543457031e+00 -4.892790794372558594e+00
-1.087018013000488281e+01 -5.102337837219238281e+00 -4.847333908081054688e+00
-1.079523849487304688e+01 -5.008243560791015625e+00 -4.842942714691162109e+00
-1.072237205505371094e+01 -4.919817447662353516e+00 -4.836205482482910156e+00
-1.065377712249755859e+01 -4.836593151092529297e+00 -4.829599857330322266e+00
-1.058702278137207031e+01 -4.757689952850341797e+00 -4.823734283447265625e+00
-1.053147602081298828e+01 -4.671683788299560547e+00 -4.811502456665039062e+00
-1.046620178222656250e+01 -4.596948623657226562e+00 -4.800757884979248047e+00
-1.041017341613769531e+01 -4.519451618194580078e+00 -4.796392440795898438e+00
-1.035558509826660156e+01 -4.441912651062011719e+00 -4.800211906433105469e+00
-1.030761623382568359e+01 -4.363686084747314453e+00 -4.815945148468017578e+00
-1.026296520233154297e+01 -4.284144878387451172e+00 -4.839299678802490234e+00
-1.022029685974121094e+01 -4.207055091857910156e+00 -4.865896701812744141e+00
-1.019111251831054688e+01 -4.119709491729736328e+00 -4.854943752288818359e+00
-1.012128448486328125e+01 -4.043507099151611328e+00 -4.783604145050048828e+00
-1.009692764282226562e+01 -3.951940059661865234e+00 -4.785830974578857422e+00
-1.008128452301025391e+01 -3.854430437088012695e+00 -4.770978450775146484e+00
-1.003405284881591797e+01 -3.774124145507812500e+00 -4.764605998992919922e+00
-1.002561664581298828e+01 -3.673394918441772461e+00 -4.740593433380126953e+00
-1.000884437561035156e+01 -3.591591358184814453e+00 -4.771709918975830078e+00
-9.956552505493164062e+00 -3.517159938812255859e+00 -4.782663345336914062e+00
-1.007466220855712891e+01 -3.435330867767333984e+00 -4.985791206359863281e+00
-9.971657752990722656e+00 -3.369285345077514648e+00 -4.919441699981689453e+00
-9.958371162414550781e+00 -3.299056768417358398e+00 -4.973723411560058594e+00
-9.907613754272460938e+00 -3.246261358261108398e+00 -5.007467269897460938e+00
-9.861436843872070312e+00 -3.201789140701293945e+00 -5.057651042938232422e+00
-9.806573867797851562e+00 -3.163666963577270508e+00 -5.105456352233886719e+00
-9.741757392883300781e+00 -3.134645223617553711e+00 -5.152605056762695312e+00
-9.670978546142578125e+00 -3.111455202102661133e+00 -5.211279869079589844e+00
-9.607975959777832031e+00 -3.070679426193237305e+00 -5.258911609649658203e+00
-9.538290023803710938e+00 -3.051972150802612305e+00 -5.325406074523925781e+00
-9.465196609497070312e+00 -3.031990528106689453e+00 -5.392233371734619141e+00
-9.389100074768066406e+00 -3.004431009292602539e+00 -5.456564903259277344e+00
-9.312605857849121094e+00 -2.969808816909790039e+00 -5.510921955108642578e+00
-9.225673675537109375e+00 -2.925348043441772461e+00 -5.588626861572265625e+00
-9.138604164123535156e+00 -2.878865003585815430e+00 -5.662945747375488281e+00
-9.045601844787597656e+00 -2.830651283264160156e+00 -5.739362716674804688e+00
-8.945698738098144531e+00 -2.779072523117065430e+00 -5.819631099700927734e+00
-8.843479156494140625e+00 -2.725284099578857422e+00 -5.901764869689941406e+00
-8.738105773925781250e+00 -2.667687654495239258e+00 -5.985595226287841797e+00
-8.627348899841308594e+00 -2.612970113754272461e+00 -6.069290637969970703e+00
-8.521162033081054688e+00 -2.559751510620117188e+00 -6.160295486450195312e+00
-8.409138679504394531e+00 -2.505417346954345703e+00 -6.244559764862060547e+00
-8.294987678527832031e+00 -2.449604749679565430e+00 -6.329474925994873047e+00
-8.183938980102539062e+00 -2.398633241653442383e+00 -6.409703254699707031e+00
-8.074022293090820312e+00 -2.347428798675537109e+00 -6.485687732696533203e+00
-7.967403888702392578e+00 -2.300575256347656250e+00 -6.556578159332275391e+00
-7.858062267303466797e+00 -2.253818511962890625e+00 -6.617140769958496094e+00
-7.756322383880615234e+00 -2.211491823196411133e+00 -6.671694278717041016e+00
-7.655842781066894531e+00 -2.172213315963745117e+00 -6.710277080535888672e+00
-7.552694320678710938e+00 -2.132038593292236328e+00 -6.735074996948242188e+00
-7.461501121520996094e+00 -2.064079999923706055e+00 -6.744389057159423828e+00
-7.381622791290283203e+00 -1.955090165138244629e+00 -6.740289688110351562e+00
-7.217714786529541016e+00 -2.221326351165771484e+00 -6.873097419738769531e+00
-7.126754283905029297e+00 -2.205502748489379883e+00 -6.903210163116455078e+00
-7.049789428710937500e+00 -2.193574905395507812e+00 -6.941519260406494141e+00
-7.098695755004882812e+00 -1.744508385658264160e+00 -6.838448524475097656e+00
-7.034806728363037109e+00 -1.726441144943237305e+00 -6.878643035888671875e+00
-6.880947113037109375e+00 -2.121103525161743164e+00 -7.068789005279541016e+00
-6.931577682495117188e+00 -1.693181514739990234e+00 -6.981369018554687500e+00
-6.897555351257324219e+00 -1.670667767524719238e+00 -7.042052745819091797e+00
-6.882949829101562500e+00 -1.641885638236999512e+00 -7.097089767456054688e+00
-6.892850399017333984e+00 -1.600789308547973633e+00 -7.154594898223876953e+00
-6.792596340179443359e+00 -1.948140740394592285e+00 -7.331196308135986328e+00
-6.832176208496093750e+00 -1.951164722442626953e+00 -7.389067173004150391e+00
-6.867396354675292969e+00 -1.948499083518981934e+00 -7.458729267120361328e+00
-6.926734924316406250e+00 -1.990342974662780762e+00 -7.531966686248779297e+00
-6.985882759094238281e+00 -2.002225637435913086e+00 -7.597105503082275391e+00
-7.139406681060791016e+00 -1.489468693733215332e+00 -7.472870826721191406e+00
-7.106768608093261719e+00 -1.990139603614807129e+00 -7.714560985565185547e+00
-7.259616851806640625e+00 -1.508022665977478027e+00 -7.599148273468017578e+00
-7.342286109924316406e+00 -1.536633372306823730e+00 -7.671882629394531250e+00
-7.394146442413330078e+00 -1.597243785858154297e+00 -7.769104957580566406e+00
-7.435971260070800781e+00 -1.829996943473815918e+00 -7.919291019439697266e+00
-7.529552459716796875e+00 -1.761433959007263184e+00 -7.967209339141845703e+00
-7.629178047180175781e+00 -1.722611427307128906e+00 -8.025138854980468750e+00
-7.697043418884277344e+00 -1.688601732254028320e+00 -8.110349655151367188e+00
-7.766939640045166016e+00 -1.666087865829467773e+00 -8.215801239013671875e+00
-7.833489418029785156e+00 -1.629636526107788086e+00 -8.320956230163574219e+00
-7.883907318115234375e+00 -1.596307754516601562e+00 -8.440796852111816406e+00
-7.942464828491210938e+00 -1.569597959518432617e+00 -8.559054374694824219e+00
-7.996276378631591797e+00 -1.537675023078918457e+00 -8.688333511352539062e+00
-8.053922653198242188e+00 -1.501460313796997070e+00 -8.809862136840820312e+00
-8.115268707275390625e+00 -1.468498229980468750e+00 -8.936579704284667969e+00
-8.173587799072265625e+00 -1.435084700584411621e+00 -9.062834739685058594e+00
-8.231925010681152344e+00 -1.399540662765502930e+00 -9.191184043884277344e+00
-8.290818214416503906e+00 -1.363470196723937988e+00 -9.321557998657226562e+00
-8.347967147827148438e+00 -1.327014327049255371e+00 -9.450102806091308594e+00
-8.403863906860351562e+00 -1.288305282592773438e+00 -9.580810546875000000e+00
-8.463258743286132812e+00 -1.251857757568359375e+00 -9.714901924133300781e+00
-8.522712707519531250e+00 -1.212753772735595703e+00 -9.847206115722656250e+00
-8.582814216613769531e+00 -1.173711180686950684e+00 -9.979785919189453125e+00
-8.644417762756347656e+00 -1.133572101593017578e+00 -1.011556625366210938e+01
-8.705151557922363281e+00 -1.089932441711425781e+00 -1.024470901489257812e+01
-8.766455650329589844e+00 -1.047475695610046387e+00 -1.037761878967285156e+01
-8.831309318542480469e+00 -1.004841089248657227e+00 -1.051239681243896484e+01
-8.897232055664062500e+00 -9.640164971351623535e-01 -1.064249515533447266e+01
-8.962135314941406250e+00 -9.228238463401794434e-01 -1.077119350433349609e+01
-9.026326179504394531e+00 -8.809725046157836914e-01 -1.089863109588623047e+01
-9.089924812316894531e+00 -8.407778143882751465e-01 -1.101737785339355469e+01
-9.152266502380371094e+00 -8.053232431411743164e-01 -1.113230705261230469e+01
-9.207592964172363281e+00 -7.463001012802124023e-01 -1.123891162872314453e+01
-9.265909194946289062e+00 -7.173437476158142090e-01 -1.134674739837646484e+01
-9.313042640686035156e+00 -6.822886466979980469e-01 -1.144867515563964844e+01
-9.369975090026855469e+00 -6.625858545303344727e-01 -1.155124282836914062e+01
-9.390204429626464844e+00 -6.770615577697753906e-01 -1.169867420196533203e+01
-9.441276550292968750e+00 -6.765074133872985840e-01 -1.180412197113037109e+01
-9.494602203369140625e+00 -6.586688756942749023e-01 -1.188661956787109375e+01
-9.522700309753417969e+00 -4.021514654159545898e-01 -1.188639354705810547e+01
-9.622649192810058594e+00 -2.598215937614440918e-01 -1.185522365570068359e+01
-9.706838607788085938e+00 -2.044289559125900269e-01 -1.187043190002441406e+01
-9.793863296508789062e+00 -1.507390439510345459e-01 -1.187760925292968750e+01
-9.955469131469726562e+00 -6.990089416503906250e-01 -1.206018161773681641e+01
-1.005807781219482422e+01 -6.933103203773498535e-01 -1.206146430969238281e+01
-1.015427207946777344e+01 -6.759628057479858398e-01 -1.206214332580566406e+01
-1.024921798706054688e+01 -6.587065458297729492e-01 -1.206402587890625000e+01
-1.023779010772705078e+01 -4.282717406749725342e-02 -1.191002559661865234e+01
-1.032009315490722656e+01 -3.392656147480010986e-02 -1.192721462249755859e+01
-1.038455104827880859e+01 -1.530163735151290894e-02 -1.195730495452880859e+01
-1.056451511383056641e+01 -5.041651129722595215e-01 -1.210175132751464844e+01
-1.063165950775146484e+01 -4.363999962806701660e-01 -1.211717319488525391e+01
-1.066362380981445312e+01 -4.598369300365447998e-01 -1.219340801239013672e+01
-1.068443965911865234e+01 -4.648181796073913574e-01 -1.226324844360351562e+01
-1.064579200744628906e+01 7.065330445766448975e-02 -1.218819904327392578e+01
-1.076234436035156250e+01 -2.344650626182556152e-01 -1.231830024719238281e+01
-1.074956417083740234e+01 -7.460545282810926437e-03 -1.234638023376464844e+01
-1.073320674896240234e+01 4.009767994284629822e-02 -1.241866111755371094e+01
-1.068975448608398438e+01 1.032479554414749146e-01 -1.248922538757324219e+01
-1.066280555725097656e+01 1.275458931922912598e-01 -1.256219482421875000e+01
-1.057305335998535156e+01 -3.103833496570587158e-01 -1.272670269012451172e+01
-1.050280666351318359e+01 -2.880817055702209473e-01 -1.279937934875488281e+01
-1.048042297363281250e+01 1.996542215347290039e-01 -1.280078983306884766e+01
-1.041163921356201172e+01 2.089554965496063232e-01 -1.288540840148925781e+01
-1.033157444000244141e+01 2.013734132051467896e-01 -1.297045421600341797e+01
-1.025632572174072266e+01 2.150299996137619019e-01 -1.305628013610839844e+01
-1.010419940948486328e+01 -6.077242642641067505e-02 -1.315701770782470703e+01
-1.002091598510742188e+01 -6.593187898397445679e-02 -1.324259662628173828e+01
-1.005146217346191406e+01 2.508026063442230225e-01 -1.333237552642822266e+01
-9.867362022399902344e+00 -1.941971480846405029e-01 -1.342564296722412109e+01
-9.811527252197265625e+00 -1.974153518676757812e-01 -1.351452732086181641e+01
-9.927536964416503906e+00 3.351604342460632324e-01 -1.360773754119873047e+01
-9.880554199218750000e+00 3.424412608146667480e-01 -1.369589042663574219e+01
-9.672681808471679688e+00 -7.113764435052871704e-02 -1.377420902252197266e+01
-9.647501945495605469e+00 -1.016712486743927002e-01 -1.386250209808349609e+01
-9.640062332153320312e+00 -1.201385483145713806e-01 -1.394581508636474609e+01
-9.848702430725097656e+00 3.764073848724365234e-01 -1.403185367584228516e+01
-9.860162734985351562e+00 3.578815460205078125e-01 -1.410496711730957031e+01
-9.694609642028808594e+00 3.869346808642148972e-03 -1.419720840454101562e+01
-9.706559181213378906e+00 -1.255447268486022949e-01 -1.424787044525146484e+01
-9.760898590087890625e+00 -1.574576795101165771e-01 -1.430559349060058594e+01
-1.003219795227050781e+01 2.993923425674438477e-01 -1.434799480438232422e+01
-1.007312870025634766e+01 2.433819472789764404e-01 -1.440150165557861328e+01
-1.017751121520996094e+01 2.504877150058746338e-01 -1.441691398620605469e+01
-1.004991626739501953e+01 -2.746923267841339111e-01 -1.444677162170410156e+01
-1.015375804901123047e+01 -2.953486442565917969e-01 -1.445353698730468750e+01
-1.026014614105224609e+01 -2.872546911239624023e-01 -1.447275638580322266e+01
-1.046119022369384766e+01 -2.905457280576229095e-02 -1.452485179901123047e+01
-1.046104431152343750e+01 -3.736731112003326416e-01 -1.440607738494873047e+01
-1.064669704437255859e+01 -1.333779692649841309e-01 -1.453466129302978516e+01
-1.077929687500000000e+01 -9.906531870365142822e-02 -1.451130962371826172e+01
-1.089811325073242188e+01 -9.532078355550765991e-02 -1.448931407928466797e+01
-1.101341819763183594e+01 -9.412015229463577271e-02 -1.446511840820312500e+01
-1.112339878082275391e+01 -1.014231666922569275e-01 -1.443202495574951172e+01
-1.121726131439208984e+01 -1.323370039463043213e-01 -1.441959381103515625e+01
-1.132200813293457031e+01 -1.477573215961456299e-01 -1.435873317718505859e+01
-1.126103973388671875e+01 -5.139579176902770996e-01 -1.411832809448242188e+01
-1.151167488098144531e+01 -1.906920969486236572e-01 -1.434638118743896484e+01
-1.159331512451171875e+01 -2.291361540555953979e-01 -1.432495021820068359e+01
-1.153888797760009766e+01 -5.196764469146728516e-01 -1.408677291870117188e+01
-1.160443115234375000e+01 -5.601832866668701172e-01 -1.408691883087158203e+01
-1.166330814361572266e+01 -5.950282812118530273e-01 -1.410235309600830078e+01
-1.174275398254394531e+01 -5.996659398078918457e-01 -1.415072727203369141e+01
-1.182903385162353516e+01 -5.925086736679077148e-01 -1.423336887359619141e+01
-1.189654254913330078e+01 -5.506649613380432129e-01 -1.443295001983642578e+01
-1.190898799896240234e+01 -6.502326726913452148e-01 -1.442957687377929688e+01
-1.191500186920166016e+01 -7.027094364166259766e-01 -1.452752685546875000e+01
-1.189411640167236328e+01 -7.894577980041503906e-01 -1.455863761901855469e+01
-1.187041950225830078e+01 -8.186448216438293457e-01 -1.468474864959716797e+01
-1.182604789733886719e+01 -9.134317040443420410e-01 -1.470839786529541016e+01
-1.177663516998291016e+01 -9.815785288810729980e-01 -1.477928256988525391e+01
-1.173306560516357422e+01 -1.063607215881347656e+00 -1.481995964050292969e+01
-1.167152118682861328e+01 -1.144484877586364746e+00 -1.485970592498779297e+01
-1.159406948089599609e+01 -1.216807246208190918e+00 -1.491585922241210938e+01
-1.149568748474121094e+01 -1.295453667640686035e+00 -1.495475196838378906e+01
-1.141268539428710938e+01 -1.384273290634155273e+00 -1.499344348907470703e+01
-1.134503936767578125e+01 -1.480750679969787598e+00 -1.502860355377197266e+01
-1.125774192810058594e+01 -1.583996415138244629e+00 -1.502715396881103516e+01
-1.116117572784423828e+01 -1.679861664772033691e+00 -1.504595184326171875e+01
-1.102384948730468750e+01 -1.751228094100952148e+00 -1.505016040802001953e+01
-1.092119503021240234e+01 -1.841837525367736816e+00 -1.503297805786132812e+01
-1.093224525451660156e+01 -1.980360507965087891e+00 -1.504695320129394531e+01
-1.085055923461914062e+01 -2.064650297164916992e+00 -1.499577808380126953e+01
-1.081413459777832031e+01 -2.157120943069458008e+00 -1.496642875671386719e+01
-1.077891254425048828e+01 -2.224841117858886719e+00 -1.491334438323974609e+01
-1.075113964080810547e+01 -2.274481534957885742e+00 -1.485271263122558594e+01
-1.076629257202148438e+01 -2.321042776107788086e+00 -1.479405117034912109e+01
-1.077880573272705078e+01 -2.336142778396606445e+00 -1.472732067108154297e+01
-1.081888961791992188e+01 -2.341984987258911133e+00 -1.464375877380371094e+01
-1.089694976806640625e+01 -2.330831050872802734e+00 -1.456269168853759766e+01
-1.099080753326416016e+01 -2.282787084579467773e+00 -1.445114040374755859e+01
-1.107081604003906250e+01 -2.200167894363403320e+00 -1.434076309204101562e+01
-1.124941062927246094e+01 -2.121798038482666016e+00 -1.424510478973388672e+01
-1.143623828887939453e+01 -2.011821746826171875e+00 -1.411006832122802734e+01
-1.167239379882812500e+01 -1.876606106758117676e+00 -1.395952510833740234e+01
-1.194764137268066406e+01 -1.710184216499328613e+00 -1.377928924560546875e+01
-1.222128963470458984e+01 -1.541480779647827148e+00 -1.357440567016601562e+01
-1.247639846801757812e+01 -1.402245879173278809e+00 -1.337233066558837891e+01
-1.269342041015625000e+01 -1.296856164932250977e+00 -1.317060661315917969e+01
-1.286990451812744141e+01 -1.225242257118225098e+00 -1.298364353179931641e+01
-1.302343940734863281e+01 -1.165687441825866699e+00 -1.280411243438720703e+01
-1.315898513793945312e+01 -1.124794483184814453e+00 -1.263308715820312500e+01
-1.329395771026611328e+01 -1.093384146690368652e+00 -1.246523857116699219e+01
-1.342361927032470703e+01 -1.070183277130126953e+00 -1.229269027709960938e+01
-1.355298614501953125e+01 -1.048368096351623535e+00 -1.211578655242919922e+01
-1.366940879821777344e+01 -1.029647231101989746e+00 -1.194423389434814453e+01
-1.376457786560058594e+01 -1.014224767684936523e+00 -1.179123878479003906e+01
-1.385282230377197266e+01 -9.997158050537109375e-01 -1.165456199645996094e+01
-1.391427135467529297e+01 -9.882397651672363281e-01 -1.154795074462890625e+01
-1.396758651733398438e+01 -9.796370267868041992e-01 -1.145814037322998047e+01
-1.400771617889404297e+01 -9.731609821319580078e-01 -1.138948059082031250e+01
-1.403701400756835938e+01 -9.690411686897277832e-01 -1.133909320831298828e+01
-1.405995559692382812e+01 -9.656229019165039062e-01 -1.129772758483886719e+01
-1.407518672943115234e+01 -9.627596735954284668e-01 -1.127007198333740234e+01
-1.408674621582031250e+01 -9.607605934143066406e-01 -1.124982547760009766e+01
-1.409420490264892578e+01 -9.593408703804016113e-01 -1.123507308959960938e+01
-1.410005378723144531e+01 -9.584045410156250000e-01 -1.122518157958984375e+01
-1.410360813140869141e+01 -9.577867984771728516e-01 -1.121878337860107422e+01
-1.410566997528076172e+01 -9.574320316314697266e-01 -1.121505641937255859e+01
-1.410705471038818359e+01 -9.572192430496215820e-01 -1.121327781677246094e+01
-1.410745429992675781e+01 -9.571453928947448730e-01 -1.121254634857177734e+01
