-3.615681886672973633e+00 6.946236610412597656e+00 6.266368031501770020e-01
-3.633794307708740234e+00 6.982015609741210938e+00 5.422980785369873047e-01
-3.657486200332641602e+00 7.030066490173339844e+00 4.238713681697845459e-01
-3.686449766159057617e+00 7.098349571228027344e+00 2.626945972442626953e-01
-3.722743988037109375e+00 7.182084560394287109e+00 4.514735564589500427e-02
-3.754281759262084961e+00 7.269988059997558594e+00 -2.138605564832687378e-01
-3.768514156341552734e+00 7.343502998352050781e+00 -4.851905405521392822e-01
-3.763189077377319336e+00 7.385680675506591797e+00 -7.456986308097839355e-01
-3.747530221939086914e+00 7.390244960784912109e+00 -9.848838448524475098e-01
-3.729790687561035156e+00 7.362317085266113281e+00 -1.192392826080322266e+00
-3.715037822723388672e+00 7.306260108947753906e+00 -1.368695139884948730e+00
-3.705419540405273438e+00 7.228889942169189453e+00 -1.511174917221069336e+00
-3.698942184448242188e+00 7.140047073364257812e+00 -1.629136085510253906e+00
-3.697576999664306641e+00 7.052386760711669922e+00 -1.726278543472290039e+00
-3.701087236404418945e+00 6.962031841278076172e+00 -1.810605049133300781e+00
-3.709044933319091797e+00 6.873191833496093750e+00 -1.887001037597656250e+00
-3.721518754959106445e+00 6.784785747528076172e+00 -1.958537340164184570e+00
-3.734792947769165039e+00 6.701189994812011719e+00 -2.026137828826904297e+00
-3.754227876663208008e+00 6.609806060791015625e+00 -2.096180915832519531e+00
-3.776972293853759766e+00 6.520502090454101562e+00 -2.169540643692016602e+00
-3.802284717559814453e+00 6.427746295928955078e+00 -2.247450351715087891e+00
-3.829440355300903320e+00 6.330206394195556641e+00 -2.332439899444580078e+00
-3.858067989349365234e+00 6.228254795074462891e+00 -2.422725200653076172e+00
-3.883729219436645508e+00 6.127490997314453125e+00 -2.516867399215698242e+00
-3.914686203002929688e+00 6.023467540740966797e+00 -2.615735530853271484e+00
-3.944110631942749023e+00 5.920955181121826172e+00 -2.717733860015869141e+00
-3.970177173614501953e+00 5.821698188781738281e+00 -2.817193508148193359e+00
-3.995960235595703125e+00 5.727791786193847656e+00 -2.914597988128662109e+00
-4.018687248229980469e+00 5.638525962829589844e+00 -3.008254289627075195e+00
-4.041118621826171875e+00 5.555902957916259766e+00 -3.097727298736572266e+00
-4.040515899658203125e+00 5.482540130615234375e+00 -3.184957027435302734e+00
-4.050554275512695312e+00 5.413823127746582031e+00 -3.266285419464111328e+00
-4.054185867309570312e+00 5.350821971893310547e+00 -3.340798139572143555e+00
-4.053056240081787109e+00 5.295637607574462891e+00 -3.410659074783325195e+00
-4.047066211700439453e+00 5.244350910186767578e+00 -3.475538015365600586e+00
-4.034028053283691406e+00 5.200621128082275391e+00 -3.535805702209472656e+00
-4.015142440795898438e+00 5.161619663238525391e+00 -3.591309309005737305e+00
-3.988661289215087891e+00 5.127364635467529297e+00 -3.643309831619262695e+00
-3.954719543457031250e+00 5.096476078033447266e+00 -3.692105770111083984e+00
-3.914563417434692383e+00 5.069100856781005859e+00 -3.738278388977050781e+00
-3.867563247680664062e+00 5.044023036956787109e+00 -3.783374309539794922e+00
-3.810299396514892578e+00 5.020158767700195312e+00 -3.825931549072265625e+00
-3.745017528533935547e+00 4.999217033386230469e+00 -3.870425462722778320e+00
-3.666429996490478516e+00 4.977862834930419922e+00 -3.913805723190307617e+00
-3.576001405715942383e+00 4.959829330444335938e+00 -3.955878496170043945e+00
-3.474335432052612305e+00 4.940006732940673828e+00 -4.001163005828857422e+00
-3.360404014587402344e+00 4.920980453491210938e+00 -4.048532962799072266e+00
-3.233817100524902344e+00 4.900020599365234375e+00 -4.099968433380126953e+00
-3.081173658370971680e+00 4.885962486267089844e+00 -4.147562980651855469e+00
-2.917522668838500977e+00 4.870693206787109375e+00 -4.200424194335937500e+00
-2.736117362976074219e+00 4.857430458068847656e+00 -4.254765987396240234e+00
-2.539493083953857422e+00 4.851541996002197266e+00 -4.304540157318115234e+00
-2.330506086349487305e+00 4.850517749786376953e+00 -4.353015899658203125e+00
-2.104662418365478516e+00 4.859233856201171875e+00 -4.397054672241210938e+00
-1.872097492218017578e+00 4.874479770660400391e+00 -4.437423229217529297e+00
-1.638176560401916504e+00 4.898839473724365234e+00 -4.474178314208984375e+00
-1.386829137802124023e+00 4.935985565185546875e+00 -4.508247852325439453e+00
-1.146918058395385742e+00 4.983948230743408203e+00 -4.540643692016601562e+00
-9.055665731430053711e-01 5.046514511108398438e+00 -4.571852684020996094e+00
-6.684218645095825195e-01 5.120310306549072266e+00 -4.604780197143554688e+00
-4.334609508514404297e-01 5.208490848541259766e+00 -4.643231868743896484e+00
-2.074665427207946777e-01 5.303856372833251953e+00 -4.686356544494628906e+00
5.344868637621402740e-03 5.402367115020751953e+00 -4.732720375061035156e+00
2.146817147731781006e-01 5.510502338409423828e+00 -4.788022041320800781e+00
4.161170423030853271e-01 5.627232551574707031e+00 -4.851845741271972656e+00
6.052739620208740234e-01 5.745785713195800781e+00 -4.920194149017333984e+00
7.810690402984619141e-01 5.865070343017578125e+00 -4.991132259368896484e+00
9.400488734245300293e-01 5.980970859527587891e+00 -5.062019824981689453e+00
1.079308271408081055e+00 6.097294330596923828e+00 -5.132019519805908203e+00
1.194443941116333008e+00 6.202707767486572266e+00 -5.192409038543701172e+00
1.293593049049377441e+00 6.302284240722656250e+00 -5.247565746307373047e+00
1.373827815055847168e+00 6.393990039825439453e+00 -5.295519351959228516e+00
1.440869569778442383e+00 6.483285427093505859e+00 -5.335770130157470703e+00
1.495022058486938477e+00 6.571879386901855469e+00 -5.369945049285888672e+00
1.538522481918334961e+00 6.661514282226562500e+00 -5.399048805236816406e+00
1.570465564727783203e+00 6.751932144165039062e+00 -5.421629905700683594e+00
1.594081401824951172e+00 6.851152420043945312e+00 -5.438210964202880859e+00
1.617488503456115723e+00 6.953927040100097656e+00 -5.452356338500976562e+00
1.625114202499389648e+00 7.059960842132568359e+00 -5.456573486328125000e+00
1.627977013587951660e+00 7.184693336486816406e+00 -5.457271099090576172e+00
1.623445510864257812e+00 7.324832916259765625e+00 -5.451041221618652344e+00
1.611701846122741699e+00 7.483579158782958984e+00 -5.436401844024658203e+00
1.590973258018493652e+00 7.662113666534423828e+00 -5.411486148834228516e+00
1.559024572372436523e+00 7.862131118774414062e+00 -5.372285366058349609e+00
1.518230438232421875e+00 8.081217765808105469e+00 -5.317211151123046875e+00
1.471567273139953613e+00 8.317237854003906250e+00 -5.243041515350341797e+00
1.408036708831787109e+00 8.570255279541015625e+00 -5.140802860260009766e+00
1.334907889366149902e+00 8.829458236694335938e+00 -5.013209819793701172e+00
1.254699468612670898e+00 9.079298019409179688e+00 -4.867155551910400391e+00
1.163921594619750977e+00 9.314234733581542969e+00 -4.705761909484863281e+00
1.059839844703674316e+00 9.533847808837890625e+00 -4.531870365142822266e+00
9.458646774291992188e-01 9.727199554443359375e+00 -4.354280948638916016e+00
8.173148036003112793e-01 9.897624015808105469e+00 -4.175336837768554688e+00
6.741278767585754395e-01 1.004420661926269531e+01 -3.996515989303588867e+00
5.187311768531799316e-01 1.016637325286865234e+01 -3.823316097259521484e+00
3.500317037105560303e-01 1.026965522766113281e+01 -3.655313491821289062e+00
1.686594784259796143e-01 1.035667610168457031e+01 -3.493278980255126953e+00
-1.820163056254386902e-02 1.042633342742919922e+01 -3.343613386154174805e+00
-2.209473252296447754e-01 1.048856353759765625e+01 -3.201225280761718750e+00
-4.351176917552947998e-01 1.054387092590332031e+01 -3.067052364349365234e+00
-6.592166423797607422e-01 1.059468650817871094e+01 -2.948675155639648438e+00
-8.867029547691345215e-01 1.064237499237060547e+01 -2.843759298324584961e+00
-1.117409229278564453e+00 1.068985080718994141e+01 -2.752920389175415039e+00
-1.346381306648254395e+00 1.073627567291259766e+01 -2.676523685455322266e+00
-1.570907711982727051e+00 1.078900527954101562e+01 -2.612962961196899414e+00
-1.784136533737182617e+00 1.083796501159667969e+01 -2.563873291015625000e+00
-1.990476489067077637e+00 1.089700317382812500e+01 -2.523525238037109375e+00
-2.181378126144409180e+00 1.095645713806152344e+01 -2.491122484207153320e+00
-2.354113817214965820e+00 1.101954841613769531e+01 -2.466318368911743164e+00
-2.514615297317504883e+00 1.108412551879882812e+01 -2.441356658935546875e+00
-2.656127214431762695e+00 1.115047645568847656e+01 -2.422819614410400391e+00
-2.784774065017700195e+00 1.121698188781738281e+01 -2.412217617034912109e+00
-2.901623249053955078e+00 1.128530406951904297e+01 -2.394230842590332031e+00
-3.010016679763793945e+00 1.134939765930175781e+01 -2.378520727157592773e+00
-3.112512826919555664e+00 1.141098213195800781e+01 -2.362527370452880859e+00
-3.215481042861938477e+00 1.146066665649414062e+01 -2.360645294189453125e+00
-3.316300630569458008e+00 1.148789978027343750e+01 -2.344300746917724609e+00
-3.393321990966796875e+00 1.152204608917236328e+01 -2.349824428558349609e+00
-3.465654850006103516e+00 1.153808879852294922e+01 -2.376030921936035156e+00
-3.513859510421752930e+00 1.155863761901855469e+01 -2.433476924896240234e+00
-3.549626111984252930e+00 1.156514263153076172e+01 -2.492107391357421875e+00
-3.578277587890625000e+00 1.155519485473632812e+01 -2.541317939758300781e+00
-3.631250381469726562e+00 1.151371097564697266e+01 -2.504539251327514648e+00
-3.648591518402099609e+00 1.147323036193847656e+01 -2.533329725265502930e+00
-3.662092208862304688e+00 1.141806793212890625e+01 -2.545496940612792969e+00
-3.658653974533081055e+00 1.134316539764404297e+01 -2.573764324188232422e+00
-3.621711730957031250e+00 1.125107860565185547e+01 -2.639971733093261719e+00
-3.585902690887451172e+00 1.114274787902832031e+01 -2.658762454986572266e+00
-3.538460493087768555e+00 1.102135372161865234e+01 -2.670354366302490234e+00
-3.474563598632812500e+00 1.090128707885742188e+01 -2.675445079803466797e+00
-3.399281263351440430e+00 1.077141666412353516e+01 -2.685028553009033203e+00
-3.291713476181030273e+00 1.062507438659667969e+01 -2.695714950561523438e+00
-3.157759428024291992e+00 1.046462440490722656e+01 -2.704645156860351562e+00
-2.996054887771606445e+00 1.028059101104736328e+01 -2.709607362747192383e+00
-2.796768188476562500e+00 1.008384609222412109e+01 -2.706681489944458008e+00
-2.564510583877563477e+00 9.876672744750976562e+00 -2.696667194366455078e+00
-2.301578998565673828e+00 9.665299415588378906e+00 -2.680428266525268555e+00
-2.013897180557250977e+00 9.454409599304199219e+00 -2.660322189331054688e+00
-1.711568832397460938e+00 9.245126724243164062e+00 -2.638191938400268555e+00
-1.391407966613769531e+00 9.031795501708984375e+00 -2.611171960830688477e+00
-1.065893769264221191e+00 8.815382957458496094e+00 -2.583175182342529297e+00
-7.397272586822509766e-01 8.592751502990722656e+00 -2.556160688400268555e+00
-4.245872795581817627e-01 8.366074562072753906e+00 -2.538177490234375000e+00
-1.325775533914566040e-01 8.150028228759765625e+00 -2.534687757492065430e+00
1.359203010797500610e-01 7.950850486755371094e+00 -2.549939870834350586e+00
3.919757008552551270e-01 7.770705699920654297e+00 -2.590708971023559570e+00
6.464046835899353027e-01 7.610394001007080078e+00 -2.657911777496337891e+00
8.962841629981994629e-01 7.477255344390869141e+00 -2.754108905792236328e+00
1.142500638961791992e+00 7.374768733978271484e+00 -2.871928691864013672e+00
1.385137557983398438e+00 7.306507110595703125e+00 -3.010636806488037109e+00
1.618163585662841797e+00 7.272116184234619141e+00 -3.158614873886108398e+00
1.836192250251770020e+00 7.269943714141845703e+00 -3.312549591064453125e+00
2.025719404220581055e+00 7.291124820709228516e+00 -3.457305908203125000e+00
2.190425634384155273e+00 7.331333637237548828e+00 -3.589380979537963867e+00
2.331595420837402344e+00 7.380936145782470703e+00 -3.707912445068359375e+00
2.446723222732543945e+00 7.437794685363769531e+00 -3.805929422378540039e+00
2.544860363006591797e+00 7.501385211944580078e+00 -3.888991117477416992e+00
2.625312328338623047e+00 7.568808078765869141e+00 -3.955840349197387695e+00
2.694180727005004883e+00 7.642558574676513672e+00 -4.010694026947021484e+00
2.751900911331176758e+00 7.726317882537841797e+00 -4.055781841278076172e+00
2.798215627670288086e+00 7.822492122650146484e+00 -4.091936588287353516e+00
2.836622953414916992e+00 7.931009769439697266e+00 -4.122440338134765625e+00
2.864388942718505859e+00 8.060421943664550781e+00 -4.145669460296630859e+00
2.882960557937622070e+00 8.215806007385253906e+00 -4.160597801208496094e+00
2.892755746841430664e+00 8.397645950317382812e+00 -4.167630672454833984e+00
2.885131359100341797e+00 8.609650611877441406e+00 -4.157810688018798828e+00
2.861516475677490234e+00 8.853775024414062500e+00 -4.131088733673095703e+00
2.816410541534423828e+00 9.123708724975585938e+00 -4.079943656921386719e+00
2.746588468551635742e+00 9.411333084106445312e+00 -4.002136230468750000e+00
2.650920867919921875e+00 9.702501296997070312e+00 -3.896028280258178711e+00
2.525160551071166992e+00 9.980379104614257812e+00 -3.766131162643432617e+00
2.367380619049072266e+00 1.023986816406250000e+01 -3.614744901657104492e+00
2.180384874343872070e+00 1.047296333312988281e+01 -3.451556205749511719e+00
1.968116283416748047e+00 1.067515182495117188e+01 -3.285457611083984375e+00
1.734119415283203125e+00 1.084681034088134766e+01 -3.118660688400268555e+00
1.486588239669799805e+00 1.098919296264648438e+01 -2.956687927246093750e+00
1.225352048873901367e+00 1.110507202148437500e+01 -2.798098802566528320e+00
9.541519880294799805e-01 1.119754123687744141e+01 -2.643783330917358398e+00
6.708462238311767578e-01 1.126785182952880859e+01 -2.491505384445190430e+00
3.789472281932830811e-01 1.132091140747070312e+01 -2.341200113296508789e+00
9.011617302894592285e-02 1.135852146148681641e+01 -2.199809074401855469e+00
-2.032629400491714478e-01 1.137659931182861328e+01 -2.067881822586059570e+00
-4.905770421028137207e-01 1.138035678863525391e+01 -1.944107413291931152e+00
-7.592800259590148926e-01 1.136769962310791016e+01 -1.836307525634765625e+00
-1.015449166297912598e+00 1.134384822845458984e+01 -1.749808788299560547e+00
-1.265796661376953125e+00 1.131301879882812500e+01 -1.688568711280822754e+00
-1.505470991134643555e+00 1.127124977111816406e+01 -1.644771337509155273e+00
-1.738278865814208984e+00 1.122158050537109375e+01 -1.619061470031738281e+00
-1.956670999526977539e+00 1.115222358703613281e+01 -1.594913840293884277e+00
-2.168984651565551758e+00 1.106731510162353516e+01 -1.574005007743835449e+00
-2.374458074569702148e+00 1.096217250823974609e+01 -1.556840300559997559e+00
-2.559350013732910156e+00 1.083404254913330078e+01 -1.544234514236450195e+00
-2.738804578781127930e+00 1.068762683868408203e+01 -1.532972693443298340e+00
-2.903414964675903320e+00 1.052792358398437500e+01 -1.527579426765441895e+00
-3.057395219802856445e+00 1.035401439666748047e+01 -1.522486686706542969e+00
-3.196268796920776367e+00 1.016601085662841797e+01 -1.508121967315673828e+00
-3.329837799072265625e+00 9.957709312438964844e+00 -1.483605742454528809e+00
-3.458899736404418945e+00 9.728175163269042969e+00 -1.446889519691467285e+00
-3.588239908218383789e+00 9.498217582702636719e+00 -1.403476238250732422e+00
-3.720932245254516602e+00 9.255523681640625000e+00 -1.354339599609375000e+00
-3.855772495269775391e+00 9.024418830871582031e+00 -1.306030511856079102e+00
-3.993707418441772461e+00 8.802103042602539062e+00 -1.264030098915100098e+00
-4.131401062011718750e+00 8.604270935058593750e+00 -1.229606866836547852e+00
-4.275540828704833984e+00 8.425435066223144531e+00 -1.201617956161499023e+00
-4.425221443176269531e+00 8.262778282165527344e+00 -1.181301474571228027e+00
-4.578518867492675781e+00 8.113781929016113281e+00 -1.168082833290100098e+00
-4.729478836059570312e+00 7.977682590484619141e+00 -1.162935256958007812e+00
-4.876521587371826172e+00 7.852292060852050781e+00 -1.166098356246948242e+00
-5.018944740295410156e+00 7.737212181091308594e+00 -1.175105452537536621e+00
-5.156269550323486328e+00 7.632063388824462891e+00 -1.191554427146911621e+00
-5.287100315093994141e+00 7.533934116363525391e+00 -1.210174798965454102e+00
-5.415612697601318359e+00 7.442396163940429688e+00 -1.235787987709045410e+00
-5.535596847534179688e+00 7.357740879058837891e+00 -1.262546420097351074e+00
-5.650994777679443359e+00 7.273539543151855469e+00 -1.291892647743225098e+00
-5.755327701568603516e+00 7.201864242553710938e+00 -1.323366165161132812e+00
-5.861996173858642578e+00 7.125169754028320312e+00 -1.358139991760253906e+00
-5.966043949127197266e+00 7.050825595855712891e+00 -1.393637418746948242e+00
-6.069275856018066406e+00 6.975749969482421875e+00 -1.434426784515380859e+00
-6.168771266937255859e+00 6.906566619873046875e+00 -1.471501827239990234e+00
-6.268011093139648438e+00 6.836780548095703125e+00 -1.515163660049438477e+00
-6.367603302001953125e+00 6.767649650573730469e+00 -1.555080294609069824e+00
-6.461003303527832031e+00 6.698325634002685547e+00 -1.597133278846740723e+00
-6.551304817199707031e+00 6.631817340850830078e+00 -1.638474583625793457e+00
-6.645441532135009766e+00 6.568582057952880859e+00 -1.676670670509338379e+00
-6.735825061798095703e+00 6.506311893463134766e+00 -1.715023875236511230e+00
-6.823079586029052734e+00 6.443733215332031250e+00 -1.750898838043212891e+00
-6.906622886657714844e+00 6.386594295501708984e+00 -1.784814953804016113e+00
-6.987163543701171875e+00 6.328960418701171875e+00 -1.818033099174499512e+00
-7.053338050842285156e+00 6.280247688293457031e+00 -1.862385869026184082e+00
-7.122396945953369141e+00 6.226994514465332031e+00 -1.901401400566101074e+00
-7.183365345001220703e+00 6.182862281799316406e+00 -1.944899559020996094e+00
-7.238225460052490234e+00 6.141419410705566406e+00 -1.990306377410888672e+00
-7.280667304992675781e+00 6.100422859191894531e+00 -2.037044286727905273e+00
-7.312866687774658203e+00 6.060985088348388672e+00 -2.090121030807495117e+00
-7.340862274169921875e+00 6.040017604827880859e+00 -2.147616147994995117e+00
-7.350964546203613281e+00 6.014791488647460938e+00 -2.206016063690185547e+00
-7.350103855133056641e+00 5.997750282287597656e+00 -2.270191907882690430e+00
-7.338137626647949219e+00 5.991412639617919922e+00 -2.335850477218627930e+00
-7.312874317169189453e+00 5.994224071502685547e+00 -2.408186674118041992e+00
-7.274758338928222656e+00 6.008173942565917969e+00 -2.485946893692016602e+00
-7.221954822540283203e+00 6.041665077209472656e+00 -2.571099758148193359e+00
-7.161406517028808594e+00 6.087136268615722656e+00 -2.656893253326416016e+00
-7.094952583312988281e+00 6.147691249847412109e+00 -2.743754386901855469e+00
-7.023418426513671875e+00 6.227952003479003906e+00 -2.831336498260498047e+00
-6.941915512084960938e+00 6.328361988067626953e+00 -2.921146392822265625e+00
-6.856937885284423828e+00 6.453191280364990234e+00 -3.013070821762084961e+00
-6.763553142547607422e+00 6.607138633728027344e+00 -3.108337879180908203e+00
-6.663185596466064453e+00 6.784217834472656250e+00 -3.210973501205444336e+00
-6.561234951019287109e+00 6.989638328552246094e+00 -3.315728425979614258e+00
-6.460544586181640625e+00 7.212943553924560547e+00 -3.413099765777587891e+00
-6.359154701232910156e+00 7.464597225189208984e+00 -3.506966352462768555e+00
-6.263652801513671875e+00 7.719201087951660156e+00 -3.593188285827636719e+00
-6.168848037719726562e+00 7.988537788391113281e+00 -3.664428710937500000e+00
-6.079280376434326172e+00 8.255867004394531250e+00 -3.724694490432739258e+00
-5.990225791931152344e+00 8.521423339843750000e+00 -3.775294065475463867e+00
-5.899013519287109375e+00 8.777646064758300781e+00 -3.818103075027465820e+00
-5.805979251861572266e+00 9.025714874267578125e+00 -3.851164340972900391e+00
-5.717397212982177734e+00 9.256562232971191406e+00 -3.874444007873535156e+00
-5.628245353698730469e+00 9.465704917907714844e+00 -3.889602422714233398e+00
-5.541988372802734375e+00 9.658503532409667969e+00 -3.897701025009155273e+00
-5.465959072113037109e+00 9.826887130737304688e+00 -3.899546146392822266e+00
-5.395602226257324219e+00 9.976838111877441406e+00 -3.893761634826660156e+00
-5.330987930297851562e+00 1.011170387268066406e+01 -3.875138044357299805e+00
-5.273939609527587891e+00 1.023289108276367188e+01 -3.850837469100952148e+00
-5.232618331909179688e+00 1.034843063354492188e+01 -3.810347795486450195e+00
-5.208158016204833984e+00 1.044339847564697266e+01 -3.775173902511596680e+00
-5.193534374237060547e+00 1.052104854583740234e+01 -3.732002019882202148e+00
-5.191124916076660156e+00 1.058087348937988281e+01 -3.691263914108276367e+00
-5.197352886199951172e+00 1.062271118164062500e+01 -3.656105518341064453e+00
-5.210764408111572266e+00 1.064782142639160156e+01 -3.624500036239624023e+00
-5.232476711273193359e+00 1.065917778015136719e+01 -3.597977399826049805e+00
-5.263195514678955078e+00 1.065724849700927734e+01 -3.572280883789062500e+00
-5.305058002471923828e+00 1.064231395721435547e+01 -3.548463821411132812e+00
-5.360233783721923828e+00 1.061511898040771484e+01 -3.526280403137207031e+00
-5.422946929931640625e+00 1.056605339050292969e+01 -3.498770475387573242e+00
-5.503755092620849609e+00 1.051102638244628906e+01 -3.489371299743652344e+00
-5.590714454650878906e+00 1.044021415710449219e+01 -3.489526987075805664e+00
-5.685205936431884766e+00 1.035205650329589844e+01 -3.491044521331787109e+00
-5.771633625030517578e+00 1.025252723693847656e+01 -3.498683691024780273e+00
-5.859829902648925781e+00 1.013886928558349609e+01 -3.507951259613037109e+00
-5.955454349517822266e+00 1.001589775085449219e+01 -3.522439241409301758e+00
-6.053619384765625000e+00 9.871245384216308594e+00 -3.529078960418701172e+00
-6.156586647033691406e+00 9.714595794677734375e+00 -3.534538030624389648e+00
-6.265632152557373047e+00 9.550058364868164062e+00 -3.538600683212280273e+00
-6.379500865936279297e+00 9.367560386657714844e+00 -3.541002988815307617e+00
-6.495234012603759766e+00 9.178751945495605469e+00 -3.543702125549316406e+00
-6.613131523132324219e+00 8.993580818176269531e+00 -3.542470693588256836e+00
-6.733435630798339844e+00 8.798660278320312500e+00 -3.544816732406616211e+00
-6.852930068969726562e+00 8.607939720153808594e+00 -3.546745300292968750e+00
-6.973787784576416016e+00 8.421406745910644531e+00 -3.550374269485473633e+00
-7.093724250793457031e+00 8.239094734191894531e+00 -3.553952217102050781e+00
-7.210976123809814453e+00 8.065365791320800781e+00 -3.559472560882568359e+00
-7.322835922241210938e+00 7.899134159088134766e+00 -3.566011905670166016e+00
-7.431999206542968750e+00 7.738963127136230469e+00 -3.575409173965454102e+00
-7.541860103607177734e+00 7.589646339416503906e+00 -3.582986354827880859e+00
-7.641262531280517578e+00 7.446236133575439453e+00 -3.593683958053588867e+00
-7.728018760681152344e+00 7.315287113189697266e+00 -3.606823682785034180e+00
-7.810750484466552734e+00 7.193973064422607422e+00 -3.620296716690063477e+00
-7.888838291168212891e+00 7.082870483398437500e+00 -3.632468461990356445e+00
-7.957754611968994141e+00 6.977221965789794922e+00 -3.643854379653930664e+00
-8.023208618164062500e+00 6.882525920867919922e+00 -3.654561758041381836e+00
-8.082735061645507812e+00 6.793585777282714844e+00 -3.666590929031372070e+00
-8.136517524719238281e+00 6.709742546081542969e+00 -3.677717208862304688e+00
-8.184841156005859375e+00 6.623059272766113281e+00 -3.690376520156860352e+00
-8.228229522705078125e+00 6.545308589935302734e+00 -3.702131986618041992e+00
-8.264271736145019531e+00 6.472284317016601562e+00 -3.713316917419433594e+00
-8.309082984924316406e+00 6.402727127075195312e+00 -3.707771539688110352e+00
-8.343041419982910156e+00 6.329199314117431641e+00 -3.712259292602539062e+00
-8.370607376098632812e+00 6.253746986389160156e+00 -3.715348958969116211e+00
-8.387498855590820312e+00 6.179214477539062500e+00 -3.723782300949096680e+00
-8.402764320373535156e+00 6.103734016418457031e+00 -3.722805023193359375e+00
-8.415727615356445312e+00 6.027124881744384766e+00 -3.719263553619384766e+00
-8.416197776794433594e+00 5.951117515563964844e+00 -3.721385240554809570e+00
-8.408175468444824219e+00 5.876681327819824219e+00 -3.724902391433715820e+00
-8.392271995544433594e+00 5.804318428039550781e+00 -3.736552000045776367e+00
-8.368595123291015625e+00 5.727741241455078125e+00 -3.748759269714355469e+00
-8.335376739501953125e+00 5.654600143432617188e+00 -3.768162012100219727e+00
-8.296368598937988281e+00 5.580812454223632812e+00 -3.789375782012939453e+00
-8.255524635314941406e+00 5.503922939300537109e+00 -3.810893058776855469e+00
-8.214093208312988281e+00 5.425065040588378906e+00 -3.836852550506591797e+00
-8.170022010803222656e+00 5.339194774627685547e+00 -3.867454528808593750e+00
-8.127826690673828125e+00 5.242747783660888672e+00 -3.899837255477905273e+00
-8.088650703430175781e+00 5.132358074188232422e+00 -3.935528993606567383e+00
-8.045468330383300781e+00 5.009067058563232422e+00 -3.978927612304687500e+00
-7.996613979339599609e+00 4.870906829833984375e+00 -4.022077560424804688e+00
-7.943362236022949219e+00 4.716406822204589844e+00 -4.067059993743896484e+00
-7.887788295745849609e+00 4.559766292572021484e+00 -4.115412712097167969e+00
-7.834743499755859375e+00 4.403948783874511719e+00 -4.158160686492919922e+00
-7.776497840881347656e+00 4.253130912780761719e+00 -4.198963165283203125e+00
-7.713543891906738281e+00 4.105135440826416016e+00 -4.237306594848632812e+00
-7.637183189392089844e+00 3.950219631195068359e+00 -4.272898674011230469e+00
3.898485004901885986e-01 1.769348859786987305e+00 -1.729343652725219727e+00
5.741115808486938477e-01 1.760752320289611816e+00 -1.721623301506042480e+00
7.415890693664550781e-01 1.767737507820129395e+00 -1.731011748313903809e+00
9.138612151145935059e-01 1.793046593666076660e+00 -1.758724212646484375e+00
1.104304432868957520e+00 1.834686756134033203e+00 -1.805681467056274414e+00
1.315207719802856445e+00 1.896926045417785645e+00 -1.874040246009826660e+00
1.542202711105346680e+00 1.980939865112304688e+00 -1.963410973548889160e+00
1.771255493164062500e+00 2.085057020187377930e+00 -2.072860002517700195e+00
2.009302616119384766e+00 2.205414772033691406e+00 -2.194419622421264648e+00
2.242645025253295898e+00 2.337391853332519531e+00 -2.327539205551147461e+00
2.473848819732666016e+00 2.474961996078491211e+00 -2.466041326522827148e+00
2.696658372879028320e+00 2.612583160400390625e+00 -2.603757143020629883e+00
2.907049179077148438e+00 2.746169805526733398e+00 -2.734478235244750977e+00
3.113831996917724609e+00 2.879209280014038086e+00 -2.863483190536499023e+00
3.305427074432373047e+00 3.004381656646728516e+00 -2.981351852416992188e+00
3.481872320175170898e+00 3.122378110885620117e+00 -3.087398052215576172e+00
3.635794162750244141e+00 3.229915142059326172e+00 -3.179148435592651367e+00
3.773657321929931641e+00 3.329379081726074219e+00 -3.259510040283203125e+00
3.892087936401367188e+00 3.420536279678344727e+00 -3.327730178833007812e+00
3.995398998260498047e+00 3.505736351013183594e+00 -3.387363910675048828e+00
4.083255290985107422e+00 3.585421800613403320e+00 -3.439033031463623047e+00
4.161026000976562500e+00 3.663433790206909180e+00 -3.486063480377197266e+00
4.225247859954833984e+00 3.737318038940429688e+00 -3.526313066482543945e+00
4.281596183776855469e+00 3.813139915466308594e+00 -3.564346551895141602e+00
4.331966400146484375e+00 3.893263578414916992e+00 -3.602008342742919922e+00
4.376321792602539062e+00 3.978998899459838867e+00 -3.637478828430175781e+00
4.415580749511718750e+00 4.071155548095703125e+00 -3.673284769058227539e+00
4.450913906097412109e+00 4.173284053802490234e+00 -3.709845066070556641e+00
4.483573436737060547e+00 4.288365364074707031e+00 -3.748212575912475586e+00
4.513902664184570312e+00 4.420030117034912109e+00 -3.788620710372924805e+00
4.539626598358154297e+00 4.572790145874023438e+00 -3.830593347549438477e+00
4.564374923706054688e+00 4.747747898101806641e+00 -3.874346733093261719e+00
4.586402416229248047e+00 4.954766273498535156e+00 -3.919687032699584961e+00
4.608652114868164062e+00 5.194309711456298828e+00 -3.964851617813110352e+00
4.629777431488037109e+00 5.472613334655761719e+00 -4.009003162384033203e+00
4.650217056274414062e+00 5.799637317657470703e+00 -4.050712108612060547e+00
4.674463272094726562e+00 6.188668727874755859e+00 -4.097786903381347656e+00
4.711198329925537109e+00 6.734022140502929688e+00 -4.176381587982177734e+00
4.626744747161865234e+00 8.662772178649902344e+00 -4.201730728149414062e+00
4.501022338867187500e+00 9.128366470336914062e+00 -4.027044296264648438e+00
4.375038623809814453e+00 9.486049652099609375e+00 -3.850049734115600586e+00
4.233257770538330078e+00 9.818228721618652344e+00 -3.651265382766723633e+00
4.070616245269775391e+00 1.013994026184082031e+01 -3.427214860916137695e+00
3.883804559707641602e+00 1.044639682769775391e+01 -3.176842689514160156e+00
3.678587913513183594e+00 1.072486495971679688e+01 -2.908203601837158203e+00
3.450627326965332031e+00 1.097488498687744141e+01 -2.628281593322753906e+00
3.209342241287231445e+00 1.118792533874511719e+01 -2.348664283752441406e+00
2.949820995330810547e+00 1.136544513702392578e+01 -2.074554920196533203e+00
2.679800271987915039e+00 1.150716400146484375e+01 -1.823045253753662109e+00
2.397312879562377930e+00 1.161747550964355469e+01 -1.597900986671447754e+00
2.105572462081909180e+00 1.170057678222656250e+01 -1.402127623558044434e+00
1.818980455398559570e+00 1.175473022460937500e+01 -1.244198083877563477e+00
1.532865405082702637e+00 1.178986549377441406e+01 -1.112851023674011230e+00
1.255326867103576660e+00 1.180359554290771484e+01 -1.003018021583557129e+00
1.005297064781188965e+00 1.180023288726806641e+01 -9.168923497200012207e-01
7.813562154769897461e-01 1.177711677551269531e+01 -8.452565670013427734e-01
5.909466743469238281e-01 1.174494552612304688e+01 -7.907006740570068359e-01
4.300815463066101074e-01 1.170547485351562500e+01 -7.478488683700561523e-01
2.903415262699127197e-01 1.165907382965087891e+01 -7.144112586975097656e-01
1.721723675727844238e-01 1.160941886901855469e+01 -6.885933876037597656e-01
7.522326707839965820e-02 1.155363845825195312e+01 -6.700312495231628418e-01
-3.860546974465250969e-03 1.149157714843750000e+01 -6.531912684440612793e-01
-6.904893368482589722e-02 1.142436885833740234e+01 -6.453348994255065918e-01
-1.197148635983467102e-01 1.134681034088134766e+01 -6.397112011909484863e-01
-1.551117897033691406e-01 1.125831413269042969e+01 -6.344642043113708496e-01
-1.735851913690567017e-01 1.115692996978759766e+01 -6.292598843574523926e-01
-1.741853356361389160e-01 1.103547382354736328e+01 -6.247985363006591797e-01
-1.528888791799545288e-01 1.089322566986083984e+01 -6.192961931228637695e-01
-1.024623438715934753e-01 1.072828769683837891e+01 -6.133381128311157227e-01
-2.672019042074680328e-02 1.053635311126708984e+01 -6.084363460540771484e-01
8.144137263298034668e-02 1.032231616973876953e+01 -6.050373911857604980e-01
2.189170122146606445e-01 1.007977962493896484e+01 -6.058628559112548828e-01
3.829466402530670166e-01 9.813949584960937500e+00 -6.157408356666564941e-01
5.725693106651306152e-01 9.525708198547363281e+00 -6.359885334968566895e-01
7.845788598060607910e-01 9.230704307556152344e+00 -6.682575941085815430e-01
1.006762504577636719e+00 8.940130233764648438e+00 -7.142847180366516113e-01
1.234288454055786133e+00 8.658444404602050781e+00 -7.780312895774841309e-01
1.459811091423034668e+00 8.398134231567382812e+00 -8.624980449676513672e-01
1.688254714012145996e+00 8.160786628723144531e+00 -9.685903787612915039e-01
1.914049386978149414e+00 7.949330806732177734e+00 -1.098510980606079102e+00
2.142146348953247070e+00 7.767709732055664062e+00 -1.253909587860107422e+00
2.370055437088012695e+00 7.614458560943603516e+00 -1.428767561912536621e+00
2.595781326293945312e+00 7.493434429168701172e+00 -1.614954829216003418e+00
2.819903373718261719e+00 7.401737689971923828e+00 -1.809632897377014160e+00
3.033716678619384766e+00 7.341183662414550781e+00 -2.002933502197265625e+00
3.234705924987792969e+00 7.309312343597412109e+00 -2.190214395523071289e+00
3.419072151184082031e+00 7.298319816589355469e+00 -2.365877151489257812e+00
3.583968400955200195e+00 7.305494308471679688e+00 -2.524745225906372070e+00
3.730702877044677734e+00 7.325201988220214844e+00 -2.666165828704833984e+00
3.857614755630493164e+00 7.355479240417480469e+00 -2.790287733078002930e+00
3.969297170639038086e+00 7.392284393310546875e+00 -2.900451660156250000e+00
4.067316055297851562e+00 7.435990810394287109e+00 -2.998950958251953125e+00
4.154533863067626953e+00 7.487898826599121094e+00 -3.087604045867919922e+00
4.232119560241699219e+00 7.546362400054931641e+00 -3.169799804687500000e+00
4.300773143768310547e+00 7.615588188171386719e+00 -3.245022296905517578e+00
4.361467838287353516e+00 7.700154304504394531e+00 -3.315015554428100586e+00
4.414504528045654297e+00 7.801043033599853516e+00 -3.379144906997680664e+00
4.460492134094238281e+00 7.922948360443115234e+00 -3.438032150268554688e+00
4.495780944824218750e+00 8.074246406555175781e+00 -3.486477375030517578e+00
4.520305633544921875e+00 8.256457328796386719e+00 -3.521988153457641602e+00
4.530799388885498047e+00 8.471557617187500000e+00 -3.539556980133056641e+00
4.527091503143310547e+00 8.715935707092285156e+00 -3.535884380340576172e+00
4.509093284606933594e+00 8.979813575744628906e+00 -3.511242389678955078e+00
4.474817276000976562e+00 9.254444122314453125e+00 -3.460552215576171875e+00
4.426288127899169922e+00 9.532580375671386719e+00 -3.384937524795532227e+00
4.364231109619140625e+00 9.799700736999511719e+00 -3.283459663391113281e+00
4.288746356964111328e+00 1.005446243286132812e+01 -3.156372547149658203e+00
4.198224067687988281e+00 1.029444313049316406e+01 -3.001889944076538086e+00
4.100213527679443359e+00 1.051577281951904297e+01 -2.824187040328979492e+00
3.994031667709350586e+00 1.071317863464355469e+01 -2.628607273101806641e+00
3.878141403198242188e+00 1.089028835296630859e+01 -2.413402557373046875e+00
3.755271911621093750e+00 1.104718494415283203e+01 -2.186225175857543945e+00
3.630756616592407227e+00 1.117891693115234375e+01 -1.952759146690368652e+00
3.503725528717041016e+00 1.128529548645019531e+01 -1.711338996887207031e+00
3.374045372009277344e+00 1.136434936523437500e+01 -1.468922138214111328e+00
3.248576402664184570e+00 1.141970539093017578e+01 -1.222407579421997070e+00
3.124434471130371094e+00 1.145080184936523438e+01 -9.848982691764831543e-01
3.000009059906005859e+00 1.145852947235107422e+01 -7.486382722854614258e-01
2.882152795791625977e+00 1.144387531280517578e+01 -5.294156670570373535e-01
2.769601583480834961e+00 1.140993404388427734e+01 -3.173105716705322266e-01
2.664441585540771484e+00 1.135834503173828125e+01 -1.198320835828781128e-01
2.570865154266357422e+00 1.129094219207763672e+01 5.899292230606079102e-02
2.488230228424072266e+00 1.121049499511718750e+01 2.233293056488037109e-01
2.413904190063476562e+00 1.111838626861572266e+01 3.702865540981292725e-01
2.350617647171020508e+00 1.101990604400634766e+01 4.976349472999572754e-01
2.294809341430664062e+00 1.091071414947509766e+01 6.117408275604248047e-01
2.245917081832885742e+00 1.079153251647949219e+01 7.104681730270385742e-01
2.209838867187500000e+00 1.066690063476562500e+01 7.951101064682006836e-01
2.185064077377319336e+00 1.053524112701416016e+01 8.653520345687866211e-01
2.172716856002807617e+00 1.039598941802978516e+01 9.190957546234130859e-01
2.171680688858032227e+00 1.025368309020996094e+01 9.565789103507995605e-01
2.182429075241088867e+00 1.010419654846191406e+01 9.751061797142028809e-01
2.206417322158813477e+00 9.944264411926269531e+00 9.733411073684692383e-01
2.240120649337768555e+00 9.778001785278320312e+00 9.543123841285705566e-01
2.284522056579589844e+00 9.602715492248535156e+00 9.181875586509704590e-01
2.335716962814331055e+00 9.427248001098632812e+00 8.694706559181213379e-01
2.396325826644897461e+00 9.241556167602539062e+00 8.049035072326660156e-01
2.466412544250488281e+00 9.052745819091796875e+00 7.277731895446777344e-01
2.544727087020874023e+00 8.865516662597656250e+00 6.420276761054992676e-01
2.630633592605590820e+00 8.682521820068359375e+00 5.511616468429565430e-01
2.725460052490234375e+00 8.507733345031738281e+00 4.547869265079498291e-01
2.830445766448974609e+00 8.339702606201171875e+00 3.534754514694213867e-01
2.945712566375732422e+00 8.183851242065429688e+00 2.478541433811187744e-01
3.067576169967651367e+00 8.040916442871093750e+00 1.423933655023574829e-01
3.198928833007812500e+00 7.909177303314208984e+00 3.298383206129074097e-02
3.335975885391235352e+00 7.790636062622070312e+00 -7.850379496812820435e-02
3.478768110275268555e+00 7.684985160827636719e+00 -1.911722719669342041e-01
3.622216463088989258e+00 7.597332477569580078e+00 -3.037305176258087158e-01
3.763843774795532227e+00 7.521763801574707031e+00 -4.156679213047027588e-01
3.903645515441894531e+00 7.458735942840576172e+00 -5.250393748283386230e-01
4.038156986236572266e+00 7.410221576690673828e+00 -6.328328251838684082e-01
4.169143676757812500e+00 7.371690273284912109e+00 -7.378121018409729004e-01
4.295981884002685547e+00 7.343869209289550781e+00 -8.427671194076538086e-01
4.415717601776123047e+00 7.325207233428955078e+00 -9.421697854995727539e-01
4.525512695312500000e+00 7.318550586700439453e+00 -1.036149263381958008e+00
4.627653598785400391e+00 7.319205760955810547e+00 -1.123967647552490234e+00
4.735224246978759766e+00 7.326395988464355469e+00 -1.216493248939514160e+00
4.840322971343994141e+00 7.337550163269042969e+00 -1.307286858558654785e+00
4.941155910491943359e+00 7.356627464294433594e+00 -1.391947388648986816e+00
5.037780761718750000e+00 7.382143497467041016e+00 -1.472196578979492188e+00
5.133570671081542969e+00 7.413275718688964844e+00 -1.548053026199340820e+00
5.226472854614257812e+00 7.446652412414550781e+00 -1.620264053344726562e+00
5.316902160644531250e+00 7.484330654144287109e+00 -1.689576625823974609e+00
5.404365539550781250e+00 7.525779247283935547e+00 -1.751633882522583008e+00
5.487061023712158203e+00 7.578378677368164062e+00 -1.805664062500000000e+00
5.566086769104003906e+00 7.627684593200683594e+00 -1.854077935218811035e+00
5.643461704254150391e+00 7.679871559143066406e+00 -1.900007724761962891e+00
5.716448783874511719e+00 7.734320163726806641e+00 -1.940653204917907715e+00
5.781118392944335938e+00 7.793206691741943359e+00 -1.973766446113586426e+00
5.841676235198974609e+00 7.852493762969970703e+00 -2.003710269927978516e+00
5.894758224487304688e+00 7.915761947631835938e+00 -2.028141975402832031e+00
5.940956592559814453e+00 7.979672908782958984e+00 -2.048255681991577148e+00
5.980215072631835938e+00 8.046042442321777344e+00 -2.064382076263427734e+00
6.012008666992187500e+00 8.116566658020019531e+00 -2.078097581863403320e+00
6.037538051605224609e+00 8.190911293029785156e+00 -2.086102247238159180e+00
6.054419040679931641e+00 8.268852233886718750e+00 -2.091248512268066406e+00
6.064404010772705078e+00 8.352377891540527344e+00 -2.093235015869140625e+00
6.067141056060791016e+00 8.442524909973144531e+00 -2.091959238052368164e+00
6.060952663421630859e+00 8.540512084960937500e+00 -2.086188077926635742e+00
6.046867370605468750e+00 8.645657539367675781e+00 -2.077098369598388672e+00
6.021526813507080078e+00 8.759434700012207031e+00 -2.063985109329223633e+00
5.994750499725341797e+00 8.884065628051757812e+00 -2.048119306564331055e+00
5.956293582916259766e+00 9.014863014221191406e+00 -2.026036739349365234e+00
5.902937412261962891e+00 9.158194541931152344e+00 -1.994959831237792969e+00
5.839881896972656250e+00 9.315201759338378906e+00 -1.956565618515014648e+00
5.758806228637695312e+00 9.481196403503417969e+00 -1.905807971954345703e+00
5.663927555084228516e+00 9.652832031250000000e+00 -1.843302249908447266e+00
5.553691864013671875e+00 9.827004432678222656e+00 -1.766637444496154785e+00
5.429748058319091797e+00 1.000384044647216797e+01 -1.676652908325195312e+00
5.291534900665283203e+00 1.017385005950927734e+01 -1.567148327827453613e+00
5.142900943756103516e+00 1.033729648590087891e+01 -1.438716053962707520e+00
4.990108489990234375e+00 1.048626232147216797e+01 -1.292547225952148438e+00
4.827052116394042969e+00 1.062327194213867188e+01 -1.121324658393859863e+00
4.660274028778076172e+00 1.074077701568603516e+01 -9.365950822830200195e-01
4.487690448760986328e+00 1.083870792388916016e+01 -7.337090373039245605e-01
4.310570240020751953e+00 1.091512393951416016e+01 -5.175498723983764648e-01
4.123475551605224609e+00 1.097160434722900391e+01 -2.857988774776458740e-01
3.927235841751098633e+00 1.100635337829589844e+01 -4.580129310488700867e-02
3.719317436218261719e+00 1.101886653900146484e+01 2.048030793666839600e-01
3.491765975952148438e+00 1.101239204406738281e+01 4.656276404857635498e-01
3.234876871109008789e+00 1.099452495574951172e+01 7.413264513015747070e-01
2.934982776641845703e+00 1.096457195281982422e+01 1.029826164245605469e+00
2.531085491180419922e+00 1.089722633361816406e+01 1.325461864471435547e+00
2.118144750595092773e+00 1.076742362976074219e+01 1.534234046936035156e+00
1.805372476577758789e+00 1.061983299255371094e+01 1.674033045768737793e+00
1.536620497703552246e+00 1.048230743408203125e+01 1.804440379142761230e+00
1.273984313011169434e+00 1.034959316253662109e+01 1.947465181350708008e+00
1.008341789245605469e+00 1.022003459930419922e+01 2.100335121154785156e+00
7.544927000999450684e-01 1.010660171508789062e+01 2.246273040771484375e+00
5.038205981254577637e-01 9.990213394165039062e+00 2.391844749450683594e+00
2.673563659191131592e-01 9.879457473754882812e+00 2.526252985000610352e+00
4.637275263667106628e-02 9.775686264038085938e+00 2.647343873977661133e+00
-1.476821452379226685e-01 9.684958457946777344e+00 2.750228643417358398e+00
-3.334788382053375244e-01 9.598134040832519531e+00 2.845926761627197266e+00
-5.075471997261047363e-01 9.517569541931152344e+00 2.932356595993041992e+00
-6.808724403381347656e-01 9.438317298889160156e+00 3.018367528915405273e+00
-8.414030671119689941e-01 9.367044448852539062e+00 3.096994400024414062e+00
-9.919459819793701172e-01 9.300269126892089844e+00 3.170688867568969727e+00
-1.129708647727966309e+00 9.239750862121582031e+00 3.239619016647338867e+00
-1.268965601921081543e+00 9.180742263793945312e+00 3.310643434524536133e+00
-1.402867674827575684e+00 9.123849868774414062e+00 3.381780624389648438e+00
-1.530175566673278809e+00 9.072802543640136719e+00 3.450520277023315430e+00
-1.653924703598022461e+00 9.024592399597167969e+00 3.520188808441162109e+00
-1.770368933677673340e+00 8.979998588562011719e+00 3.587320804595947266e+00
-1.881551742553710938e+00 8.937322616577148438e+00 3.653594017028808594e+00
-1.990537405014038086e+00 8.898840904235839844e+00 3.723225355148315430e+00
-2.085745573043823242e+00 8.861520767211914062e+00 3.788282871246337891e+00
-2.182203054428100586e+00 8.830243110656738281e+00 3.845194578170776367e+00
-2.278541564941406250e+00 8.799126625061035156e+00 3.913986921310424805e+00
-2.371486902236938477e+00 8.768146514892578125e+00 3.979090213775634766e+00
-2.459878444671630859e+00 8.738326072692871094e+00 4.041092395782470703e+00
-2.548449993133544922e+00 8.709933280944824219e+00 4.105710506439208984e+00
-2.633556365966796875e+00 8.684105873107910156e+00 4.166666030883789062e+00
-2.716375112533569336e+00 8.659594535827636719e+00 4.227853775024414062e+00
-2.801572799682617188e+00 8.636860847473144531e+00 4.294006824493408203e+00
-2.877132177352905273e+00 8.615491867065429688e+00 4.353267669677734375e+00
-2.955547332763671875e+00 8.596783638000488281e+00 4.415482997894287109e+00
-3.028201341629028320e+00 8.575943946838378906e+00 4.470232486724853516e+00
-3.099341154098510742e+00 8.566611289978027344e+00 4.527567386627197266e+00
-3.175485134124755859e+00 8.551654815673828125e+00 4.579448223114013672e+00
-3.250737905502319336e+00 8.539626121520996094e+00 4.637744903564453125e+00
-3.326518058776855469e+00 8.525908470153808594e+00 4.691188812255859375e+00
-3.401312589645385742e+00 8.516184806823730469e+00 4.747756958007812500e+00
-3.478340864181518555e+00 8.509444236755371094e+00 4.806938171386718750e+00
-3.554796218872070312e+00 8.503890037536621094e+00 4.864351749420166016e+00
-3.630945205688476562e+00 8.499032020568847656e+00 4.921022415161132812e+00
-3.713557004928588867e+00 8.496212959289550781e+00 4.981101989746093750e+00
-3.793796777725219727e+00 8.494023323059082031e+00 5.037575244903564453e+00
-3.875733613967895508e+00 8.492146492004394531e+00 5.095899105072021484e+00
-3.958486318588256836e+00 8.486542701721191406e+00 5.154886245727539062e+00
-4.042735576629638672e+00 8.486512184143066406e+00 5.215384006500244141e+00
-4.127139568328857422e+00 8.486150741577148438e+00 5.277608394622802734e+00
-4.213243007659912109e+00 8.485357284545898438e+00 5.334600925445556641e+00
-4.301875114440917969e+00 8.484729766845703125e+00 5.395435810089111328e+00
-4.390113353729248047e+00 8.484502792358398438e+00 5.456858158111572266e+00
-4.481141567230224609e+00 8.484336853027343750e+00 5.516624927520751953e+00
-4.568293094635009766e+00 8.483094215393066406e+00 5.574809551239013672e+00
-4.652557849884033203e+00 8.481562614440917969e+00 5.631267547607421875e+00
-4.740143299102783203e+00 8.480082511901855469e+00 5.686313152313232422e+00
-4.823521137237548828e+00 8.473188400268554688e+00 5.739679813385009766e+00
-4.907678127288818359e+00 8.471195220947265625e+00 5.790277481079101562e+00
-4.983218193054199219e+00 8.469264030456542969e+00 5.841280460357666016e+00
-5.059974193572998047e+00 8.464153289794921875e+00 5.889887332916259766e+00
-5.137524604797363281e+00 8.456853866577148438e+00 5.936551570892333984e+00
-5.204881191253662109e+00 8.448157310485839844e+00 5.988709449768066406e+00
-5.283419132232666016e+00 8.438802719116210938e+00 6.025896549224853516e+00
-5.367503166198730469e+00 8.423797607421875000e+00 6.064738750457763672e+00
-5.451776981353759766e+00 8.414180755615234375e+00 6.104760646820068359e+00
-5.526245117187500000e+00 8.394983291625976562e+00 6.162861824035644531e+00
-5.598293781280517578e+00 8.375826835632324219e+00 6.218583106994628906e+00
-5.674887657165527344e+00 8.346685409545898438e+00 6.272213935852050781e+00
-5.788723468780517578e+00 8.332448005676269531e+00 6.286249637603759766e+00
-5.873047351837158203e+00 8.319285392761230469e+00 6.347332000732421875e+00
-5.955677986145019531e+00 8.312513351440429688e+00 6.414675235748291016e+00
-6.056440353393554688e+00 8.360168457031250000e+00 6.495488166809082031e+00
-6.113775253295898438e+00 8.317660331726074219e+00 6.583218574523925781e+00
-6.173079967498779297e+00 8.291845321655273438e+00 6.682252883911132812e+00
-6.284665584564208984e+00 8.339135169982910156e+00 6.748830795288085938e+00
-6.398571491241455078e+00 8.376415252685546875e+00 6.809957981109619141e+00
-6.265611171722412109e+00 8.101536750793457031e+00 7.011876106262207031e+00
-6.551696777343750000e+00 8.374335289001464844e+00 6.972369194030761719e+00
-6.363554954528808594e+00 8.046270370483398438e+00 7.183583259582519531e+00
-6.704653263092041016e+00 8.367210388183593750e+00 7.124800682067871094e+00
-6.764078617095947266e+00 8.349481582641601562e+00 7.201292514801025391e+00
-6.510252952575683594e+00 7.956708431243896484e+00 7.404262542724609375e+00
-6.871151924133300781e+00 8.286031723022460938e+00 7.338036537170410156e+00
-6.611155986785888672e+00 7.885721206665039062e+00 7.512485980987548828e+00
-6.966674327850341797e+00 8.202614784240722656e+00 7.444735527038574219e+00
-6.980542659759521484e+00 8.118097305297851562e+00 7.516146659851074219e+00
-7.015791416168212891e+00 8.054317474365234375e+00 7.556223869323730469e+00
-7.106524944305419922e+00 8.042492866516113281e+00 7.546079635620117188e+00
-6.841840744018554688e+00 7.645948886871337891e+00 7.612494468688964844e+00
-6.868106365203857422e+00 7.584342479705810547e+00 7.595375061035156250e+00
-6.897083282470703125e+00 7.526643276214599609e+00 7.571683406829833984e+00
-7.323142051696777344e+00 7.885277271270751953e+00 7.490621089935302734e+00
-7.347129344940185547e+00 7.804707527160644531e+00 7.477725505828857422e+00
-7.300169944763183594e+00 7.584273338317871094e+00 7.514128208160400391e+00
-7.408145427703857422e+00 7.659101963043212891e+00 7.435705184936523438e+00
-7.048074722290039062e+00 7.273365974426269531e+00 7.342762947082519531e+00
-7.453700065612792969e+00 7.543622016906738281e+00 7.347867965698242188e+00
-7.300316333770751953e+00 7.307430744171142578e+00 7.289365291595458984e+00
-7.149472713470458984e+00 7.190222740173339844e+00 7.154870510101318359e+00
-7.140692234039306641e+00 7.166447162628173828e+00 7.062160015106201172e+00
-7.127057552337646484e+00 7.149378776550292969e+00 6.963221549987792969e+00
-7.195834159851074219e+00 7.172986984252929688e+00 6.893014907836914062e+00
-7.174414157867431641e+00 7.170079231262207031e+00 6.775900363922119141e+00
-7.169527053833007812e+00 7.195757865905761719e+00 6.652127265930175781e+00
-7.188816547393798828e+00 7.228807449340820312e+00 6.544005870819091797e+00
-7.221943378448486328e+00 7.279325962066650391e+00 6.446268558502197266e+00
-7.267014980316162109e+00 7.325028419494628906e+00 6.361228942871093750e+00
-7.326261997222900391e+00 7.383420467376708984e+00 6.286959171295166016e+00
-7.406520843505859375e+00 7.473396301269531250e+00 6.237972259521484375e+00
-7.581258773803710938e+00 7.669382572174072266e+00 6.286937713623046875e+00
-7.774625301361083984e+00 7.765036106109619141e+00 6.426990032196044922e+00
-7.815309524536132812e+00 7.755151748657226562e+00 6.390407085418701172e+00
-7.641252994537353516e+00 7.545365333557128906e+00 6.086746692657470703e+00
-7.703220367431640625e+00 7.546044349670410156e+00 6.066267013549804688e+00
-7.757713794708251953e+00 7.530061721801757812e+00 6.046413421630859375e+00
-7.977726936340332031e+00 7.648581027984619141e+00 6.248373985290527344e+00
-8.024359703063964844e+00 7.602375507354736328e+00 6.236150741577148438e+00
-8.145845413208007812e+00 7.550570964813232422e+00 6.393615722656250000e+00
-8.188048362731933594e+00 7.479870796203613281e+00 6.442436695098876953e+00
-8.210408210754394531e+00 7.403583049774169922e+00 6.451802253723144531e+00
-8.222549438476562500e+00 7.331261634826660156e+00 6.459280967712402344e+00
-8.217867851257324219e+00 7.240653991699218750e+00 6.460318088531494141e+00
-8.199200630187988281e+00 7.145076751708984375e+00 6.449534416198730469e+00
-8.157604217529296875e+00 7.043985843658447266e+00 6.400685310363769531e+00
-8.023586273193359375e+00 6.946946620941162109e+00 6.193169593811035156e+00
-8.024942398071289062e+00 6.827862262725830078e+00 6.301659107208251953e+00
-7.989772319793701172e+00 6.708233356475830078e+00 6.318502426147460938e+00
-7.961814880371093750e+00 6.567727565765380859e+00 6.346906185150146484e+00
-7.926915645599365234e+00 6.425447463989257812e+00 6.327014923095703125e+00
-7.913968086242675781e+00 6.265603065490722656e+00 6.298852920532226562e+00
-7.920903682708740234e+00 6.080537796020507812e+00 6.258772850036621094e+00
-7.942937850952148438e+00 5.870050430297851562e+00 6.209192752838134766e+00
-7.976869583129882812e+00 5.639480590820312500e+00 6.152978897094726562e+00
-8.020730972290039062e+00 5.391462802886962891e+00 6.103077888488769531e+00
-8.078457832336425781e+00 5.160793781280517578e+00 6.060560703277587891e+00
-8.151063919067382812e+00 4.932121276855468750e+00 6.035741806030273438e+00
-8.240174293518066406e+00 4.722833633422851562e+00 6.033869266510009766e+00
-8.345008850097656250e+00 4.536611557006835938e+00 6.060255050659179688e+00
-8.460309982299804688e+00 4.373659610748291016e+00 6.102762222290039062e+00
-8.576219558715820312e+00 4.232374191284179688e+00 6.153412342071533203e+00
-8.685140609741210938e+00 4.112961769104003906e+00 6.211148738861083984e+00
-8.785045623779296875e+00 4.008260726928710938e+00 6.267144680023193359e+00
-8.872505187988281250e+00 3.915357589721679688e+00 6.318282127380371094e+00
-8.949939727783203125e+00 3.826487302780151367e+00 6.371807098388671875e+00
-9.006427764892578125e+00 3.732434272766113281e+00 6.419147014617919922e+00
-9.051783561706542969e+00 3.646638393402099609e+00 6.456441402435302734e+00
-9.111622810363769531e+00 3.580287456512451172e+00 6.459984302520751953e+00
-9.185534477233886719e+00 3.539018869400024414e+00 6.431588172912597656e+00
-9.225098609924316406e+00 3.497159004211425781e+00 6.411615848541259766e+00
-9.236201286315917969e+00 3.458470344543457031e+00 6.406676769256591797e+00
-9.243820190429687500e+00 3.431351661682128906e+00 6.391210556030273438e+00
-9.241123199462890625e+00 3.410927772521972656e+00 6.372718334197998047e+00
-9.231011390686035156e+00 3.396866083145141602e+00 6.348163604736328125e+00
-9.212415695190429688e+00 3.391676664352416992e+00 6.306396007537841797e+00
-9.184951782226562500e+00 3.388156175613403320e+00 6.258243083953857422e+00
-9.132363319396972656e+00 3.381627559661865234e+00 6.216619491577148438e+00
-9.075128555297851562e+00 3.390911102294921875e+00 6.156083106994628906e+00
-8.956889152526855469e+00 3.386012792587280273e+00 6.144730567932128906e+00
-8.902402877807617188e+00 3.431952714920043945e+00 6.060329914093017578e+00
-8.828253746032714844e+00 3.486270666122436523e+00 5.984070777893066406e+00
-8.727792739868164062e+00 3.540104150772094727e+00 5.918604850769042969e+00
-8.616739273071289062e+00 3.599402666091918945e+00 5.853004932403564453e+00
-8.500220298767089844e+00 3.663073301315307617e+00 5.778334140777587891e+00
-8.374531745910644531e+00 3.720596075057983398e+00 5.691619873046875000e+00
-8.237977027893066406e+00 3.778650045394897461e+00 5.593202114105224609e+00
-8.096838951110839844e+00 3.825675249099731445e+00 5.481697082519531250e+00
-7.952925682067871094e+00 3.854260683059692383e+00 5.360117435455322266e+00
-7.811912536621093750e+00 3.861192464828491211e+00 5.231530666351318359e+00
-7.675068378448486328e+00 3.843793153762817383e+00 5.100370883941650391e+00
-7.546643733978271484e+00 3.806495904922485352e+00 4.965652942657470703e+00
-7.426531791687011719e+00 3.757055044174194336e+00 4.834824085235595703e+00
-7.313767433166503906e+00 3.696251869201660156e+00 4.704814910888671875e+00
-7.208075523376464844e+00 3.629852533340454102e+00 4.581415653228759766e+00
-7.108960628509521484e+00 3.558715820312500000e+00 4.463733673095703125e+00
-7.013349056243896484e+00 3.485319137573242188e+00 4.348482131958007812e+00
-6.921022891998291016e+00 3.409358978271484375e+00 4.236008167266845703e+00
-6.828588485717773438e+00 3.330020904541015625e+00 4.122039794921875000e+00
-6.732364654541015625e+00 3.249479293823242188e+00 4.008448123931884766e+00
-6.634310722351074219e+00 3.167192935943603516e+00 3.894721269607543945e+00
-6.531394958496093750e+00 3.081596136093139648e+00 3.777106523513793945e+00
-6.428337574005126953e+00 2.997561931610107422e+00 3.662796020507812500e+00
-6.325667381286621094e+00 2.917898893356323242e+00 3.550617218017578125e+00
-6.221036911010742188e+00 2.840197801589965820e+00 3.442476987838745117e+00
-6.112560749053955078e+00 2.763683557510375977e+00 3.334839582443237305e+00
-5.986808776855468750e+00 2.681594610214233398e+00 3.219008684158325195e+00
8.846883773803710938e-01 7.712759971618652344e-01 -1.009811088442802429e-01
1.070637702941894531e+00 7.721666097640991211e-01 -1.865030378103256226e-01
1.249473452568054199e+00 7.805874347686767578e-01 -2.668154835700988770e-01
1.447359919548034668e+00 7.959871888160705566e-01 -3.528659641742706299e-01
1.664964318275451660e+00 8.216421604156494141e-01 -4.406503140926361084e-01
1.914555311203002930e+00 8.588784933090209961e-01 -5.404835343360900879e-01
2.187611341476440430e+00 9.117541909217834473e-01 -6.504037976264953613e-01
2.468547582626342773e+00 9.766970276832580566e-01 -7.685176730155944824e-01
2.758714914321899414e+00 1.055832505226135254e+00 -8.880691528320312500e-01
3.043956756591796875e+00 1.144763469696044922e+00 -1.013476729393005371e+00
3.321548938751220703e+00 1.238177061080932617e+00 -1.141807675361633301e+00
3.585565805435180664e+00 1.332391381263732910e+00 -1.269520998001098633e+00
3.825330734252929688e+00 1.420451521873474121e+00 -1.389084339141845703e+00
4.051971435546875000e+00 1.506387472152709961e+00 -1.510550379753112793e+00
4.261682033538818359e+00 1.587634801864624023e+00 -1.622985959053039551e+00
4.440373897552490234e+00 1.658634781837463379e+00 -1.725196838378906250e+00
4.609230995178222656e+00 1.726501464843750000e+00 -1.815995097160339355e+00
4.760638236999511719e+00 1.786105990409851074e+00 -1.892485857009887695e+00
4.888957977294921875e+00 1.839435100555419922e+00 -1.957564353942871094e+00
5.006705284118652344e+00 1.887044787406921387e+00 -2.014401912689208984e+00
5.115850448608398438e+00 1.933259963989257812e+00 -2.063604831695556641e+00
5.217091083526611328e+00 1.975046157836914062e+00 -2.105902433395385742e+00
5.313799858093261719e+00 2.016737699508666992e+00 -2.142093181610107422e+00
5.399529457092285156e+00 2.053153276443481445e+00 -2.173197031021118164e+00
5.488355159759521484e+00 2.092192888259887695e+00 -2.194499969482421875e+00
5.579281806945800781e+00 2.132003784179687500e+00 -2.215720176696777344e+00
5.671179771423339844e+00 2.172669410705566406e+00 -2.232346057891845703e+00
5.765926361083984375e+00 2.216569185256958008e+00 -2.246290683746337891e+00
5.863935947418212891e+00 2.260291337966918945e+00 -2.255639553070068359e+00
5.965239048004150391e+00 2.305069684982299805e+00 -2.262896060943603516e+00
6.069169044494628906e+00 2.355303287506103516e+00 -2.257292985916137695e+00
6.176582813262939453e+00 2.405536413192749023e+00 -2.254262685775756836e+00
6.286954879760742188e+00 2.457691669464111328e+00 -2.247800827026367188e+00
6.395349979400634766e+00 2.510581493377685547e+00 -2.234448432922363281e+00
6.505202293395996094e+00 2.564088344573974609e+00 -2.217831373214721680e+00
6.612799644470214844e+00 2.619514942169189453e+00 -2.197731494903564453e+00
6.718178272247314453e+00 2.674005270004272461e+00 -2.175062179565429688e+00
6.817612171173095703e+00 2.727171897888183594e+00 -2.151049375534057617e+00
6.914022445678710938e+00 2.780981779098510742e+00 -2.124926090240478516e+00
7.002909183502197266e+00 2.832768917083740234e+00 -2.099955558776855469e+00
7.087119102478027344e+00 2.884411573410034180e+00 -2.067679643630981445e+00
7.170512199401855469e+00 2.936894178390502930e+00 -2.037471055984497070e+00
7.247338771820068359e+00 2.987062454223632812e+00 -2.006186246871948242e+00
7.323123931884765625e+00 3.039726018905639648e+00 -1.972774982452392578e+00
7.392142295837402344e+00 3.090438127517700195e+00 -1.941012501716613770e+00
7.455818176269531250e+00 3.139640092849731445e+00 -1.908767819404602051e+00
7.516230106353759766e+00 3.190546989440917969e+00 -1.876337766647338867e+00
7.572940826416015625e+00 3.239596128463745117e+00 -1.844205498695373535e+00
7.625170230865478516e+00 3.291247606277465820e+00 -1.810858607292175293e+00
7.675361156463623047e+00 3.342587947845458984e+00 -1.775354743003845215e+00
7.729189872741699219e+00 3.402039051055908203e+00 -1.735029101371765137e+00
7.784676074981689453e+00 3.467718124389648438e+00 -1.691637635231018066e+00
7.837588310241699219e+00 3.538053035736083984e+00 -1.644233584403991699e+00
7.896332740783691406e+00 3.617443561553955078e+00 -1.590787649154663086e+00
7.952664852142333984e+00 3.702000617980957031e+00 -1.531504034996032715e+00
8.012413024902343750e+00 3.799585103988647461e+00 -1.464984297752380371e+00
8.074166297912597656e+00 3.907541990280151367e+00 -1.390110969543457031e+00
8.139291763305664062e+00 4.028773784637451172e+00 -1.307102322578430176e+00
8.203312873840332031e+00 4.162868499755859375e+00 -1.219677448272705078e+00
8.272034645080566406e+00 4.305084228515625000e+00 -1.121737837791442871e+00
8.336249351501464844e+00 4.459804058074951172e+00 -1.019746780395507812e+00
8.395443916320800781e+00 4.612679481506347656e+00 -9.219899773597717285e-01
8.451372146606445312e+00 4.764689922332763672e+00 -8.287334442138671875e-01
8.502785682678222656e+00 4.921273231506347656e+00 -7.425447702407836914e-01
8.555630683898925781e+00 5.101225376129150391e+00 -6.569727063179016113e-01
8.953218460083007812e+00 8.673198699951171875e+00 1.575691103935241699e+00
8.865540504455566406e+00 8.855391502380371094e+00 1.682174921035766602e+00
8.766088485717773438e+00 9.007592201232910156e+00 1.768040776252746582e+00
8.647187232971191406e+00 9.150526046752929688e+00 1.851046919822692871e+00
8.510615348815917969e+00 9.293769836425781250e+00 1.935081124305725098e+00
8.350034713745117188e+00 9.435459136962890625e+00 2.019684791564941406e+00
8.180180549621582031e+00 9.565943717956542969e+00 2.099638223648071289e+00
8.008747100830078125e+00 9.685504913330078125e+00 2.172307014465332031e+00
7.842111587524414062e+00 9.787837028503417969e+00 2.234080076217651367e+00
7.687416553497314453e+00 9.871851921081542969e+00 2.287819147109985352e+00
7.546909809112548828e+00 9.935631752014160156e+00 2.328638315200805664e+00
7.422595500946044922e+00 9.982400894165039062e+00 2.359699487686157227e+00
7.316823005676269531e+00 1.001253509521484375e+01 2.381063938140869141e+00
7.224430561065673828e+00 1.002829074859619141e+01 2.393301725387573242e+00
7.146826744079589844e+00 1.003385925292968750e+01 2.398109674453735352e+00
7.080186367034912109e+00 1.002933025360107422e+01 2.397430419921875000e+00
7.022192478179931641e+00 1.001463317871093750e+01 2.391203641891479492e+00
6.972221851348876953e+00 9.991436958312988281e+00 2.378892421722412109e+00
6.927766799926757812e+00 9.957334518432617188e+00 2.361064434051513672e+00
6.888578891754150391e+00 9.912066459655761719e+00 2.335447788238525391e+00
6.853475093841552734e+00 9.853224754333496094e+00 2.301835775375366211e+00
6.822456359863281250e+00 9.777015686035156250e+00 2.259312152862548828e+00
6.796273231506347656e+00 9.683694839477539062e+00 2.207680940628051758e+00
6.775341033935546875e+00 9.570203781127929688e+00 2.142727136611938477e+00
6.765815734863281250e+00 9.434896469116210938e+00 2.068645238876342773e+00
6.764807224273681641e+00 9.280702590942382812e+00 1.986330747604370117e+00
6.775140285491943359e+00 9.109580039978027344e+00 1.897875547409057617e+00
6.795315265655517578e+00 8.922920227050781250e+00 1.806030392646789551e+00
6.827625274658203125e+00 8.721982955932617188e+00 1.711629033088684082e+00
6.867295742034912109e+00 8.512660026550292969e+00 1.618631005287170410e+00
6.915878772735595703e+00 8.301115036010742188e+00 1.531651735305786133e+00
6.966845512390136719e+00 8.091976165771484375e+00 1.452173471450805664e+00
7.028898715972900391e+00 7.895089626312255859e+00 1.383783817291259766e+00
7.097178459167480469e+00 7.700090408325195312e+00 1.322414875030517578e+00
7.168367385864257812e+00 7.513089656829833984e+00 1.272320747375488281e+00
7.241219043731689453e+00 7.336792945861816406e+00 1.234658479690551758e+00
7.312621593475341797e+00 7.173583984375000000e+00 1.209384083747863770e+00
7.383934974670410156e+00 7.017520427703857422e+00 1.191065669059753418e+00
7.452852725982666016e+00 6.871591091156005859e+00 1.184440255165100098e+00
7.515845298767089844e+00 6.733867645263671875e+00 1.186031222343444824e+00
7.576562881469726562e+00 6.605935573577880859e+00 1.193783402442932129e+00
7.632676601409912109e+00 6.487370967864990234e+00 1.208579778671264648e+00
7.686633110046386719e+00 6.377076625823974609e+00 1.226766467094421387e+00
7.736931324005126953e+00 6.276072025299072266e+00 1.253778815269470215e+00
7.782205104827880859e+00 6.180289268493652344e+00 1.280380845069885254e+00
7.824452877044677734e+00 6.087992668151855469e+00 1.309694886207580566e+00
7.864809989929199219e+00 6.000555515289306641e+00 1.341488480567932129e+00
7.910279273986816406e+00 5.928599834442138672e+00 1.383756160736083984e+00
7.948910236358642578e+00 5.855545520782470703e+00 1.421321392059326172e+00
7.985407352447509766e+00 5.786788940429687500e+00 1.460197210311889648e+00
8.023677825927734375e+00 5.716226577758789062e+00 1.492983818054199219e+00
8.065138816833496094e+00 5.656802654266357422e+00 1.531862497329711914e+00
8.107848167419433594e+00 5.606996536254882812e+00 1.574717640876770020e+00
8.157757759094238281e+00 5.568897247314453125e+00 1.623092174530029297e+00
8.204910278320312500e+00 5.543281078338623047e+00 1.679638743400573730e+00
8.251200675964355469e+00 5.526755809783935547e+00 1.747740030288696289e+00
8.264980316162109375e+00 5.487632274627685547e+00 1.796123147010803223e+00
8.293205261230468750e+00 5.456984996795654297e+00 1.855699181556701660e+00
8.304750442504882812e+00 5.449954032897949219e+00 1.929800629615783691e+00
8.303839683532714844e+00 5.444361209869384766e+00 2.004167556762695312e+00
8.300655364990234375e+00 5.422242641448974609e+00 2.073289394378662109e+00
8.279006958007812500e+00 5.410294055938720703e+00 2.147022247314453125e+00
8.242090225219726562e+00 5.368146896362304688e+00 2.198258638381958008e+00
8.179937362670898438e+00 5.297550678253173828e+00 2.229471921920776367e+00
8.085943222045898438e+00 5.216057300567626953e+00 2.248021841049194336e+00
8.017805099487304688e+00 5.174272537231445312e+00 2.302371263504028320e+00
7.985119342803955078e+00 5.125349998474121094e+00 2.364420413970947266e+00
7.959664821624755859e+00 5.070109844207763672e+00 2.433720350265502930e+00
7.913547515869140625e+00 5.027306079864501953e+00 2.504721403121948242e+00
7.904062271118164062e+00 4.960990428924560547e+00 2.576659440994262695e+00
7.886240959167480469e+00 4.903059959411621094e+00 2.644093275070190430e+00
7.879695892333984375e+00 4.854286670684814453e+00 2.729736566543579102e+00
7.857690811157226562e+00 4.805080890655517578e+00 2.804679870605468750e+00
7.838987827301025391e+00 4.765617370605468750e+00 2.881251335144042969e+00
7.825123786926269531e+00 4.733696937561035156e+00 2.954646587371826172e+00
7.807806015014648438e+00 4.713291645050048828e+00 3.025274276733398438e+00
7.790670394897460938e+00 4.712646484375000000e+00 3.097379207611083984e+00
7.774618625640869141e+00 4.715113639831542969e+00 3.160663127899169922e+00
7.759763240814208984e+00 4.731230735778808594e+00 3.221844673156738281e+00
7.746639728546142578e+00 4.763465881347656250e+00 3.286632776260375977e+00
7.726793766021728516e+00 4.813182830810546875e+00 3.348533630371093750e+00
7.703836917877197266e+00 4.885324001312255859e+00 3.410791635513305664e+00
7.676661968231201172e+00 4.975618362426757812e+00 3.473501205444335938e+00
7.646074771881103516e+00 5.082639217376708984e+00 3.538207769393920898e+00
7.604818344116210938e+00 5.198751449584960938e+00 3.611008644104003906e+00
7.558357238769531250e+00 5.355941772460937500e+00 3.683803796768188477e+00
7.493281841278076172e+00 5.528580188751220703e+00 3.772533416748046875e+00
7.406659126281738281e+00 5.723398208618164062e+00 3.872730493545532227e+00
7.296274185180664062e+00 5.952536106109619141e+00 3.984471082687377930e+00
7.154241085052490234e+00 6.213772773742675781e+00 4.105916500091552734e+00
6.978476047515869141e+00 6.507438182830810547e+00 4.225283145904541016e+00
6.774829864501953125e+00 6.816689014434814453e+00 4.333837509155273438e+00
6.551915168762207031e+00 7.128922462463378906e+00 4.423843860626220703e+00
6.314733028411865234e+00 7.434322357177734375e+00 4.492407321929931641e+00
6.072602272033691406e+00 7.724284172058105469e+00 4.535622119903564453e+00
5.834590911865234375e+00 7.988577842712402344e+00 4.554047107696533203e+00
5.598218441009521484e+00 8.227327346801757812e+00 4.552401542663574219e+00
5.367906093597412109e+00 8.437688827514648438e+00 4.534966945648193359e+00
5.147124290466308594e+00 8.621868133544921875e+00 4.505723476409912109e+00
4.946700096130371094e+00 8.770380020141601562e+00 4.472970008850097656e+00
4.756575584411621094e+00 8.893502235412597656e+00 4.432245731353759766e+00
4.588138580322265625e+00 8.990907669067382812e+00 4.394410133361816406e+00
4.436999320983886719e+00 9.068374633789062500e+00 4.349787712097167969e+00
4.305565357208251953e+00 9.120333671569824219e+00 4.305386066436767578e+00
4.191552639007568359e+00 9.156464576721191406e+00 4.259494304656982422e+00
4.096896171569824219e+00 9.174745559692382812e+00 4.212939739227294922e+00
4.020888328552246094e+00 9.178466796875000000e+00 4.162271022796630859e+00
3.959578990936279297e+00 9.169938087463378906e+00 4.112006187438964844e+00
3.914821863174438477e+00 9.146857261657714844e+00 4.057377815246582031e+00
3.882874488830566406e+00 9.109627723693847656e+00 4.000358104705810547e+00
3.862367630004882812e+00 9.057987213134765625e+00 3.936515569686889648e+00
3.854300975799560547e+00 8.988101959228515625e+00 3.866368293762207031e+00
3.854733467102050781e+00 8.896961212158203125e+00 3.790113210678100586e+00
3.866892099380493164e+00 8.786064147949218750e+00 3.706121683120727539e+00
3.882111787796020508e+00 8.652796745300292969e+00 3.615466117858886719e+00
3.904985189437866211e+00 8.495514869689941406e+00 3.525105714797973633e+00
3.927280187606811523e+00 8.316000938415527344e+00 3.430394411087036133e+00
3.953759908676147461e+00 8.119194030761718750e+00 3.338437080383300781e+00
3.977931022644042969e+00 7.902241706848144531e+00 3.247846364974975586e+00
4.003687858581542969e+00 7.672297000885009766e+00 3.162580490112304688e+00
4.030823230743408203e+00 7.436707019805908203e+00 3.084752559661865234e+00
4.067280292510986328e+00 7.201977729797363281e+00 3.021882057189941406e+00
4.109037399291992188e+00 6.971180438995361328e+00 2.973563194274902344e+00
4.160487651824951172e+00 6.741090774536132812e+00 2.935745477676391602e+00
4.223730087280273438e+00 6.514850616455078125e+00 2.911887407302856445e+00
4.296013355255126953e+00 6.298720836639404297e+00 2.899163007736206055e+00
4.376168727874755859e+00 6.095468044281005859e+00 2.896144866943359375e+00
4.466563224792480469e+00 5.906645298004150391e+00 2.906304836273193359e+00
4.554550170898437500e+00 5.735339641571044922e+00 2.921732187271118164e+00
4.642293453216552734e+00 5.585528850555419922e+00 2.942147254943847656e+00
4.728620052337646484e+00 5.457264900207519531e+00 2.967573642730712891e+00
4.811705589294433594e+00 5.347949981689453125e+00 2.995300531387329102e+00
4.889787197113037109e+00 5.258974075317382812e+00 3.026360988616943359e+00
4.966979980468750000e+00 5.187770843505859375e+00 3.062858104705810547e+00
5.039152622222900391e+00 5.132679939270019531e+00 3.098887205123901367e+00
5.109531402587890625e+00 5.089591979980468750e+00 3.139990091323852539e+00
5.177174091339111328e+00 5.061074733734130859e+00 3.186298608779907227e+00
5.242096424102783203e+00 5.049614906311035156e+00 3.238633632659912109e+00
5.304799079895019531e+00 5.052965641021728516e+00 3.299839258193969727e+00
5.364754199981689453e+00 5.075490474700927734e+00 3.372031211853027344e+00
5.420558452606201172e+00 5.120351791381835938e+00 3.460367202758789062e+00
5.470865726470947266e+00 5.184792518615722656e+00 3.561029672622680664e+00
5.513744354248046875e+00 5.274001121520996094e+00 3.678194284439086914e+00
5.552368164062500000e+00 5.383620738983154297e+00 3.809974431991577148e+00
5.572581768035888672e+00 5.524174213409423828e+00 3.948329687118530273e+00
5.581887245178222656e+00 5.681989669799804688e+00 4.092015266418457031e+00
5.580890655517578125e+00 5.860019207000732422e+00 4.235858440399169922e+00
5.568305015563964844e+00 6.057003498077392578e+00 4.375937461853027344e+00
5.539233207702636719e+00 6.266487121582031250e+00 4.506533622741699219e+00
5.499349117279052734e+00 6.488478660583496094e+00 4.625596523284912109e+00
5.438183307647705078e+00 6.711754798889160156e+00 4.727979183197021484e+00
5.360728740692138672e+00 6.937565326690673828e+00 4.812539100646972656e+00
5.261244297027587891e+00 7.169456958770751953e+00 4.881632328033447266e+00
5.147289276123046875e+00 7.395411491394042969e+00 4.935379981994628906e+00
5.010939598083496094e+00 7.620008468627929688e+00 4.972084045410156250e+00
4.861557006835937500e+00 7.831478595733642578e+00 4.990630149841308594e+00
4.696092605590820312e+00 8.033532142639160156e+00 4.996435165405273438e+00
4.516193389892578125e+00 8.220430374145507812e+00 4.989004135131835938e+00
4.314493179321289062e+00 8.391471862792968750e+00 4.970574378967285156e+00
4.102787971496582031e+00 8.548548698425292969e+00 4.939145088195800781e+00
3.880296707153320312e+00 8.683426856994628906e+00 4.885318756103515625e+00
3.647902011871337891e+00 8.801886558532714844e+00 4.814439773559570312e+00
3.416780948638916016e+00 8.895916938781738281e+00 4.727560997009277344e+00
3.200555086135864258e+00 8.953140258789062500e+00 4.647583961486816406e+00
2.983620405197143555e+00 8.980494499206542969e+00 4.575086593627929688e+00
2.760082244873046875e+00 8.980323791503906250e+00 4.520236492156982422e+00
2.528787851333618164e+00 8.960615158081054688e+00 4.479890346527099609e+00
2.294656991958618164e+00 8.924174308776855469e+00 4.450735569000244141e+00
2.068335294723510742e+00 8.879990577697753906e+00 4.425505638122558594e+00
1.845662832260131836e+00 8.825042724609375000e+00 4.404592514038085938e+00
1.634948611259460449e+00 8.760746002197265625e+00 4.389619827270507812e+00
1.436572790145874023e+00 8.691103935241699219e+00 4.375624656677246094e+00
1.242975354194641113e+00 8.613101959228515625e+00 4.364914894104003906e+00
1.057297348976135254e+00 8.530941009521484375e+00 4.356327533721923828e+00
8.803893923759460449e-01 8.442871093750000000e+00 4.349802017211914062e+00
7.187923789024353027e-01 8.355360984802246094e+00 4.345868110656738281e+00
5.562464594841003418e-01 8.261549949645996094e+00 4.344618797302246094e+00
3.998781740665435791e-01 8.165723800659179688e+00 4.346004009246826172e+00
2.499292194843292236e-01 8.065270423889160156e+00 4.348837375640869141e+00
1.070270165801048279e-01 7.962572574615478516e+00 4.355354309082031250e+00
-3.009167499840259552e-02 7.860235691070556641e+00 4.363156795501708984e+00
-1.608931571245193481e-01 7.757791996002197266e+00 4.372925758361816406e+00
-2.843812704086303711e-01 7.654323101043701172e+00 4.384272575378417969e+00
-4.000611901283264160e-01 7.553123474121093750e+00 4.396872520446777344e+00
-5.060791969299316406e-01 7.451013088226318359e+00 4.410535335540771484e+00
-6.112388968467712402e-01 7.350797653198242188e+00 4.424786090850830078e+00
-7.093824148178100586e-01 7.251576423645019531e+00 4.440099239349365234e+00
-8.021817207336425781e-01 7.158747673034667969e+00 4.454907894134521484e+00
-8.877463936805725098e-01 7.060185909271240234e+00 4.470624446868896484e+00
-9.714879989624023438e-01 6.969788551330566406e+00 4.485579490661621094e+00
-1.048929691314697266e+00 6.876627922058105469e+00 4.501174926757812500e+00
-1.118136286735534668e+00 6.786529541015625000e+00 4.515583515167236328e+00
-1.187614679336547852e+00 6.691304206848144531e+00 4.531070709228515625e+00
-1.253208160400390625e+00 6.596573352813720703e+00 4.545671939849853516e+00
-1.313613653182983398e+00 6.501103401184082031e+00 4.559197902679443359e+00
-1.371778726577758789e+00 6.406610012054443359e+00 4.571406841278076172e+00
-1.425983667373657227e+00 6.309852600097656250e+00 4.584079742431640625e+00
-1.480274200439453125e+00 6.207006454467773438e+00 4.595743656158447266e+00
-1.528242945671081543e+00 6.106974601745605469e+00 4.605810165405273438e+00
-1.575996041297912598e+00 6.004746437072753906e+00 4.615296840667724609e+00
-1.621386766433715820e+00 5.901178836822509766e+00 4.623612403869628906e+00
-1.664206147193908691e+00 5.793462753295898438e+00 4.631556510925292969e+00
-1.708513259887695312e+00 5.683540344238281250e+00 4.638659954071044922e+00
-1.745647311210632324e+00 5.581081867218017578e+00 4.642403125762939453e+00
-1.785378217697143555e+00 5.467554569244384766e+00 4.645760059356689453e+00
-1.822157144546508789e+00 5.350748062133789062e+00 4.647603511810302734e+00
-1.859562873840332031e+00 5.231056690216064453e+00 4.648888111114501953e+00
-1.896992444992065430e+00 5.109557151794433594e+00 4.649778366088867188e+00
-1.932127833366394043e+00 4.988610744476318359e+00 4.648503780364990234e+00
-1.966650843620300293e+00 4.865709304809570312e+00 4.645907402038574219e+00
-2.000091075897216797e+00 4.743552207946777344e+00 4.642911911010742188e+00
-2.030724763870239258e+00 4.624670028686523438e+00 4.638991832733154297e+00
-2.057238817214965820e+00 4.506042957305908203e+00 4.631689071655273438e+00
-2.083357095718383789e+00 4.390560150146484375e+00 4.625422954559326172e+00
-2.109801054000854492e+00 4.279100418090820312e+00 4.618337631225585938e+00
-2.133816003799438477e+00 4.176543712615966797e+00 4.610317707061767578e+00
-2.150345087051391602e+00 4.075544357299804688e+00 4.599624633789062500e+00
-2.169297456741333008e+00 3.980221271514892578e+00 4.591631889343261719e+00
-2.184737443923950195e+00 3.889958143234252930e+00 4.581037044525146484e+00
-2.198088645935058594e+00 3.804115056991577148e+00 4.569799423217773438e+00
-2.206159353256225586e+00 3.719262838363647461e+00 4.556834220886230469e+00
-2.208470344543457031e+00 3.651360511779785156e+00 4.543605804443359375e+00
-2.208258390426635742e+00 3.574315547943115234e+00 4.527530670166015625e+00
-2.202009916305541992e+00 3.498667478561401367e+00 4.509256362915039062e+00
-2.191778182983398438e+00 3.422660350799560547e+00 4.489052295684814453e+00
-2.174794435501098633e+00 3.343300819396972656e+00 4.466097831726074219e+00
-2.148846626281738281e+00 3.257632017135620117e+00 4.437513351440429688e+00
-2.117008924484252930e+00 3.165568351745605469e+00 4.406786441802978516e+00
-2.074078321456909180e+00 3.059910297393798828e+00 4.369825363159179688e+00
-2.022193193435668945e+00 2.943709850311279297e+00 4.326198577880859375e+00
-1.955421328544616699e+00 2.806932210922241211e+00 4.274238109588623047e+00
-1.873706579208374023e+00 2.649131536483764648e+00 4.212234020233154297e+00
-1.765408277511596680e+00 2.468772411346435547e+00 4.136151313781738281e+00
-1.630844116210937500e+00 2.258160591125488281e+00 4.049185276031494141e+00
-1.465513944625854492e+00 2.017439365386962891e+00 3.951415300369262695e+00
-1.261387705802917480e+00 1.738539934158325195e+00 3.840968608856201172e+00
-1.029022693634033203e+00 1.434615612030029297e+00 3.723305463790893555e+00
-7.696253061294555664e-01 1.118049383163452148e+00 3.596595764160156250e+00
-5.009198784828186035e-01 8.151118755340576172e-01 3.461920738220214844e+00
-2.277887463569641113e-01 5.429205894470214844e-01 3.312913179397583008e+00
4.187576845288276672e-02 3.104234039783477783e-01 3.150010585784912109e+00
3.127765655517578125e-01 1.126992404460906982e-01 2.971332311630249023e+00
5.757093429565429688e-01 -4.114923998713493347e-02 2.783569574356079102e+00
8.392415046691894531e-01 -1.598073840141296387e-01 2.584097385406494141e+00
1.105978608131408691e+00 -2.454904168844223022e-01 2.375698804855346680e+00
1.371374607086181641e+00 -2.944524288177490234e-01 2.165610790252685547e+00
1.642865538597106934e+00 -3.132440447807312012e-01 1.963105916976928711e+00
1.909023880958557129e+00 -3.010078370571136475e-01 1.772057294845581055e+00
2.174828767776489258e+00 -2.623404860496520996e-01 1.597895264625549316e+00
2.439304590225219727e+00 -1.999900788068771362e-01 1.440419554710388184e+00
2.699636697769165039e+00 -1.161714866757392883e-01 1.304775714874267578e+00
2.964616537094116211e+00 -1.361193042248487473e-02 1.188190102577209473e+00
3.215227842330932617e+00 1.019847914576530457e-01 1.095412015914916992e+00
3.461673498153686523e+00 2.247912734746932983e-01 1.023368120193481445e+00
3.694539785385131836e+00 3.539319336414337158e-01 9.729942083358764648e-01
3.910928726196289062e+00 4.806180298328399658e-01 9.398848414421081543e-01
4.109964370727539062e+00 5.990896821022033691e-01 9.251763820648193359e-01
4.298662662506103516e+00 7.134128212928771973e-01 9.254667162895202637e-01
4.462177753448486328e+00 8.179299831390380859e-01 9.340242743492126465e-01
4.613564014434814453e+00 9.116319417953491211e-01 9.498004317283630371e-01
4.750138282775878906e+00 9.908421635627746582e-01 9.791098833084106445e-01
4.871735095977783203e+00 1.061704993247985840e+00 1.011716723442077637e+00
4.982600688934326172e+00 1.126256823539733887e+00 1.052246928215026855e+00
5.083479404449462891e+00 1.184342026710510254e+00 1.099613547325134277e+00
5.173844337463378906e+00 1.240174531936645508e+00 1.153769254684448242e+00
5.256436347961425781e+00 1.294140338897705078e+00 1.215285420417785645e+00
5.332470893859863281e+00 1.349073529243469238e+00 1.285373687744140625e+00
5.402315616607666016e+00 1.405444741249084473e+00 1.359794735908508301e+00
5.466405391693115234e+00 1.465804815292358398e+00 1.444872498512268066e+00
5.525896072387695312e+00 1.530092000961303711e+00 1.535284876823425293e+00
5.583549976348876953e+00 1.600893020629882812e+00 1.632056713104248047e+00
5.633522510528564453e+00 1.674536108970642090e+00 1.733894586563110352e+00
5.679585456848144531e+00 1.756264328956604004e+00 1.847018480300903320e+00
5.722061634063720703e+00 1.839272022247314453e+00 1.960862517356872559e+00
5.762501716613769531e+00 1.932585358619689941e+00 2.081181049346923828e+00
5.798971652984619141e+00 2.026894807815551758e+00 2.202493906021118164e+00
5.835647106170654297e+00 2.116640806198120117e+00 2.323326587677001953e+00
5.869456291198730469e+00 2.200941801071166992e+00 2.443127393722534180e+00
5.901405811309814453e+00 2.284673929214477539e+00 2.559725761413574219e+00
5.931093215942382812e+00 2.359700441360473633e+00 2.671184539794921875e+00
5.958033561706542969e+00 2.429169178009033203e+00 2.777140378952026367e+00
5.981316566467285156e+00 2.490986108779907227e+00 2.879213571548461914e+00
6.006269454956054688e+00 2.543261289596557617e+00 2.973985910415649414e+00
6.028004169464111328e+00 2.590205192565917969e+00 3.065959453582763672e+00
6.047464847564697266e+00 2.628627300262451172e+00 3.155187368392944336e+00
6.064038753509521484e+00 2.658950090408325195e+00 3.241366624832153320e+00
6.080234527587890625e+00 2.682108879089355469e+00 3.324490547180175781e+00
6.094337463378906250e+00 2.696044206619262695e+00 3.406720876693725586e+00
6.105072975158691406e+00 2.702767372131347656e+00 3.485713958740234375e+00
6.113288402557373047e+00 2.700614690780639648e+00 3.563963413238525391e+00
6.120448112487792969e+00 2.699729442596435547e+00 3.642579555511474609e+00
6.122235774993896484e+00 2.686217546463012695e+00 3.717293500900268555e+00
6.122242450714111328e+00 2.670265913009643555e+00 3.792414665222167969e+00
6.118151187896728516e+00 2.649818420410156250e+00 3.864253044128417969e+00
6.107952594757080078e+00 2.624355316162109375e+00 3.937753677368164062e+00
6.097358226776123047e+00 2.601519584655761719e+00 4.009443283081054688e+00
6.083492755889892578e+00 2.574062824249267578e+00 4.086767196655273438e+00
6.063461303710937500e+00 2.545869827270507812e+00 4.163628101348876953e+00
6.041323661804199219e+00 2.516682624816894531e+00 4.241047859191894531e+00
6.014230251312255859e+00 2.486016511917114258e+00 4.320837020874023438e+00
5.984698295593261719e+00 2.453393697738647461e+00 4.403347492218017578e+00
5.950929641723632812e+00 2.418772220611572266e+00 4.488184452056884766e+00
5.912296772003173828e+00 2.381776809692382812e+00 4.578100204467773438e+00
5.868265628814697266e+00 2.339605808258056641e+00 4.673227787017822266e+00
5.818269729614257812e+00 2.292659997940063477e+00 4.773284435272216797e+00
5.762741088867187500e+00 2.239856243133544922e+00 4.878609180450439453e+00
5.698082923889160156e+00 2.181109189987182617e+00 4.994948863983154297e+00
5.627429485321044922e+00 2.113473892211914062e+00 5.119177818298339844e+00
5.546131134033203125e+00 2.034151315689086914e+00 5.251330375671386719e+00
5.456050872802734375e+00 1.946961879730224609e+00 5.389972209930419922e+00
5.352427482604980469e+00 1.847059726715087891e+00 5.542932033538818359e+00
5.238205432891845703e+00 1.737576961517333984e+00 5.705053806304931641e+00
5.110568046569824219e+00 1.614834904670715332e+00 5.870125770568847656e+00
4.971217632293701172e+00 1.483636140823364258e+00 6.042013645172119141e+00
4.818552494049072266e+00 1.343815207481384277e+00 6.216041564941406250e+00
4.656661033630371094e+00 1.202080845832824707e+00 6.384419441223144531e+00
4.476915359497070312e+00 1.051314592361450195e+00 6.552162647247314453e+00
4.283672809600830078e+00 9.039188027381896973e-01 6.711956501007080078e+00
4.081123352050781250e+00 7.636842727661132812e-01 6.856115341186523438e+00
3.867996931076049805e+00 6.318577527999877930e-01 6.986487388610839844e+00
3.645845651626586914e+00 5.127387642860412598e-01 7.099667072296142578e+00
3.413920640945434570e+00 4.099405705928802490e-01 7.192217350006103516e+00
3.172956705093383789e+00 3.224387764930725098e-01 7.265449047088623047e+00
2.927127122879028320e+00 2.555579543113708496e-01 7.314505577087402344e+00
2.677204370498657227e+00 1.998548954725265503e-01 7.350632667541503906e+00
2.427355289459228516e+00 1.594102978706359863e-01 7.374899387359619141e+00
2.186870574951171875e+00 1.345367729663848877e-01 7.381578445434570312e+00
1.945985436439514160e+00 1.229960620403289795e-01 7.376437664031982422e+00
1.716217279434204102e+00 1.224032193422317505e-01 7.362548828125000000e+00
1.488358855247497559e+00 1.331714838743209839e-01 7.339585781097412109e+00
1.278673648834228516e+00 1.556831747293472290e-01 7.310216426849365234e+00
1.079708814620971680e+00 1.845071166753768921e-01 7.277743339538574219e+00
8.884944319725036621e-01 2.215487360954284668e-01 7.241239547729492188e+00
7.077404260635375977e-01 2.633114755153656006e-01 7.203104972839355469e+00
5.411444306373596191e-01 3.082532286643981934e-01 7.162823677062988281e+00
3.821276426315307617e-01 3.544337749481201172e-01 7.120271682739257812e+00
2.311023324728012085e-01 4.010990262031555176e-01 7.077054023742675781e+00
8.506895601749420166e-02 4.486366808414459229e-01 7.033973217010498047e+00
-5.028915405273437500e-02 4.950527846813201904e-01 6.989181518554687500e+00
-1.822367161512374878e-01 5.404782891273498535e-01 6.943179607391357422e+00
-3.123930096626281738e-01 5.852947235107421875e-01 6.895356178283691406e+00
-4.420547783374786377e-01 6.282861828804016113e-01 6.846778869628906250e+00
-5.713499188423156738e-01 6.686789393424987793e-01 6.796915531158447266e+00
-6.974657177925109863e-01 7.127327919006347656e-01 6.744049549102783203e+00
-8.270763158798217773e-01 7.534520030021667480e-01 6.690877914428710938e+00
-9.552276134490966797e-01 7.925434112548828125e-01 6.636951446533203125e+00
-1.085281968116760254e+00 8.296916484832763672e-01 6.582460403442382812e+00
-1.215747475624084473e+00 8.662523627281188965e-01 6.528764247894287109e+00
-1.345148324966430664e+00 9.013456106185913086e-01 6.472583293914794922e+00
-1.466794133186340332e+00 9.321425557136535645e-01 6.421990871429443359e+00
-1.591090679168701172e+00 9.645255208015441895e-01 6.373208045959472656e+00
-1.709828257560729980e+00 9.912554621696472168e-01 6.322914600372314453e+00
-1.823748707771301270e+00 1.017741799354553223e+00 6.276760578155517578e+00
-1.933801531791687012e+00 1.042181968688964844e+00 6.231732845306396484e+00
-2.035222291946411133e+00 1.061883330345153809e+00 6.186347961425781250e+00
-2.128737449645996094e+00 1.076648712158203125e+00 6.139978885650634766e+00
-2.211782455444335938e+00 1.088165760040283203e+00 6.091655254364013672e+00
-2.278921127319335938e+00 1.095201015472412109e+00 6.044340133666992188e+00
-2.339230537414550781e+00 1.098778963088989258e+00 5.995724678039550781e+00
-2.384161949157714844e+00 1.098756670951843262e+00 5.948734760284423828e+00
-2.416222333908081055e+00 1.094612002372741699e+00 5.902995586395263672e+00
-2.434448957443237305e+00 1.086827039718627930e+00 5.857810020446777344e+00
-2.439279556274414062e+00 1.073754191398620605e+00 5.812608718872070312e+00
-2.430019855499267578e+00 1.057771205902099609e+00 5.765660285949707031e+00
-2.404131412506103516e+00 1.036895155906677246e+00 5.716232299804687500e+00
-2.360352277755737305e+00 1.008582592010498047e+00 5.662584304809570312e+00
-2.294376373291015625e+00 9.708861708641052246e-01 5.603806018829345703e+00
-2.202646255493164062e+00 9.243075847625732422e-01 5.539566516876220703e+00
-2.090386867523193359e+00 8.680232763290405273e-01 5.472897052764892578e+00
-1.955978274345397949e+00 8.018478751182556152e-01 5.401342868804931641e+00
-1.801142215728759766e+00 7.219551205635070801e-01 5.320837020874023438e+00
-1.625992178916931152e+00 6.242620944976806641e-01 5.220921039581298828e+00
-1.427522540092468262e+00 5.068154335021972656e-01 5.102888584136962891e+00
-1.212422847747802734e+00 3.694932460784912109e-01 4.957509994506835938e+00
-9.826723337173461914e-01 2.144537866115570068e-01 4.787103176116943359e+00
-7.432217597961425781e-01 4.933926090598106384e-02 4.598492145538330078e+00
-4.937304556369781494e-01 -1.187894195318222046e-01 4.397235393524169922e+00
-2.385324537754058838e-01 -2.838020920753479004e-01 4.191476821899414062e+00
2.284280210733413696e-02 -4.339773356914520264e-01 3.985639333724975586e+00
2.926576137542724609e-01 -5.727944970130920410e-01 3.775876283645629883e+00
5.686010122299194336e-01 -6.983320116996765137e-01 3.567347764968872070e+00
8.418642282485961914e-01 -7.980558872222900391e-01 3.359713792800903320e+00
1.121413230895996094e+00 -8.766110539436340332e-01 3.151859521865844727e+00
1.403097152709960938e+00 -9.339337944984436035e-01 2.949707031250000000e+00
1.688069462776184082e+00 -9.676129221916198730e-01 2.747042894363403320e+00
1.977244734764099121e+00 -9.729667305946350098e-01 2.545485973358154297e+00
2.266432523727416992e+00 -9.603921175003051758e-01 2.355414152145385742e+00
2.552024364471435547e+00 -9.286416172981262207e-01 2.182005167007446289e+00
2.837077856063842773e+00 -8.800742626190185547e-01 2.024246692657470703e+00
3.116153001785278320e+00 -8.191084265708923340e-01 1.885381102561950684e+00
3.391828536987304688e+00 -7.490279674530029297e-01 1.766115188598632812e+00
3.667350530624389648e+00 -6.698613166809082031e-01 1.666244983673095703e+00
3.933166027069091797e+00 -5.877346396446228027e-01 1.584707379341125488e+00
4.187627315521240234e+00 -5.014968514442443848e-01 1.520545959472656250e+00
4.431632518768310547e+00 -4.128502309322357178e-01 1.467366576194763184e+00
4.663243770599365234e+00 -3.226181864738464355e-01 1.429934859275817871e+00
4.879207134246826172e+00 -2.350004911422729492e-01 1.403480291366577148e+00
5.080028057098388672e+00 -1.471412032842636108e-01 1.386320829391479492e+00
5.269202232360839844e+00 -6.690331548452377319e-02 1.378934144973754883e+00
5.438207149505615234e+00 1.235851645469665527e-02 1.377426028251647949e+00
5.594831466674804688e+00 8.271974325180053711e-02 1.381744742393493652e+00
5.743695735931396484e+00 1.459580361843109131e-01 1.389993667602539062e+00
5.887961864471435547e+00 2.013750672340393066e-01 1.402983546257019043e+00
6.023734092712402344e+00 2.475055605173110962e-01 1.423328280448913574e+00
6.157742500305175781e+00 2.840779125690460205e-01 1.450672864913940430e+00
6.291740894317626953e+00 3.142528831958770752e-01 1.480696916580200195e+00
6.423714637756347656e+00 3.349653184413909912e-01 1.519101738929748535e+00
6.557886600494384766e+00 3.498163819313049316e-01 1.564546585083007812e+00
6.693572044372558594e+00 3.602544665336608887e-01 1.615194916725158691e+00
6.829336166381835938e+00 3.665128350257873535e-01 1.670587539672851562e+00
6.960843563079833984e+00 3.675677478313446045e-01 1.731886744499206543e+00
7.097024917602539062e+00 3.686132729053497314e-01 1.803186416625976562e+00
7.231727123260498047e+00 3.688969314098358154e-01 1.879373311996459961e+00
7.364062309265136719e+00 3.678210973739624023e-01 1.961492300033569336e+00
7.494301795959472656e+00 3.678043186664581299e-01 2.048189163208007812e+00
7.620419979095458984e+00 3.678692877292633057e-01 2.142079591751098633e+00
7.745131015777587891e+00 3.694152235984802246e-01 2.237455368041992188e+00
7.863520622253417969e+00 3.719040155410766602e-01 2.337779760360717773e+00
7.983410835266113281e+00 3.741154670715332031e-01 2.445123910903930664e+00
8.099745750427246094e+00 3.781956136226654053e-01 2.557198047637939453e+00
8.214284896850585938e+00 3.811812698841094971e-01 2.673953533172607422e+00
8.330386161804199219e+00 3.858070969581604004e-01 2.799613475799560547e+00
8.444567680358886719e+00 3.898414969444274902e-01 2.929149627685546875e+00
8.560698509216308594e+00 3.930418789386749268e-01 3.067197561264038086e+00
8.676632881164550781e+00 3.965444862842559814e-01 3.211903810501098633e+00
8.794357299804687500e+00 3.984501659870147705e-01 3.364253282546997070e+00
8.917263984680175781e+00 3.989026546478271484e-01 3.528394460678100586e+00
9.043062210083007812e+00 3.979674875736236572e-01 3.701398372650146484e+00
9.173331260681152344e+00 3.962957262992858887e-01 3.882419586181640625e+00
9.309063911437988281e+00 3.942016363143920898e-01 4.072391033172607422e+00
9.450382232666015625e+00 3.930798172950744629e-01 4.269655227661132812e+00
9.597791671752929688e+00 3.938166201114654541e-01 4.473451137542724609e+00
9.750731468200683594e+00 3.973112106323242188e-01 4.683503627777099609e+00
9.905492782592773438e+00 4.034311473369598389e-01 4.897504329681396484e+00
1.006460762023925781e+01 4.140864908695220947e-01 5.120303630828857422e+00
1.022129726409912109e+01 4.284083843231201172e-01 5.347352504730224609e+00
1.037606525421142578e+01 4.459995925426483154e-01 5.583956718444824219e+00
1.052343750000000000e+01 4.653265774250030518e-01 5.828989505767822266e+00
1.065884017944335938e+01 4.832665026187896729e-01 6.076593875885009766e+00
1.078024959564208984e+01 4.983457028865814209e-01 6.323696613311767578e+00
1.088526248931884766e+01 5.110623836517333984e-01 6.558144092559814453e+00
1.097032737731933594e+01 5.196321010589599609e-01 6.774892330169677734e+00
1.104112815856933594e+01 5.247645378112792969e-01 6.971770763397216797e+00
1.109833717346191406e+01 5.276957154273986816e-01 7.146887779235839844e+00
1.114061927795410156e+01 5.280414223670959473e-01 7.299536228179931641e+00
1.116765022277832031e+01 5.250782966613769531e-01 7.434235095977783203e+00
1.118404960632324219e+01 5.197197198867797852e-01 7.550691127777099609e+00
1.118896102905273438e+01 5.115550160408020020e-01 7.650911331176757812e+00
1.118231296539306641e+01 5.014266967773437500e-01 7.738244533538818359e+00
1.116592407226562500e+01 4.891570806503295898e-01 7.813131332397460938e+00
1.113980102539062500e+01 4.745391905307769775e-01 7.879267692565917969e+00
1.109831714630126953e+01 4.581587910652160645e-01 7.938479423522949219e+00
1.104379558563232422e+01 4.383743703365325928e-01 7.989446640014648438e+00
1.097792243957519531e+01 4.161897897720336914e-01 8.037484169006347656e+00
1.089273262023925781e+01 3.917555212974548340e-01 8.080454826354980469e+00
1.078783988952636719e+01 3.651957213878631592e-01 8.119645118713378906e+00
1.066446781158447266e+01 3.341220617294311523e-01 8.151668548583984375e+00
1.051703739166259766e+01 3.002411425113677979e-01 8.177535057067871094e+00
1.034703063964843750e+01 2.602034211158752441e-01 8.197097778320312500e+00
1.015095138549804688e+01 2.138844579458236694e-01 8.209154129028320312e+00
9.934995651245117188e+00 1.603727340698242188e-01 8.207530021667480469e+00
9.694872856140136719e+00 9.875793009996414185e-02 8.192413330078125000e+00
9.440130233764648438e+00 3.173414990305900574e-02 8.160527229309082031e+00
9.182565689086914062e+00 -4.033425077795982361e-02 8.110210418701171875e+00
8.934060096740722656e+00 -1.125004664063453674e-01 8.039240837097167969e+00
8.689168930053710938e+00 -1.867574900388717651e-01 7.945478916168212891e+00
8.463726043701171875e+00 -2.580631673336029053e-01 7.835784912109375000e+00
8.262067794799804688e+00 -3.257589340209960938e-01 7.710578441619873047e+00
8.097244262695312500e+00 -3.880097568035125732e-01 7.574464321136474609e+00
7.958801746368408203e+00 -4.469833374023437500e-01 7.429131031036376953e+00
7.859751224517822266e+00 -5.013389587402343750e-01 7.278765201568603516e+00
7.777227878570556641e+00 -5.504062175750732422e-01 7.136818408966064453e+00
7.711210727691650391e+00 -5.939362645149230957e-01 6.998742580413818359e+00
7.650861740112304688e+00 -6.275763511657714844e-01 6.872413158416748047e+00
7.595826148986816406e+00 -6.530417799949645996e-01 6.766493797302246094e+00
7.544286251068115234e+00 -6.702014207839965820e-01 6.684667587280273438e+00
7.497622013092041016e+00 -6.797738671302795410e-01 6.626280784606933594e+00
7.455137729644775391e+00 -6.831287145614624023e-01 6.589446067810058594e+00
7.412379741668701172e+00 -6.812993288040161133e-01 6.571683406829833984e+00
7.368662834167480469e+00 -6.748464703559875488e-01 6.572547912597656250e+00
7.320553779602050781e+00 -6.636729240417480469e-01 6.591678619384765625e+00
7.267660617828369141e+00 -6.484725475311279297e-01 6.629291057586669922e+00
7.204180717468261719e+00 -6.295267343521118164e-01 6.692718982696533203e+00
7.132374763488769531e+00 -6.073870658874511719e-01 6.783308029174804688e+00
7.050744056701660156e+00 -5.848356485366821289e-01 6.893807888031005859e+00
6.966266155242919922e+00 -5.655372142791748047e-01 7.021144390106201172e+00
6.867749691009521484e+00 -5.509601831436157227e-01 7.159433841705322266e+00
6.746991157531738281e+00 -5.418183803558349609e-01 7.306845664978027344e+00
6.596039772033691406e+00 -5.414973497390747070e-01 7.456765651702880859e+00
6.410418510437011719e+00 -5.519213676452636719e-01 7.607143402099609375e+00
6.182878017425537109e+00 -5.732061266899108887e-01 7.751071453094482422e+00
5.914525508880615234e+00 -6.015459895133972168e-01 7.888298511505126953e+00
5.624369621276855469e+00 -6.448585391044616699e-01 8.012450218200683594e+00
5.320412635803222656e+00 -6.843481659889221191e-01 8.116223335266113281e+00
5.000381946563720703e+00 -7.303847074508666992e-01 8.205900192260742188e+00
4.674091339111328125e+00 -7.800760865211486816e-01 8.278241157531738281e+00
4.346596240997314453e+00 -8.324708938598632812e-01 8.330231666564941406e+00
4.018098831176757812e+00 -8.813974857330322266e-01 8.369844436645507812e+00
3.686236381530761719e+00 -9.311807155609130859e-01 8.401108741760253906e+00
3.354770898818969727e+00 -9.842844009399414062e-01 8.428565025329589844e+00
3.021988391876220703e+00 -1.035056948661804199e+00 8.449388504028320312e+00
2.695056438446044922e+00 -1.086732745170593262e+00 8.465085983276367188e+00
2.366323471069335938e+00 -1.138937592506408691e+00 8.478184700012207031e+00
2.042437314987182617e+00 -1.189637303352355957e+00 8.488502502441406250e+00
1.723421573638916016e+00 -1.239493727684020996e+00 8.495055198669433594e+00
1.411117315292358398e+00 -1.283320307731628418e+00 8.497453689575195312e+00
1.117361545562744141e+00 -1.323254823684692383e+00 8.493488311767578125e+00
8.256173729896545410e-01 -1.351188063621520996e+00 8.486468315124511719e+00
5.472245216369628906e-01 -1.368358969688415527e+00 8.478909492492675781e+00
2.857121229171752930e-01 -1.369741201400756836e+00 8.471171379089355469e+00
3.540702164173126221e-02 -1.361924886703491211e+00 8.464868545532226562e+00
-2.086304724216461182e-01 -1.340119719505310059e+00 8.456950187683105469e+00
-4.399055838584899902e-01 -1.308397054672241211e+00 8.445896148681640625e+00
-6.611475348472595215e-01 -1.274827361106872559e+00 8.427145957946777344e+00
-8.572744131088256836e-01 -1.243617057800292969e+00 8.404463768005371094e+00
-1.049944519996643066e+00 -1.214353442192077637e+00 8.373003959655761719e+00
-1.226854443550109863e+00 -1.187729477882385254e+00 8.336874961853027344e+00
-1.391597032546997070e+00 -1.165205478668212891e+00 8.293950080871582031e+00
-1.543542861938476562e+00 -1.146605372428894043e+00 8.246332168579101562e+00
-1.689008712768554688e+00 -1.130376219749450684e+00 8.195701599121093750e+00
-1.826674699783325195e+00 -1.118801236152648926e+00 8.138728141784667969e+00
-1.951650619506835938e+00 -1.107973456382751465e+00 8.082885742187500000e+00
-2.078313350677490234e+00 -1.100257635116577148e+00 8.016318321228027344e+00
-2.200646400451660156e+00 -1.095845341682434082e+00 7.949266910552978516e+00
-2.319724321365356445e+00 -1.092182755470275879e+00 7.878620624542236328e+00
-2.433941841125488281e+00 -1.090800404548645020e+00 7.804868221282958984e+00
-2.546246528625488281e+00 -1.088699817657470703e+00 7.727373123168945312e+00
-2.659902572631835938e+00 -1.086982846260070801e+00 7.646136283874511719e+00
-2.769042253494262695e+00 -1.084376335144042969e+00 7.564696788787841797e+00
-2.876374006271362305e+00 -1.080276846885681152e+00 7.480101108551025391e+00
-2.982300281524658203e+00 -1.069029927253723145e+00 7.394749641418457031e+00
-3.086490631103515625e+00 -1.061133265495300293e+00 7.309369087219238281e+00
-3.181417703628540039e+00 -1.052446961402893066e+00 7.224074363708496094e+00
-3.274766206741333008e+00 -1.036881089210510254e+00 7.140367031097412109e+00
-3.369968891143798828e+00 -1.019810557365417480e+00 7.053083419799804688e+00
-3.459857702255249023e+00 -1.000473856925964355e+00 6.967139244079589844e+00
-3.549086332321166992e+00 -9.789000749588012695e-01 6.878904342651367188e+00
-3.627959012985229492e+00 -9.549415111541748047e-01 6.793705463409423828e+00
-3.705069541931152344e+00 -9.257866144180297852e-01 6.708665370941162109e+00
-3.777974367141723633e+00 -8.984687924385070801e-01 6.622776508331298828e+00
-3.849622726440429688e+00 -8.694341182708740234e-01 6.539805412292480469e+00
-3.920389413833618164e+00 -8.369379043579101562e-01 6.455913543701171875e+00
-3.962884187698364258e+00 -8.129827976226806641e-01 6.380735397338867188e+00
-4.019876956939697266e+00 -7.811658382415771484e-01 6.298111915588378906e+00
-4.076382160186767578e+00 -7.534146308898925781e-01 6.215589523315429688e+00
-4.124616146087646484e+00 -7.230229377746582031e-01 6.132991313934326172e+00
-4.157185077667236328e+00 -6.940361857414245605e-01 6.053359985351562500e+00
-4.187941551208496094e+00 -6.718182563781738281e-01 5.973303794860839844e+00
-4.204903602600097656e+00 -6.472582221031188965e-01 5.895051002502441406e+00
-4.210865020751953125e+00 -6.274049878120422363e-01 5.818965435028076172e+00
-4.208276748657226562e+00 -6.152702569961547852e-01 5.746339321136474609e+00
-4.195452690124511719e+00 -6.059737801551818848e-01 5.676994800567626953e+00
-4.181934833526611328e+00 -6.005760431289672852e-01 5.615157604217529297e+00
-4.143705844879150391e+00 -5.987411141395568848e-01 5.555859565734863281e+00
-4.096277713775634766e+00 -6.052857041358947754e-01 5.499521732330322266e+00
-4.035364151000976562e+00 -6.154317259788513184e-01 5.444619655609130859e+00
-3.956263542175292969e+00 -6.350143551826477051e-01 5.394333362579345703e+00
-3.868355751037597656e+00 -6.609062552452087402e-01 5.347337245941162109e+00
-3.765317916870117188e+00 -6.910545825958251953e-01 5.301307201385498047e+00
-3.650276899337768555e+00 -7.267115116119384766e-01 5.255788803100585938e+00
-3.514138460159301758e+00 -7.728499174118041992e-01 5.209208488464355469e+00
-3.356088399887084961e+00 -8.250713348388671875e-01 5.151744842529296875e+00
-3.173450946807861328e+00 -8.883329033851623535e-01 5.086781501770019531e+00
-2.950675010681152344e+00 -9.622336626052856445e-01 5.011717319488525391e+00
-2.689340114593505859e+00 -1.048874974250793457e+00 4.927051544189453125e+00
-2.387758731842041016e+00 -1.145976543426513672e+00 4.835681438446044922e+00
-2.048064470291137695e+00 -1.253049492835998535e+00 4.743914604187011719e+00
-1.685810208320617676e+00 -1.365527272224426270e+00 4.653223037719726562e+00
-1.311144232749938965e+00 -1.476504802703857422e+00 4.566537857055664062e+00
-9.260478615760803223e-01 -1.587321281433105469e+00 4.480398178100585938e+00
-5.462058782577514648e-01 -1.696469545364379883e+00 4.397287845611572266e+00
-1.589813530445098877e-01 -1.807282686233520508e+00 4.313525676727294922e+00
2.252170741558074951e-01 -1.918605446815490723e+00 4.227716445922851562e+00
6.090611219406127930e-01 -2.039347410202026367e+00 4.138579845428466797e+00
9.868693947792053223e-01 -2.161358356475830078e+00 4.048874855041503906e+00
1.365603089332580566e+00 -2.292025089263916016e+00 3.958278179168701172e+00
1.742690324783325195e+00 -2.429764747619628906e+00 3.873986721038818359e+00
2.125958204269409180e+00 -2.573860406875610352e+00 3.794560194015502930e+00
2.504551887512207031e+00 -2.713452100753784180e+00 3.719058513641357422e+00
2.873148918151855469e+00 -2.842602968215942383e+00 3.649459123611450195e+00
3.225607395172119141e+00 -2.947190761566162109e+00 3.583039522171020508e+00
3.569875240325927734e+00 -3.029066801071166992e+00 3.518430233001708984e+00
3.902616024017333984e+00 -3.087660312652587891e+00 3.456482648849487305e+00
4.220015048980712891e+00 -3.114582777023315430e+00 3.395022392272949219e+00
4.517445087432861328e+00 -3.115639925003051758e+00 3.336978435516357422e+00
4.805200099945068359e+00 -3.094872236251831055e+00 3.283526897430419922e+00
5.073408603668212891e+00 -3.052736759185791016e+00 3.235024213790893555e+00
5.318132400512695312e+00 -2.996333122253417969e+00 3.194576501846313477e+00
5.544829845428466797e+00 -2.929756402969360352e+00 3.162910938262939453e+00
5.748163700103759766e+00 -2.856588363647460938e+00 3.139110803604125977e+00
5.926848411560058594e+00 -2.784785509109497070e+00 3.123476266860961914e+00
6.078908443450927734e+00 -2.716535568237304688e+00 3.117188453674316406e+00
6.213021755218505859e+00 -2.650318384170532227e+00 3.117553710937500000e+00
6.330086231231689453e+00 -2.589859247207641602e+00 3.123616218566894531e+00
6.432128429412841797e+00 -2.535564899444580078e+00 3.135061740875244141e+00
6.522349357604980469e+00 -2.486573457717895508e+00 3.152181625366210938e+00
6.606081485748291016e+00 -2.440878152847290039e+00 3.175533056259155273e+00
6.684492588043212891e+00 -2.399487733840942383e+00 3.205427885055541992e+00
6.761376380920410156e+00 -2.361060142517089844e+00 3.243035554885864258e+00
6.837966918945312500e+00 -2.325415849685668945e+00 3.290210962295532227e+00
6.919014930725097656e+00 -2.290047407150268555e+00 3.351111650466918945e+00
7.007647991180419922e+00 -2.255747795104980469e+00 3.428417682647705078e+00
7.106712818145751953e+00 -2.222122907638549805e+00 3.526897430419921875e+00
7.219853878021240234e+00 -2.189184427261352539e+00 3.654863119125366211e+00
7.350482940673828125e+00 -2.157041311264038086e+00 3.815678596496582031e+00
7.502105236053466797e+00 -2.126997232437133789e+00 4.017339706420898438e+00
7.679920196533203125e+00 -2.098315000534057617e+00 4.254189014434814453e+00
7.886577129364013672e+00 -2.075050830841064453e+00 4.515606880187988281e+00
8.125351905822753906e+00 -2.052451372146606445e+00 4.775777816772460938e+00
8.400786399841308594e+00 -2.035063982009887695e+00 5.026336193084716797e+00
8.716336250305175781e+00 -2.019665002822875977e+00 5.281246662139892578e+00
9.052174568176269531e+00 -2.007208824157714844e+00 5.545716285705566406e+00
9.382545471191406250e+00 -1.988577127456665039e+00 5.813867092132568359e+00
9.699071884155273438e+00 -1.962005615234375000e+00 6.088575363159179688e+00
9.981549263000488281e+00 -1.925870895385742188e+00 6.354308605194091797e+00
1.024287796020507812e+01 -1.879499793052673340e+00 6.622513771057128906e+00
1.047521972656250000e+01 -1.824776291847229004e+00 6.878396034240722656e+00
1.067560768127441406e+01 -1.767177224159240723e+00 7.114795207977294922e+00
1.084420585632324219e+01 -1.708863258361816406e+00 7.324173927307128906e+00
1.098118877410888672e+01 -1.653183460235595703e+00 7.504663944244384766e+00
1.109441566467285156e+01 -1.606405854225158691e+00 7.661977767944335938e+00
1.118647098541259766e+01 -1.570349812507629395e+00 7.798829555511474609e+00
1.125763511657714844e+01 -1.547195196151733398e+00 7.920164585113525391e+00
1.131187438964843750e+01 -1.533789634704589844e+00 8.026603698730468750e+00
1.134753417968750000e+01 -1.531188607215881348e+00 8.116820335388183594e+00
1.136618709564208984e+01 -1.536027550697326660e+00 8.193770408630371094e+00
1.136977767944335938e+01 -1.546746850013732910e+00 8.259662628173828125e+00
1.135582160949707031e+01 -1.562977790832519531e+00 8.317403793334960938e+00
1.132586956024169922e+01 -1.582137942314147949e+00 8.365905761718750000e+00
1.127848815917968750e+01 -1.605364680290222168e+00 8.407326698303222656e+00
1.121326541900634766e+01 -1.633166790008544922e+00 8.443170547485351562e+00
1.112918376922607422e+01 -1.669290184974670410e+00 8.470539093017578125e+00
1.102564430236816406e+01 -1.712867975234985352e+00 8.489953994750976562e+00
1.090191841125488281e+01 -1.766747951507568359e+00 8.498525619506835938e+00
1.076664257049560547e+01 -1.833363413810729980e+00 8.498920440673828125e+00
1.061553955078125000e+01 -1.904257535934448242e+00 8.487346649169921875e+00
1.044806861877441406e+01 -1.984035372734069824e+00 8.463373184204101562e+00
1.026755714416503906e+01 -2.070193052291870117e+00 8.425629615783691406e+00
1.006865215301513672e+01 -2.163143873214721680e+00 8.373644828796386719e+00
9.867547035217285156e+00 -2.263914346694946289e+00 8.305063247680664062e+00
9.662869453430175781e+00 -2.365262746810913086e+00 8.218397140502929688e+00
9.459889411926269531e+00 -2.465294361114501953e+00 8.111204147338867188e+00
9.266513824462890625e+00 -2.557412862777709961e+00 7.986432075500488281e+00
9.085844039916992188e+00 -2.638068437576293945e+00 7.846432685852050781e+00
8.915408134460449219e+00 -2.706743001937866211e+00 7.691356658935546875e+00
8.759546279907226562e+00 -2.756312847137451172e+00 7.522104740142822266e+00
8.613853454589843750e+00 -2.789665460586547852e+00 7.342194080352783203e+00
8.480222702026367188e+00 -2.806720256805419922e+00 7.164106369018554688e+00
8.363376617431640625e+00 -2.806936740875244141e+00 6.992407321929931641e+00
8.255081176757812500e+00 -2.796048402786254883e+00 6.828876495361328125e+00
8.158309936523437500e+00 -2.775966644287109375e+00 6.681028842926025391e+00
8.069737434387207031e+00 -2.748954057693481445e+00 6.551584243774414062e+00
7.988255500793457031e+00 -2.716081619262695312e+00 6.443001747131347656e+00
7.914154529571533203e+00 -2.679387331008911133e+00 6.356133460998535156e+00
7.845565319061279297e+00 -2.641201257705688477e+00 6.287766456604003906e+00
7.781428337097167969e+00 -2.602188587188720703e+00 6.242527484893798828e+00
7.720923900604248047e+00 -2.563887596130371094e+00 6.211771488189697266e+00
7.663264751434326172e+00 -2.526384830474853516e+00 6.193378925323486328e+00
7.604763031005859375e+00 -2.490457534790039062e+00 6.186344623565673828e+00
7.545510768890380859e+00 -2.453947305679321289e+00 6.196409702301025391e+00
7.480726718902587891e+00 -2.417439699172973633e+00 6.221077919006347656e+00
7.409551620483398438e+00 -2.382002592086791992e+00 6.259607791900634766e+00
7.330502986907958984e+00 -2.347070932388305664e+00 6.316359519958496094e+00
7.238715171813964844e+00 -2.315359115600585938e+00 6.392796516418457031e+00
7.135754108428955078e+00 -2.282328367233276367e+00 6.487205028533935547e+00
7.019189834594726562e+00 -2.248126268386840820e+00 6.599905967712402344e+00
6.889554500579833984e+00 -2.211833953857421875e+00 6.731022357940673828e+00
6.745080471038818359e+00 -2.170677900314331055e+00 6.881669521331787109e+00
6.583447933197021484e+00 -2.123075962066650391e+00 7.050685882568359375e+00
6.406636238098144531e+00 -2.069129467010498047e+00 7.232003688812255859e+00
6.219912052154541016e+00 -2.010926008224487305e+00 7.417404651641845703e+00
6.022803783416748047e+00 -1.954768061637878418e+00 7.599092006683349609e+00
5.819537162780761719e+00 -1.898465871810913086e+00 7.768171787261962891e+00
5.601471900939941406e+00 -1.845334529876708984e+00 7.924378395080566406e+00
5.372555732727050781e+00 -1.794834971427917480e+00 8.063870429992675781e+00
5.129807472229003906e+00 -1.749065637588500977e+00 8.186357498168945312e+00
4.868769168853759766e+00 -1.706798195838928223e+00 8.293282508850097656e+00
4.593891620635986328e+00 -1.673037171363830566e+00 8.387490272521972656e+00
4.316026687622070312e+00 -1.646163940429687500e+00 8.464208602905273438e+00
4.023780345916748047e+00 -1.634643912315368652e+00 8.536585807800292969e+00
3.729541778564453125e+00 -1.635769844055175781e+00 8.601393699645996094e+00
3.430693387985229492e+00 -1.650455594062805176e+00 8.657575607299804688e+00
3.127372264862060547e+00 -1.678066611289978027e+00 8.708058357238769531e+00
2.821156263351440430e+00 -1.720042467117309570e+00 8.749269485473632812e+00
2.526966094970703125e+00 -1.771273851394653320e+00 8.781745910644531250e+00
2.227896690368652344e+00 -1.842606544494628906e+00 8.816303253173828125e+00
1.924883008003234863e+00 -1.909286737442016602e+00 8.838277816772460938e+00
1.630738139152526855e+00 -1.981454014778137207e+00 8.848037719726562500e+00
1.339629411697387695e+00 -2.055828571319580078e+00 8.848358154296875000e+00
1.045487046241760254e+00 -2.131998300552368164e+00 8.835325241088867188e+00
7.675650119781494141e-01 -2.210794448852539062e+00 8.810672760009765625e+00
4.953976869583129883e-01 -2.287190675735473633e+00 8.768361091613769531e+00
2.443613559007644653e-01 -2.353786945343017578e+00 8.712267875671386719e+00
1.942290365695953369e-02 -2.408949375152587891e+00 8.658191680908203125e+00
-1.905971169471740723e-01 -2.453423500061035156e+00 8.602870941162109375e+00
-3.873571157455444336e-01 -2.497157335281372070e+00 8.553446769714355469e+00
-5.726035237312316895e-01 -2.528348445892333984e+00 8.506363868713378906e+00
-7.453756928443908691e-01 -2.557111978530883789e+00 8.463451385498046875e+00
-8.995020389556884766e-01 -2.583205223083496094e+00 8.423742294311523438e+00
-1.052898287773132324e+00 -2.603880167007446289e+00 8.383692741394042969e+00
-1.193855047225952148e+00 -2.627865314483642578e+00 8.341666221618652344e+00
-1.326231837272644043e+00 -2.651385784149169922e+00 8.298219680786132812e+00
-1.453780651092529297e+00 -2.675902843475341797e+00 8.251529693603515625e+00
-1.573716640472412109e+00 -2.699069023132324219e+00 8.206948280334472656e+00
-1.692335605621337891e+00 -2.726731538772583008e+00 8.152709960937500000e+00
-1.802389502525329590e+00 -2.752712965011596680e+00 8.099737167358398438e+00
-1.911146163940429688e+00 -2.770786523818969727e+00 8.050456047058105469e+00
-2.018329381942749023e+00 -2.795141220092773438e+00 7.991261959075927734e+00
-2.121622800827026367e+00 -2.819722414016723633e+00 7.926085948944091797e+00
-2.227631330490112305e+00 -2.845053434371948242e+00 7.863296031951904297e+00
-2.329283475875854492e+00 -2.872047185897827148e+00 7.794461250305175781e+00
-2.430034875869750977e+00 -2.897564172744750977e+00 7.721636772155761719e+00
-2.527514696121215820e+00 -2.924184560775756836e+00 7.651970386505126953e+00
-2.627058267593383789e+00 -2.950221300125122070e+00 7.577404022216796875e+00
-2.724708080291748047e+00 -2.987993240356445312e+00 7.499888896942138672e+00
-2.820804595947265625e+00 -3.012229919433593750e+00 7.422523975372314453e+00
-2.914979696273803711e+00 -3.033840894699096680e+00 7.347509384155273438e+00
-3.005719661712646484e+00 -3.053108215332031250e+00 7.271688938140869141e+00
-3.093403816223144531e+00 -3.071994304656982422e+00 7.193847179412841797e+00
-3.175999879837036133e+00 -3.087865829467773438e+00 7.126006603240966797e+00
-3.247673273086547852e+00 -3.101965188980102539e+00 7.046247005462646484e+00
-3.322546958923339844e+00 -3.114720106124877930e+00 6.973338603973388672e+00
-3.393254041671752930e+00 -3.125836849212646484e+00 6.894946575164794922e+00
-3.450979709625244141e+00 -3.131830692291259766e+00 6.820123672485351562e+00
-3.500108242034912109e+00 -3.135400056838989258e+00 6.744142055511474609e+00
-3.537579298019409180e+00 -3.137576103210449219e+00 6.667291164398193359e+00
-3.563132762908935547e+00 -3.139271020889282227e+00 6.590947151184082031e+00
-3.575138330459594727e+00 -3.139305114746093750e+00 6.516499519348144531e+00
-3.577408552169799805e+00 -3.139226675033569336e+00 6.446980953216552734e+00
-3.563868045806884766e+00 -3.138577699661254883e+00 6.379422664642333984e+00
-3.538837671279907227e+00 -3.137186765670776367e+00 6.315209388732910156e+00
-3.502106428146362305e+00 -3.139359235763549805e+00 6.253476619720458984e+00
-3.448164939880371094e+00 -3.140789747238159180e+00 6.196275234222412109e+00
-3.383460521697998047e+00 -3.142977952957153320e+00 6.144648551940917969e+00
-3.293872356414794922e+00 -3.146167278289794922e+00 6.093862533569335938e+00
-3.191265106201171875e+00 -3.149424552917480469e+00 6.048110008239746094e+00
-3.072293758392333984e+00 -3.150985240936279297e+00 6.004550457000732422e+00
-2.937086105346679688e+00 -3.150579690933227539e+00 5.958754062652587891e+00
-2.784615755081176758e+00 -3.145170211791992188e+00 5.908265590667724609e+00
-2.607914447784423828e+00 -3.135111331939697266e+00 5.850256443023681641e+00
-2.413555622100830078e+00 -3.121031045913696289e+00 5.781393527984619141e+00
-2.185571908950805664e+00 -3.098532199859619141e+00 5.695308685302734375e+00
-1.930171489715576172e+00 -3.068464994430541992e+00 5.596360206604003906e+00
-1.655438780784606934e+00 -3.035005569458007812e+00 5.491814613342285156e+00
-1.355356335639953613e+00 -3.000665664672851562e+00 5.384446620941162109e+00
-1.037846446037292480e+00 -2.970815896987915039e+00 5.277420043945312500e+00
-7.153698801994323730e-01 -2.951710939407348633e+00 5.173872470855712891e+00
-3.825765848159790039e-01 -2.946941852569580078e+00 5.072732925415039062e+00
-4.827477782964706421e-02 -2.960111379623413086e+00 4.974392414093017578e+00
2.794303596019744873e-01 -2.991144418716430664e+00 4.873807907104492188e+00
6.073539853096008301e-01 -3.046023368835449219e+00 4.772656440734863281e+00
9.350917339324951172e-01 -3.124870300292968750e+00 4.669301509857177734e+00
1.258685111999511719e+00 -3.225665092468261719e+00 4.566494941711425781e+00
1.580886363983154297e+00 -3.345937013626098633e+00 4.467678546905517578e+00
1.905082702636718750e+00 -3.487774848937988281e+00 4.368327617645263672e+00
2.227523088455200195e+00 -3.642537593841552734e+00 4.273370265960693359e+00
2.557564258575439453e+00 -3.806162834167480469e+00 4.186257839202880859e+00
2.899141073226928711e+00 -3.977465152740478516e+00 4.109189033508300781e+00
3.240464925765991211e+00 -4.144618511199951172e+00 4.049374580383300781e+00
3.574483394622802734e+00 -4.297913551330566406e+00 4.005295753479003906e+00
3.902656316757202148e+00 -4.438151836395263672e+00 3.972224712371826172e+00
4.216428756713867188e+00 -4.556831359863281250e+00 3.951020956039428711e+00
4.511446475982666016e+00 -4.657025814056396484e+00 3.939960002899169922e+00
4.787156581878662109e+00 -4.739047527313232422e+00 3.939705371856689453e+00
5.038362026214599609e+00 -4.805334568023681641e+00 3.937472581863403320e+00
5.264224529266357422e+00 -4.856478214263916016e+00 3.929360628128051758e+00
5.477478504180908203e+00 -4.898678302764892578e+00 3.925533294677734375e+00
5.677799224853515625e+00 -4.932813167572021484e+00 3.921317815780639648e+00
5.867905616760253906e+00 -4.960144042968750000e+00 3.910683631896972656e+00
6.047983169555664062e+00 -4.982743263244628906e+00 3.894693136215209961e+00
6.224509716033935547e+00 -5.001600265502929688e+00 3.876978397369384766e+00
6.400678634643554688e+00 -5.019398212432861328e+00 3.860192298889160156e+00
6.576287746429443359e+00 -5.033883094787597656e+00 3.842690944671630859e+00
6.752846717834472656e+00 -5.045520782470703125e+00 3.826529979705810547e+00
6.927507400512695312e+00 -5.055280208587646484e+00 3.815951347351074219e+00
7.096484184265136719e+00 -5.060356140136718750e+00 3.808621883392333984e+00
7.257948398590087891e+00 -5.062251091003417969e+00 3.808159351348876953e+00
7.419170856475830078e+00 -5.059996128082275391e+00 3.811657667160034180e+00
7.572784423828125000e+00 -5.053885459899902344e+00 3.820844411849975586e+00
7.720929145812988281e+00 -5.044316291809082031e+00 3.834331512451171875e+00
7.856641292572021484e+00 -5.028197765350341797e+00 3.854709386825561523e+00
7.982674598693847656e+00 -5.010827541351318359e+00 3.875363826751708984e+00
8.100564956665039062e+00 -4.987581729888916016e+00 3.902531385421752930e+00
8.213561058044433594e+00 -4.963873386383056641e+00 3.928630113601684570e+00
8.318870544433593750e+00 -4.934698104858398438e+00 3.959812164306640625e+00
8.420223236083984375e+00 -4.901425838470458984e+00 3.996239185333251953e+00
8.520140647888183594e+00 -4.858461380004882812e+00 4.039817810058593750e+00
8.617854118347167969e+00 -4.815322875976562500e+00 4.084312438964843750e+00
8.716501235961914062e+00 -4.765412807464599609e+00 4.135953903198242188e+00
8.819325447082519531e+00 -4.708061695098876953e+00 4.195123672485351562e+00
8.921687126159667969e+00 -4.647150039672851562e+00 4.257774353027343750e+00
9.031919479370117188e+00 -4.578455924987792969e+00 4.328879356384277344e+00
9.147502899169921875e+00 -4.505432605743408203e+00 4.405711650848388672e+00
9.268613815307617188e+00 -4.425194740295410156e+00 4.491476535797119141e+00
9.395408630371093750e+00 -4.348690986633300781e+00 4.576153278350830078e+00
9.530682563781738281e+00 -4.272849082946777344e+00 4.661509037017822266e+00
9.670930862426757812e+00 -4.204116821289062500e+00 4.742873668670654297e+00
9.817415237426757812e+00 -4.143001079559326172e+00 4.820830821990966797e+00
9.967632293701171875e+00 -4.086437702178955078e+00 4.893788814544677734e+00
1.011999225616455078e+01 -4.044677734375000000e+00 4.957769393920898438e+00
1.027375888824462891e+01 -4.007772445678710938e+00 5.018362045288085938e+00
1.042828559875488281e+01 -3.976555824279785156e+00 5.076119899749755859e+00
1.057349491119384766e+01 -3.952173948287963867e+00 5.129648685455322266e+00
1.072888374328613281e+01 -3.928029298782348633e+00 5.186742305755615234e+00
1.088189029693603516e+01 -3.903992891311645508e+00 5.246922492980957031e+00
1.103614234924316406e+01 -3.877489805221557617e+00 5.311627388000488281e+00
1.118952083587646484e+01 -3.850777149200439453e+00 5.379365921020507812e+00
1.134764003753662109e+01 -3.821353197097778320e+00 5.454431056976318359e+00
1.150905323028564453e+01 -3.788601160049438477e+00 5.537551403045654297e+00
1.167481422424316406e+01 -3.752169132232666016e+00 5.629873275756835938e+00
1.184798908233642578e+01 -3.710868835449218750e+00 5.733057022094726562e+00
1.202689361572265625e+01 -3.665748357772827148e+00 5.848191738128662109e+00
1.221135997772216797e+01 -3.615244626998901367e+00 5.975655078887939453e+00
1.240203475952148438e+01 -3.561887264251708984e+00 6.112670898437500000e+00
1.259788894653320312e+01 -3.505082607269287109e+00 6.258969306945800781e+00
1.279075241088867188e+01 -3.446843624114990234e+00 6.410822391510009766e+00
1.298111343383789062e+01 -3.384854316711425781e+00 6.572669506072998047e+00
1.316456985473632812e+01 -3.319645404815673828e+00 6.738005638122558594e+00
1.333548736572265625e+01 -3.255432605743408203e+00 6.905987739562988281e+00
1.349857711791992188e+01 -3.186638355255126953e+00 7.080228805541992188e+00
1.364537239074707031e+01 -3.117110490798950195e+00 7.256669044494628906e+00
1.377202892303466797e+01 -3.048119544982910156e+00 7.427541255950927734e+00
1.388319015502929688e+01 -2.977895498275756836e+00 7.594846725463867188e+00
1.397263813018798828e+01 -2.911432504653930664e+00 7.755876064300537109e+00
1.404770946502685547e+01 -2.848066568374633789e+00 7.908903598785400391e+00
1.410192680358886719e+01 -2.786089420318603516e+00 8.055609703063964844e+00
1.414242458343505859e+01 -2.727525234222412109e+00 8.195675849914550781e+00
1.417141723632812500e+01 -2.672891855239868164e+00 8.331737518310546875e+00
1.418118190765380859e+01 -2.619036197662353516e+00 8.462343215942382812e+00
1.417247962951660156e+01 -2.563914537429809570e+00 8.582199096679687500e+00
1.415228176116943359e+01 -2.516356468200683594e+00 8.699786186218261719e+00
1.411597824096679688e+01 -2.468487739562988281e+00 8.815513610839843750e+00
1.406105422973632812e+01 -2.419679164886474609e+00 8.931006431579589844e+00
1.398511600494384766e+01 -2.370104074478149414e+00 9.045921325683593750e+00
1.388811111450195312e+01 -2.320460557937622070e+00 9.161577224731445312e+00
1.376546669006347656e+01 -2.272761583328247070e+00 9.276146888732910156e+00
1.361812782287597656e+01 -2.229078531265258789e+00 9.394803047180175781e+00
1.344747352600097656e+01 -2.190453529357910156e+00 9.506043434143066406e+00
1.324513244628906250e+01 -2.161396741867065430e+00 9.622005462646484375e+00
1.301430416107177734e+01 -2.142360925674438477e+00 9.729850769042968750e+00
1.275642776489257812e+01 -2.134488821029663086e+00 9.827923774719238281e+00
1.247309589385986328e+01 -2.137114763259887695e+00 9.915911674499511719e+00
1.218502044677734375e+01 -2.151583671569824219e+00 9.983139991760253906e+00
1.186985778808593750e+01 -2.190238952636718750e+00 1.003583431243896484e+01
1.154887485504150391e+01 -2.245514869689941406e+00 1.006894493103027344e+01
1.121486282348632812e+01 -2.324624538421630859e+00 1.007914638519287109e+01
1.087891674041748047e+01 -2.432699203491210938e+00 1.006341171264648438e+01
1.054533100128173828e+01 -2.569220542907714844e+00 1.001803588867187500e+01
1.022756671905517578e+01 -2.736858844757080078e+00 9.941024780273437500e+00
9.979546546936035156e+00 -2.897895097732543945e+00 9.858312606811523438e+00
9.754685401916503906e+00 -3.062439441680908203e+00 9.758049964904785156e+00
9.554705619812011719e+00 -3.217921733856201172e+00 9.653809547424316406e+00
9.371438980102539062e+00 -3.356154441833496094e+00 9.548614501953125000e+00
9.205274581909179688e+00 -3.480858564376831055e+00 9.439152717590332031e+00
9.051675796508789062e+00 -3.596401453018188477e+00 9.326513290405273438e+00
8.907869338989257812e+00 -3.702252864837646484e+00 9.212060928344726562e+00
8.786087036132812500e+00 -3.795818328857421875e+00 9.101548194885253906e+00
8.677465438842773438e+00 -3.882358074188232422e+00 8.993300437927246094e+00
8.577581405639648438e+00 -3.963037490844726562e+00 8.884428024291992188e+00
8.489726066589355469e+00 -4.034871101379394531e+00 8.780158042907714844e+00
8.403817176818847656e+00 -4.099581718444824219e+00 8.677924156188964844e+00
8.326317787170410156e+00 -4.164885044097900391e+00 8.572093009948730469e+00
8.253978729248046875e+00 -4.223730564117431641e+00 8.468415260314941406e+00
8.187133789062500000e+00 -4.279435157775878906e+00 8.368588447570800781e+00
8.121918678283691406e+00 -4.331124305725097656e+00 8.267689704895019531e+00
8.060263633728027344e+00 -4.379919528961181641e+00 8.164721488952636719e+00
7.998526573181152344e+00 -4.424019813537597656e+00 8.067839622497558594e+00
7.936118602752685547e+00 -4.462555408477783203e+00 7.975968837738037109e+00
7.872766017913818359e+00 -4.494127750396728516e+00 7.884570598602294922e+00
7.809111118316650391e+00 -4.527011871337890625e+00 7.795198917388916016e+00
7.744636535644531250e+00 -4.553655147552490234e+00 7.710536479949951172e+00
7.675266265869140625e+00 -4.567073822021484375e+00 7.643841743469238281e+00
7.606754779815673828e+00 -4.585818290710449219e+00 7.571793079376220703e+00
7.534625530242919922e+00 -4.597238540649414062e+00 7.511665344238281250e+00
7.461637973785400391e+00 -4.604140281677246094e+00 7.458971977233886719e+00
7.385886669158935547e+00 -4.605049610137939453e+00 7.417551517486572266e+00
7.306828498840332031e+00 -4.597935199737548828e+00 7.388125419616699219e+00
7.229022979736328125e+00 -4.587079048156738281e+00 7.367993831634521484e+00
7.150016307830810547e+00 -4.573497295379638672e+00 7.357695102691650391e+00
7.067893505096435547e+00 -4.550920963287353516e+00 7.359757900238037109e+00
6.981801509857177734e+00 -4.526842117309570312e+00 7.370873451232910156e+00
6.894963264465332031e+00 -4.493550777435302734e+00 7.392559051513671875e+00
6.805396080017089844e+00 -4.457144260406494141e+00 7.426539897918701172e+00
6.714935302734375000e+00 -4.409036159515380859e+00 7.468487262725830078e+00
6.618028163909912109e+00 -4.357451438903808594e+00 7.518810272216796875e+00
6.518033504486083984e+00 -4.291522026062011719e+00 7.580729007720947266e+00
6.410074234008789062e+00 -4.217746734619140625e+00 7.642710685729980469e+00
6.297701358795166016e+00 -4.131437778472900391e+00 7.717475414276123047e+00
6.179962158203125000e+00 -4.029219150543212891e+00 7.794561386108398438e+00
6.041570663452148438e+00 -3.915704250335693359e+00 7.876549243927001953e+00
5.898838996887207031e+00 -3.787270545959472656e+00 7.956144809722900391e+00
5.740034103393554688e+00 -3.648133516311645508e+00 8.035013198852539062e+00
5.570168018341064453e+00 -3.503490447998046875e+00 8.107069969177246094e+00
5.391326904296875000e+00 -3.349339723587036133e+00 8.178131103515625000e+00
5.200529575347900391e+00 -3.193962097167968750e+00 8.240801811218261719e+00
4.994619369506835938e+00 -3.043184518814086914e+00 8.292346954345703125e+00
4.784163951873779297e+00 -2.900614261627197266e+00 8.334686279296875000e+00
4.555981636047363281e+00 -2.769837617874145508e+00 8.360973358154296875e+00
4.316530227661132812e+00 -2.656186819076538086e+00 8.371564865112304688e+00
4.063656330108642578e+00 -2.564452886581420898e+00 8.365242958068847656e+00
3.806677579879760742e+00 -2.492841005325317383e+00 8.353241920471191406e+00
3.539156675338745117e+00 -2.447417497634887695e+00 8.328191757202148438e+00
3.269447803497314453e+00 -2.422037601470947266e+00 8.298046112060546875e+00
3.005192041397094727e+00 -2.416805982589721680e+00 8.260912895202636719e+00
2.733628511428833008e+00 -2.432029008865356445e+00 8.219788551330566406e+00
2.470802068710327148e+00 -2.466510772705078125e+00 8.180475234985351562e+00
2.211234569549560547e+00 -2.507619142532348633e+00 8.136104583740234375e+00
1.959524869918823242e+00 -2.555913686752319336e+00 8.092266082763671875e+00
1.725768804550170898e+00 -2.609019756317138672e+00 8.053506851196289062e+00
1.512988686561584473e+00 -2.661862134933471680e+00 8.020562171936035156e+00
1.320001840591430664e+00 -2.711124420166015625e+00 7.989203453063964844e+00
1.152125716209411621e+00 -2.762580156326293945e+00 7.956374645233154297e+00
1.009201526641845703e+00 -2.808911800384521484e+00 7.923760414123535156e+00
8.884223103523254395e-01 -2.852843284606933594e+00 7.886669635772705078e+00
7.934892773628234863e-01 -2.894784212112426758e+00 7.845035552978515625e+00
7.233365178108215332e-01 -2.932590007781982422e+00 7.803524017333984375e+00
6.776769161224365234e-01 -2.966646671295166016e+00 7.761454582214355469e+00
6.543744206428527832e-01 -2.997027873992919922e+00 7.717427253723144531e+00
6.507136821746826172e-01 -3.025115489959716797e+00 7.670024871826171875e+00
6.666613817214965820e-01 -3.053410768508911133e+00 7.617210388183593750e+00
7.002927660942077637e-01 -3.077385187149047852e+00 7.552082061767578125e+00
7.517274618148803711e-01 -3.100517749786376953e+00 7.480473041534423828e+00
8.222905993461608887e-01 -3.121472358703613281e+00 7.396781921386718750e+00
9.098355770111083984e-01 -3.142998218536376953e+00 7.298573493957519531e+00
1.015351653099060059e+00 -3.160977602005004883e+00 7.187104701995849609e+00
1.133399724960327148e+00 -3.183322668075561523e+00 7.062694072723388672e+00
1.263268470764160156e+00 -3.207603931427001953e+00 6.921724796295166016e+00
1.404058456420898438e+00 -3.238590240478515625e+00 6.764121532440185547e+00
1.550608992576599121e+00 -3.275951385498046875e+00 6.590849876403808594e+00
1.706363916397094727e+00 -3.323310852050781250e+00 6.405867099761962891e+00
1.867801070213317871e+00 -3.379339218139648438e+00 6.217519760131835938e+00
2.032716512680053711e+00 -3.443833827972412109e+00 6.033464431762695312e+00
2.201578378677368164e+00 -3.514562606811523438e+00 5.859283447265625000e+00
2.376513004302978516e+00 -3.592700719833374023e+00 5.698488712310791016e+00
2.558907270431518555e+00 -3.675996303558349609e+00 5.557185173034667969e+00
2.749397993087768555e+00 -3.766021251678466797e+00 5.434470653533935547e+00
2.948181152343750000e+00 -3.862709522247314453e+00 5.323776721954345703e+00
3.154691696166992188e+00 -3.963406085968017578e+00 5.234837532043457031e+00
3.367430210113525391e+00 -4.067331790924072266e+00 5.162661552429199219e+00
3.581487178802490234e+00 -4.170650959014892578e+00 5.112766265869140625e+00
3.798100948333740234e+00 -4.272853851318359375e+00 5.082683086395263672e+00
4.015505313873291016e+00 -4.372920513153076172e+00 5.067420482635498047e+00
4.233844280242919922e+00 -4.469645500183105469e+00 5.066568374633789062e+00
4.442459106445312500e+00 -4.555512428283691406e+00 5.078132152557373047e+00
4.648448467254638672e+00 -4.638273715972900391e+00 5.099137306213378906e+00
4.843082904815673828e+00 -4.712802410125732422e+00 5.124450206756591797e+00
5.028656005859375000e+00 -4.777150154113769531e+00 5.161546230316162109e+00
5.199229717254638672e+00 -4.831883907318115234e+00 5.201902866363525391e+00
5.358227252960205078e+00 -4.879396438598632812e+00 5.248600959777832031e+00
5.499490261077880859e+00 -4.915790557861328125e+00 5.298452854156494141e+00
5.636550903320312500e+00 -4.947568893432617188e+00 5.359294891357421875e+00
5.766308307647705078e+00 -4.974014282226562500e+00 5.428810119628906250e+00
5.886600494384765625e+00 -4.992889404296875000e+00 5.508342742919921875e+00
6.005617141723632812e+00 -5.004963874816894531e+00 5.598595142364501953e+00
6.133091926574707031e+00 -5.013722896575927734e+00 5.703479290008544922e+00
6.269061088562011719e+00 -5.015756130218505859e+00 5.824851512908935547e+00
6.416992187500000000e+00 -5.012218475341796875e+00 5.958926677703857422e+00
6.585604667663574219e+00 -5.003681182861328125e+00 6.104209423065185547e+00
6.770470142364501953e+00 -4.991748332977294922e+00 6.246740818023681641e+00
6.978620529174804688e+00 -4.974818706512451172e+00 6.383317947387695312e+00
7.218012809753417969e+00 -4.955518245697021484e+00 6.498834133148193359e+00
7.502149581909179688e+00 -4.925436019897460938e+00 6.589859962463378906e+00
7.841488361358642578e+00 -4.886162757873535156e+00 6.662317276000976562e+00
8.251565933227539062e+00 -4.822128295898437500e+00 6.736829757690429688e+00
8.746410369873046875e+00 -4.719071388244628906e+00 6.824218750000000000e+00
9.290280342102050781e+00 -4.570594310760498047e+00 6.916920185089111328e+00
9.820218086242675781e+00 -4.392013072967529297e+00 7.005030155181884766e+00
1.025687503814697266e+01 -4.222237110137939453e+00 7.089304924011230469e+00
1.062681102752685547e+01 -4.065654277801513672e+00 7.175491333007812500e+00
1.094970798492431641e+01 -3.925476312637329102e+00 7.267433166503906250e+00
1.124907779693603516e+01 -3.801871061325073242e+00 7.366881847381591797e+00
1.153166866302490234e+01 -3.704045295715332031e+00 7.475423812866210938e+00
1.180855941772460938e+01 -3.633143901824951172e+00 7.592297554016113281e+00
1.207526969909667969e+01 -3.589392900466918945e+00 7.718251228332519531e+00
1.233463287353515625e+01 -3.567673921585083008e+00 7.858034610748291016e+00
1.257998752593994141e+01 -3.557304382324218750e+00 8.010063171386718750e+00
1.280505657196044922e+01 -3.546593904495239258e+00 8.167989730834960938e+00
1.300644874572753906e+01 -3.535808086395263672e+00 8.323026657104492188e+00
1.317771148681640625e+01 -3.518824100494384766e+00 8.470236778259277344e+00
1.332136249542236328e+01 -3.496354341506958008e+00 8.603865623474121094e+00
1.343500423431396484e+01 -3.468984842300415039e+00 8.729847908020019531e+00
1.353096485137939453e+01 -3.440333843231201172e+00 8.846009254455566406e+00
1.360659885406494141e+01 -3.407978296279907227e+00 8.955255508422851562e+00
1.365651702880859375e+01 -3.374556303024291992e+00 9.057931900024414062e+00
1.368585872650146484e+01 -3.340873956680297852e+00 9.152787208557128906e+00
1.369352149963378906e+01 -3.306868076324462891e+00 9.242833137512207031e+00
1.368405246734619141e+01 -3.277059555053710938e+00 9.324803352355957031e+00
1.365294837951660156e+01 -3.244505882263183594e+00 9.403296470642089844e+00
1.360289669036865234e+01 -3.213404178619384766e+00 9.476208686828613281e+00
1.353524875640869141e+01 -3.181967496871948242e+00 9.544188499450683594e+00
1.344472789764404297e+01 -3.153717517852783203e+00 9.607192039489746094e+00
1.333624458312988281e+01 -3.120292901992797852e+00 9.665340423583984375e+00
1.321230602264404297e+01 -3.089772224426269531e+00 9.722146987915039062e+00
1.306330394744873047e+01 -3.059617996215820312e+00 9.767276763916015625e+00
1.289488983154296875e+01 -3.029484987258911133e+00 9.811114311218261719e+00
1.271132850646972656e+01 -2.995755672454833984e+00 9.850588798522949219e+00
1.250541877746582031e+01 -2.971359014511108398e+00 9.885794639587402344e+00
1.228146171569824219e+01 -2.952910423278808594e+00 9.909020423889160156e+00
1.204095077514648438e+01 -2.949714183807373047e+00 9.922700881958007812e+00
1.179589748382568359e+01 -2.961580514907836914e+00 9.925730705261230469e+00
1.154688835144042969e+01 -2.999670028686523438e+00 9.919005393981933594e+00
1.131441307067871094e+01 -3.050566196441650391e+00 9.905560493469238281e+00
1.109914112091064453e+01 -3.115849494934082031e+00 9.888026237487792969e+00
1.090779399871826172e+01 -3.190376520156860352e+00 9.864820480346679688e+00
1.073528575897216797e+01 -3.271249771118164062e+00 9.839765548706054688e+00
1.059247493743896484e+01 -3.346816539764404297e+00 9.813121795654296875e+00
1.047588634490966797e+01 -3.422650098800659180e+00 9.787633895874023438e+00
1.036922931671142578e+01 -3.501544237136840820e+00 9.753576278686523438e+00
-1.634745407104492188e+01 -1.020437240600585938e+00 -3.541831374168395996e-01
-1.632682609558105469e+01 -1.006757736206054688e+00 -3.623573780059814453e-01
-1.629552268981933594e+01 -9.893385767936706543e-01 -3.465701043605804443e-01
-1.628231239318847656e+01 -9.475463032722473145e-01 -3.291016519069671631e-01
-1.625324058532714844e+01 -9.113594293594360352e-01 -3.080604374408721924e-01
-1.609249687194824219e+01 -9.849897623062133789e-01 -2.823838889598846436e-01
-1.604490089416503906e+01 -9.380357861518859863e-01 -2.383857816457748413e-01
-1.598751926422119141e+01 -9.870033860206604004e-01 -3.547935783863067627e-01
-1.595326995849609375e+01 -8.614732623100280762e-01 -2.063837051391601562e-01
-1.593129348754882812e+01 -7.891386151313781738e-01 -1.801238358020782471e-01
-1.604077529907226562e+01 -8.779579997062683105e-01 -6.531572341918945312e-01
-1.603556060791015625e+01 -8.279468417167663574e-01 -6.960235834121704102e-01
-1.619722366333007812e+01 -4.341244995594024658e-01 -5.108125805854797363e-01
-1.605880546569824219e+01 -3.536827564239501953e-01 -2.953065931797027588e-01
-1.577421855926513672e+01 -5.132707357406616211e-01 -1.735203117132186890e-01
-1.608927726745605469e+01 -4.328301250934600830e-01 -7.703145742416381836e-01
-1.604605674743652344e+01 -2.167615741491317749e-01 -5.473269224166870117e-01
-1.574390888214111328e+01 -3.055118024349212646e-01 -2.540088295936584473e-01
-1.595118045806884766e+01 -4.025218188762664795e-01 -9.037207365036010742e-01
-1.590897655487060547e+01 -3.802466988563537598e-01 -9.344938993453979492e-01
-1.559549617767333984e+01 -1.889185756444931030e-01 -2.911472916603088379e-01
-1.548246955871582031e+01 -2.572484910488128662e-01 -2.919953465461730957e-01
-1.578508567810058594e+01 -9.009249508380889893e-03 -7.880893945693969727e-01
-1.566001510620117188e+01 6.539031863212585449e-02 -6.557127833366394043e-01
-1.535786056518554688e+01 -1.636628359556198120e-01 -3.740997910499572754e-01
-1.549956893920898438e+01 1.009133011102676392e-01 -6.344200372695922852e-01
-1.547835540771484375e+01 1.246969476342201233e-01 -7.454255819320678711e-01
-1.551429367065429688e+01 -1.459374092519283295e-02 -1.059031605720520020e+00
-1.542928028106689453e+01 -2.682850956916809082e-01 -1.158298373222351074e+00
-1.536493682861328125e+01 -2.803982794284820557e-01 -1.173446536064147949e+00
-1.530238628387451172e+01 -2.826626300811767578e-01 -1.190552830696105957e+00
-1.510960006713867188e+01 1.492668837308883667e-01 -7.974939346313476562e-01
-1.519836425781250000e+01 -1.149352788925170898e-01 -1.231673717498779297e+00
-1.487042522430419922e+01 -2.756608724594116211e-01 -6.641016006469726562e-01
-1.481098079681396484e+01 -2.300636023283004761e-01 -6.771380305290222168e-01
-1.474578762054443359e+01 -1.579249203205108643e-01 -6.875178217887878418e-01
-1.469821834564208984e+01 -2.446931414306163788e-02 -7.471846342086791992e-01
-1.478556060791015625e+01 1.622468382120132446e-01 -1.114808678627014160e+00
-1.457887077331542969e+01 1.571216434240341187e-02 -8.123867511749267578e-01
-1.476327705383300781e+01 3.509010002017021179e-02 -1.359369874000549316e+00
-1.468445587158203125e+01 6.286235153675079346e-02 -1.348479151725769043e+00
-1.462683773040771484e+01 4.545275121927261353e-02 -1.371577978134155273e+00
-1.438319873809814453e+01 3.974403813481330872e-02 -1.012261986732482910e+00
-1.451317119598388672e+01 6.903063971549272537e-03 -1.410110473632812500e+00
-1.428971004486083984e+01 -2.501612156629562378e-02 -1.077304720878601074e+00
-1.424638462066650391e+01 -7.127925008535385132e-02 -1.101585865020751953e+00
-1.420798015594482422e+01 -1.270317137241363525e-01 -1.124078512191772461e+00
-1.435350418090820312e+01 -1.916213929653167725e-01 -1.492631316184997559e+00
-1.414957332611083984e+01 -2.624850273132324219e-01 -1.179141283035278320e+00
-1.426734924316406250e+01 -3.311854004859924316e-01 -1.483725547790527344e+00
-1.415409564971923828e+01 -3.977101445198059082e-01 -1.367348194122314453e+00
-1.413340854644775391e+01 -4.733077585697174072e-01 -1.429986238479614258e+00
-1.410410118103027344e+01 -5.704873204231262207e-01 -1.424523234367370605e+00
-1.407408237457275391e+01 -6.705710291862487793e-01 -1.437373399734497070e+00
-1.403416824340820312e+01 -7.700444459915161133e-01 -1.453489303588867188e+00
-1.399099349975585938e+01 -8.696475028991699219e-01 -1.484661698341369629e+00
-1.393846511840820312e+01 -9.718704819679260254e-01 -1.517012596130371094e+00
-1.388361835479736328e+01 -1.080618262290954590e+00 -1.548749804496765137e+00
-1.382525444030761719e+01 -1.194744229316711426e+00 -1.579392313957214355e+00
-1.376732540130615234e+01 -1.308871865272521973e+00 -1.611397266387939453e+00
-1.370129680633544922e+01 -1.419196009635925293e+00 -1.632310509681701660e+00
-1.364729118347167969e+01 -1.529150724411010742e+00 -1.670472621917724609e+00
-1.359542179107666016e+01 -1.635956287384033203e+00 -1.700318455696105957e+00
-1.354626846313476562e+01 -1.737896800041198730e+00 -1.728577733039855957e+00
-1.350064563751220703e+01 -1.834465622901916504e+00 -1.747609376907348633e+00
-1.345928573608398438e+01 -1.924445152282714844e+00 -1.772304534912109375e+00
-1.341140270233154297e+01 -2.008708000183105469e+00 -1.794743180274963379e+00
-1.338540554046630859e+01 -2.082450628280639648e+00 -1.812981963157653809e+00
-1.335052394866943359e+01 -2.157954216003417969e+00 -1.832311153411865234e+00
-1.331756305694580078e+01 -2.230121135711669922e+00 -1.838492989540100098e+00
-1.328987121582031250e+01 -2.300732612609863281e+00 -1.837686896324157715e+00
-1.325235748291015625e+01 -2.364294290542602539e+00 -1.851970911026000977e+00
-1.322001934051513672e+01 -2.430359601974487305e+00 -1.842205762863159180e+00
-1.318879413604736328e+01 -2.495613336563110352e+00 -1.824814438819885254e+00
-1.315764236450195312e+01 -2.561908006668090820e+00 -1.801772117614746094e+00
-1.312497615814208984e+01 -2.631308078765869141e+00 -1.773938179016113281e+00
-1.308890438079833984e+01 -2.699003696441650391e+00 -1.735425233840942383e+00
-1.304951667785644531e+01 -2.767490863800048828e+00 -1.695016622543334961e+00
-1.300249195098876953e+01 -2.837329387664794922e+00 -1.653861880302429199e+00
-1.295433425903320312e+01 -2.904424428939819336e+00 -1.600067257881164551e+00
-1.290661811828613281e+01 -2.981858968734741211e+00 -1.552095413208007812e+00
-1.285623836517333984e+01 -3.066113471984863281e+00 -1.506285429000854492e+00
-1.279673004150390625e+01 -3.148896932601928711e+00 -1.466246604919433594e+00
-1.273826408386230469e+01 -3.229084730148315430e+00 -1.413465976715087891e+00
-1.268097686767578125e+01 -3.312810897827148438e+00 -1.355594038963317871e+00
-1.262591743469238281e+01 -3.398369073867797852e+00 -1.301851153373718262e+00
-1.256790542602539062e+01 -3.480920553207397461e+00 -1.255929112434387207e+00
-1.250875377655029297e+01 -3.556462526321411133e+00 -1.206121444702148438e+00
-1.245275688171386719e+01 -3.632553100585937500e+00 -1.163855314254760742e+00
-1.239663219451904297e+01 -3.705785512924194336e+00 -1.125804781913757324e+00
-1.234668064117431641e+01 -3.773118972778320312e+00 -1.085605502128601074e+00
-1.229359245300292969e+01 -3.839881658554077148e+00 -1.046978950500488281e+00
-1.224006557464599609e+01 -3.900234460830688477e+00 -1.015635848045349121e+00
-1.218219089508056641e+01 -3.943626880645751953e+00 -9.777390360832214355e-01
-1.213626003265380859e+01 -3.992983818054199219e+00 -9.349671602249145508e-01
-1.209172058105468750e+01 -4.026326656341552734e+00 -8.907040357589721680e-01
-1.204810619354248047e+01 -4.054737567901611328e+00 -8.391963243484497070e-01
-1.200391769409179688e+01 -4.073451995849609375e+00 -7.863355278968811035e-01
-1.196344089508056641e+01 -4.087353229522705078e+00 -7.265288233757019043e-01
-1.193088817596435547e+01 -4.101753711700439453e+00 -6.604247093200683594e-01
-1.190739536285400391e+01 -4.108836174011230469e+00 -5.871050357818603516e-01
-1.189004230499267578e+01 -4.112166404724121094e+00 -5.073285102844238281e-01
-1.187141895294189453e+01 -4.097652435302734375e+00 -4.227547347545623779e-01
-1.186510944366455078e+01 -4.096010684967041016e+00 -3.340346813201904297e-01
-1.186433124542236328e+01 -4.090581417083740234e+00 -2.350739538669586182e-01
-1.184191131591796875e+01 -4.085271358489990234e+00 -1.390909701585769653e-01
-1.185302925109863281e+01 -4.084439754486083984e+00 -3.400409221649169922e-02
-1.186396789550781250e+01 -4.076894283294677734e+00 7.250738143920898438e-02
-1.188675880432128906e+01 -4.067738056182861328e+00 1.823921054601669312e-01
-1.189091777801513672e+01 -4.073251724243164062e+00 2.925345897674560547e-01
-1.191381072998046875e+01 -4.073299407958984375e+00 4.033772051334381104e-01
-1.194667339324951172e+01 -4.048680305480957031e+00 5.068732500076293945e-01
-1.200492572784423828e+01 -4.009275436401367188e+00 6.072928905487060547e-01
-1.196044445037841797e+01 -4.073428153991699219e+00 7.189182639122009277e-01
-1.194376087188720703e+01 -4.098066806793212891e+00 8.214455246925354004e-01
-1.196931648254394531e+01 -4.084516525268554688e+00 9.172338843345642090e-01
-1.197882556915283203e+01 -4.077717781066894531e+00 1.007602334022521973e+00
-1.201869678497314453e+01 -4.035163879394531250e+00 1.089191317558288574e+00
-1.217354583740234375e+01 -3.815912723541259766e+00 1.115292429924011230e+00
-1.216201305389404297e+01 -3.801708936691284180e+00 1.188950061798095703e+00
-1.197968578338623047e+01 -3.976074218750000000e+00 1.307951688766479492e+00
-1.210119342803955078e+01 -3.772760629653930664e+00 1.308217883110046387e+00
-1.190707683563232422e+01 -3.917603731155395508e+00 1.400577902793884277e+00
-1.191151237487792969e+01 -3.841277837753295898e+00 1.435707807540893555e+00
-1.189292716979980469e+01 -3.775031805038452148e+00 1.463467717170715332e+00
-1.198278141021728516e+01 -3.554133892059326172e+00 1.417165279388427734e+00
-1.192755889892578125e+01 -3.507637262344360352e+00 1.430267214775085449e+00
-1.183176708221435547e+01 -3.485143899917602539e+00 1.458704352378845215e+00
-1.178459262847900391e+01 -3.434056758880615234e+00 1.447365760803222656e+00
-1.153830814361572266e+01 -3.601307392120361328e+00 1.492603182792663574e+00
-1.148685359954833984e+01 -3.523290634155273438e+00 1.474548101425170898e+00
-1.155850601196289062e+01 -3.276144027709960938e+00 1.394269466400146484e+00
-1.145964622497558594e+01 -3.245274782180786133e+00 1.377106070518493652e+00
-1.137066936492919922e+01 -3.193285942077636719e+00 1.346437454223632812e+00
-1.127317237854003906e+01 -3.152418375015258789e+00 1.325292944908142090e+00
-1.117400169372558594e+01 -3.110407829284667969e+00 1.306582450866699219e+00
-1.107827758789062500e+01 -3.060286998748779297e+00 1.266741394996643066e+00
-1.099801158905029297e+01 -2.986502408981323242e+00 1.227220058441162109e+00
-1.090680980682373047e+01 -2.933446407318115234e+00 1.198042273521423340e+00
-1.081990814208984375e+01 -2.877754688262939453e+00 1.169122934341430664e+00
-1.073211765289306641e+01 -2.834789752960205078e+00 1.133842229843139648e+00
-1.064836311340332031e+01 -2.787503719329833984e+00 1.099893927574157715e+00
-1.055310726165771484e+01 -2.749817848205566406e+00 1.080189108848571777e+00
-1.047830486297607422e+01 -2.715392589569091797e+00 1.041801214218139648e+00
-1.040457153320312500e+01 -2.689462423324584961e+00 1.003468871116638184e+00
-1.033598136901855469e+01 -2.661903619766235352e+00 9.608333706855773926e-01
-1.026503562927246094e+01 -2.645220756530761719e+00 9.238245487213134766e-01
-1.019613742828369141e+01 -2.644832611083984375e+00 8.813593983650207520e-01
-1.013508319854736328e+01 -2.648353815078735352e+00 8.301272392272949219e-01
-1.007311534881591797e+01 -2.658458471298217773e+00 7.786031961441040039e-01
-1.001572227478027344e+01 -2.678240537643432617e+00 7.220648527145385742e-01
-9.960097312927246094e+00 -2.705496311187744141e+00 6.635701656341552734e-01
-9.906490325927734375e+00 -2.735501289367675781e+00 5.982420444488525391e-01
-9.854907989501953125e+00 -2.773301362991333008e+00 5.321415066719055176e-01
-9.806592941284179688e+00 -2.813584089279174805e+00 4.577516019344329834e-01
-9.759865760803222656e+00 -2.854837656021118164e+00 3.811037242412567139e-01
-9.700475692749023438e+00 -2.880076646804809570e+00 2.969961166381835938e-01
-9.654627799987792969e+00 -2.929600238800048828e+00 2.150823920965194702e-01
-9.606471061706542969e+00 -2.977967977523803711e+00 1.281912475824356079e-01
-9.558260917663574219e+00 -3.030745983123779297e+00 3.749554976820945740e-02
-9.511424064636230469e+00 -3.083929061889648438e+00 -5.228312313556671143e-02
-9.463899612426757812e+00 -3.135728836059570312e+00 -1.428178250789642334e-01
-9.419775962829589844e+00 -3.186089515686035156e+00 -2.311749309301376343e-01
-9.380322456359863281e+00 -3.239584922790527344e+00 -3.201966583728790283e-01
-9.340562820434570312e+00 -3.289342403411865234e+00 -4.034169912338256836e-01
-9.309970855712890625e+00 -3.337795972824096680e+00 -4.863321185111999512e-01
-9.276240348815917969e+00 -3.387073278427124023e+00 -5.625107288360595703e-01
-9.242785453796386719e+00 -3.428261518478393555e+00 -6.374065876007080078e-01
-9.208365440368652344e+00 -3.482456445693969727e+00 -7.020664811134338379e-01
-9.174512863159179688e+00 -3.531380176544189453e+00 -7.687749862670898438e-01
-9.132539749145507812e+00 -3.579543828964233398e+00 -8.304458260536193848e-01
-9.092483520507812500e+00 -3.631515026092529297e+00 -8.910857439041137695e-01
-9.050193786621093750e+00 -3.681765794754028320e+00 -9.491699934005737305e-01
-9.003851890563964844e+00 -3.732876062393188477e+00 -1.004475831985473633e+00
-8.952471733093261719e+00 -3.783420085906982422e+00 -1.055476546287536621e+00
-8.899505615234375000e+00 -3.833442687988281250e+00 -1.110699772834777832e+00
-8.837204933166503906e+00 -3.882583379745483398e+00 -1.159061670303344727e+00
-8.773225784301757812e+00 -3.929160833358764648e+00 -1.206602454185485840e+00
-8.704290390014648438e+00 -3.976156234741210938e+00 -1.252542972564697266e+00
-8.632185935974121094e+00 -4.018998622894287109e+00 -1.295308232307434082e+00
-8.556735038757324219e+00 -4.057810783386230469e+00 -1.335467100143432617e+00
-8.479632377624511719e+00 -4.096034526824951172e+00 -1.375714898109436035e+00
-8.396810531616210938e+00 -4.132958412170410156e+00 -1.415762662887573242e+00
-8.308857917785644531e+00 -4.165470600128173828e+00 -1.453465819358825684e+00
-8.217484474182128906e+00 -4.195756435394287109e+00 -1.490659952163696289e+00
-8.120163917541503906e+00 -4.228694915771484375e+00 -1.533059597015380859e+00
-8.023582458496093750e+00 -4.261703968048095703e+00 -1.575122594833374023e+00
-7.918437004089355469e+00 -4.293502807617187500e+00 -1.619410037994384766e+00
-7.807381153106689453e+00 -4.327072143554687500e+00 -1.668471455574035645e+00
-7.688306331634521484e+00 -4.361700057983398438e+00 -1.723177790641784668e+00
-7.557103157043457031e+00 -4.404306888580322266e+00 -1.783689498901367188e+00
-7.418236255645751953e+00 -4.446619510650634766e+00 -1.849372148513793945e+00
-7.271917819976806641e+00 -4.491059780120849609e+00 -1.920646905899047852e+00
-7.111719608306884766e+00 -4.536542415618896484e+00 -1.996578216552734375e+00
-6.942475795745849609e+00 -4.584416866302490234e+00 -2.078439950942993164e+00
-6.763227462768554688e+00 -4.632626056671142578e+00 -2.166889190673828125e+00
-6.578309059143066406e+00 -4.679803371429443359e+00 -2.258196115493774414e+00
-6.388383388519287109e+00 -4.724283218383789062e+00 -2.352746963500976562e+00
-6.194715976715087891e+00 -4.763820171356201172e+00 -2.447752237319946289e+00
-5.999438762664794922e+00 -4.798032283782958984e+00 -2.544723510742187500e+00
-5.805438518524169922e+00 -4.826852798461914062e+00 -2.641108512878417969e+00
-5.623354434967041016e+00 -4.845298767089843750e+00 -2.729348897933959961e+00
-5.446317195892333984e+00 -4.855747222900390625e+00 -2.811200380325317383e+00
-5.283074855804443359e+00 -4.859347343444824219e+00 -2.883861064910888672e+00
-5.131828784942626953e+00 -4.856113910675048828e+00 -2.948043346405029297e+00
-4.993742465972900391e+00 -4.848094940185546875e+00 -3.002126216888427734e+00
-4.855044364929199219e+00 -4.832449913024902344e+00 -3.049125194549560547e+00
-4.703762054443359375e+00 -4.808013439178466797e+00 -3.089056968688964844e+00
3.991877794265747070e+00 -3.652379274368286133e+00 -4.838664531707763672e+00
4.109715938568115234e+00 -3.731928825378417969e+00 -4.887438297271728516e+00
4.206019878387451172e+00 -3.813193082809448242e+00 -4.934711933135986328e+00
4.295810699462890625e+00 -3.889806985855102539e+00 -4.977868556976318359e+00
4.380841732025146484e+00 -3.966191530227661133e+00 -5.019279003143310547e+00
4.462239742279052734e+00 -4.042615413665771484e+00 -5.058735847473144531e+00
4.536527156829833984e+00 -4.117912769317626953e+00 -5.097520828247070312e+00
4.607187271118164062e+00 -4.192393302917480469e+00 -5.134647369384765625e+00
4.673320770263671875e+00 -4.265092849731445312e+00 -5.170391082763671875e+00
4.734184265136718750e+00 -4.337651252746582031e+00 -5.204985141754150391e+00
4.792896270751953125e+00 -4.410604000091552734e+00 -5.238414287567138672e+00
4.847508907318115234e+00 -4.485467433929443359e+00 -5.272958755493164062e+00
4.900009632110595703e+00 -4.561137199401855469e+00 -5.307289123535156250e+00
4.951221466064453125e+00 -4.640427589416503906e+00 -5.342056751251220703e+00
5.000967025756835938e+00 -4.721764564514160156e+00 -5.376524925231933594e+00
5.051374435424804688e+00 -4.810027599334716797e+00 -5.413703441619873047e+00
5.101615428924560547e+00 -4.904803276062011719e+00 -5.452265739440917969e+00
5.152742385864257812e+00 -5.004814624786376953e+00 -5.492435455322265625e+00
5.204424381256103516e+00 -5.110904693603515625e+00 -5.533185958862304688e+00
5.260160923004150391e+00 -5.223209381103515625e+00 -5.574489593505859375e+00
5.311505317687988281e+00 -5.338621139526367188e+00 -5.618463993072509766e+00
5.359651565551757812e+00 -5.460785865783691406e+00 -5.659321308135986328e+00
5.411491394042968750e+00 -5.586121082305908203e+00 -5.702323913574218750e+00
5.462271690368652344e+00 -5.714619159698486328e+00 -5.743602752685546875e+00
5.510967731475830078e+00 -5.841906547546386719e+00 -5.783986091613769531e+00
5.557606220245361328e+00 -5.970459461212158203e+00 -5.822242736816406250e+00
5.603263378143310547e+00 -6.095120906829833984e+00 -5.858839511871337891e+00
5.643980979919433594e+00 -6.220088005065917969e+00 -5.891337394714355469e+00
5.679795265197753906e+00 -6.331012248992919922e+00 -5.920764446258544922e+00
5.715815067291259766e+00 -6.446875095367431641e+00 -5.948997974395751953e+00
5.749572753906250000e+00 -6.558127880096435547e+00 -5.976033687591552734e+00
5.781695365905761719e+00 -6.669255733489990234e+00 -6.000409126281738281e+00
5.810018539428710938e+00 -6.773333072662353516e+00 -6.023331642150878906e+00
5.838538646697998047e+00 -6.879410266876220703e+00 -6.044366359710693359e+00
5.864567756652832031e+00 -6.983546257019042969e+00 -6.063828468322753906e+00
5.889939308166503906e+00 -7.087947368621826172e+00 -6.083179473876953125e+00
5.913527011871337891e+00 -7.194886207580566406e+00 -6.101514816284179688e+00
5.935721397399902344e+00 -7.305832862854003906e+00 -6.120110034942626953e+00
5.958715438842773438e+00 -7.422371387481689453e+00 -6.138499736785888672e+00
5.979858875274658203e+00 -7.546286582946777344e+00 -6.158877372741699219e+00
5.999830722808837891e+00 -7.677689552307128906e+00 -6.180108070373535156e+00
6.019550323486328125e+00 -7.818250179290771484e+00 -6.203956604003906250e+00
6.037127017974853516e+00 -7.968734264373779297e+00 -6.231585025787353516e+00
6.052380084991455078e+00 -8.127945899963378906e+00 -6.263483524322509766e+00
6.065078258514404297e+00 -8.292974472045898438e+00 -6.303353786468505859e+00
6.074205875396728516e+00 -8.464375495910644531e+00 -6.354320526123046875e+00
6.077434062957763672e+00 -8.635687828063964844e+00 -6.419271469116210938e+00
6.072288513183593750e+00 -8.806941986083984375e+00 -6.497952461242675781e+00
6.062691211700439453e+00 -8.970641136169433594e+00 -6.600612640380859375e+00
6.046712398529052734e+00 -9.129433631896972656e+00 -6.719818115234375000e+00
6.027413845062255859e+00 -9.283204078674316406e+00 -6.853907585144042969e+00
6.003962516784667969e+00 -9.436711311340332031e+00 -6.997032642364501953e+00
5.980479717254638672e+00 -9.581431388854980469e+00 -7.140569210052490234e+00
5.963202953338623047e+00 -9.722951889038085938e+00 -7.284921169281005859e+00
5.942509651184082031e+00 -9.860404968261718750e+00 -7.416566848754882812e+00
5.931598186492919922e+00 -9.988285064697265625e+00 -7.534927368164062500e+00
5.918705940246582031e+00 -1.010772609710693359e+01 -7.642823219299316406e+00
5.913858413696289062e+00 -1.022190380096435547e+01 -7.737758636474609375e+00
5.914538383483886719e+00 -1.032774257659912109e+01 -7.819359779357910156e+00
5.918100833892822266e+00 -1.042869281768798828e+01 -7.887856006622314453e+00
5.926678180694580078e+00 -1.052230644226074219e+01 -7.944344043731689453e+00
5.939953804016113281e+00 -1.061293983459472656e+01 -7.988630771636962891e+00
5.960009574890136719e+00 -1.069181632995605469e+01 -8.018218994140625000e+00
5.982559204101562500e+00 -1.076661586761474609e+01 -8.034464836120605469e+00
6.007253646850585938e+00 -1.083268070220947266e+01 -8.035271644592285156e+00
6.036010742187500000e+00 -1.089292049407958984e+01 -8.027127265930175781e+00
6.070636749267578125e+00 -1.094715595245361328e+01 -8.010433197021484375e+00
6.108191490173339844e+00 -1.099503803253173828e+01 -7.980370998382568359e+00
6.149383068084716797e+00 -1.104048347473144531e+01 -7.940968513488769531e+00
6.193456649780273438e+00 -1.107680320739746094e+01 -7.888990879058837891e+00
6.236574172973632812e+00 -1.110800075531005859e+01 -7.828450202941894531e+00
6.285437583923339844e+00 -1.113231754302978516e+01 -7.754320144653320312e+00
6.336151599884033203e+00 -1.114587306976318359e+01 -7.668155670166015625e+00
6.389101028442382812e+00 -1.115230369567871094e+01 -7.573833942413330078e+00
6.440102577209472656e+00 -1.114992141723632812e+01 -7.471176147460937500e+00
6.490592002868652344e+00 -1.113989448547363281e+01 -7.360349178314208984e+00
6.541537761688232422e+00 -1.112497234344482422e+01 -7.243140220642089844e+00
6.587626457214355469e+00 -1.109879970550537109e+01 -7.119190692901611328e+00
6.621522903442382812e+00 -1.106511020660400391e+01 -6.989445686340332031e+00
6.654572010040283203e+00 -1.102127742767333984e+01 -6.859884738922119141e+00
6.682112693786621094e+00 -1.097184085845947266e+01 -6.731046676635742188e+00
6.703790664672851562e+00 -1.091652297973632812e+01 -6.602472305297851562e+00
6.717619895935058594e+00 -1.085724353790283203e+01 -6.478573322296142578e+00
6.724489212036132812e+00 -1.079561710357666016e+01 -6.359345912933349609e+00
6.723444938659667969e+00 -1.073331642150878906e+01 -6.246871948242187500e+00
6.703190803527832031e+00 -1.067106056213378906e+01 -6.138662815093994141e+00
6.687185764312744141e+00 -1.060785388946533203e+01 -6.037339687347412109e+00
6.663622856140136719e+00 -1.054641437530517578e+01 -5.943187713623046875e+00
6.633908271789550781e+00 -1.048579120635986328e+01 -5.855903148651123047e+00
6.590499877929687500e+00 -1.043651771545410156e+01 -5.776205539703369141e+00
6.541482925415039062e+00 -1.038569641113281250e+01 -5.701564788818359375e+00
6.490601539611816406e+00 -1.033946323394775391e+01 -5.634459972381591797e+00
6.435141086578369141e+00 -1.029969692230224609e+01 -5.573309898376464844e+00
6.373228549957275391e+00 -1.026402091979980469e+01 -5.518331527709960938e+00
6.307354927062988281e+00 -1.023741436004638672e+01 -5.470533847808837891e+00
6.241721630096435547e+00 -1.021407413482666016e+01 -5.426195144653320312e+00
6.167804241180419922e+00 -1.021836566925048828e+01 -5.398422241210937500e+00
6.095615386962890625e+00 -1.021755599975585938e+01 -5.375371456146240234e+00
6.020854949951171875e+00 -1.022380542755126953e+01 -5.356093406677246094e+00
5.944902420043945312e+00 -1.023885059356689453e+01 -5.346198558807373047e+00
5.871036529541015625e+00 -1.025897693634033203e+01 -5.342120647430419922e+00
5.797637939453125000e+00 -1.029289054870605469e+01 -5.347202777862548828e+00
5.721257209777832031e+00 -1.033491992950439453e+01 -5.353925704956054688e+00
5.653829574584960938e+00 -1.038071823120117188e+01 -5.373855113983154297e+00
5.591633319854736328e+00 -1.042696952819824219e+01 -5.390844345092773438e+00
5.523535728454589844e+00 -1.049037456512451172e+01 -5.425516605377197266e+00
5.459772109985351562e+00 -1.055883502960205078e+01 -5.464398384094238281e+00
5.383181571960449219e+00 -1.061866664886474609e+01 -5.502531051635742188e+00
5.316381454467773438e+00 -1.069998550415039062e+01 -5.551276683807373047e+00
5.242143630981445312e+00 -1.078097343444824219e+01 -5.605877876281738281e+00
5.158507823944091797e+00 -1.086484622955322266e+01 -5.659715652465820312e+00
5.063051700592041016e+00 -1.095206737518310547e+01 -5.713778972625732422e+00
4.955469131469726562e+00 -1.104480743408203125e+01 -5.769343852996826172e+00
4.834904670715332031e+00 -1.113900279998779297e+01 -5.820222377777099609e+00
4.694031715393066406e+00 -1.123755168914794922e+01 -5.865005016326904297e+00
4.532604694366455078e+00 -1.133332157135009766e+01 -5.896096229553222656e+00
4.362321376800537109e+00 -1.143529129028320312e+01 -5.924910068511962891e+00
4.171903133392333984e+00 -1.153358745574951172e+01 -5.939468383789062500e+00
3.968862056732177734e+00 -1.162995910644531250e+01 -5.946266174316406250e+00
3.753612518310546875e+00 -1.172263240814208984e+01 -5.941901683807373047e+00
3.521655797958374023e+00 -1.181222820281982422e+01 -5.932855606079101562e+00
3.286269426345825195e+00 -1.189821434020996094e+01 -5.921689033508300781e+00
3.050062417984008789e+00 -1.197657680511474609e+01 -5.910747528076171875e+00
2.819737195968627930e+00 -1.205026149749755859e+01 -5.900997638702392578e+00
2.590719461441040039e+00 -1.211543655395507812e+01 -5.893745422363281250e+00
2.371346712112426758e+00 -1.217191123962402344e+01 -5.890291690826416016e+00
2.174951076507568359e+00 -1.221770572662353516e+01 -5.890164852142333984e+00
1.984209060668945312e+00 -1.225984764099121094e+01 -5.892904758453369141e+00
1.812142848968505859e+00 -1.229410743713378906e+01 -5.898329734802246094e+00
1.656541347503662109e+00 -1.232313632965087891e+01 -5.904320716857910156e+00
1.513815760612487793e+00 -1.234824180603027344e+01 -5.912801742553710938e+00
1.384301900863647461e+00 -1.236645793914794922e+01 -5.922026157379150391e+00
1.274236798286437988e+00 -1.236934089660644531e+01 -5.938927173614501953e+00
1.171375393867492676e+00 -1.237494182586669922e+01 -5.953112602233886719e+00
1.077671527862548828e+00 -1.237215614318847656e+01 -5.968794345855712891e+00
9.911013841629028320e-01 -1.236280155181884766e+01 -5.985903263092041016e+00
9.112638831138610840e-01 -1.234507560729980469e+01 -6.006682395935058594e+00
8.372263908386230469e-01 -1.231880950927734375e+01 -6.030542373657226562e+00
7.675414085388183594e-01 -1.228199958801269531e+01 -6.057714462280273438e+00
6.981279253959655762e-01 -1.223625373840332031e+01 -6.087457656860351562e+00
6.365696787834167480e-01 -1.217644596099853516e+01 -6.126114368438720703e+00
5.763763785362243652e-01 -1.210674953460693359e+01 -6.169674873352050781e+00
5.230411887168884277e-01 -1.202028751373291016e+01 -6.222135543823242188e+00
4.771593511104583740e-01 -1.192058181762695312e+01 -6.285147190093994141e+00
4.391588866710662842e-01 -1.180068969726562500e+01 -6.359053611755371094e+00
4.105838537216186523e-01 -1.166704559326171875e+01 -6.443444252014160156e+00
3.956927955150604248e-01 -1.151487827301025391e+01 -6.540068626403808594e+00
3.942518532276153564e-01 -1.134407997131347656e+01 -6.646618843078613281e+00
4.040722548961639404e-01 -1.115891361236572266e+01 -6.758284091949462891e+00
4.329083263874053955e-01 -1.096895027160644531e+01 -6.872404098510742188e+00
4.761222004890441895e-01 -1.076953125000000000e+01 -6.991533756256103516e+00
5.373618602752685547e-01 -1.056531333923339844e+01 -7.108295917510986328e+00
6.118423938751220703e-01 -1.036275959014892578e+01 -7.217940330505371094e+00
7.023686170578002930e-01 -1.016184711456298828e+01 -7.322025775909423828e+00
8.048905134201049805e-01 -9.971222877502441406e+00 -7.415921211242675781e+00
9.181852340698242188e-01 -9.788435935974121094e+00 -7.501307964324951172e+00
1.043005585670471191e+00 -9.613555908203125000e+00 -7.580645084381103516e+00
1.171687364578247070e+00 -9.447210311889648438e+00 -7.655055046081542969e+00
1.299754977226257324e+00 -9.295601844787597656e+00 -7.722539901733398438e+00
1.424823522567749023e+00 -9.156124114990234375e+00 -7.789331912994384766e+00
1.544612646102905273e+00 -9.029659271240234375e+00 -7.853104591369628906e+00
1.651993751525878906e+00 -8.920133590698242188e+00 -7.916467189788818359e+00
1.749060392379760742e+00 -8.825899124145507812e+00 -7.978141784667968750e+00
1.834903001785278320e+00 -8.743914604187011719e+00 -8.040855407714843750e+00
1.907116889953613281e+00 -8.675374031066894531e+00 -8.102881431579589844e+00
1.968945503234863281e+00 -8.619110107421875000e+00 -8.170130729675292969e+00
2.019679546356201172e+00 -8.573401451110839844e+00 -8.240653991699218750e+00
2.060548305511474609e+00 -8.533098220825195312e+00 -8.318067550659179688e+00
2.091340303421020508e+00 -8.506720542907714844e+00 -8.402940750122070312e+00
2.112973213195800781e+00 -8.488150596618652344e+00 -8.494465827941894531e+00
2.126641273498535156e+00 -8.478367805480957031e+00 -8.601876258850097656e+00
2.123625993728637695e+00 -8.485125541687011719e+00 -8.727795600891113281e+00
2.104504346847534180e+00 -8.505656242370605469e+00 -8.873308181762695312e+00
2.063522100448608398e+00 -8.540935516357421875e+00 -9.037611007690429688e+00
2.000728607177734375e+00 -8.585597991943359375e+00 -9.220213890075683594e+00
1.905719757080078125e+00 -8.643231391906738281e+00 -9.414578437805175781e+00
1.784981489181518555e+00 -8.702224731445312500e+00 -9.617854118347167969e+00
1.634572148323059082e+00 -8.764266967773437500e+00 -9.829268455505371094e+00
1.460144281387329102e+00 -8.815341949462890625e+00 -1.004406070709228516e+01
1.265118479728698730e+00 -8.856962203979492188e+00 -1.025668144226074219e+01
1.052057385444641113e+00 -8.884711265563964844e+00 -1.046421909332275391e+01
8.291864395141601562e-01 -8.897332191467285156e+00 -1.066137504577636719e+01
5.984143018722534180e-01 -8.894533157348632812e+00 -1.084758472442626953e+01
3.618761003017425537e-01 -8.877127647399902344e+00 -1.102027702331542969e+01
1.292632073163986206e-01 -8.844475746154785156e+00 -1.117599296569824219e+01
-9.053590148687362671e-02 -8.797433853149414062e+00 -1.131082344055175781e+01
-3.038049936294555664e-01 -8.744782447814941406e+00 -1.143019962310791016e+01
-5.011005401611328125e-01 -8.685277938842773438e+00 -1.153077888488769531e+01
-6.849184632301330566e-01 -8.622586250305175781e+00 -1.161361503601074219e+01
-8.509616851806640625e-01 -8.558377265930175781e+00 -1.168205356597900391e+01
-1.001003623008728027e+00 -8.492342948913574219e+00 -1.173633861541748047e+01
-1.136474728584289551e+00 -8.420269012451171875e+00 -1.177781391143798828e+01
-1.259481430053710938e+00 -8.350820541381835938e+00 -1.180972003936767578e+01
-1.367349028587341309e+00 -8.277077674865722656e+00 -1.183286762237548828e+01
-1.464333772659301758e+00 -8.198708534240722656e+00 -1.185140037536621094e+01
-1.548104763031005859e+00 -8.118308067321777344e+00 -1.185952091217041016e+01
-1.613891243934631348e+00 -8.032183647155761719e+00 -1.186047363281250000e+01
-1.666580677032470703e+00 -7.946318149566650391e+00 -1.185969257354736328e+01
-1.699990749359130859e+00 -7.857810497283935547e+00 -1.185391330718994141e+01
-1.710980415344238281e+00 -7.763043403625488281e+00 -1.184310531616210938e+01
-1.707517027854919434e+00 -7.664691448211669922e+00 -1.182963371276855469e+01
-1.684953212738037109e+00 -7.561903953552246094e+00 -1.181386661529541016e+01
-1.644633769989013672e+00 -7.455504894256591797e+00 -1.179430389404296875e+01
-1.585546374320983887e+00 -7.344965934753417969e+00 -1.176865386962890625e+01
-1.515887379646301270e+00 -7.230280876159667969e+00 -1.173874568939208984e+01
-1.424395322799682617e+00 -7.117594242095947266e+00 -1.169905376434326172e+01
-1.323820471763610840e+00 -7.006413936614990234e+00 -1.165305137634277344e+01
-1.214517235755920410e+00 -6.894509792327880859e+00 -1.159995841979980469e+01
-1.095043778419494629e+00 -6.789375782012939453e+00 -1.153907871246337891e+01
-9.691400527954101562e-01 -6.686865329742431641e+00 -1.147170543670654297e+01
-8.350189924240112305e-01 -6.591014385223388672e+00 -1.139509391784667969e+01
-6.955093741416931152e-01 -6.501356601715087891e+00 -1.131239986419677734e+01
-5.540418028831481934e-01 -6.416234493255615234e+00 -1.122467613220214844e+01
-4.111968278884887695e-01 -6.349168777465820312e+00 -1.113252639770507812e+01
-2.705261707305908203e-01 -6.291282653808593750e+00 -1.103525829315185547e+01
-1.249640583992004395e-01 -6.243629932403564453e+00 -1.093269824981689453e+01
2.037916891276836395e-02 -6.206364154815673828e+00 -1.082653903961181641e+01
1.562149673700332642e-01 -6.183654785156250000e+00 -1.071982288360595703e+01
2.964616417884826660e-01 -6.168994903564453125e+00 -1.060673141479492188e+01
4.347382783889770508e-01 -6.166188716888427734e+00 -1.048795127868652344e+01
5.671420097351074219e-01 -6.172188282012939453e+00 -1.036952972412109375e+01
6.934975385665893555e-01 -6.188022136688232422e+00 -1.025063896179199219e+01
8.114464282989501953e-01 -6.212778091430664062e+00 -1.013451099395751953e+01
9.261198639869689941e-01 -6.244412422180175781e+00 -1.001615905761718750e+01
1.028237938880920410e+00 -6.283771514892578125e+00 -9.903892517089843750e+00
1.121055364608764648e+00 -6.327509403228759766e+00 -9.795259475708007812e+00
1.204329013824462891e+00 -6.375333786010742188e+00 -9.689208984375000000e+00
1.277944684028625488e+00 -6.425785541534423828e+00 -9.590558052062988281e+00
1.340692281723022461e+00 -6.477582454681396484e+00 -9.497938156127929688e+00
1.388396739959716797e+00 -6.530423164367675781e+00 -9.409448623657226562e+00
1.427538514137268066e+00 -6.583471775054931641e+00 -9.329008102416992188e+00
1.454920768737792969e+00 -6.632825851440429688e+00 -9.257272720336914062e+00
1.469615578651428223e+00 -6.679522514343261719e+00 -9.194179534912109375e+00
1.472800016403198242e+00 -6.724754333496093750e+00 -9.139948844909667969e+00
1.468818187713623047e+00 -6.767514228820800781e+00 -9.094406127929687500e+00
1.454943418502807617e+00 -6.808429241180419922e+00 -9.056462287902832031e+00
1.432733535766601562e+00 -6.848334312438964844e+00 -9.025683403015136719e+00
1.400726556777954102e+00 -6.889980316162109375e+00 -8.999885559082031250e+00
1.357312798500061035e+00 -6.933482646942138672e+00 -8.982024192810058594e+00
1.297179102897644043e+00 -6.986925125122070312e+00 -8.976868629455566406e+00
1.231831192970275879e+00 -7.039644718170166016e+00 -8.974042892456054688e+00
1.152578592300415039e+00 -7.097767353057861328e+00 -8.983677864074707031e+00
1.063187599182128906e+00 -7.163829803466796875e+00 -9.003931045532226562e+00
9.651156663894653320e-01 -7.236276149749755859e+00 -9.036789894104003906e+00
8.608580827713012695e-01 -7.314142227172851562e+00 -9.076991081237792969e+00
7.441526055335998535e-01 -7.404892444610595703e+00 -9.127556800842285156e+00
6.186863780021667480e-01 -7.504539012908935547e+00 -9.181652069091796875e+00
4.781182110309600830e-01 -7.616666793823242188e+00 -9.243333816528320312e+00
3.271392881870269775e-01 -7.743781566619873047e+00 -9.306837081909179688e+00
1.653780341148376465e-01 -7.882804393768310547e+00 -9.375725746154785156e+00
-9.043312631547451019e-03 -8.031002998352050781e+00 -9.446762084960937500e+00
-1.846987158060073853e-01 -8.169719696044921875e+00 -9.518368721008300781e+00
-3.697378337383270264e-01 -8.321057319641113281e+00 -9.599440574645996094e+00
-5.669051408767700195e-01 -8.467446327209472656e+00 -9.685023307800292969e+00
-7.688143253326416016e-01 -8.606909751892089844e+00 -9.774124145507812500e+00
-9.706912040710449219e-01 -8.733434677124023438e+00 -9.862940788269042969e+00
-1.177930116653442383e+00 -8.851057052612304688e+00 -9.954112052917480469e+00
-1.384397268295288086e+00 -8.952920913696289062e+00 -1.003921222686767578e+01
-1.595329642295837402e+00 -9.051618576049804688e+00 -1.012274646759033203e+01
-1.795471191406250000e+00 -9.136734962463378906e+00 -1.019038772583007812e+01
-1.999693274497985840e+00 -9.217433929443359375e+00 -1.024407100677490234e+01
-2.197882175445556641e+00 -9.292948722839355469e+00 -1.028363132476806641e+01
-2.392584562301635742e+00 -9.365369796752929688e+00 -1.030762863159179688e+01
-2.585258245468139648e+00 -9.435087203979492188e+00 -1.031485366821289062e+01
-2.770826339721679688e+00 -9.500004768371582031e+00 -1.030835247039794922e+01
-2.953382730484008789e+00 -9.562774658203125000e+00 -1.028914356231689453e+01
-3.119074583053588867e+00 -9.619107246398925781e+00 -1.026227569580078125e+01
-3.281245708465576172e+00 -9.676263809204101562e+00 -1.022829055786132812e+01
-3.431018590927124023e+00 -9.727432250976562500e+00 -1.018706035614013672e+01
-3.573472738265991211e+00 -9.781647682189941406e+00 -1.013846683502197266e+01
-3.712716341018676758e+00 -9.834707260131835938e+00 -1.008484363555908203e+01
-3.839439153671264648e+00 -9.883989334106445312e+00 -1.002451419830322266e+01
-3.950863838195800781e+00 -9.934078216552734375e+00 -9.969375610351562500e+00
-4.058932304382324219e+00 -9.983859062194824219e+00 -9.904297828674316406e+00
-4.160084247589111328e+00 -1.003406906127929688e+01 -9.834052085876464844e+00
-4.257462978363037109e+00 -1.008565807342529297e+01 -9.761507034301757812e+00
-4.345175743103027344e+00 -1.013375854492187500e+01 -9.689571380615234375e+00
-4.434926986694335938e+00 -1.018285083770751953e+01 -9.611916542053222656e+00
-4.511782646179199219e+00 -1.022845554351806641e+01 -9.539187431335449219e+00
-4.586037635803222656e+00 -1.027334117889404297e+01 -9.461914062500000000e+00
-4.656914234161376953e+00 -1.031687164306640625e+01 -9.384067535400390625e+00
-4.724685668945312500e+00 -1.035794925689697266e+01 -9.303110122680664062e+00
-4.789194107055664062e+00 -1.039848995208740234e+01 -9.222924232482910156e+00
-4.853353500366210938e+00 -1.043753337860107422e+01 -9.141466140747070312e+00
-4.911795139312744141e+00 -1.046762180328369141e+01 -9.064018249511718750e+00
-4.969256401062011719e+00 -1.050633335113525391e+01 -8.982917785644531250e+00
-5.024330615997314453e+00 -1.053965377807617188e+01 -8.899864196777343750e+00
-5.078327178955078125e+00 -1.056723785400390625e+01 -8.818776130676269531e+00
-5.130809783935546875e+00 -1.059980010986328125e+01 -8.735027313232421875e+00
-5.183445453643798828e+00 -1.062775707244873047e+01 -8.649550437927246094e+00
-5.234964847564697266e+00 -1.065374374389648438e+01 -8.563065528869628906e+00
-5.288499832153320312e+00 -1.067965316772460938e+01 -8.474262237548828125e+00
-5.340844154357910156e+00 -1.070257186889648438e+01 -8.383934974670410156e+00
-5.394247055053710938e+00 -1.072427845001220703e+01 -8.292436599731445312e+00
-5.449909210205078125e+00 -1.074525356292724609e+01 -8.199619293212890625e+00
-5.506997108459472656e+00 -1.076415920257568359e+01 -8.105028152465820312e+00
-5.565925598144531250e+00 -1.078291511535644531e+01 -8.009948730468750000e+00
-5.629305839538574219e+00 -1.079640483856201172e+01 -7.916906833648681641e+00
-5.693542480468750000e+00 -1.080828189849853516e+01 -7.824876785278320312e+00
-5.761737346649169922e+00 -1.082181358337402344e+01 -7.730459213256835938e+00
-5.831716537475585938e+00 -1.083199787139892578e+01 -7.639757156372070312e+00
-5.905172348022460938e+00 -1.083789157867431641e+01 -7.552024364471435547e+00
-5.985410690307617188e+00 -1.083654499053955078e+01 -7.464010238647460938e+00
-6.063268661499023438e+00 -1.083893680572509766e+01 -7.384922981262207031e+00
-6.143463611602783203e+00 -1.083568000793457031e+01 -7.308500766754150391e+00
-6.215608119964599609e+00 -1.082705974578857422e+01 -7.241464614868164062e+00
-6.295235157012939453e+00 -1.081866359710693359e+01 -7.171850681304931641e+00
-6.374216079711914062e+00 -1.080383110046386719e+01 -7.106685161590576172e+00
-6.449693202972412109e+00 -1.077743053436279297e+01 -7.044723510742187500e+00
-6.524779319763183594e+00 -1.075315952301025391e+01 -6.987602710723876953e+00
-6.598151683807373047e+00 -1.072441673278808594e+01 -6.932489395141601562e+00
-6.669415950775146484e+00 -1.068789577484130859e+01 -6.878199100494384766e+00
-6.736553192138671875e+00 -1.064857673645019531e+01 -6.826463222503662109e+00
-6.799471378326416016e+00 -1.060353755950927734e+01 -6.776248455047607422e+00
-6.854199409484863281e+00 -1.055005550384521484e+01 -6.726654529571533203e+00
-6.911037921905517578e+00 -1.049076461791992188e+01 -6.674246788024902344e+00
-6.961363792419433594e+00 -1.042410850524902344e+01 -6.624714374542236328e+00
-7.008466243743896484e+00 -1.035548400878906250e+01 -6.571868419647216797e+00
-7.052084922790527344e+00 -1.027824974060058594e+01 -6.517826557159423828e+00
-7.088226795196533203e+00 -1.019615554809570312e+01 -6.464837074279785156e+00
-7.119177341461181641e+00 -1.010956954956054688e+01 -6.410385608673095703e+00
-7.151307106018066406e+00 -1.002100944519042969e+01 -6.349871635437011719e+00
-7.168555259704589844e+00 -9.926204681396484375e+00 -6.294157981872558594e+00
-7.175886154174804688e+00 -9.826333999633789062e+00 -6.238574028015136719e+00
-7.179664611816406250e+00 -9.723406791687011719e+00 -6.181154251098632812e+00
-7.175598621368408203e+00 -9.622502326965332031e+00 -6.125450134277343750e+00
-7.168381214141845703e+00 -9.513921737670898438e+00 -6.070917606353759766e+00
-7.153858661651611328e+00 -9.418315887451171875e+00 -6.017316818237304688e+00
-7.128155708312988281e+00 -9.313367843627929688e+00 -5.965564250946044922e+00
-7.097480773925781250e+00 -9.208777427673339844e+00 -5.915176868438720703e+00
-7.059806823730468750e+00 -9.102430343627929688e+00 -5.865580558776855469e+00
-7.017546176910400391e+00 -8.995499610900878906e+00 -5.816262245178222656e+00
-6.964737892150878906e+00 -8.887026786804199219e+00 -5.768537521362304688e+00
-6.904717922210693359e+00 -8.775738716125488281e+00 -5.721285820007324219e+00
-6.839114189147949219e+00 -8.662253379821777344e+00 -5.673716068267822266e+00
-6.763975620269775391e+00 -8.544512748718261719e+00 -5.626044273376464844e+00
-6.682619571685791016e+00 -8.425241470336914062e+00 -5.578987121582031250e+00
-6.589975357055664062e+00 -8.297703742980957031e+00 -5.530803680419921875e+00
-6.486956596374511719e+00 -8.163940429687500000e+00 -5.482131481170654297e+00
-6.375618457794189453e+00 -8.027873039245605469e+00 -5.434697628021240234e+00
-6.248090744018554688e+00 -7.881930828094482422e+00 -5.387888908386230469e+00
-6.108264446258544922e+00 -7.727971076965332031e+00 -5.342047691345214844e+00
-5.957611560821533203e+00 -7.566280364990234375e+00 -5.298459529876708984e+00
-5.796611309051513672e+00 -7.400285720825195312e+00 -5.258802413940429688e+00
-5.623177051544189453e+00 -7.229224681854248047e+00 -5.222779750823974609e+00
-5.437968254089355469e+00 -7.053208351135253906e+00 -5.191072940826416016e+00
-5.240661621093750000e+00 -6.870179176330566406e+00 -5.165332317352294922e+00
-5.035492897033691406e+00 -6.685904026031494141e+00 -5.145353317260742188e+00
-4.832756996154785156e+00 -6.512657642364501953e+00 -5.131150245666503906e+00
-4.614986896514892578e+00 -6.325591564178466797e+00 -5.120332241058349609e+00
-4.388065814971923828e+00 -6.130003929138183594e+00 -5.111814975738525391e+00
-4.153007030487060547e+00 -5.935297966003417969e+00 -5.104897499084472656e+00
-3.913693904876708984e+00 -5.737254619598388672e+00 -5.097501754760742188e+00
-3.660305976867675781e+00 -5.543627738952636719e+00 -5.093415260314941406e+00
-3.400482892990112305e+00 -5.357490062713623047e+00 -5.092007160186767578e+00
-3.147785663604736328e+00 -5.192574024200439453e+00 -5.096840858459472656e+00
-2.902783632278442383e+00 -5.042977333068847656e+00 -5.105295181274414062e+00
-2.660079956054687500e+00 -4.906566143035888672e+00 -5.119246482849121094e+00
-2.428504228591918945e+00 -4.788178920745849609e+00 -5.139985084533691406e+00
-2.206231117248535156e+00 -4.684824466705322266e+00 -5.165533065795898438e+00
-2.002730846405029297e+00 -4.598415374755859375e+00 -5.196408271789550781e+00
-1.813327312469482422e+00 -4.530713081359863281e+00 -5.227581977844238281e+00
-1.625292301177978516e+00 -4.474621772766113281e+00 -5.264896869659423828e+00
-1.447902917861938477e+00 -4.431675910949707031e+00 -5.305171489715576172e+00
-1.280512452125549316e+00 -4.401656627655029297e+00 -5.348205089569091797e+00
-1.120478034019470215e+00 -4.384387493133544922e+00 -5.393869876861572266e+00
-9.646318554878234863e-01 -4.377120018005371094e+00 -5.440979003906250000e+00
-8.119405508041381836e-01 -4.380568027496337891e+00 -5.497493743896484375e+00
-6.636681556701660156e-01 -4.396549701690673828e+00 -5.551703929901123047e+00
-5.186476111412048340e-01 -4.422040462493896484e+00 -5.609152317047119141e+00
-3.811292350292205811e-01 -4.455941200256347656e+00 -5.666305065155029297e+00
-2.435570210218429565e-01 -4.501432418823242188e+00 -5.726182937622070312e+00
-1.069849431514739990e-01 -4.556755542755126953e+00 -5.787389278411865234e+00
2.562591247260570526e-02 -4.619701862335205078e+00 -5.849675655364990234e+00
1.525963395833969116e-01 -4.689946651458740234e+00 -5.907586097717285156e+00
2.704550623893737793e-01 -4.764885902404785156e+00 -5.959505558013916016e+00
3.883300125598907471e-01 -4.849643707275390625e+00 -6.008601665496826172e+00
5.052224993705749512e-01 -4.941909313201904297e+00 -6.051503181457519531e+00
6.220301985740661621e-01 -5.040909290313720703e+00 -6.089317798614501953e+00
7.344367504119873047e-01 -5.142380237579345703e+00 -6.118165493011474609e+00
8.448473811149597168e-01 -5.247899055480957031e+00 -6.140042304992675781e+00
9.521092176437377930e-01 -5.357918739318847656e+00 -6.154946327209472656e+00
1.055201888084411621e+00 -5.471740722656250000e+00 -6.163595199584960938e+00
1.155933260917663574e+00 -5.590731620788574219e+00 -6.167190074920654297e+00
1.253762364387512207e+00 -5.714506149291992188e+00 -6.166257858276367188e+00
1.345288276672363281e+00 -5.839641571044921875e+00 -6.161253929138183594e+00
1.431255459785461426e+00 -5.965816497802734375e+00 -6.151995658874511719e+00
1.512512087821960449e+00 -6.097366809844970703e+00 -6.136740684509277344e+00
1.580106973648071289e+00 -6.223784923553466797e+00 -6.121340751647949219e+00
1.649458885192871094e+00 -6.353682041168212891e+00 -6.098927497863769531e+00
1.711578369140625000e+00 -6.484140872955322266e+00 -6.074596881866455078e+00
1.765598654747009277e+00 -6.614487171173095703e+00 -6.043195247650146484e+00
1.814444541931152344e+00 -6.744401931762695312e+00 -6.007985115051269531e+00
1.855742454528808594e+00 -6.873435020446777344e+00 -5.968394279479980469e+00
1.889692902565002441e+00 -7.002975940704345703e+00 -5.924080371856689453e+00
1.916522741317749023e+00 -7.132778167724609375e+00 -5.874783992767333984e+00
1.934522151947021484e+00 -7.258339405059814453e+00 -5.825331687927246094e+00
1.947389364242553711e+00 -7.391322612762451172e+00 -5.768720626831054688e+00
1.953211903572082520e+00 -7.527086734771728516e+00 -5.707938194274902344e+00
1.950423717498779297e+00 -7.665332317352294922e+00 -5.643589973449707031e+00
1.939307808876037598e+00 -7.806480884552001953e+00 -5.576672077178955078e+00
1.918742299079895020e+00 -7.957863330841064453e+00 -5.506618499755859375e+00
1.888504624366760254e+00 -8.106526374816894531e+00 -5.438066005706787109e+00
1.843264698982238770e+00 -8.268891334533691406e+00 -5.361915588378906250e+00
1.788273096084594727e+00 -8.439865112304687500e+00 -5.287618160247802734e+00
1.718877434730529785e+00 -8.620499610900878906e+00 -5.213417530059814453e+00
1.635608196258544922e+00 -8.806714057922363281e+00 -5.141296386718750000e+00
1.539536356925964355e+00 -8.995563507080078125e+00 -5.075732231140136719e+00
1.428404092788696289e+00 -9.187697410583496094e+00 -5.015251636505126953e+00
1.300341725349426270e+00 -9.386092185974121094e+00 -4.959379196166992188e+00
1.157355070114135742e+00 -9.583605766296386719e+00 -4.908062934875488281e+00
1.005208134651184082e+00 -9.774600028991699219e+00 -4.875373363494873047e+00
8.421270251274108887e-01 -9.968678474426269531e+00 -4.857896804809570312e+00
6.642955541610717773e-01 -1.015627479553222656e+01 -4.849090099334716797e+00
4.791301190853118896e-01 -1.033889484405517578e+01 -4.851306915283203125e+00
2.919137775897979736e-01 -1.051236915588378906e+01 -4.864705085754394531e+00
1.022296026349067688e-01 -1.067574310302734375e+01 -4.892408847808837891e+00
-8.976025134325027466e-02 -1.082925128936767578e+01 -4.930152893066406250e+00
-2.866265475749969482e-01 -1.096857452392578125e+01 -4.971610546112060547e+00
-4.842244088649749756e-01 -1.108541774749755859e+01 -5.012743949890136719e+00
-6.967636346817016602e-01 -1.118748283386230469e+01 -5.055778503417968750e+00
-9.149162173271179199e-01 -1.125983810424804688e+01 -5.096033096313476562e+00
-1.153594255447387695e+00 -1.130736064910888672e+01 -5.134976387023925781e+00
-1.407500147819519043e+00 -1.133185958862304688e+01 -5.173046112060546875e+00
-1.675620675086975098e+00 -1.133949756622314453e+01 -5.208421230316162109e+00
-1.947623014450073242e+00 -1.133823490142822266e+01 -5.243237972259521484e+00
-2.215033292770385742e+00 -1.132922554016113281e+01 -5.283551216125488281e+00
-2.472625494003295898e+00 -1.131828308105468750e+01 -5.325942516326904297e+00
-2.713215827941894531e+00 -1.130780506134033203e+01 -5.365437507629394531e+00
-2.936285495758056641e+00 -1.130663585662841797e+01 -5.408912658691406250e+00
-3.138483285903930664e+00 -1.131312751770019531e+01 -5.452987194061279297e+00
-3.325254917144775391e+00 -1.132478904724121094e+01 -5.498140335083007812e+00
-3.491179227828979492e+00 -1.134177207946777344e+01 -5.538816452026367188e+00
-3.648065567016601562e+00 -1.136201953887939453e+01 -5.578803062438964844e+00
-3.790325403213500977e+00 -1.137440586090087891e+01 -5.610540390014648438e+00
-3.922413349151611328e+00 -1.139040279388427734e+01 -5.640646457672119141e+00
-4.047015666961669922e+00 -1.140307235717773438e+01 -5.662364482879638672e+00
-4.160380363464355469e+00 -1.140785598754882812e+01 -5.673060417175292969e+00
-4.265697002410888672e+00 -1.140960502624511719e+01 -5.675123214721679688e+00
-4.358615875244140625e+00 -1.140793704986572266e+01 -5.667327880859375000e+00
-4.434245109558105469e+00 -1.140197563171386719e+01 -5.650545120239257812e+00
-4.489696025848388672e+00 -1.139184856414794922e+01 -5.626244544982910156e+00
-4.535096645355224609e+00 -1.138024330139160156e+01 -5.596879482269287109e+00
-4.567975997924804688e+00 -1.136118507385253906e+01 -5.561470508575439453e+00
-4.586251258850097656e+00 -1.133833503723144531e+01 -5.522395610809326172e+00
-4.592443466186523438e+00 -1.130714035034179688e+01 -5.478354454040527344e+00
-4.588470458984375000e+00 -1.127069759368896484e+01 -5.431362628936767578e+00
-4.568757057189941406e+00 -1.122142314910888672e+01 -5.377953052520751953e+00
-4.533248901367187500e+00 -1.115627479553222656e+01 -5.321014881134033203e+00
-4.481533527374267578e+00 -1.108519554138183594e+01 -5.258796215057373047e+00
-4.423040866851806641e+00 -1.099885654449462891e+01 -5.203364849090576172e+00
-4.347493648529052734e+00 -1.090007209777832031e+01 -5.153094768524169922e+00
-4.264777660369873047e+00 -1.079165172576904297e+01 -5.114548206329345703e+00
-4.177535533905029297e+00 -1.067176151275634766e+01 -5.074832439422607422e+00
-4.083834648132324219e+00 -1.053726482391357422e+01 -5.038455486297607422e+00
-3.990636825561523438e+00 -1.038453006744384766e+01 -5.007355213165283203e+00
-3.903436660766601562e+00 -1.021055603027343750e+01 -4.981107234954833984e+00
-3.824401378631591797e+00 -1.001299762725830078e+01 -4.959025859832763672e+00
-3.754746913909912109e+00 -9.799497604370117188e+00 -4.943342685699462891e+00
-3.701778173446655273e+00 -9.563351631164550781e+00 -4.933724880218505859e+00
-3.656627178192138672e+00 -9.307815551757812500e+00 -4.938587188720703125e+00
-3.621133327484130859e+00 -9.040827751159667969e+00 -4.953321456909179688e+00
-3.592555046081542969e+00 -8.769440650939941406e+00 -4.977348804473876953e+00
-3.566918373107910156e+00 -8.486887931823730469e+00 -5.012674808502197266e+00
-3.543720483779907227e+00 -8.205580711364746094e+00 -5.057579040527343750e+00
-3.513992309570312500e+00 -7.926136493682861328e+00 -5.112794876098632812e+00
-3.475842952728271484e+00 -7.651631832122802734e+00 -5.171708583831787109e+00
-3.426773071289062500e+00 -7.385304927825927734e+00 -5.238786697387695312e+00
-3.360035181045532227e+00 -7.121002674102783203e+00 -5.313234329223632812e+00
-3.281739234924316406e+00 -6.865190029144287109e+00 -5.391253948211669922e+00
-3.186954498291015625e+00 -6.612527370452880859e+00 -5.474345684051513672e+00
-3.074954748153686523e+00 -6.361954212188720703e+00 -5.562076091766357422e+00
-2.950647830963134766e+00 -6.118680000305175781e+00 -5.650847911834716797e+00
-2.809073925018310547e+00 -5.880591869354248047e+00 -5.738400936126708984e+00
-2.657077550888061523e+00 -5.666319847106933594e+00 -5.828289508819580078e+00
-2.490910291671752930e+00 -5.475831031799316406e+00 -5.912994861602783203e+00
-2.318308115005493164e+00 -5.313020229339599609e+00 -5.995403766632080078e+00
-2.140099525451660156e+00 -5.178441524505615234e+00 -6.074776172637939453e+00
-1.962599515914916992e+00 -5.066300868988037109e+00 -6.147798538208007812e+00
-1.791039824485778809e+00 -4.980788707733154297e+00 -6.220210075378417969e+00
-1.627195239067077637e+00 -4.918385505676269531e+00 -6.290116786956787109e+00
-1.471252918243408203e+00 -4.875166416168212891e+00 -6.359521865844726562e+00
-1.320835947990417480e+00 -4.847244262695312500e+00 -6.429867744445800781e+00
-1.179360508918762207e+00 -4.833352088928222656e+00 -6.503599166870117188e+00
-1.048177242279052734e+00 -4.834136962890625000e+00 -6.580786705017089844e+00
-9.259508252143859863e-01 -4.844641685485839844e+00 -6.663658142089843750e+00
-8.168622255325317383e-01 -4.866086006164550781e+00 -6.755768299102783203e+00
-7.251825332641601562e-01 -4.894009590148925781e+00 -6.858757972717285156e+00
-6.465679407119750977e-01 -4.926798820495605469e+00 -6.976401329040527344e+00
-5.952982306480407715e-01 -4.967092037200927734e+00 -7.107626914978027344e+00
-5.670595765113830566e-01 -5.006515026092529297e+00 -7.263073921203613281e+00
-5.701436996459960938e-01 -5.046489715576171875e+00 -7.438861370086669922e+00
-6.055713891983032227e-01 -5.088841438293457031e+00 -7.635817050933837891e+00
-6.673812866210937500e-01 -5.134374618530273438e+00 -7.848598480224609375e+00
-7.540930509567260742e-01 -5.185029029846191406e+00 -8.070841789245605469e+00
-8.599405288696289062e-01 -5.243835926055908203e+00 -8.301542282104492188e+00
-9.827845096588134766e-01 -5.312348842620849609e+00 -8.535409927368164062e+00
-1.118458390235900879e+00 -5.390872478485107422e+00 -8.767896652221679688e+00
-1.263581037521362305e+00 -5.478529930114746094e+00 -8.997834205627441406e+00
-1.416682720184326172e+00 -5.574660301208496094e+00 -9.221174240112304688e+00
-1.576919317245483398e+00 -5.679442405700683594e+00 -9.446095466613769531e+00
-1.735601663589477539e+00 -5.789028644561767578e+00 -9.661076545715332031e+00
-1.897606253623962402e+00 -5.903534889221191406e+00 -9.870493888854980469e+00
-2.059380292892456055e+00 -6.018799781799316406e+00 -1.006915855407714844e+01
-2.215716361999511719e+00 -6.131969451904296875e+00 -1.025425815582275391e+01
-2.365730047225952148e+00 -6.242312431335449219e+00 -1.042329502105712891e+01
-2.512642145156860352e+00 -6.350420951843261719e+00 -1.057913780212402344e+01
-2.656245708465576172e+00 -6.454486370086669922e+00 -1.072129249572753906e+01
-2.794916152954101562e+00 -6.554195404052734375e+00 -1.084479618072509766e+01
-2.929044723510742188e+00 -6.648181915283203125e+00 -1.095358562469482422e+01
-3.058464288711547852e+00 -6.737318515777587891e+00 -1.104433822631835938e+01
-3.180610179901123047e+00 -6.821669101715087891e+00 -1.112104892730712891e+01
-3.300344228744506836e+00 -6.902316093444824219e+00 -1.118799495697021484e+01
-3.411601543426513672e+00 -6.975317955017089844e+00 -1.123713302612304688e+01
-3.516068220138549805e+00 -7.046922683715820312e+00 -1.128150558471679688e+01
-3.612591505050659180e+00 -7.113516330718994141e+00 -1.131459426879882812e+01
-3.706730127334594727e+00 -7.171381473541259766e+00 -1.133990097045898438e+01
-3.792078971862792969e+00 -7.233629226684570312e+00 -1.135376071929931641e+01
-3.875671386718750000e+00 -7.289955615997314453e+00 -1.136511325836181641e+01
-3.955944776535034180e+00 -7.350234508514404297e+00 -1.136938858032226562e+01
-4.025722980499267578e+00 -7.408740520477294922e+00 -1.136254215240478516e+01
-4.093011379241943359e+00 -7.464922428131103516e+00 -1.134612464904785156e+01
-4.156837463378906250e+00 -7.515884399414062500e+00 -1.132156944274902344e+01
-4.217174053192138672e+00 -7.557093620300292969e+00 -1.128879642486572266e+01
-4.269036769866943359e+00 -7.578484058380126953e+00 -1.125294303894042969e+01
-4.318079471588134766e+00 -7.596865177154541016e+00 -1.121067714691162109e+01
-4.359089374542236328e+00 -7.605104446411132812e+00 -1.116349315643310547e+01
-4.396002292633056641e+00 -7.599827289581298828e+00 -1.111514854431152344e+01
-4.423842430114746094e+00 -7.588948249816894531e+00 -1.106257057189941406e+01
-4.447032928466796875e+00 -7.563828945159912109e+00 -1.101286506652832031e+01
-4.459382534027099609e+00 -7.532077312469482422e+00 -1.095398998260498047e+01
-4.459301471710205078e+00 -7.494539737701416016e+00 -1.088648223876953125e+01
-4.448481082916259766e+00 -7.449155330657958984e+00 -1.081556987762451172e+01
-4.425752162933349609e+00 -7.401398658752441406e+00 -1.074261665344238281e+01
-4.390991687774658203e+00 -7.352790355682373047e+00 -1.066302394866943359e+01
-4.344360351562500000e+00 -7.301671504974365234e+00 -1.058147430419921875e+01
-4.287867069244384766e+00 -7.252315998077392578e+00 -1.049216461181640625e+01
-4.224756240844726562e+00 -7.201563358306884766e+00 -1.039271926879882812e+01
-4.150449275970458984e+00 -7.147595405578613281e+00 -1.028919315338134766e+01
-4.068244457244873047e+00 -7.094664096832275391e+00 -1.017227077484130859e+01
-3.979374885559082031e+00 -7.040054798126220703e+00 -1.004383659362792969e+01
-3.882801771163940430e+00 -6.984853744506835938e+00 -9.899097442626953125e+00
-3.778689861297607422e+00 -6.931222915649414062e+00 -9.741355895996093750e+00
-3.668264865875244141e+00 -6.880746364593505859e+00 -9.571928977966308594e+00
-3.553923606872558594e+00 -6.833841323852539062e+00 -9.390272140502929688e+00
-3.441661357879638672e+00 -6.792404651641845703e+00 -9.199711799621582031e+00
-3.329015493392944336e+00 -6.756818771362304688e+00 -9.003307342529296875e+00
-3.217473268508911133e+00 -6.728940486907958984e+00 -8.803216934204101562e+00
-3.106723785400390625e+00 -6.705271720886230469e+00 -8.597867965698242188e+00
-2.995030164718627930e+00 -6.687381744384765625e+00 -8.391725540161132812e+00
-2.882602453231811523e+00 -6.673096656799316406e+00 -8.185324668884277344e+00
-2.769862174987792969e+00 -6.661851406097412109e+00 -7.989465236663818359e+00
-2.651234388351440430e+00 -6.652346134185791016e+00 -7.800157546997070312e+00
-2.526180267333984375e+00 -6.644124031066894531e+00 -7.617377281188964844e+00
-2.393697500228881836e+00 -6.637229919433593750e+00 -7.444267272949218750e+00
-2.253640890121459961e+00 -6.630212783813476562e+00 -7.279915809631347656e+00
-2.109774589538574219e+00 -6.625843524932861328e+00 -7.126152515411376953e+00
-1.959823727607727051e+00 -6.621482372283935547e+00 -6.978707313537597656e+00
-1.808625459671020508e+00 -6.617654800415039062e+00 -6.836843490600585938e+00
-1.660442590713500977e+00 -6.613805294036865234e+00 -6.700687885284423828e+00
-1.517048954963684082e+00 -6.609778881072998047e+00 -6.569646835327148438e+00
-1.380637168884277344e+00 -6.607664108276367188e+00 -6.441919803619384766e+00
-1.252646803855895996e+00 -6.607148647308349609e+00 -6.320349693298339844e+00
-1.134203910827636719e+00 -6.609446048736572266e+00 -6.203997611999511719e+00
-1.024478435516357422e+00 -6.614362239837646484e+00 -6.093008995056152344e+00
-9.273288846015930176e-01 -6.626906871795654297e+00 -5.992113113403320312e+00
-8.332201242446899414e-01 -6.641385555267333984e+00 -5.887193202972412109e+00
-7.467502355575561523e-01 -6.657101154327392578e+00 -5.786559104919433594e+00
-6.680362224578857422e-01 -6.675956726074218750e+00 -5.691256523132324219e+00
-5.946300625801086426e-01 -6.696364879608154297e+00 -5.599031925201416016e+00
-5.254126191139221191e-01 -6.719040870666503906e+00 -5.508825302124023438e+00
-4.605003297328948975e-01 -6.741832733154296875e+00 -5.421086311340332031e+00
-3.982888162136077881e-01 -6.765067577362060547e+00 -5.336772918701171875e+00
-3.450058698654174805e-01 -6.792582511901855469e+00 -5.264210700988769531e+00
-2.885862886905670166e-01 -6.818362236022949219e+00 -5.185372829437255859e+00
-2.349070608615875244e-01 -6.854236602783203125e+00 -5.110401630401611328e+00
-1.785051822662353516e-01 -6.882629394531250000e+00 -5.029528617858886719e+00
-1.284462362527847290e-01 -6.918442726135253906e+00 -4.957309246063232422e+00
-7.723253965377807617e-02 -6.956490516662597656e+00 -4.885964870452880859e+00
-2.457505837082862854e-02 -6.998713016510009766e+00 -4.814311504364013672e+00
2.599125169217586517e-02 -7.042860984802246094e+00 -4.746459960937500000e+00
7.457608729600906372e-02 -7.093501091003417969e+00 -4.680403709411621094e+00
1.229674220085144043e-01 -7.148650169372558594e+00 -4.617153644561767578e+00
1.705872267484664917e-01 -7.205605030059814453e+00 -4.555070877075195312e+00
2.178594321012496948e-01 -7.265552520751953125e+00 -4.493233680725097656e+00
2.627700269222259521e-01 -7.332701206207275391e+00 -4.435170173645019531e+00
3.048983514308929443e-01 -7.405637264251708984e+00 -4.382086753845214844e+00
3.442910611629486084e-01 -7.481977939605712891e+00 -4.330368995666503906e+00
3.832662105560302734e-01 -7.562403202056884766e+00 -4.279246807098388672e+00
4.169668555259704590e-01 -7.647205829620361328e+00 -4.234074592590332031e+00
4.473724663257598877e-01 -7.737106323242187500e+00 -4.190956115722656250e+00
4.714407920837402344e-01 -7.831127643585205078e+00 -4.154170513153076172e+00
4.931601881980895996e-01 -7.932014942169189453e+00 -4.116073131561279297e+00
5.101757049560546875e-01 -8.036462783813476562e+00 -4.080914974212646484e+00
5.265313982963562012e-01 -8.150478363037109375e+00 -4.041582107543945312e+00
5.314298272132873535e-01 -8.267910957336425781e+00 -4.013875961303710938e+00
5.296100378036499023e-01 -8.393340110778808594e+00 -3.988553524017333984e+00
5.224045515060424805e-01 -8.526056289672851562e+00 -3.965838432312011719e+00
5.079149603843688965e-01 -8.668558120727539062e+00 -3.943263769149780273e+00
4.839852452278137207e-01 -8.815607070922851562e+00 -3.926747083663940430e+00
4.490905404090881348e-01 -8.959856986999511719e+00 -3.911252260208129883e+00
4.012156724929809570e-01 -9.122382164001464844e+00 -3.901693820953369141e+00
3.448087275028228760e-01 -9.288924217224121094e+00 -3.893991708755493164e+00
2.747550606727600098e-01 -9.457799911499023438e+00 -3.892041444778442383e+00
1.947871446609497070e-01 -9.631102561950683594e+00 -3.892062902450561523e+00
9.875154495239257812e-02 -9.801289558410644531e+00 -3.894031524658203125e+00
-5.648093763738870621e-03 -9.968979835510253906e+00 -3.896754980087280273e+00
-1.220085248351097107e-01 -1.013371276855468750e+01 -3.901868581771850586e+00
-2.490458637475967407e-01 -1.029621124267578125e+01 -3.908783435821533203e+00
-3.864704072475433350e-01 -1.044981861114501953e+01 -3.917502880096435547e+00
-5.309486985206604004e-01 -1.059312343597412109e+01 -3.921256542205810547e+00
-6.901097893714904785e-01 -1.072818279266357422e+01 -3.924814939498901367e+00
-8.426977396011352539e-01 -1.084963989257812500e+01 -3.923303842544555664e+00
-1.011517167091369629e+00 -1.096173381805419922e+01 -3.918525457382202148e+00
-1.188806533813476562e+00 -1.106125736236572266e+01 -3.907857179641723633e+00
-1.365123391151428223e+00 -1.115404415130615234e+01 -3.895281791687011719e+00
-1.550481319427490234e+00 -1.123727226257324219e+01 -3.875446319580078125e+00
-1.735003471374511719e+00 -1.131036281585693359e+01 -3.852263927459716797e+00
-1.925273418426513672e+00 -1.137755298614501953e+01 -3.825168848037719727e+00
-2.104505062103271484e+00 -1.143875217437744141e+01 -3.797518968582153320e+00
-2.279561519622802734e+00 -1.149391269683837891e+01 -3.770444154739379883e+00
-2.456747770309448242e+00 -1.154539585113525391e+01 -3.741150379180908203e+00
-2.620849847793579102e+00 -1.158925914764404297e+01 -3.713654279708862305e+00
-2.783846378326416016e+00 -1.163115119934082031e+01 -3.687553644180297852e+00
-2.944320678710937500e+00 -1.167093086242675781e+01 -3.661903142929077148e+00
-3.094683885574340820e+00 -1.170683383941650391e+01 -3.639060974121093750e+00
-3.239413738250732422e+00 -1.174098014831542969e+01 -3.617777347564697266e+00
-3.378090858459472656e+00 -1.177014160156250000e+01 -3.599002361297607422e+00
-3.506771087646484375e+00 -1.179950809478759766e+01 -3.586852550506591797e+00
-3.631977081298828125e+00 -1.182620429992675781e+01 -3.574360609054565430e+00
-3.750776767730712891e+00 -1.184469795227050781e+01 -3.563081264495849609e+00
-3.871243238449096680e+00 -1.185797691345214844e+01 -3.554309606552124023e+00
-3.979292631149291992e+00 -1.187350368499755859e+01 -3.547479867935180664e+00
-4.085486412048339844e+00 -1.188441276550292969e+01 -3.541962623596191406e+00
-4.186069965362548828e+00 -1.189258766174316406e+01 -3.538655042648315430e+00
-4.286621570587158203e+00 -1.189314174652099609e+01 -3.535656929016113281e+00
-4.384954929351806641e+00 -1.188591289520263672e+01 -3.531471729278564453e+00
-4.475751876831054688e+00 -1.187544727325439453e+01 -3.526427268981933594e+00
-4.572105884552001953e+00 -1.185568523406982422e+01 -3.518630504608154297e+00
-4.665564060211181641e+00 -1.184541797637939453e+01 -3.515232086181640625e+00
-4.762257099151611328e+00 -1.182041645050048828e+01 -3.507254123687744141e+00
-4.859452724456787109e+00 -1.179625892639160156e+01 -3.503464460372924805e+00
-4.954104900360107422e+00 -1.177058410644531250e+01 -3.492856979370117188e+00
-5.054034709930419922e+00 -1.173958778381347656e+01 -3.491170167922973633e+00
-5.151001453399658203e+00 -1.172511672973632812e+01 -3.490962743759155273e+00
-5.247483253479003906e+00 -1.171084976196289062e+01 -3.492034196853637695e+00
-5.340609073638916016e+00 -1.170380210876464844e+01 -3.506676197052001953e+00
-5.433070182800292969e+00 -1.170941829681396484e+01 -3.543372631072998047e+00
-5.517416477203369141e+00 -1.172070217132568359e+01 -3.585725545883178711e+00
-5.593696594238281250e+00 -1.174206924438476562e+01 -3.617617130279541016e+00
-5.659611701965332031e+00 -1.176624679565429688e+01 -3.636926412582397461e+00
-5.712842464447021484e+00 -1.179921913146972656e+01 -3.660104274749755859e+00
-5.749117374420166016e+00 -1.183381462097167969e+01 -3.677405595779418945e+00
-5.771644115447998047e+00 -1.187290668487548828e+01 -3.692423343658447266e+00
-5.779325485229492188e+00 -1.191837215423583984e+01 -3.704708337783813477e+00
-5.771196842193603516e+00 -1.197424793243408203e+01 -3.716527938842773438e+00
-5.743507385253906250e+00 -1.204373168945312500e+01 -3.727792978286743164e+00
-5.692192077636718750e+00 -1.212580680847167969e+01 -3.736080169677734375e+00
-5.620792865753173828e+00 -1.221624088287353516e+01 -3.734671354293823242e+00
-5.525785446166992188e+00 -1.231458282470703125e+01 -3.718986988067626953e+00
-5.418875217437744141e+00 -1.240937614440917969e+01 -3.686477184295654297e+00
-5.283554553985595703e+00 -1.251744461059570312e+01 -3.638505458831787109e+00
-5.139514923095703125e+00 -1.263700103759765625e+01 -3.586515426635742188e+00
-4.985192298889160156e+00 -1.278131771087646484e+01 -3.543360948562622070e+00
-4.821220874786376953e+00 -1.294187831878662109e+01 -3.494276046752929688e+00
-4.668791294097900391e+00 -1.312582778930664062e+01 -3.450300455093383789e+00
-4.535729885101318359e+00 -1.332837009429931641e+01 -3.411597967147827148e+00
-4.429491996765136719e+00 -1.352990436553955078e+01 -3.379045486450195312e+00
-4.328298091888427734e+00 -1.373270511627197266e+01 -3.348995208740234375e+00
-4.231935024261474609e+00 -1.393144798278808594e+01 -3.319886684417724609e+00
-4.137422084808349609e+00 -1.412405776977539062e+01 -3.293761014938354492e+00
-4.042877197265625000e+00 -1.430977916717529297e+01 -3.271126985549926758e+00
-3.954735517501831055e+00 -1.447603034973144531e+01 -3.252286911010742188e+00
-3.875032663345336914e+00 -1.461968040466308594e+01 -3.236833810806274414e+00
-3.800573110580444336e+00 -1.475345802307128906e+01 -3.224643945693969727e+00
-3.742507696151733398e+00 -1.485308170318603516e+01 -3.214941740036010742e+00
-3.697716712951660156e+00 -1.493151950836181641e+01 -3.207821607589721680e+00
-3.664438486099243164e+00 -1.498926544189453125e+01 -3.202766656875610352e+00
-3.639870405197143555e+00 -1.503218269348144531e+01 -3.198923349380493164e+00
-3.621384143829345703e+00 -1.506411075592041016e+01 -3.196084737777709961e+00
-3.607538461685180664e+00 -1.508788108825683594e+01 -3.194050073623657227e+00
-3.597482204437255859e+00 -1.510542297363281250e+01 -3.192470073699951172e+00
-3.590195178985595703e+00 -1.511801433563232422e+01 -3.191386699676513672e+00
-3.585103034973144531e+00 -1.512667083740234375e+01 -3.190575838088989258e+00
-3.581852197647094727e+00 -1.513219547271728516e+01 -3.190100431442260742e+00
-3.579922199249267578e+00 -1.513549232482910156e+01 -3.189828395843505859e+00
-3.578974485397338867e+00 -1.513709831237792969e+01 -3.189702033996582031e+00
-3.578606843948364258e+00 -1.513773441314697266e+01 -3.189649105072021484e+00
