-2.011879384517669678e-01 -5.898805618286132812e+00 -6.489387989044189453e+00
-1.338837593793869019e-01 -5.896742343902587891e+00 -6.519864082336425781e+00
-5.089557915925979614e-02 -5.894489288330078125e+00 -6.559304237365722656e+00
5.664653703570365906e-02 -5.890204429626464844e+00 -6.613701820373535156e+00
1.959808766841888428e-01 -5.881163120269775391e+00 -6.688116073608398438e+00
3.714699447154998779e-01 -5.865334510803222656e+00 -6.789645195007324219e+00
5.671008825302124023e-01 -5.839263916015625000e+00 -6.915733337402343750e+00
7.637794017791748047e-01 -5.800370216369628906e+00 -7.063647747039794922e+00
9.517098665237426758e-01 -5.747963905334472656e+00 -7.229487419128417969e+00
1.124624013900756836e+00 -5.683038711547851562e+00 -7.411013603210449219e+00
1.284758329391479492e+00 -5.608495712280273438e+00 -7.602660655975341797e+00
1.436377286911010742e+00 -5.528210163116455078e+00 -7.805934906005859375e+00
1.577629089355468750e+00 -5.449671745300292969e+00 -8.008997917175292969e+00
1.713006496429443359e+00 -5.377440452575683594e+00 -8.208873748779296875e+00
1.844363927841186523e+00 -5.308842658996582031e+00 -8.409147262573242188e+00
1.967227101325988770e+00 -5.250747203826904297e+00 -8.597326278686523438e+00
2.089379549026489258e+00 -5.201062679290771484e+00 -8.779572486877441406e+00
2.209509611129760742e+00 -5.160165786743164062e+00 -8.952013015747070312e+00
2.326865434646606445e+00 -5.128883838653564453e+00 -9.113810539245605469e+00
2.446132659912109375e+00 -5.108844757080078125e+00 -9.268032073974609375e+00
2.563356399536132812e+00 -5.096240997314453125e+00 -9.412871360778808594e+00
2.679408073425292969e+00 -5.093301296234130859e+00 -9.548127174377441406e+00
2.793196916580200195e+00 -5.098070144653320312e+00 -9.671342849731445312e+00
2.904777765274047852e+00 -5.109955787658691406e+00 -9.787467956542968750e+00
3.011006355285644531e+00 -5.128828525543212891e+00 -9.891288757324218750e+00
3.119972705841064453e+00 -5.149400711059570312e+00 -9.996834754943847656e+00
3.222150087356567383e+00 -5.175709724426269531e+00 -1.009151458740234375e+01
3.322108745574951172e+00 -5.203268051147460938e+00 -1.017112064361572266e+01
3.426176071166992188e+00 -5.235769748687744141e+00 -1.025115203857421875e+01
3.527242660522460938e+00 -5.268601894378662109e+00 -1.032571601867675781e+01
3.625585317611694336e+00 -5.299217700958251953e+00 -1.039374065399169922e+01
3.725765228271484375e+00 -5.333167076110839844e+00 -1.045617771148681641e+01
3.824866294860839844e+00 -5.367039203643798828e+00 -1.051281547546386719e+01
3.925189495086669922e+00 -5.401554107666015625e+00 -1.056330966949462891e+01
4.025985717773437500e+00 -5.434447765350341797e+00 -1.060957527160644531e+01
4.129292488098144531e+00 -5.467257022857666016e+00 -1.065356254577636719e+01
4.234761714935302734e+00 -5.500162124633789062e+00 -1.068999385833740234e+01
4.336624145507812500e+00 -5.530480384826660156e+00 -1.072338104248046875e+01
4.440326690673828125e+00 -5.560843944549560547e+00 -1.075146293640136719e+01
4.546629428863525391e+00 -5.591752052307128906e+00 -1.077087593078613281e+01
4.651393890380859375e+00 -5.621739864349365234e+00 -1.078925228118896484e+01
4.753459930419921875e+00 -5.649840831756591797e+00 -1.080220985412597656e+01
4.852983474731445312e+00 -5.679827690124511719e+00 -1.081048488616943359e+01
4.950858592987060547e+00 -5.707546234130859375e+00 -1.081060981750488281e+01
5.047468662261962891e+00 -5.734968662261962891e+00 -1.080640220642089844e+01
5.140112876892089844e+00 -5.759691238403320312e+00 -1.079582786560058594e+01
5.228703498840332031e+00 -5.785354614257812500e+00 -1.078218173980712891e+01
5.313819408416748047e+00 -5.811356544494628906e+00 -1.076307296752929688e+01
5.395791530609130859e+00 -5.837155342102050781e+00 -1.073714351654052734e+01
5.473284244537353516e+00 -5.864501953125000000e+00 -1.070485401153564453e+01
5.545377731323242188e+00 -5.892342090606689453e+00 -1.066650199890136719e+01
5.617853164672851562e+00 -5.923404693603515625e+00 -1.061895465850830078e+01
5.688229084014892578e+00 -5.957551956176757812e+00 -1.056546211242675781e+01
5.754826545715332031e+00 -5.995487213134765625e+00 -1.049913215637207031e+01
5.816330432891845703e+00 -6.040812492370605469e+00 -1.042456912994384766e+01
5.871974468231201172e+00 -6.095410346984863281e+00 -1.033517551422119141e+01
5.926296710968017578e+00 -6.160404682159423828e+00 -1.023565483093261719e+01
5.967113494873046875e+00 -6.238245964050292969e+00 -1.011983489990234375e+01
5.998793601989746094e+00 -6.328986167907714844e+00 -9.993638038635253906e+00
6.012921333312988281e+00 -6.436248302459716797e+00 -9.844350814819335938e+00
6.007896423339843750e+00 -6.557501792907714844e+00 -9.680063247680664062e+00
5.980652809143066406e+00 -6.693045616149902344e+00 -9.500804901123046875e+00
5.934316158294677734e+00 -6.833787918090820312e+00 -9.314568519592285156e+00
5.863423347473144531e+00 -6.984772682189941406e+00 -9.118437767028808594e+00
5.777348518371582031e+00 -7.132167339324951172e+00 -8.924165725708007812e+00
5.674944877624511719e+00 -7.280570983886718750e+00 -8.726078033447265625e+00
5.561325550079345703e+00 -7.424705028533935547e+00 -8.531936645507812500e+00
5.436411857604980469e+00 -7.568074226379394531e+00 -8.337371826171875000e+00
5.305371284484863281e+00 -7.704340457916259766e+00 -8.153191566467285156e+00
5.173546791076660156e+00 -7.837403297424316406e+00 -7.975129604339599609e+00
5.044711589813232422e+00 -7.966425895690917969e+00 -7.807489395141601562e+00
4.915137767791748047e+00 -8.098398208618164062e+00 -7.642060279846191406e+00
4.793053150177001953e+00 -8.230742454528808594e+00 -7.487530231475830078e+00
4.676100254058837891e+00 -8.374825477600097656e+00 -7.332180976867675781e+00
4.570957183837890625e+00 -8.523487091064453125e+00 -7.188644886016845703e+00
4.476420879364013672e+00 -8.679430007934570312e+00 -7.052673339843750000e+00
4.392805099487304688e+00 -8.842345237731933594e+00 -6.922600746154785156e+00
4.320182323455810547e+00 -9.002997398376464844e+00 -6.807755947113037109e+00
4.258887290954589844e+00 -9.169597625732421875e+00 -6.702668666839599609e+00
4.210140228271484375e+00 -9.328956604003906250e+00 -6.614797115325927734e+00
4.168969154357910156e+00 -9.488346099853515625e+00 -6.540112018585205078e+00
4.132294178009033203e+00 -9.632783889770507812e+00 -6.478351116180419922e+00
4.101299285888671875e+00 -9.775705337524414062e+00 -6.428212165832519531e+00
4.074821472167968750e+00 -9.910515785217285156e+00 -6.390491962432861328e+00
4.051521778106689453e+00 -1.003515625000000000e+01 -6.362723827362060547e+00
4.028990745544433594e+00 -1.015493869781494141e+01 -6.339851379394531250e+00
4.002856731414794922e+00 -1.026766395568847656e+01 -6.320727348327636719e+00
3.979530572891235352e+00 -1.037416458129882812e+01 -6.304706096649169922e+00
3.954735994338989258e+00 -1.047649669647216797e+01 -6.288970947265625000e+00
3.925582885742187500e+00 -1.057028293609619141e+01 -6.271307945251464844e+00
3.894220590591430664e+00 -1.066464042663574219e+01 -6.255328178405761719e+00
3.863423109054565430e+00 -1.075436019897460938e+01 -6.236567974090576172e+00
3.834566354751586914e+00 -1.084388160705566406e+01 -6.211277961730957031e+00
3.794319868087768555e+00 -1.092430305480957031e+01 -6.180987834930419922e+00
3.754795789718627930e+00 -1.100183773040771484e+01 -6.153887271881103516e+00
3.713547229766845703e+00 -1.107525539398193359e+01 -6.122702598571777344e+00
3.669381618499755859e+00 -1.114605426788330078e+01 -6.089624881744384766e+00
3.622984170913696289e+00 -1.121055984497070312e+01 -6.054304599761962891e+00
3.574984550476074219e+00 -1.126824760437011719e+01 -6.014755725860595703e+00
3.522236824035644531e+00 -1.131667804718017578e+01 -5.964415073394775391e+00
3.467170715332031250e+00 -1.136238765716552734e+01 -5.920814514160156250e+00
3.412631034851074219e+00 -1.140104675292968750e+01 -5.870342731475830078e+00
3.356440067291259766e+00 -1.143328762054443359e+01 -5.814767837524414062e+00
3.293955087661743164e+00 -1.146279144287109375e+01 -5.759113311767578125e+00
3.238192796707153320e+00 -1.148395633697509766e+01 -5.700067043304443359e+00
3.172617435455322266e+00 -1.149503517150878906e+01 -5.634845256805419922e+00
3.108134031295776367e+00 -1.150146484375000000e+01 -5.565755367279052734e+00
3.037689447402954102e+00 -1.150084114074707031e+01 -5.488928794860839844e+00
2.964931964874267578e+00 -1.149398994445800781e+01 -5.403923034667968750e+00
2.890778303146362305e+00 -1.148265266418457031e+01 -5.316213607788085938e+00
2.808039188385009766e+00 -1.147682380676269531e+01 -5.216051101684570312e+00
2.728415727615356445e+00 -1.146398830413818359e+01 -5.114474773406982422e+00
2.651391029357910156e+00 -1.144566917419433594e+01 -5.004493713378906250e+00
2.562908887863159180e+00 -1.142923259735107422e+01 -4.888345241546630859e+00
2.477109670639038086e+00 -1.139675235748291016e+01 -4.772684574127197266e+00
2.403864622116088867e+00 -1.137354660034179688e+01 -4.643034934997558594e+00
2.332328557968139648e+00 -1.135494804382324219e+01 -4.515250205993652344e+00
2.267654418945312500e+00 -1.133761596679687500e+01 -4.388460636138916016e+00
2.218360900878906250e+00 -1.131560802459716797e+01 -4.256133079528808594e+00
2.183950662612915039e+00 -1.128531646728515625e+01 -4.125766754150390625e+00
2.100193977355957031e+00 -1.130023479461669922e+01 -4.033797740936279297e+00
2.102810621261596680e+00 -1.124684810638427734e+01 -3.894786596298217773e+00
1.923761606216430664e+00 -1.131724739074707031e+01 -3.856212377548217773e+00
1.836919665336608887e+00 -1.131706905364990234e+01 -3.782627344131469727e+00
2.049032688140869141e+00 -1.108716201782226562e+01 -3.592095851898193359e+00
1.994828820228576660e+00 -1.106186580657958984e+01 -3.521209239959716797e+00
1.946112394332885742e+00 -1.102819538116455078e+01 -3.467180252075195312e+00
1.656220674514770508e+00 -1.118093585968017578e+01 -3.522338867187500000e+00
1.616053819656372070e+00 -1.113568305969238281e+01 -3.490533113479614258e+00
1.788691639900207520e+00 -1.091239929199218750e+01 -3.387499332427978516e+00
1.529993414878845215e+00 -1.103995227813720703e+01 -3.471217393875122070e+00
1.704011201858520508e+00 -1.081748580932617188e+01 -3.393208742141723633e+00
1.449787735939025879e+00 -1.094128322601318359e+01 -3.513607978820800781e+00
1.656809210777282715e+00 -1.069935226440429688e+01 -3.448056697845458984e+00
1.374175429344177246e+00 -1.086270046234130859e+01 -3.627296924591064453e+00
1.654398202896118164e+00 -1.056819248199462891e+01 -3.553930044174194336e+00
1.336918354034423828e+00 -1.076544189453125000e+01 -3.757765769958496094e+00
1.623459577560424805e+00 -1.047437191009521484e+01 -3.692917108535766602e+00
1.607452630996704102e+00 -1.043447399139404297e+01 -3.772514581680297852e+00
1.360493183135986328e+00 -1.057608604431152344e+01 -3.971468210220336914e+00
1.358430981636047363e+00 -1.054784297943115234e+01 -4.070363044738769531e+00
1.428042888641357422e+00 -1.044196701049804688e+01 -4.115405082702636719e+00
1.415072441101074219e+00 -1.042885494232177734e+01 -4.222579002380371094e+00
1.417547941207885742e+00 -1.041037178039550781e+01 -4.322866439819335938e+00
1.436982512474060059e+00 -1.037949562072753906e+01 -4.411382198333740234e+00
1.469799876213073730e+00 -1.034179592132568359e+01 -4.492043972015380859e+00
1.499317288398742676e+00 -1.030780410766601562e+01 -4.568720340728759766e+00
1.537405133247375488e+00 -1.026743507385253906e+01 -4.631728649139404297e+00
1.580625057220458984e+00 -1.022451400756835938e+01 -4.686450004577636719e+00
1.627473592758178711e+00 -1.017862033843994141e+01 -4.735641479492187500e+00
1.674720406532287598e+00 -1.012902641296386719e+01 -4.777033329010009766e+00
1.723848581314086914e+00 -1.007249736785888672e+01 -4.815509796142578125e+00
1.757365584373474121e+00 -1.001463127136230469e+01 -4.873061656951904297e+00
1.807707428932189941e+00 -9.942797660827636719e+00 -4.904983043670654297e+00
1.854655861854553223e+00 -9.854784011840820312e+00 -4.942254066467285156e+00
1.896105170249938965e+00 -9.753953933715820312e+00 -4.988435268402099609e+00
1.934655785560607910e+00 -9.636533737182617188e+00 -5.046109199523925781e+00
1.974524497985839844e+00 -9.495980262756347656e+00 -5.117177486419677734e+00
2.013285160064697266e+00 -9.331944465637207031e+00 -5.203393459320068359e+00
2.051405668258666992e+00 -9.148394584655761719e+00 -5.305541515350341797e+00
2.090834856033325195e+00 -8.944728851318359375e+00 -5.425669193267822266e+00
2.131853342056274414e+00 -8.706327438354492188e+00 -5.555680274963378906e+00
2.172528028488159180e+00 -8.445820808410644531e+00 -5.696506023406982422e+00
2.212563037872314453e+00 -8.164229393005371094e+00 -5.848912239074707031e+00
2.248780012130737305e+00 -7.877977371215820312e+00 -5.995655059814453125e+00
2.287986516952514648e+00 -7.577665328979492188e+00 -6.146905899047851562e+00
2.326466083526611328e+00 -7.269237518310546875e+00 -6.290836811065673828e+00
2.373888731002807617e+00 -6.957642555236816406e+00 -6.432152748107910156e+00
2.433122396469116211e+00 -6.659186840057373047e+00 -6.560649871826171875e+00
2.506918191909790039e+00 -6.373764991760253906e+00 -6.680365085601806641e+00
2.596236228942871094e+00 -6.093639373779296875e+00 -6.795861244201660156e+00
2.695113182067871094e+00 -5.823238849639892578e+00 -6.904140949249267578e+00
2.801076650619506836e+00 -5.572896480560302734e+00 -7.006929397583007812e+00
2.912756681442260742e+00 -5.345984935760498047e+00 -7.101672649383544922e+00
3.025886058807373047e+00 -5.132499217987060547e+00 -7.192274093627929688e+00
3.141853809356689453e+00 -4.928986072540283203e+00 -7.279359817504882812e+00
3.278393745422363281e+00 -4.706219673156738281e+00 -7.372445106506347656e+00
3.835805416107177734e+00 -2.119924783706665039e+00 -7.289298534393310547e+00
4.013945102691650391e+00 -1.966757774353027344e+00 -7.361333370208740234e+00
4.176421642303466797e+00 -1.844110250473022461e+00 -7.411226272583007812e+00
4.333715915679931641e+00 -1.739131212234497070e+00 -7.447609424591064453e+00
4.488234043121337891e+00 -1.647368907928466797e+00 -7.475589275360107422e+00
4.644645690917968750e+00 -1.566041707992553711e+00 -7.497040271759033203e+00
4.798723220825195312e+00 -1.501054406166076660e+00 -7.514770507812500000e+00
4.955060958862304688e+00 -1.445131063461303711e+00 -7.528828144073486328e+00
5.111718654632568359e+00 -1.402920365333557129e+00 -7.540779113769531250e+00
5.267311096191406250e+00 -1.371910929679870605e+00 -7.551668643951416016e+00
5.427246093750000000e+00 -1.351563572883605957e+00 -7.561195850372314453e+00
5.589139938354492188e+00 -1.341713309288024902e+00 -7.570256710052490234e+00
5.757402420043945312e+00 -1.344804406166076660e+00 -7.577999591827392578e+00
5.930826663970947266e+00 -1.359094619750976562e+00 -7.585065364837646484e+00
6.111937046051025391e+00 -1.382959723472595215e+00 -7.591078758239746094e+00
6.296889781951904297e+00 -1.419657468795776367e+00 -7.595135688781738281e+00
6.488262653350830078e+00 -1.467193961143493652e+00 -7.597108840942382812e+00
6.676353454589843750e+00 -1.524870157241821289e+00 -7.597589969635009766e+00
6.867871761322021484e+00 -1.593750238418579102e+00 -7.595979690551757812e+00
7.053139686584472656e+00 -1.671281456947326660e+00 -7.592429161071777344e+00
7.228468894958496094e+00 -1.755273699760437012e+00 -7.586524486541748047e+00
7.395814895629882812e+00 -1.844677686691284180e+00 -7.581387519836425781e+00
7.549539566040039062e+00 -1.938047647476196289e+00 -7.575293064117431641e+00
7.686810970306396484e+00 -2.030958175659179688e+00 -7.570403575897216797e+00
7.807457923889160156e+00 -2.120967864990234375e+00 -7.567935943603515625e+00
7.916555881500244141e+00 -2.211380958557128906e+00 -7.567366123199462891e+00
8.013489723205566406e+00 -2.301368236541748047e+00 -7.569509506225585938e+00
8.096734046936035156e+00 -2.396423101425170898e+00 -7.583695411682128906e+00
8.168810844421386719e+00 -2.484748363494873047e+00 -7.596805572509765625e+00
8.231308937072753906e+00 -2.573249816894531250e+00 -7.614552021026611328e+00
8.285441398620605469e+00 -2.655490159988403320e+00 -7.635737419128417969e+00
8.328732490539550781e+00 -2.741848230361938477e+00 -7.668739318847656250e+00
8.360952377319335938e+00 -2.827675580978393555e+00 -7.716785430908203125e+00
8.389238357543945312e+00 -2.916942596435546875e+00 -7.768743515014648438e+00
8.412487983703613281e+00 -3.006620168685913086e+00 -7.830440998077392578e+00
8.426115036010742188e+00 -3.095131397247314453e+00 -7.905138492584228516e+00
8.434508323669433594e+00 -3.183041095733642578e+00 -7.989765167236328125e+00
8.432247161865234375e+00 -3.264103174209594727e+00 -8.085385322570800781e+00
8.426097869873046875e+00 -3.349524974822998047e+00 -8.190228462219238281e+00
8.414744377136230469e+00 -3.431872844696044922e+00 -8.305754661560058594e+00
8.397065162658691406e+00 -3.510554790496826172e+00 -8.428062438964843750e+00
8.383223533630371094e+00 -3.591207742691040039e+00 -8.548233032226562500e+00
8.355411529541015625e+00 -3.658275842666625977e+00 -8.672348022460937500e+00
8.325070381164550781e+00 -3.721050739288330078e+00 -8.795532226562500000e+00
8.295804977416992188e+00 -3.776736497879028320e+00 -8.914253234863281250e+00
8.262265205383300781e+00 -3.830383062362670898e+00 -9.031755447387695312e+00
8.225454330444335938e+00 -3.883823394775390625e+00 -9.138035774230957031e+00
8.189680099487304688e+00 -3.925991058349609375e+00 -9.237638473510742188e+00
8.152036666870117188e+00 -3.961781740188598633e+00 -9.332116127014160156e+00
8.113476753234863281e+00 -3.986804723739624023e+00 -9.425488471984863281e+00
8.073594093322753906e+00 -4.013330459594726562e+00 -9.509646415710449219e+00
8.029461860656738281e+00 -4.039014339447021484e+00 -9.587411880493164062e+00
8.004675865173339844e+00 -4.056080818176269531e+00 -9.673377990722656250e+00
7.972237110137939453e+00 -4.091195106506347656e+00 -9.741023063659667969e+00
7.933031558990478516e+00 -4.132582664489746094e+00 -9.797719001770019531e+00
7.907347679138183594e+00 -4.178702831268310547e+00 -9.851462364196777344e+00
7.887224674224853516e+00 -4.242083549499511719e+00 -9.894487380981445312e+00
7.895645141601562500e+00 -4.317969799041748047e+00 -9.935778617858886719e+00
7.917038917541503906e+00 -4.390279769897460938e+00 -9.975986480712890625e+00
7.935545444488525391e+00 -4.459015369415283203e+00 -1.001598358154296875e+01
7.982868194580078125e+00 -4.510154247283935547e+00 -1.006264591217041016e+01
8.011564254760742188e+00 -4.546044826507568359e+00 -1.011208057403564453e+01
8.031355857849121094e+00 -4.568148612976074219e+00 -1.016781234741210938e+01
8.044665336608886719e+00 -4.583212852478027344e+00 -1.022025871276855469e+01
8.062611579895019531e+00 -4.587459087371826172e+00 -1.027616977691650391e+01
8.064713478088378906e+00 -4.581852912902832031e+00 -1.033328342437744141e+01
8.052279472351074219e+00 -4.571023941040039062e+00 -1.039159870147705078e+01
8.032958984375000000e+00 -4.538558959960937500e+00 -1.045752811431884766e+01
8.008532524108886719e+00 -4.501483917236328125e+00 -1.052173328399658203e+01
7.957146644592285156e+00 -4.480240821838378906e+00 -1.059107971191406250e+01
7.925184249877929688e+00 -4.422454833984375000e+00 -1.066234111785888672e+01
7.889487743377685547e+00 -4.360715866088867188e+00 -1.073882198333740234e+01
7.850025177001953125e+00 -4.298257827758789062e+00 -1.082551288604736328e+01
7.807147979736328125e+00 -4.236039161682128906e+00 -1.092687702178955078e+01
7.767038822174072266e+00 -4.174129962921142578e+00 -1.103858184814453125e+01
7.721644878387451172e+00 -4.109150886535644531e+00 -1.116182041168212891e+01
7.672023296356201172e+00 -4.040429115295410156e+00 -1.129260253906250000e+01
7.621945381164550781e+00 -3.970505714416503906e+00 -1.142404556274414062e+01
7.571569442749023438e+00 -3.899070978164672852e+00 -1.155557346343994141e+01
7.522619247436523438e+00 -3.825130462646484375e+00 -1.168623733520507812e+01
4.376639366149902344e+00 -3.007563591003417969e+00 -3.019131898880004883e+00
4.209649562835693359e+00 -2.974370002746582031e+00 -2.968193054199218750e+00
4.046053886413574219e+00 -2.946307420730590820e+00 -2.943556785583496094e+00
3.886084318161010742e+00 -2.921986818313598633e+00 -2.933996438980102539e+00
3.717915773391723633e+00 -2.899269104003906250e+00 -2.936718940734863281e+00
3.545114994049072266e+00 -2.881514310836791992e+00 -2.957377433776855469e+00
3.353778123855590820e+00 -2.863996744155883789e+00 -2.988203763961791992e+00
3.165364027023315430e+00 -2.850937843322753906e+00 -3.031660318374633789e+00
2.981908082962036133e+00 -2.842714786529541016e+00 -3.088001966476440430e+00
2.816503286361694336e+00 -2.839622735977172852e+00 -3.151879310607910156e+00
2.669188022613525391e+00 -2.842118978500366211e+00 -3.219799757003784180e+00
2.538781642913818359e+00 -2.850898265838623047e+00 -3.296603679656982422e+00
2.428272247314453125e+00 -2.860670328140258789e+00 -3.367669343948364258e+00
2.339936733245849609e+00 -2.873169660568237305e+00 -3.438489913940429688e+00
2.265455484390258789e+00 -2.889375209808349609e+00 -3.511148214340209961e+00
2.203830957412719727e+00 -2.906626939773559570e+00 -3.583658695220947266e+00
2.155807971954345703e+00 -2.926298379898071289e+00 -3.656879425048828125e+00
2.120503425598144531e+00 -2.948139905929565430e+00 -3.733131647109985352e+00
2.095132112503051758e+00 -2.971589565277099609e+00 -3.811963081359863281e+00
2.078882932662963867e+00 -2.998631477355957031e+00 -3.898876667022705078e+00
2.071238756179809570e+00 -3.028485059738159180e+00 -3.994178295135498047e+00
2.072401762008666992e+00 -3.062277793884277344e+00 -4.100295066833496094e+00
2.087031364440917969e+00 -3.098998308181762695e+00 -4.215106010437011719e+00
2.113214492797851562e+00 -3.139394760131835938e+00 -4.342368125915527344e+00
2.155861616134643555e+00 -3.183509349822998047e+00 -4.489177703857421875e+00
2.207770586013793945e+00 -3.229620933532714844e+00 -4.649013996124267578e+00
2.275392532348632812e+00 -3.273649454116821289e+00 -4.808892250061035156e+00
2.359040975570678711e+00 -3.317224025726318359e+00 -4.984282493591308594e+00
2.449522972106933594e+00 -3.354897737503051758e+00 -5.163905143737792969e+00
2.561996221542358398e+00 -3.386748313903808594e+00 -5.344736099243164062e+00
2.684614419937133789e+00 -3.409965991973876953e+00 -5.525610923767089844e+00
2.821691989898681641e+00 -3.427459716796875000e+00 -5.700465202331542969e+00
2.968855857849121094e+00 -3.434741258621215820e+00 -5.877327442169189453e+00
3.127397298812866211e+00 -3.438662290573120117e+00 -6.046602725982666016e+00
3.301169872283935547e+00 -3.440644979476928711e+00 -6.213530540466308594e+00
3.479764699935913086e+00 -3.445987701416015625e+00 -6.377197265625000000e+00
3.672423601150512695e+00 -3.456969022750854492e+00 -6.537930488586425781e+00
3.864567279815673828e+00 -3.474816322326660156e+00 -6.692400932312011719e+00
4.065395355224609375e+00 -3.496566057205200195e+00 -6.847117900848388672e+00
4.264448642730712891e+00 -3.524530410766601562e+00 -6.988368988037109375e+00
4.470518112182617188e+00 -3.557178974151611328e+00 -7.127272605895996094e+00
4.676679611206054688e+00 -3.594144582748413086e+00 -7.251049518585205078e+00
4.883041858673095703e+00 -3.636490106582641602e+00 -7.354115962982177734e+00
5.088294982910156250e+00 -3.682428121566772461e+00 -7.429220199584960938e+00
5.293993473052978516e+00 -3.732542037963867188e+00 -7.496199607849121094e+00
5.490450859069824219e+00 -3.784934997558593750e+00 -7.536507129669189453e+00
5.688543319702148438e+00 -3.841679334640502930e+00 -7.559729576110839844e+00
5.881479740142822266e+00 -3.899490833282470703e+00 -7.563714981079101562e+00
6.057674407958984375e+00 -3.958809137344360352e+00 -7.553459644317626953e+00
6.229222297668457031e+00 -4.017363548278808594e+00 -7.525389194488525391e+00
6.388100147247314453e+00 -4.074674606323242188e+00 -7.485710144042968750e+00
6.535423755645751953e+00 -4.129422187805175781e+00 -7.437673091888427734e+00
6.665266513824462891e+00 -4.187410831451416016e+00 -7.381000995635986328e+00
6.782572269439697266e+00 -4.247317314147949219e+00 -7.319144248962402344e+00
6.883650779724121094e+00 -4.313249588012695312e+00 -7.250661373138427734e+00
6.968895912170410156e+00 -4.385582447052001953e+00 -7.176037311553955078e+00
7.034770011901855469e+00 -4.468025684356689453e+00 -7.096240043640136719e+00
7.084625720977783203e+00 -4.558143615722656250e+00 -7.011218547821044922e+00
7.121725559234619141e+00 -4.663319110870361328e+00 -6.914593696594238281e+00
7.146904468536376953e+00 -4.778692722320556641e+00 -6.808485507965087891e+00
7.160328865051269531e+00 -4.904097557067871094e+00 -6.692051410675048828e+00
7.163302421569824219e+00 -5.037996768951416016e+00 -6.566812038421630859e+00
7.157685756683349609e+00 -5.174831867218017578e+00 -6.434643268585205078e+00
7.140821933746337891e+00 -5.322777748107910156e+00 -6.289429187774658203e+00
7.113210678100585938e+00 -5.473050594329833984e+00 -6.136465072631835938e+00
7.072640895843505859e+00 -5.630925655364990234e+00 -5.976544857025146484e+00
7.020105361938476562e+00 -5.790025711059570312e+00 -5.814998626708984375e+00
6.956448078155517578e+00 -5.946926593780517578e+00 -5.655368328094482422e+00
6.879496097564697266e+00 -6.105469226837158203e+00 -5.496344089508056641e+00
6.786844730377197266e+00 -6.269217967987060547e+00 -5.334393024444580078e+00
6.683380603790283203e+00 -6.432229995727539062e+00 -5.179670333862304688e+00
6.567341804504394531e+00 -6.591209411621093750e+00 -5.031876087188720703e+00
6.441336154937744141e+00 -6.747448444366455078e+00 -4.891257762908935547e+00
6.301787376403808594e+00 -6.905779838562011719e+00 -4.757477283477783203e+00
6.150871753692626953e+00 -7.061503887176513672e+00 -4.631422519683837891e+00
5.992648124694824219e+00 -7.216141223907470703e+00 -4.515171051025390625e+00
5.829398155212402344e+00 -7.362608432769775391e+00 -4.413909435272216797e+00
5.659763813018798828e+00 -7.504343986511230469e+00 -4.320494651794433594e+00
5.486915588378906250e+00 -7.640482902526855469e+00 -4.239491462707519531e+00
5.320903778076171875e+00 -7.765198707580566406e+00 -4.178157806396484375e+00
5.158949375152587891e+00 -7.878105163574218750e+00 -4.126408100128173828e+00
5.006336688995361328e+00 -7.978244304656982422e+00 -4.088196277618408203e+00
4.867168903350830078e+00 -8.064570426940917969e+00 -4.062372684478759766e+00
4.736001491546630859e+00 -8.137741088867187500e+00 -4.049776077270507812e+00
4.616705417633056641e+00 -8.202443122863769531e+00 -4.041054248809814453e+00
4.513105869293212891e+00 -8.250651359558105469e+00 -4.043418884277343750e+00
4.416003704071044922e+00 -8.286678314208984375e+00 -4.052829742431640625e+00
4.328851699829101562e+00 -8.315819740295410156e+00 -4.070369243621826172e+00
4.248544216156005859e+00 -8.334988594055175781e+00 -4.095026493072509766e+00
4.168888568878173828e+00 -8.347082138061523438e+00 -4.126439571380615234e+00
4.087603092193603516e+00 -8.347652435302734375e+00 -4.166652202606201172e+00
4.008550167083740234e+00 -8.337520599365234375e+00 -4.216029644012451172e+00
3.925543546676635742e+00 -8.311501502990722656e+00 -4.275501251220703125e+00
3.839333057403564453e+00 -8.270226478576660156e+00 -4.343409538269042969e+00
3.743742227554321289e+00 -8.206407546997070312e+00 -4.423798561096191406e+00
3.642120599746704102e+00 -8.117465019226074219e+00 -4.512857437133789062e+00
3.533497333526611328e+00 -7.999673366546630859e+00 -4.606170177459716797e+00
3.416915655136108398e+00 -7.851733684539794922e+00 -4.703426837921142578e+00
3.290419578552246094e+00 -7.669817924499511719e+00 -4.801424980163574219e+00
3.160648345947265625e+00 -7.455065250396728516e+00 -4.900010585784912109e+00
3.022187471389770508e+00 -7.208808422088623047e+00 -4.998802661895751953e+00
2.879861116409301758e+00 -6.941899776458740234e+00 -5.098978042602539062e+00
2.736147880554199219e+00 -6.645866870880126953e+00 -5.205739974975585938e+00
2.603654861450195312e+00 -6.334992885589599609e+00 -5.324522972106933594e+00
2.496547937393188477e+00 -6.032242298126220703e+00 -5.450568675994873047e+00
2.419199943542480469e+00 -5.735797405242919922e+00 -5.586541175842285156e+00
2.370122671127319336e+00 -5.437289714813232422e+00 -5.740285396575927734e+00
2.353703737258911133e+00 -5.157189369201660156e+00 -5.907288551330566406e+00
2.363080978393554688e+00 -4.882208824157714844e+00 -6.096882820129394531e+00
2.399726867675781250e+00 -4.615913867950439453e+00 -6.314112186431884766e+00
2.457210063934326172e+00 -4.368700981140136719e+00 -6.544221878051757812e+00
2.533733367919921875e+00 -4.155018329620361328e+00 -6.767615318298339844e+00
2.632832765579223633e+00 -3.957537174224853516e+00 -6.978934288024902344e+00
2.744721651077270508e+00 -3.790777683258056641e+00 -7.173204898834228516e+00
2.858366250991821289e+00 -3.650702476501464844e+00 -7.348598480224609375e+00
2.970398426055908203e+00 -3.540405273437500000e+00 -7.499419689178466797e+00
3.084947586059570312e+00 -3.441536188125610352e+00 -7.641468524932861328e+00
3.194071531295776367e+00 -3.364558458328247070e+00 -7.771658420562744141e+00
3.297993659973144531e+00 -3.300567865371704102e+00 -7.893573760986328125e+00
3.392383575439453125e+00 -3.251164674758911133e+00 -8.006743431091308594e+00
3.489920854568481445e+00 -3.212398767471313477e+00 -8.116614341735839844e+00
3.579615116119384766e+00 -3.185261249542236328e+00 -8.214926719665527344e+00
3.672775030136108398e+00 -3.165437936782836914e+00 -8.316771507263183594e+00
3.763109683990478516e+00 -3.153075218200683594e+00 -8.413411140441894531e+00
3.853337526321411133e+00 -3.145894289016723633e+00 -8.510246276855468750e+00
3.945926904678344727e+00 -3.145527124404907227e+00 -8.605288505554199219e+00
4.038934230804443359e+00 -3.150311470031738281e+00 -8.698280334472656250e+00
4.132450580596923828e+00 -3.156074762344360352e+00 -8.796627998352050781e+00
4.231100559234619141e+00 -3.162631750106811523e+00 -8.896257400512695312e+00
4.323929786682128906e+00 -3.164647340774536133e+00 -8.995420455932617188e+00
4.425295829772949219e+00 -3.169981956481933594e+00 -9.097567558288574219e+00
4.529277324676513672e+00 -3.173059225082397461e+00 -9.201687812805175781e+00
4.635107040405273438e+00 -3.173780679702758789e+00 -9.306968688964843750e+00
4.740450382232666016e+00 -3.172241926193237305e+00 -9.411019325256347656e+00
4.836640357971191406e+00 -3.164277791976928711e+00 -9.516273498535156250e+00
4.933603763580322266e+00 -3.154781341552734375e+00 -9.618112564086914062e+00
5.023159980773925781e+00 -3.137690782546997070e+00 -9.719417572021484375e+00
5.110650539398193359e+00 -3.122512578964233398e+00 -9.818490028381347656e+00
5.189386367797851562e+00 -3.102492094039916992e+00 -9.914702415466308594e+00
5.258943080902099609e+00 -3.077744007110595703e+00 -1.000714969635009766e+01
5.318233966827392578e+00 -3.048654556274414062e+00 -1.009812927246093750e+01
5.369972705841064453e+00 -3.017746686935424805e+00 -1.018466281890869141e+01
5.409617424011230469e+00 -2.983594655990600586e+00 -1.026552772521972656e+01
5.437119960784912109e+00 -2.947575092315673828e+00 -1.034454917907714844e+01
5.454616069793701172e+00 -2.908622741699218750e+00 -1.041879749298095703e+01
5.464658260345458984e+00 -2.868885278701782227e+00 -1.048955726623535156e+01
5.464549064636230469e+00 -2.829465866088867188e+00 -1.055809497833251953e+01
5.456497669219970703e+00 -2.788167715072631836e+00 -1.062145519256591797e+01
5.440411567687988281e+00 -2.747627735137939453e+00 -1.067887592315673828e+01
5.416557788848876953e+00 -2.699324607849121094e+00 -1.074592876434326172e+01
5.382684707641601562e+00 -2.649270057678222656e+00 -1.080901718139648438e+01
5.338648319244384766e+00 -2.595012903213500977e+00 -1.087509250640869141e+01
5.285164356231689453e+00 -2.533249378204345703e+00 -1.094845294952392578e+01
5.219279766082763672e+00 -2.465782880783081055e+00 -1.102041053771972656e+01
5.145955562591552734e+00 -2.396716117858886719e+00 -1.109483242034912109e+01
5.058552742004394531e+00 -2.319619178771972656e+00 -1.117684555053710938e+01
4.958194255828857422e+00 -2.234451055526733398e+00 -1.126586723327636719e+01
4.845907211303710938e+00 -2.143562078475952148e+00 -1.136025333404541016e+01
4.726516723632812500e+00 -2.047738075256347656e+00 -1.146172428131103516e+01
4.594262123107910156e+00 -1.948524594306945801e+00 -1.156251239776611328e+01
4.455734252929687500e+00 -1.848123908042907715e+00 -1.166195583343505859e+01
4.321672916412353516e+00 -1.753166913986206055e+00 -1.175479030609130859e+01
4.177640914916992188e+00 -1.657836079597473145e+00 -1.184649276733398438e+01
4.035981655120849609e+00 -1.568059206008911133e+00 -1.193073463439941406e+01
3.895004272460937500e+00 -1.483400702476501465e+00 -1.200870800018310547e+01
3.754245996475219727e+00 -1.402745246887207031e+00 -1.208115386962890625e+01
3.621454477310180664e+00 -1.332378745079040527e+00 -1.214390945434570312e+01
3.486733913421630859e+00 -1.265786647796630859e+00 -1.220231246948242188e+01
3.354136466979980469e+00 -1.202980875968933105e+00 -1.225630569458007812e+01
3.226394653320312500e+00 -1.144459009170532227e+00 -1.230579376220703125e+01
3.099321365356445312e+00 -1.089944481849670410e+00 -1.235124969482421875e+01
2.978118181228637695e+00 -1.040778160095214844e+00 -1.239234733581542969e+01
2.854353904724121094e+00 -9.927790164947509766e-01 -1.243098831176757812e+01
2.729142904281616211e+00 -9.467099308967590332e-01 -1.246781921386718750e+01
2.610713958740234375e+00 -9.044325947761535645e-01 -1.250264358520507812e+01
2.486861705780029297e+00 -8.633732795715332031e-01 -1.253517723083496094e+01
2.360664367675781250e+00 -8.252887725830078125e-01 -1.256423664093017578e+01
2.237366199493408203e+00 -7.891780138015747070e-01 -1.259220981597900391e+01
2.110802888870239258e+00 -7.554991245269775391e-01 -1.261787605285644531e+01
1.979071855545043945e+00 -7.225521802902221680e-01 -1.264249515533447266e+01
1.847955584526062012e+00 -6.914034485816955566e-01 -1.266554450988769531e+01
1.715502738952636719e+00 -6.642221212387084961e-01 -1.268421936035156250e+01
1.576626658439636230e+00 -6.361444592475891113e-01 -1.270442867279052734e+01
1.445149421691894531e+00 -6.096497774124145508e-01 -1.272311019897460938e+01
1.306706547737121582e+00 -5.859501361846923828e-01 -1.274028968811035156e+01
1.169472813606262207e+00 -5.628024935722351074e-01 -1.275577640533447266e+01
1.033436655998229980e+00 -5.419514179229736328e-01 -1.276955127716064453e+01
9.077504873275756836e-01 -5.224489569664001465e-01 -1.278084659576416016e+01
7.763350009918212891e-01 -5.039827227592468262e-01 -1.279117774963378906e+01
6.556198000907897949e-01 -4.897066652774810791e-01 -1.280000114440917969e+01
5.306697487831115723e-01 -4.766877591609954834e-01 -1.280669021606445312e+01
4.098541140556335449e-01 -4.639549255371093750e-01 -1.281278610229492188e+01
2.960125207901000977e-01 -4.528424739837646484e-01 -1.281670379638671875e+01
1.861217319965362549e-01 -4.433323442935943604e-01 -1.281892108917236328e+01
7.713655382394790649e-02 -4.315945506095886230e-01 -1.281676673889160156e+01
-1.964025944471359253e-02 -4.295719563961029053e-01 -1.282659912109375000e+01
-1.154561564326286316e-01 -4.244347810745239258e-01 -1.283034420013427734e+01
-2.132025659084320068e-01 -4.207715988159179688e-01 -1.283084297180175781e+01
-3.100192248821258545e-01 -4.186734557151794434e-01 -1.283210182189941406e+01
-3.999348878860473633e-01 -4.189919829368591309e-01 -1.282893562316894531e+01
-4.930076599121093750e-01 -4.189111888408660889e-01 -1.282766723632812500e+01
-5.848740935325622559e-01 -4.190520048141479492e-01 -1.282724475860595703e+01
-6.829490065574645996e-01 -3.873198032379150391e-01 -1.278974151611328125e+01
-7.807117700576782227e-01 -3.753799796104431152e-01 -1.277959632873535156e+01
-8.737111687660217285e-01 -3.630189299583435059e-01 -1.276852512359619141e+01
-9.540010690689086914e-01 -4.506359994411468506e-01 -1.275137042999267578e+01
-1.053467631340026855e+00 -4.673438668251037598e-01 -1.275301647186279297e+01
-1.150349974632263184e+00 -5.196833610534667969e-01 -1.274853610992431641e+01
-1.240898609161376953e+00 -5.661557316780090332e-01 -1.272387313842773438e+01
-1.327427864074707031e+00 -6.200370788574218750e-01 -1.269908523559570312e+01
-1.446326851844787598e+00 -4.468492567539215088e-01 -1.263255119323730469e+01
-1.534995079040527344e+00 -4.461862146854400635e-01 -1.257322216033935547e+01
-1.591639280319213867e+00 -5.671386122703552246e-01 -1.249470901489257812e+01
-1.724425554275512695e+00 -4.147266447544097900e-01 -1.254610157012939453e+01
-1.837016582489013672e+00 -5.392367839813232422e-01 -1.272889423370361328e+01
-1.881948828697204590e+00 -7.162696719169616699e-01 -1.270678997039794922e+01
-1.963514328002929688e+00 -7.402054071426391602e-01 -1.271452617645263672e+01
-2.045739650726318359e+00 -7.596638202667236328e-01 -1.270675373077392578e+01
-2.050057411193847656e+00 -5.724061727523803711e-01 -1.231672763824462891e+01
-2.196454763412475586e+00 -4.724999070167541504e-01 -1.244662570953369141e+01
-2.315447092056274414e+00 -5.852493643760681152e-01 -1.264516735076904297e+01
-2.296057939529418945e+00 -4.635201692581176758e-01 -1.231357860565185547e+01
-2.350438594818115234e+00 -4.824768304824829102e-01 -1.230177116394042969e+01
-2.436470508575439453e+00 -4.880879521369934082e-01 -1.232520008087158203e+01
-2.554232597351074219e+00 -5.464077591896057129e-01 -1.247058391571044922e+01
-2.607152462005615234e+00 -6.938479542732238770e-01 -1.256967639923095703e+01
-2.630135297775268555e+00 -8.019212484359741211e-01 -1.257546138763427734e+01
-2.637137174606323242e+00 -9.040516018867492676e-01 -1.255473613739013672e+01
-2.623923778533935547e+00 -1.008084535598754883e+00 -1.250498962402343750e+01
-2.613655090332031250e+00 -1.081770896911621094e+00 -1.243601512908935547e+01
-2.767298936843872070e+00 -7.518569827079772949e-01 -1.216736984252929688e+01
-2.716282844543457031e+00 -8.210577368736267090e-01 -1.201885318756103516e+01
-2.690488100051879883e+00 -9.388919472694396973e-01 -1.197563838958740234e+01
-2.864798545837402344e+00 -9.007221460342407227e-01 -1.201514816284179688e+01
-2.741495847702026367e+00 -1.226413846015930176e+00 -1.205921840667724609e+01
-2.798609018325805664e+00 -1.241680979728698730e+00 -1.199285125732421875e+01
-3.010458230972290039e+00 -1.246647953987121582e+00 -1.211675739288330078e+01
-3.069763898849487305e+00 -1.256701946258544922e+00 -1.201889133453369141e+01
-3.113427400588989258e+00 -1.299112319946289062e+00 -1.193448829650878906e+01
-3.156802892684936523e+00 -1.349292635917663574e+00 -1.186332893371582031e+01
-3.210377693176269531e+00 -1.399220943450927734e+00 -1.179927730560302734e+01
-3.244418621063232422e+00 -1.455783128738403320e+00 -1.174845409393310547e+01
-3.306305646896362305e+00 -1.519855141639709473e+00 -1.169590282440185547e+01
-3.360154151916503906e+00 -1.585263371467590332e+00 -1.164272117614746094e+01
-3.422001838684082031e+00 -1.640879988670349121e+00 -1.158584785461425781e+01
-3.475285768508911133e+00 -1.725067615509033203e+00 -1.155934906005859375e+01
-3.534733057022094727e+00 -1.780210971832275391e+00 -1.149376106262207031e+01
-3.595319271087646484e+00 -1.837481379508972168e+00 -1.143555259704589844e+01
-3.655265569686889648e+00 -1.895380973815917969e+00 -1.137650966644287109e+01
-3.715935707092285156e+00 -1.957743525505065918e+00 -1.131325817108154297e+01
-3.770506143569946289e+00 -2.022130966186523438e+00 -1.125527477264404297e+01
-3.824805498123168945e+00 -2.085232019424438477e+00 -1.119769573211669922e+01
-3.880908966064453125e+00 -2.147609949111938477e+00 -1.113917350769042969e+01
-3.934317588806152344e+00 -2.207211256027221680e+00 -1.108023166656494141e+01
-3.989197969436645508e+00 -2.275095701217651367e+00 -1.102079582214355469e+01
-4.042058467864990234e+00 -2.342986345291137695e+00 -1.096202468872070312e+01
-4.096132755279541016e+00 -2.416824102401733398e+00 -1.090047264099121094e+01
-4.148242950439453125e+00 -2.489754915237426758e+00 -1.083938312530517578e+01
-4.193223476409912109e+00 -2.553729295730590820e+00 -1.078281307220458984e+01
-4.244041919708251953e+00 -2.624878883361816406e+00 -1.072191238403320312e+01
-4.297186851501464844e+00 -2.704139232635498047e+00 -1.065782451629638672e+01
-4.351066112518310547e+00 -2.786978244781494141e+00 -1.059126663208007812e+01
-4.405673503875732422e+00 -2.878206253051757812e+00 -1.052359390258789062e+01
-4.459623336791992188e+00 -2.967354536056518555e+00 -1.045504093170166016e+01
-4.512894153594970703e+00 -3.056901693344116211e+00 -1.038681888580322266e+01
-4.566138744354248047e+00 -3.148553609848022461e+00 -1.031900691986083984e+01
-4.622226715087890625e+00 -3.252601385116577148e+00 -1.024798774719238281e+01
-4.674658298492431641e+00 -3.348777294158935547e+00 -1.017931079864501953e+01
-4.727189540863037109e+00 -3.449180603027343750e+00 -1.011172008514404297e+01
-4.777073860168457031e+00 -3.539928674697875977e+00 -1.004397201538085938e+01
-4.821628570556640625e+00 -3.623819112777709961e+00 -9.992168426513671875e+00
-4.869661331176757812e+00 -3.718837022781372070e+00 -9.930735588073730469e+00
-4.917355060577392578e+00 -3.819139003753662109e+00 -9.866502761840820312e+00
-4.963428497314453125e+00 -3.912281036376953125e+00 -9.806744575500488281e+00
-5.009905338287353516e+00 -4.007907390594482422e+00 -9.746655464172363281e+00
-5.053380966186523438e+00 -4.099028587341308594e+00 -9.689675331115722656e+00
-5.095028877258300781e+00 -4.185907840728759766e+00 -9.636894226074218750e+00
-5.135550498962402344e+00 -4.268911361694335938e+00 -9.586285591125488281e+00
-5.175072193145751953e+00 -4.349111557006835938e+00 -9.538084983825683594e+00
-5.214734554290771484e+00 -4.432266712188720703e+00 -9.484169960021972656e+00
-5.251618385314941406e+00 -4.511608123779296875e+00 -9.439599990844726562e+00
-5.287217140197753906e+00 -4.584944725036621094e+00 -9.397974014282226562e+00
-5.322872161865234375e+00 -4.658972263336181641e+00 -9.354656219482421875e+00
-5.358343601226806641e+00 -4.730417728424072266e+00 -9.308368682861328125e+00
-5.395244121551513672e+00 -4.799709320068359375e+00 -9.265211105346679688e+00
-5.429724216461181641e+00 -4.868994712829589844e+00 -9.223450660705566406e+00
-5.464767932891845703e+00 -4.937852859497070312e+00 -9.181584358215332031e+00
-5.502464771270751953e+00 -5.005972862243652344e+00 -9.142035484313964844e+00
-5.540883541107177734e+00 -5.070696353912353516e+00 -9.098925590515136719e+00
-5.579082965850830078e+00 -5.133621215820312500e+00 -9.054547309875488281e+00
-5.617451667785644531e+00 -5.192361831665039062e+00 -9.013088226318359375e+00
-5.657321453094482422e+00 -5.258484363555908203e+00 -8.960285186767578125e+00
-5.702351093292236328e+00 -5.318489551544189453e+00 -8.918076515197753906e+00
-5.750749111175537109e+00 -5.379437446594238281e+00 -8.872017860412597656e+00
-5.791639804840087891e+00 -5.430367469787597656e+00 -8.819522857666015625e+00
-5.844184875488281250e+00 -5.486471652984619141e+00 -8.768709182739257812e+00
-5.891065120697021484e+00 -5.544101715087890625e+00 -8.714410781860351562e+00
-5.944993972778320312e+00 -5.601134300231933594e+00 -8.661911010742187500e+00
-5.998310565948486328e+00 -5.647126197814941406e+00 -8.617944717407226562e+00
-6.059670925140380859e+00 -5.697588920593261719e+00 -8.563250541687011719e+00
-6.121177196502685547e+00 -5.751117706298828125e+00 -8.506480216979980469e+00
-6.184971809387207031e+00 -5.803254604339599609e+00 -8.449076652526855469e+00
-6.243334770202636719e+00 -5.849515914916992188e+00 -8.392616271972656250e+00
-6.313593864440917969e+00 -5.894795417785644531e+00 -8.336033821105957031e+00
-6.391572475433349609e+00 -5.942750930786132812e+00 -8.273045539855957031e+00
-6.467439651489257812e+00 -5.988406658172607422e+00 -8.213262557983398438e+00
-6.543902397155761719e+00 -6.030790328979492188e+00 -8.151918411254882812e+00
-6.624518871307373047e+00 -6.075445652008056641e+00 -8.094023704528808594e+00
-6.702753067016601562e+00 -6.117011070251464844e+00 -8.031249046325683594e+00
-6.785506248474121094e+00 -6.157333850860595703e+00 -7.974768638610839844e+00
-6.866743564605712891e+00 -6.194459438323974609e+00 -7.916645050048828125e+00
-6.948843002319335938e+00 -6.229084968566894531e+00 -7.861173629760742188e+00
-7.029727935791015625e+00 -6.260450363159179688e+00 -7.806805133819580078e+00
-7.115465641021728516e+00 -6.286994457244873047e+00 -7.752494812011718750e+00
-7.198057174682617188e+00 -6.315332889556884766e+00 -7.699843406677246094e+00
-7.279810428619384766e+00 -6.340578079223632812e+00 -7.650842666625976562e+00
-7.361121654510498047e+00 -6.361873149871826172e+00 -7.603130817413330078e+00
-7.438726902008056641e+00 -6.375753402709960938e+00 -7.558172702789306641e+00
-7.518886089324951172e+00 -6.383911609649658203e+00 -7.514893531799316406e+00
-7.603310108184814453e+00 -6.381448745727539062e+00 -7.466224193572998047e+00
-7.684453010559082031e+00 -6.395483016967773438e+00 -7.417217254638671875e+00
-7.762796401977539062e+00 -6.392831325531005859e+00 -7.375502586364746094e+00
-7.836175918579101562e+00 -6.387276172637939453e+00 -7.328088760375976562e+00
-7.912801742553710938e+00 -6.374597549438476562e+00 -7.287150859832763672e+00
-7.984833240509033203e+00 -6.358270168304443359e+00 -7.244058132171630859e+00
-8.055413246154785156e+00 -6.336724758148193359e+00 -7.202594280242919922e+00
-8.120614051818847656e+00 -6.309921741485595703e+00 -7.158885955810546875e+00
-8.184740066528320312e+00 -6.272408008575439453e+00 -7.113753318786621094e+00
-8.244074821472167969e+00 -6.232203960418701172e+00 -7.068406581878662109e+00
-8.297839164733886719e+00 -6.188086986541748047e+00 -7.024342060089111328e+00
-8.346632957458496094e+00 -6.138033866882324219e+00 -6.978630542755126953e+00
-8.398595809936523438e+00 -6.096030235290527344e+00 -6.933490276336669922e+00
-8.439251899719238281e+00 -6.038105964660644531e+00 -6.888226032257080078e+00
-8.471494674682617188e+00 -5.988202095031738281e+00 -6.841151237487792969e+00
-8.506093978881835938e+00 -5.919882774353027344e+00 -6.795889377593994141e+00
-8.538051605224609375e+00 -5.847103595733642578e+00 -6.748869419097900391e+00
-8.568184852600097656e+00 -5.770654678344726562e+00 -6.700820922851562500e+00
-8.603869438171386719e+00 -5.690681457519531250e+00 -6.647067546844482422e+00
-8.631793975830078125e+00 -5.606863498687744141e+00 -6.595933914184570312e+00
-8.658492088317871094e+00 -5.518891334533691406e+00 -6.540755271911621094e+00
-8.689650535583496094e+00 -5.427282333374023438e+00 -6.485047340393066406e+00
-8.723613739013671875e+00 -5.332225322723388672e+00 -6.427040100097656250e+00
-8.760096549987792969e+00 -5.228500366210937500e+00 -6.365785598754882812e+00
-8.802066802978515625e+00 -5.117163181304931641e+00 -6.300542831420898438e+00
-8.851574897766113281e+00 -4.997802257537841797e+00 -6.231312751770019531e+00
-8.908805847167968750e+00 -4.872937679290771484e+00 -6.160585880279541016e+00
-8.978754043579101562e+00 -4.738302707672119141e+00 -6.085887432098388672e+00
-9.062539100646972656e+00 -4.595351219177246094e+00 -6.009006023406982422e+00
-9.161540031433105469e+00 -4.447538852691650391e+00 -5.929136276245117188e+00
-9.277627944946289062e+00 -4.297979354858398438e+00 -5.848598957061767578e+00
-9.412333488464355469e+00 -4.152291774749755859e+00 -5.769777774810791016e+00
-9.562900543212890625e+00 -4.017282962799072266e+00 -5.694518566131591797e+00
-9.721581459045410156e+00 -3.897162914276123047e+00 -5.624932289123535156e+00
-9.878376007080078125e+00 -3.796283483505249023e+00 -5.564841747283935547e+00
-1.001372814178466797e+01 -3.720635652542114258e+00 -5.517850875854492188e+00
-1.013678073883056641e+01 -3.653750419616699219e+00 -5.477416992187500000e+00
-1.025691890716552734e+01 -3.599653959274291992e+00 -5.444101810455322266e+00
-1.039258098602294922e+01 -3.548700809478759766e+00 -5.416057109832763672e+00
2.275502920150756836e+00 1.535273432731628418e+00 -4.859141349792480469e+00
2.417356967926025391e+00 1.540944576263427734e+00 -4.866112709045410156e+00
2.555860996246337891e+00 1.546693086624145508e+00 -4.888454437255859375e+00
2.707669019699096680e+00 1.552106857299804688e+00 -4.925081729888916016e+00
2.886356830596923828e+00 1.555876731872558594e+00 -4.978209972381591797e+00
3.096631288528442383e+00 1.555363655090332031e+00 -5.053045749664306641e+00
3.322319746017456055e+00 1.549121022224426270e+00 -5.145706653594970703e+00
3.552493572235107422e+00 1.534308671951293945e+00 -5.251613616943359375e+00
3.785805940628051758e+00 1.511861681938171387e+00 -5.366476535797119141e+00
4.016853809356689453e+00 1.481936335563659668e+00 -5.483758449554443359e+00
4.245489597320556641e+00 1.446429729461669922e+00 -5.599627017974853516e+00
4.466721057891845703e+00 1.407002687454223633e+00 -5.708377361297607422e+00
4.677594184875488281e+00 1.364270687103271484e+00 -5.806538105010986328e+00
4.871705055236816406e+00 1.320587635040283203e+00 -5.890831947326660156e+00
5.051363468170166016e+00 1.275477647781372070e+00 -5.963770866394042969e+00
5.211375236511230469e+00 1.232521533966064453e+00 -6.024442195892333984e+00
5.350110530853271484e+00 1.193006396293640137e+00 -6.073689460754394531e+00
5.477996826171875000e+00 1.152338862419128418e+00 -6.113383769989013672e+00
5.588732242584228516e+00 1.114822626113891602e+00 -6.146016120910644531e+00
5.687046527862548828e+00 1.079716920852661133e+00 -6.171341896057128906e+00
5.778472900390625000e+00 1.044664144515991211e+00 -6.192847251892089844e+00
5.865525722503662109e+00 1.008329272270202637e+00 -6.208853721618652344e+00
5.947074890136718750e+00 9.724342823028564453e-01 -6.220704555511474609e+00
6.027670860290527344e+00 9.345303177833557129e-01 -6.228665828704833984e+00
6.108242511749267578e+00 8.946627378463745117e-01 -6.233052253723144531e+00
6.194142341613769531e+00 8.489617109298706055e-01 -6.232607364654541016e+00
6.279626846313476562e+00 8.024840950965881348e-01 -6.229940891265869141e+00
6.373351573944091797e+00 7.493265271186828613e-01 -6.223481655120849609e+00
6.476130485534667969e+00 6.904413700103759766e-01 -6.214381217956542969e+00
6.581950664520263672e+00 6.273202896118164062e-01 -6.199436664581298828e+00
6.697597503662109375e+00 5.570837259292602539e-01 -6.179264545440673828e+00
6.822276592254638672e+00 4.782219529151916504e-01 -6.155017375946044922e+00
6.952805995941162109e+00 3.930657804012298584e-01 -6.123569488525390625e+00
7.086051940917968750e+00 3.013565242290496826e-01 -6.086049556732177734e+00
7.223968029022216797e+00 2.050139904022216797e-01 -6.044726848602294922e+00
7.360411643981933594e+00 1.039572432637214661e-01 -5.997498989105224609e+00
7.495117664337158203e+00 1.198718324303627014e-03 -5.945755958557128906e+00
7.624498844146728516e+00 -1.015508472919464111e-01 -5.891837596893310547e+00
7.753691196441650391e+00 -2.099539190530776978e-01 -5.830633640289306641e+00
7.878079414367675781e+00 -3.175772130489349365e-01 -5.766342163085937500e+00
7.997293472290039062e+00 -4.250462353229522705e-01 -5.698297500610351562e+00
8.108948707580566406e+00 -5.289003252983093262e-01 -5.627957820892333984e+00
8.208617210388183594e+00 -6.265789866447448730e-01 -5.553890228271484375e+00
8.304518699645996094e+00 -7.235057353973388672e-01 -5.479222774505615234e+00
8.391924858093261719e+00 -8.140736222267150879e-01 -5.400836467742919922e+00
8.473102569580078125e+00 -9.012742042541503906e-01 -5.320392608642578125e+00
8.545248985290527344e+00 -9.822464585304260254e-01 -5.234683990478515625e+00
8.612172126770019531e+00 -1.057470560073852539e+00 -5.150645732879638672e+00
8.670108795166015625e+00 -1.125356316566467285e+00 -5.067258834838867188e+00
8.720277786254882812e+00 -1.185916185379028320e+00 -4.986464977264404297e+00
8.766515731811523438e+00 -1.243974208831787109e+00 -4.899435043334960938e+00
8.807663917541503906e+00 -1.295786976814270020e+00 -4.816747665405273438e+00
8.842957496643066406e+00 -1.342206120491027832e+00 -4.736301422119140625e+00
8.872943878173828125e+00 -1.385379910469055176e+00 -4.654821395874023438e+00
8.897085189819335938e+00 -1.424046516418457031e+00 -4.574989318847656250e+00
8.917797088623046875e+00 -1.458278298377990723e+00 -4.497127056121826172e+00
8.934221267700195312e+00 -1.490402817726135254e+00 -4.419788360595703125e+00
8.946714401245117188e+00 -1.520093202590942383e+00 -4.339596271514892578e+00
8.954478263854980469e+00 -1.547614336013793945e+00 -4.255418300628662109e+00
8.958440780639648438e+00 -1.573600530624389648e+00 -4.165400028228759766e+00
8.958813667297363281e+00 -1.599211215972900391e+00 -4.069204330444335938e+00
8.954515457153320312e+00 -1.625684857368469238e+00 -3.962244033813476562e+00
8.949790000915527344e+00 -1.655885100364685059e+00 -3.845685720443725586e+00
8.932010650634765625e+00 -1.683438777923583984e+00 -3.708556175231933594e+00
8.910576820373535156e+00 -1.714791059494018555e+00 -3.552775621414184570e+00
8.879683494567871094e+00 -1.751733064651489258e+00 -3.366383552551269531e+00
8.836054801940917969e+00 -1.791150689125061035e+00 -3.155972480773925781e+00
8.774769783020019531e+00 -1.835907101631164551e+00 -2.911626577377319336e+00
8.697600364685058594e+00 -1.885684013366699219e+00 -2.644482612609863281e+00
8.597188949584960938e+00 -1.944564223289489746e+00 -2.357535123825073242e+00
8.468295097351074219e+00 -2.012504339218139648e+00 -2.057231664657592773e+00
8.307865142822265625e+00 -2.095175504684448242e+00 -1.754261612892150879e+00
8.117203712463378906e+00 -2.193738460540771484e+00 -1.460797429084777832e+00
7.896986484527587891e+00 -2.309103250503540039e+00 -1.181576967239379883e+00
7.645222187042236328e+00 -2.441810131072998047e+00 -9.076232314109802246e-01
7.375484943389892578e+00 -2.585999011993408203e+00 -6.494746804237365723e-01
7.098648071289062500e+00 -2.737428665161132812e+00 -4.138300716876983643e-01
6.833044052124023438e+00 -2.889155864715576172e+00 -2.139756083488464355e-01
6.596035480499267578e+00 -3.033383131027221680e+00 -5.464471876621246338e-02
6.382678508758544922e+00 -3.168558835983276367e+00 6.967511773109436035e-02
6.193050384521484375e+00 -3.291777610778808594e+00 1.653101295232772827e-01
6.014563560485839844e+00 -3.409561634063720703e+00 2.413770854473114014e-01
5.813031673431396484e+00 -3.540242910385131836e+00 3.098003566265106201e-01
1.366631507873535156e+00 -5.858198642730712891e+00 1.326848626136779785e+00
1.176815629005432129e+00 -5.890800952911376953e+00 1.343334317207336426e+00
1.007091045379638672e+00 -5.939069747924804688e+00 1.344734072685241699e+00
8.274216651916503906e-01 -6.006652355194091797e+00 1.338668823242187500e+00
6.401177644729614258e-01 -6.084716796875000000e+00 1.326833367347717285e+00
4.445214271545410156e-01 -6.169989109039306641e+00 1.309110164642333984e+00
2.552756965160369873e-01 -6.254384994506835938e+00 1.288336634635925293e+00
7.632134109735488892e-02 -6.334955215454101562e+00 1.265908002853393555e+00
-9.093900024890899658e-02 -6.410516738891601562e+00 1.241189122200012207e+00
-2.419509142637252808e-01 -6.477506637573242188e+00 1.216989755630493164e+00
-3.778010606765747070e-01 -6.537175655364990234e+00 1.191867351531982422e+00
-4.994046986103057861e-01 -6.589375495910644531e+00 1.165650486946105957e+00
-6.131253242492675781e-01 -6.636914253234863281e+00 1.142313361167907715e+00
-7.195273637771606445e-01 -6.679551124572753906e+00 1.113776803016662598e+00
-8.154596686363220215e-01 -6.717376232147216797e+00 1.085749745368957520e+00
-9.052023887634277344e-01 -6.752219676971435547e+00 1.059243083000183105e+00
-9.930827021598815918e-01 -6.785281181335449219e+00 1.030384421348571777e+00
-1.073494553565979004e+00 -6.814074039459228516e+00 1.000679135322570801e+00
-1.153063774108886719e+00 -6.840450763702392578e+00 9.739524126052856445e-01
-1.231513261795043945e+00 -6.858576297760009766e+00 9.238557219505310059e-01
-1.304828286170959473e+00 -6.879829883575439453e+00 8.889248967170715332e-01
-1.374603509902954102e+00 -6.899152278900146484e+00 8.530076146125793457e-01
-1.442066311836242676e+00 -6.917070865631103516e+00 8.162055611610412598e-01
-1.507044911384582520e+00 -6.933298110961914062e+00 7.797837853431701660e-01
-1.565655946731567383e+00 -6.945991516113281250e+00 7.431637644767761230e-01
-1.625423431396484375e+00 -6.953898429870605469e+00 6.923855543136596680e-01
-1.685897469520568848e+00 -6.965194225311279297e+00 6.477030515670776367e-01
-1.741830706596374512e+00 -6.972743511199951172e+00 6.037257909774780273e-01
-1.796847939491271973e+00 -6.979923725128173828e+00 5.594742894172668457e-01
-1.849892139434814453e+00 -6.983665466308593750e+00 5.126714110374450684e-01
-1.901079893112182617e+00 -6.986340045928955078e+00 4.619249999523162842e-01
-1.952476739883422852e+00 -6.989138603210449219e+00 4.083010852336883545e-01
-2.007569551467895508e+00 -6.992305755615234375e+00 3.542714715003967285e-01
-2.062056541442871094e+00 -6.995169162750244141e+00 2.935925722122192383e-01
-2.117315292358398438e+00 -6.997719764709472656e+00 2.274403870105743408e-01
-2.175163507461547852e+00 -6.999876976013183594e+00 1.503965258598327637e-01
-2.242008447647094727e+00 -7.002103328704833984e+00 7.048167288303375244e-02
-2.313011169433593750e+00 -7.004451751708984375e+00 -1.727911084890365601e-02
-2.397997856140136719e+00 -7.008489131927490234e+00 -1.135132312774658203e-01
-2.482152938842773438e+00 -7.010873317718505859e+00 -2.225224822759628296e-01
-2.578714609146118164e+00 -7.013305664062500000e+00 -3.493897616863250732e-01
-2.691987037658691406e+00 -7.015590667724609375e+00 -4.956778585910797119e-01
-2.811418533325195312e+00 -7.018970489501953125e+00 -6.510952711105346680e-01
-2.942515134811401367e+00 -7.023536682128906250e+00 -8.202099800109863281e-01
-3.081434249877929688e+00 -7.032335758209228516e+00 -1.003780961036682129e+00
-3.231264829635620117e+00 -7.041469573974609375e+00 -1.201204657554626465e+00
-3.381460905075073242e+00 -7.054913997650146484e+00 -1.401769042015075684e+00
-3.529992103576660156e+00 -7.072861194610595703e+00 -1.598187565803527832e+00
-3.677937984466552734e+00 -7.091666698455810547e+00 -1.793795228004455566e+00
-3.804048299789428711e+00 -7.133406162261962891e+00 -1.953063130378723145e+00
-3.925982952117919922e+00 -7.172113895416259766e+00 -2.107853174209594727e+00
-4.031692981719970703e+00 -7.224346160888671875e+00 -2.234310150146484375e+00
-4.121704578399658203e+00 -7.288408279418945312e+00 -2.331770896911621094e+00
-4.197475433349609375e+00 -7.363095760345458984e+00 -2.410883188247680664e+00
-4.266035556793212891e+00 -7.446300983428955078e+00 -2.469549655914306641e+00
-4.328125953674316406e+00 -7.529071331024169922e+00 -2.513787746429443359e+00
-4.386540412902832031e+00 -7.615900039672851562e+00 -2.556872129440307617e+00
-4.433887004852294922e+00 -7.691638469696044922e+00 -2.605600833892822266e+00
-4.478295326232910156e+00 -7.749778747558593750e+00 -2.649461030960083008e+00
-4.515714168548583984e+00 -7.791538715362548828e+00 -2.690492153167724609e+00
-4.548617839813232422e+00 -7.813625812530517578e+00 -2.725259065628051758e+00
-4.582769393920898438e+00 -7.821629524230957031e+00 -2.758701324462890625e+00
-4.600551128387451172e+00 -7.819859981536865234e+00 -2.790571451187133789e+00
-4.620360374450683594e+00 -7.803997516632080078e+00 -2.816540718078613281e+00
-4.636152267456054688e+00 -7.778491020202636719e+00 -2.844598293304443359e+00
-4.646571636199951172e+00 -7.736666202545166016e+00 -2.875499248504638672e+00
-4.649752616882324219e+00 -7.680570602416992188e+00 -2.909579753875732422e+00
-4.642745971679687500e+00 -7.599027156829833984e+00 -2.947597980499267578e+00
-4.631700992584228516e+00 -7.507938385009765625e+00 -2.985752582550048828e+00
-4.617902755737304688e+00 -7.404287338256835938e+00 -3.020341634750366211e+00
-4.600560188293457031e+00 -7.292212963104248047e+00 -3.061129570007324219e+00
-4.597791671752929688e+00 -7.179408550262451172e+00 -3.111198186874389648e+00
-4.610409259796142578e+00 -7.064815521240234375e+00 -3.178544998168945312e+00
-4.622946262359619141e+00 -6.952298641204833984e+00 -3.267994880676269531e+00
-4.661847114562988281e+00 -6.830641746520996094e+00 -3.377505779266357422e+00
-4.717966556549072266e+00 -6.709373950958251953e+00 -3.505520582199096680e+00
-4.777750015258789062e+00 -6.572769165039062500e+00 -3.648519039154052734e+00
-4.852049350738525391e+00 -6.446712493896484375e+00 -3.780660152435302734e+00
-4.924984455108642578e+00 -6.321490287780761719e+00 -3.920198440551757812e+00
-4.996686935424804688e+00 -6.202646732330322266e+00 -4.053798675537109375e+00
-5.062497615814208984e+00 -6.095665454864501953e+00 -4.177302837371826172e+00
-5.121038436889648438e+00 -5.997840881347656250e+00 -4.290188789367675781e+00
-5.178322792053222656e+00 -5.910189151763916016e+00 -4.395519733428955078e+00
-5.205863952636718750e+00 -5.824210166931152344e+00 -4.488006114959716797e+00
-5.246353149414062500e+00 -5.746915340423583984e+00 -4.572441101074218750e+00
-5.287229061126708984e+00 -5.673168659210205078e+00 -4.642327308654785156e+00
-5.328617095947265625e+00 -5.601946353912353516e+00 -4.696914196014404297e+00
-5.369459152221679688e+00 -5.531331062316894531e+00 -4.744361877441406250e+00
-5.414093017578125000e+00 -5.470746994018554688e+00 -4.771020889282226562e+00
-5.460667610168457031e+00 -5.417992115020751953e+00 -4.792133331298828125e+00
-5.507927417755126953e+00 -5.352365016937255859e+00 -4.802004337310791016e+00
-5.567295074462890625e+00 -5.299174308776855469e+00 -4.801668167114257812e+00
-5.626717567443847656e+00 -5.247051239013671875e+00 -4.786024570465087891e+00
-5.688057422637939453e+00 -5.200198650360107422e+00 -4.763234138488769531e+00
-5.746887207031250000e+00 -5.152317523956298828e+00 -4.727706432342529297e+00
-5.819574356079101562e+00 -5.119607925415039062e+00 -4.705799579620361328e+00
-5.882816314697265625e+00 -5.080653190612792969e+00 -4.657337188720703125e+00
-5.937970161437988281e+00 -5.054505348205566406e+00 -4.588641643524169922e+00
-5.950124740600585938e+00 -5.005845069885253906e+00 -4.442263603210449219e+00
-6.189373016357421875e+00 -5.158479690551757812e+00 -4.558424472808837891e+00
-6.265831947326660156e+00 -5.172956943511962891e+00 -4.492537498474121094e+00
-6.220827102661132812e+00 -5.086152076721191406e+00 -4.278010368347167969e+00
-6.289157867431640625e+00 -5.082343101501464844e+00 -4.232247352600097656e+00
-6.394886016845703125e+00 -5.107765674591064453e+00 -4.249349594116210938e+00
-6.431919574737548828e+00 -5.068635463714599609e+00 -4.201990127563476562e+00
-6.486918449401855469e+00 -5.037144184112548828e+00 -4.188941001892089844e+00
-6.528598308563232422e+00 -4.991425514221191406e+00 -4.171735286712646484e+00
-6.571916103363037109e+00 -4.943787574768066406e+00 -4.180449962615966797e+00
-6.607021331787109375e+00 -4.883236885070800781e+00 -4.196742057800292969e+00
-6.642359733581542969e+00 -4.815862655639648438e+00 -4.230965137481689453e+00
-6.667636394500732422e+00 -4.745019435882568359e+00 -4.252243518829345703e+00
-6.686092376708984375e+00 -4.655951499938964844e+00 -4.293982982635498047e+00
-6.687975406646728516e+00 -4.555719852447509766e+00 -4.362386226654052734e+00
-6.694516658782958984e+00 -4.454140186309814453e+00 -4.403370857238769531e+00
-6.709578037261962891e+00 -4.346049308776855469e+00 -4.414735317230224609e+00
-6.740616798400878906e+00 -4.228343009948730469e+00 -4.418283939361572266e+00
-6.770847797393798828e+00 -4.104395866394042969e+00 -4.414567947387695312e+00
-6.809025764465332031e+00 -3.975485563278198242e+00 -4.419269561767578125e+00
-6.846313953399658203e+00 -3.841392278671264648e+00 -4.444624900817871094e+00
-6.880700111389160156e+00 -3.697306871414184570e+00 -4.447104454040527344e+00
-6.917243957519531250e+00 -3.559171915054321289e+00 -4.443602561950683594e+00
-6.944249629974365234e+00 -3.423866271972656250e+00 -4.438873291015625000e+00
-6.986793041229248047e+00 -3.307223796844482422e+00 -4.421974658966064453e+00
-7.007061958312988281e+00 -3.186521053314208984e+00 -4.409538269042968750e+00
-7.022473335266113281e+00 -3.074195146560668945e+00 -4.398451805114746094e+00
-7.036823749542236328e+00 -2.963736057281494141e+00 -4.375734329223632812e+00
-7.047063350677490234e+00 -2.856168270111083984e+00 -4.352620601654052734e+00
-7.058764457702636719e+00 -2.753983974456787109e+00 -4.331838607788085938e+00
-7.073019027709960938e+00 -2.652864217758178711e+00 -4.317715167999267578e+00
-7.085725307464599609e+00 -2.561573266983032227e+00 -4.318071365356445312e+00
-7.098268508911132812e+00 -2.476497888565063477e+00 -4.331619262695312500e+00
-7.128197193145751953e+00 -2.405550956726074219e+00 -4.361942768096923828e+00
-7.113839626312255859e+00 -2.333516597747802734e+00 -4.424029350280761719e+00
-7.121612548828125000e+00 -2.272860050201416016e+00 -4.490647792816162109e+00
-7.133944988250732422e+00 -2.214281320571899414e+00 -4.566697597503662109e+00
-7.154804706573486328e+00 -2.172821521759033203e+00 -4.665655136108398438e+00
-7.188984394073486328e+00 -2.143354415893554688e+00 -4.760733127593994141e+00
-7.238265514373779297e+00 -2.128146409988403320e+00 -4.857055664062500000e+00
-7.290673255920410156e+00 -2.110856533050537109e+00 -4.949914455413818359e+00
-7.353001117706298828e+00 -2.109150409698486328e+00 -5.034236431121826172e+00
-7.436006546020507812e+00 -2.117569446563720703e+00 -5.103790283203125000e+00
-7.516263484954833984e+00 -2.129723787307739258e+00 -5.175612449645996094e+00
-7.601830959320068359e+00 -2.145873069763183594e+00 -5.241472244262695312e+00
-7.690413475036621094e+00 -2.160877943038940430e+00 -5.282061100006103516e+00
-7.786727428436279297e+00 -2.185497045516967773e+00 -5.308228492736816406e+00
-7.874168872833251953e+00 -2.186620712280273438e+00 -5.334691524505615234e+00
-7.966100215911865234e+00 -2.207556247711181641e+00 -5.346694469451904297e+00
-8.054258346557617188e+00 -2.225302219390869141e+00 -5.345022678375244141e+00
-8.140125274658203125e+00 -2.224481582641601562e+00 -5.342534542083740234e+00
-8.212581634521484375e+00 -2.207066297531127930e+00 -5.332865238189697266e+00
-8.278324127197265625e+00 -2.180475711822509766e+00 -5.314575195312500000e+00
-8.344262123107910156e+00 -2.192767858505249023e+00 -5.251537799835205078e+00
-8.398064613342285156e+00 -2.191911220550537109e+00 -5.188174724578857422e+00
-8.443098068237304688e+00 -2.196151971817016602e+00 -5.102085590362548828e+00
-8.473891258239746094e+00 -2.192367315292358398e+00 -5.011350631713867188e+00
-8.492929458618164062e+00 -2.175647020339965820e+00 -4.922309875488281250e+00
-8.490277290344238281e+00 -2.150990724563598633e+00 -4.846343517303466797e+00
-8.482621192932128906e+00 -2.101477622985839844e+00 -4.769701480865478516e+00
-8.461471557617187500e+00 -2.018546342849731445e+00 -4.708600521087646484e+00
-8.426403045654296875e+00 -1.951141238212585449e+00 -4.636443614959716797e+00
-8.393883705139160156e+00 -1.872894525527954102e+00 -4.567660808563232422e+00
-8.337793350219726562e+00 -1.788674235343933105e+00 -4.512569904327392578e+00
-8.272715568542480469e+00 -1.699635148048400879e+00 -4.464860439300537109e+00
-8.196335792541503906e+00 -1.610313415527343750e+00 -4.404060840606689453e+00
-8.113647460937500000e+00 -1.513331890106201172e+00 -4.370711803436279297e+00
-8.025014877319335938e+00 -1.409387707710266113e+00 -4.347628593444824219e+00
-7.937380313873291016e+00 -1.305699348449707031e+00 -4.328528881072998047e+00
-7.853409290313720703e+00 -1.199508547782897949e+00 -4.310968399047851562e+00
-7.780613422393798828e+00 -1.090409278869628906e+00 -4.294623374938964844e+00
-7.714526653289794922e+00 -9.710380434989929199e-01 -4.274344444274902344e+00
-7.661674022674560547e+00 -8.406177759170532227e-01 -4.274765014648437500e+00
-7.632341384887695312e+00 -7.048960924148559570e-01 -4.252197265625000000e+00
-7.607982158660888672e+00 -5.612177848815917969e-01 -4.227016925811767578e+00
-7.586191654205322266e+00 -4.099819660186767578e-01 -4.201692104339599609e+00
-7.564786911010742188e+00 -2.503460049629211426e-01 -4.175582885742187500e+00
-7.549458503723144531e+00 -9.348540008068084717e-02 -4.148953437805175781e+00
-7.536045074462890625e+00 6.840775161981582642e-02 -4.122560501098632812e+00
-7.523211479187011719e+00 2.392909377813339233e-01 -4.096185684204101562e+00
-7.511017799377441406e+00 4.107902348041534424e-01 -4.070845603942871094e+00
-7.499059677124023438e+00 5.848144888877868652e-01 -4.045681476593017578e+00
-7.488106727600097656e+00 7.573270201683044434e-01 -4.022655487060546875e+00
-7.477124214172363281e+00 9.385726451873779297e-01 -4.000385761260986328e+00
-7.466475963592529297e+00 1.124850869178771973e+00 -3.979959726333618164e+00
-7.456657886505126953e+00 1.314556002616882324e+00 -3.961008071899414062e+00
-7.448358058929443359e+00 1.504240036010742188e+00 -3.945540428161621094e+00
-7.441540241241455078e+00 1.697140455245971680e+00 -3.932837009429931641e+00
-7.435856819152832031e+00 1.886486649513244629e+00 -3.923187017440795898e+00
-7.432313442230224609e+00 2.076726675033569336e+00 -3.914884328842163086e+00
-7.431105136871337891e+00 2.267594337463378906e+00 -3.909155368804931641e+00
-7.439065933227539062e+00 2.442618131637573242e+00 -3.914786815643310547e+00
-7.446085929870605469e+00 2.618328571319580078e+00 -3.919474124908447266e+00
-7.457520008087158203e+00 2.790203094482421875e+00 -3.926323175430297852e+00
-7.476665019989013672e+00 2.951266765594482422e+00 -3.941398382186889648e+00
-7.501547336578369141e+00 3.100842475891113281e+00 -3.966509580612182617e+00
-7.538528442382812500e+00 3.235924482345581055e+00 -4.001402378082275391e+00
-7.585116863250732422e+00 3.360927581787109375e+00 -4.027501583099365234e+00
-7.647418022155761719e+00 3.474632978439331055e+00 -4.075821399688720703e+00
-7.714855670928955078e+00 3.566164493560791016e+00 -4.122263431549072266e+00
-7.784169197082519531e+00 3.644202947616577148e+00 -4.202900409698486328e+00
-7.798394203186035156e+00 3.706427574157714844e+00 -4.345501899719238281e+00
-8.077174186706542969e+00 3.797332763671875000e+00 -4.084851741790771484e+00
-8.168536186218261719e+00 3.864321231842041016e+00 -4.088459968566894531e+00
-8.253575325012207031e+00 3.929504632949829102e+00 -4.099527835845947266e+00
-7.957660675048828125e+00 3.904138326644897461e+00 -4.675467967987060547e+00
-8.000678062438964844e+00 3.949238538742065430e+00 -4.725131988525390625e+00
-8.452514648437500000e+00 4.084488391876220703e+00 -4.254773616790771484e+00
-8.494929313659667969e+00 4.131437778472900391e+00 -4.319799423217773438e+00
-8.527984619140625000e+00 4.192851066589355469e+00 -4.338786125183105469e+00
-8.309803962707519531e+00 4.163182258605957031e+00 -4.787065029144287109e+00
-8.547623634338378906e+00 4.288348197937011719e+00 -4.512517929077148438e+00
-8.209118843078613281e+00 4.272458076477050781e+00 -4.897773265838623047e+00
-8.231483459472656250e+00 4.342974662780761719e+00 -4.901312828063964844e+00
-8.220255851745605469e+00 4.410715103149414062e+00 -4.910027027130126953e+00
-8.178041458129882812e+00 4.470655441284179688e+00 -4.913432121276855469e+00
-8.520182609558105469e+00 4.624759197235107422e+00 -4.473895549774169922e+00
-8.486832618713378906e+00 4.682865619659423828e+00 -4.410965919494628906e+00
-8.455323219299316406e+00 4.733512401580810547e+00 -4.367757320404052734e+00
-8.426956176757812500e+00 4.743295669555664062e+00 -4.273043155670166016e+00
-7.988627910614013672e+00 4.718777179718017578e+00 -4.827327251434326172e+00
-7.915969371795654297e+00 4.735020160675048828e+00 -4.806355953216552734e+00
-8.218957901000976562e+00 4.921484470367431641e+00 -4.365144252777099609e+00
-7.907403469085693359e+00 4.886765480041503906e+00 -4.665660858154296875e+00
-7.691528797149658203e+00 4.733374118804931641e+00 -4.716621398925781250e+00
-8.023997306823730469e+00 4.980328559875488281e+00 -4.290255069732666016e+00
-8.003459930419921875e+00 4.959090232849121094e+00 -4.180865764617919922e+00
-7.532263278961181641e+00 4.749820232391357422e+00 -4.562609195709228516e+00
-7.485158920288085938e+00 4.754614353179931641e+00 -4.502553939819335938e+00
-7.434241294860839844e+00 4.748876571655273438e+00 -4.439592838287353516e+00
-7.824795722961425781e+00 4.845996379852294922e+00 -3.890967369079589844e+00
-7.761294364929199219e+00 4.818288326263427734e+00 -3.836098670959472656e+00
-7.683203220367431641e+00 4.834842205047607422e+00 -3.815577030181884766e+00
-7.245178222656250000e+00 4.766797542572021484e+00 -4.153913021087646484e+00
-7.180278301239013672e+00 4.739822864532470703e+00 -4.091494560241699219e+00
-7.120180130004882812e+00 4.724247932434082031e+00 -4.015909194946289062e+00
-7.062141418457031250e+00 4.721940517425537109e+00 -3.941490411758422852e+00
-7.271923542022705078e+00 4.761721134185791016e+00 -3.597940921783447266e+00
-7.194766044616699219e+00 4.767576694488525391e+00 -3.546183824539184570e+00
-7.128724098205566406e+00 4.771358966827392578e+00 -3.484102964401245117e+00
-7.064731121063232422e+00 4.751933574676513672e+00 -3.391479492187500000e+00
-6.988960266113281250e+00 4.769883155822753906e+00 -3.349187135696411133e+00
-6.723492145538330078e+00 4.778268337249755859e+00 -3.504166603088378906e+00
-6.701072692871093750e+00 4.779581069946289062e+00 -3.408336877822875977e+00
-6.678307533264160156e+00 4.792843341827392578e+00 -3.321040391921997070e+00
-6.674375057220458984e+00 4.827403545379638672e+00 -3.232540607452392578e+00
-6.640176773071289062e+00 4.865968227386474609e+00 -3.185950994491577148e+00
-6.607795238494873047e+00 4.908711433410644531e+00 -3.148386716842651367e+00
-6.572309494018554688e+00 4.951825618743896484e+00 -3.125216007232666016e+00
-6.545384407043457031e+00 5.008939743041992188e+00 -3.105175733566284180e+00
-6.520497322082519531e+00 5.070091247558593750e+00 -3.091431617736816406e+00
-6.506728649139404297e+00 5.136888027191162109e+00 -3.078664779663085938e+00
-6.489841461181640625e+00 5.213521957397460938e+00 -3.085697889328002930e+00
-6.470819950103759766e+00 5.296395778656005859e+00 -3.086546421051025391e+00
-6.454816818237304688e+00 5.389879226684570312e+00 -3.085285902023315430e+00
-6.434249401092529297e+00 5.490572929382324219e+00 -3.081857442855834961e+00
-6.408137798309326172e+00 5.601191520690917969e+00 -3.074820518493652344e+00
-6.368122100830078125e+00 5.728972434997558594e+00 -3.055347681045532227e+00
-6.322110176086425781e+00 5.873249530792236328e+00 -3.035397291183471680e+00
-6.264224052429199219e+00 6.038053035736083984e+00 -2.999708652496337891e+00
-6.196179866790771484e+00 6.228403568267822266e+00 -2.963080167770385742e+00
-6.121771335601806641e+00 6.439925193786621094e+00 -2.920300245285034180e+00
-6.039818286895751953e+00 6.678398132324218750e+00 -2.870717048645019531e+00
-5.956403732299804688e+00 6.940472602844238281e+00 -2.815343856811523438e+00
-5.878143787384033203e+00 7.213869571685791016e+00 -2.758833885192871094e+00
-5.806320667266845703e+00 7.510179042816162109e+00 -2.693814277648925781e+00
-5.758100032806396484e+00 7.800662040710449219e+00 -2.630035877227783203e+00
-5.735921859741210938e+00 8.073647499084472656e+00 -2.567943334579467773e+00
-5.737990379333496094e+00 8.332533836364746094e+00 -2.507425785064697266e+00
-5.759681701660156250e+00 8.583377838134765625e+00 -2.448872804641723633e+00
-5.800027847290039062e+00 8.826034545898437500e+00 -2.389391899108886719e+00
-5.858351230621337891e+00 9.069939613342285156e+00 -2.323597908020019531e+00
-5.927835464477539062e+00 9.311116218566894531e+00 -2.257290601730346680e+00
-6.002539157867431641e+00 9.538852691650390625e+00 -2.189839363098144531e+00
-6.075699806213378906e+00 9.750533103942871094e+00 -2.137663125991821289e+00
-6.145226955413818359e+00 9.942123413085937500e+00 -2.079082727432250977e+00
-6.206622600555419922e+00 1.010643672943115234e+01 -2.024614572525024414e+00
-6.262798309326171875e+00 1.025292396545410156e+01 -1.978828310966491699e+00
-6.312740325927734375e+00 1.037715816497802734e+01 -1.931941747665405273e+00
-6.357178211212158203e+00 1.048396492004394531e+01 -1.892436504364013672e+00
-6.397768497467041016e+00 1.057985305786132812e+01 -1.865635752677917480e+00
-6.438920497894287109e+00 1.067491340637207031e+01 -1.855589985847473145e+00
-6.476760387420654297e+00 1.075981616973876953e+01 -1.846357345581054688e+00
-6.512181282043457031e+00 1.084352970123291016e+01 -1.856136918067932129e+00
-6.545045852661132812e+00 1.092467498779296875e+01 -1.881764292716979980e+00
-6.574707984924316406e+00 1.100542068481445312e+01 -1.926713705062866211e+00
-6.608467102050781250e+00 1.109211826324462891e+01 -1.981041193008422852e+00
-6.635427474975585938e+00 1.117479228973388672e+01 -2.045396089553833008e+00
-6.656721115112304688e+00 1.125207328796386719e+01 -2.129114866256713867e+00
-6.676739692687988281e+00 1.133073139190673828e+01 -2.216731071472167969e+00
-6.706362724304199219e+00 1.141361713409423828e+01 -2.300302982330322266e+00
-6.733317852020263672e+00 1.149517345428466797e+01 -2.386102199554443359e+00
-6.745896816253662109e+00 1.157610416412353516e+01 -2.474954366683959961e+00
-6.757382869720458984e+00 1.165962982177734375e+01 -2.556731462478637695e+00
-6.795482158660888672e+00 1.173633003234863281e+01 -2.618636369705200195e+00
-6.803899765014648438e+00 1.182329082489013672e+01 -2.682720422744750977e+00
-6.823045253753662109e+00 1.191073703765869141e+01 -2.735041618347167969e+00
-6.863812446594238281e+00 1.198507118225097656e+01 -2.766878604888916016e+00
-6.888873577117919922e+00 1.206559467315673828e+01 -2.782322168350219727e+00
-6.931571006774902344e+00 1.213264560699462891e+01 -2.787759542465209961e+00
-6.970523357391357422e+00 1.219694423675537109e+01 -2.783294439315795898e+00
-7.021014690399169922e+00 1.225634002685546875e+01 -2.763252258300781250e+00
-7.049632072448730469e+00 1.231288337707519531e+01 -2.734802961349487305e+00
-7.131306648254394531e+00 1.234439277648925781e+01 -2.681833505630493164e+00
-7.160060405731201172e+00 1.239001560211181641e+01 -2.626801013946533203e+00
-7.215981960296630859e+00 1.240309715270996094e+01 -2.551102876663208008e+00
-7.255317687988281250e+00 1.241752624511718750e+01 -2.464187860488891602e+00
-7.287680149078369141e+00 1.243414497375488281e+01 -2.371030569076538086e+00
-7.268759727478027344e+00 1.246275997161865234e+01 -2.290594577789306641e+00
-7.240561485290527344e+00 1.250159549713134766e+01 -2.205471992492675781e+00
-7.208239555358886719e+00 1.252253437042236328e+01 -2.109691858291625977e+00
-7.211785793304443359e+00 1.251331233978271484e+01 -1.987436652183532715e+00
-7.162704467773437500e+00 1.253086566925048828e+01 -1.886997222900390625e+00
-7.100427150726318359e+00 1.255111885070800781e+01 -1.797651052474975586e+00
-7.039222717285156250e+00 1.256777000427246094e+01 -1.696463823318481445e+00
-6.977724075317382812e+00 1.257835197448730469e+01 -1.593549847602844238e+00
-6.913978099822998047e+00 1.259472751617431641e+01 -1.495247483253479004e+00
-6.836284160614013672e+00 1.261437320709228516e+01 -1.401394128799438477e+00
-6.755630970001220703e+00 1.263910007476806641e+01 -1.312168478965759277e+00
-6.673648834228515625e+00 1.266749000549316406e+01 -1.225719213485717773e+00
-6.589776515960693359e+00 1.270343112945556641e+01 -1.146625757217407227e+00
-6.511637687683105469e+00 1.274390983581542969e+01 -1.063836216926574707e+00
-6.415438175201416016e+00 1.279362297058105469e+01 -1.004984617233276367e+00
-6.322229385375976562e+00 1.284275245666503906e+01 -9.459115862846374512e-01
-6.234475135803222656e+00 1.288692378997802734e+01 -8.980145454406738281e-01
-6.144737243652343750e+00 1.294485759735107422e+01 -8.563277721405029297e-01
-6.045812129974365234e+00 1.300054454803466797e+01 -8.257502913475036621e-01
-5.947869777679443359e+00 1.305630874633789062e+01 -8.001074194908142090e-01
-5.845832347869873047e+00 1.310857009887695312e+01 -7.784001827239990234e-01
-5.741816520690917969e+00 1.316352844238281250e+01 -7.716706991195678711e-01
-5.637889385223388672e+00 1.321777534484863281e+01 -7.720669507980346680e-01
-5.528128147125244141e+00 1.327168846130371094e+01 -7.753100395202636719e-01
-5.418718338012695312e+00 1.332068538665771484e+01 -7.890861034393310547e-01
-5.299818515777587891e+00 1.337445068359375000e+01 -8.147042393684387207e-01
-5.175212860107421875e+00 1.342538356781005859e+01 -8.438553214073181152e-01
-5.042095184326171875e+00 1.347831153869628906e+01 -8.807750940322875977e-01
-4.911108016967773438e+00 1.352445888519287109e+01 -9.190801382064819336e-01
-4.767951965332031250e+00 1.357231235504150391e+01 -9.740187525749206543e-01
-4.614185333251953125e+00 1.362113666534423828e+01 -1.034634947776794434e+00
-4.456480503082275391e+00 1.366384506225585938e+01 -1.104362249374389648e+00
-4.298788547515869141e+00 1.368568611145019531e+01 -1.185120940208435059e+00
-4.139991283416748047e+00 1.371375751495361328e+01 -1.267798304557800293e+00
-3.978233575820922852e+00 1.373550128936767578e+01 -1.356104135513305664e+00
-3.820219755172729492e+00 1.375305175781250000e+01 -1.442284822463989258e+00
-3.671261072158813477e+00 1.376415920257568359e+01 -1.530569314956665039e+00
-3.534136533737182617e+00 1.377210617065429688e+01 -1.615924596786499023e+00
-3.410072803497314453e+00 1.377880477905273438e+01 -1.684855818748474121e+00
-3.292510509490966797e+00 1.377800655364990234e+01 -1.762525320053100586e+00
-3.179368972778320312e+00 1.377940273284912109e+01 -1.828595995903015137e+00
-3.075344085693359375e+00 1.377108478546142578e+01 -1.891119122505187988e+00
-2.980340242385864258e+00 1.376277923583984375e+01 -1.948924422264099121e+00
-2.893376111984252930e+00 1.374827003479003906e+01 -2.002005338668823242e+00
-2.816106081008911133e+00 1.372264480590820312e+01 -2.053446054458618164e+00
-2.754139184951782227e+00 1.369437789916992188e+01 -2.104761362075805664e+00
-2.708558082580566406e+00 1.365630435943603516e+01 -2.155636548995971680e+00
-2.674917697906494141e+00 1.361680030822753906e+01 -2.199472188949584961e+00
-2.652776002883911133e+00 1.357061004638671875e+01 -2.230117559432983398e+00
-2.647714138031005859e+00 1.353475189208984375e+01 -2.254409313201904297e+00
-2.649968147277832031e+00 1.348574352264404297e+01 -2.275489091873168945e+00
-2.663195848464965820e+00 1.343112087249755859e+01 -2.289966583251953125e+00
-2.689042329788208008e+00 1.337266349792480469e+01 -2.297382593154907227e+00
-2.728380441665649414e+00 1.330697822570800781e+01 -2.296037912368774414e+00
-2.779280900955200195e+00 1.323554801940917969e+01 -2.286427974700927734e+00
-2.832139968872070312e+00 1.316380977630615234e+01 -2.268867969512939453e+00
-2.905360698699951172e+00 1.308804512023925781e+01 -2.234658718109130859e+00
-2.981281757354736328e+00 1.300632858276367188e+01 -2.192233800888061523e+00
-3.070741891860961914e+00 1.292806434631347656e+01 -2.137836217880249023e+00
-3.167772531509399414e+00 1.283856201171875000e+01 -2.082928180694580078e+00
-3.275482416152954102e+00 1.274490165710449219e+01 -2.015261411666870117e+00
-3.392108201980590820e+00 1.264141845703125000e+01 -1.941543102264404297e+00
-3.516637086868286133e+00 1.252908325195312500e+01 -1.861436367034912109e+00
-3.651133775711059570e+00 1.241172981262207031e+01 -1.770676374435424805e+00
-3.787824869155883789e+00 1.229318332672119141e+01 -1.678694367408752441e+00
-3.921496391296386719e+00 1.216900634765625000e+01 -1.585921764373779297e+00
-4.055400371551513672e+00 1.206335926055908203e+01 -1.481267690658569336e+00
-4.182044029235839844e+00 1.196731472015380859e+01 -1.374829173088073730e+00
-4.304751396179199219e+00 1.187873363494873047e+01 -1.270092368125915527e+00
-4.415404796600341797e+00 1.180012893676757812e+01 -1.170980215072631836e+00
-4.519496440887451172e+00 1.172606945037841797e+01 -1.074034214019775391e+00
-4.614485740661621094e+00 1.166034030914306641e+01 -9.806287884712219238e-01
-4.703480720520019531e+00 1.159875774383544922e+01 -8.896005153656005859e-01
-4.776150703430175781e+00 1.154187393188476562e+01 -7.956522107124328613e-01
-4.841588020324707031e+00 1.149017429351806641e+01 -7.105418443679809570e-01
-4.892897605895996094e+00 1.144058036804199219e+01 -6.236336827278137207e-01
-4.936655044555664062e+00 1.139427947998046875e+01 -5.409607291221618652e-01
-4.965990543365478516e+00 1.135111904144287109e+01 -4.574295282363891602e-01
-4.991512298583984375e+00 1.130930519104003906e+01 -3.746558129787445068e-01
-4.993826389312744141e+00 1.127427482604980469e+01 -3.070126175880432129e-01
-4.983941078186035156e+00 1.124580574035644531e+01 -2.401779890060424805e-01
-4.963430404663085938e+00 1.122294235229492188e+01 -1.803194582462310791e-01
-4.921207427978515625e+00 1.119182968139648438e+01 -1.473366469144821167e-01
-4.878347873687744141e+00 1.118617534637451172e+01 -9.840502589941024780e-02
-4.822425365447998047e+00 1.118022060394287109e+01 -5.745363980531692505e-02
-4.758424758911132812e+00 1.117397880554199219e+01 -2.390292473137378693e-02
-4.687597274780273438e+00 1.119194507598876953e+01 1.766935549676418304e-02
-4.601179599761962891e+00 1.120202350616455078e+01 3.353312611579895020e-02
-4.503021717071533203e+00 1.119471549987792969e+01 3.241552039980888367e-02
-4.396504878997802734e+00 1.121080017089843750e+01 2.873442694544792175e-02
-4.284337043762207031e+00 1.123051357269287109e+01 2.052280493080615997e-02
-4.158400535583496094e+00 1.124655437469482422e+01 1.416483521461486816e-02
-4.028820037841796875e+00 1.126720333099365234e+01 -5.081570707261562347e-03
-3.894243955612182617e+00 1.129029846191406250e+01 -2.112970501184463501e-02
-3.739213705062866211e+00 1.131396770477294922e+01 -3.823706880211830139e-02
-3.579591512680053711e+00 1.134045028686523438e+01 -5.382630228996276855e-02
-3.416568040847778320e+00 1.136667919158935547e+01 -6.598947197198867798e-02
-3.249416828155517578e+00 1.139313507080078125e+01 -7.894191145896911621e-02
-3.092659950256347656e+00 1.142358875274658203e+01 -8.734793215990066528e-02
-2.944180727005004883e+00 1.145400714874267578e+01 -9.417626261711120605e-02
-2.810863256454467773e+00 1.148790645599365234e+01 -9.367982298135757446e-02
-2.688261985778808594e+00 1.152416515350341797e+01 -8.960969001054763794e-02
-2.572265863418579102e+00 1.155162620544433594e+01 -8.937009423971176147e-02
-2.466478347778320312e+00 1.159711551666259766e+01 -8.083175867795944214e-02
-2.371495962142944336e+00 1.162448406219482422e+01 -7.937861233949661255e-02
-2.279615402221679688e+00 1.164957904815673828e+01 -8.351469784975051880e-02
-2.199450969696044922e+00 1.165811443328857422e+01 -1.017650663852691650e-01
-2.117518901824951172e+00 1.166700935363769531e+01 -1.197799071669578552e-01
-2.050955772399902344e+00 1.165607261657714844e+01 -1.280490905046463013e-01
-1.987187981605529785e+00 1.164604949951171875e+01 -1.568765491247177124e-01
-1.930706501007080078e+00 1.162332916259765625e+01 -1.911073029041290283e-01
-1.885768413543701172e+00 1.159041213989257812e+01 -2.314151972532272339e-01
-1.847127437591552734e+00 1.154016590118408203e+01 -2.667804658412933350e-01
-1.812342762947082520e+00 1.148228740692138672e+01 -3.063172101974487305e-01
-1.787121415138244629e+00 1.142302703857421875e+01 -3.535021841526031494e-01
-1.777032852172851562e+00 1.132543373107910156e+01 -3.852447271347045898e-01
-1.772289633750915527e+00 1.126559543609619141e+01 -4.531085491180419922e-01
-1.784111618995666504e+00 1.116723918914794922e+01 -4.999732077121734619e-01
-1.770950078964233398e+00 1.112407398223876953e+01 -5.814902782440185547e-01
-1.777334332466125488e+00 1.106723690032958984e+01 -6.655762791633605957e-01
-1.776814222335815430e+00 1.101184272766113281e+01 -7.436963319778442383e-01
-1.758655786514282227e+00 1.095908260345458984e+01 -8.221527338027954102e-01
-1.740135788917541504e+00 1.091440391540527344e+01 -9.049918055534362793e-01
-1.703366398811340332e+00 1.086633777618408203e+01 -9.640575051307678223e-01
-1.672691345214843750e+00 1.082393169403076172e+01 -1.045879483222961426e+00
-1.635447382926940918e+00 1.078142547607421875e+01 -1.126795172691345215e+00
-1.592414617538452148e+00 1.073600959777832031e+01 -1.209021210670471191e+00
-1.548663020133972168e+00 1.068762111663818359e+01 -1.289629220962524414e+00
-1.497915744781494141e+00 1.064152717590332031e+01 -1.371138334274291992e+00
-1.444659233093261719e+00 1.059429073333740234e+01 -1.453054428100585938e+00
-1.390183329582214355e+00 1.054259872436523438e+01 -1.535589814186096191e+00
-1.328699588775634766e+00 1.048895072937011719e+01 -1.617660880088806152e+00
-1.262226462364196777e+00 1.043487834930419922e+01 -1.695748090744018555e+00
-1.187614798545837402e+00 1.037867736816406250e+01 -1.776629805564880371e+00
-1.107963562011718750e+00 1.031354618072509766e+01 -1.853752374649047852e+00
-1.022166490554809570e+00 1.025061130523681641e+01 -1.930656194686889648e+00
-9.320428371429443359e-01 1.018523883819580078e+01 -2.003032684326171875e+00
-8.361040949821472168e-01 1.011813545227050781e+01 -2.071101427078247070e+00
-7.444294095039367676e-01 1.005291271209716797e+01 -2.132886886596679688e+00
-6.516098976135253906e-01 9.991908073425292969e+00 -2.185595512390136719e+00
-5.572271943092346191e-01 9.929968833923339844e+00 -2.233905792236328125e+00
-4.626994431018829346e-01 9.869848251342773438e+00 -2.274548768997192383e+00
-3.741904497146606445e-01 9.815483093261718750e+00 -2.307529926300048828e+00
-2.893375158309936523e-01 9.764599800109863281e+00 -2.332931041717529297e+00
-2.088865190744400024e-01 9.716731071472167969e+00 -2.350748062133789062e+00
-1.276417523622512817e-01 9.672464370727539062e+00 -2.361084222793579102e+00
-5.169428139925003052e-02 9.632705688476562500e+00 -2.368342638015747070e+00
2.357194200158119202e-02 9.593606948852539062e+00 -2.368777990341186523e+00
9.311233460903167725e-02 9.561055183410644531e+00 -2.355318307876586914e+00
1.751842945814132690e-01 9.525266647338867188e+00 -2.346235990524291992e+00
2.639447450637817383e-01 9.488653182983398438e+00 -2.330148458480834961e+00
3.610868155956268311e-01 9.451649665832519531e+00 -2.309438228607177734e+00
4.695674180984497070e-01 9.411902427673339844e+00 -2.282129764556884766e+00
5.839071273803710938e-01 9.369191169738769531e+00 -2.258831501007080078e+00
7.243598699569702148e-01 9.322015762329101562e+00 -2.212846755981445312e+00
8.876041769981384277e-01 9.270411491394042969e+00 -2.158463478088378906e+00
1.065639257431030273e+00 9.212593078613281250e+00 -2.094659805297851562e+00
1.268095254898071289e+00 9.149849891662597656e+00 -2.018885374069213867e+00
1.483327269554138184e+00 9.080947875976562500e+00 -1.934420347213745117e+00
1.719203352928161621e+00 9.005818367004394531e+00 -1.836706280708312988e+00
1.970436453819274902e+00 8.924119949340820312e+00 -1.729305386543273926e+00
2.228669643402099609e+00 8.837642669677734375e+00 -1.615738749504089355e+00
2.511628150939941406e+00 8.744070053100585938e+00 -1.492601394653320312e+00
2.804755449295043945e+00 8.648884773254394531e+00 -1.365600705146789551e+00
3.097995519638061523e+00 8.557026863098144531e+00 -1.245787978172302246e+00
3.387800931930541992e+00 8.471667289733886719e+00 -1.137171864509582520e+00
3.679282426834106445e+00 8.391242027282714844e+00 -1.040267944335937500e+00
3.958114862442016602e+00 8.318361282348632812e+00 -9.614937901496887207e-01
4.227555751800537109e+00 8.249664306640625000e+00 -8.940379619598388672e-01
4.483228683471679688e+00 8.185759544372558594e+00 -8.386387228965759277e-01
4.724393844604492188e+00 8.124299049377441406e+00 -7.984203100204467773e-01
4.945522785186767578e+00 8.066407203674316406e+00 -7.681176662445068359e-01
5.146536827087402344e+00 8.012796401977539062e+00 -7.482653856277465820e-01
5.323834896087646484e+00 7.963230133056640625e+00 -7.371190190315246582e-01
5.478485584259033203e+00 7.920167446136474609e+00 -7.328532338142395020e-01
5.610242366790771484e+00 7.881419658660888672e+00 -7.303890585899353027e-01
5.730105876922607422e+00 7.844460487365722656e+00 -7.314388751983642578e-01
5.837523937225341797e+00 7.809722423553466797e+00 -7.342708110809326172e-01
5.934652328491210938e+00 7.777187824249267578e+00 -7.376089096069335938e-01
6.027160167694091797e+00 7.744828701019287109e+00 -7.419136762619018555e-01
6.115844726562500000e+00 7.711929321289062500e+00 -7.448477149009704590e-01
6.203330993652343750e+00 7.677857875823974609e+00 -7.483718395233154297e-01
6.288137435913085938e+00 7.642302989959716797e+00 -7.511083483695983887e-01
6.379900932312011719e+00 7.602972030639648438e+00 -7.531307339668273926e-01
6.475380420684814453e+00 7.560734748840332031e+00 -7.541620731353759766e-01
6.581891059875488281e+00 7.511345386505126953e+00 -7.540445327758789062e-01
6.695435523986816406e+00 7.457698345184326172e+00 -7.524213194847106934e-01
6.824090957641601562e+00 7.396275520324707031e+00 -7.493175864219665527e-01
6.956760406494140625e+00 7.330379962921142578e+00 -7.438355684280395508e-01
7.096518516540527344e+00 7.260327816009521484e+00 -7.365197539329528809e-01
7.248156070709228516e+00 7.182368278503417969e+00 -7.275777459144592285e-01
7.408964633941650391e+00 7.098278999328613281e+00 -7.153832912445068359e-01
7.579952239990234375e+00 7.007810592651367188e+00 -7.013080716133117676e-01
7.748554706573486328e+00 6.918150424957275391e+00 -6.855674386024475098e-01
7.925590991973876953e+00 6.820210456848144531e+00 -6.667841672897338867e-01
8.107107162475585938e+00 6.723495960235595703e+00 -6.466725468635559082e-01
8.286119461059570312e+00 6.626801490783691406e+00 -6.252350211143493652e-01
8.459069252014160156e+00 6.532794475555419922e+00 -6.049518585205078125e-01
8.635458946228027344e+00 6.436935901641845703e+00 -5.831527709960937500e-01
8.802077293395996094e+00 6.343852519989013672e+00 -5.615049004554748535e-01
8.957765579223632812e+00 6.256734848022460938e+00 -5.416375398635864258e-01
9.117172241210937500e+00 6.167394638061523438e+00 -5.204478502273559570e-01
9.263649940490722656e+00 6.081031322479248047e+00 -5.006135106086730957e-01
9.406516075134277344e+00 5.997919082641601562e+00 -4.804933071136474609e-01
9.534737586975097656e+00 5.918756484985351562e+00 -4.621250033378601074e-01
9.658353805541992188e+00 5.842871189117431641e+00 -4.445779919624328613e-01
9.770695686340332031e+00 5.771205902099609375e+00 -4.268526136875152588e-01
9.880670547485351562e+00 5.701219081878662109e+00 -4.073514938354492188e-01
9.980949401855468750e+00 5.634563446044921875e+00 -3.892550170421600342e-01
1.007036590576171875e+01 5.577268600463867188e+00 -3.721562623977661133e-01
1.015251255035400391e+01 5.519638538360595703e+00 -3.518706262111663818e-01
1.023516464233398438e+01 5.467234134674072266e+00 -3.280406594276428223e-01
1.031135272979736328e+01 5.392922878265380859e+00 -3.492500782012939453e-01
1.038547039031982422e+01 5.342092514038085938e+00 -3.348260223865509033e-01
1.045665359497070312e+01 5.294357299804687500e+00 -3.157210648059844971e-01
1.052741336822509766e+01 5.249837398529052734e+00 -2.918831408023834229e-01
1.059394931793212891e+01 5.209712028503417969e+00 -2.831664979457855225e-01
1.064907646179199219e+01 5.151412010192871094e+00 -3.014531135559082031e-01
1.072776985168457031e+01 5.118669986724853516e+00 -2.734844386577606201e-01
1.076511955261230469e+01 5.073478221893310547e+00 -1.678612232208251953e-01
1.080336761474609375e+01 5.025348186492919922e+00 -1.034788861870765686e-01
1.084198760986328125e+01 4.903303146362304688e+00 -3.796719908714294434e-01
1.086483192443847656e+01 4.829692840576171875e+00 -3.861170113086700439e-01
1.089027595520019531e+01 4.760272502899169922e+00 -3.781310915946960449e-01
1.103453159332275391e+01 4.827845096588134766e+00 -9.768644720315933228e-02
1.106212902069091797e+01 4.697146892547607422e+00 -2.965866327285766602e-01
1.112186336517333984e+01 4.680778980255126953e+00 -1.321690529584884644e-01
1.111549186706542969e+01 4.629962921142578125e+00 -1.020248164422810078e-03
1.107186698913574219e+01 4.440823554992675781e+00 -2.919855117797851562e-01
1.110905551910400391e+01 4.453679084777832031e+00 4.338991641998291016e-02
1.112422370910644531e+01 4.372206211090087891e+00 6.695309281349182129e-02
1.118272876739501953e+01 4.301620483398437500e+00 7.760751247406005859e-02
1.121725177764892578e+01 4.150585651397705078e+00 -1.946727633476257324e-01
1.124225711822509766e+01 4.073203563690185547e+00 -1.480132192373275757e-01
1.125847911834716797e+01 4.000160694122314453e+00 -5.029026418924331665e-02
1.129550266265869141e+01 3.932725191116333008e+00 4.316213726997375488e-02
1.130782985687255859e+01 3.836361646652221680e+00 4.787403345108032227e-02
1.132064342498779297e+01 3.731418371200561523e+00 3.140249475836753845e-02
1.134119510650634766e+01 3.651492118835449219e+00 1.110655739903450012e-01
1.134152412414550781e+01 3.556557416915893555e+00 1.497118622064590454e-01
1.135487556457519531e+01 3.456770658493041992e+00 1.580293178558349609e-01
1.136497211456298828e+01 3.356286287307739258e+00 1.650821566581726074e-01
1.140174102783203125e+01 3.264826536178588867e+00 1.876628100872039795e-01
1.138772296905517578e+01 3.199079513549804688e+00 3.053387105464935303e-01
1.140898418426513672e+01 3.118350505828857422e+00 3.397277295589447021e-01
1.141074466705322266e+01 3.034032583236694336e+00 3.530283272266387939e-01
1.141056728363037109e+01 2.953582286834716797e+00 4.080788493156433105e-01
1.140177536010742188e+01 2.837763309478759766e+00 3.445100784301757812e-01
1.140017700195312500e+01 2.749660253524780273e+00 3.564630448818206787e-01
1.139148902893066406e+01 2.663107633590698242e+00 3.675327897071838379e-01
1.138345050811767578e+01 2.574246644973754883e+00 3.662746846675872803e-01
1.140361785888671875e+01 2.503423929214477539e+00 4.484727680683135986e-01
1.136407947540283203e+01 2.450080394744873047e+00 5.693529844284057617e-01
1.134303379058837891e+01 2.371551513671875000e+00 5.948047041893005371e-01
1.133000373840332031e+01 2.296364545822143555e+00 6.172069311141967773e-01
1.130185699462890625e+01 2.215756177902221680e+00 6.310219764709472656e-01
1.130996036529541016e+01 2.108383417129516602e+00 5.353062748908996582e-01
1.127935886383056641e+01 2.023303270339965820e+00 5.230873823165893555e-01
1.124607563018798828e+01 1.946971178054809570e+00 5.515030622482299805e-01
1.121457576751708984e+01 1.883419871330261230e+00 6.246554851531982422e-01
1.120720767974853516e+01 1.798882961273193359e+00 6.342648863792419434e-01
1.121350765228271484e+01 1.708635449409484863e+00 6.666092872619628906e-01
1.118208408355712891e+01 1.642716169357299805e+00 7.455371618270874023e-01
1.115704822540283203e+01 1.565064668655395508e+00 7.531040906906127930e-01
1.112320804595947266e+01 1.482189297676086426e+00 7.521901130676269531e-01
1.108360004425048828e+01 1.401576876640319824e+00 7.577424049377441406e-01
1.105472850799560547e+01 1.307562470436096191e+00 7.265508174896240234e-01
1.101189327239990234e+01 1.230333924293518066e+00 7.535147666931152344e-01
1.098760604858398438e+01 1.148520350456237793e+00 7.350475788116455078e-01
1.093541336059570312e+01 1.072168469429016113e+00 7.531447410583496094e-01
1.088069725036621094e+01 9.908847212791442871e-01 7.655868530273437500e-01
1.084016227722167969e+01 9.054813385009765625e-01 8.034235239028930664e-01
1.078868293762207031e+01 8.304129838943481445e-01 8.172950148582458496e-01
1.074271011352539062e+01 7.384919524192810059e-01 8.168234825134277344e-01
1.068935012817382812e+01 6.517231464385986328e-01 8.129824995994567871e-01
1.063378906250000000e+01 5.678268671035766602e-01 8.182749748229980469e-01
1.058032608032226562e+01 4.838127493858337402e-01 8.214635848999023438e-01
1.052865886688232422e+01 4.036354720592498779e-01 8.267168998718261719e-01
1.040732002258300781e+01 3.620838522911071777e-01 8.666248917579650879e-01
1.035622406005859375e+01 2.843329012393951416e-01 8.746683001518249512e-01
1.031709098815917969e+01 2.002232521772384644e-01 8.719545602798461914e-01
1.031068515777587891e+01 1.114405915141105652e-01 9.036357998847961426e-01
1.028381824493408203e+01 3.031945973634719849e-02 8.945056796073913574e-01
1.025385475158691406e+01 -4.722864180803298950e-02 8.480805754661560059e-01
1.022477912902832031e+01 -1.159945875406265259e-01 8.404144048690795898e-01
1.019279861450195312e+01 -1.774921417236328125e-01 8.245358467102050781e-01
1.016194438934326172e+01 -2.300269901752471924e-01 8.248554468154907227e-01
1.012483596801757812e+01 -2.719093263149261475e-01 8.285717368125915527e-01
1.008643341064453125e+01 -3.074062466621398926e-01 8.356466889381408691e-01
1.004294013977050781e+01 -3.315410017967224121e-01 8.447899818420410156e-01
9.994658470153808594e+00 -3.493491113185882568e-01 8.645404577255249023e-01
9.934784889221191406e+00 -3.612044155597686768e-01 8.906789422035217285e-01
9.871068000793457031e+00 -3.664409816265106201e-01 9.190804362297058105e-01
9.801821708679199219e+00 -3.746888935565948486e-01 9.453024864196777344e-01
9.728378295898437500e+00 -3.946920335292816162e-01 9.732373952865600586e-01
9.644614219665527344e+00 -4.174656569957733154e-01 1.001318931579589844e+00
9.543938636779785156e+00 -4.585541188716888428e-01 1.029983520507812500e+00
9.423495292663574219e+00 -5.207668542861938477e-01 1.063240289688110352e+00
9.275833129882812500e+00 -6.080395579338073730e-01 1.102988362312316895e+00
9.094379425048828125e+00 -7.144699096679687500e-01 1.151855826377868652e+00
8.863008499145507812e+00 -8.467487096786499023e-01 1.216048598289489746e+00
8.582333564758300781e+00 -1.009237527847290039e+00 1.293991088867187500e+00
8.237959861755371094e+00 -1.194490790367126465e+00 1.394590258598327637e+00
7.830040454864501953e+00 -1.413747787475585938e+00 1.515126228332519531e+00
7.398324966430664062e+00 -1.663310885429382324e+00 1.647427320480346680e+00
6.948044300079345703e+00 -1.920890927314758301e+00 1.778260111808776855e+00
6.514295101165771484e+00 -2.184620380401611328e+00 1.896894097328186035e+00
6.102305889129638672e+00 -2.455966472625732422e+00 1.994786500930786133e+00
5.712003231048583984e+00 -2.725385904312133789e+00 2.066105127334594727e+00
5.337163925170898438e+00 -2.980072259902954102e+00 2.121198415756225586e+00
4.987413406372070312e+00 -3.221292257308959961e+00 2.154963254928588867e+00
4.650196075439453125e+00 -3.451712608337402344e+00 2.172112941741943359e+00
4.328923702239990234e+00 -3.670056104660034180e+00 2.168317556381225586e+00
4.031195163726806641e+00 -3.859720706939697266e+00 2.150016069412231445e+00
3.756256818771362305e+00 -4.024546146392822266e+00 2.115463495254516602e+00
3.515092372894287109e+00 -4.155768871307373047e+00 2.071286678314208984e+00
3.306801319122314453e+00 -4.256968498229980469e+00 2.019123792648315430e+00
3.127579450607299805e+00 -4.331011772155761719e+00 1.964725732803344727e+00
2.974247694015502930e+00 -4.381269931793212891e+00 1.909054636955261230e+00
2.840749979019165039e+00 -4.411348819732666016e+00 1.852532744407653809e+00
2.726533174514770508e+00 -4.417683124542236328e+00 1.794033765792846680e+00
2.628283977508544922e+00 -4.409683227539062500e+00 1.737444877624511719e+00
2.532933712005615234e+00 -4.388259410858154297e+00 1.681842207908630371e+00
2.448271512985229492e+00 -4.348191261291503906e+00 1.621353626251220703e+00
2.364721059799194336e+00 -4.293955802917480469e+00 1.558143019676208496e+00
2.277098417282104492e+00 -4.219512462615966797e+00 1.487708091735839844e+00
2.186316967010498047e+00 -4.126471996307373047e+00 1.410676121711730957e+00
2.087852239608764648e+00 -4.011695384979248047e+00 1.324271917343139648e+00
1.983265399932861328e+00 -3.878403186798095703e+00 1.227902650833129883e+00
1.872192859649658203e+00 -3.725625991821289062e+00 1.123790144920349121e+00
1.756505966186523438e+00 -3.551716327667236328e+00 1.010203480720520020e+00
1.646692276000976562e+00 -3.368701219558715820e+00 8.906440138816833496e-01
1.546956181526184082e+00 -3.182022809982299805e+00 7.669197320938110352e-01
1.462537050247192383e+00 -2.999448776245117188e+00 6.419810056686401367e-01
1.399476408958435059e+00 -2.829304695129394531e+00 5.078828334808349609e-01
1.359533071517944336e+00 -2.663666009902954102e+00 3.627163171768188477e-01
1.343602418899536133e+00 -2.505383968353271484e+00 1.959522813558578491e-01
2.005492925643920898e+00 2.350110769271850586e+00 -2.299955368041992188e+00
2.179046154022216797e+00 2.471158266067504883e+00 -2.217761278152465820e+00
2.352303504943847656e+00 2.573580741882324219e+00 -2.137973546981811523e+00
2.535553693771362305e+00 2.667536973953247070e+00 -2.059523344039916992e+00
2.733830690383911133e+00 2.754368543624877930e+00 -1.979097127914428711e+00
2.941269159317016602e+00 2.833243131637573242e+00 -1.897308468818664551e+00
3.158233165740966797e+00 2.903875827789306641e+00 -1.815155267715454102e+00
3.369211673736572266e+00 2.957104921340942383e+00 -1.738374590873718262e+00
3.586909294128417969e+00 3.003227472305297852e+00 -1.661864519119262695e+00
3.795226335525512695e+00 3.036800384521484375e+00 -1.587213039398193359e+00
4.000173091888427734e+00 3.059415578842163086e+00 -1.515829324722290039e+00
4.202998161315917969e+00 3.069155454635620117e+00 -1.449166655540466309e+00
4.397355556488037109e+00 3.069610595703125000e+00 -1.378426074981689453e+00
4.583022117614746094e+00 3.061083555221557617e+00 -1.307752251625061035e+00
4.769186496734619141e+00 3.040663957595825195e+00 -1.234260082244873047e+00
4.947693347930908203e+00 3.010511159896850586e+00 -1.159931421279907227e+00
5.109766483306884766e+00 2.971431016921997070e+00 -1.087855339050292969e+00
5.275173664093017578e+00 2.922418594360351562e+00 -1.011949062347412109e+00
5.434280872344970703e+00 2.864777326583862305e+00 -9.352086782455444336e-01
5.589856147766113281e+00 2.796156406402587891e+00 -8.556325435638427734e-01
5.735565662384033203e+00 2.721476793289184570e+00 -7.796348929405212402e-01
5.879518508911132812e+00 2.641179800033569336e+00 -7.041590213775634766e-01
6.020113945007324219e+00 2.551871776580810547e+00 -6.234120130538940430e-01
6.137544155120849609e+00 2.467056512832641602e+00 -5.488851070404052734e-01
6.252611637115478516e+00 2.374554872512817383e+00 -4.705454707145690918e-01
6.359699249267578125e+00 2.284522533416748047e+00 -3.983227610588073730e-01
6.458986759185791016e+00 2.195677995681762695e+00 -3.291180431842803955e-01
6.553013324737548828e+00 2.106886148452758789e+00 -2.613330781459808350e-01
6.636301040649414062e+00 2.023243665695190430e+00 -1.984778344631195068e-01
6.716798782348632812e+00 1.941513657569885254e+00 -1.368513703346252441e-01
6.793080806732177734e+00 1.863103866577148438e+00 -8.059818297624588013e-02
6.862104892730712891e+00 1.793038964271545410e+00 -2.164704911410808563e-02
6.925024986267089844e+00 1.725019574165344238e+00 2.994713559746742249e-02
6.986031532287597656e+00 1.656771063804626465e+00 8.417421579360961914e-02
7.041732788085937500e+00 1.588647484779357910e+00 1.354452669620513916e-01
7.089582443237304688e+00 1.527359127998352051e+00 1.845211088657379150e-01
7.130883216857910156e+00 1.467744827270507812e+00 2.299948185682296753e-01
7.168035984039306641e+00 1.409028410911560059e+00 2.743364870548248291e-01
7.198904037475585938e+00 1.346506834030151367e+00 3.195889592170715332e-01
7.220875263214111328e+00 1.284710884094238281e+00 3.617152869701385498e-01
7.231462955474853516e+00 1.222585916519165039e+00 3.956790864467620850e-01
7.238667011260986328e+00 1.155763387680053711e+00 4.361030757427215576e-01
7.237650871276855469e+00 1.073638677597045898e+00 4.756583869457244873e-01
7.228221416473388672e+00 9.909046888351440430e-01 5.174908638000488281e-01
7.209143161773681641e+00 9.021574258804321289e-01 5.632826685905456543e-01
7.174848079681396484e+00 7.987521290779113770e-01 6.151691079139709473e-01
7.125326156616210938e+00 6.806463599205017090e-01 6.745270490646362305e-01
7.065026760101318359e+00 5.466177463531494141e-01 7.434434294700622559e-01
6.985259532928466797e+00 3.907096982002258301e-01 8.246686458587646484e-01
6.886615753173828125e+00 2.116395831108093262e-01 9.223006367683410645e-01
6.774082660675048828e+00 1.442525908350944519e-02 1.036413073539733887e+00
6.623956680297851562e+00 -2.107879817485809326e-01 1.167271852493286133e+00
6.455599784851074219e+00 -4.535671472549438477e-01 1.313134431838989258e+00
6.272939205169677734e+00 -7.037087082862854004e-01 1.470808506011962891e+00
6.070238113403320312e+00 -9.628478288650512695e-01 1.638532876968383789e+00
5.856655120849609375e+00 -1.219134569168090820e+00 1.805510759353637695e+00
5.621798515319824219e+00 -1.477192759513854980e+00 1.972195386886596680e+00
5.375057697296142578e+00 -1.722855567932128906e+00 2.124835729598999023e+00
5.104671478271484375e+00 -1.963718652725219727e+00 2.262148141860961914e+00
4.822412014007568359e+00 -2.189465999603271484e+00 2.378106594085693359e+00
4.526465415954589844e+00 -2.402085542678833008e+00 2.464843034744262695e+00
4.228238105773925781e+00 -2.586196422576904297e+00 2.526853084564208984e+00
3.930089473724365234e+00 -2.749642133712768555e+00 2.565136432647705078e+00
3.648371458053588867e+00 -2.884563684463500977e+00 2.578036785125732422e+00
3.382405996322631836e+00 -2.998800992965698242e+00 2.573896408081054688e+00
3.144577264785766602e+00 -3.091193914413452148e+00 2.553222417831420898e+00
2.938870906829833984e+00 -3.160140991210937500e+00 2.517716646194458008e+00
2.759689807891845703e+00 -3.211466073989868164e+00 2.469250917434692383e+00
2.604205846786499023e+00 -3.243111371994018555e+00 2.412598371505737305e+00
2.469402790069580078e+00 -3.259271383285522461e+00 2.351307868957519531e+00
2.356656789779663086e+00 -3.256792306900024414e+00 2.285609483718872070e+00
2.253735303878784180e+00 -3.234648942947387695e+00 2.213708639144897461e+00
2.159291744232177734e+00 -3.196453094482421875e+00 2.138064384460449219e+00
2.067042589187622070e+00 -3.139580249786376953e+00 2.055465221405029297e+00
1.980624675750732422e+00 -3.067874431610107422e+00 1.969522476196289062e+00
1.893763303756713867e+00 -2.980081558227539062e+00 1.874606847763061523e+00
1.806162357330322266e+00 -2.876999616622924805e+00 1.771664261817932129e+00
1.716512918472290039e+00 -2.761477231979370117e+00 1.658955097198486328e+00
1.628887295722961426e+00 -2.630357503890991211e+00 1.533015251159667969e+00
1.551208376884460449e+00 -2.488309860229492188e+00 1.398659586906433105e+00
1.482931137084960938e+00 -2.341175794601440430e+00 1.265620589256286621e+00
1.431822180747985840e+00 -2.184159278869628906e+00 1.132176995277404785e+00
1.401796340942382812e+00 -2.012153148651123047e+00 9.973329305648803711e-01
1.402899384498596191e+00 -1.812500000000000000e+00 8.615880608558654785e-01
1.575400471687316895e+00 2.234700918197631836e+00 -1.624395966529846191e+00
1.761050820350646973e+00 2.359561443328857422e+00 -1.530412435531616211e+00
1.952631354331970215e+00 2.470238685607910156e+00 -1.428871870040893555e+00
2.166661500930786133e+00 2.573294401168823242e+00 -1.313031911849975586e+00
2.411570310592651367e+00 2.665230512619018555e+00 -1.184764266014099121e+00
2.684276819229125977e+00 2.734942436218261719e+00 -1.045591354370117188e+00
2.975623369216918945e+00 2.775916814804077148e+00 -9.076007604598999023e-01
3.267816543579101562e+00 2.786495208740234375e+00 -7.763926982879638672e-01
3.560779094696044922e+00 2.768790483474731445e+00 -6.468405723571777344e-01
3.840013265609741211e+00 2.728366136550903320e+00 -5.300976037979125977e-01
4.111479759216308594e+00 2.671272516250610352e+00 -4.232251048088073730e-01
4.363161087036132812e+00 2.596785783767700195e+00 -3.237803578376770020e-01
4.585564136505126953e+00 2.507993221282958984e+00 -2.312057763338088989e-01
4.785830497741699219e+00 2.401932477951049805e+00 -1.407503485679626465e-01
4.957545280456542969e+00 2.293183803558349609e+00 -6.004467979073524475e-02
5.100391387939453125e+00 2.177400112152099609e+00 1.234000734984874725e-02
5.218452930450439453e+00 2.058514118194580078e+00 7.713051885366439819e-02
5.312489509582519531e+00 1.936253786087036133e+00 1.359884440898895264e-01
5.385263442993164062e+00 1.813437104225158691e+00 1.890006214380264282e-01
5.436791896820068359e+00 1.684881091117858887e+00 2.351268678903579712e-01
5.467110633850097656e+00 1.553619980812072754e+00 2.761547565460205078e-01
5.479671001434326172e+00 1.419893026351928711e+00 3.105683326721191406e-01
5.475931644439697266e+00 1.276359677314758301e+00 3.420971333980560303e-01
5.452913284301757812e+00 1.128342628479003906e+00 3.711534738540649414e-01
5.410695075988769531e+00 9.739305973052978516e-01 3.918533325195312500e-01
5.348304748535156250e+00 8.107638359069824219e-01 4.082348048686981201e-01
5.261739730834960938e+00 6.401921510696411133e-01 4.172799885272979736e-01
5.150516033172607422e+00 4.679673016071319580e-01 4.164176285266876221e-01
5.009967327117919922e+00 2.952362298965454102e-01 4.030468463897705078e-01
4.842278003692626953e+00 1.248729005455970764e-01 3.706861436367034912e-01
4.640967845916748047e+00 -3.245052322745323181e-02 3.183879256248474121e-01
4.408591270446777344e+00 -1.735379397869110107e-01 2.412591874599456787e-01
4.155217647552490234e+00 -2.972855567932128906e-01 1.429571956396102905e-01
3.873645544052124023e+00 -4.046207964420318604e-01 1.432477217167615891e-02
3.578814268112182617e+00 -4.934007227420806885e-01 -1.336052417755126953e-01
3.282413005828857422e+00 -5.558235645294189453e-01 -2.916387021541595459e-01
2.996516466140747070e+00 -5.850205421447753906e-01 -4.499430060386657715e-01
2.729615926742553711e+00 -5.886139273643493652e-01 -5.934717655181884766e-01
2.497305393218994141e+00 -5.683283209800720215e-01 -7.123776674270629883e-01
2.293648719787597656e+00 -5.290389657020568848e-01 -8.161739110946655273e-01
2.129146814346313477e+00 -4.760798811912536621e-01 -9.085776209831237793e-01
1.995397210121154785e+00 -4.110420048236846924e-01 -9.838582277297973633e-01
1.888667941093444824e+00 -3.374792039394378662e-01 -1.047999739646911621e+00
1.801196217536926270e+00 -2.569346129894256592e-01 -1.101943612098693848e+00
1.740977406501770020e+00 -1.655060797929763794e-01 -1.145548343658447266e+00
1.692336678504943848e+00 -7.048128545284271240e-02 -1.180168032646179199e+00
1.657810807228088379e+00 3.250832855701446533e-02 -1.205908298492431641e+00
1.633434414863586426e+00 1.451825648546218872e-01 -1.223899602890014648e+00
1.623965144157409668e+00 2.676312029361724854e-01 -1.233026981353759766e+00
1.628197431564331055e+00 4.010309576988220215e-01 -1.230221509933471680e+00
1.645480990409851074e+00 5.363768339157104492e-01 -1.221598029136657715e+00
1.676715135574340820e+00 6.857786178588867188e-01 -1.198775053024291992e+00
1.728885293006896973e+00 8.396295905113220215e-01 -1.160043001174926758e+00
1.793864488601684570e+00 9.965086579322814941e-01 -1.097452044486999512e+00
1.881946563720703125e+00 1.145673632621765137e+00 -1.018629431724548340e+00
1.986102938652038574e+00 1.284990191459655762e+00 -9.172979593276977539e-01
2.100705146789550781e+00 1.407458186149597168e+00 -8.006076216697692871e-01
2.220869541168212891e+00 1.521168231964111328e+00 -6.796804070472717285e-01
2.342447757720947266e+00 1.613410234451293945e+00 -5.550680160522460938e-01
2.462100505828857422e+00 1.681385517120361328e+00 -4.356766343116760254e-01
2.574758768081665039e+00 1.722859978675842285e+00 -3.271618783473968506e-01
2.675828933715820312e+00 1.740640521049499512e+00 -2.281643450260162354e-01
2.768286466598510742e+00 1.738361597061157227e+00 -1.397316157817840576e-01
2.848212957382202148e+00 1.717006087303161621e+00 -6.389773637056350708e-02
2.915004491806030273e+00 1.676475048065185547e+00 -2.694112947210669518e-03
2.967796087265014648e+00 1.620225548744201660e+00 4.843141883611679077e-02
3.007955551147460938e+00 1.546845793724060059e+00 8.949247002601623535e-02
3.036320447921752930e+00 1.454212546348571777e+00 1.211066842079162598e-01
3.051424026489257812e+00 1.340208411216735840e+00 1.446430236101150513e-01
3.058597803115844727e+00 1.202957630157470703e+00 1.623973250389099121e-01
3.045222520828247070e+00 1.044603347778320312e+00 1.716162711381912231e-01
3.014572620391845703e+00 8.585614562034606934e-01 1.736528277397155762e-01
2.961764812469482422e+00 6.518657207489013672e-01 1.708427965641021729e-01
2.874586105346679688e+00 4.290983974933624268e-01 1.613143533468246460e-01
2.739314794540405273e+00 1.941896677017211914e-01 1.469737738370895386e-01
2.546106338500976562e+00 -2.835237793624401093e-02 1.195762008428573608e-01
2.294515371322631836e+00 -2.320643365383148193e-01 8.442572504281997681e-02
1.974155068397521973e+00 -4.043586552143096924e-01 3.351783752441406250e-02
1.599319577217102051e+00 -5.379524230957031250e-01 -3.182088211178779602e-02
1.215256810188293457e+00 -6.362721920013427734e-01 -9.125196933746337891e-02
8.568550944328308105e-01 -7.104137539863586426e-01 -1.118044555187225342e-01
5.334863066673278809e-01 -7.699396014213562012e-01 -9.342469274997711182e-02
2.249238044023513794e-01 -8.204202651977539062e-01 -5.374627560377120972e-02
-4.428093880414962769e-02 -8.569731712341308594e-01 -6.221809424459934235e-03
-2.747941613197326660e-01 -8.739687204360961914e-01 4.196593910455703735e-02
-4.749154448509216309e-01 -8.674864768981933594e-01 8.610770106315612793e-02
-6.455151438713073730e-01 -8.531193137168884277e-01 1.249537020921707153e-01
-7.876626849174499512e-01 -8.299178481101989746e-01 1.580269485712051392e-01
-9.010822772979736328e-01 -7.996354103088378906e-01 1.824098676443099976e-01
-9.942522644996643066e-01 -7.665820717811584473e-01 2.035015374422073364e-01
-1.063083529472351074e+00 -7.291507720947265625e-01 2.193868905305862427e-01
-1.116895914077758789e+00 -6.887114048004150391e-01 2.281391918659210205e-01
-1.156473994255065918e+00 -6.480630636215209961e-01 2.340790182352066040e-01
-1.184156894683837891e+00 -6.047031283378601074e-01 2.365333288908004761e-01
-1.201038122177124023e+00 -5.551288127899169922e-01 2.365555167198181152e-01
-1.207793593406677246e+00 -4.986580312252044678e-01 2.345925271511077881e-01
-1.204168319702148438e+00 -4.318941831588745117e-01 2.293256074190139771e-01
-1.189922094345092773e+00 -3.527946472167968750e-01 2.188605815172195435e-01
-1.158454418182373047e+00 -2.578313052654266357e-01 2.032213509082794189e-01
-1.111021399497985840e+00 -1.455050855875015259e-01 1.798486560583114624e-01
-1.041526436805725098e+00 -2.188713848590850830e-02 1.467625647783279419e-01
-9.505865573883056641e-01 1.287410855293273926e-01 1.086284145712852478e-01
-8.257595300674438477e-01 2.828032076358795166e-01 6.076150387525558472e-02
-6.706874966621398926e-01 4.540224671363830566e-01 1.812829636037349701e-03
-4.903494715690612793e-01 6.354616284370422363e-01 -6.299165636301040649e-02
-2.793519198894500732e-01 8.301001787185668945e-01 -1.341965496540069580e-01
-5.053412169218063354e-02 1.028294920921325684e+00 -2.005682289600372314e-01
1.849725544452667236e-01 1.232657432556152344e+00 -2.533525228500366211e-01
4.359552860260009766e-01 1.452978730201721191e+00 -2.825784981250762939e-01
6.853373050689697266e-01 1.682858586311340332e+00 -2.678726613521575928e-01
9.533953070640563965e-01 1.923469543457031250e+00 -1.942569166421890259e-01
1.255589962005615234e+00 2.162364006042480469e+00 -6.516388803720474243e-02
1.606213808059692383e+00 2.387206554412841797e+00 1.087597608566284180e-01
2.008076190948486328e+00 2.568473100662231445e+00 3.053997159004211426e-01
2.454624414443969727e+00 2.685014247894287109e+00 5.110815167427062988e-01
2.884481906890869141e+00 2.722264051437377930e+00 7.170076370239257812e-01
3.263543367385864258e+00 2.721203327178955078e+00 9.328410625457763672e-01
3.586809396743774414e+00 2.702754735946655273e+00 1.156190037727355957e+00
3.851324558258056641e+00 2.669765472412109375e+00 1.377305626869201660e+00
4.054816722869873047e+00 2.625307559967041016e+00 1.573937177658081055e+00
4.210375308990478516e+00 2.573670148849487305e+00 1.744686603546142578e+00
4.327351570129394531e+00 2.513003349304199219e+00 1.884093642234802246e+00
4.415823936462402344e+00 2.451606273651123047e+00 1.998840212821960449e+00
4.486044883728027344e+00 2.391944169998168945e+00 2.091890335083007812e+00
4.538538455963134766e+00 2.329625606536865234e+00 2.165688037872314453e+00
4.579840660095214844e+00 2.263138532638549805e+00 2.225422859191894531e+00
4.612637996673583984e+00 2.190732479095458984e+00 2.275319099426269531e+00
4.639564514160156250e+00 2.110391616821289062e+00 2.316462039947509766e+00
4.659863948822021484e+00 2.017335891723632812e+00 2.349376678466796875e+00
4.677636146545410156e+00 1.908402085304260254e+00 2.377470016479492188e+00
4.693219184875488281e+00 1.776672124862670898e+00 2.402766704559326172e+00
4.704400539398193359e+00 1.617075562477111816e+00 2.425166606903076172e+00
4.716953277587890625e+00 1.428483605384826660e+00 2.447253465652465820e+00
4.730665683746337891e+00 1.202332973480224609e+00 2.471884965896606445e+00
4.739363193511962891e+00 9.390947222709655762e-01 2.499340057373046875e+00
4.750321865081787109e+00 6.448763608932495117e-01 2.536222219467163086e+00
4.751230716705322266e+00 3.260415792465209961e-01 2.583113193511962891e+00
4.740469455718994141e+00 2.903058193624019623e-04 2.646982908248901367e+00
4.710938453674316406e+00 -3.424546122550964355e-01 2.731925487518310547e+00
4.644178390502929688e+00 -6.991915106773376465e-01 2.838935852050781250e+00
4.533749103546142578e+00 -1.058678269386291504e+00 2.962697505950927734e+00
4.369656562805175781e+00 -1.466679930686950684e+00 3.114672422409057617e+00
4.143069267272949219e+00 -1.932429671287536621e+00 3.325713872909545898e+00
3.826586723327636719e+00 -2.381112098693847656e+00 3.551656007766723633e+00
3.464496612548828125e+00 -2.762748956680297852e+00 3.702349901199340820e+00
3.084150075912475586e+00 -3.132102727890014648e+00 3.795107364654541016e+00
2.699681520462036133e+00 -3.499601840972900391e+00 3.848387956619262695e+00
2.335199832916259766e+00 -3.851590394973754883e+00 3.880829095840454102e+00
2.007375955581665039e+00 -4.173245429992675781e+00 3.916344404220581055e+00
1.712784528732299805e+00 -4.462119102478027344e+00 3.968598604202270508e+00
1.449448704719543457e+00 -4.716971874237060547e+00 4.035466194152832031e+00
1.221236944198608398e+00 -4.933159351348876953e+00 4.104954719543457031e+00
1.025596857070922852e+00 -5.115450859069824219e+00 4.170911788940429688e+00
8.513636589050292969e-01 -5.273786067962646484e+00 4.230788707733154297e+00
6.979608535766601562e-01 -5.411203384399414062e+00 4.285108566284179688e+00
5.612367391586303711e-01 -5.530605792999267578e+00 4.332143306732177734e+00
4.362842440605163574e-01 -5.638203144073486328e+00 4.374646663665771484e+00
3.163400590419769287e-01 -5.738723278045654297e+00 4.414578914642333984e+00
2.067336440086364746e-01 -5.828471183776855469e+00 4.450781822204589844e+00
9.724513441324234009e-02 -5.916355609893798828e+00 4.484484195709228516e+00
-1.023387257009744644e-02 -6.000067710876464844e+00 4.517396926879882812e+00
-1.156256720423698425e-01 -6.086081981658935547e+00 4.550578594207763672e+00
-2.233246266841888428e-01 -6.166661262512207031e+00 4.582485198974609375e+00
-3.307414948940277100e-01 -6.236746311187744141e+00 4.611023426055908203e+00
-4.421579539775848389e-01 -6.315361499786376953e+00 4.643035888671875000e+00
-5.517792701721191406e-01 -6.389319896697998047e+00 4.674331665039062500e+00
-6.583461165428161621e-01 -6.459771633148193359e+00 4.705777645111083984e+00
-7.634627819061279297e-01 -6.527905464172363281e+00 4.737646579742431641e+00
-8.720601201057434082e-01 -6.590096473693847656e+00 4.766157627105712891e+00
-9.707762002944946289e-01 -6.654864788055419922e+00 4.798576831817626953e+00
-1.062658667564392090e+00 -6.716654300689697266e+00 4.831178665161132812e+00
-1.156314611434936523e+00 -6.766853332519531250e+00 4.860753536224365234e+00
-1.239777684211730957e+00 -6.826051235198974609e+00 4.890404701232910156e+00
-1.318588495254516602e+00 -6.881544113159179688e+00 4.925142288208007812e+00
-1.394687056541442871e+00 -6.928060054779052734e+00 4.960373878479003906e+00
-1.465521812438964844e+00 -6.968766212463378906e+00 4.992024898529052734e+00
-1.536587238311767578e+00 -7.002293586730957031e+00 5.018702030181884766e+00
-1.603962063789367676e+00 -7.027537822723388672e+00 5.042857170104980469e+00
-1.670518875122070312e+00 -7.045758247375488281e+00 5.060956001281738281e+00
-1.730545759201049805e+00 -7.053078651428222656e+00 5.071077823638916016e+00
-1.788792133331298828e+00 -7.048114776611328125e+00 5.073491096496582031e+00
-1.842923879623413086e+00 -7.038544178009033203e+00 5.066769123077392578e+00
-1.896634578704833984e+00 -7.013881683349609375e+00 5.047114849090576172e+00
-1.949937105178833008e+00 -6.982303619384765625e+00 5.020506381988525391e+00
-1.999427676200866699e+00 -6.938023567199707031e+00 4.981359004974365234e+00
-2.047777414321899414e+00 -6.881327152252197266e+00 4.927186489105224609e+00
-2.095415115356445312e+00 -6.813543319702148438e+00 4.857114791870117188e+00
-2.144804477691650391e+00 -6.735023021697998047e+00 4.769812583923339844e+00
-2.205501079559326172e+00 -6.644418239593505859e+00 4.664382934570312500e+00
-2.269232988357543945e+00 -6.538991451263427734e+00 4.546150684356689453e+00
-2.336141109466552734e+00 -6.422888278961181641e+00 4.414490699768066406e+00
-2.416592836380004883e+00 -6.290049076080322266e+00 4.269740581512451172e+00
-2.504311084747314453e+00 -6.140799999237060547e+00 4.120673179626464844e+00
-2.595493078231811523e+00 -5.999613285064697266e+00 3.976439476013183594e+00
-2.672366857528686523e+00 -5.866947650909423828e+00 3.848000764846801758e+00
-2.740014791488647461e+00 -5.744819164276123047e+00 3.734789371490478516e+00
-2.801705360412597656e+00 -5.628470897674560547e+00 3.632843255996704102e+00
-2.861869573593139648e+00 -5.495864391326904297e+00 3.531985521316528320e+00
2.309534549713134766e+00 5.540880203247070312e+00 8.422892424277961254e-04
2.444149017333984375e+00 5.490373134613037109e+00 2.187261916697025299e-02
2.575250387191772461e+00 5.436394214630126953e+00 4.651201888918876648e-02
2.719470024108886719e+00 5.373554706573486328e+00 7.666470855474472046e-02
2.888141870498657227e+00 5.301402091979980469e+00 1.165353283286094666e-01
3.089326143264770508e+00 5.220476150512695312e+00 1.722623407840728760e-01
3.315733194351196289e+00 5.136356353759765625e+00 2.429668158292770386e-01
3.557154893875122070e+00 5.056833744049072266e+00 3.255285620689392090e-01
3.812442302703857422e+00 4.979240894317626953e+00 4.254393577575683594e-01
4.070822238922119141e+00 4.905445575714111328e+00 5.376229882240295410e-01
4.329353809356689453e+00 4.840019702911376953e+00 6.565495133399963379e-01
4.587096214294433594e+00 4.775424957275390625e+00 7.842021584510803223e-01
4.837080478668212891e+00 4.711147308349609375e+00 9.146872162818908691e-01
5.067983150482177734e+00 4.649847030639648438e+00 1.041047811508178711e+00
5.284887790679931641e+00 4.588932991027832031e+00 1.167406201362609863e+00
5.496964454650878906e+00 4.526256561279296875e+00 1.296537756919860840e+00
5.689931392669677734e+00 4.464688777923583984e+00 1.419081211090087891e+00
5.869562149047851562e+00 4.402316093444824219e+00 1.536636471748352051e+00
6.035419464111328125e+00 4.339846611022949219e+00 1.650471448898315430e+00
6.190443038940429688e+00 4.275265216827392578e+00 1.760329127311706543e+00
6.334174156188964844e+00 4.211127758026123047e+00 1.864438295364379883e+00
6.464789867401123047e+00 4.146009922027587891e+00 1.962967753410339355e+00
6.588274478912353516e+00 4.079421997070312500e+00 2.057827234268188477e+00
6.705199241638183594e+00 4.010444641113281250e+00 2.147172927856445312e+00
6.810201168060302734e+00 3.940869092941284180e+00 2.231583833694458008e+00
6.912176132202148438e+00 3.868687391281127930e+00 2.314055204391479492e+00
7.011234283447265625e+00 3.793665885925292969e+00 2.394005537033081055e+00
7.106510162353515625e+00 3.716582775115966797e+00 2.470499038696289062e+00
7.196904182434082031e+00 3.638951301574707031e+00 2.541460514068603516e+00
7.281103610992431641e+00 3.561520814895629883e+00 2.608228683471679688e+00
7.357583045959472656e+00 3.480776786804199219e+00 2.670939445495605469e+00
7.434410572052001953e+00 3.402827262878417969e+00 2.729773283004760742e+00
7.503113746643066406e+00 3.324116706848144531e+00 2.783832073211669922e+00
7.570067405700683594e+00 3.243785381317138672e+00 2.835414409637451172e+00
7.633528709411621094e+00 3.164436340332031250e+00 2.883699655532836914e+00
7.693851947784423828e+00 3.083852052688598633e+00 2.929084539413452148e+00
7.740333080291748047e+00 3.008653640747070312e+00 2.970333576202392578e+00
7.789736747741699219e+00 2.932662010192871094e+00 3.008327484130859375e+00
7.835047721862792969e+00 2.854587316513061523e+00 3.044748306274414062e+00
7.878685951232910156e+00 2.780397891998291016e+00 3.077269315719604492e+00
7.917546749114990234e+00 2.705987453460693359e+00 3.108180284500122070e+00
7.953830718994140625e+00 2.633970022201538086e+00 3.136374950408935547e+00
7.986518383026123047e+00 2.562340974807739258e+00 3.163281679153442383e+00
8.012019157409667969e+00 2.491096258163452148e+00 3.188674688339233398e+00
8.033647537231445312e+00 2.419533252716064453e+00 3.212150573730468750e+00
8.052105903625488281e+00 2.346676111221313477e+00 3.235322952270507812e+00
8.066629409790039062e+00 2.269572973251342773e+00 3.260201454162597656e+00
8.072337150573730469e+00 2.189296483993530273e+00 3.284909248352050781e+00
8.072854042053222656e+00 2.104704856872558594e+00 3.311235666275024414e+00
8.066166877746582031e+00 2.010850667953491211e+00 3.339684486389160156e+00
8.050484657287597656e+00 1.908147811889648438e+00 3.371144771575927734e+00
8.023510932922363281e+00 1.792358279228210449e+00 3.407214164733886719e+00
7.983919620513916016e+00 1.660387635231018066e+00 3.449432849884033203e+00
7.927510261535644531e+00 1.512667775154113770e+00 3.498213529586791992e+00
7.850005149841308594e+00 1.339895963668823242e+00 3.553444862365722656e+00
7.745550632476806641e+00 1.145542502403259277e+00 3.614205598831176758e+00
7.611780643463134766e+00 9.261591434478759766e-01 3.679205179214477539e+00
7.447408676147460938e+00 6.880542635917663574e-01 3.744400262832641602e+00
7.248916149139404297e+00 4.358910322189331055e-01 3.802302122116088867e+00
7.026196002960205078e+00 1.815636903047561646e-01 3.846789360046386719e+00
6.765924453735351562e+00 -8.210544288158416748e-02 3.878247261047363281e+00
6.481082916259765625e+00 -3.393580615520477295e-01 3.895445585250854492e+00
6.174869060516357422e+00 -5.858393907546997070e-01 3.906575202941894531e+00
5.853339672088623047e+00 -8.160383701324462891e-01 3.916501998901367188e+00
5.520745754241943359e+00 -1.024418234825134277e+00 3.924410104751586914e+00
5.162201404571533203e+00 -1.204906105995178223e+00 3.932266473770141602e+00
4.778115749359130859e+00 -1.354077935218811035e+00 3.939197301864624023e+00
4.363837242126464844e+00 -1.459917783737182617e+00 3.930298805236816406e+00
3.939874649047851562e+00 -1.524539709091186523e+00 3.893064022064208984e+00
3.548457622528076172e+00 -1.560008168220520020e+00 3.832636117935180664e+00
3.213990211486816406e+00 -1.569975852966308594e+00 3.769850969314575195e+00
2.935138225555419922e+00 -1.555745720863342285e+00 3.709574222564697266e+00
2.700562953948974609e+00 -1.523280978202819824e+00 3.651591062545776367e+00
2.510975837707519531e+00 -1.474777340888977051e+00 3.598707675933837891e+00
2.355082035064697266e+00 -1.418204069137573242e+00 3.544730663299560547e+00
2.230145931243896484e+00 -1.356171488761901855e+00 3.494824409484863281e+00
2.127164602279663086e+00 -1.288778781890869141e+00 3.441240310668945312e+00
2.041082859039306641e+00 -1.212885022163391113e+00 3.385901927947998047e+00
1.967123985290527344e+00 -1.131716370582580566e+00 3.330224514007568359e+00
1.900056004524230957e+00 -1.039531230926513672e+00 3.268345355987548828e+00
1.843488097190856934e+00 -9.389609098434448242e-01 3.203949451446533203e+00
1.790017724037170410e+00 -8.217413425445556641e-01 3.134609460830688477e+00
1.740313887596130371e+00 -6.850320100784301758e-01 3.055522203445434570e+00
1.695505023002624512e+00 -5.244313478469848633e-01 2.965264081954956055e+00
1.655158042907714844e+00 -3.349038362503051758e-01 2.863643646240234375e+00
1.622204184532165527e+00 -1.179256066679954529e-01 2.749166727066040039e+00
1.602993845939636230e+00 1.389626562595367432e-01 2.624417543411254883e+00
1.604134440422058105e+00 4.294049739837646484e-01 2.491260766983032227e+00
1.626487731933593750e+00 7.407246232032775879e-01 2.359148502349853516e+00
1.677956104278564453e+00 1.050650238990783691e+00 2.246266841888427734e+00
1.758947491645812988e+00 1.356711745262145996e+00 2.151755094528198242e+00
1.867668986320495605e+00 1.635666847229003906e+00 2.096227884292602539e+00
1.998917579650878906e+00 1.895018100738525391e+00 2.078013896942138672e+00
2.150927305221557617e+00 2.136792182922363281e+00 2.099424839019775391e+00
2.314920186996459961e+00 2.354567050933837891e+00 2.152506351470947266e+00
2.484790563583374023e+00 2.546862363815307617e+00 2.229599714279174805e+00
2.651473045349121094e+00 2.708381891250610352e+00 2.315645694732666016e+00
2.797177076339721680e+00 2.830980777740478516e+00 2.399685144424438477e+00
2.915875196456909180e+00 2.921790838241577148e+00 2.474865198135375977e+00
3.004921913146972656e+00 2.984961271286010742e+00 2.535690784454345703e+00
3.071237802505493164e+00 3.030220031738281250e+00 2.585381984710693359e+00
3.121201515197753906e+00 3.063336133956909180e+00 2.627290487289428711e+00
3.161977052688598633e+00 3.090481042861938477e+00 2.664620876312255859e+00
3.191277980804443359e+00 3.109196424484252930e+00 2.697114944458007812e+00
7.047849655151367188e+00 2.424517422914505005e-01 5.916185855865478516e+00
6.985563755035400391e+00 1.846960484981536865e-01 5.891997814178466797e+00
6.911072731018066406e+00 1.188192293047904968e-01 5.858804225921630859e+00
6.815577983856201172e+00 3.797213733196258545e-02 5.813306808471679688e+00
6.686833858489990234e+00 -6.488506495952606201e-02 5.753024101257324219e+00
6.514389038085937500e+00 -1.945547014474868774e-01 5.677574634552001953e+00
6.294993877410888672e+00 -3.497382402420043945e-01 5.592371463775634766e+00
6.037041187286376953e+00 -5.193143486976623535e-01 5.509633064270019531e+00
5.739445209503173828e+00 -7.037301659584045410e-01 5.435980319976806641e+00
5.425394535064697266e+00 -8.894283175468444824e-01 5.381355762481689453e+00
5.074539661407470703e+00 -1.085559248924255371e+00 5.351197719573974609e+00
4.698085784912109375e+00 -1.291867971420288086e+00 5.342810153961181641e+00
4.307773590087890625e+00 -1.505904793739318848e+00 5.360752105712890625e+00
3.894765615463256836e+00 -1.723527550697326660e+00 5.401710987091064453e+00
3.465419530868530273e+00 -1.946801185607910156e+00 5.455637454986572266e+00
3.014951229095458984e+00 -2.159415006637573242e+00 5.522078037261962891e+00
2.571416378021240234e+00 -2.346990346908569336e+00 5.589330196380615234e+00
2.165829420089721680e+00 -2.523317337036132812e+00 5.647294998168945312e+00
1.778426527976989746e+00 -2.727024316787719727e+00 5.704151153564453125e+00
1.383746623992919922e+00 -2.964016199111938477e+00 5.763494968414306641e+00
9.808701872825622559e-01 -3.219513177871704102e+00 5.832296848297119141e+00
5.859435796737670898e-01 -3.465059280395507812e+00 5.909849166870117188e+00
2.255368530750274658e-01 -3.684380054473876953e+00 5.988387584686279297e+00
-8.762381225824356079e-02 -3.867903947830200195e+00 6.067395687103271484e+00
-3.575426936149597168e-01 -4.021230220794677734e+00 6.139795303344726562e+00
-6.057153940200805664e-01 -4.158910751342773438e+00 6.209419250488281250e+00
-8.370494246482849121e-01 -4.286994457244873047e+00 6.278137683868408203e+00
-1.043173670768737793e+00 -4.398287296295166016e+00 6.340649127960205078e+00
-1.244056224822998047e+00 -4.506742477416992188e+00 6.401430130004882812e+00
-1.429088354110717773e+00 -4.605686187744140625e+00 6.458897590637207031e+00
-1.601174354553222656e+00 -4.700406074523925781e+00 6.508438587188720703e+00
-1.766625046730041504e+00 -4.791989326477050781e+00 6.554299354553222656e+00
-1.924844145774841309e+00 -4.873133659362792969e+00 6.591939926147460938e+00
-2.077510118484497070e+00 -4.961735725402832031e+00 6.625617980957031250e+00
-2.218414306640625000e+00 -5.041286945343017578e+00 6.651858329772949219e+00
-2.355363368988037109e+00 -5.127600669860839844e+00 6.668560981750488281e+00
-2.488955020904541016e+00 -5.204302310943603516e+00 6.675762176513671875e+00
-2.622872352600097656e+00 -5.278628826141357422e+00 6.677170753479003906e+00
-2.756518363952636719e+00 -5.351331233978271484e+00 6.670101165771484375e+00
-2.886191606521606445e+00 -5.420995235443115234e+00 6.657969951629638672e+00
-3.011352777481079102e+00 -5.485895633697509766e+00 6.644257545471191406e+00
-3.138098955154418945e+00 -5.547303676605224609e+00 6.626234531402587891e+00
-3.256680965423583984e+00 -5.602629184722900391e+00 6.609490394592285156e+00
-3.367261648178100586e+00 -5.654819965362548828e+00 6.594406604766845703e+00
-3.477811098098754883e+00 -5.705533504486083984e+00 6.577701091766357422e+00
-3.583155632019042969e+00 -5.750177860260009766e+00 6.561498165130615234e+00
-3.685198068618774414e+00 -5.789323329925537109e+00 6.546909332275390625e+00
-3.780353307723999023e+00 -5.826284885406494141e+00 6.532793998718261719e+00
-3.873029232025146484e+00 -5.863411903381347656e+00 6.520843505859375000e+00
-3.963714838027954102e+00 -5.894425868988037109e+00 6.510133266448974609e+00
-4.046977519989013672e+00 -5.924145221710205078e+00 6.508652210235595703e+00
-4.130402565002441406e+00 -5.949647426605224609e+00 6.499605655670166016e+00
-4.215578556060791016e+00 -5.973248958587646484e+00 6.490956306457519531e+00
-4.296762466430664062e+00 -5.982676506042480469e+00 6.488758087158203125e+00
-4.373152256011962891e+00 -6.002810478210449219e+00 6.481598854064941406e+00
-4.449171066284179688e+00 -6.017158985137939453e+00 6.482726573944091797e+00
-4.525085926055908203e+00 -6.028651714324951172e+00 6.490439414978027344e+00
-4.601448059082031250e+00 -6.061003684997558594e+00 6.479965686798095703e+00
-4.677785396575927734e+00 -6.053497314453125000e+00 6.489138603210449219e+00
-4.755991935729980469e+00 -6.046766757965087891e+00 6.478027343750000000e+00
-4.826339244842529297e+00 -6.029811859130859375e+00 6.481886863708496094e+00
-4.906419754028320312e+00 -6.021126747131347656e+00 6.483431816101074219e+00
-4.985055923461914062e+00 -6.006547451019287109e+00 6.478439807891845703e+00
-5.068196773529052734e+00 -5.998661994934082031e+00 6.476358890533447266e+00
-5.155327320098876953e+00 -5.985278606414794922e+00 6.473453521728515625e+00
-5.244031429290771484e+00 -5.979396820068359375e+00 6.463843345642089844e+00
-5.337614059448242188e+00 -5.969532012939453125e+00 6.452441215515136719e+00
-5.436933994293212891e+00 -5.980992317199707031e+00 6.440673351287841797e+00
-5.538180351257324219e+00 -5.972097873687744141e+00 6.429471015930175781e+00
-5.635831832885742188e+00 -5.965590953826904297e+00 6.420443058013916016e+00
-5.743702888488769531e+00 -5.956609725952148438e+00 6.406689167022705078e+00
-5.857828617095947266e+00 -5.944251537322998047e+00 6.393189907073974609e+00
-5.970926284790039062e+00 -5.934883117675781250e+00 6.379774093627929688e+00
-6.085352897644042969e+00 -5.923935890197753906e+00 6.364517211914062500e+00
-6.203627109527587891e+00 -5.914933681488037109e+00 6.351333618164062500e+00
-6.313298225402832031e+00 -5.904710769653320312e+00 6.338479995727539062e+00
-6.418716907501220703e+00 -5.894318580627441406e+00 6.326162815093994141e+00
-6.526653766632080078e+00 -5.883964061737060547e+00 6.311648845672607422e+00
-6.635070323944091797e+00 -5.871935367584228516e+00 6.295711040496826172e+00
-6.734264850616455078e+00 -5.861425399780273438e+00 6.281625270843505859e+00
-6.828237056732177734e+00 -5.850664615631103516e+00 6.267633914947509766e+00
-6.915677070617675781e+00 -5.842527866363525391e+00 6.254206657409667969e+00
-7.004487514495849609e+00 -5.831492424011230469e+00 6.242049217224121094e+00
-7.086218833923339844e+00 -5.821361541748046875e+00 6.230458259582519531e+00
-7.166020870208740234e+00 -5.811744689941406250e+00 6.219254016876220703e+00
-7.242729663848876953e+00 -5.802602767944335938e+00 6.209070205688476562e+00
-7.321572303771972656e+00 -5.792474746704101562e+00 6.199601650238037109e+00
-7.401520729064941406e+00 -5.782291412353515625e+00 6.189998149871826172e+00
-7.482028484344482422e+00 -5.771885871887207031e+00 6.181734561920166016e+00
-7.565225124359130859e+00 -5.760385990142822266e+00 6.174526214599609375e+00
-7.654980659484863281e+00 -5.748068809509277344e+00 6.167950153350830078e+00
-7.753010749816894531e+00 -5.735035896301269531e+00 6.161848545074462891e+00
-7.858287334442138672e+00 -5.720933914184570312e+00 6.156739234924316406e+00
-7.972063064575195312e+00 -5.705387115478515625e+00 6.153342723846435547e+00
-8.099500656127929688e+00 -5.688615322113037109e+00 6.148231983184814453e+00
-8.242525100708007812e+00 -5.669654369354248047e+00 6.144945621490478516e+00
-8.391665458679199219e+00 -5.650010585784912109e+00 6.145563125610351562e+00
-8.565806388854980469e+00 -5.627588272094726562e+00 6.148947715759277344e+00
-8.744461059570312500e+00 -5.603141307830810547e+00 6.152423858642578125e+00
-8.938347816467285156e+00 -5.579433917999267578e+00 6.158584117889404297e+00
-9.137508392333984375e+00 -5.553740978240966797e+00 6.168942928314208984e+00
-9.338272094726562500e+00 -5.528559684753417969e+00 6.182572364807128906e+00
-9.523869514465332031e+00 -5.504717350006103516e+00 6.191357135772705078e+00
-9.696953773498535156e+00 -5.481056213378906250e+00 6.210939407348632812e+00
-9.851117134094238281e+00 -5.461270332336425781e+00 6.235076904296875000e+00
-9.984579086303710938e+00 -5.443937301635742188e+00 6.264934539794921875e+00
-1.010114479064941406e+01 -5.429808139801025391e+00 6.304336547851562500e+00
-1.020658111572265625e+01 -5.416791915893554688e+00 6.336760044097900391e+00
-1.029225921630859375e+01 -5.400180339813232422e+00 6.391855239868164062e+00
-1.037701320648193359e+01 -5.386714458465576172e+00 6.442749500274658203e+00
-1.045855808258056641e+01 -5.369562625885009766e+00 6.486775875091552734e+00
-1.053506469726562500e+01 -5.360057353973388672e+00 6.520083427429199219e+00
-1.060160064697265625e+01 -5.350239753723144531e+00 6.538926124572753906e+00
-1.066010379791259766e+01 -5.340067386627197266e+00 6.544645786285400391e+00
-1.071314716339111328e+01 -5.341586112976074219e+00 6.537756443023681641e+00
-1.075891590118408203e+01 -5.336380004882812500e+00 6.520712375640869141e+00
-1.080136680603027344e+01 -5.331933975219726562e+00 6.490141868591308594e+00
-1.083943271636962891e+01 -5.334815979003906250e+00 6.451416015625000000e+00
-1.087303352355957031e+01 -5.337309837341308594e+00 6.398226261138916016e+00
-1.090460872650146484e+01 -5.345196723937988281e+00 6.336145877838134766e+00
-1.093132781982421875e+01 -5.348608493804931641e+00 6.261208534240722656e+00
-1.094936084747314453e+01 -5.344855785369873047e+00 6.174257755279541016e+00
-1.096506881713867188e+01 -5.339572429656982422e+00 6.075172901153564453e+00
-1.098334407806396484e+01 -5.332175254821777344e+00 5.977491378784179688e+00
-1.100784206390380859e+01 -5.321959018707275391e+00 5.874678611755371094e+00
-1.104667568206787109e+01 -5.311079025268554688e+00 5.764894962310791016e+00
-1.108796977996826172e+01 -5.301141262054443359e+00 5.645497322082519531e+00
-1.113888740539550781e+01 -5.287850856781005859e+00 5.516759872436523438e+00
-1.119587516784667969e+01 -5.270660877227783203e+00 5.374175548553466797e+00
-1.125306415557861328e+01 -5.250370502471923828e+00 5.232957839965820312e+00
-1.131925010681152344e+01 -5.231730937957763672e+00 5.081940174102783203e+00
-1.138187599182128906e+01 -5.211100578308105469e+00 4.935411453247070312e+00
-1.144432735443115234e+01 -5.189665317535400391e+00 4.783301353454589844e+00
-1.150588607788085938e+01 -5.167648792266845703e+00 4.629936695098876953e+00
-1.156121635437011719e+01 -5.147047519683837891e+00 4.482419967651367188e+00
-1.160931873321533203e+01 -5.124454498291015625e+00 4.330971717834472656e+00
-1.166327381134033203e+01 -5.107444286346435547e+00 4.182596206665039062e+00
-1.171193695068359375e+01 -5.089850902557373047e+00 4.037359237670898438e+00
-1.175645923614501953e+01 -5.069646358489990234e+00 3.899358749389648438e+00
-1.179842090606689453e+01 -5.047958850860595703e+00 3.765678167343139648e+00
-1.181726169586181641e+01 -5.035234451293945312e+00 3.637981653213500977e+00
-1.184386539459228516e+01 -5.024816036224365234e+00 3.516832113265991211e+00
-1.186762332916259766e+01 -5.010241508483886719e+00 3.405866146087646484e+00
-1.188376808166503906e+01 -5.001207351684570312e+00 3.306364774703979492e+00
-1.200584983825683594e+01 -4.986881256103515625e+00 3.237662792205810547e+00
-1.206600475311279297e+01 -4.990580558776855469e+00 3.155988931655883789e+00
-1.214631366729736328e+01 -5.012252330780029297e+00 3.077426671981811523e+00
-1.219794559478759766e+01 -5.061609745025634766e+00 2.992995977401733398e+00
-1.223307704925537109e+01 -5.094148159027099609e+00 2.911869764328002930e+00
-1.223734664916992188e+01 -5.139487743377685547e+00 2.833186626434326172e+00
-1.223178482055664062e+01 -5.165268421173095703e+00 2.758547067642211914e+00
-1.219190216064453125e+01 -5.215657234191894531e+00 2.679153680801391602e+00
-1.199308109283447266e+01 -5.301582813262939453e+00 2.600083112716674805e+00
-1.181112861633300781e+01 -5.270000934600830078e+00 2.559926271438598633e+00
-1.215631198883056641e+01 -5.228740215301513672e+00 2.485692262649536133e+00
-1.213524627685546875e+01 -5.221183300018310547e+00 2.422281980514526367e+00
-1.172435188293457031e+01 -5.178706645965576172e+00 2.422819375991821289e+00
-1.169178009033203125e+01 -5.126344680786132812e+00 2.386798858642578125e+00
-1.202834224700927734e+01 -5.146573066711425781e+00 2.256076097488403320e+00
-1.183689975738525391e+01 -5.113709449768066406e+00 2.207657814025878906e+00
-1.169776344299316406e+01 -5.008257389068603516e+00 2.218347311019897461e+00
-1.200550842285156250e+01 -5.016867160797119141e+00 2.104339122772216797e+00
-1.162722301483154297e+01 -4.813682079315185547e+00 2.208301782608032227e+00
-1.161936187744140625e+01 -4.704946041107177734e+00 2.205601453781127930e+00
-1.164025402069091797e+01 -4.608001708984375000e+00 2.195951223373413086e+00
-1.166322994232177734e+01 -4.514148712158203125e+00 2.183613538742065430e+00
-1.176998329162597656e+01 -4.590237140655517578e+00 1.980981707572937012e+00
-1.172615146636962891e+01 -4.367735862731933594e+00 2.108066558837890625e+00
-1.176691913604736328e+01 -4.333262443542480469e+00 2.023226499557495117e+00
-1.199584102630615234e+01 -4.267115116119384766e+00 2.065833091735839844e+00
-1.198991489410400391e+01 -4.183430671691894531e+00 2.022730588912963867e+00
-1.204284667968750000e+01 -4.314580917358398438e+00 1.739560246467590332e+00
-1.206134033203125000e+01 -4.061807632446289062e+00 1.910807371139526367e+00
-1.203438949584960938e+01 -3.987174272537231445e+00 1.829436659812927246e+00
-1.201279258728027344e+01 -3.937845230102539062e+00 1.710895657539367676e+00
-1.205801200866699219e+01 -3.969857692718505859e+00 1.538843989372253418e+00
-1.209945011138916016e+01 -3.881221294403076172e+00 1.517704010009765625e+00
-1.215930938720703125e+01 -3.828835964202880859e+00 1.470794916152954102e+00
-1.225132274627685547e+01 -3.804907560348510742e+00 1.420446634292602539e+00
-1.229917049407958984e+01 -3.746260643005371094e+00 1.369426369667053223e+00
-1.246529579162597656e+01 -3.785267591476440430e+00 1.332703828811645508e+00
-1.235190391540527344e+01 -3.568258285522460938e+00 1.312333822250366211e+00
-1.242446708679199219e+01 -3.521383285522460938e+00 1.290341615676879883e+00
-1.244057178497314453e+01 -3.464361190795898438e+00 1.205114126205444336e+00
-1.251884937286376953e+01 -3.451085329055786133e+00 1.145980119705200195e+00
-1.259492492675781250e+01 -3.430132627487182617e+00 1.094858527183532715e+00
-1.283275699615478516e+01 -3.527468204498291016e+00 1.133358716964721680e+00
-1.283207225799560547e+01 -3.452138423919677734e+00 1.023568630218505859e+00
-1.291054821014404297e+01 -3.419640541076660156e+00 1.011417627334594727e+00
-1.287457084655761719e+01 -3.290575981140136719e+00 9.607182145118713379e-01
-1.302063465118408203e+01 -3.314763069152832031e+00 9.782654047012329102e-01
-1.318474578857421875e+01 -3.324795961380004883e+00 1.167661786079406738e+00
-1.307236862182617188e+01 -3.156306505203247070e+00 9.220911264419555664e-01
-1.329915809631347656e+01 -3.211778879165649414e+00 1.191747188568115234e+00
-1.332764053344726562e+01 -3.139096498489379883e+00 1.224647998809814453e+00
-1.337645816802978516e+01 -3.078415870666503906e+00 1.244310975074768066e+00
-1.323522567749023438e+01 -2.885402441024780273e+00 8.947257995605468750e-01
-1.329956722259521484e+01 -2.828167915344238281e+00 9.034457206726074219e-01
-1.334885597229003906e+01 -2.761511564254760742e+00 9.125867486000061035e-01
-1.354929733276367188e+01 -2.792464733123779297e+00 1.244403481483459473e+00
-1.358675003051757812e+01 -2.715860605239868164e+00 1.258159399032592773e+00
-1.362154579162597656e+01 -2.638159036636352539e+00 1.284646391868591309e+00
-1.360218811035156250e+01 -2.549043655395507812e+00 1.382452607154846191e+00
-1.366660308837890625e+01 -2.447589397430419922e+00 1.169968008995056152e+00
-1.349530792236328125e+01 -2.272332191467285156e+00 9.750499725341796875e-01
-1.348880290985107422e+01 -2.185904979705810547e+00 9.914894700050354004e-01
-1.377950572967529297e+01 -2.234715700149536133e+00 1.359318971633911133e+00
-1.367612552642822266e+01 -2.057599544525146484e+00 1.008709430694580078e+00
-1.384104728698730469e+01 -2.049400806427001953e+00 1.296432971954345703e+00
-1.365490913391113281e+01 -1.883123874664306641e+00 1.008189558982849121e+00
-1.371867084503173828e+01 -1.804381847381591797e+00 1.038595318794250488e+00
-1.387884712219238281e+01 -1.836705923080444336e+00 1.480033993721008301e+00
-1.384247970581054688e+01 -1.785027861595153809e+00 1.588545322418212891e+00
-1.386901950836181641e+01 -1.705363273620605469e+00 1.602716088294982910e+00
-1.388226795196533203e+01 -1.625663042068481445e+00 1.598697543144226074e+00
-1.358446979522705078e+01 -1.418232202529907227e+00 1.050405979156494141e+00
-1.380751419067382812e+01 -1.346253514289855957e+00 1.220081210136413574e+00
-1.360724353790283203e+01 -1.276777029037475586e+00 1.104669213294982910e+00
-1.367561054229736328e+01 -1.203673362731933594e+00 1.183181166648864746e+00
-1.359243297576904297e+01 -1.146740794181823730e+00 1.168668985366821289e+00
-1.359435558319091797e+01 -1.083608269691467285e+00 1.215805649757385254e+00
-1.376541423797607422e+01 -1.091099023818969727e+00 1.579763770103454590e+00
-1.370580577850341797e+01 -1.071067214012145996e+00 1.672200560569763184e+00
-1.363667964935302734e+01 -1.125546216964721680e+00 1.828213453292846680e+00
-1.357663345336914062e+01 -1.093944787979125977e+00 1.850944638252258301e+00
-1.351672267913818359e+01 -1.060923218727111816e+00 1.865935087203979492e+00
-1.345693874359130859e+01 -1.028291821479797363e+00 1.886630058288574219e+00
-1.324865341186523438e+01 -8.667442202568054199e-01 1.478451490402221680e+00
-1.317032527923583984e+01 -8.689976334571838379e-01 1.506707072257995605e+00
-1.308897304534912109e+01 -8.800051212310791016e-01 1.546578645706176758e+00
-1.301717185974121094e+01 -8.902337551116943359e-01 1.598342299461364746e+00
-1.304258823394775391e+01 -9.822678565979003906e-01 1.923951387405395508e+00
-1.291995429992675781e+01 -9.668949842453002930e-01 1.866319656372070312e+00
-1.282539367675781250e+01 -9.980269670486450195e-01 1.923242211341857910e+00
-1.272909450531005859e+01 -1.001223921775817871e+00 1.939529418945312500e+00
-1.262440299987792969e+01 -1.004804253578186035e+00 1.959449529647827148e+00
-1.250756931304931641e+01 -9.992974996566772461e-01 1.947436332702636719e+00
-1.240169143676757812e+01 -9.946156740188598633e-01 1.998504161834716797e+00
-1.229113769531250000e+01 -1.006162881851196289e+00 2.053428173065185547e+00
-1.217314624786376953e+01 -1.011158108711242676e+00 2.115700006484985352e+00
-1.207280254364013672e+01 -1.015169501304626465e+00 2.174446105957031250e+00
-1.195346069335937500e+01 -1.005645036697387695e+00 2.210123062133789062e+00
-1.184063816070556641e+01 -1.003517150878906250e+00 2.256508350372314453e+00
-1.173016166687011719e+01 -1.001074790954589844e+00 2.300348997116088867e+00
-1.161553192138671875e+01 -1.000815272331237793e+00 2.331929206848144531e+00
-1.151576995849609375e+01 -9.748854041099548340e-01 2.369197845458984375e+00
-1.142229461669921875e+01 -9.677989482879638672e-01 2.403504133224487305e+00
-1.132681846618652344e+01 -9.673732519149780273e-01 2.447438240051269531e+00
-1.123742294311523438e+01 -9.698278307914733887e-01 2.465330839157104492e+00
-1.116473102569580078e+01 -9.417150020599365234e-01 2.511621713638305664e+00
-1.109908008575439453e+01 -9.212626218795776367e-01 2.572190284729003906e+00
-1.101727676391601562e+01 -9.220321774482727051e-01 2.594894409179687500e+00
-1.092454051971435547e+01 -9.237208962440490723e-01 2.597761392593383789e+00
-1.082014083862304688e+01 -9.013150334358215332e-01 2.532271862030029297e+00
-1.074693202972412109e+01 -8.826715946197509766e-01 2.544493675231933594e+00
-1.069901180267333984e+01 -8.801128268241882324e-01 2.647799730300903320e+00
-1.075112533569335938e+01 -8.032097816467285156e-01 2.870238065719604492e+00
-1.065458297729492188e+01 -7.981421947479248047e-01 2.864715814590454102e+00
-1.060163307189941406e+01 -7.564818263053894043e-01 2.885046005249023438e+00
-1.055468845367431641e+01 -7.081842422485351562e-01 2.909466981887817383e+00
-1.041504669189453125e+01 -6.394898295402526855e-01 2.609116315841674805e+00
-1.038011455535888672e+01 -5.752753615379333496e-01 2.620193719863891602e+00
-1.050201606750488281e+01 -5.103408098220825195e-01 3.001225948333740234e+00
-1.030603981018066406e+01 -4.501850605010986328e-01 2.634920358657836914e+00
-1.026545238494873047e+01 -3.987460136413574219e-01 2.670550584793090820e+00
-1.027104187011718750e+01 -2.915722131729125977e-01 2.627326726913452148e+00
-1.034685039520263672e+01 -2.457364946603775024e-01 3.014724731445312500e+00
-1.037936115264892578e+01 -1.373054236173629761e-01 3.033821344375610352e+00
-1.042249774932861328e+01 -9.863513987511396408e-04 2.967754364013671875e+00
-1.038882350921630859e+01 8.455964177846908569e-02 2.954762458801269531e+00
-1.025534915924072266e+01 1.582552343606948853e-01 2.733242273330688477e+00
-1.020733833312988281e+01 2.293806672096252441e-01 2.758058786392211914e+00
-1.008564567565917969e+01 2.697537839412689209e-01 2.733189582824707031e+00
-9.942347526550292969e+00 2.438457012176513672e-01 3.013803720474243164e+00
-9.919697761535644531e+00 3.467159569263458252e-01 3.010114431381225586e+00
-9.916565895080566406e+00 4.451503753662109375e-01 3.068352937698364258e+00
-1.002517032623291016e+01 5.945402383804321289e-01 3.113732099533081055e+00
-1.002888298034667969e+01 7.040702700614929199e-01 3.116123437881469727e+00
-1.000468063354492188e+01 8.355611562728881836e-01 2.956393957138061523e+00
-9.881693840026855469e+00 8.980733156204223633e-01 2.927347660064697266e+00
-9.722781181335449219e+00 9.323657155036926270e-01 2.973235368728637695e+00
-9.697571754455566406e+00 1.021541237831115723e+00 2.994200706481933594e+00
-9.674346923828125000e+00 1.086945176124572754e+00 3.119529008865356445e+00
-9.756254196166992188e+00 1.183884382247924805e+00 3.252064704895019531e+00
-9.802576065063476562e+00 1.297137618064880371e+00 3.258505821228027344e+00
-9.851852416992187500e+00 1.444436669349670410e+00 3.130652666091918945e+00
-9.765362739562988281e+00 1.504461765289306641e+00 3.088679552078247070e+00
-9.664499282836914062e+00 1.571023344993591309e+00 3.038654088973999023e+00
-9.671569824218750000e+00 1.651036262512207031e+00 3.089344501495361328e+00
-9.690752029418945312e+00 1.703570485115051270e+00 3.251984119415283203e+00
-9.416032791137695312e+00 1.660060882568359375e+00 3.297755718231201172e+00
-9.646791458129882812e+00 1.876429319381713867e+00 3.233642101287841797e+00
-9.391400337219238281e+00 1.837737202644348145e+00 3.255435943603515625e+00
-9.399970054626464844e+00 1.895572423934936523e+00 3.359507799148559570e+00
-9.525368690490722656e+00 2.076641082763671875e+00 3.274300813674926758e+00
-9.492424964904785156e+00 2.152435302734375000e+00 3.275134086608886719e+00
-9.370630264282226562e+00 2.180360078811645508e+00 3.287554979324340820e+00
-9.216526031494140625e+00 2.172194957733154297e+00 3.367845773696899414e+00
-9.291997909545898438e+00 2.317813873291015625e+00 3.337471961975097656e+00
-9.203412055969238281e+00 2.346897125244140625e+00 3.383978605270385742e+00
-9.122832298278808594e+00 2.386499881744384766e+00 3.437188386917114258e+00
-9.065574645996093750e+00 2.432420492172241211e+00 3.485106229782104492e+00
-9.033250808715820312e+00 2.491097211837768555e+00 3.520731210708618164e+00
-9.001782417297363281e+00 2.546246051788330078e+00 3.560505628585815430e+00
-8.978902816772460938e+00 2.602951288223266602e+00 3.599643230438232422e+00
-8.967208862304687500e+00 2.656911849975585938e+00 3.647854089736938477e+00
-8.961433410644531250e+00 2.713476419448852539e+00 3.694559097290039062e+00
-8.949869155883789062e+00 2.770891189575195312e+00 3.744154691696166992e+00
-8.970644950866699219e+00 2.830909490585327148e+00 3.791927337646484375e+00
-8.995299339294433594e+00 2.889338970184326172e+00 3.840275764465332031e+00
-9.026581764221191406e+00 2.947369337081909180e+00 3.905714511871337891e+00
-9.079152107238769531e+00 3.004557847976684570e+00 3.971395969390869141e+00
-9.132198333740234375e+00 3.062692642211914062e+00 4.054529666900634766e+00
-9.190501213073730469e+00 3.122692584991455078e+00 4.151171207427978516e+00
-9.262668609619140625e+00 3.181262731552124023e+00 4.258783817291259766e+00
-9.341939926147460938e+00 3.254735708236694336e+00 4.385088443756103516e+00
-9.424699783325195312e+00 3.339430332183837891e+00 4.528553962707519531e+00
-9.520495414733886719e+00 3.431447267532348633e+00 4.681901931762695312e+00
-9.624516487121582031e+00 3.534211635589599609e+00 4.846546173095703125e+00
-9.740546226501464844e+00 3.644640207290649414e+00 5.014095783233642578e+00
-9.862830162048339844e+00 3.762541294097900391e+00 5.181547641754150391e+00
-9.989328384399414062e+00 3.880531549453735352e+00 5.346617221832275391e+00
-1.010981559753417969e+01 3.994191408157348633e+00 5.500743389129638672e+00
-1.022246646881103516e+01 4.097925662994384766e+00 5.641993999481201172e+00
-1.032794761657714844e+01 4.188802242279052734e+00 5.771867275238037109e+00
-1.041884231567382812e+01 4.265481472015380859e+00 5.890892505645751953e+00
-1.050889492034912109e+01 4.340678215026855469e+00 5.995288372039794922e+00
-1.059001445770263672e+01 4.404112339019775391e+00 6.088570594787597656e+00
-1.066081523895263672e+01 4.461487293243408203e+00 6.167585372924804688e+00
-1.072749423980712891e+01 4.521143913269042969e+00 6.233025550842285156e+00
-1.078943157196044922e+01 4.576103210449218750e+00 6.282755851745605469e+00
-1.083760261535644531e+01 4.628730773925781250e+00 6.316617488861083984e+00
-1.088062286376953125e+01 4.672693729400634766e+00 6.335066795349121094e+00
-1.091160392761230469e+01 4.713340759277343750e+00 6.341629028320312500e+00
-1.093533897399902344e+01 4.747538089752197266e+00 6.337697505950927734e+00
-1.095088481903076172e+01 4.778759479522705078e+00 6.323531150817871094e+00
-1.096026992797851562e+01 4.808063983917236328e+00 6.298128604888916016e+00
-1.096460342407226562e+01 4.835865974426269531e+00 6.260419368743896484e+00
-1.096083736419677734e+01 4.863832950592041016e+00 6.209556102752685547e+00
-1.094112014770507812e+01 4.896441936492919922e+00 6.145358562469482422e+00
-1.092423343658447266e+01 4.921081066131591797e+00 6.060491561889648438e+00
-1.090044021606445312e+01 4.938556194305419922e+00 5.965315341949462891e+00
-1.086815357208251953e+01 4.953700542449951172e+00 5.862364768981933594e+00
-1.082130050659179688e+01 4.961788654327392578e+00 5.751758098602294922e+00
-1.077248191833496094e+01 4.966800212860107422e+00 5.625018119812011719e+00
-1.072601890563964844e+01 4.974470615386962891e+00 5.489284992218017578e+00
-1.067507266998291016e+01 4.987559795379638672e+00 5.335164546966552734e+00
-1.061748600006103516e+01 4.994441032409667969e+00 5.177084445953369141e+00
-1.055695533752441406e+01 5.002484798431396484e+00 5.002730369567871094e+00
-1.049328041076660156e+01 5.010068416595458984e+00 4.815404415130615234e+00
-1.042946052551269531e+01 5.017816543579101562e+00 4.631205558776855469e+00
-1.036267662048339844e+01 5.025230407714843750e+00 4.449643611907958984e+00
-1.029210281372070312e+01 5.021338939666748047e+00 4.274386405944824219e+00
-1.022477245330810547e+01 5.014674663543701172e+00 4.106505870819091797e+00
-1.015934944152832031e+01 5.004148960113525391e+00 3.951799392700195312e+00
-1.009689807891845703e+01 4.994127750396728516e+00 3.812730789184570312e+00
-1.003816604614257812e+01 4.978927135467529297e+00 3.687877655029296875e+00
-9.985957145690917969e+00 4.965631961822509766e+00 3.577569246292114258e+00
-9.935156822204589844e+00 4.953586578369140625e+00 3.476136207580566406e+00
-9.896148681640625000e+00 4.935277938842773438e+00 3.377045869827270508e+00
-9.855337142944335938e+00 4.920706272125244141e+00 3.290107488632202148e+00
-9.814915657043457031e+00 4.906241893768310547e+00 3.207978725433349609e+00
-9.784266471862792969e+00 4.885116100311279297e+00 3.129981994628906250e+00
-9.744891166687011719e+00 4.865605831146240234e+00 3.059477329254150391e+00
-9.697701454162597656e+00 4.838829994201660156e+00 2.997800350189208984e+00
-9.655528068542480469e+00 4.818093299865722656e+00 2.941814661026000977e+00
-9.610960006713867188e+00 4.791964530944824219e+00 2.896021842956542969e+00
-9.534944534301757812e+00 4.785571098327636719e+00 2.874422073364257812e+00
-9.463548660278320312e+00 4.774500846862792969e+00 2.854798078536987305e+00
-9.391427993774414062e+00 4.756144523620605469e+00 2.844305276870727539e+00
-9.335685729980468750e+00 4.716577053070068359e+00 2.817610502243041992e+00
-9.283815383911132812e+00 4.675855159759521484e+00 2.791378021240234375e+00
-9.202666282653808594e+00 4.646630764007568359e+00 2.795937299728393555e+00
-9.129937171936035156e+00 4.600032806396484375e+00 2.792388200759887695e+00
-9.053432464599609375e+00 4.555895805358886719e+00 2.793338060379028320e+00
-8.985569000244140625e+00 4.496737003326416016e+00 2.771771669387817383e+00
-8.902622222900390625e+00 4.442090034484863281e+00 2.764604091644287109e+00
-8.819327354431152344e+00 4.381971359252929688e+00 2.749607086181640625e+00
-8.722853660583496094e+00 4.317693710327148438e+00 2.729773044586181641e+00
-8.617999076843261719e+00 4.248189926147460938e+00 2.704478740692138672e+00
-8.503869056701660156e+00 4.171781539916992188e+00 2.670817852020263672e+00
-8.372625350952148438e+00 4.089555263519287109e+00 2.634361505508422852e+00
-8.228454589843750000e+00 4.003805160522460938e+00 2.587730407714843750e+00
-8.074237823486328125e+00 3.922761917114257812e+00 2.532822608947753906e+00
-7.900647163391113281e+00 3.834876775741577148e+00 2.473946094512939453e+00
-7.719348430633544922e+00 3.750032424926757812e+00 2.412021160125732422e+00
-7.534075736999511719e+00 3.674524784088134766e+00 2.348393917083740234e+00
-7.352562427520751953e+00 3.604972124099731445e+00 2.287250280380249023e+00
-7.183607578277587891e+00 3.547650575637817383e+00 2.232216119766235352e+00
-7.030809879302978516e+00 3.500875711441040039e+00 2.184373617172241211e+00
-6.893261909484863281e+00 3.464644908905029297e+00 2.144038677215576172e+00
-6.763940334320068359e+00 3.436986207962036133e+00 2.106613636016845703e+00
-6.619446277618408203e+00 3.415288686752319336e+00 2.069406747817993164e+00
2.216037034988403320e+00 8.762750625610351562e+00 1.186673045158386230e+00
2.358464002609252930e+00 8.732566833496093750e+00 1.211782455444335938e+00
2.489028930664062500e+00 8.698084831237792969e+00 1.244380235671997070e+00
2.621129989624023438e+00 8.659398078918457031e+00 1.283215999603271484e+00
2.762285947799682617e+00 8.616603851318359375e+00 1.332484006881713867e+00
2.908892869949340820e+00 8.568600654602050781e+00 1.389788866043090820e+00
3.068622589111328125e+00 8.513465881347656250e+00 1.457457661628723145e+00
3.231117725372314453e+00 8.453501701354980469e+00 1.531741261482238770e+00
3.385260581970214844e+00 8.392647743225097656e+00 1.607287049293518066e+00
3.529745817184448242e+00 8.329714775085449219e+00 1.684906601905822754e+00
3.667439222335815430e+00 8.263250350952148438e+00 1.765252232551574707e+00
3.783189773559570312e+00 8.205472946166992188e+00 1.835927367210388184e+00
3.885510444641113281e+00 8.150736808776855469e+00 1.901492118835449219e+00
3.973424673080444336e+00 8.099752426147460938e+00 1.962184071540832520e+00
4.047546386718750000e+00 8.047949790954589844e+00 2.023214101791381836e+00
4.111945152282714844e+00 8.002830505371093750e+00 2.076841831207275391e+00
4.167263984680175781e+00 7.959764480590820312e+00 2.128191471099853516e+00
4.214999198913574219e+00 7.917315959930419922e+00 2.177541255950927734e+00
4.251588821411132812e+00 7.876590251922607422e+00 2.226265192031860352e+00
4.283271312713623047e+00 7.833935737609863281e+00 2.276267290115356445e+00
4.310533523559570312e+00 7.789817810058593750e+00 2.330230474472045898e+00
4.333765029907226562e+00 7.739414691925048828e+00 2.389180421829223633e+00
4.354567050933837891e+00 7.686611652374267578e+00 2.449336767196655273e+00
4.373363971710205078e+00 7.628025531768798828e+00 2.515225410461425781e+00
4.391140460968017578e+00 7.562824249267578125e+00 2.587197065353393555e+00
4.417837142944335938e+00 7.488565444946289062e+00 2.666996002197265625e+00
4.435962677001953125e+00 7.406404495239257812e+00 2.752859115600585938e+00
4.455402374267578125e+00 7.310759544372558594e+00 2.849626541137695312e+00
4.476390838623046875e+00 7.205588340759277344e+00 2.955931425094604492e+00
4.500853061676025391e+00 7.090110301971435547e+00 3.068764209747314453e+00
4.529520988464355469e+00 6.963832855224609375e+00 3.189343452453613281e+00
4.555442810058593750e+00 6.830113410949707031e+00 3.317509889602661133e+00
4.581972599029541016e+00 6.690971851348876953e+00 3.448642969131469727e+00
4.611120223999023438e+00 6.544327259063720703e+00 3.586822748184204102e+00
4.641928672790527344e+00 6.396392822265625000e+00 3.726339817047119141e+00
4.675474166870117188e+00 6.245344638824462891e+00 3.870153427124023438e+00
4.711527824401855469e+00 6.098195075988769531e+00 4.012639045715332031e+00
4.750205993652343750e+00 5.951018333435058594e+00 4.156803131103515625e+00
4.792743206024169922e+00 5.804517269134521484e+00 4.303475379943847656e+00
4.838844776153564453e+00 5.661892414093017578e+00 4.449011325836181641e+00
4.887447834014892578e+00 5.519851684570312500e+00 4.596226215362548828e+00
4.938364982604980469e+00 5.381606101989746094e+00 4.742496490478515625e+00
4.991139888763427734e+00 5.248640537261962891e+00 4.885199069976806641e+00
5.044754505157470703e+00 5.120967388153076172e+00 5.024167060852050781e+00
5.094290733337402344e+00 5.001688003540039062e+00 5.149118900299072266e+00
5.147169113159179688e+00 4.883367061614990234e+00 5.275667190551757812e+00
5.198122978210449219e+00 4.773463249206542969e+00 5.392651081085205078e+00
5.245702743530273438e+00 4.670546054840087891e+00 5.501562595367431641e+00
5.290747642517089844e+00 4.574930667877197266e+00 5.602072715759277344e+00
5.329638957977294922e+00 4.488056182861328125e+00 5.688934326171875000e+00
5.367901325225830078e+00 4.407122135162353516e+00 5.771131992340087891e+00
5.401673793792724609e+00 4.328425407409667969e+00 5.844239711761474609e+00
5.432365417480468750e+00 4.257709503173828125e+00 5.910883426666259766e+00
5.461092948913574219e+00 4.190097332000732422e+00 5.971978664398193359e+00
5.486456394195556641e+00 4.123834609985351562e+00 6.028092384338378906e+00
5.509454250335693359e+00 4.056036472320556641e+00 6.079478263854980469e+00
5.529510498046875000e+00 3.987721920013427734e+00 6.126553535461425781e+00
5.546586036682128906e+00 3.914685010910034180e+00 6.169332981109619141e+00
5.562605381011962891e+00 3.837182283401489258e+00 6.210878372192382812e+00
5.572590827941894531e+00 3.750795364379882812e+00 6.243595123291015625e+00
5.579128265380859375e+00 3.648657798767089844e+00 6.270746231079101562e+00
5.580949783325195312e+00 3.531577587127685547e+00 6.292168140411376953e+00
5.577084064483642578e+00 3.393715858459472656e+00 6.306636333465576172e+00
5.566119670867919922e+00 3.232264280319213867e+00 6.314378261566162109e+00
5.545111656188964844e+00 3.039754867553710938e+00 6.315058708190917969e+00
5.509613990783691406e+00 2.809573888778686523e+00 6.308590888977050781e+00
5.461750984191894531e+00 2.548999547958374023e+00 6.299791812896728516e+00
5.400211334228515625e+00 2.259700536727905273e+00 6.290589332580566406e+00
5.314389228820800781e+00 1.939109921455383301e+00 6.268922805786132812e+00
5.206539630889892578e+00 1.603568315505981445e+00 6.239892959594726562e+00
5.076797008514404297e+00 1.261936545372009277e+00 6.202755928039550781e+00
4.924391746520996094e+00 9.236424565315246582e-01 6.155767440795898438e+00
4.750495910644531250e+00 5.991003513336181641e-01 6.103670597076416016e+00
4.553699970245361328e+00 2.928651869297027588e-01 6.048354625701904297e+00
4.340928554534912109e+00 1.513564772903919220e-02 5.994336605072021484e+00
4.098324298858642578e+00 -2.385646253824234009e-01 5.942878246307373047e+00
3.840468645095825195e+00 -4.641618132591247559e-01 5.898154258728027344e+00
3.574191093444824219e+00 -6.459287405014038086e-01 5.852257251739501953e+00
3.309696674346923828e+00 -7.956307530403137207e-01 5.809446334838867188e+00
3.058490037918090820e+00 -9.106735587120056152e-01 5.767822265625000000e+00
2.832554101943969727e+00 -9.896283149719238281e-01 5.732146739959716797e+00
2.636890172958374023e+00 -1.045085549354553223e+00 5.698976516723632812e+00
2.470780849456787109e+00 -1.076704740524291992e+00 5.670744419097900391e+00
2.333058357238769531e+00 -1.089869618415832520e+00 5.647138595581054688e+00
2.221696853637695312e+00 -1.086843729019165039e+00 5.627611637115478516e+00
2.131176233291625977e+00 -1.069139361381530762e+00 5.611748218536376953e+00
2.059242248535156250e+00 -1.039461970329284668e+00 5.601158618927001953e+00
1.998797059059143066e+00 -9.954713582992553711e-01 5.592360973358154297e+00
1.948511004447937012e+00 -9.353691339492797852e-01 5.590549945831298828e+00
1.904453873634338379e+00 -8.594667911529541016e-01 5.594302177429199219e+00
1.863825082778930664e+00 -7.646546363830566406e-01 5.609222412109375000e+00
1.825180888175964355e+00 -6.480968594551086426e-01 5.639847755432128906e+00
1.786431550979614258e+00 -5.089295506477355957e-01 5.690709590911865234e+00
1.757125020027160645e+00 -3.354499042034149170e-01 5.776215553283691406e+00
1.732068061828613281e+00 -1.348631232976913452e-01 5.891787052154541016e+00
1.721385359764099121e+00 9.282068163156509399e-02 6.042535781860351562e+00
1.728065133094787598e+00 3.453561663627624512e-01 6.225057125091552734e+00
1.754874825477600098e+00 6.180970072746276855e-01 6.433779716491699219e+00
1.809528470039367676e+00 8.940354585647583008e-01 6.653441429138183594e+00
1.884330987930297852e+00 1.161751508712768555e+00 6.861797332763671875e+00
1.987653017044067383e+00 1.426245093345642090e+00 7.058814048767089844e+00
2.123306989669799805e+00 1.684204339981079102e+00 7.234207630157470703e+00
2.289343118667602539e+00 1.934016466140747070e+00 7.377346992492675781e+00
2.487493991851806641e+00 2.175413608551025391e+00 7.487886428833007812e+00
2.714845895767211914e+00 2.407488346099853516e+00 7.570172786712646484e+00
2.968739271163940430e+00 2.625706195831298828e+00 7.637454509735107422e+00
3.236222743988037109e+00 2.823179960250854492e+00 7.690104007720947266e+00
3.506017208099365234e+00 2.994050979614257812e+00 7.737303256988525391e+00
3.771967172622680664e+00 3.136291265487670898e+00 7.781250000000000000e+00
4.024891853332519531e+00 3.248508930206298828e+00 7.819702148437500000e+00
4.268865108489990234e+00 3.337599515914916992e+00 7.854340553283691406e+00
4.498290061950683594e+00 3.402046918869018555e+00 7.885558605194091797e+00
4.712234020233154297e+00 3.447923183441162109e+00 7.913134098052978516e+00
4.908432006835937500e+00 3.473664999008178711e+00 7.939410686492919922e+00
5.097720623016357422e+00 3.488632440567016602e+00 7.965886592864990234e+00
5.271359920501708984e+00 3.490816593170166016e+00 7.991175174713134766e+00
5.441823482513427734e+00 3.480658531188964844e+00 8.018303871154785156e+00
5.602837085723876953e+00 3.464424610137939453e+00 8.045230865478515625e+00
5.750435352325439453e+00 3.439186811447143555e+00 8.072424888610839844e+00
5.888719081878662109e+00 3.407328605651855469e+00 8.100794792175292969e+00
6.019042015075683594e+00 3.370035886764526367e+00 8.129007339477539062e+00
6.138193607330322266e+00 3.327114582061767578e+00 8.158074378967285156e+00
6.252122402191162109e+00 3.279743432998657227e+00 8.186786651611328125e+00
6.362469673156738281e+00 3.226166486740112305e+00 8.215623855590820312e+00
6.465317249298095703e+00 3.169239997863769531e+00 8.243509292602539062e+00
6.561654567718505859e+00 3.107473134994506836e+00 8.272597312927246094e+00
6.653356552124023438e+00 3.041239500045776367e+00 8.301173210144042969e+00
6.742380142211914062e+00 2.967632293701171875e+00 8.329977035522460938e+00
6.829061985015869141e+00 2.892431497573852539e+00 8.358693122863769531e+00
6.904501914978027344e+00 2.813738107681274414e+00 8.386597633361816406e+00
6.974027156829833984e+00 2.728240728378295898e+00 8.416739463806152344e+00
7.042147159576416016e+00 2.636386632919311523e+00 8.445983886718750000e+00
7.104279994964599609e+00 2.540634155273437500e+00 8.475453376770019531e+00
7.162102222442626953e+00 2.439084053039550781e+00 8.504717826843261719e+00
7.213422775268554688e+00 2.336620807647705078e+00 8.536250114440917969e+00
7.260214805603027344e+00 2.230352878570556641e+00 8.564982414245605469e+00
7.303975105285644531e+00 2.126610994338989258e+00 8.595787048339843750e+00
7.343491554260253906e+00 2.034023046493530273e+00 8.632780075073242188e+00
7.370429992675781250e+00 1.929542541503906250e+00 8.673830986022949219e+00
7.397865772247314453e+00 1.828518867492675781e+00 8.706639289855957031e+00
7.421829223632812500e+00 1.729694485664367676e+00 8.734944343566894531e+00
7.444191455841064453e+00 1.635110735893249512e+00 8.768503189086914062e+00
7.416511058807373047e+00 1.544280529022216797e+00 8.812099456787109375e+00
7.419695854187011719e+00 1.455160617828369141e+00 8.841501235961914062e+00
7.422043800354003906e+00 1.373444795608520508e+00 8.875294685363769531e+00
7.420199871063232422e+00 1.309383511543273926e+00 8.925933837890625000e+00
7.415911197662353516e+00 1.250779628753662109e+00 8.970345497131347656e+00
7.407302856445312500e+00 1.200082182884216309e+00 9.016570091247558594e+00
7.399017333984375000e+00 1.161422491073608398e+00 9.069968223571777344e+00
7.384907245635986328e+00 1.128507733345031738e+00 9.125387191772460938e+00
7.370457172393798828e+00 1.112551331520080566e+00 9.189812660217285156e+00
7.347513675689697266e+00 1.107654213905334473e+00 9.257747650146484375e+00
7.313438892364501953e+00 1.095874309539794922e+00 9.309002876281738281e+00
7.265929222106933594e+00 1.074465394020080566e+00 9.348957061767578125e+00
7.231996059417724609e+00 1.059279561042785645e+00 9.391092300415039062e+00
7.189498424530029297e+00 1.031961560249328613e+00 9.422954559326171875e+00
7.161327362060546875e+00 9.905635714530944824e-01 9.446543693542480469e+00
7.123708724975585938e+00 9.416643381118774414e-01 9.471966743469238281e+00
7.088015556335449219e+00 8.934180140495300293e-01 9.509003639221191406e+00
7.063783645629882812e+00 8.247524499893188477e-01 9.549278259277343750e+00
7.025606155395507812e+00 7.601655125617980957e-01 9.591734886169433594e+00
6.980059623718261719e+00 6.877804398536682129e-01 9.642271041870117188e+00
6.930782318115234375e+00 6.056313514709472656e-01 9.698742866516113281e+00
6.872593879699707031e+00 5.133060812950134277e-01 9.762447357177734375e+00
6.794589996337890625e+00 4.108999669551849365e-01 9.841097831726074219e+00
6.717687606811523438e+00 2.873498499393463135e-01 9.915067672729492188e+00
6.623052120208740234e+00 1.497912704944610596e-01 9.999372482299804688e+00
6.517381668090820312e+00 -4.767345264554023743e-03 1.008746910095214844e+01
6.400928497314453125e+00 -1.704357415437698364e-01 1.017700767517089844e+01
6.279472827911376953e+00 -3.395912945270538330e-01 1.025872230529785156e+01
6.160551071166992188e+00 -5.050216913223266602e-01 1.032731723785400391e+01
6.055747985839843750e+00 -6.496590971946716309e-01 1.037700939178466797e+01
5.958045005798339844e+00 -7.845560312271118164e-01 1.041339302062988281e+01
5.865124225616455078e+00 -9.115371108055114746e-01 1.043468570709228516e+01
5.765769004821777344e+00 -1.047022938728332520e+00 1.043559646606445312e+01
-1.058853149414062500e+00 8.653873801231384277e-01 6.094725131988525391e+00
-1.057693123817443848e+00 7.779961824417114258e-01 6.225001811981201172e+00
-1.047714114189147949e+00 7.026731371879577637e-01 6.349774837493896484e+00
-1.034413099288940430e+00 6.329715847969055176e-01 6.471402168273925781e+00
-1.018315076828002930e+00 5.686798691749572754e-01 6.590675354003906250e+00
-1.000145196914672852e+00 5.113880038261413574e-01 6.702456474304199219e+00
-9.820737242698669434e-01 4.588988125324249268e-01 6.803214073181152344e+00
-9.644467830657958984e-01 4.135813713073730469e-01 6.892288684844970703e+00
-9.486226439476013184e-01 3.783149719238281250e-01 6.969091415405273438e+00
-9.290755391120910645e-01 3.515709936618804932e-01 7.039974212646484375e+00
-9.080649614334106445e-01 3.310260474681854248e-01 7.102581024169921875e+00
-8.879674077033996582e-01 3.153852522373199463e-01 7.157349586486816406e+00
-8.606222271919250488e-01 3.073548972606658936e-01 7.214578151702880859e+00
-8.291221261024475098e-01 3.065969049930572510e-01 7.272119522094726562e+00
-7.909750342369079590e-01 3.113912940025329590e-01 7.333337783813476562e+00
-7.455872893333435059e-01 3.227446675300598145e-01 7.399210453033447266e+00
-6.907545328140258789e-01 3.394872546195983887e-01 7.475400447845458984e+00
-6.249035000801086426e-01 3.627867102622985840e-01 7.563774585723876953e+00
-5.444945693016052246e-01 3.922941982746124268e-01 7.671531677246093750e+00
-4.488940834999084473e-01 4.267486929893493652e-01 7.797298908233642578e+00
-3.334137201309204102e-01 4.686294794082641602e-01 7.945484638214111328e+00
-1.999770551919937134e-01 5.147677063941955566e-01 8.120343208312988281e+00
-4.802839830517768860e-02 5.648587942123413086e-01 8.312383651733398438e+00
1.256577670574188232e-01 6.182847023010253906e-01 8.515562057495117188e+00
3.258917033672332764e-01 6.734543442726135254e-01 8.735208511352539062e+00
5.992732048034667969e-01 7.239862084388732910e-01 8.998844146728515625e+00
1.617882132530212402e+00 1.012606978416442871e+00 1.164415931701660156e+01
1.875936269760131836e+00 1.069019675254821777e+00 1.166981506347656250e+01
2.136665344238281250e+00 1.134553432464599609e+00 1.165239524841308594e+01
2.411988735198974609e+00 1.211787700653076172e+00 1.160687541961669922e+01
2.697055816650390625e+00 1.286379575729370117e+00 1.154747867584228516e+01
2.978493928909301758e+00 1.359713315963745117e+00 1.149225044250488281e+01
3.240084648132324219e+00 1.431267976760864258e+00 1.144897079467773438e+01
3.472416400909423828e+00 1.498503327369689941e+00 1.141693305969238281e+01
3.680283069610595703e+00 1.551998734474182129e+00 1.138722610473632812e+01
3.852253198623657227e+00 1.599972248077392578e+00 1.135899543762207031e+01
3.988396167755126953e+00 1.618068695068359375e+00 1.133318805694580078e+01
4.100150108337402344e+00 1.624698638916015625e+00 1.131896972656250000e+01
4.188195228576660156e+00 1.615258574485778809e+00 1.131015968322753906e+01
4.250543594360351562e+00 1.592777848243713379e+00 1.130966186523437500e+01
4.304018497467041016e+00 1.546633720397949219e+00 1.131548595428466797e+01
4.336244106292724609e+00 1.499112963676452637e+00 1.133381557464599609e+01
4.354968547821044922e+00 1.438782691955566406e+00 1.136206150054931641e+01
4.361147403717041016e+00 1.364434361457824707e+00 1.140109539031982422e+01
4.351889133453369141e+00 1.275518655776977539e+00 1.145520019531250000e+01
4.327109336853027344e+00 1.174206972122192383e+00 1.151848602294921875e+01
4.282824516296386719e+00 1.066834449768066406e+00 1.159113502502441406e+01
4.222167015075683594e+00 9.536108970642089844e-01 1.167767429351806641e+01
4.139495849609375000e+00 8.404701352119445801e-01 1.177845954895019531e+01
4.044028282165527344e+00 7.355078458786010742e-01 1.189465618133544922e+01
3.923506259918212891e+00 6.466109156608581543e-01 1.201153087615966797e+01
3.785863876342773438e+00 5.839980244636535645e-01 1.213524532318115234e+01
3.632009029388427734e+00 5.393477082252502441e-01 1.226151943206787109e+01
3.474387407302856445e+00 5.096088051795959473e-01 1.237688446044921875e+01
3.320129394531250000e+00 4.870167076587677002e-01 1.247826576232910156e+01
3.170415401458740234e+00 4.562159478664398193e-01 1.255929374694824219e+01
3.028834819793701172e+00 4.204664528369903564e-01 1.262590122222900391e+01
2.903086185455322266e+00 3.736784160137176514e-01 1.266844177246093750e+01
2.798897266387939453e+00 3.247241377830505371e-01 1.270055770874023438e+01
2.717257738113403320e+00 2.713782191276550293e-01 1.271797466278076172e+01
2.655516624450683594e+00 2.174750268459320068e-01 1.272746276855468750e+01
2.611198902130126953e+00 1.623647958040237427e-01 1.273345375061035156e+01
2.585961580276489258e+00 1.071326434612274170e-01 1.273090744018554688e+01
2.580121040344238281e+00 4.975998029112815857e-02 1.272469806671142578e+01
2.590054750442504883e+00 -1.221480965614318848e-02 1.271369743347167969e+01
2.617380619049072266e+00 -8.059792220592498779e-02 1.269706153869628906e+01
2.665234088897705078e+00 -1.535451561212539673e-01 1.267719554901123047e+01
2.727099657058715820e+00 -2.297107875347137451e-01 1.265068817138671875e+01
2.807780265808105469e+00 -3.033428788185119629e-01 1.261916637420654297e+01
2.906508922576904297e+00 -3.715265393257141113e-01 1.258334159851074219e+01
3.012506246566772461e+00 -4.323616027832031250e-01 1.254309463500976562e+01
3.125519990921020508e+00 -4.892043173313140869e-01 1.249656295776367188e+01
3.242619991302490234e+00 -5.412489771842956543e-01 1.244518280029296875e+01
3.359278678894042969e+00 -5.887438058853149414e-01 1.239151000976562500e+01
3.465536594390869141e+00 -6.378805041313171387e-01 1.233676147460937500e+01
3.562891244888305664e+00 -6.978731155395507812e-01 1.228601264953613281e+01
3.635845184326171875e+00 -7.603757381439208984e-01 1.224102210998535156e+01
3.693871021270751953e+00 -8.326120376586914062e-01 1.220349979400634766e+01
3.734958887100219727e+00 -9.179221391677856445e-01 1.217396736145019531e+01
3.758262872695922852e+00 -1.019756078720092773e+00 1.215171623229980469e+01
3.764847993850708008e+00 -1.138853073120117188e+00 1.213569355010986328e+01
3.739034175872802734e+00 -1.283927917480468750e+00 1.212909889221191406e+01
3.691154479980468750e+00 -1.445266723632812500e+00 1.212911415100097656e+01
3.611479282379150391e+00 -1.619490861892700195e+00 1.213717365264892578e+01
3.509737968444824219e+00 -1.807803153991699219e+00 1.214824676513671875e+01
3.376753568649291992e+00 -2.000279903411865234e+00 1.216401386260986328e+01
3.218624591827392578e+00 -2.194717407226562500e+00 1.218144607543945312e+01
3.036751747131347656e+00 -2.383118391036987305e+00 1.219921207427978516e+01
2.835526943206787109e+00 -2.563606500625610352e+00 1.221569728851318359e+01
2.615956306457519531e+00 -2.732894420623779297e+00 1.222989177703857422e+01
2.387407302856445312e+00 -2.888327121734619141e+00 1.223975086212158203e+01
2.147889137268066406e+00 -3.030279159545898438e+00 1.224605178833007812e+01
1.901901960372924805e+00 -3.159602642059326172e+00 1.224486541748046875e+01
1.649194598197937012e+00 -3.277745246887207031e+00 1.223660755157470703e+01
1.393831968307495117e+00 -3.382948160171508789e+00 1.222103691101074219e+01
1.137472033500671387e+00 -3.480049371719360352e+00 1.219734954833984375e+01
8.845781683921813965e-01 -3.564148187637329102e+00 1.216563796997070312e+01
6.416433453559875488e-01 -3.632936716079711914e+00 1.212315845489501953e+01
4.147236049175262451e-01 -3.693626880645751953e+00 1.207466983795166016e+01
2.077240496873855591e-01 -3.744287967681884766e+00 1.202438545227050781e+01
2.684867009520530701e-02 -3.783065080642700195e+00 1.197015953063964844e+01
-1.307139545679092407e-01 -3.816390037536621094e+00 1.191539955139160156e+01
-2.639968097209930420e-01 -3.841170787811279297e+00 1.186306667327880859e+01
-3.758189976215362549e-01 -3.857838869094848633e+00 1.181321525573730469e+01
-4.694705605506896973e-01 -3.868754148483276367e+00 1.176435756683349609e+01
-5.472096204757690430e-01 -3.872566223144531250e+00 1.171716976165771484e+01
-6.144626140594482422e-01 -3.870038032531738281e+00 1.167106246948242188e+01
-6.704378128051757812e-01 -3.859817028045654297e+00 1.162332344055175781e+01
-7.173988819122314453e-01 -3.840668201446533203e+00 1.157530784606933594e+01
-7.605951428413391113e-01 -3.813822507858276367e+00 1.152252960205078125e+01
-7.980961799621582031e-01 -3.772158622741699219e+00 1.146425724029541016e+01
-8.325335383415222168e-01 -3.713318586349487305e+00 1.139911365509033203e+01
-8.680876493453979492e-01 -3.637467384338378906e+00 1.132803630828857422e+01
-8.920624852180480957e-01 -3.536475181579589844e+00 1.125303268432617188e+01
-9.136474132537841797e-01 -3.403895616531372070e+00 1.116455459594726562e+01
-9.291713833808898926e-01 -3.232211351394653320e+00 1.106680679321289062e+01
-9.303856492042541504e-01 -3.021568298339843750e+00 1.096780109405517578e+01
-9.126737713813781738e-01 -2.772051572799682617e+00 1.086739826202392578e+01
-8.749139904975891113e-01 -2.491857767105102539e+00 1.077238082885742188e+01
-8.069368004798889160e-01 -2.185775756835937500e+00 1.069781398773193359e+01
-6.975896358489990234e-01 -1.858529329299926758e+00 1.064020538330078125e+01
-5.475683212280273438e-01 -1.531254291534423828e+00 1.060373783111572266e+01
-3.598535954952239990e-01 -1.214937925338745117e+00 1.058690071105957031e+01
-1.310269087553024292e-01 -9.160938858985900879e-01 1.058405399322509766e+01
1.410864293575286865e-01 -6.328494548797607422e-01 1.058994674682617188e+01
4.306294322013854980e-01 -3.671853840351104736e-01 1.060440540313720703e+01
7.192053198814392090e-01 -1.269221156835556030e-01 1.062280082702636719e+01
1.001532554626464844e+00 7.283317297697067261e-02 1.063864612579345703e+01
1.268597722053527832e+00 2.288713008165359497e-01 1.063944435119628906e+01
1.518931269645690918e+00 3.336865007877349854e-01 1.062544059753417969e+01
1.742256879806518555e+00 4.071600437164306641e-01 1.060472011566162109e+01
1.933299422264099121e+00 4.502441883087158203e-01 1.058493137359619141e+01
2.091791152954101562e+00 4.730952382087707520e-01 1.056882667541503906e+01
2.219480276107788086e+00 4.785380661487579346e-01 1.055628967285156250e+01
2.327497243881225586e+00 4.648135304450988770e-01 1.054695892333984375e+01
2.413168191909790039e+00 4.281028211116790771e-01 1.053952598571777344e+01
2.480981588363647461e+00 3.692697882652282715e-01 1.053217601776123047e+01
2.532356262207031250e+00 2.853462696075439453e-01 1.051995849609375000e+01
2.572009086608886719e+00 1.756463497877120972e-01 1.049623680114746094e+01
2.605468273162841797e+00 3.536660596728324890e-02 1.044929790496826172e+01
2.631076812744140625e+00 -1.363863050937652588e-01 1.036607837677001953e+01
2.648463964462280273e+00 -3.366833329200744629e-01 1.023269653320312500e+01
2.653938055038452148e+00 -5.656576156616210938e-01 1.004276084899902344e+01
2.648742914199829102e+00 -8.172033429145812988e-01 9.797664642333984375e+00
2.628255605697631836e+00 -1.090765595436096191e+00 9.508083343505859375e+00
2.590483903884887695e+00 -1.372488975524902344e+00 9.203268051147460938e+00
2.532026767730712891e+00 -1.659698009490966797e+00 8.898060798645019531e+00
2.451460361480712891e+00 -1.955457210540771484e+00 8.592412948608398438e+00
2.350794553756713867e+00 -2.258182764053344727e+00 8.306298255920410156e+00
2.227051496505737305e+00 -2.563218116760253906e+00 8.051328659057617188e+00
2.074234724044799805e+00 -2.866830110549926758e+00 7.846475601196289062e+00
1.890977501869201660e+00 -3.172819375991821289e+00 7.694119930267333984e+00
1.690500617027282715e+00 -3.472646713256835938e+00 7.597877025604248047e+00
1.481762170791625977e+00 -3.762481451034545898e+00 7.549862384796142578e+00
1.276489973068237305e+00 -4.038664340972900391e+00 7.553318977355957031e+00
1.086942195892333984e+00 -4.277223587036132812e+00 7.589866638183593750e+00
9.209904074668884277e-01 -4.480029106140136719e+00 7.648114204406738281e+00
7.784087657928466797e-01 -4.651127338409423828e+00 7.723234176635742188e+00
6.592506170272827148e-01 -4.787685394287109375e+00 7.801242828369140625e+00
5.582529306411743164e-01 -4.889222145080566406e+00 7.877371311187744141e+00
4.752268791198730469e-01 -4.962673664093017578e+00 7.952235221862792969e+00
4.078736007213592529e-01 -5.010480403900146484e+00 8.022639274597167969e+00
3.515341281890869141e-01 -5.039302349090576172e+00 8.089590072631835938e+00
3.058015108108520508e-01 -5.049029827117919922e+00 8.153664588928222656e+00
2.700169682502746582e-01 -5.039812564849853516e+00 8.214711189270019531e+00
2.414446175098419189e-01 -5.012487411499023438e+00 8.279146194458007812e+00
2.190412729978561401e-01 -4.965261459350585938e+00 8.346834182739257812e+00
2.016377598047256470e-01 -4.895126819610595703e+00 8.420275688171386719e+00
1.874845921993255615e-01 -4.793021678924560547e+00 8.499952316284179688e+00
1.738081276416778564e-01 -4.662934780120849609e+00 8.583138465881347656e+00
1.572799086570739746e-01 -4.495836257934570312e+00 8.668354034423828125e+00
1.312251538038253784e-01 -4.291370391845703125e+00 8.752381324768066406e+00
9.379244595766067505e-02 -4.039431571960449219e+00 8.829518318176269531e+00
3.362407907843589783e-02 -3.738013267517089844e+00 8.903193473815917969e+00
-3.747958317399024963e-02 -3.397896766662597656e+00 8.967538833618164062e+00
-1.192498654127120972e-01 -3.025588750839233398e+00 9.018646240234375000e+00
-2.001132518053054810e-01 -2.647437810897827148e+00 9.073764801025390625e+00
-2.676540017127990723e-01 -2.271016359329223633e+00 9.132213592529296875e+00
-3.249284327030181885e-01 -1.897299289703369141e+00 9.195934295654296875e+00
-3.595703244209289551e-01 -1.529594063758850098e+00 9.274882316589355469e+00
-3.732771575450897217e-01 -1.133318543434143066e+00 9.379408836364746094e+00
-3.578973710536956787e-01 -7.079227566719055176e-01 9.515661239624023438e+00
-3.009723722934722900e-01 -2.472353428602218628e-01 9.679359436035156250e+00
-1.820068955421447754e-01 2.187736928462982178e-01 9.853421211242675781e+00
3.517824038863182068e-02 6.325573921203613281e-01 9.992712020874023438e+00
3.304318189620971680e-01 1.008460998535156250e+00 1.011522579193115234e+01
6.086567044258117676e-01 1.315032839775085449e+00 1.025330257415771484e+01
8.738873004913330078e-01 1.554276585578918457e+00 1.032981872558593750e+01
1.170728683471679688e+00 1.767813563346862793e+00 1.034124183654785156e+01
1.519063830375671387e+00 1.985918641090393066e+00 1.030909633636474609e+01
1.871388077735900879e+00 2.185116529464721680e+00 1.027233600616455078e+01
2.198692083358764648e+00 2.358611822128295898e+00 1.023017215728759766e+01
2.485004663467407227e+00 2.489148855209350586e+00 1.019161605834960938e+01
2.734549045562744141e+00 2.587446928024291992e+00 1.016115283966064453e+01
2.951015472412109375e+00 2.650587320327758789e+00 1.013760280609130859e+01
3.133015871047973633e+00 2.687209367752075195e+00 1.012049388885498047e+01
3.287775993347167969e+00 2.706189393997192383e+00 1.010116386413574219e+01
3.420624971389770508e+00 2.706921577453613281e+00 1.008546733856201172e+01
3.533082723617553711e+00 2.689346313476562500e+00 1.007232093811035156e+01
3.630926847457885742e+00 2.663138389587402344e+00 1.006082916259765625e+01
3.715674877166748047e+00 2.624535322189331055e+00 1.005094051361083984e+01
3.790068149566650391e+00 2.569849252700805664e+00 1.004132175445556641e+01
3.855791807174682617e+00 2.498910903930664062e+00 1.003424453735351562e+01
3.914039850234985352e+00 2.411096811294555664e+00 1.002377128601074219e+01
3.966918706893920898e+00 2.300420045852661133e+00 1.000999164581298828e+01
4.009726524353027344e+00 2.160456418991088867e+00 9.988718032836914062e+00
4.039756774902343750e+00 1.980203270912170410e+00 9.956703186035156250e+00
4.059027671813964844e+00 1.758404970169067383e+00 9.913682937622070312e+00
4.054349899291992188e+00 1.497038602828979492e+00 9.860522270202636719e+00
4.035478115081787109e+00 1.198320984840393066e+00 9.795148849487304688e+00
3.994376659393310547e+00 8.656525015830993652e-01 9.712338447570800781e+00
3.918598651885986328e+00 5.007292032241821289e-01 9.601072311401367188e+00
3.815355300903320312e+00 1.262115985155105591e-01 9.458512306213378906e+00
3.684702634811401367e+00 -2.437837868928909302e-01 9.290308952331542969e+00
3.526119232177734375e+00 -5.928905606269836426e-01 9.099450111389160156e+00
3.348230600357055664e+00 -9.121013283729553223e-01 8.892988204956054688e+00
3.152946233749389648e+00 -1.206332921981811523e+00 8.674257278442382812e+00
2.941313028335571289e+00 -1.484803557395935059e+00 8.449454307556152344e+00
2.714321613311767578e+00 -1.749076724052429199e+00 8.227631568908691406e+00
2.468301534652709961e+00 -2.002330064773559570e+00 8.018120765686035156e+00
2.206544637680053711e+00 -2.246640443801879883e+00 7.831108570098876953e+00
1.938944935798645020e+00 -2.483755350112915039e+00 7.675598621368408203e+00
1.663819432258605957e+00 -2.720367193222045898e+00 7.556845664978027344e+00
1.380356073379516602e+00 -2.953351259231567383e+00 7.467963695526123047e+00
1.096993088722229004e+00 -3.179342269897460938e+00 7.408765792846679688e+00
7.921510338783264160e-01 -3.397119760513305664e+00 7.373178958892822266e+00
4.783783555030822754e-01 -3.615287542343139648e+00 7.362050533294677734e+00
1.509758383035659790e-01 -3.838845014572143555e+00 7.382754325866699219e+00
-1.581415981054306030e-01 -4.059977054595947266e+00 7.432604312896728516e+00
-4.253272116184234619e-01 -4.270511150360107422e+00 7.507779598236083984e+00
-6.518291831016540527e-01 -4.454705715179443359e+00 7.594746112823486328e+00
-8.379912376403808594e-01 -4.603374004364013672e+00 7.671727180480957031e+00
-9.931125044822692871e-01 -4.727013587951660156e+00 7.739953994750976562e+00
-1.133226871490478516e+00 -4.810924530029296875e+00 7.796150207519531250e+00
-1.266025543212890625e+00 -4.875582218170166016e+00 7.842736244201660156e+00
-1.386234164237976074e+00 -4.917634963989257812e+00 7.879109382629394531e+00
-1.484077095985412598e+00 -4.940712451934814453e+00 7.912150859832763672e+00
-1.575649619102478027e+00 -4.949671745300292969e+00 7.944796562194824219e+00
-1.652782201766967773e+00 -4.945817947387695312e+00 7.975893020629882812e+00
-1.720971703529357910e+00 -4.926022529602050781e+00 8.008298873901367188e+00
-1.775373339653015137e+00 -4.896687030792236328e+00 8.041842460632324219e+00
-1.821937203407287598e+00 -4.857418060302734375e+00 8.082814216613769531e+00
-1.856467127799987793e+00 -4.801973819732666016e+00 8.128811836242675781e+00
-1.879853248596191406e+00 -4.728987693786621094e+00 8.188838005065917969e+00
-1.892568469047546387e+00 -4.640081405639648438e+00 8.264856338500976562e+00
-1.890335798263549805e+00 -4.533164501190185547e+00 8.361443519592285156e+00
-1.876354932785034180e+00 -4.407755374908447266e+00 8.482429504394531250e+00
-1.847194790840148926e+00 -4.256906032562255859e+00 8.627596855163574219e+00
-1.801451563835144043e+00 -4.080394268035888672e+00 8.791195869445800781e+00
-1.744094729423522949e+00 -3.869501829147338867e+00 8.978976249694824219e+00
-1.673813343048095703e+00 -3.626746177673339844e+00 9.176113128662109375e+00
-1.595291256904602051e+00 -3.346559524536132812e+00 9.368961334228515625e+00
-1.507968425750732422e+00 -3.029957056045532227e+00 9.547717094421386719e+00
-1.418875336647033691e+00 -2.684717893600463867e+00 9.696375846862792969e+00
-1.329262733459472656e+00 -2.324093103408813477e+00 9.824006080627441406e+00
-1.229126095771789551e+00 -1.944107532501220703e+00 9.943661689758300781e+00
-1.128075003623962402e+00 -1.567077994346618652e+00 1.005328655242919922e+01
-1.004608631134033203e+00 -1.178714394569396973e+00 1.017448329925537109e+01
-8.526653051376342773e-01 -7.996381521224975586e-01 1.029885101318359375e+01
-6.965543627738952637e-01 -4.605155289173126221e-01 1.041306591033935547e+01
-5.232622027397155762e-01 -1.461201459169387817e-01 1.051554584503173828e+01
-3.602876961231231689e-01 1.177284345030784607e-01 1.059507846832275391e+01
-2.094360738992691040e-01 3.459868431091308594e-01 1.065122509002685547e+01
-7.411693036556243896e-02 5.401359200477600098e-01 1.068869018554687500e+01
4.353639483451843262e-02 7.099736928939819336e-01 1.070713996887207031e+01
1.285624206066131592e-01 8.601037859916687012e-01 1.071133136749267578e+01
1.819438338279724121e-01 9.932017326354980469e-01 1.070639038085937500e+01
1.943752616643905640e-01 1.112149477005004883e+00 1.069377040863037109e+01
1.607719361782073975e-01 1.227082014083862305e+00 1.067548179626464844e+01
6.986602395772933960e-02 1.347922921180725098e+00 1.064596557617187500e+01
-7.786393165588378906e-02 1.482620477676391602e+00 1.060185813903808594e+01
-2.777848243713378906e-01 1.628561973571777344e+00 1.053998947143554688e+01
-5.058277845382690430e-01 1.782891869544982910e+00 1.046263885498046875e+01
-7.547992467880249023e-01 1.944717168807983398e+00 1.037415409088134766e+01
-1.001647949218750000e+00 2.106496095657348633e+00 1.028167438507080078e+01
-1.232653379440307617e+00 2.255188703536987305e+00 1.019118118286132812e+01
-1.451540827751159668e+00 2.399012565612792969e+00 1.010108470916748047e+01
-1.670020937919616699e+00 2.542172193527221680e+00 1.001129341125488281e+01
-1.881895661354064941e+00 2.681732177734375000e+00 9.922010421752929688e+00
-2.085796356201171875e+00 2.817536592483520508e+00 9.835498809814453125e+00
-2.269683122634887695e+00 2.940396547317504883e+00 9.755798339843750000e+00
-2.425411462783813477e+00 3.043616533279418945e+00 9.686978340148925781e+00
-2.546628952026367188e+00 3.123231410980224609e+00 9.631542205810546875e+00
-2.636563777923583984e+00 3.182646751403808594e+00 9.591736793518066406e+00
-2.699443340301513672e+00 3.223648786544799805e+00 9.563557624816894531e+00
-2.744410276412963867e+00 3.253731012344360352e+00 9.544763565063476562e+00
-2.775978565216064453e+00 3.274284124374389648e+00 9.531098365783691406e+00
-2.798088312149047852e+00 3.290093183517456055e+00 9.521445274353027344e+00
-2.811840772628784180e+00 3.301500082015991211e+00 9.514367103576660156e+00
-2.822678565979003906e+00 3.304331302642822266e+00 9.511823654174804688e+00
-2.830108642578125000e+00 3.309064149856567383e+00 9.509018898010253906e+00
-2.834436178207397461e+00 3.311846494674682617e+00 9.507711410522460938e+00
-2.836504936218261719e+00 3.313268423080444336e+00 9.506905555725097656e+00
-2.837301731109619141e+00 3.313775062561035156e+00 9.506495475769042969e+00
