-3.297187805175781250e+01 1.161847233772277832e+00 1.372114372253417969e+01
-3.402419281005859375e+01 1.187670826911926270e+00 1.411033725738525391e+01
-3.495420837402343750e+01 1.214171528816223145e+00 1.444910049438476562e+01
-3.575523376464843750e+01 1.245741009712219238e+00 1.474323558807373047e+01
-3.643206405639648438e+01 1.279932618141174316e+00 1.498861217498779297e+01
-3.698872375488281250e+01 1.316146731376647949e+00 1.518471527099609375e+01
-3.742938613891601562e+01 1.354859232902526855e+00 1.533339023590087891e+01
-3.775967788696289062e+01 1.396516919136047363e+00 1.543706321716308594e+01
-3.798649978637695312e+01 1.441564679145812988e+00 1.549865818023681641e+01
-3.811776733398437500e+01 1.490414500236511230e+00 1.552150535583496094e+01
-3.816222381591796875e+01 1.543456435203552246e+00 1.550925445556640625e+01
-3.812917327880859375e+01 1.601045012474060059e+00 1.546576786041259766e+01
-3.802827453613281250e+01 1.663498759269714355e+00 1.539503288269042969e+01
-3.786933517456054688e+01 1.731092810630798340e+00 1.530107498168945312e+01
-3.766208648681640625e+01 1.804054141044616699e+00 1.518787956237792969e+01
-3.741601181030273438e+01 1.882548213005065918e+00 1.505931282043457031e+01
-3.714020538330078125e+01 1.966680645942687988e+00 1.491905784606933594e+01
-3.684317779541015625e+01 2.056483745574951172e+00 1.477056694030761719e+01
-3.651911544799804688e+01 2.187415599822998047e+00 1.462569046020507812e+01
-3.618202590942382812e+01 2.341432094573974609e+00 1.448291301727294922e+01
-3.584364700317382812e+01 2.504037857055664062e+00 1.434125518798828125e+01
-3.550948715209960938e+01 2.674633979797363281e+00 1.420282459259033203e+01
-3.518412780761718750e+01 2.852483272552490234e+00 1.406935024261474609e+01
-3.487126159667968750e+01 3.036736965179443359e+00 1.394221591949462891e+01
-3.457365417480468750e+01 3.226412296295166016e+00 1.382244873046875000e+01
-3.429320526123046875e+01 3.420411586761474609e+00 1.371074295043945312e+01
-3.403099822998046875e+01 3.617534160614013672e+00 1.360748577117919922e+01
-3.378733062744140625e+01 3.816451072692871094e+00 1.351277828216552734e+01
-3.354662322998046875e+01 3.953730583190917969e+00 1.341643619537353516e+01
-3.329366683959960938e+01 4.017193794250488281e+00 1.328151130676269531e+01
-3.299436187744140625e+01 4.008300304412841797e+00 1.301167106628417969e+01
-3.271128082275390625e+01 4.003059864044189453e+00 1.275627326965332031e+01
-3.243931579589843750e+01 4.002383232116699219e+00 1.251708030700683594e+01
-3.217969512939453125e+01 4.002707481384277344e+00 1.229144477844238281e+01
-3.188615417480468750e+01 4.005186557769775391e+00 1.208720207214355469e+01
-3.161549377441406250e+01 4.010303974151611328e+00 1.188746547698974609e+01
-3.139357185363769531e+01 4.013467788696289062e+00 1.174347305297851562e+01
-3.117512321472167969e+01 4.015847682952880859e+00 1.161181640625000000e+01
-3.095281410217285156e+01 4.016041755676269531e+00 1.149282455444335938e+01
-3.069806671142578125e+01 4.008396625518798828e+00 1.140317535400390625e+01
-3.043559455871582031e+01 4.015360832214355469e+00 1.133646202087402344e+01
-3.017291450500488281e+01 4.021267414093017578e+00 1.127405929565429688e+01
-2.990830993652343750e+01 4.025970935821533203e+00 1.121552753448486328e+01
-2.964031028747558594e+01 4.029385089874267578e+00 1.116048622131347656e+01
-2.936774063110351562e+01 4.031478881835937500e+00 1.110865592956542969e+01
-2.908974456787109375e+01 4.032275676727294922e+00 1.105981826782226562e+01
-2.880578804016113281e+01 4.031851291656494141e+00 1.101385307312011719e+01
-2.850965499877929688e+01 4.028335571289062500e+00 1.097413825988769531e+01
-2.818432235717773438e+01 4.016208171844482422e+00 1.095049095153808594e+01
-2.784844017028808594e+01 4.001694679260253906e+00 1.093266582489013672e+01
-2.750303077697753906e+01 3.985105514526367188e+00 1.092070579528808594e+01
-2.714946365356445312e+01 3.966786384582519531e+00 1.091468620300292969e+01
-2.678942108154296875e+01 3.947118282318115234e+00 1.091469764709472656e+01
-2.643704605102539062e+01 3.931549549102783203e+00 1.090898799896240234e+01
-2.608729362487792969e+01 3.917478084564208984e+00 1.090472030639648438e+01
-2.573748970031738281e+01 3.903202056884765625e+00 1.090690994262695312e+01
-2.539009284973144531e+01 3.889070987701416016e+00 1.091571903228759766e+01
-2.504765510559082031e+01 3.875422477722167969e+00 1.093127346038818359e+01
-2.470982360839843750e+01 3.862414360046386719e+00 1.095438385009765625e+01
-2.433927917480468750e+01 3.848254203796386719e+00 1.099505424499511719e+01
-2.398092269897460938e+01 3.835374832153320312e+00 1.104262542724609375e+01
-2.361999511718750000e+01 3.832484722137451172e+00 1.111770439147949219e+01
-2.328676605224609375e+01 3.836728572845458984e+00 1.119451141357421875e+01
-2.297517013549804688e+01 3.843539714813232422e+00 1.127663993835449219e+01
-2.268896484375000000e+01 3.852247238159179688e+00 1.136903953552246094e+01
-2.244969177246093750e+01 3.860978603363037109e+00 1.149852752685546875e+01
-2.222000885009765625e+01 3.856329441070556641e+00 1.161046409606933594e+01
-2.197574615478515625e+01 3.813958644866943359e+00 1.166979026794433594e+01
-2.176266860961914062e+01 3.776528835296630859e+00 1.173573875427246094e+01
-2.157522201538085938e+01 3.718196868896484375e+00 1.180343818664550781e+01
-2.141304588317871094e+01 3.636084556579589844e+00 1.187167549133300781e+01
-2.129867172241210938e+01 3.567946910858154297e+00 1.193031311035156250e+01
-2.122091484069824219e+01 3.510028839111328125e+00 1.198932838439941406e+01
-2.117416381835937500e+01 3.460546016693115234e+00 1.205270481109619141e+01
-2.115713500976562500e+01 3.419252395629882812e+00 1.211968803405761719e+01
-2.116822624206542969e+01 3.385808467864990234e+00 1.218952178955078125e+01
-2.120553588867187500e+01 3.359792709350585938e+00 1.226144599914550781e+01
-2.126696014404296875e+01 3.340713500976562500e+00 1.233471584320068359e+01
-2.135018157958984375e+01 3.328013896942138672e+00 1.240859031677246094e+01
-2.145274734497070312e+01 3.321087360382080078e+00 1.248235702514648438e+01
-2.157213973999023438e+01 3.319286346435546875e+00 1.255532741546630859e+01
-2.170580101013183594e+01 3.321928977966308594e+00 1.262683868408203125e+01
-2.185120391845703125e+01 3.328320026397705078e+00 1.269626903533935547e+01
-2.200586700439453125e+01 3.337754249572753906e+00 1.276303291320800781e+01
-2.216744613647460938e+01 3.349539279937744141e+00 1.282659149169921875e+01
-2.233372497558593750e+01 3.362988948822021484e+00 1.288644981384277344e+01
-2.250266838073730469e+01 3.377463340759277344e+00 1.294218254089355469e+01
-2.267244338989257812e+01 3.392355918884277344e+00 1.299342536926269531e+01
-2.284143066406250000e+01 3.407122135162353516e+00 1.303987979888916016e+01
-2.300821495056152344e+01 3.421277999877929688e+00 1.308133888244628906e+01
-2.317162322998046875e+01 3.434421539306640625e+00 1.311767673492431641e+01
-2.333068847656250000e+01 3.446226119995117188e+00 1.314886283874511719e+01
-2.348464965820312500e+01 3.456459522247314453e+00 1.317495536804199219e+01
-2.363293266296386719e+01 3.464976310729980469e+00 1.319612121582031250e+01
-2.377514076232910156e+01 3.471722126007080078e+00 1.321261978149414062e+01
-2.391099548339843750e+01 3.476734638214111328e+00 1.322479820251464844e+01
-2.404036521911621094e+01 3.480128288269042969e+00 1.323310852050781250e+01
-2.416318893432617188e+01 3.482099533081054688e+00 1.323805999755859375e+01
-2.427949142456054688e+01 3.482908725738525391e+00 1.324024581909179688e+01
-2.438932609558105469e+01 3.482867717742919922e+00 1.324031066894531250e+01
-2.449276351928710938e+01 3.482331752777099609e+00 1.323892307281494141e+01
-2.458988380432128906e+01 3.481681346893310547e+00 1.323678207397460938e+01
-2.468076324462890625e+01 3.481308937072753906e+00 1.323458480834960938e+01
-2.476543426513671875e+01 3.481598377227783203e+00 1.323299980163574219e+01
-2.484391021728515625e+01 3.482921123504638672e+00 1.323266029357910156e+01
-2.491616821289062500e+01 3.485612869262695312e+00 1.323413753509521484e+01
-2.498214530944824219e+01 3.489958286285400391e+00 1.323792457580566406e+01
-2.504176902770996094e+01 3.496198654174804688e+00 1.324443244934082031e+01
-2.509492874145507812e+01 3.504501819610595703e+00 1.325394821166992188e+01
-2.514152526855468750e+01 3.514985084533691406e+00 1.326667022705078125e+01
-2.518144416809082031e+01 3.527671813964843750e+00 1.328265857696533203e+01
-2.521461486816406250e+01 3.542532444000244141e+00 1.330186176300048828e+01
-2.524097633361816406e+01 3.559460639953613281e+00 1.332411193847656250e+01
-2.526053428649902344e+01 3.578291416168212891e+00 1.334912681579589844e+01
-2.527334403991699219e+01 3.598800182342529297e+00 1.337651348114013672e+01
-2.527952575683593750e+01 3.620711803436279297e+00 1.340579986572265625e+01
-2.527928733825683594e+01 3.643722534179687500e+00 1.343643760681152344e+01
-2.527290916442871094e+01 3.667492389678955078e+00 1.346781063079833984e+01
-2.526076507568359375e+01 3.691675662994384766e+00 1.349927330017089844e+01
-2.524329376220703125e+01 3.715911865234375000e+00 1.353014945983886719e+01
-2.522101974487304688e+01 3.739860534667968750e+00 1.355978012084960938e+01
-2.519454574584960938e+01 3.763194084167480469e+00 1.358750915527343750e+01
-2.516450881958007812e+01 3.785611629486083984e+00 1.361272239685058594e+01
-2.513161277770996094e+01 3.806847095489501953e+00 1.363485717773437500e+01
-2.509659194946289062e+01 3.826683521270751953e+00 1.365343475341796875e+01
-2.506018066406250000e+01 3.844939231872558594e+00 1.366802787780761719e+01
-2.502314567565917969e+01 3.861494064331054688e+00 1.367831993103027344e+01
-2.498619079589843750e+01 3.876266479492187500e+00 1.368407726287841797e+01
-2.495003509521484375e+01 3.889227390289306641e+00 1.368516063690185547e+01
-2.491533088684082031e+01 3.900398731231689453e+00 1.368154525756835938e+01
-2.488267517089843750e+01 3.909837722778320312e+00 1.367328643798828125e+01
-2.485259628295898438e+01 3.917643547058105469e+00 1.366053771972656250e+01
-2.482554244995117188e+01 3.923940658569335938e+00 1.364353370666503906e+01
-2.480188369750976562e+01 3.928882598876953125e+00 1.362259006500244141e+01
-2.478189849853515625e+01 3.932639598846435547e+00 1.359808158874511719e+01
-2.476576995849609375e+01 3.935389041900634766e+00 1.357044506072998047e+01
-2.475359535217285156e+01 3.937315940856933594e+00 1.354015922546386719e+01
-2.474536132812500000e+01 3.938600540161132812e+00 1.350774002075195312e+01
-2.474097061157226562e+01 3.939422130584716797e+00 1.347372245788574219e+01
-2.474023818969726562e+01 3.939938545227050781e+00 1.343865489959716797e+01
-2.474287796020507812e+01 3.940309047698974609e+00 1.340308761596679688e+01
-2.474851226806640625e+01 3.940664291381835938e+00 1.336757087707519531e+01
-2.475668716430664062e+01 3.941126346588134766e+00 1.333263015747070312e+01
-2.476686477661132812e+01 3.941799640655517578e+00 1.329877090454101562e+01
-2.477842140197753906e+01 3.942765235900878906e+00 1.326648139953613281e+01
-2.479068374633789062e+01 3.944090843200683594e+00 1.323619365692138672e+01
-2.480291748046875000e+01 3.945837020874023438e+00 1.320832729339599609e+01
-2.481432723999023438e+01 3.948032855987548828e+00 1.318323326110839844e+01
-2.482410430908203125e+01 3.950709819793701172e+00 1.316124153137207031e+01
-2.483140563964843750e+01 3.953882217407226562e+00 1.314261245727539062e+01
-2.483538818359375000e+01 3.957554817199707031e+00 1.312758159637451172e+01
-2.483521270751953125e+01 3.961728572845458984e+00 1.311632919311523438e+01
-2.483009338378906250e+01 3.966392517089843750e+00 1.310898208618164062e+01
-2.481926345825195312e+01 3.971531391143798828e+00 1.310563850402832031e+01
-2.480204772949218750e+01 3.977130889892578125e+00 1.310634899139404297e+01
-2.477784347534179688e+01 3.983167648315429688e+00 1.311112499237060547e+01
-2.474618148803710938e+01 3.989624977111816406e+00 1.311994743347167969e+01
-2.470668411254882812e+01 3.996472358703613281e+00 1.313276290893554688e+01
-2.465916442871093750e+01 4.003694534301757812e+00 1.314948654174804688e+01
-2.460357284545898438e+01 4.011261463165283203e+00 1.317001724243164062e+01
-2.454004859924316406e+01 4.019160270690917969e+00 1.319422435760498047e+01
-2.446894073486328125e+01 4.027381896972656250e+00 1.322196769714355469e+01
-2.439077377319335938e+01 4.035916328430175781e+00 1.325308227539062500e+01
-2.430631256103515625e+01 4.044773101806640625e+00 1.328739929199218750e+01
-2.421650695800781250e+01 4.053968429565429688e+00 1.332473564147949219e+01
-2.412252807617187500e+01 4.063543319702148438e+00 1.336490440368652344e+01
-2.402573776245117188e+01 4.073552131652832031e+00 1.340770244598388672e+01
-2.392770767211914062e+01 4.084081649780273438e+00 1.345293998718261719e+01
-2.383013725280761719e+01 4.095239639282226562e+00 1.350041198730468750e+01
-2.373488998413085938e+01 4.107167243957519531e+00 1.354990577697753906e+01
-2.364392089843750000e+01 4.120038509368896484e+00 1.360120773315429688e+01
-2.355926895141601562e+01 4.134062290191650391e+00 1.365409469604492188e+01
-2.348298454284667969e+01 4.149482727050781250e+00 1.370833778381347656e+01
-2.341709899902343750e+01 4.166575431823730469e+00 1.376367950439453125e+01
-2.336356735229492188e+01 4.185648441314697266e+00 1.381986045837402344e+01
-2.332421875000000000e+01 4.207033157348632812e+00 1.387658023834228516e+01
-2.330068206787109375e+01 4.231081962585449219e+00 1.393351745605468750e+01
-2.329435920715332031e+01 4.258163452148437500e+00 1.399031639099121094e+01
-2.330635833740234375e+01 4.288640022277832031e+00 1.404657173156738281e+01
-2.333745193481445312e+01 4.322869300842285156e+00 1.410184001922607422e+01
-2.338801956176757812e+01 4.361183643341064453e+00 1.415562534332275391e+01
-2.345804595947265625e+01 4.403875827789306641e+00 1.420738792419433594e+01
-2.354707717895507812e+01 4.451195240020751953e+00 1.425653648376464844e+01
-2.365421676635742188e+01 4.503313541412353516e+00 1.430242919921875000e+01
-2.377811050415039062e+01 4.560317039489746094e+00 1.434439277648925781e+01
-2.391698837280273438e+01 4.622206687927246094e+00 1.438171100616455078e+01
-2.406863784790039062e+01 4.688852787017822266e+00 1.441364669799804688e+01
-2.423048400878906250e+01 4.760014057159423828e+00 1.443944740295410156e+01
-2.439961814880371094e+01 4.835314273834228516e+00 1.445837306976318359e+01
-2.453567123413085938e+01 4.858755588531494141e+00 1.438939094543457031e+01
-2.467020034790039062e+01 4.881896018981933594e+00 1.430738925933837891e+01
-2.480031776428222656e+01 4.904960155487060547e+00 1.421321773529052734e+01
-2.492281341552734375e+01 4.927649974822998047e+00 1.410723304748535156e+01
-2.502775001525878906e+01 4.921916961669921875e+00 1.398551559448242188e+01
-2.511609649658203125e+01 4.903731822967529297e+00 1.385147666931152344e+01
-2.518737792968750000e+01 4.882313728332519531e+00 1.370765876770019531e+01
-2.523915481567382812e+01 4.857706069946289062e+00 1.355531215667724609e+01
-2.526934623718261719e+01 4.829985141754150391e+00 1.339590072631835938e+01
-2.527627944946289062e+01 4.799274444580078125e+00 1.323105907440185547e+01
-2.525872421264648438e+01 4.765736103057861328e+00 1.306258773803710938e+01
-2.521594619750976562e+01 4.729579925537109375e+00 1.289242076873779297e+01
-2.514770317077636719e+01 4.691053867340087891e+00 1.272259330749511719e+01
-2.505429077148437500e+01 4.650454998016357422e+00 1.255518913269042969e+01
-2.495627212524414062e+01 4.606304168701171875e+00 1.242015838623046875e+01
-2.483409118652343750e+01 4.560872554779052734e+00 1.229024314880371094e+01
-2.469842720031738281e+01 4.518631935119628906e+00 1.215703392028808594e+01
-2.454936790466308594e+01 4.479277133941650391e+00 1.202381706237792969e+01
-2.438090324401855469e+01 4.439813613891601562e+00 1.190011405944824219e+01
-2.419538688659667969e+01 4.400581836700439453e+00 1.178750705718994141e+01
-2.399548721313476562e+01 4.361931324005126953e+00 1.168744564056396484e+01
-2.378410530090332031e+01 4.324208259582519531e+00 1.160117912292480469e+01
-2.356432723999023438e+01 4.287755489349365234e+00 1.152976799011230469e+01
-2.333934211730957031e+01 4.252912521362304688e+00 1.147406101226806641e+01
-2.311237907409667969e+01 4.220007419586181641e+00 1.143468570709228516e+01
-2.288663864135742188e+01 4.189352512359619141e+00 1.141204071044921875e+01
-2.266522979736328125e+01 4.161247253417968750e+00 1.140630149841308594e+01
-2.245111656188964844e+01 4.135982036590576172e+00 1.141743183135986328e+01
-2.224705123901367188e+01 4.113819599151611328e+00 1.144518852233886719e+01
-2.205555343627929688e+01 4.095016002655029297e+00 1.148912620544433594e+01
-2.188151550292968750e+01 4.079553604125976562e+00 1.155237770080566406e+01
-2.174659919738769531e+01 4.065845966339111328e+00 1.166194343566894531e+01
-2.163186645507812500e+01 4.055955886840820312e+00 1.178799057006835938e+01
-2.153827667236328125e+01 4.050083160400390625e+00 1.192904281616210938e+01
-2.144315719604492188e+01 4.026188850402832031e+00 1.205224418640136719e+01
-2.133103561401367188e+01 3.969408512115478516e+00 1.213476753234863281e+01
-2.123189163208007812e+01 3.872411251068115234e+00 1.222286987304687500e+01
-2.115420150756835938e+01 3.762825965881347656e+00 1.231813430786132812e+01
-2.113086509704589844e+01 3.674180984497070312e+00 1.239605712890625000e+01
-2.113224029541015625e+01 3.597481727600097656e+00 1.248528099060058594e+01
-2.115763473510742188e+01 3.533840179443359375e+00 1.258506488800048828e+01
-2.120612144470214844e+01 3.484235286712646484e+00 1.269456195831298828e+01
-2.127659225463867188e+01 3.449512958526611328e+00 1.281281852722167969e+01
-2.136774444580078125e+01 3.430375576019287109e+00 1.293877124786376953e+01
-2.147815132141113281e+01 3.427371501922607422e+00 1.307125091552734375e+01
-2.160624504089355469e+01 3.440882205963134766e+00 1.320897579193115234e+01
-2.175035858154296875e+01 3.471112251281738281e+00 1.335056209564208984e+01
-2.190872192382812500e+01 3.518087387084960938e+00 1.349453353881835938e+01
-2.207949447631835938e+01 3.581644058227539062e+00 1.363931083679199219e+01
-2.226074981689453125e+01 3.661421775817871094e+00 1.378325080871582031e+01
-2.245053100585937500e+01 3.756862640380859375e+00 1.392463874816894531e+01
-2.264677429199218750e+01 3.867207050323486328e+00 1.406171512603759766e+01
-2.284738922119140625e+01 3.991490364074707031e+00 1.419269657135009766e+01
-2.305022048950195312e+01 4.128560066223144531e+00 1.431581306457519531e+01
-2.325306701660156250e+01 4.277061939239501953e+00 1.442930030822753906e+01
-2.345366287231445312e+01 4.435466766357421875e+00 1.453146362304687500e+01
-2.364972496032714844e+01 4.602073192596435547e+00 1.462069797515869141e+01
-2.383890151977539062e+01 4.775024890899658203e+00 1.469550609588623047e+01
-2.396272087097167969e+01 4.868568420410156250e+00 1.463329601287841797e+01
-2.406756591796875000e+01 4.953384399414062500e+00 1.453824806213378906e+01
-2.415682601928710938e+01 5.035868644714355469e+00 1.442182350158691406e+01
-2.422897529602050781e+01 5.114974498748779297e+00 1.428502845764160156e+01
-2.427289390563964844e+01 5.149873733520507812e+00 1.412275028228759766e+01
-2.429080200195312500e+01 5.153918743133544922e+00 1.393896102905273438e+01
-2.428746604919433594e+01 5.150317192077636719e+00 1.373950958251953125e+01
-2.426218605041503906e+01 5.139070987701416016e+00 1.352675914764404297e+01
-2.421447372436523438e+01 5.120293617248535156e+00 1.330332756042480469e+01
-2.414412689208984375e+01 5.094221115112304688e+00 1.307205295562744141e+01
-2.405124282836914062e+01 5.061200618743896484e+00 1.283592796325683594e+01
-2.393622779846191406e+01 5.021691322326660156e+00 1.259808349609375000e+01
-2.384530258178710938e+01 4.977190017700195312e+00 1.240174674987792969e+01
-2.371843338012695312e+01 4.930069923400878906e+00 1.220806598663330078e+01
-2.355327606201171875e+01 4.877491474151611328e+00 1.202372646331787109e+01
-2.337443923950195312e+01 4.821558952331542969e+00 1.184502983093261719e+01
-2.318395614624023438e+01 4.763071537017822266e+00 1.167448043823242188e+01
-2.298411560058593750e+01 4.702853202819824219e+00 1.151445960998535156e+01
-2.277746582031250000e+01 4.641757011413574219e+00 1.136722278594970703e+01
-2.256677627563476562e+01 4.580648422241210938e+00 1.123484516143798828e+01
-2.235499954223632812e+01 4.520398139953613281e+00 1.111920642852783203e+01
-2.214521408081054688e+01 4.461867809295654297e+00 1.102196598052978516e+01
-2.194060134887695312e+01 4.405900001525878906e+00 1.094453620910644531e+01
-2.174436187744140625e+01 4.353320598602294922e+00 1.088809490203857422e+01
-2.155967330932617188e+01 4.304907798767089844e+00 1.085354232788085938e+01
-2.138962554931640625e+01 4.261410713195800781e+00 1.084151840209960938e+01
-2.123483657836914062e+01 4.223378181457519531e+00 1.085304069519042969e+01
-2.105007934570312500e+01 4.188584804534912109e+00 1.090132427215576172e+01
-2.088327789306640625e+01 4.160304069519042969e+00 1.097381305694580078e+01
-2.073738479614257812e+01 4.139071941375732422e+00 1.106990432739257812e+01
-2.061503028869628906e+01 4.125348091125488281e+00 1.118874168395996094e+01
-2.051844406127929688e+01 4.119496345520019531e+00 1.132924270629882812e+01
-2.044942092895507812e+01 4.121792316436767578e+00 1.149011802673339844e+01
-2.040927696228027344e+01 4.132408142089843750e+00 1.166987228393554688e+01
-2.043251228332519531e+01 4.148331642150878906e+00 1.191426086425781250e+01
-2.047564697265625000e+01 4.157550811767578125e+00 1.216090393066406250e+01
-2.049108314514160156e+01 4.093050956726074219e+00 1.234980297088623047e+01
-2.054792404174804688e+01 3.999090194702148438e+00 1.252806186676025391e+01
-2.065489768981933594e+01 3.926928520202636719e+00 1.270441436767578125e+01
-2.079142379760742188e+01 3.870309352874755859e+00 1.289524364471435547e+01
-2.095480346679687500e+01 3.829098224639892578e+00 1.309829616546630859e+01
-2.114186477661132812e+01 3.802874565124511719e+00 1.331116485595703125e+01
-2.134906959533691406e+01 3.790941715240478516e+00 1.353132629394531250e+01
-2.157255744934082031e+01 3.792356014251708984e+00 1.375619697570800781e+01
-2.180826568603515625e+01 3.805961608886718750e+00 1.398317241668701172e+01
-2.205199623107910156e+01 3.830418586730957031e+00 1.420967864990234375e+01
-2.229953765869140625e+01 3.864249229431152344e+00 1.443322467803955078e+01
-2.254673767089843750e+01 3.905871868133544922e+00 1.465144348144531250e+01
-2.278963470458984375e+01 3.953660011291503906e+00 1.486215400695800781e+01
-2.302450370788574219e+01 4.005974769592285156e+00 1.506339645385742188e+01
-2.324798393249511719e+01 4.061200141906738281e+00 1.525346565246582031e+01
-2.345712280273437500e+01 4.117818832397460938e+00 1.543096923828125000e+01
-2.364946174621582031e+01 4.174407005310058594e+00 1.559484481811523438e+01
-2.382308197021484375e+01 4.229717254638671875e+00 1.574437141418457031e+01
-2.397662734985351562e+01 4.282670021057128906e+00 1.587919712066650391e+01
-2.410936355590820312e+01 4.332405090332031250e+00 1.599935913085937500e+01
-2.422114562988281250e+01 4.378304481506347656e+00 1.610525512695312500e+01
-2.431245422363281250e+01 4.419989585876464844e+00 1.619764328002929688e+01
-2.438432312011718750e+01 4.457349777221679688e+00 1.627764320373535156e+01
-2.443835067749023438e+01 4.490535736083984375e+00 1.634668540954589844e+01
-2.447664833068847656e+01 4.519960880279541016e+00 1.640649032592773438e+01
-2.450177764892578125e+01 4.546289443969726562e+00 1.645903587341308594e+01
-2.451663398742675781e+01 4.570419311523437500e+00 1.650649833679199219e+01
-2.452450180053710938e+01 4.593470573425292969e+00 1.655120849609375000e+01
-2.452882385253906250e+01 4.616744995117187500e+00 1.659560585021972656e+01
-2.453321456909179688e+01 4.641704082489013672e+00 1.664217185974121094e+01
-2.454133796691894531e+01 4.669929504394531250e+00 1.669336509704589844e+01
-2.455682373046875000e+01 4.703081607818603516e+00 1.675157928466796875e+01
-2.458317184448242188e+01 4.742862701416015625e+00 1.681905555725097656e+01
-2.462364959716796875e+01 4.790958881378173828e+00 1.689785194396972656e+01
-2.468123626708984375e+01 4.849006652832031250e+00 1.698974990844726562e+01
-2.475849533081054688e+01 4.918527603149414062e+00 1.709622764587402344e+01
-2.485751914978027344e+01 5.000905513763427734e+00 1.721840286254882812e+01
-2.497987747192382812e+01 5.097314834594726562e+00 1.735697555541992188e+01
-2.512649536132812500e+01 5.208686828613281250e+00 1.751219558715820312e+01
-2.529765319824218750e+01 5.335668563842773438e+00 1.768384742736816406e+01
-2.546506118774414062e+01 5.436967849731445312e+00 1.781096267700195312e+01
-2.562117385864257812e+01 5.503005027770996094e+00 1.787849235534667969e+01
-2.579462051391601562e+01 5.578885078430175781e+00 1.795056343078613281e+01
-2.598320198059082031e+01 5.664411067962646484e+00 1.802583312988281250e+01
-2.618413543701171875e+01 5.759129524230957031e+00 1.810267448425292969e+01
-2.639409637451171875e+01 5.862319946289062500e+00 1.817925453186035156e+01
-2.660927009582519531e+01 5.973011970520019531e+00 1.825355148315429688e+01
-2.682544517517089844e+01 6.089984893798828125e+00 1.832341575622558594e+01
-2.703811454772949219e+01 6.211817741394042969e+00 1.838664627075195312e+01
-2.724256515502929688e+01 6.336884498596191406e+00 1.844104957580566406e+01
-2.743403434753417969e+01 6.463414669036865234e+00 1.848450279235839844e+01
-2.760783576965332031e+01 6.589536666870117188e+00 1.851506042480468750e+01
-2.775947189331054688e+01 6.713313579559326172e+00 1.853099441528320312e+01
-2.788481903076171875e+01 6.832798957824707031e+00 1.853088188171386719e+01
-2.798023605346679688e+01 6.946104526519775391e+00 1.851368141174316406e+01
-2.804266357421875000e+01 7.051431655883789062e+00 1.847877693176269531e+01
-2.806981468200683594e+01 7.147145748138427734e+00 1.842601966857910156e+01
-2.806019973754882812e+01 7.231820583343505859e+00 1.835578346252441406e+01
-2.801324081420898438e+01 7.304279327392578125e+00 1.826897048950195312e+01
-2.792181205749511719e+01 7.332927227020263672e+00 1.816204261779785156e+01
-2.778765487670898438e+01 7.318789482116699219e+00 1.803720855712890625e+01
-2.762112426757812500e+01 7.294674873352050781e+00 1.790225028991699219e+01
-2.742565536499023438e+01 7.261457920074462891e+00 1.776016044616699219e+01
-2.720551681518554688e+01 7.220265865325927734e+00 1.761429405212402344e+01
-2.696571731567382812e+01 7.172470569610595703e+00 1.746828269958496094e+01
-2.671188163757324219e+01 7.119644165039062500e+00 1.732594299316406250e+01
-2.647290992736816406e+01 7.067450523376464844e+00 1.719505119323730469e+01
-2.625191116333007812e+01 7.021237850189208984e+00 1.705982017517089844e+01
-2.602984619140625000e+01 6.974693298339843750e+00 1.693760490417480469e+01
-2.581297302246093750e+01 6.929666042327880859e+00 1.683199882507324219e+01
-2.560750007629394531e+01 6.887979030609130859e+00 1.674628257751464844e+01
-2.541936683654785156e+01 6.851383209228515625e+00 1.668333053588867188e+01
-2.525408935546875000e+01 6.821478366851806641e+00 1.664551162719726562e+01
-2.511661529541015625e+01 6.799689292907714844e+00 1.663463592529296875e+01
-2.501115417480468750e+01 6.787209033966064453e+00 1.665187263488769531e+01
-2.494107437133789062e+01 6.784965991973876953e+00 1.669772338867187500e+01
-2.492047119140625000e+01 6.792519092559814453e+00 1.678841590881347656e+01
-2.494357681274414062e+01 6.810833930969238281e+00 1.691293144226074219e+01
-2.500741004943847656e+01 6.840198516845703125e+00 1.706500053405761719e+01
-2.511085891723632812e+01 6.880305290222167969e+00 1.724180221557617188e+01
-2.525179290771484375e+01 6.930524826049804688e+00 1.743994331359863281e+01
-2.542711257934570312e+01 6.989920616149902344e+00 1.765554618835449219e+01
-2.563289260864257812e+01 7.057289123535156250e+00 1.788436889648437500e+01
-2.586445426940917969e+01 7.131196022033691406e+00 1.812190437316894531e+01
-2.611656570434570312e+01 7.210008144378662109e+00 1.836352539062500000e+01
-2.638356781005859375e+01 7.291956901550292969e+00 1.860461235046386719e+01
-2.665958404541015625e+01 7.375198364257812500e+00 1.884068107604980469e+01
-2.693870162963867188e+01 7.457863807678222656e+00 1.906752014160156250e+01
-2.721514892578125000e+01 7.538127899169921875e+00 1.928131294250488281e+01
-2.748347091674804688e+01 7.614263534545898438e+00 1.947873878479003906e+01
-2.773872566223144531e+01 7.684697151184082031e+00 1.965707969665527344e+01
-2.797661972045898438e+01 7.748073577880859375e+00 1.981428718566894531e+01
-2.819359970092773438e+01 7.803275585174560547e+00 1.994903182983398438e+01
-2.838700866699218750e+01 7.849481582641601562e+00 2.006074142456054688e+01
-2.855508804321289062e+01 7.886174678802490234e+00 2.014959716796875000e+01
-2.869705581665039062e+01 7.913174629211425781e+00 2.021651840209960938e+01
-2.881306266784667969e+01 7.930617332458496094e+00 2.026309394836425781e+01
-2.890418243408203125e+01 7.938970088958740234e+00 2.029155158996582031e+01
-2.897232437133789062e+01 7.938995838165283203e+00 2.030462646484375000e+01
-2.902014350891113281e+01 7.931737899780273438e+00 2.030549621582031250e+01
-2.905090332031250000e+01 7.918457031250000000e+00 2.029760169982910156e+01
-2.906837463378906250e+01 7.900624275207519531e+00 2.028459930419921875e+01
-2.907663345336914062e+01 7.879825592041015625e+00 2.027015495300292969e+01
-2.907992172241210938e+01 7.857738018035888672e+00 2.025784683227539062e+01
-2.908249664306640625e+01 7.836059570312500000e+00 2.025103759765625000e+01
-2.908847045898437500e+01 7.816453933715820312e+00 2.025275421142578125e+01
-2.910164260864257812e+01 7.800491333007812500e+00 2.026558494567871094e+01
-2.912540435791015625e+01 7.789605140686035156e+00 2.029159545898437500e+01
-2.916257858276367188e+01 7.785027503967285156e+00 2.033224105834960938e+01
-2.921537017822265625e+01 7.787773132324218750e+00 2.038835334777832031e+01
-2.928528213500976562e+01 7.798586368560791016e+00 2.046008300781250000e+01
-2.937303543090820312e+01 7.817917823791503906e+00 2.054690170288085938e+01
-2.947861289978027344e+01 7.845923900604248047e+00 2.064763069152832031e+01
-2.960119056701660156e+01 7.882443428039550781e+00 2.076045608520507812e+01
-2.973922157287597656e+01 7.927007675170898438e+00 2.088300132751464844e+01
-2.989043807983398438e+01 7.978841781616210938e+00 2.101238250732421875e+01
-3.005194473266601562e+01 8.036902427673339844e+00 2.114531135559082031e+01
-3.022029876708984375e+01 8.099884033203125000e+00 2.127817535400390625e+01
-3.039158630371093750e+01 8.166274070739746094e+00 2.140715980529785156e+01
-3.056156730651855469e+01 8.234376907348632812e+00 2.152835655212402344e+01
-3.072575759887695312e+01 8.302369117736816406e+00 2.163787269592285156e+01
-3.087957000732421875e+01 8.368348121643066406e+00 2.173194694519042969e+01
-3.101844787597656250e+01 8.430380821228027344e+00 2.180707931518554688e+01
-3.113796997070312500e+01 8.486565589904785156e+00 2.186013031005859375e+01
-3.123397254943847656e+01 8.535076141357421875e+00 2.188838958740234375e+01
-3.130265998840332031e+01 8.574217796325683594e+00 2.188970375061035156e+01
-3.134072875976562500e+01 8.602471351623535156e+00 2.186251640319824219e+01
-3.134540557861328125e+01 8.618532180786132812e+00 2.180592536926269531e+01
-3.131455421447753906e+01 8.621358871459960938e+00 2.171970939636230469e+01
-3.124671936035156250e+01 8.610182762145996094e+00 2.160434913635253906e+01
-3.114113998413085938e+01 8.584536552429199219e+00 2.146100997924804688e+01
-3.099779510498046875e+01 8.544265747070312500e+00 2.129152297973632812e+01
-3.081733894348144531e+01 8.489529609680175781e+00 2.109832572937011719e+01
-3.060115814208984375e+01 8.420802116394042969e+00 2.088439369201660156e+01
-3.035126113891601562e+01 8.338825225830078125e+00 2.065316772460937500e+01
-3.007024002075195312e+01 8.244631767272949219e+00 2.040847206115722656e+01
-2.976121139526367188e+01 8.139482498168945312e+00 2.015436744689941406e+01
-2.942770767211914062e+01 8.024830818176269531e+00 1.989508628845214844e+01
-2.907364273071289062e+01 7.902305126190185547e+00 1.963491630554199219e+01
-2.870315361022949219e+01 7.773643016815185547e+00 1.937805747985839844e+01
-2.832054519653320312e+01 7.640666007995605469e+00 1.912854003906250000e+01
-2.793020629882812500e+01 7.505208492279052734e+00 1.889013099670410156e+01
-2.753649902343750000e+01 7.369109153747558594e+00 1.866622734069824219e+01
-2.714367866516113281e+01 7.234146118164062500e+00 1.845978355407714844e+01
-2.675584793090820312e+01 7.102003097534179688e+00 1.827326393127441406e+01
-2.637686347961425781e+01 6.974249839782714844e+00 1.810857963562011719e+01
-2.601028060913085938e+01 6.852293968200683594e+00 1.796704864501953125e+01
-2.565933799743652344e+01 6.737380981445312500e+00 1.784939193725585938e+01
-2.532688903808593750e+01 6.630554199218750000e+00 1.775571441650390625e+01
-2.499864196777343750e+01 6.493400573730468750e+00 1.766808891296386719e+01
-2.462551116943359375e+01 6.261301040649414062e+00 1.752038383483886719e+01
-2.428269577026367188e+01 6.045668601989746094e+00 1.740092658996582031e+01
-2.398102188110351562e+01 5.851689338684082031e+00 1.730049133300781250e+01
-2.375374221801757812e+01 5.692273139953613281e+00 1.718632698059082031e+01
-2.356065940856933594e+01 5.554566860198974609e+00 1.709836196899414062e+01
-2.340212440490722656e+01 5.439759254455566406e+00 1.703489875793457031e+01
-2.327804183959960938e+01 5.348760128021240234e+00 1.699386024475097656e+01
-2.318782043457031250e+01 5.282185077667236328e+00 1.697281646728515625e+01
-2.313048553466796875e+01 5.240372657775878906e+00 1.696906089782714844e+01
-2.310460472106933594e+01 5.223370552062988281e+00 1.697966194152832031e+01
-2.310835266113281250e+01 5.230938911437988281e+00 1.700152397155761719e+01
-2.313952636718750000e+01 5.262578964233398438e+00 1.703146171569824219e+01
-2.319557189941406250e+01 5.317507743835449219e+00 1.706623649597167969e+01
-2.327358245849609375e+01 5.394681930541992188e+00 1.710262489318847656e+01
-2.337036514282226562e+01 5.492805480957031250e+00 1.713747787475585938e+01
-2.348243141174316406e+01 5.610331058502197266e+00 1.716775321960449219e+01
-2.358674430847167969e+01 5.716656684875488281e+00 1.714886856079101562e+01
-2.365092086791992188e+01 5.767316818237304688e+00 1.701669120788574219e+01
-2.371314811706542969e+01 5.823276042938232422e+00 1.686024475097656250e+01
-2.376998710632324219e+01 5.883327484130859375e+00 1.667910766601562500e+01
-2.381800460815429688e+01 5.946228981018066406e+00 1.647336959838867188e+01
-2.385380935668945312e+01 6.010733604431152344e+00 1.624361801147460938e+01
-2.387413406372070312e+01 6.075575828552246094e+00 1.599093055725097656e+01
-2.387584686279296875e+01 6.139499187469482422e+00 1.571687126159667969e+01
-2.385604476928710938e+01 6.201273918151855469e+00 1.542346954345703125e+01
-2.381206130981445312e+01 6.259689331054687500e+00 1.511315155029296875e+01
-2.373307800292968750e+01 6.278927326202392578e+00 1.478313064575195312e+01
-2.361251449584960938e+01 6.238971710205078125e+00 1.443348312377929688e+01
-2.346180725097656250e+01 6.192168235778808594e+00 1.407624912261962891e+01
-2.332265663146972656e+01 6.134955883026123047e+00 1.377509498596191406e+01
-2.316028022766113281e+01 6.070914268493652344e+00 1.348547554016113281e+01
-2.296528053283691406e+01 6.001456260681152344e+00 1.319793605804443359e+01
-2.273776626586914062e+01 5.927259922027587891e+00 1.291566658020019531e+01
-2.247843933105468750e+01 5.849088191986083984e+00 1.264186000823974609e+01
-2.215355300903320312e+01 5.769152164459228516e+00 1.238240718841552734e+01
-2.179070091247558594e+01 5.687340259552001953e+00 1.213828659057617188e+01
-2.140853691101074219e+01 5.603976249694824219e+00 1.191109943389892578e+01
-2.101058197021484375e+01 5.520032882690429688e+00 1.170348262786865234e+01
-2.060077285766601562e+01 5.436520576477050781e+00 1.151788711547851562e+01
-2.018341636657714844e+01 5.354480743408203125e+00 1.135653591156005859e+01
-1.976311492919921875e+01 5.274971008300781250e+00 1.122140789031982422e+01
-1.935826492309570312e+01 5.204688072204589844e+00 1.110103893280029297e+01
-1.896928405761718750e+01 5.142793655395507812e+00 1.100137901306152344e+01
-1.859070014953613281e+01 5.085945129394531250e+00 1.093396663665771484e+01
-1.822725105285644531e+01 5.035018444061279297e+00 1.090017127990722656e+01
-1.788367080688476562e+01 4.990870952606201172e+00 1.090107536315917969e+01
-1.756465339660644531e+01 4.954356193542480469e+00 1.093749809265136719e+01
-1.724623870849609375e+01 4.924603939056396484e+00 1.101777744293212891e+01
-1.691068649291992188e+01 4.901101112365722656e+00 1.114824581146240234e+01
-1.660427856445312500e+01 4.887139320373535156e+00 1.131744480133056641e+01
-1.633175277709960938e+01 4.883513450622558594e+00 1.152495288848876953e+01
-1.609765243530273438e+01 4.890990257263183594e+00 1.177010726928710938e+01
-1.590368270874023438e+01 4.899726390838623047e+00 1.205029296875000000e+01
-1.576641464233398438e+01 4.842485904693603516e+00 1.231966018676757812e+01
-1.561939620971679688e+01 4.679121494293212891e+00 1.246025562286376953e+01
-1.556628227233886719e+01 4.495689868927001953e+00 1.267712402343750000e+01
-1.558165740966796875e+01 4.338065147399902344e+00 1.293818664550781250e+01
-1.566843223571777344e+01 4.209638595581054688e+00 1.324394226074218750e+01
-1.582894611358642578e+01 4.113560676574707031e+00 1.359457969665527344e+01
-1.612442398071289062e+01 4.027406692504882812e+00 1.397271442413330078e+01
-1.653876686096191406e+01 3.962021350860595703e+00 1.437937641143798828e+01
-1.702047157287597656e+01 3.938884258270263672e+00 1.483754253387451172e+01
-1.756801223754882812e+01 3.960185527801513672e+00 1.534610557556152344e+01
-1.817914009094238281e+01 4.027604103088378906e+00 1.590335083007812500e+01
-1.885089683532714844e+01 4.142278671264648438e+00 1.650693893432617188e+01
-1.957954025268554688e+01 4.304734230041503906e+00 1.715383148193359375e+01
-2.036053085327148438e+01 4.514859199523925781e+00 1.784029388427734375e+01
-2.118854141235351562e+01 4.771871566772460938e+00 1.856184196472167969e+01
-2.205742263793945312e+01 5.074274539947509766e+00 1.931325531005859375e+01
-2.296021270751953125e+01 5.419864654541015625e+00 2.008858489990234375e+01
-2.388918685913085938e+01 5.805700302124023438e+00 2.088115310668945312e+01
-2.483586311340332031e+01 6.228147029876708984e+00 2.168362998962402344e+01
-2.574384117126464844e+01 6.610246181488037109e+00 2.238321304321289062e+01
-2.658760070800781250e+01 6.922773838043212891e+00 2.293644142150878906e+01
-2.743542671203613281e+01 7.247174263000488281e+00 2.342995452880859375e+01
-2.830644989013671875e+01 7.578293800354003906e+00 2.381587219238281250e+01
-2.914822387695312500e+01 7.914645195007324219e+00 2.415422439575195312e+01
-2.995079803466796875e+01 8.252157211303710938e+00 2.444120216369628906e+01
-3.070431518554687500e+01 8.586590766906738281e+00 2.467341041564941406e+01
-3.139922714233398438e+01 8.913619041442871094e+00 2.484800720214843750e+01
-3.202644729614257812e+01 9.228886604309082031e+00 2.496276855468750000e+01
-3.257756042480468750e+01 9.528113365173339844e+00 2.501618385314941406e+01
-3.304498672485351562e+01 9.807146072387695312e+00 2.500754356384277344e+01
-3.346469497680664062e+01 1.002519321441650391e+01 2.498664665222167969e+01
-3.379506683349609375e+01 1.021011447906494141e+01 2.491214752197265625e+01
-3.402589416503906250e+01 1.036407375335693359e+01 2.477872657775878906e+01
-3.415396499633789062e+01 1.048488903045654297e+01 2.458849143981933594e+01
-3.417761993408203125e+01 1.057087135314941406e+01 2.434446525573730469e+01
-3.408946990966796875e+01 1.059048843383789062e+01 2.404567337036132812e+01
-3.388017272949218750e+01 1.049806404113769531e+01 2.368963050842285156e+01
-3.357383346557617188e+01 1.037854671478271484e+01 2.329565238952636719e+01
-3.317582321166992188e+01 1.023397350311279297e+01 2.287028121948242188e+01
-3.269303512573242188e+01 1.006678867340087891e+01 2.242058944702148438e+01
-3.215493011474609375e+01 9.877879142761230469e+00 2.198390960693359375e+01
-3.156155395507812500e+01 9.671268463134765625e+00 2.155458450317382812e+01
-3.090655899047851562e+01 9.451914787292480469e+00 2.111664581298828125e+01
-3.020113372802734375e+01 9.223472595214843750e+00 2.067749786376953125e+01
-2.945728111267089844e+01 8.989719390869140625e+00 2.024454307556152344e+01
-2.868755531311035156e+01 8.754489898681640625e+00 1.982502746582031250e+01
-2.790488815307617188e+01 8.521618843078613281e+00 1.942593002319335938e+01
-2.712237167358398438e+01 8.294877052307128906e+00 1.905384254455566406e+01
-2.635299301147460938e+01 8.077898025512695312e+00 1.871484947204589844e+01
-2.560947418212890625e+01 7.874131202697753906e+00 1.841443252563476562e+01
-2.490405654907226562e+01 7.686797142028808594e+00 1.815741157531738281e+01
-2.424829864501953125e+01 7.518839836120605469e+00 1.794785499572753906e+01
-2.365294647216796875e+01 7.372881412506103516e+00 1.778903961181640625e+01
-2.314315795898437500e+01 7.201991081237792969e+00 1.771360397338867188e+01
-2.269800758361816406e+01 6.970844268798828125e+00 1.767425918579101562e+01
-2.228597068786621094e+01 6.681169986724853516e+00 1.757441139221191406e+01
-2.198153495788574219e+01 6.438616275787353516e+00 1.756162261962890625e+01
-2.179009246826171875e+01 6.247448921203613281e+00 1.763635826110839844e+01
-2.171529960632324219e+01 6.111184120178222656e+00 1.779779243469238281e+01
-2.175909042358398438e+01 6.032529830932617188e+00 1.804377746582031250e+01
-2.193122673034667969e+01 6.005000114440917969e+00 1.838219261169433594e+01
-2.224577713012695312e+01 6.015942573547363281e+00 1.882684135437011719e+01
-2.267011451721191406e+01 6.090806961059570312e+00 1.933788108825683594e+01
-2.319849395751953125e+01 6.229319095611572266e+00 1.990788078308105469e+01
-2.382355117797851562e+01 6.430265426635742188e+00 2.052851676940917969e+01
-2.450593566894531250e+01 6.645313262939453125e+00 2.112460708618164062e+01
-2.520605850219726562e+01 6.827008724212646484e+00 2.162288665771484375e+01
-2.596096420288085938e+01 7.045128822326660156e+00 2.211869621276855469e+01
-2.675939941406250000e+01 7.297138214111328125e+00 2.260469245910644531e+01
-2.758928298950195312e+01 7.579944610595703125e+00 2.307361984252929688e+01
-2.843793106079101562e+01 7.889964580535888672e+00 2.351846313476562500e+01
-2.929216766357421875e+01 8.223160743713378906e+00 2.393254280090332031e+01
-3.013855361938476562e+01 8.575067520141601562e+00 2.430960845947265625e+01
-3.096361923217773438e+01 8.940897941589355469e+00 2.464393424987792969e+01
-3.175403404235839844e+01 9.315583229064941406e+00 2.493040084838867188e+01
-3.249685668945312500e+01 9.693858146667480469e+00 2.516461181640625000e+01
-3.321347808837890625e+01 1.004114055633544922e+01 2.538234138488769531e+01
-3.386874008178710938e+01 1.037256336212158203e+01 2.555316543579101562e+01
-3.444465637207031250e+01 1.068942832946777344e+01 2.566637802124023438e+01
-3.493134689331054688e+01 1.098720645904541016e+01 2.572025299072265625e+01
-3.532037353515625000e+01 1.126167488098144531e+01 2.571404266357421875e+01
-3.560485458374023438e+01 1.150896549224853516e+01 2.564796257019042969e+01
-3.575084686279296875e+01 1.160745429992675781e+01 2.550408744812011719e+01
-3.578149414062500000e+01 1.166262340545654297e+01 2.530213356018066406e+01
-3.569915008544921875e+01 1.168730258941650391e+01 2.504766273498535156e+01
-3.550480651855468750e+01 1.168150520324707031e+01 2.474493789672851562e+01
-3.520133590698242188e+01 1.164572906494140625e+01 2.439899444580078125e+01
-3.483262634277343750e+01 1.157963466644287109e+01 2.407390403747558594e+01
-3.436794281005859375e+01 1.149591255187988281e+01 2.373458862304687500e+01
-3.381235885620117188e+01 1.138300037384033203e+01 2.336479187011718750e+01
-3.317459487915039062e+01 1.124305057525634766e+01 2.297054100036621094e+01
-3.246452331542968750e+01 1.107857608795166016e+01 2.255811309814453125e+01
-3.169295501708984375e+01 1.089239883422851562e+01 2.213393974304199219e+01
-3.087137985229492188e+01 1.068758964538574219e+01 2.170443534851074219e+01
-3.001169967651367188e+01 1.046739196777343750e+01 2.127589225769042969e+01
-2.912595176696777344e+01 1.023515415191650391e+01 2.085433959960937500e+01
-2.821549224853515625e+01 1.000739479064941406e+01 2.044746398925781250e+01
-2.729764556884765625e+01 9.780280113220214844e+00 2.005933952331542969e+01
-2.638603973388671875e+01 9.553719520568847656e+00 1.969405937194824219e+01
-2.549108314514160156e+01 9.330458641052246094e+00 1.935554695129394531e+01
-2.462221527099609375e+01 9.113012313842773438e+00 1.904702949523925781e+01
-2.378776550292968750e+01 8.903627395629882812e+00 1.877101325988769531e+01
-2.299485397338867188e+01 8.704273223876953125e+00 1.852925872802734375e+01
-2.224930000305175781e+01 8.516600608825683594e+00 1.832279777526855469e+01
-2.155565071105957031e+01 8.341956138610839844e+00 1.815197944641113281e+01
-2.090473747253417969e+01 8.167230606079101562e+00 1.798786926269531250e+01
-2.019548034667968750e+01 7.782437324523925781e+00 1.764367103576660156e+01
-1.952471160888671875e+01 7.391136646270751953e+00 1.735066413879394531e+01
-1.886030197143554688e+01 7.022358894348144531e+00 1.717673683166503906e+01
-1.831553268432617188e+01 6.667659759521484375e+00 1.707309532165527344e+01
-1.782947921752929688e+01 6.342826843261718750e+00 1.701963996887207031e+01
-1.754830551147460938e+01 6.008031368255615234e+00 1.694196128845214844e+01
-1.737126922607421875e+01 5.687332153320312500e+00 1.690371513366699219e+01
-1.723897171020507812e+01 5.400557518005371094e+00 1.691391563415527344e+01
-1.714796829223632812e+01 5.148579597473144531e+00 1.697001838684082031e+01
-1.709528541564941406e+01 4.932120323181152344e+00 1.706949806213378906e+01
-1.707853889465332031e+01 4.751787662506103516e+00 1.720996856689453125e+01
-1.709605216979980469e+01 4.608141899108886719e+00 1.738923454284667969e+01
-1.714692497253417969e+01 4.501728057861328125e+00 1.760535240173339844e+01
-1.723105239868164062e+01 4.433102607727050781e+00 1.785666084289550781e+01
-1.734908866882324219e+01 4.402853965759277344e+00 1.814178848266601562e+01
-1.750243568420410156e+01 4.411619186401367188e+00 1.845966529846191406e+01
-1.769308280944824219e+01 4.460060596466064453e+00 1.880943298339843750e+01
-1.792353248596191406e+01 4.548868179321289062e+00 1.919045066833496094e+01
-1.819662857055664062e+01 4.678705692291259766e+00 1.960219383239746094e+01
-1.851532554626464844e+01 4.850179672241210938e+00 2.004415130615234375e+01
-1.888253021240234375e+01 5.063784122467041016e+00 2.051574516296386719e+01
-1.930087280273437500e+01 5.319841861724853516e+00 2.101625061035156250e+01
-1.977248001098632812e+01 5.618417263031005859e+00 2.154463195800781250e+01
-2.024927902221679688e+01 5.802470684051513672e+00 2.186223411560058594e+01
-2.077613830566406250e+01 6.011984348297119141e+00 2.217990684509277344e+01
-2.135531997680664062e+01 6.254846096038818359e+00 2.250875282287597656e+01
-2.198545455932617188e+01 6.530913829803466797e+00 2.284787178039550781e+01
-2.266386032104492188e+01 6.839621067047119141e+00 2.319588279724121094e+01
-2.338646697998046875e+01 7.179927825927734375e+00 2.355091476440429688e+01
-2.414775848388671875e+01 7.550274372100830078e+00 2.391054534912109375e+01
-2.494082641601562500e+01 7.948571205139160156e+00 2.427182388305664062e+01
-2.581313705444335938e+01 8.369079589843750000e+00 2.454717254638671875e+01
-2.675993919372558594e+01 8.808311462402343750e+00 2.472534370422363281e+01
-2.771631431579589844e+01 9.265511512756347656e+00 2.488373756408691406e+01
-2.866957855224609375e+01 9.736453056335449219e+00 2.501914024353027344e+01
-2.960614395141601562e+01 1.021645355224609375e+01 2.512828254699707031e+01
-3.051183319091796875e+01 1.070040130615234375e+01 2.520790863037109375e+01
-3.134091758728027344e+01 1.123033237457275391e+01 2.527033424377441406e+01
-3.211102676391601562e+01 1.178657436370849609e+01 2.532482910156250000e+01
-3.293056106567382812e+01 1.227212905883789062e+01 2.538475418090820312e+01
-3.362505340576171875e+01 1.257800674438476562e+01 2.537776184082031250e+01
-3.423440551757812500e+01 1.277339363098144531e+01 2.532479476928710938e+01
-3.489777374267578125e+01 1.292541980743408203e+01 2.527912712097167969e+01
-3.544077682495117188e+01 1.304755306243896484e+01 2.518734931945800781e+01
-3.585275268554687500e+01 1.313728332519531250e+01 2.504822349548339844e+01
-3.612496948242187500e+01 1.319248485565185547e+01 2.486123657226562500e+01
-3.625080871582031250e+01 1.321146869659423828e+01 2.462658500671386719e+01
-3.616674804687500000e+01 1.319751930236816406e+01 2.435939979553222656e+01
-3.589144134521484375e+01 1.314842319488525391e+01 2.405659294128417969e+01
-3.547898864746093750e+01 1.306004524230957031e+01 2.370800018310546875e+01
-3.493362426757812500e+01 1.293279743194580078e+01 2.331677818298339844e+01
-3.426188278198242188e+01 1.276769828796386719e+01 2.288685226440429688e+01
-3.347250747680664062e+01 1.256636714935302734e+01 2.242291069030761719e+01
-3.255559539794921875e+01 1.233302974700927734e+01 2.193451881408691406e+01
-3.147441864013671875e+01 1.207525062561035156e+01 2.143762779235839844e+01
-3.033558845520019531e+01 1.178740406036376953e+01 2.092016601562500000e+01
-2.915530014038085938e+01 1.147323131561279297e+01 2.038898086547851562e+01
-2.795047760009765625e+01 1.113691711425781250e+01 1.985128211975097656e+01
-2.673847770690917969e+01 1.078302192687988281e+01 1.931452751159667969e+01
-2.553676605224609375e+01 1.041640472412109375e+01 1.878628921508789062e+01
-2.436258506774902344e+01 1.004213619232177734e+01 1.827410316467285156e+01
-2.313434982299804688e+01 9.573393821716308594e+00 1.760533332824707031e+01
-2.188668823242187500e+01 9.068740844726562500e+00 1.689462280273437500e+01
-2.062095642089843750e+01 8.590901374816894531e+00 1.626058578491210938e+01
-1.938554573059082031e+01 8.149270057678222656e+00 1.570639610290527344e+01
-1.814651489257812500e+01 7.783231735229492188e+00 1.525520229339599609e+01
-1.699120712280273438e+01 7.400908470153808594e+00 1.487951660156250000e+01
-1.591930389404296875e+01 6.950190544128417969e+00 1.457456874847412109e+01
-1.497028732299804688e+01 6.549889087677001953e+00 1.436198425292968750e+01
-1.415364074707031250e+01 6.204335212707519531e+00 1.424358463287353516e+01
-1.347644901275634766e+01 5.916940689086914062e+00 1.421973037719726562e+01
-1.294334316253662109e+01 5.690142154693603516e+00 1.428930759429931641e+01
-1.259920501708984375e+01 5.515712738037109375e+00 1.441910839080810547e+01
-1.253853034973144531e+01 5.362662315368652344e+00 1.458324241638183594e+01
-1.273409557342529297e+01 5.245914459228515625e+00 1.486597537994384766e+01
-1.308966350555419922e+01 5.184900283813476562e+00 1.524368572235107422e+01
-1.354337692260742188e+01 5.189712047576904297e+00 1.569833374023437500e+01
-1.408383941650390625e+01 5.257537841796875000e+00 1.622062873840332031e+01
-1.469855117797851562e+01 5.384549140930175781e+00 1.680029487609863281e+01
-1.537417793273925781e+01 5.566004753112792969e+00 1.742624855041503906e+01
-1.609681892395019531e+01 5.796320438385009766e+00 1.808679962158203125e+01
-1.685228919982910156e+01 6.069190025329589844e+00 1.876986503601074219e+01
-1.762639999389648438e+01 6.377707004547119141e+00 1.946320533752441406e+01
-1.840525054931640625e+01 6.714504241943359375e+00 2.015464401245117188e+01
-1.917549514770507812e+01 7.071904182434082031e+00 2.083231163024902344e+01
-1.988279533386230469e+01 7.309577941894531250e+00 2.128441429138183594e+01
-2.055418205261230469e+01 7.541625022888183594e+00 2.168484687805175781e+01
-2.118494415283203125e+01 7.777673721313476562e+00 2.205017662048339844e+01
-2.176707077026367188e+01 8.012541770935058594e+00 2.237522506713867188e+01
-2.229412078857421875e+01 8.241328239440917969e+00 2.265584373474121094e+01
-2.276131439208984375e+01 8.459488868713378906e+00 2.288897895812988281e+01
-2.316562271118164062e+01 8.662958145141601562e+00 2.307273674011230469e+01
-2.350578308105468750e+01 8.848219871520996094e+00 2.320639991760253906e+01
-2.378226470947265625e+01 9.012371063232421875e+00 2.329044532775878906e+01
-2.399723434448242188e+01 9.153195381164550781e+00 2.332649421691894531e+01
-2.413398742675781250e+01 9.268169403076171875e+00 2.329913902282714844e+01
-2.424290466308593750e+01 9.339717864990234375e+00 2.324558830261230469e+01
-2.430052947998046875e+01 9.387090682983398438e+00 2.315876007080078125e+01
-2.431313896179199219e+01 9.411326408386230469e+00 2.304430961608886719e+01
-2.428810119628906250e+01 9.414092063903808594e+00 2.290835189819335938e+01
-2.423361778259277344e+01 9.397606849670410156e+00 2.275728225708007812e+01
-2.415845108032226562e+01 9.364572525024414062e+00 2.259760665893554688e+01
-2.407171440124511719e+01 9.318094253540039062e+00 2.243575286865234375e+01
-2.398251342773437500e+01 9.261572837829589844e+00 2.227787590026855469e+01
-2.389972305297851562e+01 9.198592185974121094e+00 2.212969017028808594e+01
-2.383174133300781250e+01 9.132834434509277344e+00 2.199630546569824219e+01
-2.378917312622070312e+01 9.068987846374511719e+00 2.187906837463378906e+01
-2.377868461608886719e+01 9.010565757751464844e+00 2.178144836425781250e+01
-2.379996490478515625e+01 8.958805084228515625e+00 2.171173286437988281e+01
-2.385741806030273438e+01 8.916725158691406250e+00 2.167110252380371094e+01
-2.395402526855468750e+01 8.886929512023925781e+00 2.165960311889648438e+01
-2.409127807617187500e+01 8.871534347534179688e+00 2.167615127563476562e+01
-2.426909065246582031e+01 8.872108459472656250e+00 2.171857643127441406e+01
-2.448642349243164062e+01 8.889842033386230469e+00 2.178306007385253906e+01
-2.474441337585449219e+01 8.926595687866210938e+00 2.186112403869628906e+01
-2.503342819213867188e+01 8.980338096618652344e+00 2.195285224914550781e+01
-2.534703063964843750e+01 9.050002098083496094e+00 2.205310630798339844e+01
-2.567763137817382812e+01 9.133935928344726562e+00 2.215623855590820312e+01
-2.601666831970214844e+01 9.229922294616699219e+00 2.225624465942382812e+01
-2.635486030578613281e+01 9.335280418395996094e+00 2.234697151184082031e+01
-2.668240928649902344e+01 9.446903228759765625e+00 2.242229080200195312e+01
-2.698931121826171875e+01 9.561364173889160156e+00 2.247628021240234375e+01
-2.725788688659667969e+01 9.643461227416992188e+00 2.249831008911132812e+01
-2.748102951049804688e+01 9.699842453002929688e+00 2.248509407043457031e+01
-2.765405273437500000e+01 9.744740486145019531e+00 2.243528556823730469e+01
-2.777597618103027344e+01 9.778352737426757812e+00 2.233881378173828125e+01
-2.783839416503906250e+01 9.797656059265136719e+00 2.219485664367675781e+01
-2.783175086975097656e+01 9.798988342285156250e+00 2.200602149963378906e+01
-2.775156974792480469e+01 9.780632972717285156e+00 2.177250862121582031e+01
-2.759492874145507812e+01 9.741327285766601562e+00 2.149567985534667969e+01
-2.737503242492675781e+01 9.678996086120605469e+00 2.119852256774902344e+01
-2.709608459472656250e+01 9.593064308166503906e+00 2.089005088806152344e+01
-2.674108505249023438e+01 9.485579490661621094e+00 2.054809570312500000e+01
-2.631308174133300781e+01 9.357460975646972656e+00 2.017724800109863281e+01
-2.581676483154296875e+01 9.210140228271484375e+00 1.978294754028320312e+01
-2.525836944580078125e+01 9.045538902282714844e+00 1.937134170532226562e+01
-2.464557647705078125e+01 8.866030693054199219e+00 1.894917106628417969e+01
-2.398734664916992188e+01 8.674392700195312500e+00 1.852360725402832031e+01
-2.329375839233398438e+01 8.473742485046386719e+00 1.810210227966308594e+01
-2.257578277587890625e+01 8.267473220825195312e+00 1.769222450256347656e+01
-2.184510421752929688e+01 8.059195518493652344e+00 1.730151176452636719e+01
-2.111385917663574219e+01 7.852649211883544922e+00 1.693729782104492188e+01
-2.039443778991699219e+01 7.651640892028808594e+00 1.660658073425292969e+01
-1.966258430480957031e+01 7.425999164581298828e+00 1.626664161682128906e+01
-1.887030792236328125e+01 7.123677253723144531e+00 1.584257030487060547e+01
-1.812972259521484375e+01 6.841283798217773438e+00 1.547440528869628906e+01
-1.743681335449218750e+01 6.512854576110839844e+00 1.515809822082519531e+01
-1.685839653015136719e+01 6.191698074340820312e+00 1.485867309570312500e+01
-1.637570762634277344e+01 5.910759449005126953e+00 1.462897682189941406e+01
-1.599134063720703125e+01 5.673458099365234375e+00 1.448146343231201172e+01
-1.574828720092773438e+01 5.468070507049560547e+00 1.447202682495117188e+01
-1.562380123138427734e+01 5.313068389892578125e+00 1.456049919128417969e+01
-1.561673545837402344e+01 5.214758872985839844e+00 1.473983383178710938e+01
-1.575980472564697266e+01 5.174448490142822266e+00 1.496211242675781250e+01
-1.603646087646484375e+01 5.195070743560791016e+00 1.524927711486816406e+01
-1.642043495178222656e+01 5.278930664062500000e+00 1.563337707519531250e+01
-1.690692138671875000e+01 5.425965309143066406e+00 1.610975074768066406e+01
-1.748931884765625000e+01 5.634997367858886719e+00 1.667210578918457031e+01
-1.815938758850097656e+01 5.903735160827636719e+00 1.731260490417480469e+01
-1.890731048583984375e+01 6.228806972503662109e+00 1.802197074890136719e+01
-1.972188568115234375e+01 6.605789184570312500e+00 1.878964805603027344e+01
-2.059064483642578125e+01 7.029265403747558594e+00 1.960391807556152344e+01
-2.150009918212890625e+01 7.492911815643310547e+00 2.045213317871093750e+01
-2.243957519531250000e+01 7.989400863647460938e+00 2.131539916992187500e+01
-2.344952392578125000e+01 8.507853507995605469e+00 2.209628868103027344e+01
-2.441928672790527344e+01 8.975682258605957031e+00 2.275985717773437500e+01
-2.530566406250000000e+01 9.344323158264160156e+00 2.323601913452148438e+01
-2.616409301757812500e+01 9.712137222290039062e+00 2.366814422607421875e+01
-2.698063278198242188e+01 1.007329082489013672e+01 2.404961204528808594e+01
-2.774196243286132812e+01 1.042199993133544922e+01 2.437463188171386719e+01
-2.843560600280761719e+01 1.075266838073730469e+01 2.463840675354003906e+01
-2.904935836791992188e+01 1.105638408660888672e+01 2.483659744262695312e+01
-2.954959678649902344e+01 1.123160648345947266e+01 2.495097541809082031e+01
-2.995261764526367188e+01 1.137538528442382812e+01 2.499653434753417969e+01
-3.025204849243164062e+01 1.148570251464843750e+01 2.497340202331542969e+01
-3.044334030151367188e+01 1.156114101409912109e+01 2.488290596008300781e+01
-3.052471351623535156e+01 1.160128307342529297e+01 2.472669792175292969e+01
-3.055053329467773438e+01 1.161150264739990234e+01 2.453633689880371094e+01
-3.047568893432617188e+01 1.158469867706298828e+01 2.430682945251464844e+01
-3.028892326354980469e+01 1.152303028106689453e+01 2.402483177185058594e+01
-2.999383926391601562e+01 1.142805576324462891e+01 2.369616508483886719e+01
-2.959583282470703125e+01 1.130189418792724609e+01 2.332739067077636719e+01
-2.910189056396484375e+01 1.114715099334716797e+01 2.292563056945800781e+01
-2.852043914794921875e+01 1.096686840057373047e+01 2.249843788146972656e+01
-2.786115264892578125e+01 1.076445770263671875e+01 2.205362892150878906e+01
-2.713466262817382812e+01 1.054358196258544922e+01 2.159908866882324219e+01
-2.635235786437988281e+01 1.030811309814453125e+01 2.114263725280761719e+01
-2.552608489990234375e+01 1.006201744079589844e+01 2.069184112548828125e+01
-2.466790390014648438e+01 9.809277534484863281e+00 2.025388717651367188e+01
-2.378986549377441406e+01 9.553817749023437500e+00 1.983543586730957031e+01
-2.290370368957519531e+01 9.299408912658691406e+00 1.944249153137207031e+01
-2.194048690795898438e+01 8.967017173767089844e+00 1.893521499633789062e+01
-2.099440574645996094e+01 8.614924430847167969e+00 1.832840538024902344e+01
-2.006150054931640625e+01 8.209498405456542969e+00 1.775220108032226562e+01
-1.902442741394042969e+01 7.752584457397460938e+00 1.725188446044921875e+01
-1.797905349731445312e+01 7.323568344116210938e+00 1.682278823852539062e+01
-1.698325729370117188e+01 6.921463012695312500e+00 1.645154571533203125e+01
-1.609636116027832031e+01 6.537302017211914062e+00 1.615635490417480469e+01
-1.537447261810302734e+01 6.166003227233886719e+00 1.591296482086181641e+01
-1.485420036315917969e+01 5.799506187438964844e+00 1.563673019409179688e+01
-1.445134353637695312e+01 5.443708896636962891e+00 1.545837020874023438e+01
-1.411227607727050781e+01 5.127433776855468750e+00 1.534255981445312500e+01
-1.383450698852539062e+01 4.851737499237060547e+00 1.528662586212158203e+01
-1.361478042602539062e+01 4.617073059082031250e+00 1.528709983825683594e+01
-1.344921302795410156e+01 4.423345565795898438e+00 1.533983612060546875e+01
-1.333345031738281250e+01 4.269991397857666016e+00 1.544016456604003906e+01
-1.326282405853271484e+01 4.156027793884277344e+00 1.558299446105957031e+01
-1.323251152038574219e+01 4.080149650573730469e+00 1.576296043395996094e+01
-1.323764038085937500e+01 4.040786266326904297e+00 1.597452545166015625e+01
-1.327346420288085938e+01 4.036180496215820312e+00 1.621212196350097656e+01
-1.333543872833251953e+01 4.064445018768310547e+00 1.647022819519042969e+01
-1.341934013366699219e+01 4.123630523681640625e+00 1.674348640441894531e+01
-1.352135562896728516e+01 4.211771011352539062e+00 1.702676963806152344e+01
-1.363813972473144531e+01 4.326928138732910156e+00 1.731526756286621094e+01
-1.376683902740478516e+01 4.467222213745117188e+00 1.760452651977539062e+01
-1.390515136718750000e+01 4.630860328674316406e+00 1.789050102233886719e+01
-1.405130577087402344e+01 4.816142559051513672e+00 1.816958999633789062e+01
-1.420404338836669922e+01 5.021471023559570312e+00 1.843863868713378906e+01
-1.436261749267578125e+01 5.245339393615722656e+00 1.869494438171386719e+01
-1.452667140960693359e+01 5.486323356628417969e+00 1.893628501892089844e+01
-1.469627857208251953e+01 5.743065834045410156e+00 1.916084671020507812e+01
-1.487178230285644531e+01 6.014253139495849609e+00 1.936725234985351562e+01
-1.503544998168945312e+01 6.240701675415039062e+00 1.946694374084472656e+01
-1.517202472686767578e+01 6.370597839355468750e+00 1.938286590576171875e+01
-1.531625938415527344e+01 6.510488510131835938e+00 1.927793312072753906e+01
-1.546917438507080078e+01 6.660225391387939453e+00 1.915400886535644531e+01
-1.556012344360351562e+01 6.916161060333251953e+00 1.907530593872070312e+01
-1.575675678253173828e+01 7.193632125854492188e+00 1.886257743835449219e+01
-1.601438331604003906e+01 7.475087165832519531e+00 1.855542945861816406e+01
-1.628210258483886719e+01 7.762006759643554688e+00 1.823317527770996094e+01
-1.655887031555175781e+01 8.052910804748535156e+00 1.789923667907714844e+01
-1.685072708129882812e+01 8.344310760498046875e+00 1.755944252014160156e+01
-1.729117393493652344e+01 8.601742744445800781e+00 1.725885772705078125e+01
-1.772283172607421875e+01 8.808464050292968750e+00 1.694912147521972656e+01
-1.815691757202148438e+01 8.870438575744628906e+00 1.663309097290039062e+01
-1.867710685729980469e+01 8.887786865234375000e+00 1.635481452941894531e+01
-1.918607711791992188e+01 8.902601242065429688e+00 1.608388900756835938e+01
-1.967691421508789062e+01 8.914549827575683594e+00 1.582225799560546875e+01
-2.014237213134765625e+01 8.923186302185058594e+00 1.557157325744628906e+01
-2.057502937316894531e+01 8.927966117858886719e+00 1.533321857452392578e+01
-2.096742248535156250e+01 8.928250312805175781e+00 1.510828495025634766e+01
-2.125964736938476562e+01 8.933385848999023438e+00 1.490555763244628906e+01
-2.144580459594726562e+01 8.942425727844238281e+00 1.472548103332519531e+01
-2.158080291748046875e+01 8.942885398864746094e+00 1.455918598175048828e+01
-2.161240005493164062e+01 8.937336921691894531e+00 1.441810798645019531e+01
-2.155640983581542969e+01 8.923519134521484375e+00 1.429744720458984375e+01
-2.145045471191406250e+01 8.897766113281250000e+00 1.418734836578369141e+01
-2.129292106628417969e+01 8.859485626220703125e+00 1.408756637573242188e+01
-2.108661651611328125e+01 8.808389663696289062e+00 1.400144958496093750e+01
-2.082862472534179688e+01 8.744197845458984375e+00 1.392546844482421875e+01
-2.051828002929687500e+01 8.666906356811523438e+00 1.385740089416503906e+01
-2.015821647644042969e+01 8.576817512512207031e+00 1.379741191864013672e+01
-1.976952362060546875e+01 8.476366043090820312e+00 1.374044036865234375e+01
-1.937937164306640625e+01 8.368776321411132812e+00 1.368002414703369141e+01
-1.896203994750976562e+01 8.251263618469238281e+00 1.363535308837890625e+01
-1.852322387695312500e+01 8.125398635864257812e+00 1.360177326202392578e+01
-1.799783325195312500e+01 7.998119354248046875e+00 1.359706687927246094e+01
-1.742892837524414062e+01 7.868254661560058594e+00 1.361353302001953125e+01
-1.679302215576171875e+01 7.594798088073730469e+00 1.336270713806152344e+01
-1.615353012084960938e+01 7.322221279144287109e+00 1.313272476196289062e+01
-1.549628639221191406e+01 7.055975437164306641e+00 1.293172550201416016e+01
-1.470778656005859375e+01 6.811121940612792969e+00 1.278769683837890625e+01
-1.384313011169433594e+01 6.448229789733886719e+00 1.266598892211914062e+01
-1.294934463500976562e+01 6.109409809112548828e+00 1.259104633331298828e+01
-1.208819866180419922e+01 5.785259246826171875e+00 1.255294895172119141e+01
-1.126892757415771484e+01 5.479303836822509766e+00 1.255357646942138672e+01
-1.049980926513671875e+01 5.194811820983886719e+00 1.259440803527832031e+01
-9.788089752197265625e+00 4.934754848480224609e+00 1.267650604248046875e+01
-9.375415802001953125e+00 4.636903762817382812e+00 1.268493843078613281e+01
-9.036432266235351562e+00 4.365904808044433594e+00 1.273760032653808594e+01
-8.930051803588867188e+00 4.088532447814941406e+00 1.287318992614746094e+01
-8.904181480407714844e+00 3.841671466827392578e+00 1.306230545043945312e+01
-8.940400123596191406e+00 3.630959033966064453e+00 1.330072021484375000e+01
-9.088753700256347656e+00 3.438408374786376953e+00 1.360693168640136719e+01
-9.302534103393554688e+00 3.280901908874511719e+00 1.396212387084960938e+01
-9.551470756530761719e+00 3.168539524078369141e+00 1.435353851318359375e+01
-9.831685066223144531e+00 3.101030826568603516e+00 1.477832031250000000e+01
-1.013898849487304688e+01 3.077570915222167969e+00 1.523325729370117188e+01
-1.046897983551025391e+01 3.096889495849609375e+00 1.571486663818359375e+01
-1.081712055206298828e+01 3.157262325286865234e+00 1.621938705444335938e+01
-1.117879295349121094e+01 3.256575584411621094e+00 1.674286079406738281e+01
-1.154940509796142578e+01 3.392351150512695312e+00 1.728116226196289062e+01
-1.192441749572753906e+01 3.561801433563232422e+00 1.783003044128417969e+01
-1.237215518951416016e+01 3.735071182250976562e+00 1.841298103332519531e+01
-1.282651615142822266e+01 3.931665897369384766e+00 1.900190162658691406e+01
-1.328044891357421875e+01 4.149226188659667969e+00 1.959120750427246094e+01
-1.372874069213867188e+01 4.384671211242675781e+00 2.017594337463378906e+01
-1.416648864746093750e+01 4.634804248809814453e+00 2.075119972229003906e+01
-1.458908557891845703e+01 4.896385669708251953e+00 2.131217193603515625e+01
-1.505440998077392578e+01 5.182471752166748047e+00 2.184886550903320312e+01
-1.553178787231445312e+01 5.482717514038085938e+00 2.235907554626464844e+01
-1.597799682617187500e+01 5.783398628234863281e+00 2.284194183349609375e+01
-1.637189674377441406e+01 6.050288200378417969e+00 2.325091361999511719e+01
-1.665349197387695312e+01 6.178381443023681641e+00 2.344144248962402344e+01
-1.689691162109375000e+01 6.303195953369140625e+00 2.360263442993164062e+01
-1.710066413879394531e+01 6.423167228698730469e+00 2.373365211486816406e+01
-1.726387405395507812e+01 6.536847114562988281e+00 2.383397483825683594e+01
-1.738627243041992188e+01 6.642961502075195312e+00 2.390345954895019531e+01
-1.746830749511718750e+01 6.740396976470947266e+00 2.394233131408691406e+01
-1.751109504699707031e+01 6.828259944915771484e+00 2.395123481750488281e+01
-1.751647567749023438e+01 6.905883312225341797e+00 2.393126106262207031e+01
-1.748700141906738281e+01 6.972842693328857422e+00 2.388394737243652344e+01
-1.742595291137695312e+01 7.028996467590332031e+00 2.381130981445312500e+01
-1.733729171752929688e+01 7.074478149414062500e+00 2.371581077575683594e+01
-1.722568321228027344e+01 7.109730243682861328e+00 2.360038757324218750e+01
-1.709638786315917969e+01 7.135501861572265625e+00 2.346839332580566406e+01
-1.695529174804687500e+01 7.152852058410644531e+00 2.332359504699707031e+01
-1.680873298645019531e+01 7.163137435913085938e+00 2.317008399963378906e+01
-1.666345405578613281e+01 7.168013095855712891e+00 2.301224708557128906e+01
-1.652650833129882812e+01 7.169390201568603516e+00 2.285465812683105469e+01
-1.648305892944335938e+01 7.189949035644531250e+00 2.269533920288085938e+01
-1.646882247924804688e+01 7.213205814361572266e+00 2.254511070251464844e+01
-1.648812866210937500e+01 7.240938186645507812e+00 2.240878868103027344e+01
-1.654716491699218750e+01 7.275567531585693359e+00 2.229080009460449219e+01
-1.665163993835449219e+01 7.319545745849609375e+00 2.219523239135742188e+01
-1.680668449401855469e+01 7.375294208526611328e+00 2.212573051452636719e+01
-1.701661682128906250e+01 7.445126533508300781e+00 2.208534622192382812e+01
-1.728486633300781250e+01 7.531184196472167969e+00 2.207647895812988281e+01
-1.761381912231445312e+01 7.635366439819335938e+00 2.210076332092285156e+01
-1.800464820861816406e+01 7.759253978729248047e+00 2.215898323059082031e+01
-1.845728111267089844e+01 7.904057979583740234e+00 2.225104713439941406e+01
-1.897025871276855469e+01 8.070549964904785156e+00 2.237592124938964844e+01
-1.954071235656738281e+01 8.259020805358886719e+00 2.253163528442382812e+01
-2.016429328918457031e+01 8.469241142272949219e+00 2.271529388427734375e+01
-2.083528137207031250e+01 8.700430870056152344e+00 2.292311859130859375e+01
-2.155810356140136719e+01 8.950609207153320312e+00 2.313298606872558594e+01
-2.236614036560058594e+01 9.215569496154785156e+00 2.327641296386718750e+01
-2.320174789428710938e+01 9.495522499084472656e+00 2.341979026794433594e+01
-2.405382728576660156e+01 9.787539482116699219e+00 2.355714416503906250e+01
-2.491027069091796875e+01 1.008822059631347656e+01 2.368237495422363281e+01
-2.575812530517578125e+01 1.039378261566162109e+01 2.378940773010253906e+01
-2.665610504150390625e+01 1.066692256927490234e+01 2.389829635620117188e+01
-2.757131195068359375e+01 1.091592407226562500e+01 2.399567413330078125e+01
-2.849851608276367188e+01 1.114170360565185547e+01 2.407729911804199219e+01
-2.936880874633789062e+01 1.135309886932373047e+01 2.412169456481933594e+01
-2.998991775512695312e+01 1.147242736816406250e+01 2.416280937194824219e+01
-3.048289489746093750e+01 1.155647182464599609e+01 2.416905593872070312e+01
-3.089251708984375000e+01 1.161645030975341797e+01 2.412300109863281250e+01
-3.120876693725585938e+01 1.165019416809082031e+01 2.402245521545410156e+01
-3.142298698425292969e+01 1.165598964691162109e+01 2.386623954772949219e+01
-3.152803993225097656e+01 1.163262367248535156e+01 2.365425491333007812e+01
-3.151853179931640625e+01 1.157940959930419922e+01 2.338750267028808594e+01
-3.138676071166992188e+01 1.150133800506591797e+01 2.306884193420410156e+01
-3.112728881835937500e+01 1.140367603302001953e+01 2.270219612121582031e+01
-3.075040054321289062e+01 1.127518749237060547e+01 2.228985786437988281e+01
-3.025886344909667969e+01 1.111712837219238281e+01 2.183694267272949219e+01
-2.965749740600585938e+01 1.093132305145263672e+01 2.134945297241210938e+01
-2.895312500000000000e+01 1.072011947631835938e+01 2.083418083190917969e+01
-2.815447998046875000e+01 1.048634910583496094e+01 2.029860115051269531e+01
-2.727211761474609375e+01 1.023328781127929688e+01 1.975074195861816406e+01
-2.631821441650390625e+01 9.964593887329101562e+00 1.919905281066894531e+01
-2.530640792846679688e+01 9.684265136718750000e+00 1.865226554870605469e+01
-2.425159454345703125e+01 9.396559715270996094e+00 1.811926078796386719e+01
-2.316964721679687500e+01 9.105935096740722656e+00 1.760890197753906250e+01
-2.207721710205078125e+01 8.816978454589843750e+00 1.712991905212402344e+01
-2.094805335998535156e+01 8.552664756774902344e+00 1.670368194580078125e+01
-1.966322135925292969e+01 8.324316978454589844e+00 1.638549995422363281e+01
-1.838769721984863281e+01 8.057875633239746094e+00 1.600807380676269531e+01
-1.712427711486816406e+01 7.719672203063964844e+00 1.549962329864501953e+01
-1.594118499755859375e+01 7.415148735046386719e+00 1.507589912414550781e+01
-1.482083320617675781e+01 6.995346069335937500e+00 1.472024917602539062e+01
-1.381866264343261719e+01 6.615272521972656250e+00 1.446409797668457031e+01
-1.295447349548339844e+01 6.289678573608398438e+00 1.431495094299316406e+01
-1.224424743652343750e+01 6.024571895599365234e+00 1.427760028839111328e+01
-1.174965953826904297e+01 5.822547912597656250e+00 1.428323745727539062e+01
-1.148503112792968750e+01 5.687825202941894531e+00 1.432937622070312500e+01
-1.145098686218261719e+01 5.600483894348144531e+00 1.454043197631835938e+01
-1.178742599487304688e+01 5.542263984680175781e+00 1.492701339721679688e+01
-1.229619407653808594e+01 5.567608356475830078e+00 1.543812179565429688e+01
-1.297356796264648438e+01 5.677886962890625000e+00 1.606926536560058594e+01
-1.381323051452636719e+01 5.873234272003173828e+00 1.681410980224609375e+01
-1.480638694763183594e+01 6.152544975280761719e+00 1.766455268859863281e+01
-1.594183731079101562e+01 6.513437747955322266e+00 1.861078453063964844e+01
-1.720608139038085938e+01 6.952292919158935547e+00 1.964142036437988281e+01
-1.858352851867675781e+01 7.464272022247314453e+00 2.074359703063964844e+01
-2.005665016174316406e+01 8.043353080749511719e+00 2.190317726135253906e+01
-2.160621833801269531e+01 8.682415008544921875e+00 2.310488319396972656e+01
-2.320016288757324219e+01 9.337082862854003906e+00 2.427775192260742188e+01
-2.474668884277343750e+01 9.823019027709960938e+00 2.514274406433105469e+01
-2.609801864624023438e+01 1.035502433776855469e+01 2.606283950805664062e+01
-2.744750976562500000e+01 1.089776611328125000e+01 2.696157073974609375e+01
-2.885917663574218750e+01 1.141498279571533203e+01 2.778186607360839844e+01
-3.030155181884765625e+01 1.192723560333251953e+01 2.844082832336425781e+01
-3.169093704223632812e+01 1.243096065521240234e+01 2.902417564392089844e+01
-3.300736618041992188e+01 1.291913032531738281e+01 2.952338409423828125e+01
-3.423179244995117188e+01 1.338487625122070312e+01 2.993109893798828125e+01
-3.532511901855468750e+01 1.373464488983154297e+01 3.022720718383789062e+01
-3.627506256103515625e+01 1.397882270812988281e+01 3.040976905822753906e+01
-3.708406829833984375e+01 1.418146419525146484e+01 3.048697471618652344e+01
-3.774016189575195312e+01 1.433965492248535156e+01 3.045768547058105469e+01
-3.823361206054687500e+01 1.445114135742187500e+01 3.032242965698242188e+01
-3.855711746215820312e+01 1.451434993743896484e+01 3.008336830139160156e+01
-3.877199935913085938e+01 1.452241802215576172e+01 2.983727073669433594e+01
-3.881225967407226562e+01 1.448110485076904297e+01 2.949951744079589844e+01
-3.868801879882812500e+01 1.439655399322509766e+01 2.906054878234863281e+01
-3.838391876220703125e+01 1.429289531707763672e+01 2.853030586242675781e+01
-3.790736007690429688e+01 1.414388370513916016e+01 2.792855072021484375e+01
-3.726858139038085938e+01 1.394871044158935547e+01 2.726432228088378906e+01
-3.647776412963867188e+01 1.371049976348876953e+01 2.654814338684082031e+01
-3.554745483398437500e+01 1.343304729461669922e+01 2.579130935668945312e+01
-3.449235534667968750e+01 1.312073230743408203e+01 2.500572204589843750e+01
-3.332908248901367188e+01 1.277847099304199219e+01 2.420367622375488281e+01
-3.207587432861328125e+01 1.241160678863525391e+01 2.339764595031738281e+01
-3.075235748291015625e+01 1.202585697174072266e+01 2.260011482238769531e+01
-2.937912750244140625e+01 1.162719917297363281e+01 2.182330703735351562e+01
-2.797747802734375000e+01 1.122177028656005859e+01 2.107904624938964844e+01
-2.656902313232421875e+01 1.081579303741455078e+01 2.037852478027343750e+01
-2.517534637451171875e+01 1.041544914245605469e+01 1.973214340209960938e+01
-2.381763076782226562e+01 1.002678012847900391e+01 1.914931678771972656e+01
-2.243973159790039062e+01 9.587926864624023438e+00 1.853777885437011719e+01
-2.091017723083496094e+01 9.135820388793945312e+00 1.786118888854980469e+01
-1.946173095703125000e+01 8.741445541381835938e+00 1.728515625000000000e+01
-1.814428710937500000e+01 8.395051956176757812e+00 1.682216453552246094e+01
-1.695513534545898438e+01 8.013450622558593750e+00 1.646350479125976562e+01
-1.591282272338867188e+01 7.610172271728515625e+00 1.621428680419921875e+01
-1.505273056030273438e+01 7.278351783752441406e+00 1.609060096740722656e+01
-1.438576698303222656e+01 7.022175788879394531e+00 1.609226799011230469e+01
-1.391964912414550781e+01 6.844589233398437500e+00 1.621706581115722656e+01
-1.373561763763427734e+01 6.742990016937255859e+00 1.634483909606933594e+01
-1.385638427734375000e+01 6.699516773223876953e+00 1.660342216491699219e+01
-1.427324676513671875e+01 6.700865745544433594e+00 1.702669715881347656e+01
-1.487256050109863281e+01 6.777537345886230469e+00 1.757308006286621094e+01
-1.562002468109130859e+01 6.938260078430175781e+00 1.821747398376464844e+01
-1.650066757202148438e+01 7.179104328155517578e+00 1.894721412658691406e+01
-1.749745941162109375e+01 7.494840621948242188e+00 1.974830436706542969e+01
-1.859159660339355469e+01 7.879035949707031250e+00 2.060567092895507812e+01
-1.976281356811523438e+01 8.324127197265625000e+00 2.150342178344726562e+01
-2.098976135253906250e+01 8.821595191955566406e+00 2.242510032653808594e+01
-2.225032997131347656e+01 9.362073898315429688e+00 2.335396385192871094e+01
-2.347469139099121094e+01 9.785439491271972656e+00 2.404623794555664062e+01
-2.471014404296875000e+01 1.015694332122802734e+01 2.465653800964355469e+01
-2.589048385620117188e+01 1.053423786163330078e+01 2.520144844055175781e+01
-2.699725723266601562e+01 1.091844081878662109e+01 2.564661216735839844e+01
-2.805618667602539062e+01 1.129543590545654297e+01 2.602215385437011719e+01
-2.904898452758789062e+01 1.165839481353759766e+01 2.632163429260253906e+01
-2.995864868164062500e+01 1.200078010559082031e+01 2.654001998901367188e+01
-3.076670455932617188e+01 1.230375194549560547e+01 2.667168998718261719e+01
-3.143385505676269531e+01 1.245618820190429688e+01 2.669753074645996094e+01
-3.197769546508789062e+01 1.257215309143066406e+01 2.663631248474121094e+01
-3.238962554931640625e+01 1.264966106414794922e+01 2.648946571350097656e+01
-3.266336822509765625e+01 1.268741512298583984e+01 2.625987815856933594e+01
-3.284379577636718750e+01 1.268038463592529297e+01 2.602034378051757812e+01
-3.288924789428710938e+01 1.263237857818603516e+01 2.571964645385742188e+01
-3.279140853881835938e+01 1.254507064819335938e+01 2.535120201110839844e+01
-3.255286788940429688e+01 1.242003917694091797e+01 2.492147254943847656e+01
-3.217859649658203125e+01 1.225945091247558594e+01 2.443784904479980469e+01
-3.167568588256835938e+01 1.206604671478271484e+01 2.390847206115722656e+01
-3.105322456359863281e+01 1.184305381774902344e+01 2.334208488464355469e+01
-3.032204246520996094e+01 1.159410572052001953e+01 2.274779701232910156e+01
-2.949443435668945312e+01 1.132318115234375000e+01 2.213493919372558594e+01
-2.858386611938476562e+01 1.103448295593261719e+01 2.151286506652832031e+01
-2.760467720031738281e+01 1.073237323760986328e+01 2.089074134826660156e+01
-2.657177734375000000e+01 1.042127513885498047e+01 2.027740287780761719e+01
-2.550030517578125000e+01 1.010557937622070312e+01 1.968115425109863281e+01
-2.440534973144531250e+01 9.789573669433593750e+00 1.910966682434082031e+01
-2.330165481567382812e+01 9.477352142333984375e+00 1.856983375549316406e+01
-2.217321014404296875e+01 9.138409614562988281e+00 1.799819374084472656e+01
-2.097272491455078125e+01 8.707247734069824219e+00 1.726021003723144531e+01
-1.966639709472656250e+01 8.307397842407226562e+00 1.662068939208984375e+01
-1.838479423522949219e+01 7.930301666259765625e+00 1.604505157470703125e+01
-1.712317276000976562e+01 7.439407348632812500e+00 1.550909709930419922e+01
-1.591840362548828125e+01 6.945291042327880859e+00 1.503282928466796875e+01
-1.478707313537597656e+01 6.481715202331542969e+00 1.462271881103515625e+01
-1.373669433593750000e+01 6.051861286163330078e+00 1.427919578552246094e+01
-1.277305793762207031e+01 5.658241271972656250e+00 1.400158786773681641e+01
-1.198799800872802734e+01 5.297863006591796875e+00 1.365593624114990234e+01
-1.147257232666015625e+01 4.916447639465332031e+00 1.340871810913085938e+01
-1.113639068603515625e+01 4.550512313842773438e+00 1.325252914428710938e+01
-1.088055229187011719e+01 4.227787971496582031e+00 1.315775680541992188e+01
-1.070055007934570312e+01 3.948689460754394531e+00 1.312017440795898438e+01
-1.059117317199707031e+01 3.713143348693847656e+00 1.313506507873535156e+01
-1.054666900634765625e+01 3.520655155181884766e+00 1.319736289978027344e+01
-1.056480216979980469e+01 3.368952274322509766e+00 1.330327415466308594e+01
-1.067024326324462891e+01 3.245474338531494141e+00 1.345929718017578125e+01
-1.080392837524414062e+01 3.168267250061035156e+00 1.363986587524414062e+01
-1.096028137207031250e+01 3.135511875152587891e+00 1.383998870849609375e+01
-1.113396167755126953e+01 3.145267486572265625e+00 1.405489158630371094e+01
-1.131998443603515625e+01 3.195491790771484375e+00 1.428006267547607422e+01
-1.152996826171875000e+01 3.278105735778808594e+00 1.451755905151367188e+01
-1.178408622741699219e+01 3.382059097290039062e+00 1.477286338806152344e+01
-1.205120944976806641e+01 3.515356540679931641e+00 1.503202342987060547e+01
-1.232739925384521484e+01 3.676224708557128906e+00 1.529168415069580078e+01
-1.260921955108642578e+01 3.862908840179443359e+00 1.554890441894531250e+01
-1.289380073547363281e+01 4.073681831359863281e+00 1.580113220214843750e+01
-1.317876911163330078e+01 4.306837558746337891e+00 1.604622077941894531e+01
-1.346225929260253906e+01 4.560677528381347656e+00 1.628237724304199219e+01
-1.374285793304443359e+01 4.833508491516113281e+00 1.650816917419433594e+01
-1.401957988739013672e+01 5.123609542846679688e+00 1.672246742248535156e+01
-1.429177665710449219e+01 5.429248809814453125e+00 1.692446327209472656e+01
-1.455912113189697266e+01 5.748651504516601562e+00 1.711359405517578125e+01
-1.482151794433593750e+01 6.079993247985839844e+00 1.728955268859863281e+01
-1.507905864715576172e+01 6.421409606933593750e+00 1.745223617553710938e+01
-1.534468078613281250e+01 6.770278453826904297e+00 1.758254432678222656e+01
-1.569856834411621094e+01 7.120223522186279297e+00 1.756024360656738281e+01
-1.600104522705078125e+01 7.454828262329101562e+00 1.743999862670898438e+01
-1.623076629638671875e+01 7.772271633148193359e+00 1.719899368286132812e+01
-1.646084213256835938e+01 8.093848228454589844e+00 1.695098114013671875e+01
-1.679588699340820312e+01 8.392974853515625000e+00 1.673133850097656250e+01
-1.722873115539550781e+01 8.656079292297363281e+00 1.654446983337402344e+01
-1.766781997680664062e+01 8.751871109008789062e+00 1.635160446166992188e+01
-1.810158920288085938e+01 8.825350761413574219e+00 1.616129493713378906e+01
-1.853347015380859375e+01 8.899626731872558594e+00 1.597975635528564453e+01
-1.896126365661621094e+01 8.975021362304687500e+00 1.580931758880615234e+01
-1.942247009277343750e+01 9.056088447570800781e+00 1.563974380493164062e+01
-1.988872909545898438e+01 9.140337944030761719e+00 1.548098945617675781e+01
-2.034381866455078125e+01 9.226536750793457031e+00 1.533899688720703125e+01
-2.071852111816406250e+01 9.327757835388183594e+00 1.522520160675048828e+01
-2.105607604980468750e+01 9.435583114624023438e+00 1.513378524780273438e+01
-2.138291931152343750e+01 9.544804573059082031e+00 1.506121921539306641e+01
-2.169770431518554688e+01 9.655520439147949219e+00 1.500790596008300781e+01
-2.194476699829101562e+01 9.771799087524414062e+00 1.498704338073730469e+01
-2.215488433837890625e+01 9.891386032104492188e+00 1.499092102050781250e+01
-2.235769271850585938e+01 1.001210689544677734e+01 1.501191139221191406e+01
-2.255238151550292969e+01 1.013399124145507812e+01 1.504952621459960938e+01
-2.273824119567871094e+01 1.025705718994140625e+01 1.510309982299804688e+01
-2.291470146179199219e+01 1.038130283355712891e+01 1.517184066772460938e+01
-2.308497238159179688e+01 1.050679397583007812e+01 1.525855255126953125e+01
-2.324459838867187500e+01 1.063335227966308594e+01 1.535793304443359375e+01
-2.339309120178222656e+01 1.076086330413818359e+01 1.546851539611816406e+01
-2.353052520751953125e+01 1.088920211791992188e+01 1.558920669555664062e+01
-2.365711593627929688e+01 1.101819705963134766e+01 1.571890068054199219e+01
-2.377318763732910156e+01 1.114763259887695312e+01 1.585643196105957031e+01
-2.387914657592773438e+01 1.127725410461425781e+01 1.600064468383789062e+01
-2.397549057006835938e+01 1.140676689147949219e+01 1.615036582946777344e+01
-2.406274795532226562e+01 1.153582859039306641e+01 1.630442619323730469e+01
-2.414146423339843750e+01 1.166406536102294922e+01 1.646169090270996094e+01
-2.421221542358398438e+01 1.179106235504150391e+01 1.662103843688964844e+01
-2.427552413940429688e+01 1.191637420654296875e+01 1.678139305114746094e+01
-2.433190917968750000e+01 1.203953552246093750e+01 1.694170761108398438e+01
-2.438179969787597656e+01 1.216005706787109375e+01 1.710099983215332031e+01
-2.442559242248535156e+01 1.227744102478027344e+01 1.725833702087402344e+01
-2.446398544311523438e+01 1.239119625091552734e+01 1.741324806213378906e+01
-2.449769592285156250e+01 1.250084209442138672e+01 1.756543350219726562e+01
-2.452585220336914062e+01 1.260586833953857422e+01 1.771311378479003906e+01
-2.454852294921875000e+01 1.270582294464111328e+01 1.785561943054199219e+01
-2.456567382812500000e+01 1.280027389526367188e+01 1.799233245849609375e+01
-2.457720375061035156e+01 1.288883876800537109e+01 1.812274360656738281e+01
-2.458300018310546875e+01 1.297118377685546875e+01 1.824640846252441406e+01
-2.458287811279296875e+01 1.304702472686767578e+01 1.836297798156738281e+01
-2.457664871215820312e+01 1.311614418029785156e+01 1.847217559814453125e+01
-2.456408691406250000e+01 1.317838764190673828e+01 1.857381629943847656e+01
-2.454501152038574219e+01 1.323367309570312500e+01 1.866779136657714844e+01
-2.451924896240234375e+01 1.328199100494384766e+01 1.875408744812011719e+01
-2.448665618896484375e+01 1.332340621948242188e+01 1.883275032043457031e+01
-2.444714355468750000e+01 1.335806465148925781e+01 1.890393066406250000e+01
-2.440070724487304688e+01 1.338617801666259766e+01 1.896782875061035156e+01
-2.434738540649414062e+01 1.340803909301757812e+01 1.902473449707031250e+01
-2.428731346130371094e+01 1.342400074005126953e+01 1.907499504089355469e+01
-2.422071456909179688e+01 1.343448925018310547e+01 1.911902999877929688e+01
-2.414790725708007812e+01 1.343998622894287109e+01 1.915732002258300781e+01
-2.406929779052734375e+01 1.344102668762207031e+01 1.919038009643554688e+01
-2.398538589477539062e+01 1.343819141387939453e+01 1.921879959106445312e+01
-2.389676284790039062e+01 1.343208980560302734e+01 1.924319267272949219e+01
-2.380411148071289062e+01 1.342336845397949219e+01 1.926419639587402344e+01
-2.370818710327148438e+01 1.341268634796142578e+01 1.928250503540039062e+01
-2.360979843139648438e+01 1.340071201324462891e+01 1.929881095886230469e+01
-2.350983428955078125e+01 1.338811206817626953e+01 1.931381607055664062e+01
-2.340917205810546875e+01 1.337554264068603516e+01 1.932823944091796875e+01
-2.330873870849609375e+01 1.336363506317138672e+01 1.934278297424316406e+01
-2.320944595336914062e+01 1.335298919677734375e+01 1.935814857482910156e+01
-2.311216163635253906e+01 1.334417819976806641e+01 1.937500381469726562e+01
-2.301773452758789062e+01 1.333771038055419922e+01 1.939399337768554688e+01
-2.292689514160156250e+01 1.333405017852783203e+01 1.941572189331054688e+01
-2.284032058715820312e+01 1.333360767364501953e+01 1.944075584411621094e+01
-2.275858688354492188e+01 1.333672237396240234e+01 1.946960830688476562e+01
-2.268210220336914062e+01 1.334365463256835938e+01 1.950271415710449219e+01
-2.261119079589843750e+01 1.335461521148681641e+01 1.954046821594238281e+01
-2.254599189758300781e+01 1.336971759796142578e+01 1.958316802978515625e+01
-2.248654174804687500e+01 1.338901233673095703e+01 1.963104820251464844e+01
-2.243272018432617188e+01 1.341247558593750000e+01 1.968425369262695312e+01
-2.238425064086914062e+01 1.343999767303466797e+01 1.974283409118652344e+01
-2.234075927734375000e+01 1.347141265869140625e+01 1.980675697326660156e+01
-2.230173110961914062e+01 1.350647354125976562e+01 1.987589836120605469e+01
-2.226657676696777344e+01 1.354488086700439453e+01 1.995004463195800781e+01
-2.223459815979003906e+01 1.358626842498779297e+01 2.002887916564941406e+01
-2.220505142211914062e+01 1.363022804260253906e+01 2.011201858520507812e+01
-2.217714500427246094e+01 1.367630863189697266e+01 2.019899368286132812e+01
-2.215006828308105469e+01 1.372402763366699219e+01 2.028925895690917969e+01
-2.212302398681640625e+01 1.377288055419921875e+01 2.038221931457519531e+01
-2.209522247314453125e+01 1.382235527038574219e+01 2.047723197937011719e+01
-2.206593322753906250e+01 1.387194252014160156e+01 2.057361602783203125e+01
-2.203449821472167969e+01 1.392114639282226562e+01 2.067067718505859375e+01
-2.200036048889160156e+01 1.396949100494384766e+01 2.076771545410156250e+01
-2.196305084228515625e+01 1.401654148101806641e+01 2.086404228210449219e+01
-2.192224311828613281e+01 1.406191062927246094e+01 2.095900535583496094e+01
-2.187775230407714844e+01 1.410525798797607422e+01 2.105199050903320312e+01
-2.182950782775878906e+01 1.414629459381103516e+01 2.114242553710937500e+01
-2.177762794494628906e+01 1.418480682373046875e+01 2.122982215881347656e+01
-2.172237014770507812e+01 1.422064018249511719e+01 2.131375694274902344e+01
-2.166411972045898438e+01 1.425369358062744141e+01 2.139387512207031250e+01
-2.160339736938476562e+01 1.428393936157226562e+01 2.146991729736328125e+01
-2.154084205627441406e+01 1.431139564514160156e+01 2.154168510437011719e+01
-2.148295402526855469e+01 1.432650279998779297e+01 2.159514236450195312e+01
-2.142300033569335938e+01 1.433372497558593750e+01 2.163723182678222656e+01
-2.135028076171875000e+01 1.434128284454345703e+01 2.168058013916015625e+01
-2.127705955505371094e+01 1.434795761108398438e+01 2.172176933288574219e+01
-2.120417213439941406e+01 1.435399627685546875e+01 2.176101493835449219e+01
-2.113238143920898438e+01 1.435962486267089844e+01 2.179850578308105469e+01
-2.106240081787109375e+01 1.436504936218261719e+01 2.183443832397460938e+01
-2.099482345581054688e+01 1.437041091918945312e+01 2.186896514892578125e+01
-2.093008804321289062e+01 1.437581920623779297e+01 2.190220260620117188e+01
-2.086848449707031250e+01 1.438132381439208984e+01 2.193422889709472656e+01
-2.081011962890625000e+01 1.438690948486328125e+01 2.196505737304687500e+01
-2.075490570068359375e+01 1.439252185821533203e+01 2.199466514587402344e+01
-2.070253562927246094e+01 1.439801692962646484e+01 2.202296257019042969e+01
-2.065255928039550781e+01 1.440322875976562500e+01 2.204981422424316406e+01
-2.060430145263671875e+01 1.440793800354003906e+01 2.207504653930664062e+01
-2.055694198608398438e+01 1.441187286376953125e+01 2.209845924377441406e+01
-2.050954055786132812e+01 1.441475105285644531e+01 2.211981010437011719e+01
-2.046103668212890625e+01 1.441626644134521484e+01 2.213885879516601562e+01
-2.041032600402832031e+01 1.441611957550048828e+01 2.215536880493164062e+01
-2.035626792907714844e+01 1.441401100158691406e+01 2.216911697387695312e+01
-2.029775810241699219e+01 1.440966606140136719e+01 2.217991256713867188e+01
-2.023373794555664062e+01 1.440284919738769531e+01 2.218760108947753906e+01
-2.016327285766601562e+01 1.439336681365966797e+01 2.219209671020507812e+01
-2.008554840087890625e+01 1.438107585906982422e+01 2.219336128234863281e+01
-1.999994087219238281e+01 1.436590099334716797e+01 2.219143104553222656e+01
-1.990601158142089844e+01 1.434783363342285156e+01 2.218642807006835938e+01
-1.980354309082031250e+01 1.432693004608154297e+01 2.217854309082031250e+01
-1.969255828857421875e+01 1.430332088470458984e+01 2.216804313659667969e+01
-1.957329559326171875e+01 1.427720642089843750e+01 2.215527153015136719e+01
-1.944622611999511719e+01 1.424884986877441406e+01 2.214062881469726562e+01
-1.931206130981445312e+01 1.421857070922851562e+01 2.212458419799804688e+01
-1.917169952392578125e+01 1.418673992156982422e+01 2.210763168334960938e+01
-1.902622795104980469e+01 1.415376281738281250e+01 2.209029579162597656e+01
-1.887688064575195312e+01 1.412006855010986328e+01 2.207311820983886719e+01
-1.872504234313964844e+01 1.408611679077148438e+01 2.205663108825683594e+01
-1.857217216491699219e+01 1.405235004425048828e+01 2.204133605957031250e+01
-1.841981506347656250e+01 1.401920795440673828e+01 2.202770042419433594e+01
-1.826954269409179688e+01 1.398711776733398438e+01 2.201614189147949219e+01
-1.812294387817382812e+01 1.395645809173583984e+01 2.200700378417968750e+01
-1.798156356811523438e+01 1.392757892608642578e+01 2.200054931640625000e+01
-1.784692001342773438e+01 1.390076732635498047e+01 2.199695587158203125e+01
-1.772043991088867188e+01 1.387626075744628906e+01 2.199630546569824219e+01
-1.760346603393554688e+01 1.385422897338867188e+01 2.199859428405761719e+01
-1.749721336364746094e+01 1.383478641510009766e+01 2.200370979309082031e+01
-1.740277481079101562e+01 1.381797885894775391e+01 2.201146316528320312e+01
-1.732108879089355469e+01 1.380379581451416016e+01 2.202157974243164062e+01
-1.725292968750000000e+01 1.379216194152832031e+01 2.203371620178222656e+01
-1.719891166687011719e+01 1.378295612335205078e+01 2.204746437072753906e+01
-1.715946388244628906e+01 1.377601623535156250e+01 2.206238365173339844e+01
-1.713482856750488281e+01 1.377114295959472656e+01 2.207799720764160156e+01
-1.712505722045898438e+01 1.376810932159423828e+01 2.209382629394531250e+01
-1.713002014160156250e+01 1.376667690277099609e+01 2.210938644409179688e+01
-1.714937400817871094e+01 1.376660060882568359e+01 2.212423706054687500e+01
-1.718259811401367188e+01 1.376763153076171875e+01 2.213795471191406250e+01
-1.722897720336914062e+01 1.376955223083496094e+01 2.215018844604492188e+01
-1.728762245178222656e+01 1.377213954925537109e+01 2.216063880920410156e+01
-1.735746383666992188e+01 1.377521514892578125e+01 2.216908073425292969e+01
-1.743726348876953125e+01 1.377862548828125000e+01 2.217538261413574219e+01
-1.752565765380859375e+01 1.378224849700927734e+01 2.217948913574218750e+01
-1.762114143371582031e+01 1.378600025177001953e+01 2.218142318725585938e+01
-1.772211265563964844e+01 1.378983020782470703e+01 2.218130493164062500e+01
-1.782688903808593750e+01 1.379373359680175781e+01 2.217933464050292969e+01
-1.793374443054199219e+01 1.379771900177001953e+01 2.217576789855957031e+01
-1.804093170166015625e+01 1.380183219909667969e+01 2.217094993591308594e+01
-1.814670753479003906e+01 1.380614185333251953e+01 2.216525840759277344e+01
-1.824938201904296875e+01 1.381072330474853516e+01 2.215911102294921875e+01
-1.834732818603515625e+01 1.381567096710205078e+01 2.215296363830566406e+01
-1.843904495239257812e+01 1.382107448577880859e+01 2.214727401733398438e+01
-1.852313995361328125e+01 1.382701778411865234e+01 2.214250183105468750e+01
-1.859839630126953125e+01 1.383357238769531250e+01 2.213908195495605469e+01
-1.866374588012695312e+01 1.384079837799072266e+01 2.213743019104003906e+01
-1.871833801269531250e+01 1.384872436523437500e+01 2.213792610168457031e+01
-1.876149749755859375e+01 1.385735893249511719e+01 2.214087295532226562e+01
-1.879275894165039062e+01 1.386667728424072266e+01 2.214652633666992188e+01
-1.881186676025390625e+01 1.387662887573242188e+01 2.215507698059082031e+01
-1.881875419616699219e+01 1.388712406158447266e+01 2.216662025451660156e+01
-1.881356048583984375e+01 1.389805603027343750e+01 2.218119430541992188e+01
-1.879658508300781250e+01 1.390928363800048828e+01 2.219875144958496094e+01
-1.876831245422363281e+01 1.392063713073730469e+01 2.221914863586425781e+01
-1.872936630249023438e+01 1.393193531036376953e+01 2.224218559265136719e+01
-1.868049430847167969e+01 1.394298076629638672e+01 2.226758575439453125e+01
-1.862257003784179688e+01 1.395357036590576172e+01 2.229500389099121094e+01
-1.855655288696289062e+01 1.396349334716796875e+01 2.232403945922851562e+01
-1.848347091674804688e+01 1.397254276275634766e+01 2.235424995422363281e+01
-1.840439987182617188e+01 1.398053169250488281e+01 2.238515472412109375e+01
-1.832045364379882812e+01 1.398727607727050781e+01 2.241625404357910156e+01
-1.823274230957031250e+01 1.399261951446533203e+01 2.244703483581542969e+01
-1.814237594604492188e+01 1.399644088745117188e+01 2.247698783874511719e+01
-1.805041885375976562e+01 1.399862957000732422e+01 2.250560188293457031e+01
-1.795788955688476562e+01 1.399912548065185547e+01 2.253241157531738281e+01
-1.786578369140625000e+01 1.399789714813232422e+01 2.255697441101074219e+01
-1.777495956420898438e+01 1.399493980407714844e+01 2.257888984680175781e+01
-1.768623542785644531e+01 1.399030780792236328e+01 2.259782409667968750e+01
-1.760030555725097656e+01 1.398406314849853516e+01 2.261347770690917969e+01
-1.751777267456054688e+01 1.397632217407226562e+01 2.262563896179199219e+01
-1.743912887573242188e+01 1.396721458435058594e+01 2.263415336608886719e+01
-1.736475372314453125e+01 1.395690822601318359e+01 2.263894081115722656e+01
-1.729491424560546875e+01 1.394558238983154297e+01 2.263998603820800781e+01
-1.722977066040039062e+01 1.393345355987548828e+01 2.263736152648925781e+01
-1.716937637329101562e+01 1.392072963714599609e+01 2.263120269775390625e+01
-1.711369323730468750e+01 1.390764617919921875e+01 2.262170219421386719e+01
-1.706256484985351562e+01 1.389443111419677734e+01 2.260912704467773438e+01
-1.701578521728515625e+01 1.388133049011230469e+01 2.259381103515625000e+01
-1.697305488586425781e+01 1.386857032775878906e+01 2.257612991333007812e+01
-1.693401527404785156e+01 1.385638713836669922e+01 2.255651473999023438e+01
-1.689826965332031250e+01 1.384500312805175781e+01 2.253543281555175781e+01
-1.686539077758789062e+01 1.383463001251220703e+01 2.251338958740234375e+01
-1.683491516113281250e+01 1.382545852661132812e+01 2.249090957641601562e+01
-1.680639076232910156e+01 1.381767845153808594e+01 2.246854591369628906e+01
-1.677939224243164062e+01 1.381144905090332031e+01 2.244683456420898438e+01
-1.675349044799804688e+01 1.380691719055175781e+01 2.242633247375488281e+01
-1.671626091003417969e+01 1.379521369934082031e+01 2.238996315002441406e+01
-1.667514610290527344e+01 1.378222179412841797e+01 2.234957885742187500e+01
-1.663367843627929688e+01 1.377083015441894531e+01 2.231117820739746094e+01
-1.659181022644042969e+01 1.376118755340576172e+01 2.227540588378906250e+01
-1.654959106445312500e+01 1.375342082977294922e+01 2.224286079406738281e+01
-1.650715446472167969e+01 1.374763298034667969e+01 2.221411323547363281e+01
-1.646472930908203125e+01 1.374390316009521484e+01 2.218966674804687500e+01
-1.642264556884765625e+01 1.374228858947753906e+01 2.216997528076171875e+01
-1.638130378723144531e+01 1.374281215667724609e+01 2.215541648864746094e+01
-1.634118652343750000e+01 1.374548244476318359e+01 2.214628982543945312e+01
-1.630284118652343750e+01 1.375026321411132812e+01 2.214282226562500000e+01
-1.626685523986816406e+01 1.375709152221679688e+01 2.214513397216796875e+01
-1.623385429382324219e+01 1.376587867736816406e+01 2.215326881408691406e+01
-1.620447540283203125e+01 1.377649402618408203e+01 2.216715049743652344e+01
-1.617933273315429688e+01 1.378877449035644531e+01 2.218662261962890625e+01
-1.615903472900390625e+01 1.380252933502197266e+01 2.221141052246093750e+01
-1.614410209655761719e+01 1.381752014160156250e+01 2.224114227294921875e+01
-1.613498878479003906e+01 1.383349418640136719e+01 2.227535629272460938e+01
-1.613208007812500000e+01 1.385015773773193359e+01 2.231346702575683594e+01
-1.613560295104980469e+01 1.386718368530273438e+01 2.235482025146484375e+01
-1.614569091796875000e+01 1.388422298431396484e+01 2.239866065979003906e+01
-1.616230201721191406e+01 1.390089988708496094e+01 2.244415855407714844e+01
-1.618524932861328125e+01 1.391681957244873047e+01 2.249041557312011719e+01
-1.621417236328125000e+01 1.393156814575195312e+01 2.253647613525390625e+01
-1.624851989746093750e+01 1.394471645355224609e+01 2.258133506774902344e+01
-1.628759002685546875e+01 1.395583629608154297e+01 2.262396240234375000e+01
-1.633047485351562500e+01 1.396447753906250000e+01 2.266329574584960938e+01
-1.637608909606933594e+01 1.397020626068115234e+01 2.269829559326171875e+01
-1.642317199707031250e+01 1.397258186340332031e+01 2.272791290283203125e+01
-1.647029495239257812e+01 1.397116756439208984e+01 2.275114250183105469e+01
-1.651584815979003906e+01 1.396554088592529297e+01 2.276701545715332031e+01
-1.655809020996093750e+01 1.395527935028076172e+01 2.277461814880371094e+01
-1.659511566162109375e+01 1.393996524810791016e+01 2.277311134338378906e+01
-1.662490844726562500e+01 1.391920375823974609e+01 2.276175498962402344e+01
-1.664533233642578125e+01 1.389259147644042969e+01 2.273988533020019531e+01
-1.665416717529296875e+01 1.385973072052001953e+01 2.270695114135742188e+01
-1.664913368225097656e+01 1.382023715972900391e+01 2.266253471374511719e+01
-1.662789916992187500e+01 1.377370929718017578e+01 2.260631752014160156e+01
-1.657643890380859375e+01 1.371105289459228516e+01 2.252109146118164062e+01
-1.650476074218750000e+01 1.364105606079101562e+01 2.242480659484863281e+01
-1.641139984130859375e+01 1.356392574310302734e+01 2.231877517700195312e+01
-1.629412269592285156e+01 1.347921562194824219e+01 2.220316314697265625e+01
-1.615071487426757812e+01 1.338642597198486328e+01 2.207817649841308594e+01
-1.597909927368164062e+01 1.328500843048095703e+01 2.194408226013183594e+01
-1.577732276916503906e+01 1.317439460754394531e+01 2.180119514465332031e+01
-1.554365730285644531e+01 1.305398273468017578e+01 2.164988136291503906e+01
-1.527663803100585938e+01 1.292318439483642578e+01 2.149061012268066406e+01
-1.497512245178222656e+01 1.278142547607421875e+01 2.132391166687011719e+01
-1.463838005065917969e+01 1.262819862365722656e+01 2.115044403076171875e+01
-1.431414604187011719e+01 1.246819400787353516e+01 2.095606422424316406e+01
-1.396018505096435547e+01 1.229655170440673828e+01 2.075487136840820312e+01
-1.357671928405761719e+01 1.211301898956298828e+01 2.054809951782226562e+01
-1.316536617279052734e+01 1.191760826110839844e+01 2.033692932128906250e+01
-1.268601608276367188e+01 1.171409988403320312e+01 2.012722587585449219e+01
-1.216116905212402344e+01 1.150669670104980469e+01 1.991108703613281250e+01
-1.160819625854492188e+01 1.128882312774658203e+01 1.969683074951171875e+01
-1.103061008453369141e+01 1.106119441986083984e+01 1.948664855957031250e+01
-1.043255615234375000e+01 1.082475566864013672e+01 1.928286552429199219e+01
-9.818728446960449219e+00 1.058068561553955078e+01 1.908790588378906250e+01
-9.194329261779785156e+00 1.033037662506103516e+01 1.890425682067871094e+01
-8.564945220947265625e+00 1.007541465759277344e+01 1.873441696166992188e+01
-7.915080547332763672e+00 9.803046226501464844e+00 1.855765724182128906e+01
-7.164195537567138672e+00 9.456342697143554688e+00 1.828244400024414062e+01
-6.498558521270751953e+00 9.012614250183105469e+00 1.783375167846679688e+01
-5.874144077301025391e+00 8.431885719299316406e+00 1.727602386474609375e+01
-5.271804809570312500e+00 7.850374698638916016e+00 1.673233795166015625e+01
-4.712539672851562500e+00 7.202524185180664062e+00 1.607135391235351562e+01
-4.224896430969238281e+00 6.635003089904785156e+00 1.550786590576171875e+01
-4.037416458129882812e+00 6.021023750305175781e+00 1.505495071411132812e+01
-4.017765998840332031e+00 5.362578392028808594e+00 1.468121719360351562e+01
-4.015585899353027344e+00 4.720320224761962891e+00 1.433272552490234375e+01
-4.013175487518310547e+00 4.115829467773437500e+00 1.402397727966308594e+01
-3.937267541885375977e+00 3.623406887054443359e+00 1.380543327331542969e+01
-3.966799020767211914e+00 3.136080265045166016e+00 1.362761116027832031e+01
-4.118111133575439453e+00 2.653831005096435547e+00 1.349495124816894531e+01
-4.286741733551025391e+00 2.201010227203369141e+00 1.339234733581542969e+01
-4.466838836669921875e+00 1.802006125450134277e+00 1.333578968048095703e+01
-4.644549846649169922e+00 1.541165709495544434e+00 1.338416099548339844e+01
-4.831917762756347656e+00 1.300884127616882324e+00 1.345181083679199219e+01
-5.059832572937011719e+00 1.108067393302917480e+00 1.351553535461425781e+01
-5.292755603790283203e+00 9.396146535873413086e-01 1.359583663940429688e+01
-5.522762775421142578e+00 7.926768064498901367e-01 1.369488525390625000e+01
-5.746834754943847656e+00 6.676310300827026367e-01 1.381159210205078125e+01
-5.962208271026611328e+00 5.645345449447631836e-01 1.394473838806152344e+01
-6.166408061981201172e+00 4.831513166427612305e-01 1.409300231933593750e+01
-6.411778926849365234e+00 4.303034543991088867e-01 1.426266670227050781e+01
-6.716480255126953125e+00 4.078830480575561523e-01 1.445508193969726562e+01
-7.005797386169433594e+00 4.049476385116577148e-01 1.465836715698242188e+01
-7.277272701263427734e+00 4.200385808944702148e-01 1.487077140808105469e+01
-7.529063224792480469e+00 4.515322446823120117e-01 1.509055519104003906e+01
-7.759903430938720703e+00 4.976910352706909180e-01 1.531600570678710938e+01
-7.969132900238037109e+00 5.566710233688354492e-01 1.554542732238769531e+01
-8.156644821166992188e+00 6.265958547592163086e-01 1.577720451354980469e+01
-8.322853088378906250e+00 7.055696249008178711e-01 1.600974464416503906e+01
-8.468642234802246094e+00 7.917197942733764648e-01 1.624151992797851562e+01
-8.588374137878417969e+00 8.965133428573608398e-01 1.648624610900878906e+01
-8.622767448425292969e+00 1.092862486839294434e+00 1.681484413146972656e+01
-8.605614662170410156e+00 1.322604060173034668e+00 1.716272926330566406e+01
-8.573834419250488281e+00 1.554015040397644043e+00 1.750523948669433594e+01
-8.530071258544921875e+00 1.785135149955749512e+00 1.784042930603027344e+01
-8.476900100708007812e+00 2.014326095581054688e+00 1.816654777526855469e+01
-8.416754722595214844e+00 2.240262508392333984e+00 1.848201560974121094e+01
-8.351882934570312500e+00 2.461949825286865234e+00 1.878541755676269531e+01
-8.284246444702148438e+00 2.678694248199462891e+00 1.907549667358398438e+01
-8.215519905090332031e+00 2.890099048614501953e+00 1.935113525390625000e+01
-8.147028923034667969e+00 3.096027851104736328e+00 1.961133956909179688e+01
-8.079755783081054688e+00 3.296581268310546875e+00 1.985521125793457031e+01
-8.014295578002929688e+00 3.492050170898437500e+00 2.008195304870605469e+01
-7.950880527496337891e+00 3.682899951934814453e+00 2.029083061218261719e+01
-7.889379024505615234e+00 3.869679927825927734e+00 2.048117065429687500e+01
-7.829334735870361328e+00 4.053019046783447266e+00 2.065234756469726562e+01
-7.769981861114501953e+00 4.233561992645263672e+00 2.080376625061035156e+01
-7.775054931640625000e+00 4.413733959197998047e+00 2.094462776184082031e+01
-7.797553539276123047e+00 4.592790603637695312e+00 2.106749153137207031e+01
-7.812959194183349609e+00 4.770497322082519531e+00 2.116835594177246094e+01
-7.823312282562255859e+00 4.950091838836669922e+00 2.124401664733886719e+01
-7.876163005828857422e+00 5.168684005737304688e+00 2.126124763488769531e+01
-7.917376995086669922e+00 5.387102603912353516e+00 2.125406455993652344e+01
-7.944838047027587891e+00 5.604733467102050781e+00 2.122229957580566406e+01
-7.956580638885498047e+00 5.820692539215087891e+00 2.116594505310058594e+01
-7.950858592987060547e+00 6.033823490142822266e+00 2.108514595031738281e+01
-7.914556026458740234e+00 6.189730644226074219e+00 2.091999816894531250e+01
-7.886859416961669922e+00 6.245555877685546875e+00 2.066077613830566406e+01
-7.846597194671630859e+00 6.296882152557373047e+00 2.038798141479492188e+01
-7.786786556243896484e+00 6.345468521118164062e+00 2.010130500793457031e+01
-7.707263469696044922e+00 6.390692234039306641e+00 1.980313873291015625e+01
-7.608279705047607422e+00 6.431891918182373047e+00 1.949614143371582031e+01
-7.490606784820556641e+00 6.468404293060302734e+00 1.918320655822753906e+01
-7.455119609832763672e+00 6.476802825927734375e+00 1.888648796081542969e+01
-7.404508113861083984e+00 6.479125022888183594e+00 1.859028053283691406e+01
-7.336019992828369141e+00 6.475949287414550781e+00 1.829700279235839844e+01
-7.250981807708740234e+00 6.467111587524414062e+00 1.800982856750488281e+01
-7.151068210601806641e+00 6.452553749084472656e+00 1.773194503784179688e+01
-7.038312435150146484e+00 6.432319641113281250e+00 1.746648216247558594e+01
-6.915053844451904297e+00 6.406572341918945312e+00 1.721647834777832031e+01
-6.783859252929687500e+00 6.375605106353759766e+00 1.698482131958007812e+01
-6.690707206726074219e+00 6.351198673248291016e+00 1.677048683166503906e+01
-6.629150390625000000e+00 6.331412315368652344e+00 1.657669258117675781e+01
-6.566370964050292969e+00 6.307469844818115234e+00 1.640860939025878906e+01
-6.504251003265380859e+00 6.279815196990966797e+00 1.626809310913085938e+01
-6.444600105285644531e+00 6.248975276947021484e+00 1.615662193298339844e+01
-6.389147758483886719e+00 6.215559005737304688e+00 1.607527160644531250e+01
-6.339455127716064453e+00 6.180221557617187500e+00 1.602468299865722656e+01
-6.296904563903808594e+00 6.143657684326171875e+00 1.600506591796875000e+01
-6.262676239013671875e+00 6.106583118438720703e+00 1.601618576049804688e+01
-6.237677574157714844e+00 6.069722175598144531e+00 1.605739402770996094e+01
-6.222136020660400391e+00 6.032626152038574219e+00 1.612585639953613281e+01
-6.180040836334228516e+00 5.900195598602294922e+00 1.607212257385253906e+01
-6.148921012878417969e+00 5.771368503570556641e+00 1.604633140563964844e+01
-6.129125118255615234e+00 5.647944450378417969e+00 1.604827880859375000e+01
-6.120752811431884766e+00 5.531550407409667969e+00 1.607735824584960938e+01
-6.123631000518798828e+00 5.423620223999023438e+00 1.613256645202636719e+01
-6.137370109558105469e+00 5.325396060943603516e+00 1.621255683898925781e+01
-6.161384105682373047e+00 5.237881660461425781e+00 1.631566810607910156e+01
-6.255562305450439453e+00 5.147648334503173828e+00 1.645202255249023438e+01
-6.415389537811279297e+00 5.051561832427978516e+00 1.662496948242187500e+01
-6.574162960052490234e+00 4.970485687255859375e+00 1.681199645996093750e+01
-6.729859352111816406e+00 4.904739379882812500e+00 1.701044654846191406e+01
-6.880602836608886719e+00 4.854376792907714844e+00 1.721765518188476562e+01
-7.024723052978515625e+00 4.819203853607177734e+00 1.743100166320800781e+01
-7.160758018493652344e+00 4.798803329467773438e+00 1.764796066284179688e+01
-7.287489891052246094e+00 4.792548656463623047e+00 1.786613082885742188e+01
-7.403949737548828125e+00 4.799660205841064453e+00 1.808331680297851562e+01
-7.509423255920410156e+00 4.819213390350341797e+00 1.829751777648925781e+01
-7.603461742401123047e+00 4.850186824798583984e+00 1.850699615478515625e+01
-7.685879707336425781e+00 4.891487121582031250e+00 1.871028137207031250e+01
-7.756744384765625000e+00 4.941979885101318359e+00 1.890619087219238281e+01
-7.816386222839355469e+00 5.000541210174560547e+00 1.909384536743164062e+01
-7.865363121032714844e+00 5.066062450408935547e+00 1.927267646789550781e+01
-7.904458522796630859e+00 5.137488365173339844e+00 1.944240188598632812e+01
-7.957757472991943359e+00 5.218185424804687500e+00 1.960234642028808594e+01
-8.036485671997070312e+00 5.309165477752685547e+00 1.975248908996582031e+01
-8.104980468750000000e+00 5.402677536010742188e+00 1.989446449279785156e+01
-8.164430618286132812e+00 5.498015880584716797e+00 2.002903366088867188e+01
-8.216228485107421875e+00 5.594610691070556641e+00 2.015713882446289062e+01
-8.269376754760742188e+00 5.689301490783691406e+00 2.028271865844726562e+01
-8.330619812011718750e+00 5.779939651489257812e+00 2.040892791748046875e+01
-8.390296936035156250e+00 5.870594978332519531e+00 2.053265762329101562e+01
-8.450271606445312500e+00 5.961249351501464844e+00 2.065523910522460938e+01
-8.512459754943847656e+00 6.051984786987304688e+00 2.077800941467285156e+01
-8.578801155090332031e+00 6.142973423004150391e+00 2.090228080749511719e+01
-8.651225090026855469e+00 6.234466552734375000e+00 2.102931213378906250e+01
-8.731603622436523438e+00 6.326777458190917969e+00 2.116025733947753906e+01
-8.821724891662597656e+00 6.420268535614013672e+00 2.129617500305175781e+01
-8.923267364501953125e+00 6.515332221984863281e+00 2.143796157836914062e+01
-9.037742614746093750e+00 6.612384796142578125e+00 2.158637046813964844e+01
-9.166513442993164062e+00 6.711843967437744141e+00 2.174198913574218750e+01
-9.310730934143066406e+00 6.814122200012207031e+00 2.190521430969238281e+01
-9.471328735351562500e+00 6.919604778289794922e+00 2.207626914978027344e+01
-9.649015426635742188e+00 7.028659343719482422e+00 2.225521278381347656e+01
-9.844248771667480469e+00 7.141619682312011719e+00 2.244192123413085938e+01
-1.005723953247070312e+01 7.258759498596191406e+00 2.263611030578613281e+01
-1.028794002532958984e+01 7.380315780639648438e+00 2.283735466003417969e+01
-1.053605651855468750e+01 7.506461143493652344e+00 2.304508018493652344e+01
-1.080103683471679688e+01 7.637303829193115234e+00 2.325860023498535156e+01
-1.108206748962402344e+01 7.772883892059326172e+00 2.347710800170898438e+01
-1.137813282012939453e+01 7.913164615631103516e+00 2.369969749450683594e+01
-1.167002964019775391e+01 8.025738716125488281e+00 2.388060569763183594e+01
-1.197605609893798828e+01 8.136641502380371094e+00 2.405242919921875000e+01
-1.234608650207519531e+01 8.263663291931152344e+00 2.421720695495605469e+01
-1.272727298736572266e+01 8.393017768859863281e+00 2.437817192077636719e+01
-1.311753654479980469e+01 8.524261474609375000e+00 2.453420639038085938e+01
-1.352034664154052734e+01 8.655629158020019531e+00 2.468537521362304688e+01
-1.393769645690917969e+01 8.785603523254394531e+00 2.483151817321777344e+01
-1.435802841186523438e+01 8.915702819824218750e+00 2.496996879577636719e+01
-1.477886867523193359e+01 9.045328140258789062e+00 2.509990119934082031e+01
-1.519772052764892578e+01 9.173851013183593750e+00 2.522058486938476562e+01
-1.561203670501708984e+01 9.300624847412109375e+00 2.533137321472167969e+01
-1.601930618286132812e+01 9.425005912780761719e+00 2.543172645568847656e+01
-1.641708183288574219e+01 9.546370506286621094e+00 2.552124595642089844e+01
-1.680303382873535156e+01 9.664105415344238281e+00 2.559964561462402344e+01
-1.717499732971191406e+01 9.777645111083984375e+00 2.566679573059082031e+01
-1.753100013732910156e+01 9.886481285095214844e+00 2.572272872924804688e+01
-1.786936187744140625e+01 9.990178108215332031e+00 2.576765060424804688e+01
-1.818866920471191406e+01 1.008838558197021484e+01 2.580194091796875000e+01
-1.848786926269531250e+01 1.018086719512939453e+01 2.582618522644042969e+01
-1.876627731323242188e+01 1.026748275756835938e+01 2.584114074707031250e+01
-1.902359771728515625e+01 1.034823036193847656e+01 2.584777069091796875e+01
-1.925996017456054688e+01 1.042322826385498047e+01 2.584720993041992188e+01
-1.947590827941894531e+01 1.049274158477783203e+01 2.584077262878417969e+01
-1.967238235473632812e+01 1.055715370178222656e+01 2.582992172241210938e+01
-1.985075187683105469e+01 1.061698722839355469e+01 2.581625556945800781e+01
-2.001273727416992188e+01 1.067287731170654297e+01 2.580148506164550781e+01
-2.016040039062500000e+01 1.072556781768798828e+01 2.578736686706542969e+01
-2.029771995544433594e+01 1.077504253387451172e+01 2.577676963806152344e+01
-2.045523834228515625e+01 1.080765819549560547e+01 2.578949546813964844e+01
-2.060378646850585938e+01 1.084754085540771484e+01 2.580057525634765625e+01
-2.074625015258789062e+01 1.089229202270507812e+01 2.581485176086425781e+01
-2.088553047180175781e+01 1.093874645233154297e+01 2.583774566650390625e+01
-2.102473449707031250e+01 1.098781681060791016e+01 2.587071418762207031e+01
-2.116687774658203125e+01 1.104034709930419922e+01 2.591500854492187500e+01
-2.131484222412109375e+01 1.109712982177734375e+01 2.597165298461914062e+01
-2.147129249572753906e+01 1.115885257720947266e+01 2.604140663146972656e+01
-2.163857269287109375e+01 1.122608280181884766e+01 2.612472534179687500e+01
-2.181867599487304688e+01 1.129925918579101562e+01 2.622176551818847656e+01
-2.201314353942871094e+01 1.137866878509521484e+01 2.633233833312988281e+01
-2.222304725646972656e+01 1.146442699432373047e+01 2.645591163635253906e+01
-2.244892501831054688e+01 1.155647563934326172e+01 2.659161949157714844e+01
-2.269071578979492188e+01 1.165457057952880859e+01 2.673823738098144531e+01
-2.294776725769042969e+01 1.175825786590576172e+01 2.689418220520019531e+01
-2.321882629394531250e+01 1.186689662933349609e+01 2.705756378173828125e+01
-2.350198745727539062e+01 1.197965431213378906e+01 2.722617912292480469e+01
-2.379475784301757812e+01 1.209549045562744141e+01 2.739753150939941406e+01
-2.409405517578125000e+01 1.221319293975830078e+01 2.756888008117675781e+01
-2.439624786376953125e+01 1.233138847351074219e+01 2.773728370666503906e+01
-2.469722175598144531e+01 1.244854831695556641e+01 2.789964485168457031e+01
-2.499246597290039062e+01 1.256302833557128906e+01 2.805276489257812500e+01
-2.528831672668457031e+01 1.267247390747070312e+01 2.817659568786621094e+01
-2.558303070068359375e+01 1.277490711212158203e+01 2.826294708251953125e+01
-2.585748291015625000e+01 1.286928939819335938e+01 2.832982635498046875e+01
-2.610620117187500000e+01 1.295385646820068359e+01 2.837493324279785156e+01
-2.632217407226562500e+01 1.302014064788818359e+01 2.839514732360839844e+01
-2.649626922607421875e+01 1.304988193511962891e+01 2.838613319396972656e+01
-2.662987136840820312e+01 1.306643104553222656e+01 2.835068321228027344e+01
-2.671899795532226562e+01 1.306900405883789062e+01 2.828812599182128906e+01
-2.676034164428710938e+01 1.305705738067626953e+01 2.819831848144531250e+01
-2.675138282775878906e+01 1.303029918670654297e+01 2.808163070678710938e+01
-2.669050979614257812e+01 1.298870182037353516e+01 2.793900871276855469e+01
-2.657703018188476562e+01 1.293253803253173828e+01 2.777192878723144531e+01
-2.641128540039062500e+01 1.286236000061035156e+01 2.758241844177246094e+01
-2.619465446472167969e+01 1.277899837493896484e+01 2.737298774719238281e+01
-2.592951965332031250e+01 1.268356800079345703e+01 2.714661979675292969e+01
-2.561925506591796875e+01 1.257744121551513672e+01 2.690669059753417969e+01
-2.526818084716796875e+01 1.246220684051513672e+01 2.665688896179199219e+01
-2.488146209716796875e+01 1.233965682983398438e+01 2.640116691589355469e+01
-2.446501350402832031e+01 1.221174049377441406e+01 2.614360427856445312e+01
-2.402533149719238281e+01 1.208050823211669922e+01 2.588835906982421875e+01
-2.356943511962890625e+01 1.194808673858642578e+01 2.563952827453613281e+01
-2.310459136962890625e+01 1.181661224365234375e+01 2.540109062194824219e+01
-2.263828659057617188e+01 1.168818759918212891e+01 2.517678260803222656e+01
-2.217793846130371094e+01 1.156483936309814453e+01 2.497003936767578125e+01
-2.173080444335937500e+01 1.144844818115234375e+01 2.478389930725097656e+01
-2.129769706726074219e+01 1.131568717956542969e+01 2.461689567565917969e+01
-2.088872146606445312e+01 1.118307685852050781e+01 2.447352981567382812e+01
-2.053160858154296875e+01 1.106059646606445312e+01 2.432751274108886719e+01
-2.022409439086914062e+01 1.095025444030761719e+01 2.419123649597167969e+01
-1.995753860473632812e+01 1.085407066345214844e+01 2.408487892150878906e+01
-1.973500823974609375e+01 1.077305507659912109e+01 2.400905799865722656e+01
-1.955864143371582031e+01 1.070788288116455078e+01 2.396376037597656250e+01
-1.942964553833007812e+01 1.065890121459960938e+01 2.394838523864746094e+01
-1.934829902648925781e+01 1.062610912322998047e+01 2.396172904968261719e+01
-1.931391143798828125e+01 1.060919380187988281e+01 2.400207138061523438e+01
-1.932493209838867188e+01 1.060755062103271484e+01 2.406720352172851562e+01
-1.937893295288085938e+01 1.062027454376220703e+01 2.415448951721191406e+01
-1.947271728515625000e+01 1.064622020721435547e+01 2.426092529296875000e+01
-1.960236740112304688e+01 1.068403244018554688e+01 2.438322067260742188e+01
-1.976333999633789062e+01 1.073217391967773438e+01 2.451786231994628906e+01
-1.995407867431640625e+01 1.078815364837646484e+01 2.466186332702636719e+01
-2.018286132812500000e+01 1.084704875946044922e+01 2.481411933898925781e+01
-2.042190551757812500e+01 1.091201114654541016e+01 2.496666145324707031e+01
-2.066498756408691406e+01 1.098120498657226562e+01 2.511576080322265625e+01
-2.090585708618164062e+01 1.105278873443603516e+01 2.525779724121093750e+01
-2.113832092285156250e+01 1.112492370605468750e+01 2.538932991027832031e+01
-2.135634040832519531e+01 1.119583415985107422e+01 2.550713729858398438e+01
-2.155420303344726562e+01 1.126381301879882812e+01 2.560825729370117188e+01
-2.172652053833007812e+01 1.132725524902343750e+01 2.569003868103027344e+01
-2.186844062805175781e+01 1.138466835021972656e+01 2.575015068054199219e+01
-2.198015213012695312e+01 1.143366050720214844e+01 2.578750801086425781e+01
-2.207512283325195312e+01 1.146911048889160156e+01 2.580380630493164062e+01
-2.213254928588867188e+01 1.149404811859130859e+01 2.579446601867675781e+01
-2.214990615844726562e+01 1.150765895843505859e+01 2.575865936279296875e+01
-2.212542724609375000e+01 1.150934123992919922e+01 2.569601440429687500e+01
-2.205813789367675781e+01 1.149867820739746094e+01 2.560656356811523438e+01
-2.194792175292968750e+01 1.147544956207275391e+01 2.549080657958984375e+01
-2.179545974731445312e+01 1.143963909149169922e+01 2.534966087341308594e+01
-2.160226631164550781e+01 1.139145469665527344e+01 2.518451118469238281e+01
-2.137233734130859375e+01 1.133119773864746094e+01 2.499462890625000000e+01
-2.110977554321289062e+01 1.125942420959472656e+01 2.478064155578613281e+01
-2.081344223022460938e+01 1.117721366882324219e+01 2.455253410339355469e+01
-2.048773193359375000e+01 1.108557033538818359e+01 2.431327247619628906e+01
-2.013763046264648438e+01 1.098566722869873047e+01 2.406608963012695312e+01
-1.976859092712402344e+01 1.087885189056396484e+01 2.381444358825683594e+01
-1.939059066772460938e+01 1.076637458801269531e+01 2.355570793151855469e+01
-1.900953674316406250e+01 1.064983940124511719e+01 2.329391479492187500e+01
-1.862948989868164062e+01 1.053106307983398438e+01 2.303613662719726562e+01
-1.825655174255371094e+01 1.041178417205810547e+01 2.278635025024414062e+01
-1.789669036865234375e+01 1.029378509521484375e+01 2.254845237731933594e+01
-1.755560302734375000e+01 1.017883205413818359e+01 2.232618904113769531e+01
-1.723860549926757812e+01 1.006863594055175781e+01 2.212306976318359375e+01
-1.695051193237304688e+01 9.964827537536621094e+00 2.194228172302246094e+01
-1.669551086425781250e+01 9.868916511535644531e+00 2.178661918640136719e+01
-1.647711563110351562e+01 9.782259941101074219e+00 2.165844535827636719e+01
-1.629799079895019531e+01 9.706022262573242188e+00 2.155961227416992188e+01
-1.616001892089843750e+01 9.641161918640136719e+00 2.149139785766601562e+01
-1.606412315368652344e+01 9.588400840759277344e+00 2.145451354980468750e+01
-1.601034545898437500e+01 9.548216819763183594e+00 2.144904518127441406e+01
-1.599779701232910156e+01 9.520815849304199219e+00 2.147446250915527344e+01
-1.602466964721679688e+01 9.506151199340820312e+00 2.152961540222167969e+01
-1.608832168579101562e+01 9.503906250000000000e+00 2.161274909973144531e+01
-1.618530082702636719e+01 9.513524055480957031e+00 2.172155570983886719e+01
-1.631147003173828125e+01 9.534206390380859375e+00 2.185319328308105469e+01
-1.646209335327148438e+01 9.564941406250000000e+00 2.200435066223144531e+01
-1.663196182250976562e+01 9.604539871215820312e+00 2.217132568359375000e+01
-1.681552124023437500e+01 9.651646614074707031e+00 2.235008621215820312e+01
-1.700705718994140625e+01 9.704814910888671875e+00 2.253635787963867188e+01
-1.720079803466796875e+01 9.762496948242187500e+00 2.272572517395019531e+01
-1.740126991271972656e+01 9.820805549621582031e+00 2.291564750671386719e+01
-1.762739562988281250e+01 9.872628211975097656e+00 2.310632896423339844e+01
-1.783511734008789062e+01 9.925399780273437500e+00 2.328596687316894531e+01
-1.801939773559570312e+01 9.980709075927734375e+00 2.344767379760742188e+01
-1.817584609985351562e+01 1.003727054595947266e+01 2.358767509460449219e+01
-1.830077362060546875e+01 1.009140014648437500e+01 2.370493888854980469e+01
-1.839156723022460938e+01 1.014227199554443359e+01 2.379640197753906250e+01
-1.844658660888671875e+01 1.018924617767333984e+01 2.385953330993652344e+01
-1.846525382995605469e+01 1.023189258575439453e+01 2.389236259460449219e+01
-1.844800186157226562e+01 1.026998996734619141e+01 2.389352989196777344e+01
-1.839630508422851562e+01 1.030352401733398438e+01 2.386228561401367188e+01
-1.831259918212890625e+01 1.033268451690673828e+01 2.379852676391601562e+01
-1.820020294189453125e+01 1.035785579681396484e+01 2.370274543762207031e+01
-1.806320953369140625e+01 1.037958812713623047e+01 2.357605552673339844e+01
-1.791920852661132812e+01 1.039563655853271484e+01 2.342256355285644531e+01
-1.781438064575195312e+01 1.039746379852294922e+01 2.325226783752441406e+01
-1.770900344848632812e+01 1.039629840850830078e+01 2.305911064147949219e+01
-1.760830879211425781e+01 1.039319133758544922e+01 2.284598159790039062e+01
-1.747035980224609375e+01 1.046958065032958984e+01 2.263332939147949219e+01
-1.739048576354980469e+01 1.056914424896240234e+01 2.232401466369628906e+01
-1.732960319519042969e+01 1.065470409393310547e+01 2.199370765686035156e+01
-1.726795959472656250e+01 1.062997913360595703e+01 2.163046836853027344e+01
-1.723496246337890625e+01 1.060373973846435547e+01 2.125564575195312500e+01
-1.723269653320312500e+01 1.057676410675048828e+01 2.087318801879882812e+01
-1.726209068298339844e+01 1.054972267150878906e+01 2.048701095581054688e+01
-1.732293319702148438e+01 1.052317142486572266e+01 2.010092353820800781e+01
-1.741376495361328125e+01 1.049751281738281250e+01 1.971857070922851562e+01
-1.753195381164550781e+01 1.047299575805664062e+01 1.934335708618164062e+01
-1.767369079589843750e+01 1.044969654083251953e+01 1.897840690612792969e+01
-1.783408737182617188e+01 1.042751979827880859e+01 1.862651824951171875e+01
-1.800727653503417969e+01 1.040618801116943359e+01 1.829011344909667969e+01
-1.818657684326171875e+01 1.038526630401611328e+01 1.797124671936035156e+01
-1.834080886840820312e+01 1.037561225891113281e+01 1.767149925231933594e+01
-1.849939727783203125e+01 1.037870693206787109e+01 1.738153457641601562e+01
-1.864346122741699219e+01 1.037779808044433594e+01 1.711347961425781250e+01
-1.870155906677246094e+01 1.032425785064697266e+01 1.677471923828125000e+01
-1.870941162109375000e+01 1.024917221069335938e+01 1.642851257324218750e+01
-1.869071578979492188e+01 1.017444610595703125e+01 1.611980056762695312e+01
-1.863941192626953125e+01 1.009947395324707031e+01 1.584909439086914062e+01
-1.855007171630859375e+01 1.002367591857910156e+01 1.561658668518066406e+01
-1.841807174682617188e+01 9.946546554565429688e+00 1.542220687866210938e+01
-1.823977851867675781e+01 9.867683410644531250e+00 1.526568984985351562e+01
-1.801280021667480469e+01 9.786877632141113281e+00 1.514681053161621094e+01
-1.773524475097656250e+01 9.703809738159179688e+00 1.506435298919677734e+01
-1.740751838684082031e+01 9.618745803833007812e+00 1.501833820343017578e+01
-1.703060722351074219e+01 9.531864166259765625e+00 1.500785827636718750e+01
-1.660693168640136719e+01 9.443600654602050781e+00 1.503219032287597656e+01
-1.614014053344726562e+01 9.354584693908691406e+00 1.509060096740722656e+01
-1.563502120971679688e+01 9.265617370605468750e+00 1.518235111236572266e+01
-1.509741878509521484e+01 9.177676200866699219e+00 1.530669403076171875e+01
-1.452470016479492188e+01 9.092494010925292969e+00 1.546230125427246094e+01
-1.382755279541015625e+01 9.017842292785644531e+00 1.564244174957275391e+01
-1.307711219787597656e+01 8.921925544738769531e+00 1.580057144165039062e+01
-1.226351356506347656e+01 8.791594505310058594e+00 1.590762329101562500e+01
-1.144376373291015625e+01 8.663359642028808594e+00 1.603171730041503906e+01
-1.062828254699707031e+01 8.538978576660156250e+00 1.617285156250000000e+01
-9.807592391967773438e+00 8.394824981689453125e+00 1.628542137145996094e+01
-8.889103889465332031e+00 8.053041458129882812e+00 1.616085815429687500e+01
-7.969365596771240234e+00 7.525019645690917969e+00 1.602467536926269531e+01
-7.313992977142333984e+00 7.031589508056640625e+00 1.570682621002197266e+01
-6.738502502441406250e+00 6.579229831695556641e+00 1.536812210083007812e+01
-6.188182830810546875e+00 6.221109390258789062e+00 1.516480255126953125e+01
-5.761307239532470703e+00 5.860190391540527344e+00 1.503966331481933594e+01
-5.403280735015869141e+00 5.530449867248535156e+00 1.495699310302734375e+01
-5.117602348327636719e+00 5.234686851501464844e+00 1.491875457763671875e+01
-4.906805515289306641e+00 4.975282669067382812e+00 1.492649650573730469e+01
-4.907269477844238281e+00 4.704524040222167969e+00 1.503297615051269531e+01
-4.967948436737060547e+00 4.479779243469238281e+00 1.518073463439941406e+01
-5.083780288696289062e+00 4.303885459899902344e+00 1.536816883087158203e+01
-5.253396511077880859e+00 4.177569866180419922e+00 1.559499549865722656e+01
-5.558501720428466797e+00 4.083889961242675781e+00 1.587392044067382812e+01
-5.933359146118164062e+00 4.035615444183349609e+00 1.619393730163574219e+01
-6.348905563354492188e+00 4.037447452545166016e+00 1.654963874816894531e+01
-6.801451206207275391e+00 4.088378429412841797e+00 1.693942642211914062e+01
-7.287037849426269531e+00 4.187023639678955078e+00 1.736142730712890625e+01
-7.801504611968994141e+00 4.331646919250488281e+00 1.781348991394042969e+01
-8.340517997741699219e+00 4.520190238952636719e+00 1.829320335388183594e+01
-8.899613380432128906e+00 4.750328540802001953e+00 1.879792213439941406e+01
-9.474275588989257812e+00 5.019479751586914062e+00 1.932474136352539062e+01
-1.011413478851318359e+01 5.304893970489501953e+00 1.989130401611328125e+01
-1.083708953857421875e+01 5.595333576202392578e+00 2.050288200378417969e+01
-1.157206153869628906e+01 5.912176609039306641e+00 2.113040733337402344e+01
-1.231326103210449219e+01 6.252645492553710938e+00 2.176963233947753906e+01
-1.305497360229492188e+01 6.613858699798583984e+00 2.241613006591796875e+01
-1.379163074493408203e+01 6.992816925048828125e+00 2.306533622741699219e+01
-1.451780319213867188e+01 7.386438369750976562e+00 2.371254730224609375e+01
-1.522821998596191406e+01 7.791555404663085938e+00 2.435298347473144531e+01
-1.591782379150390625e+01 8.204936981201171875e+00 2.498178863525390625e+01
-1.658173942565917969e+01 8.623265266418457031e+00 2.559407997131347656e+01
-1.721429634094238281e+01 9.039943695068359375e+00 2.618004226684570312e+01
-1.775555992126464844e+01 9.275761604309082031e+00 2.646887016296386719e+01
-1.825842475891113281e+01 9.508035659790039062e+00 2.672927665710449219e+01
-1.871947860717773438e+01 9.734898567199707031e+00 2.695905303955078125e+01
-1.913559913635253906e+01 9.954501152038574219e+00 2.715620422363281250e+01
-1.950401306152343750e+01 1.016501617431640625e+01 2.731898307800292969e+01
-1.982229995727539062e+01 1.036465930938720703e+01 2.744594001770019531e+01
-2.008844566345214844e+01 1.055170536041259766e+01 2.753597068786621094e+01
-2.030089759826660156e+01 1.072450923919677734e+01 2.758834648132324219e+01
-2.045863914489746094e+01 1.088155460357666016e+01 2.760278129577636719e+01
-2.056119346618652344e+01 1.102144622802734375e+01 2.757944679260253906e+01
-2.060878562927246094e+01 1.114296627044677734e+01 2.751902389526367188e+01
-2.060227584838867188e+01 1.124509429931640625e+01 2.742271804809570312e+01
-2.054328918457031250e+01 1.132704925537109375e+01 2.729228019714355469e+01
-2.047157859802246094e+01 1.137975502014160156e+01 2.713714790344238281e+01
-2.040131950378417969e+01 1.140047359466552734e+01 2.696226119995117188e+01
-2.028445625305175781e+01 1.140118503570556641e+01 2.676101875305175781e+01
-2.012461853027343750e+01 1.138255596160888672e+01 2.653703117370605469e+01
-1.992625808715820312e+01 1.134557628631591797e+01 2.629437446594238281e+01
-1.969454383850097656e+01 1.129157352447509766e+01 2.603748130798339844e+01
-1.572789430618286133e+00 1.703031897544860840e+00 1.693328285217285156e+01
-1.680386781692504883e+00 1.659828543663024902e+00 1.720421218872070312e+01
-1.789321660995483398e+00 1.649292826652526855e+00 1.750030326843261719e+01
-1.898926496505737305e+00 1.669331431388854980e+00 1.781790733337402344e+01
-2.008709669113159180e+00 1.717601656913757324e+00 1.815336036682128906e+01
-2.118264913558959961e+00 1.791552424430847168e+00 1.850301170349121094e+01
-2.227346658706665039e+00 1.888484358787536621e+00 1.886329841613769531e+01
-2.335860013961791992e+00 2.005570411682128906e+00 1.923078346252441406e+01
-2.443804025650024414e+00 2.139950752258300781e+00 1.960222434997558594e+01
-2.551308393478393555e+00 2.288736820220947266e+00 1.997455787658691406e+01
-2.658589601516723633e+00 2.449079036712646484e+00 2.034499168395996094e+01
-2.769448518753051758e+00 2.621953010559082031e+00 2.070750236511230469e+01
-2.887381315231323242e+00 2.808049678802490234e+00 2.105670738220214844e+01
-3.007409811019897461e+00 2.999235153198242188e+00 2.139590263366699219e+01
-3.003302812576293945e+00 3.134708881378173828e+00 2.166042900085449219e+01
-2.976505517959594727e+00 3.261369705200195312e+00 2.189365196228027344e+01
-2.876509904861450195e+00 3.464740276336669922e+00 2.216082191467285156e+01
-2.768916845321655273e+00 3.671683788299560547e+00 2.242198944091796875e+01
-2.728838682174682617e+00 3.867715835571289062e+00 2.269409561157226562e+01
-2.742757558822631836e+00 4.058064460754394531e+00 2.296502685546875000e+01
-2.783496618270874023e+00 4.257556438446044922e+00 2.320747184753417969e+01
-2.836754560470581055e+00 4.450322151184082031e+00 2.343602752685546875e+01
-2.902199029922485352e+00 4.635893821716308594e+00 2.365138053894042969e+01
-2.979218721389770508e+00 4.814008712768554688e+00 2.385439872741699219e+01
-3.135440587997436523e+00 4.986535072326660156e+00 2.405643463134765625e+01
-3.308910608291625977e+00 5.151873588562011719e+00 2.424945831298828125e+01
-3.486805200576782227e+00 5.309968948364257812e+00 2.443296241760253906e+01
-3.667853593826293945e+00 5.461254119873046875e+00 2.460828590393066406e+01
-3.850741147994995117e+00 5.606279373168945312e+00 2.477678489685058594e+01
-4.034159183502197266e+00 5.745693683624267578e+00 2.493984413146972656e+01
-4.216819763183593750e+00 5.880236625671386719e+00 2.509882545471191406e+01
-4.397505760192871094e+00 6.010691642761230469e+00 2.525503730773925781e+01
-4.575098514556884766e+00 6.137895107269287109e+00 2.540972709655761719e+01
-4.747074604034423828e+00 6.255484580993652344e+00 2.555573844909667969e+01
-4.894049167633056641e+00 6.277005195617675781e+00 2.559366416931152344e+01
-5.036153793334960938e+00 6.301281929016113281e+00 2.563715171813964844e+01
-5.172852039337158203e+00 6.329029560089111328e+00 2.568684577941894531e+01
-5.303814888000488281e+00 6.360877037048339844e+00 2.574320793151855469e+01
-5.428866386413574219e+00 6.397421836853027344e+00 2.580655288696289062e+01
-5.548006534576416016e+00 6.439141750335693359e+00 2.587698173522949219e+01
-5.661398410797119141e+00 6.486457824707031250e+00 2.595443725585937500e+01
-5.769323348999023438e+00 6.539670467376708984e+00 2.603865623474121094e+01
-5.872193813323974609e+00 6.598988533020019531e+00 2.612920951843261719e+01
-5.970491886138916016e+00 6.664519786834716797e+00 2.622549247741699219e+01
-6.064762592315673828e+00 6.736263275146484375e+00 2.632674217224121094e+01
-6.155564308166503906e+00 6.814115047454833984e+00 2.643206214904785156e+01
-6.243439197540283203e+00 6.897874832153320312e+00 2.654040718078613281e+01
-6.328916549682617188e+00 6.987243175506591797e+00 2.665064811706542969e+01
-6.412444114685058594e+00 7.081828117370605469e+00 2.676154899597167969e+01
-6.494390964508056641e+00 7.181172847747802734e+00 2.687185096740722656e+01
-6.575032711029052734e+00 7.284743785858154297e+00 2.698024177551269531e+01
-6.654526233673095703e+00 7.391944408416748047e+00 2.708541297912597656e+01
-6.732934474945068359e+00 7.502134323120117188e+00 2.718608665466308594e+01
-6.820034503936767578e+00 7.621972084045410156e+00 2.727456474304199219e+01
-6.930778026580810547e+00 7.762053489685058594e+00 2.733974266052246094e+01
-7.040596485137939453e+00 7.903472423553466797e+00 2.739668655395507812e+01
-7.172674655914306641e+00 8.040493965148925781e+00 2.744842720031738281e+01
-7.312407016754150391e+00 8.175154685974121094e+00 2.749216079711914062e+01
-7.449488162994384766e+00 8.308634757995605469e+00 2.752593994140625000e+01
-7.583179950714111328e+00 8.440182685852050781e+00 2.754952812194824219e+01
-7.712786674499511719e+00 8.569106101989746094e+00 2.756289291381835938e+01
-7.877244472503662109e+00 8.680230140686035156e+00 2.758134269714355469e+01
-8.074315071105957031e+00 8.773625373840332031e+00 2.760455894470214844e+01
-8.265091896057128906e+00 8.863039970397949219e+00 2.761829757690429688e+01
-8.449013710021972656e+00 8.948202133178710938e+00 2.762312507629394531e+01
-8.625728607177734375e+00 9.028939247131347656e+00 2.761977577209472656e+01
-8.856167793273925781e+00 9.121232032775878906e+00 2.760391426086425781e+01
-9.104183197021484375e+00 9.209263801574707031e+00 2.757248878479003906e+01
-9.353893280029296875e+00 9.277800559997558594e+00 2.751543617248535156e+01
-9.596885681152343750e+00 9.342622756958007812e+00 2.745507621765136719e+01
-9.833254814147949219e+00 9.403923034667968750e+00 2.739279174804687500e+01
-1.006328010559082031e+01 9.461955070495605469e+00 2.732997322082519531e+01
-1.028739070892333984e+01 9.517025947570800781e+00 2.726798248291015625e+01
-1.050615310668945312e+01 9.569491386413574219e+00 2.720815467834472656e+01
-1.072023487091064453e+01 9.619744300842285156e+00 2.715174102783203125e+01
-1.093039321899414062e+01 9.668216705322265625e+00 2.709993171691894531e+01
-1.113742637634277344e+01 9.715344429016113281e+00 2.705379676818847656e+01
-1.134217262268066406e+01 9.761576652526855469e+00 2.701428985595703125e+01
-1.154549694061279297e+01 9.807373046875000000e+00 2.698225975036621094e+01
-1.174818706512451172e+01 9.853162765502929688e+00 2.695839500427246094e+01
-1.195102024078369141e+01 9.899365425109863281e+00 2.694327163696289062e+01
-1.215468025207519531e+01 9.946364402770996094e+00 2.693730926513671875e+01
-1.235978698730468750e+01 9.994512557983398438e+00 2.694080543518066406e+01
-1.256679821014404297e+01 1.004410839080810547e+01 2.695390892028808594e+01
-1.277609062194824219e+01 1.009539604187011719e+01 2.697663688659667969e+01
-1.298785018920898438e+01 1.014856433868408203e+01 2.700886154174804688e+01
-1.320212364196777344e+01 1.020373249053955078e+01 2.705033302307128906e+01
-1.341879272460937500e+01 1.026102924346923828e+01 2.710057258605957031e+01
-1.363788032531738281e+01 1.032835865020751953e+01 2.715166854858398438e+01
-1.385852336883544922e+01 1.039674186706542969e+01 2.721122550964355469e+01
-1.408004474639892578e+01 1.046598529815673828e+01 2.727843666076660156e+01
-1.430158329010009766e+01 1.053581142425537109e+01 2.735235404968261719e+01
-1.452210140228271484e+01 1.060586071014404297e+01 2.743190002441406250e+01
-1.474038696289062500e+01 1.067570209503173828e+01 2.751582527160644531e+01
-1.495507717132568359e+01 1.074481868743896484e+01 2.760275840759277344e+01
-1.516464710235595703e+01 1.081263732910156250e+01 2.769115829467773438e+01
-1.536744213104248047e+01 1.087851619720458984e+01 2.777934646606445312e+01
-1.556172084808349609e+01 1.094176959991455078e+01 2.786551666259765625e+01
-1.574565029144287109e+01 1.100166797637939453e+01 2.794771575927734375e+01
-1.591734886169433594e+01 1.105746746063232422e+01 2.802389526367187500e+01
-1.607489395141601562e+01 1.110841369628906250e+01 2.809191894531250000e+01
-1.621642684936523438e+01 1.115375995635986328e+01 2.814956092834472656e+01
-1.634010124206542969e+01 1.119280242919921875e+01 2.819457054138183594e+01
-1.644420814514160156e+01 1.122487258911132812e+01 2.822469329833984375e+01
-1.652716636657714844e+01 1.124938106536865234e+01 2.823769378662109375e+01
-1.658761024475097656e+01 1.126583003997802734e+01 2.823141670227050781e+01
-1.662440109252929688e+01 1.127383708953857422e+01 2.820381546020507812e+01
-1.663669395446777344e+01 1.127313518524169922e+01 2.815299415588378906e+01
-1.662397384643554688e+01 1.126361179351806641e+01 2.807726097106933594e+01
-1.658608245849609375e+01 1.124531459808349609e+01 2.797518539428710938e+01
-1.652329254150390625e+01 1.121845722198486328e+01 2.784560203552246094e+01
-1.643626594543457031e+01 1.118342685699462891e+01 2.768769073486328125e+01
-1.632617378234863281e+01 1.114171791076660156e+01 2.750011444091796875e+01
-1.619459342956542969e+01 1.109471988677978516e+01 2.728219413757324219e+01
-1.604346275329589844e+01 1.104115009307861328e+01 2.703631401062011719e+01
-1.587520599365234375e+01 1.098199272155761719e+01 2.676332283020019531e+01
-1.569268417358398438e+01 1.091839122772216797e+01 2.646448707580566406e+01
-1.549910736083984375e+01 1.085162925720214844e+01 2.614150428771972656e+01
-1.529802227020263672e+01 1.078310298919677734e+01 2.579646301269531250e+01
-1.509326839447021484e+01 1.071430969238281250e+01 2.543185424804687500e+01
-1.488889122009277344e+01 1.064768028259277344e+01 2.504969406127929688e+01
-1.468918228149414062e+01 1.058738040924072266e+01 2.465073966979980469e+01
-1.449826049804687500e+01 1.053251743316650391e+01 2.424072074890136719e+01
-1.430123519897460938e+01 1.050628376007080078e+01 2.383786582946777344e+01
-1.407183456420898438e+01 1.054459953308105469e+01 2.346919059753417969e+01
-1.387674713134765625e+01 1.058672714233398438e+01 2.311167335510253906e+01
-1.375335979461669922e+01 1.061608123779296875e+01 2.279058074951171875e+01
-1.366098022460937500e+01 1.065637207031250000e+01 2.248101234436035156e+01
-1.360238838195800781e+01 1.070822620391845703e+01 2.218622779846191406e+01
-1.360233783721923828e+01 1.063681030273437500e+01 2.180514907836914062e+01
-1.365651226043701172e+01 1.057107830047607422e+01 2.141642189025878906e+01
-1.379003238677978516e+01 1.051291656494140625e+01 2.098742294311523438e+01
-1.396438598632812500e+01 1.046497154235839844e+01 2.057861518859863281e+01
-1.417843246459960938e+01 1.042756748199462891e+01 2.019247817993164062e+01
-1.443019294738769531e+01 1.040081119537353516e+01 1.983105278015136719e+01
-1.471686935424804688e+01 1.038458824157714844e+01 1.949591445922851562e+01
-1.503485298156738281e+01 1.037855243682861328e+01 1.918815231323242188e+01
-1.537977027893066406e+01 1.038212871551513672e+01 1.890834236145019531e+01
-1.574654006958007812e+01 1.039453411102294922e+01 1.865657615661621094e+01
-1.592708396911621094e+01 1.034513092041015625e+01 1.832634162902832031e+01
-1.606962966918945312e+01 1.029495811462402344e+01 1.801891326904296875e+01
-1.623338699340820312e+01 1.025545787811279297e+01 1.774449157714843750e+01
-1.641203689575195312e+01 1.022527885437011719e+01 1.750155448913574219e+01
-1.659882354736328125e+01 1.020291423797607422e+01 1.728820228576660156e+01
-1.678668403625488281e+01 1.018671894073486328e+01 1.710221672058105469e+01
-1.696838188171386719e+01 1.017495822906494141e+01 1.694113731384277344e+01
-1.713783645629882812e+01 1.016708850860595703e+01 1.680842590332031250e+01
-1.729026031494140625e+01 1.016385078430175781e+01 1.671373558044433594e+01
-1.741431236267089844e+01 1.015864467620849609e+01 1.663072586059570312e+01
-1.750362205505371094e+01 1.014984512329101562e+01 1.655701446533203125e+01
-1.755236434936523438e+01 1.013594532012939453e+01 1.649039459228515625e+01
-1.755542945861816406e+01 1.011562919616699219e+01 1.642893409729003906e+01
-1.750851440429687500e+01 1.008775806427001953e+01 1.637099456787109375e+01
-1.740824699401855469e+01 1.005143642425537109e+01 1.631531333923339844e+01
-1.725224685668945312e+01 1.000602245330810547e+01 1.626101112365722656e+01
-1.703922653198242188e+01 9.951151847839355469e+00 1.620763969421386719e+01
-1.676899337768554688e+01 9.886735916137695312e+00 1.615517616271972656e+01
-1.644249534606933594e+01 9.812982559204101562e+00 1.610400581359863281e+01
-1.606653404235839844e+01 9.735479354858398438e+00 1.607984352111816406e+01
-1.564093971252441406e+01 9.651408195495605469e+00 1.606643104553222656e+01
-1.516931724548339844e+01 9.561151504516601562e+00 1.606219291687011719e+01
-1.465675163269042969e+01 9.465938568115234375e+00 1.606886482238769531e+01
-1.410917186737060547e+01 9.367190361022949219e+00 1.608839607238769531e+01
-1.353317546844482422e+01 9.266480445861816406e+00 1.612283325195312500e+01
-1.293589782714843750e+01 9.165500640869140625e+00 1.617427253723144531e+01
-1.229908180236816406e+01 9.063849449157714844e+00 1.624687957763671875e+01
-1.151621246337890625e+01 8.953757286071777344e+00 1.635206985473632812e+01
-1.072782516479492188e+01 8.848102569580078125e+00 1.648048591613769531e+01
-9.942298889160156250e+00 8.748661994934082031e+00 1.663348770141601562e+01
-9.095270156860351562e+00 8.605793952941894531e+00 1.672158432006835938e+01
-8.108639717102050781e+00 8.360498428344726562e+00 1.663935089111328125e+01
-7.211450099945068359e+00 7.944005012512207031e+00 1.638731956481933594e+01
-6.384899616241455078e+00 7.487405776977539062e+00 1.605177497863769531e+01
-5.498735427856445312e+00 7.163741111755371094e+00 1.581495857238769531e+01
-4.674081325531005859e+00 6.845785617828369141e+00 1.555551528930664062e+01
-3.937921285629272461e+00 6.476662635803222656e+00 1.523583221435546875e+01
-3.275684118270874023e+00 6.120371818542480469e+00 1.496641921997070312e+01
-2.920403957366943359e+00 5.719978809356689453e+00 1.483554363250732422e+01
-2.829987287521362305e+00 5.327938079833984375e+00 1.479456901550292969e+01
-2.740987539291381836e+00 4.980183601379394531e+00 1.479131507873535156e+01
-2.607976913452148438e+00 4.721219062805175781e+00 1.485477828979492188e+01
-2.496949434280395508e+00 4.488013744354248047e+00 1.494024562835693359e+01
-2.406987428665161133e+00 4.281135082244873047e+00 1.504654788970947266e+01
-2.336949825286865234e+00 4.100817203521728516e+00 1.517229938507080078e+01
-2.285551071166992188e+00 3.946958065032958984e+00 1.531592178344726562e+01
-2.251381874084472656e+00 3.819156169891357422e+00 1.547571086883544922e+01
-2.240704774856567383e+00 3.722504615783691406e+00 1.564474868774414062e+01
-2.263953208923339844e+00 3.664979934692382812e+00 1.581330966949462891e+01
-2.332568407058715820e+00 3.625490665435791016e+00 1.599646568298339844e+01
-2.426438093185424805e+00 3.603714942932128906e+00 1.619189643859863281e+01
-2.518050670623779297e+00 3.599496841430664062e+00 1.639722442626953125e+01
-2.606781482696533203e+00 3.611588478088378906e+00 1.661060714721679688e+01
-2.692229747772216797e+00 3.638703346252441406e+00 1.683038139343261719e+01
-2.774199008941650391e+00 3.679551124572753906e+00 1.705506324768066406e+01
-2.852693080902099609e+00 3.732877254486083984e+00 1.728340148925781250e+01
-2.964295864105224609e+00 3.802388668060302734e+00 1.751951789855957031e+01
-3.120843887329101562e+00 3.920233726501464844e+00 1.778972434997558594e+01
-3.250671625137329102e+00 4.071561336517333984e+00 1.808001899719238281e+01
-3.379346609115600586e+00 4.233621597290039062e+00 1.837339591979980469e+01
-3.507830619812011719e+00 4.405227661132812500e+00 1.866947937011718750e+01
-3.637270212173461914e+00 4.585391998291015625e+00 1.896815299987792969e+01
-3.768951416015625000e+00 4.773341655731201172e+00 1.926954841613769531e+01
-3.906064748764038086e+00 4.969841003417968750e+00 1.957279205322265625e+01
-4.076620578765869141e+00 5.194362640380859375e+00 1.986081886291503906e+01
-4.255319118499755859e+00 5.426661014556884766e+00 2.015182685852050781e+01
-4.443430900573730469e+00 5.666524410247802734e+00 2.044651222229003906e+01
-4.642160892486572266e+00 5.913818836212158203e+00 2.074552536010742188e+01
-4.852575302124023438e+00 6.168473243713378906e+00 2.104944229125976562e+01
-5.075612545013427734e+00 6.430436611175537109e+00 2.135870361328125000e+01
-5.311990737915039062e+00 6.699632644653320312e+00 2.167357826232910156e+01
-5.562220096588134766e+00 6.975921630859375000e+00 2.199413299560546875e+01
-5.826534748077392578e+00 7.259057044982910156e+00 2.232018852233886719e+01
-6.204463005065917969e+00 7.512029170989990234e+00 2.268946266174316406e+01
-6.618433952331542969e+00 7.765382289886474609e+00 2.306810760498046875e+01
-7.054395675659179688e+00 8.021754264831542969e+00 2.345232772827148438e+01
-7.504743099212646484e+00 8.281915664672851562e+00 2.383960533142089844e+01
-7.968080997467041016e+00 8.545035362243652344e+00 2.422844505310058594e+01
-8.442795753479003906e+00 8.810170173645019531e+00 2.461717033386230469e+01
-8.936027526855468750e+00 9.059378623962402344e+00 2.498133468627929688e+01
-9.426772117614746094e+00 9.233977317810058594e+00 2.523070335388183594e+01
-9.894284248352050781e+00 9.387770652770996094e+00 2.543935966491699219e+01
-1.036606884002685547e+01 9.540225028991699219e+00 2.564217185974121094e+01
-1.084014987945556641e+01 9.690730094909667969e+00 2.583814239501953125e+01
-1.131463813781738281e+01 9.838770866394042969e+00 2.602641296386718750e+01
-1.178781127929687500e+01 9.983912467956542969e+00 2.620636940002441406e+01
-1.225815200805664062e+01 1.012584400177001953e+01 2.637760734558105469e+01
-1.272442245483398438e+01 1.026439952850341797e+01 2.654000282287597656e+01
-1.318566417694091797e+01 1.039955615997314453e+01 2.669369697570800781e+01
-1.364125347137451172e+01 1.053146076202392578e+01 2.683913612365722656e+01
-1.409089946746826172e+01 1.066042232513427734e+01 2.697702598571777344e+01
-1.453465461730957031e+01 1.078690814971923828e+01 2.710831260681152344e+01
-1.497287464141845703e+01 1.091154766082763672e+01 2.723418235778808594e+01
-1.540623092651367188e+01 1.103508853912353516e+01 2.735597419738769531e+01
-1.583555793762207031e+01 1.115838813781738281e+01 2.747514724731445312e+01
-1.626195144653320312e+01 1.128238391876220703e+01 2.759320449829101562e+01
-1.668654632568359375e+01 1.140804195404052734e+01 2.771162223815917969e+01
-1.711082077026367188e+01 1.154338741302490234e+01 2.782521057128906250e+01
-1.753596878051757812e+01 1.169240093231201172e+01 2.793226432800292969e+01
-1.796252632141113281e+01 1.184552383422851562e+01 2.804338836669921875e+01
-1.839113426208496094e+01 1.200335979461669922e+01 2.815923309326171875e+01
-1.882212257385253906e+01 1.216631984710693359e+01 2.828001785278320312e+01
-1.925537490844726562e+01 1.233460807800292969e+01 2.840553092956542969e+01
-1.970203208923339844e+01 1.250202560424804688e+01 2.854261589050292969e+01
-2.018941116333007812e+01 1.265337657928466797e+01 2.870839309692382812e+01
-2.067600250244140625e+01 1.280866241455078125e+01 2.887548065185546875e+01
-2.115943145751953125e+01 1.296685791015625000e+01 2.904159545898437500e+01
-2.163669395446777344e+01 1.312662315368652344e+01 2.920399093627929688e+01
-2.210413551330566406e+01 1.328631305694580078e+01 2.935945320129394531e+01
-2.255749320983886719e+01 1.344398212432861328e+01 2.950440406799316406e+01
-2.299201202392578125e+01 1.359745311737060547e+01 2.963499641418457031e+01
-2.340244865417480469e+01 1.374432849884033203e+01 2.974716949462890625e+01
-2.378320693969726562e+01 1.388206005096435547e+01 2.983679008483886719e+01
-2.412845420837402344e+01 1.400800228118896484e+01 2.989977645874023438e+01
-2.443704032897949219e+01 1.409072494506835938e+01 2.991007041931152344e+01
-2.470359802246093750e+01 1.412426471710205078e+01 2.986148071289062500e+01
-2.491669082641601562e+01 1.414030361175537109e+01 2.977709197998046875e+01
-2.507079696655273438e+01 1.413716983795166016e+01 2.965472030639648438e+01
-2.518164634704589844e+01 1.411231231689453125e+01 2.946149444580078125e+01
-2.522869682312011719e+01 1.406555461883544922e+01 2.922096443176269531e+01
-2.520158767700195312e+01 1.399657154083251953e+01 2.894326972961425781e+01
-2.509723663330078125e+01 1.390508651733398438e+01 2.862979125976562500e+01
-2.491361618041992188e+01 1.379125976562500000e+01 2.828272819519042969e+01
-2.464986801147460938e+01 1.365569210052490234e+01 2.790508460998535156e+01
-2.430349349975585938e+01 1.350088119506835938e+01 2.750143241882324219e+01
-2.386055374145507812e+01 1.333623695373535156e+01 2.708070755004882812e+01
-2.334688568115234375e+01 1.315206241607666016e+01 2.664142227172851562e+01
-2.276709747314453125e+01 1.295048332214355469e+01 2.618906402587890625e+01
-2.212701797485351562e+01 1.273400402069091797e+01 2.572956275939941406e+01
-2.143357086181640625e+01 1.250545501708984375e+01 2.526915931701660156e+01
-2.069475555419921875e+01 1.226796436309814453e+01 2.481426429748535156e+01
-1.991941642761230469e+01 1.202485656738281250e+01 2.437135505676269531e+01
-1.911719894409179688e+01 1.177961540222167969e+01 2.394681549072265625e+01
-1.829830360412597656e+01 1.153580188751220703e+01 2.354682922363281250e+01
-1.747335243225097656e+01 1.129700183868408203e+01 2.317724418640136719e+01
-1.666607666015625000e+01 1.107113170623779297e+01 2.281025886535644531e+01
-1.587157440185546875e+01 1.086392498016357422e+01 2.247057533264160156e+01
-1.510856246948242188e+01 1.063892841339111328e+01 2.214723396301269531e+01
-1.438896751403808594e+01 1.038952827453613281e+01 2.183721923828125000e+01
-1.371563529968261719e+01 1.016024303436279297e+01 2.157636642456054688e+01
-1.309757900238037109e+01 9.954306602478027344e+00 2.136820411682128906e+01
-1.254296684265136719e+01 9.774579048156738281e+00 2.121545600891113281e+01
-1.205904579162597656e+01 9.623528480529785156e+00 2.111996459960937500e+01
-1.165201663970947266e+01 9.503184318542480469e+00 2.108271598815917969e+01
-1.132693099975585938e+01 9.415108680725097656e+00 2.110379219055175781e+01
-1.105938816070556641e+01 9.337362289428710938e+00 2.115266990661621094e+01
-1.085057830810546875e+01 9.269361495971679688e+00 2.122618293762207031e+01
-1.077573299407958984e+01 9.230200767517089844e+00 2.138709449768066406e+01
-1.081733322143554688e+01 9.229334831237792969e+00 2.162103271484375000e+01
-1.095491790771484375e+01 9.276345252990722656e+00 2.191174888610839844e+01
-1.118561363220214844e+01 9.370242118835449219e+00 2.225436973571777344e+01
-1.150521755218505859e+01 9.509352684020996094e+00 2.264328384399414062e+01
-1.190827560424804688e+01 9.691363334655761719e+00 2.307218170166015625e+01
-1.238812160491943359e+01 9.913321495056152344e+00 2.353414154052734375e+01
-1.293717765808105469e+01 1.017164421081542969e+01 2.402176475524902344e+01
-1.355225372314453125e+01 1.044069385528564453e+01 2.451176452636718750e+01
-1.415383625030517578e+01 1.069177246093750000e+01 2.494996070861816406e+01
-1.477379131317138672e+01 1.096008586883544922e+01 2.537671470642089844e+01
-1.540218162536621094e+01 1.124145030975341797e+01 2.578495216369628906e+01
-1.602889060974121094e+01 1.153143978118896484e+01 2.616782188415527344e+01
-1.665124702453613281e+01 1.182379245758056641e+01 2.652022361755371094e+01
-1.733386993408203125e+01 1.208299160003662109e+01 2.687176322937011719e+01
-1.800561141967773438e+01 1.232943820953369141e+01 2.718800544738769531e+01
-1.865108680725097656e+01 1.256152057647705078e+01 2.746037292480468750e+01
-1.925981712341308594e+01 1.277542018890380859e+01 2.768392181396484375e+01
-1.982188224792480469e+01 1.296757602691650391e+01 2.785441589355468750e+01
-2.032803153991699219e+01 1.313475131988525391e+01 2.796845626831054688e+01
-2.076980781555175781e+01 1.327410030364990234e+01 2.802353096008300781e+01
-2.113978576660156250e+01 1.338321208953857422e+01 2.801807594299316406e+01
-2.143938064575195312e+01 1.341352176666259766e+01 2.791562271118164062e+01
-2.163628196716308594e+01 1.339857196807861328e+01 2.774062156677246094e+01
-2.173767280578613281e+01 1.335821151733398438e+01 2.751241683959960938e+01
-2.178052902221679688e+01 1.328630542755126953e+01 2.718712043762207031e+01
-2.173226928710937500e+01 1.318559932708740234e+01 2.681689453125000000e+01
-2.159241294860839844e+01 1.305764102935791016e+01 2.640859031677246094e+01
-2.136280250549316406e+01 1.290440082550048828e+01 2.596841621398925781e+01
-2.104680442810058594e+01 1.272827243804931641e+01 2.550315475463867188e+01
-2.064920043945312500e+01 1.253205013275146484e+01 2.502005004882812500e+01
-2.017610931396484375e+01 1.231886577606201172e+01 2.452670288085937500e+01
-1.963487052917480469e+01 1.209213829040527344e+01 2.403091239929199219e+01
-1.903393936157226562e+01 1.185550498962402344e+01 2.354052734375000000e+01
-1.838270187377929688e+01 1.161276626586914062e+01 2.306333160400390625e+01
-1.769133567810058594e+01 1.136780452728271484e+01 2.260689163208007812e+01
-1.697056579589843750e+01 1.112451553344726562e+01 2.217841148376464844e+01
-1.623158454895019531e+01 1.088675212860107422e+01 2.178463172912597656e+01
-1.548574352264404297e+01 1.065824031829833984e+01 2.143168449401855469e+01
-1.474578094482421875e+01 1.044244766235351562e+01 2.112300109863281250e+01
-1.405355453491210938e+01 1.024098968505859375e+01 2.081700897216796875e+01
-1.339039611816406250e+01 1.005850791931152344e+01 2.056210708618164062e+01
-1.276503944396972656e+01 9.832238197326660156e+00 2.031001472473144531e+01
-1.216828346252441406e+01 9.634145736694335938e+00 2.011625289916992188e+01
-1.162719345092773438e+01 9.461318016052246094e+00 1.998143196105957031e+01
-1.114942359924316406e+01 9.316195487976074219e+00 1.990730094909667969e+01
-1.074162387847900391e+01 9.200772285461425781e+00 1.989467620849609375e+01
-1.040933227539062500e+01 9.116586685180664062e+00 1.994346046447753906e+01
-1.015692901611328125e+01 9.064702033996582031e+00 2.005264091491699219e+01
-9.962123870849609375e+00 9.024966239929199219e+00 2.019356155395507812e+01
-9.829899787902832031e+00 8.999958992004394531e+00 2.036671066284179688e+01
-9.818195343017578125e+00 9.005730628967285156e+00 2.061967658996582031e+01
-9.927252769470214844e+00 9.041759490966796875e+00 2.094901084899902344e+01
-1.012633037567138672e+01 9.122424125671386719e+00 2.133136940002441406e+01
-1.041230297088623047e+01 9.246520996093750000e+00 2.176136016845703125e+01
-1.078094100952148438e+01 9.412304878234863281e+00 2.223304176330566406e+01
-1.123016548156738281e+01 9.616810798645019531e+00 2.274065208435058594e+01
-1.180611610412597656e+01 9.845360755920410156e+00 2.328746032714843750e+01
-1.243511772155761719e+01 1.011010169982910156e+01 2.385373878479003906e+01
-1.305465698242187500e+01 1.035646152496337891e+01 2.437003517150878906e+01
-1.369846153259277344e+01 1.062069416046142578e+01 2.487758445739746094e+01
-1.436114501953125000e+01 1.090212726593017578e+01 2.537318038940429688e+01
-1.503460121154785156e+01 1.119741821289062500e+01 2.585080146789550781e+01
-1.571081161499023438e+01 1.150315952301025391e+01 2.630477714538574219e+01
-1.638195037841796875e+01 1.181588649749755859e+01 2.672981834411621094e+01
-1.704397201538085938e+01 1.213036155700683594e+01 2.712333869934082031e+01
-1.773606300354003906e+01 1.241907024383544922e+01 2.751087951660156250e+01
-1.840688705444335938e+01 1.270204067230224609e+01 2.785984611511230469e+01
-1.904990005493164062e+01 1.297641658782958984e+01 2.816674232482910156e+01
-1.973035049438476562e+01 1.322324848175048828e+01 2.844231605529785156e+01
-2.038095474243164062e+01 1.345429229736328125e+01 2.867248535156250000e+01
-2.099629592895507812e+01 1.366758632659912109e+01 2.885552787780761719e+01
-2.151032257080078125e+01 1.393118953704833984e+01 2.903739738464355469e+01
-2.199875068664550781e+01 1.404631900787353516e+01 2.907211685180664062e+01
-2.247595024108886719e+01 1.413196277618408203e+01 2.899980926513671875e+01
-2.292403221130371094e+01 1.419478321075439453e+01 2.884907150268554688e+01
-2.332132530212402344e+01 1.423608303070068359e+01 2.865293884277343750e+01
-2.366710662841796875e+01 1.425636386871337891e+01 2.841454887390136719e+01
-2.396144104003906250e+01 1.425645542144775391e+01 2.813754844665527344e+01
-2.420509910583496094e+01 1.423745441436767578e+01 2.782600975036621094e+01
-2.439955139160156250e+01 1.420075511932373047e+01 2.748438644409179688e+01
-2.454689025878906250e+01 1.414799594879150391e+01 2.711740684509277344e+01
-2.464975929260253906e+01 1.408103275299072266e+01 2.673002815246582031e+01
-2.471130561828613281e+01 1.400190067291259766e+01 2.632732009887695312e+01
-2.473508453369140625e+01 1.391280651092529297e+01 2.591441917419433594e+01
-2.472500610351562500e+01 1.381605148315429688e+01 2.549641990661621094e+01
-2.468519592285156250e+01 1.371403503417968750e+01 2.507833290100097656e+01
-2.461992073059082031e+01 1.360916996002197266e+01 2.466496276855468750e+01
-2.453355407714843750e+01 1.350389766693115234e+01 2.426091003417968750e+01
-2.443038177490234375e+01 1.340060329437255859e+01 2.387045669555664062e+01
-2.431459045410156250e+01 1.330161762237548828e+01 2.349755668640136719e+01
-2.419015884399414062e+01 1.320917415618896484e+01 2.314576911926269531e+01
-2.406075668334960938e+01 1.312536716461181641e+01 2.281826591491699219e+01
-2.388729476928710938e+01 1.300909614562988281e+01 2.243748855590820312e+01
-2.369615173339843750e+01 1.288199329376220703e+01 2.204378318786621094e+01
-2.351134490966796875e+01 1.277137851715087891e+01 2.168598365783691406e+01
-2.339520263671875000e+01 1.270160675048828125e+01 2.132384681701660156e+01
-2.340320587158203125e+01 1.267218875885009766e+01 2.095136451721191406e+01
-2.342294120788574219e+01 1.266387844085693359e+01 2.061482238769531250e+01
-2.345402526855468750e+01 1.267731761932373047e+01 2.031402778625488281e+01
-2.345493698120117188e+01 1.271568393707275391e+01 2.004589843750000000e+01
-2.346156311035156250e+01 1.277666282653808594e+01 1.981174850463867188e+01
-2.347734832763671875e+01 1.285990047454833984e+01 1.961060714721679688e+01
-2.349991607666015625e+01 1.296521472930908203e+01 1.944092369079589844e+01
-2.352655601501464844e+01 1.309223461151123047e+01 1.930095100402832031e+01
-2.355426406860351562e+01 1.324039936065673828e+01 1.918876075744628906e+01
-2.357982635498046875e+01 1.340898799896240234e+01 1.910235023498535156e+01
-2.359988784790039062e+01 1.359711170196533203e+01 1.903966712951660156e+01
-2.361103057861328125e+01 1.380372524261474609e+01 1.899862480163574219e+01
-2.359820938110351562e+01 1.401911830902099609e+01 1.896670341491699219e+01
-2.358091735839843750e+01 1.423020458221435547e+01 1.892317962646484375e+01
-2.354908370971679688e+01 1.445127391815185547e+01 1.888862609863281250e+01
-2.349955558776855469e+01 1.468078231811523438e+01 1.886130523681640625e+01
-2.344714355468750000e+01 1.492898464202880859e+01 1.887035369873046875e+01
-2.332514190673828125e+01 1.516811752319335938e+01 1.891789436340332031e+01
-2.318416213989257812e+01 1.537763118743896484e+01 1.897974014282226562e+01
-2.298539733886718750e+01 1.559660816192626953e+01 1.910630226135253906e+01
-2.274519920349121094e+01 1.582275485992431641e+01 1.927189254760742188e+01
-2.247900772094726562e+01 1.604865264892578125e+01 1.943544578552246094e+01
-2.218675231933593750e+01 1.627281570434570312e+01 1.959560966491699219e+01
-2.186880683898925781e+01 1.649376869201660156e+01 1.975112533569335938e+01
-2.152599525451660156e+01 1.671010971069335938e+01 1.990083885192871094e+01
-2.115954780578613281e+01 1.692049407958984375e+01 2.004371452331542969e+01
-2.077108764648437500e+01 1.712365150451660156e+01 2.017883300781250000e+01
-2.036252784729003906e+01 1.731840705871582031e+01 2.030539131164550781e+01
-1.993608474731445312e+01 1.750366973876953125e+01 2.042269134521484375e+01
-1.949418830871582031e+01 1.767848014831542969e+01 2.053016853332519531e+01
-1.903943824768066406e+01 1.784196662902832031e+01 2.062735366821289062e+01
-1.857456970214843750e+01 1.799339294433593750e+01 2.071389961242675781e+01
-1.810236167907714844e+01 1.813214874267578125e+01 2.078956031799316406e+01
-1.762563705444335938e+01 1.825775146484375000e+01 2.085420227050781250e+01
-1.714720535278320312e+01 1.836986732482910156e+01 2.090778541564941406e+01
-1.666978836059570312e+01 1.846828079223632812e+01 2.095037841796875000e+01
-1.618928146362304688e+01 1.855396461486816406e+01 2.098369789123535156e+01
-1.570011043548583984e+01 1.862821769714355469e+01 2.100986480712890625e+01
-1.518807125091552734e+01 1.869014358520507812e+01 2.101827049255371094e+01
-1.467646598815917969e+01 1.873933410644531250e+01 2.101467132568359375e+01
-1.417717838287353516e+01 1.877587509155273438e+01 2.100199699401855469e+01
-1.369251346588134766e+01 1.880026435852050781e+01 2.098083496093750000e+01
-1.322455978393554688e+01 1.881310272216796875e+01 2.095181846618652344e+01
-1.277520370483398438e+01 1.881506729125976562e+01 2.091563034057617188e+01
-1.234608840942382812e+01 1.880691337585449219e+01 2.087299346923828125e+01
-1.193859291076660156e+01 1.878945350646972656e+01 2.082465362548828125e+01
-1.155389690399169922e+01 1.876355171203613281e+01 2.077138137817382812e+01
-1.119290542602539062e+01 1.873009300231933594e+01 2.071395111083984375e+01
-1.084596633911132812e+01 1.868655776977539062e+01 2.065904235839843750e+01
-1.048853492736816406e+01 1.862558174133300781e+01 2.062163162231445312e+01
-1.015760612487792969e+01 1.856023216247558594e+01 2.058153915405273438e+01
-9.853485107421875000e+00 1.849148559570312500e+01 2.053930854797363281e+01
-9.576206207275390625e+00 1.842026329040527344e+01 2.049547195434570312e+01
-9.323229789733886719e+00 1.834606552124023438e+01 2.044946861267089844e+01
-9.087618827819824219e+00 1.826593780517578125e+01 2.039880180358886719e+01
-8.878110885620117188e+00 1.818604278564453125e+01 2.034830474853515625e+01
-8.693721771240234375e+00 1.810699081420898438e+01 2.029839324951171875e+01
-8.533246994018554688e+00 1.802927780151367188e+01 2.024942016601562500e+01
-8.395241737365722656e+00 1.795328712463378906e+01 2.020167732238769531e+01
-8.278034210205078125e+00 1.787929534912109375e+01 2.015538406372070312e+01
-8.214990615844726562e+00 1.780678558349609375e+01 2.011177444458007812e+01
-8.163915634155273438e+00 1.773662567138671875e+01 2.006969070434570312e+01
-8.119632720947265625e+00 1.766886520385742188e+01 2.002904510498046875e+01
-8.081000328063964844e+00 1.760339927673339844e+01 1.998981475830078125e+01
-8.046884536743164062e+00 1.754003143310546875e+01 1.995190429687500000e+01
-8.016131401062011719e+00 1.747852706909179688e+01 1.991516876220703125e+01
-7.987654209136962891e+00 1.741860580444335938e+01 1.987941360473632812e+01
-7.960397243499755859e+00 1.735996055603027344e+01 1.984440422058105469e+01
-7.933397769927978516e+00 1.730225753784179688e+01 1.980987548828125000e+01
-7.905796527862548828e+00 1.724518585205078125e+01 1.977554512023925781e+01
-7.876852512359619141e+00 1.718843841552734375e+01 1.974114036560058594e+01
-7.845957279205322266e+00 1.713172912597656250e+01 1.970636558532714844e+01
-7.812672138214111328e+00 1.707482147216796875e+01 1.967096900939941406e+01
-7.776686668395996094e+00 1.701751899719238281e+01 1.963471031188964844e+01
-7.737884044647216797e+00 1.695969390869140625e+01 1.959741020202636719e+01
-7.696299552917480469e+00 1.690125656127929688e+01 1.955890655517578125e+01
-7.652134895324707031e+00 1.684219741821289062e+01 1.951911544799804688e+01
-7.605742931365966797e+00 1.678258132934570312e+01 1.947800064086914062e+01
-7.557633876800537109e+00 1.672251129150390625e+01 1.943558692932128906e+01
-7.508408546447753906e+00 1.666218185424804688e+01 1.939198684692382812e+01
-7.458805084228515625e+00 1.660181617736816406e+01 1.934734344482421875e+01
-7.409617424011230469e+00 1.654170227050781250e+01 1.930188751220703125e+01
-7.361707210540771484e+00 1.648217201232910156e+01 1.925589942932128906e+01
-7.315948009490966797e+00 1.642357254028320312e+01 1.920970153808593750e+01
-7.273221015930175781e+00 1.636628341674804688e+01 1.916366958618164062e+01
-7.234365463256835938e+00 1.631069755554199219e+01 1.911822891235351562e+01
-7.200171947479248047e+00 1.625719451904296875e+01 1.907380676269531250e+01
-7.171347141265869141e+00 1.620616340637207031e+01 1.903087615966796875e+01
-7.148465156555175781e+00 1.615795516967773438e+01 1.898990631103515625e+01
-7.132011413574218750e+00 1.611291885375976562e+01 1.895137786865234375e+01
-7.122304916381835938e+00 1.607135200500488281e+01 1.891576576232910156e+01
-7.119527339935302734e+00 1.603352737426757812e+01 1.888354492187500000e+01
-7.123704433441162109e+00 1.599968051910400391e+01 1.885516548156738281e+01
-7.134694099426269531e+00 1.597000026702880859e+01 1.883106040954589844e+01
-7.152200222015380859e+00 1.594462585449218750e+01 1.881162834167480469e+01
-7.175796508789062500e+00 1.592367935180664062e+01 1.879726409912109375e+01
-7.204898357391357422e+00 1.590722751617431641e+01 1.878831291198730469e+01
-7.238791942596435547e+00 1.589529800415039062e+01 1.878509330749511719e+01
-7.276677131652832031e+00 1.588789081573486328e+01 1.878786849975585938e+01
-7.317642688751220703e+00 1.588497734069824219e+01 1.879689788818359375e+01
-7.360705852508544922e+00 1.588649654388427734e+01 1.881237220764160156e+01
-7.415955543518066406e+00 1.589213466644287109e+01 1.883477783203125000e+01
-7.481093883514404297e+00 1.590180873870849609e+01 1.886419868469238281e+01
-7.541776657104492188e+00 1.591565322875976562e+01 1.890026855468750000e+01
-7.596103191375732422e+00 1.593352317810058594e+01 1.894296646118164062e+01
-7.642210006713867188e+00 1.595527362823486328e+01 1.899220848083496094e+01
-7.678369045257568359e+00 1.598072147369384766e+01 1.904783821105957031e+01
-7.702983856201171875e+00 1.600966453552246094e+01 1.910964393615722656e+01
-7.714610576629638672e+00 1.604187774658203125e+01 1.917733383178710938e+01
-7.712027072906494141e+00 1.607711601257324219e+01 1.925056076049804688e+01
-7.694250106811523438e+00 1.611509513854980469e+01 1.932887649536132812e+01
-7.678031444549560547e+00 1.615515899658203125e+01 1.941230964660644531e+01
-7.669716358184814453e+00 1.619685745239257812e+01 1.950048637390136719e+01
-7.652814388275146484e+00 1.624013328552246094e+01 1.959222221374511719e+01
-7.627280235290527344e+00 1.628462028503417969e+01 1.968681144714355469e+01
-7.593214511871337891e+00 1.632990455627441406e+01 1.978341293334960938e+01
-7.550611495971679688e+00 1.637488937377929688e+01 1.988109016418457031e+01
-7.498793601989746094e+00 1.641668891906738281e+01 1.997856903076171875e+01
-7.439888000488281250e+00 1.645799064636230469e+01 2.007534217834472656e+01
-7.374702453613281250e+00 1.649834442138671875e+01 2.017041587829589844e+01
-7.304226398468017578e+00 1.653728485107421875e+01 2.026281166076660156e+01
-7.229556083679199219e+00 1.657435226440429688e+01 2.035154533386230469e+01
-7.151922225952148438e+00 1.660908126831054688e+01 2.043565177917480469e+01
-7.072632789611816406e+00 1.664102745056152344e+01 2.051421356201171875e+01
-6.993048191070556641e+00 1.666975784301757812e+01 2.058637619018554688e+01
-6.914552211761474609e+00 1.669486999511718750e+01 2.065135765075683594e+01
-6.838506698608398438e+00 1.671598434448242188e+01 2.070847892761230469e+01
-6.766231060028076172e+00 1.673277473449707031e+01 2.075716972351074219e+01
-6.698935031890869141e+00 1.674496269226074219e+01 2.079698944091796875e+01
-6.637710094451904297e+00 1.675232505798339844e+01 2.082764816284179688e+01
-6.583483219146728516e+00 1.675471496582031250e+01 2.084901428222656250e+01
-6.536972522735595703e+00 1.675205612182617188e+01 2.086111640930175781e+01
-6.498688220977783203e+00 1.674435424804687500e+01 2.086417007446289062e+01
-6.468895435333251953e+00 1.673172760009765625e+01 2.085857009887695312e+01
-6.447583198547363281e+00 1.671437835693359375e+01 2.084490776062011719e+01
-6.434478282928466797e+00 1.669264030456542969e+01 2.082397270202636719e+01
-6.429021358489990234e+00 1.666695022583007812e+01 2.079673004150390625e+01
-6.430393218994140625e+00 1.663787651062011719e+01 2.076435279846191406e+01
-6.437475681304931641e+00 1.660611343383789062e+01 2.072818183898925781e+01
-6.448956966400146484e+00 1.657249259948730469e+01 2.068973922729492188e+01
-6.463226318359375000e+00 1.653795433044433594e+01 2.065070152282714844e+01
-6.478544712066650391e+00 1.650357055664062500e+01 2.061289024353027344e+01
-6.492966175079345703e+00 1.647053909301757812e+01 2.057824516296386719e+01
-6.504431247711181641e+00 1.644015121459960938e+01 2.054881095886230469e+01
-6.510832309722900391e+00 1.641378021240234375e+01 2.052667427062988281e+01
-6.510006427764892578e+00 1.639287948608398438e+01 2.051398468017578125e+01
-6.499839782714843750e+00 1.637895011901855469e+01 2.051288604736328125e+01
-6.478286266326904297e+00 1.637349700927734375e+01 2.052546119689941406e+01
-6.443453311920166016e+00 1.637801742553710938e+01 2.055373764038085938e+01
-6.393638134002685547e+00 1.639398002624511719e+01 2.059959602355957031e+01
-6.325603961944580078e+00 1.642388725280761719e+01 2.067047309875488281e+01
-6.231431484222412109e+00 1.647338485717773438e+01 2.078972816467285156e+01
-6.116358757019042969e+00 1.654092597961425781e+01 2.093857765197753906e+01
-5.978767871856689453e+00 1.662895202636718750e+01 2.112150382995605469e+01
-5.821381092071533203e+00 1.673454475402832031e+01 2.133035850524902344e+01
-5.644630908966064453e+00 1.685802268981933594e+01 2.156500625610351562e+01
-5.449365139007568359e+00 1.699939918518066406e+01 2.182487106323242188e+01
-5.236903667449951172e+00 1.715833091735839844e+01 2.210890769958496094e+01
-5.008961200714111328e+00 1.733413314819335938e+01 2.241559028625488281e+01
-4.767684936523437500e+00 1.752574920654296875e+01 2.274292755126953125e+01
-4.515579700469970703e+00 1.773176383972167969e+01 2.308846092224121094e+01
-4.255500316619873047e+00 1.795039558410644531e+01 2.344927406311035156e+01
-3.991296052932739258e+00 1.817932891845703125e+01 2.382241630554199219e+01
-3.785354375839233398e+00 1.840010070800781250e+01 2.423459243774414062e+01
-3.581553220748901367e+00 1.862618446350097656e+01 2.465108299255371094e+01
-3.382673025131225586e+00 1.885485458374023438e+01 2.506719207763671875e+01
-3.191510915756225586e+00 1.908321571350097656e+01 2.547804832458496094e+01
-3.010805845260620117e+00 1.930821990966796875e+01 2.587870407104492188e+01
-2.845616102218627930e+00 1.952758216857910156e+01 2.626430892944335938e+01
-2.712679624557495117e+00 1.974295997619628906e+01 2.663072204589843750e+01
-2.597007036209106445e+00 1.994549942016601562e+01 2.697241973876953125e+01
-2.500369310379028320e+00 2.013218879699707031e+01 2.728501319885253906e+01
-2.424225568771362305e+00 2.030015754699707031e+01 2.756449890136718750e+01
-2.369725942611694336e+00 2.044677925109863281e+01 2.780733299255371094e+01
-2.337650537490844727e+00 2.056970977783203125e+01 2.801047706604003906e+01
-2.328435182571411133e+00 2.066693115234375000e+01 2.817149353027343750e+01
-2.342090368270874023e+00 2.073679351806640625e+01 2.828857040405273438e+01
-2.378270864486694336e+00 2.077803802490234375e+01 2.836055946350097656e+01
-2.436239004135131836e+00 2.078981781005859375e+01 2.838698768615722656e+01
-2.514897584915161133e+00 2.077173614501953125e+01 2.836807632446289062e+01
-2.612795114517211914e+00 2.072380447387695312e+01 2.830470466613769531e+01
-2.728153467178344727e+00 2.064647102355957031e+01 2.819841957092285156e+01
-2.858927488327026367e+00 2.054058837890625000e+01 2.805136299133300781e+01
-3.002825498580932617e+00 2.040740776062011719e+01 2.786624145507812500e+01
-3.157373666763305664e+00 2.024852943420410156e+01 2.764627265930175781e+01
-3.319942712783813477e+00 2.006588935852050781e+01 2.739510726928710938e+01
-3.487834692001342773e+00 1.986169433593750000e+01 2.711673927307128906e+01
-3.658325433731079102e+00 1.963840484619140625e+01 2.681546974182128906e+01
-3.828716516494750977e+00 1.939865112304687500e+01 2.649576759338378906e+01
-4.049768447875976562e+00 1.913074874877929688e+01 2.618968582153320312e+01
-4.273716449737548828e+00 1.884986495971679688e+01 2.587849807739257812e+01
-4.489136219024658203e+00 1.856139564514160156e+01 2.556202507019042969e+01
-4.693388462066650391e+00 1.826839828491210938e+01 2.524432563781738281e+01
-4.884236812591552734e+00 1.797384262084960938e+01 2.492932510375976562e+01
-5.059810161590576172e+00 1.768056678771972656e+01 2.462067222595214844e+01
-5.218685626983642578e+00 1.739122009277343750e+01 2.432174301147460938e+01
-5.359875202178955078e+00 1.710822677612304688e+01 2.403556251525878906e+01
-5.491478919982910156e+00 1.683544921875000000e+01 2.376612091064453125e+01
-5.606366634368896484e+00 1.657340621948242188e+01 2.351456260681152344e+01
-5.701118946075439453e+00 1.632294845581054688e+01 2.328209495544433594e+01
-5.776195049285888672e+00 1.608531951904296875e+01 2.307006835937500000e+01
-5.832401275634765625e+00 1.586143398284912109e+01 2.287935829162597656e+01
-5.870888233184814453e+00 1.565191173553466797e+01 2.271045494079589844e+01
-5.893026828765869141e+00 1.545705509185791016e+01 2.256340026855468750e+01
-5.900423049926757812e+00 1.527691078186035156e+01 2.243789100646972656e+01
-5.894821166992187500e+00 1.511124706268310547e+01 2.233325767517089844e+01
-5.878056049346923828e+00 1.495962142944335938e+01 2.224852371215820312e+01
-5.851987838745117188e+00 1.482136440277099609e+01 2.218244934082031250e+01
-5.828598499298095703e+00 1.469762802124023438e+01 2.213515090942382812e+01
-5.805925846099853516e+00 1.458672046661376953e+01 2.210440063476562500e+01
-5.781351089477539062e+00 1.448672580718994141e+01 2.208775138854980469e+01
-5.756240844726562500e+00 1.439647579193115234e+01 2.208332061767578125e+01
-5.731776237487792969e+00 1.431475734710693359e+01 2.208918762207031250e+01
-5.708955287933349609e+00 1.424036026000976562e+01 2.210342216491699219e+01
-5.688578128814697266e+00 1.417208957672119141e+01 2.212414360046386719e+01
-5.671250820159912109e+00 1.410881900787353516e+01 2.214954948425292969e+01
-5.657373428344726562e+00 1.404947757720947266e+01 2.217793083190917969e+01
-5.652068614959716797e+00 1.400274276733398438e+01 2.219372177124023438e+01
-5.652446746826171875e+00 1.396197032928466797e+01 2.220389747619628906e+01
-5.656622409820556641e+00 1.392295074462890625e+01 2.221225738525390625e+01
-5.664367198944091797e+00 1.388509178161621094e+01 2.221771049499511719e+01
-5.675289630889892578e+00 1.384792232513427734e+01 2.221935462951660156e+01
-5.688908100128173828e+00 1.381109333038330078e+01 2.221650314331054688e+01
-5.704648017883300781e+00 1.377437496185302734e+01 2.220864295959472656e+01
-5.721856594085693359e+00 1.373764991760253906e+01 2.219545936584472656e+01
-5.739835739135742188e+00 1.370091629028320312e+01 2.217680740356445312e+01
-5.757867336273193359e+00 1.366427230834960938e+01 2.215269279479980469e+01
-5.775195598602294922e+00 1.362790298461914062e+01 2.212327384948730469e+01
-5.791103839874267578e+00 1.359207630157470703e+01 2.208881187438964844e+01
-5.804878711700439453e+00 1.355712318420410156e+01 2.204969596862792969e+01
-5.815871238708496094e+00 1.352342414855957031e+01 2.200638771057128906e+01
-5.823479652404785156e+00 1.349140453338623047e+01 2.195944404602050781e+01
-5.827179908752441406e+00 1.346149921417236328e+01 2.190944480895996094e+01
-5.826538562774658203e+00 1.343416023254394531e+01 2.185705566406250000e+01
-5.821223735809326172e+00 1.340981578826904297e+01 2.180293083190917969e+01
-5.811006069183349609e+00 1.338888645172119141e+01 2.174776268005371094e+01
-5.795780181884765625e+00 1.337175464630126953e+01 2.169224166870117188e+01
-5.775554180145263672e+00 1.335875129699707031e+01 2.163705062866210938e+01
-5.750479221343994141e+00 1.335016441345214844e+01 2.158285903930664062e+01
-5.720807075500488281e+00 1.334620475769042969e+01 2.153030586242675781e+01
-5.686920642852783203e+00 1.334702682495117188e+01 2.147998619079589844e+01
-5.649312973022460938e+00 1.335270786285400391e+01 2.143247985839843750e+01
-5.604525089263916016e+00 1.336258888244628906e+01 2.138835144042968750e+01
-5.558620929718017578e+00 1.337747478485107422e+01 2.134796524047851562e+01
-5.512534141540527344e+00 1.339725971221923828e+01 2.131172180175781250e+01
-5.467087268829345703e+00 1.342172336578369141e+01 2.127993774414062500e+01
-5.423108100891113281e+00 1.345059394836425781e+01 2.125286674499511719e+01
-5.381452083587646484e+00 1.348352718353271484e+01 2.123068428039550781e+01
-5.342982769012451172e+00 1.352013778686523438e+01 2.121348762512207031e+01
-5.303871154785156250e+00 1.355922889709472656e+01 2.120137786865234375e+01
-5.268511295318603516e+00 1.360092163085937500e+01 2.119422912597656250e+01
-5.237987518310546875e+00 1.364478111267089844e+01 2.119191169738769531e+01
-5.213118076324462891e+00 1.369032001495361328e+01 2.119420242309570312e+01
-5.194665431976318359e+00 1.373704719543457031e+01 2.120082283020019531e+01
-5.183282375335693359e+00 1.378447437286376953e+01 2.121140289306640625e+01
-5.179501533508300781e+00 1.383210849761962891e+01 2.122553062438964844e+01
-5.183747768402099609e+00 1.387948417663574219e+01 2.124271965026855469e+01
-5.196281433105468750e+00 1.392614936828613281e+01 2.126245689392089844e+01
-5.217224597930908203e+00 1.397167491912841797e+01 2.128417396545410156e+01
-5.246549606323242188e+00 1.401566028594970703e+01 2.130727386474609375e+01
-5.284070491790771484e+00 1.405774021148681641e+01 2.133115196228027344e+01
-5.329432010650634766e+00 1.409758090972900391e+01 2.135518836975097656e+01
-5.382143020629882812e+00 1.413488483428955078e+01 2.137877464294433594e+01
-5.441580772399902344e+00 1.416939830780029297e+01 2.140131759643554688e+01
-5.506959438323974609e+00 1.420089721679687500e+01 2.142225074768066406e+01
-5.577412605285644531e+00 1.422921657562255859e+01 2.144105720520019531e+01
-5.651960372924804688e+00 1.425420570373535156e+01 2.145726013183593750e+01
-5.729544639587402344e+00 1.427577877044677734e+01 2.147045135498046875e+01
-5.809081554412841797e+00 1.429387569427490234e+01 2.148029136657714844e+01
-5.889848709106445312e+00 1.430849266052246094e+01 2.148669242858886719e+01
-5.971768856048583984e+00 1.431969165802001953e+01 2.148993873596191406e+01
-6.052338600158691406e+00 1.432749366760253906e+01 2.148932647705078125e+01
-6.130495548248291016e+00 1.433200073242187500e+01 2.148486900329589844e+01
-6.205264568328857422e+00 1.433335494995117188e+01 2.147666358947753906e+01
-6.275736331939697266e+00 1.433174991607666016e+01 2.146490859985351562e+01
-6.341957569122314453e+00 1.432909107208251953e+01 2.144739913940429688e+01
-6.403100967407226562e+00 1.432531261444091797e+01 2.142498016357421875e+01
-6.457867622375488281e+00 1.431928920745849609e+01 2.140013504028320312e+01
-6.505848407745361328e+00 1.431134319305419922e+01 2.137336158752441406e+01
-6.546775817871093750e+00 1.430181789398193359e+01 2.134522819519042969e+01
-6.580518722534179688e+00 1.429106807708740234e+01 2.131635665893554688e+01
-6.607101917266845703e+00 1.427946472167968750e+01 2.128741455078125000e+01
-6.626667022705078125e+00 1.426739406585693359e+01 2.125909614562988281e+01
-6.639521598815917969e+00 1.425524139404296875e+01 2.123210334777832031e+01
-6.646073818206787109e+00 1.424338626861572266e+01 2.120712852478027344e+01
-6.646838188171386719e+00 1.423221588134765625e+01 2.118486213684082031e+01
-6.642435550689697266e+00 1.422210216522216797e+01 2.116594696044921875e+01
-6.633516788482666016e+00 1.421339416503906250e+01 2.115097618103027344e+01
-6.620833873748779297e+00 1.420643806457519531e+01 2.114050865173339844e+01
-6.605112075805664062e+00 1.420152759552001953e+01 2.113500404357910156e+01
-6.587104797363281250e+00 1.419894695281982422e+01 2.113488578796386719e+01
-6.567543506622314453e+00 1.419892311096191406e+01 2.114046669006347656e+01
-6.547093391418457031e+00 1.420164489746093750e+01 2.115198516845703125e+01
-6.526365280151367188e+00 1.420724391937255859e+01 2.116958808898925781e+01
-6.505873203277587891e+00 1.421580314636230469e+01 2.119332885742187500e+01
-6.486026763916015625e+00 1.422733020782470703e+01 2.122317886352539062e+01
-6.467116832733154297e+00 1.424177265167236328e+01 2.125900650024414062e+01
-6.449287891387939453e+00 1.425901794433593750e+01 2.130060577392578125e+01
-6.432560920715332031e+00 1.427885913848876953e+01 2.134767532348632812e+01
-6.416808605194091797e+00 1.430103015899658203e+01 2.139983367919921875e+01
-6.401742935180664062e+00 1.432519054412841797e+01 2.145662689208984375e+01
-6.386967182159423828e+00 1.435091590881347656e+01 2.151752662658691406e+01
-6.380146503448486328e+00 1.437933254241943359e+01 2.158323669433593750e+01
-6.374726772308349609e+00 1.440872669219970703e+01 2.165217971801757812e+01
-6.368863582611083984e+00 1.443827915191650391e+01 2.172349739074707031e+01
-6.361778259277343750e+00 1.446732711791992188e+01 2.179646110534667969e+01
-6.352606296539306641e+00 1.449517250061035156e+01 2.187031364440917969e+01
-6.340435028076171875e+00 1.452106475830078125e+01 2.194426155090332031e+01
-6.324328422546386719e+00 1.454423999786376953e+01 2.201750755310058594e+01
-6.303340435028076172e+00 1.456391239166259766e+01 2.208923912048339844e+01
-6.276543140411376953e+00 1.457928752899169922e+01 2.215864372253417969e+01
-6.243062496185302734e+00 1.458958244323730469e+01 2.222492408752441406e+01
-6.202052593231201172e+00 1.459403896331787109e+01 2.228729629516601562e+01
-6.152772426605224609e+00 1.459193611145019531e+01 2.234500885009765625e+01
-6.094560623168945312e+00 1.458259868621826172e+01 2.239734840393066406e+01
-6.026891708374023438e+00 1.456541156768798828e+01 2.244363975524902344e+01
-5.949319362640380859e+00 1.453983783721923828e+01 2.248327064514160156e+01
-5.861567974090576172e+00 1.450544261932373047e+01 2.251567649841308594e+01
-5.763470172882080078e+00 1.446185970306396484e+01 2.254036903381347656e+01
-5.655017375946044922e+00 1.440886497497558594e+01 2.255692863464355469e+01
-5.536317348480224609e+00 1.434633159637451172e+01 2.256499290466308594e+01
-5.412985324859619141e+00 1.428479576110839844e+01 2.254898262023925781e+01
-5.281557559967041016e+00 1.421682167053222656e+01 2.251969909667968750e+01
-5.141605377197265625e+00 1.414084148406982422e+01 2.247965431213378906e+01
-4.993710517883300781e+00 1.405716800689697266e+01 2.242892837524414062e+01
-4.838531017303466797e+00 1.396619415283203125e+01 2.236770820617675781e+01
-4.676825046539306641e+00 1.386843681335449219e+01 2.229627609252929688e+01
-4.509415626525878906e+00 1.376449489593505859e+01 2.221502685546875000e+01
-4.337182998657226562e+00 1.365506362915039062e+01 2.212443923950195312e+01
-4.161080360412597656e+00 1.354091358184814453e+01 2.202507781982421875e+01
-3.982092618942260742e+00 1.342289733886718750e+01 2.191760635375976562e+01
-3.807873487472534180e+00 1.330154609680175781e+01 2.179277610778808594e+01
-3.649940252304077148e+00 1.317724037170410156e+01 2.163561820983886719e+01
-3.491645812988281250e+00 1.305194377899169922e+01 2.147373962402343750e+01
-3.333911180496215820e+00 1.292667579650878906e+01 2.130834770202636719e+01
-3.177648067474365234e+00 1.280246257781982422e+01 2.114069938659667969e+01
-3.023802280426025391e+00 1.268031501770019531e+01 2.097204971313476562e+01
-2.873297691345214844e+00 1.256122970581054688e+01 2.080368614196777344e+01
-2.727072000503540039e+00 1.244615936279296875e+01 2.063688278198242188e+01
-2.586026906967163086e+00 1.233601379394531250e+01 2.047287940979003906e+01
-2.451056241989135742e+00 1.223162937164306641e+01 2.031289482116699219e+01
-2.322988033294677734e+00 1.213377380371093750e+01 2.015807533264160156e+01
-2.202634096145629883e+00 1.204313468933105469e+01 2.000952911376953125e+01
-2.090720653533935547e+00 1.196028900146484375e+01 1.986823654174804688e+01
-1.987892627716064453e+00 1.188573646545410156e+01 1.973511314392089844e+01
-1.894714355468750000e+00 1.181984710693359375e+01 1.961093902587890625e+01
-1.811636447906494141e+00 1.176289081573486328e+01 1.949637603759765625e+01
-1.738991260528564453e+00 1.171502304077148438e+01 1.939195251464843750e+01
-1.691290378570556641e+00 1.167239379882812500e+01 1.930541801452636719e+01
-1.655621528625488281e+00 1.163844585418701172e+01 1.923031044006347656e+01
-1.628278493881225586e+00 1.161396694183349609e+01 1.916485404968261719e+01
-1.609059095382690430e+00 1.159864234924316406e+01 1.910897445678710938e+01
-1.597611904144287109e+00 1.159204196929931641e+01 1.906245803833007812e+01
-1.593462944030761719e+00 1.159363555908203125e+01 1.902494239807128906e+01
-1.596020936965942383e+00 1.160278034210205078e+01 1.899594879150390625e+01
-1.604578018188476562e+00 1.161875438690185547e+01 1.897486495971679688e+01
-1.618331670761108398e+00 1.164074611663818359e+01 1.896096801757812500e+01
-1.636382818222045898e+00 1.166787910461425781e+01 1.895343208312988281e+01
-1.657784938812255859e+00 1.169922256469726562e+01 1.895135116577148438e+01
-1.681529760360717773e+00 1.173380088806152344e+01 1.895375061035156250e+01
-1.706604480743408203e+00 1.177060413360595703e+01 1.895960044860839844e+01
-1.731993675231933594e+00 1.180861473083496094e+01 1.896784400939941406e+01
-1.756704807281494141e+00 1.184680461883544922e+01 1.897740745544433594e+01
-1.779808998107910156e+00 1.188416862487792969e+01 1.898721504211425781e+01
-1.800433874130249023e+00 1.191970443725585938e+01 1.899621391296386719e+01
-1.817807435989379883e+00 1.195246219635009766e+01 1.900338172912597656e+01
-1.831242084503173828e+00 1.198152637481689453e+01 1.900774765014648438e+01
-1.840186595916748047e+00 1.200603675842285156e+01 1.900838661193847656e+01
-1.844182252883911133e+00 1.202519130706787109e+01 1.900444984436035156e+01
-1.842911243438720703e+00 1.203826618194580078e+01 1.899516677856445312e+01
-1.836167573928833008e+00 1.204459953308105469e+01 1.897983551025390625e+01
-1.823852062225341797e+00 1.204362201690673828e+01 1.895786094665527344e+01
-1.805986642837524414e+00 1.203483676910400391e+01 1.892871856689453125e+01
-1.782680273056030273e+00 1.201784706115722656e+01 1.889198875427246094e+01
-1.754135608673095703e+00 1.199234867095947266e+01 1.884735298156738281e+01
-1.720622539520263672e+00 1.195812034606933594e+01 1.879456901550292969e+01
-1.682480096817016602e+00 1.191505432128906250e+01 1.873350906372070312e+01
-1.640084981918334961e+00 1.186312770843505859e+01 1.866413116455078125e+01
-1.593866348266601562e+00 1.180242729187011719e+01 1.858649444580078125e+01
-1.544269084930419922e+00 1.173313331604003906e+01 1.850074386596679688e+01
-1.491758108139038086e+00 1.165552520751953125e+01 1.840712165832519531e+01
-1.436806917190551758e+00 1.156997394561767578e+01 1.830594635009765625e+01
-1.379886865615844727e+00 1.147693538665771484e+01 1.819761466979980469e+01
-1.321461915969848633e+00 1.137694931030273438e+01 1.808260536193847656e+01
-1.261979341506958008e+00 1.127061748504638672e+01 1.796144294738769531e+01
-1.201885461807250977e+00 1.115862274169921875e+01 1.783471870422363281e+01
-1.141583204269409180e+00 1.104166221618652344e+01 1.770304679870605469e+01
-1.081484317779541016e+00 1.092049789428710938e+01 1.756708145141601562e+01
-1.021949291229248047e+00 1.079588794708251953e+01 1.742747879028320312e+01
-9.642979502677917480e-01 1.066963768005371094e+01 1.728393554687500000e+01
-9.240185618400573730e-01 1.055862712860107422e+01 1.712209320068359375e+01
-8.850652575492858887e-01 1.044618797302246094e+01 1.695873832702636719e+01
-8.537806868553161621e-01 1.033496379852294922e+01 1.680040168762207031e+01
-8.249203562736511230e-01 1.022364711761474609e+01 1.664259147644042969e+01
-7.974311709403991699e-01 1.011228656768798828e+01 1.648476219177246094e+01
-7.714208960533142090e-01 1.000125122070312500e+01 1.632740783691406250e+01
-7.354442477226257324e-01 9.852735519409179688e+00 1.615123748779296875e+01
-7.010936141014099121e-01 9.704908370971679688e+00 1.597631645202636719e+01
-6.688713431358337402e-01 9.559326171875000000e+00 1.580372810363769531e+01
-6.388456225395202637e-01 9.416087150573730469e+00 1.563379573822021484e+01
-6.110460162162780762e-01 9.275155067443847656e+00 1.546676254272460938e+01
-5.854775309562683105e-01 9.136385917663574219e+00 1.530283069610595703e+01
-5.620939135551452637e-01 8.999535560607910156e+00 1.514216136932373047e+01
-5.408076643943786621e-01 8.864274024963378906e+00 1.498488616943359375e+01
-5.214919447898864746e-01 8.730190277099609375e+00 1.483111381530761719e+01
-5.039505362510681152e-01 8.596823692321777344e+00 1.468095302581787109e+01
-4.879524111747741699e-01 8.463674545288085938e+00 1.453451442718505859e+01
-4.731976389884948730e-01 8.330228805541992188e+00 1.439192485809326172e+01
-4.657077193260192871e-01 8.197804450988769531e+00 1.425261497497558594e+01
-4.822036623954772949e-01 8.070855140686035156e+00 1.411484527587890625e+01
-4.989685416221618652e-01 7.942213058471679688e+00 1.398143291473388672e+01
-5.156101584434509277e-01 7.811514854431152344e+00 1.385261535644531250e+01
-5.571781992912292480e-01 7.671545505523681641e+00 1.374180984497070312e+01
-6.115943789482116699e-01 7.525233268737792969e+00 1.364339828491210938e+01
-6.662604212760925293e-01 7.375727653503417969e+00 1.355155944824218750e+01
-7.319199442863464355e-01 7.235096931457519531e+00 1.345549678802490234e+01
-8.028779625892639160e-01 7.098154067993164062e+00 1.336060619354248047e+01
-8.837520480155944824e-01 6.962239742279052734e+00 1.327848911285400391e+01
-9.757419228553771973e-01 6.828278064727783203e+00 1.321077632904052734e+01
-1.065816164016723633e+00 6.692805290222167969e+00 1.315308570861816406e+01
-1.152747154235839844e+00 6.556259632110595703e+00 1.310614013671875000e+01
-1.235280275344848633e+00 6.419203758239746094e+00 1.307070446014404297e+01
-1.312151432037353516e+00 6.282320976257324219e+00 1.304757595062255859e+01
-1.382132291793823242e+00 6.146415233612060547e+00 1.303759956359863281e+01
-1.419126272201538086e+00 6.040642738342285156e+00 1.306066513061523438e+01
-1.378791809082031250e+00 6.015074253082275391e+00 1.315071487426757812e+01
-1.328440189361572266e+00 5.993247032165527344e+00 1.325647830963134766e+01
-1.325835704803466797e+00 5.954241275787353516e+00 1.340072441101074219e+01
-1.317198514938354492e+00 5.865147113800048828e+00 1.352013206481933594e+01
-1.200597047805786133e+00 5.672713756561279297e+00 1.352405166625976562e+01
-1.056209325790405273e+00 5.477879047393798828e+00 1.354560661315917969e+01
-9.066838622093200684e-01 5.287063598632812500e+00 1.358643341064453125e+01
-7.525026202201843262e-01 5.101148605346679688e+00 1.364735794067382812e+01
-6.093582510948181152e-01 4.911370277404785156e+00 1.372562313079833984e+01
-2.784220576286315918e-01 4.623604774475097656e+00 1.371888923645019531e+01
-4.666268825531005859e-03 4.387809753417968750e+00 1.370127677917480469e+01
2.029996514320373535e-01 4.226345062255859375e+00 1.364619541168212891e+01
3.592169880867004395e-01 3.842055320739746094e+00 1.333418655395507812e+01
5.100927948951721191e-01 3.476614475250244141e+00 1.305516147613525391e+01
6.552782654762268066e-01 3.130723953247070312e+00 1.280960845947265625e+01
7.945964932441711426e-01 2.804821968078613281e+00 1.259749984741210938e+01
9.269059300422668457e-01 2.501515388488769531e+00 1.242528724670410156e+01
1.051439523696899414e+00 2.222734451293945312e+00 1.229762840270996094e+01
1.110985994338989258e+00 2.000814914703369141e+00 1.228296089172363281e+01
1.163691282272338867e+00 1.812710165977478027e+00 1.231850433349609375e+01
1.218646764755249023e+00 1.635535120964050293e+00 1.236605644226074219e+01
1.276215314865112305e+00 1.468723654747009277e+00 1.242281627655029297e+01
1.321067094802856445e+00 1.310294985771179199e+00 1.249309635162353516e+01
1.355694532394409180e+00 1.159703612327575684e+00 1.257229995727539062e+01
1.399682760238647461e+00 1.017779231071472168e+00 1.264728164672851562e+01
1.452956438064575195e+00 8.837050199508666992e-01 1.271399974822998047e+01
1.515368223190307617e+00 7.566460371017456055e-01 1.276814842224121094e+01
1.586730718612670898e+00 6.358102560043334961e-01 1.280524063110351562e+01
1.666768789291381836e+00 5.204418897628784180e-01 1.282067489624023438e+01
1.755118131637573242e+00 4.098633527755737305e-01 1.280982398986816406e+01
1.851280927658081055e+00 3.034843206405639648e-01 1.276815414428710938e+01
1.954643011093139648e+00 2.008203268051147461e-01 1.269130325317382812e+01
2.064430475234985352e+00 1.015099287033081055e-01 1.257522773742675781e+01
2.179689645767211914e+00 5.333781242370605469e-03 1.241631889343261719e+01
2.299286603927612305e+00 -8.779108524322509766e-02 1.221150779724121094e+01
2.416309118270874023e+00 -1.707397699356079102e-01 1.196666145324707031e+01
2.440393686294555664e+00 -1.652842760086059570e-01 1.178745079040527344e+01
2.443574190139770508e+00 -1.443887948989868164e-01 1.157815933227539062e+01
2.444270849227905273e+00 -1.191626787185668945e-01 1.131886672973632812e+01
2.441561937332153320e+00 -9.001219272613525391e-02 1.100953006744384766e+01
2.434576272964477539e+00 -5.740892887115478516e-02 1.065098190307617188e+01
2.422512769699096680e+00 -2.189218997955322266e-02 1.024497985839843750e+01
2.405139207839965820e+00 1.592481136322021484e-02 9.795729637145996094e+00
2.377701044082641602e+00 5.232942104339599609e-02 9.315922737121582031e+00
2.327636718750000000e+00 8.139216899871826172e-02 8.810750007629394531e+00
2.271087884902954102e+00 1.111663579940795898e-01 8.273266792297363281e+00
2.178468704223632812e+00 1.256924867630004883e-01 7.716948509216308594e+00
2.093017816543579102e+00 1.458979845046997070e-01 7.163948535919189453e+00
1.998502492904663086e+00 1.625193357467651367e-01 6.611923694610595703e+00
1.899388551712036133e+00 1.779721975326538086e-01 6.048840045928955078e+00
1.793142318725585938e+00 1.898373365402221680e-01 5.482687473297119141e+00
1.684505701065063477e+00 1.999002695083618164e-01 4.920843601226806641e+00
1.574731588363647461e+00 2.079297304153442383e-01 4.370957851409912109e+00
1.465071678161621094e+00 2.137384414672851562e-01 3.840330839157104492e+00
1.356726169586181641e+00 2.171807289123535156e-01 3.335669755935668945e+00
1.250807046890258789e+00 2.181650400161743164e-01 2.862828016281127930e+00
1.148295879364013672e+00 2.166581153869628906e-01 2.426581382751464844e+00
1.050024986267089844e+00 2.126954793930053711e-01 2.030436754226684570e+00
9.565812945365905762e-01 2.063531279563903809e-01 1.676496148109436035e+00
8.686527609825134277e-01 1.980360746383666992e-01 1.366026759147644043e+00
7.886058688163757324e-01 1.899943053722381592e-01 1.102099061012268066e+00
