8.402029871940612793e-01 5.256600379943847656e-01 -1.331932544708251953e-01
8.491255640983581543e-01 5.183234214782714844e-01 -1.016197949647903442e-01
8.532246351242065430e-01 5.188547968864440918e-01 -5.289037898182868958e-02
8.531143665313720703e-01 5.213039517402648926e-01 -2.092947438359260559e-02
8.521717190742492676e-01 5.232548713684082031e-01 2.780784154310822487e-03
8.504782915115356445e-01 5.253829360008239746e-01 2.567793242633342743e-02
8.480670452117919922e-01 5.276594161987304688e-01 4.855769127607345581e-02
8.448448181152343750e-01 5.302442908287048340e-01 7.126186788082122803e-02
8.406951427459716797e-01 5.333456397056579590e-01 9.367045015096664429e-02
8.355490565299987793e-01 5.371034145355224609e-01 1.156622618436813354e-01
8.293887972831726074e-01 5.415809750556945801e-01 1.371288448572158813e-01
8.222495913505554199e-01 5.467597246170043945e-01 1.579856425523757935e-01
8.142216801643371582e-01 5.525380969047546387e-01 1.781704276800155640e-01
8.054432868957519531e-01 5.587430596351623535e-01 1.976542621850967407e-01
7.961000204086303711e-01 5.651370882987976074e-01 2.164366096258163452e-01
7.864119410514831543e-01 5.714420676231384277e-01 2.345425635576248169e-01
7.766210436820983887e-01 5.773606896400451660e-01 2.520206272602081299e-01
7.669829130172729492e-01 5.825927853584289551e-01 2.689290344715118408e-01
7.577445507049560547e-01 5.868629217147827148e-01 2.853333055973052979e-01
7.491385936737060547e-01 5.899246931076049805e-01 3.012974262237548828e-01
7.413650155067443848e-01 5.915806889533996582e-01 3.168756961822509766e-01
7.345842123031616211e-01 5.916818976402282715e-01 3.321124017238616943e-01
7.289083600044250488e-01 5.901325941085815430e-01 3.470391035079956055e-01
7.243993878364562988e-01 5.868850350379943848e-01 3.616786599159240723e-01
7.210693955421447754e-01 5.819351673126220703e-01 3.760456442832946777e-01
7.188790440559387207e-01 5.753180384635925293e-01 3.901565670967102051e-01
7.177428603172302246e-01 5.671002268791198730e-01 4.040328562259674072e-01
7.175338268280029297e-01 5.573710203170776367e-01 4.177112877368927002e-01
7.180882096290588379e-01 5.462370514869689941e-01 4.312475323677062988e-01
7.192079424858093262e-01 5.338132977485656738e-01 4.447282552719116211e-01
7.206695079803466797e-01 5.202156305313110352e-01 4.582698345184326172e-01
7.222194671630859375e-01 5.055581331253051758e-01 4.720274806022644043e-01
7.235803008079528809e-01 4.899404346942901611e-01 4.861994087696075439e-01
7.244473695755004883e-01 4.734473824501037598e-01 5.010225772857666016e-01
7.244765758514404297e-01 4.561422169208526611e-01 5.167862176895141602e-01
7.232842445373535156e-01 4.380583465099334717e-01 5.338209271430969238e-01
7.204187512397766113e-01 4.191993772983551025e-01 5.525112152099609375e-01
7.153434157371520996e-01 3.995256721973419189e-01 5.732914805412292480e-01
7.073913216590881348e-01 3.789553344249725342e-01 5.966493487358093262e-01
6.957159042358398438e-01 3.573488593101501465e-01 6.231220364570617676e-01
6.792129874229431152e-01 3.345032036304473877e-01 6.532819271087646484e-01
6.564120054244995117e-01 3.101347088813781738e-01 6.877061128616333008e-01
6.253392696380615234e-01 2.838699221611022949e-01 7.268896698951721191e-01
5.833424329757690430e-01 2.552382946014404297e-01 7.710804343223571777e-01
5.269293785095214844e-01 2.236867547035217285e-01 8.199449777603149414e-01
4.517337083816528320e-01 1.886546611785888672e-01 8.719781637191772461e-01
3.529294133186340332e-01 1.497925966978073120e-01 9.235816001892089844e-01
2.266138046979904175e-01 1.073942482471466064e-01 9.680457711219787598e-01
7.266187667846679688e-02 6.306432187557220459e-02 9.953608512878417969e-01
-1.017855703830718994e-01 2.023656107485294342e-02 9.946005344390869141e-01
-2.815087735652923584e-01 -1.631376706063747406e-02 9.594199657440185547e-01
-4.483276009559631348e-01 -4.228102788329124451e-02 8.928688168525695801e-01
-5.891404747962951660e-01 -5.566306784749031067e-02 8.061110973358154297e-01
-6.997452378273010254e-01 -5.699225142598152161e-02 7.121154665946960449e-01
-7.827112674713134766e-01 -4.821324720978736877e-02 6.205148100852966309e-01
-8.433684706687927246e-01 -3.151306882500648499e-02 5.364108681678771973e-01
-8.870807290077209473e-01 -8.727633394300937653e-03 4.615316987037658691e-01
-9.181756973266601562e-01 1.877776719629764557e-02 3.957281112670898438e-01
-9.398071765899658203e-01 5.002836138010025024e-02 3.380230367183685303e-01
-9.541581273078918457e-01 8.431410789489746094e-02 2.871816158294677734e-01
-9.626956582069396973e-01 1.210879683494567871e-01 2.419808357954025269e-01
-9.663911461830139160e-01 1.598866730928421021e-01 2.013065665960311890e-01
-9.658842086791992188e-01 2.002788633108139038e-01 1.641830205917358398e-01
-9.616003632545471191e-01 2.418349683284759521e-01 1.297706812620162964e-01
-9.538370966911315918e-01 2.841081917285919189e-01 9.735131263732910156e-02
-9.428238272666931152e-01 3.266277313232421875e-01 6.631358712911605835e-02
-9.287645816802978516e-01 3.689037263393402100e-01 3.614506125450134277e-02
-9.118674993515014648e-01 4.104345142841339111e-01 6.421963218599557877e-03
-8.923642039299011230e-01 4.507198333740234375e-01 -2.318944968283176422e-02
-8.705189228057861328e-01 4.892788231372833252e-01 -5.294379219412803650e-02
-8.466289043426513672e-01 5.256692171096801758e-01 -8.301442861557006836e-02
-8.210235834121704102e-01 5.594983100891113281e-01 -1.134987995028495789e-01
-7.940543889999389648e-01 5.904386639595031738e-01 -1.444288939237594604e-01
-7.660827636718750000e-01 6.182390451431274414e-01 -1.757773309946060181e-01
-7.374686598777770996e-01 6.427242755889892578e-01 -2.074740976095199585e-01
-7.085567116737365723e-01 6.637974381446838379e-01 -2.394166439771652222e-01
-6.796631813049316406e-01 6.814326643943786621e-01 -2.714912891387939453e-01
-6.510662436485290527e-01 6.956641674041748047e-01 -3.035855293273925781e-01
-6.229971051216125488e-01 7.065719962120056152e-01 -3.356047868728637695e-01
-5.956329703330993652e-01 7.142657041549682617e-01 -3.674858212471008301e-01
-5.690893530845642090e-01 7.188667654991149902e-01 -3.992089927196502686e-01
-5.434216856956481934e-01 7.204844951629638672e-01 -4.308072924613952637e-01
-5.186179876327514648e-01 7.191990613937377930e-01 -4.623723030090332031e-01
-4.945952296257019043e-01 7.150369286537170410e-01 -4.940625727176666260e-01
-4.711957871913909912e-01 7.079445123672485352e-01 -5.261075496673583984e-01
-4.481776058673858643e-01 6.977593898773193359e-01 -5.588099956512451172e-01
-4.251997172832489014e-01 6.841721534729003906e-01 -5.925484299659729004e-01
-4.018014967441558838e-01 6.666769981384277344e-01 -6.277716755867004395e-01
-3.773745894432067871e-01 6.445078849792480469e-01 -6.649797558784484863e-01
-3.511182367801666260e-01 6.165531873703002930e-01 -7.046830058097839355e-01
-3.219909965991973877e-01 5.812504887580871582e-01 -7.473082542419433594e-01
-2.886596322059631348e-01 5.364814996719360352e-01 -7.930089831352233887e-01
-2.494896352291107178e-01 4.795092642307281494e-01 -8.413237333297729492e-01
-2.026400268077850342e-01 4.071110188961029053e-01 -8.906164765357971191e-01
-1.464271545410156250e-01 3.161574006080627441e-01 -9.373385906219482422e-01
-8.011943101882934570e-02 2.050013542175292969e-01 -9.754769802093505859e-01
-5.123344715684652328e-03 7.565163075923919678e-02 -9.971211552619934082e-01
7.414874434471130371e-02 -6.442733108997344971e-02 -9.951638579368591309e-01
1.509974449872970581e-01 -2.032435536384582520e-01 -9.674149751663208008e-01
2.189844399690628052e-01 -3.286857903003692627e-01 -9.187009930610656738e-01
2.744239866733551025e-01 -4.332032799720764160e-01 -8.585023880004882812e-01
3.168731331825256348e-01 -5.150978565216064453e-01 -7.964079380035400391e-01
3.479509651660919189e-01 -5.766770839691162109e-01 -7.391709089279174805e-01
3.699467480182647705e-01 -6.217778325080871582e-01 -6.903127431869506836e-01
3.849852681159973145e-01 -6.541919708251953125e-01 -6.510140299797058105e-01
3.947276771068572998e-01 -6.770371794700622559e-01 -6.211366057395935059e-01
4.003560245037078857e-01 -6.926627159118652344e-01 -5.999444723129272461e-01
4.026625454425811768e-01 -7.027660608291625977e-01 -5.865004062652587891e-01
4.021427333354949951e-01 -7.085459828376770020e-01 -5.798653960227966309e-01
3.990779519081115723e-01 -7.108409404754638672e-01 -5.791735649108886719e-01
3.935958743095397949e-01 -7.102337479591369629e-01 -5.836526155471801758e-01
3.857156932353973389e-01 -7.071291208267211914e-01 -5.926144123077392578e-01
3.753742277622222900e-01 -7.018100619316101074e-01 -6.054393649101257324e-01
3.624605238437652588e-01 -6.944759488105773926e-01 -6.215509176254272461e-01
3.468188643455505371e-01 -6.852740645408630371e-01 -6.404031515121459961e-01
3.282745480537414551e-01 -6.743180751800537109e-01 -6.614612340927124023e-01
3.066422939300537109e-01 -6.617081761360168457e-01 -6.841877102851867676e-01
2.817382812500000000e-01 -6.475352644920349121e-01 -7.080407142639160156e-01
2.533869743347167969e-01 -6.318943500518798828e-01 -7.324647307395935059e-01
2.214417308568954468e-01 -6.148796081542968750e-01 -7.568928003311157227e-01
1.857874840497970581e-01 -5.965873003005981445e-01 -7.807474732398986816e-01
1.463610082864761353e-01 -5.771068334579467773e-01 -8.034464716911315918e-01
1.031668335199356079e-01 -5.565124750137329102e-01 -8.244091868400573730e-01
5.630192533135414124e-02 -5.348613262176513672e-01 -8.430618643760681152e-01
5.972938146442174911e-03 -5.121795535087585449e-01 -8.588576316833496094e-01
-4.747728630900382996e-02 -4.884670674800872803e-01 -8.712896704673767090e-01
-1.035533174872398376e-01 -4.636970460414886475e-01 -8.799214959144592285e-01
-1.616035997867584229e-01 -4.378252029418945312e-01 -8.844169378280639648e-01
-2.208353579044342041e-01 -4.108035862445831299e-01 -8.845745921134948730e-01
-2.803516983985900879e-01 -3.825922012329101562e-01 -8.803556561470031738e-01
-3.392099738121032715e-01 -3.531692326068878174e-01 -8.718991279602050781e-01
-3.964934051036834717e-01 -3.225349783897399902e-01 -8.595138788223266602e-01
-4.513808488845825195e-01 -2.907079458236694336e-01 -8.436493873596191406e-01
-5.032017827033996582e-01 -2.577196061611175537e-01 -8.248445391654968262e-01
-5.514677762985229492e-01 -2.235985696315765381e-01 -8.036708831787109375e-01
-5.958700776100158691e-01 -1.883671283721923828e-01 -7.806771397590637207e-01
-6.362643241882324219e-01 -1.520304083824157715e-01 -7.563428282737731934e-01
-6.726285815238952637e-01 -1.145841181278228760e-01 -7.310548424720764160e-01
-7.050201296806335449e-01 -7.601492851972579956e-02 -7.051016688346862793e-01
-7.335367798805236816e-01 -3.631669655442237854e-02 -6.786787509918212891e-01
-7.582792043685913086e-01 4.497100133448839188e-03 -6.519144773483276367e-01
-7.793313264846801758e-01 4.638139531016349792e-02 -6.248930692672729492e-01
-7.967464327812194824e-01 8.924233913421630859e-02 -5.976880192756652832e-01
-8.105478286743164062e-01 1.329295635223388672e-01 -5.703875422477722168e-01
-8.207362890243530273e-01 1.772285103797912598e-01 -5.431224107742309570e-01
-8.273077607154846191e-01 2.218637317419052124e-01 -5.160797834396362305e-01
-8.302704095840454102e-01 2.665039002895355225e-01 -4.895167946815490723e-01
-8.296678662300109863e-01 3.107751607894897461e-01 -4.637563526630401611e-01
-8.255948424339294434e-01 3.542797565460205078e-01 -4.391798675060272217e-01
-8.182089328765869141e-01 3.966189920902252197e-01 -4.162062108516693115e-01
-8.077341914176940918e-01 4.374116063117980957e-01 -3.952677845954895020e-01
-7.944560050964355469e-01 4.763143360614776611e-01 -3.767815232276916504e-01
-7.787080407142639160e-01 5.130355954170227051e-01 -3.611207902431488037e-01
-7.608589529991149902e-01 5.473369956016540527e-01 -3.485913574695587158e-01
-7.412894368171691895e-01 5.790409445762634277e-01 -3.394135534763336182e-01
-7.203800678253173828e-01 6.080206632614135742e-01 -3.337116539478302002e-01
-6.984941363334655762e-01 6.341978907585144043e-01 -3.315101861953735352e-01
-6.759692430496215820e-01 6.575341820716857910e-01 -3.327377736568450928e-01
-6.531111001968383789e-01 6.780246496200561523e-01 -3.372365236282348633e-01
-6.301892399787902832e-01 6.956938505172729492e-01 -3.447776734828948975e-01
-6.074386835098266602e-01 7.105897068977355957e-01 -3.550781011581420898e-01
-5.850576758384704590e-01 7.227841019630432129e-01 -3.678187429904937744e-01
-5.632087588310241699e-01 7.323679327964782715e-01 -3.826658427715301514e-01
-5.420222878456115723e-01 7.394458651542663574e-01 -3.992888629436492920e-01
-5.215937495231628418e-01 7.441354990005493164e-01 -4.173755347728729248e-01
-5.019869804382324219e-01 7.465584278106689453e-01 -4.366458356380462646e-01
-4.832356572151184082e-01 7.468330264091491699e-01 -4.568629562854766846e-01
-4.653427302837371826e-01 7.450699210166931152e-01 -4.778357744216918945e-01
-4.482830464839935303e-01 7.413617372512817383e-01 -4.994247853755950928e-01
-4.320068061351776123e-01 7.357761263847351074e-01 -5.215396881103515625e-01
-4.164387285709381104e-01 7.283505201339721680e-01 -5.441362261772155762e-01
-4.014829993247985840e-01 7.190854549407958984e-01 -5.672103166580200195e-01
-3.870215117931365967e-01 7.079397439956665039e-01 -5.907923579216003418e-01
-3.729190826416015625e-01 6.948271989822387695e-01 -6.149361729621887207e-01
-3.590219914913177490e-01 6.796150207519531250e-01 -6.397082805633544922e-01
-3.451596498489379883e-01 6.621238589286804199e-01 -6.651742458343505859e-01
-3.311479091644287109e-01 6.421300172805786133e-01 -6.913827657699584961e-01
-3.167884051799774170e-01 6.193736195564270020e-01 -7.183462977409362793e-01
-3.018729984760284424e-01 5.935701131820678711e-01 -7.460209131240844727e-01
-2.861903011798858643e-01 5.644288063049316406e-01 -7.742836475372314453e-01
-2.695331871509552002e-01 5.316814184188842773e-01 -8.029114007949829102e-01
-2.517104446887969971e-01 4.951157271862030029e-01 -8.315661549568176270e-01
-2.325630635023117065e-01 4.546143710613250732e-01 -8.597908020019531250e-01
-2.119820266962051392e-01 4.101993143558502197e-01 -8.870176076889038086e-01
-1.899240761995315552e-01 3.620633482933044434e-01 -9.126001596450805664e-01
-1.664296239614486694e-01 3.105898201465606689e-01 -9.358606934547424316e-01
-1.416258364915847778e-01 2.563425302505493164e-01 -9.561541080474853516e-01
-1.157252714037895203e-01 2.000341117382049561e-01 -9.729306697845458984e-01
-8.900997042655944824e-02 1.424616724252700806e-01 -9.857899546623229980e-01
-6.181243062019348145e-02 8.443733304738998413e-02 -9.945096373558044434e-01
-3.449019417166709900e-02 2.671821974217891693e-02 -9.990479350090026855e-01
-7.397240493446588516e-03 -3.004752285778522491e-02 -9.995210766792297363e-01
1.913178339600563049e-02 -8.534351736307144165e-02 -9.961678385734558105e-01
4.480087012052536011e-02 -1.387821435928344727e-01 -9.893090724945068359e-01
6.935579329729080200e-02 -1.900848150253295898e-01 -9.793148040771484375e-01
9.259997308254241943e-02 -2.390468865633010864e-01 -9.665825366973876953e-01
1.144008338451385498e-01 -2.854982316493988037e-01 -9.515267610549926758e-01
1.346965134143829346e-01 -3.292781114578247070e-01 -9.345762729644775391e-01
1.535066217184066772e-01 -3.702138066291809082e-01 -9.161754250526428223e-01
1.709389835596084595e-01 -4.081164002418518066e-01 -8.967836499214172363e-01
1.871923357248306274e-01 -4.427900314331054688e-01 -8.768672347068786621e-01
2.025494277477264404e-01 -4.740363955497741699e-01 -8.568916320800781250e-01
2.173684686422348022e-01 -5.016782283782958984e-01 -8.372992277145385742e-01
2.320597022771835327e-01 -5.255720615386962891e-01 -8.184878230094909668e-01
2.470638453960418701e-01 -5.456114411354064941e-01 -8.007919192314147949e-01
2.628235220909118652e-01 -5.617362260818481445e-01 -7.844591736793518066e-01
2.797503173351287842e-01 -5.739253759384155273e-01 -7.696423530578613281e-01
2.981993257999420166e-01 -5.821944475173950195e-01 -7.563906908035278320e-01
3.184520006179809570e-01 -5.865823626518249512e-01 -7.446538805961608887e-01
3.406805694103240967e-01 -5.871541500091552734e-01 -7.342934608459472656e-01
3.649567067623138428e-01 -5.839921236038208008e-01 -7.250929474830627441e-01
3.912352621555328369e-01 -5.772022008895874023e-01 -7.167792916297912598e-01
4.193573594093322754e-01 -5.669165849685668945e-01 -7.090451717376708984e-01
4.490604698657989502e-01 -5.533011555671691895e-01 -7.015714645385742188e-01
4.800014793872833252e-01 -5.365583896636962891e-01 -6.940487623214721680e-01
5.117761492729187012e-01 -5.169355869293212891e-01 -6.861943602561950684e-01
5.439522862434387207e-01 -4.947159588336944580e-01 -6.777698397636413574e-01
5.760963559150695801e-01 -4.702154397964477539e-01 -6.685883998870849609e-01
6.078031063079833984e-01 -4.437694549560546875e-01 -6.585165858268737793e-01
6.387162804603576660e-01 -4.157191514968872070e-01 -6.474713087081909180e-01
6.685465574264526367e-01 -3.863925635814666748e-01 -6.354103684425354004e-01
6.970757246017456055e-01 -3.560943007469177246e-01 -6.223200559616088867e-01
7.241575717926025391e-01 -3.250924348831176758e-01 -6.082028746604919434e-01
7.497087121009826660e-01 -2.936120629310607910e-01 -5.930672883987426758e-01
7.737005352973937988e-01 -2.618354260921478271e-01 -5.769139528274536133e-01
7.961429953575134277e-01 -2.299040257930755615e-01 -5.597325563430786133e-01
8.170686960220336914e-01 -1.979236006736755371e-01 -5.415024161338806152e-01
8.365241289138793945e-01 -1.659742444753646851e-01 -5.221876502037048340e-01
8.545523881912231445e-01 -1.341232508420944214e-01 -5.017482042312622070e-01
8.711871504783630371e-01 -1.024305373430252075e-01 -4.801468849182128906e-01
8.864450454711914062e-01 -7.096442580223083496e-02 -4.573610126972198486e-01
9.003235697746276855e-01 -3.980894014239311218e-02 -4.333966076374053955e-01
9.128035306930541992e-01 -9.072856977581977844e-03 -4.082979559898376465e-01
9.238512516021728516e-01 2.110588364303112030e-02 -3.821692168712615967e-01
9.334318041801452637e-01 5.055894702672958374e-02 -3.551745712757110596e-01
9.415178298950195312e-01 7.909114658832550049e-02 -3.275496363639831543e-01
9.481037259101867676e-01 1.064892485737800598e-01 -2.995985150337219238e-01
9.532172679901123047e-01 1.325338333845138550e-01 -2.716831266880035400e-01
9.569271206855773926e-01 1.570118814706802368e-01 -2.442084699869155884e-01
9.593454599380493164e-01 1.797369718551635742e-01 -2.176026403903961182e-01
9.606254100799560547e-01 2.005580365657806396e-01 -1.922896504402160645e-01
9.609505534172058105e-01 2.193728238344192505e-01 -1.686697751283645630e-01
9.605223536491394043e-01 2.361323088407516479e-01 -1.470997631549835205e-01
9.595443606376647949e-01 2.508415579795837402e-01 -1.278792321681976318e-01
9.582073688507080078e-01 2.635585963726043701e-01 -1.112455204129219055e-01
9.566773176193237305e-01 2.743844687938690186e-01 -9.737332165241241455e-02
9.550856947898864746e-01 2.834604680538177490e-01 -8.637987822294235229e-02
9.535242915153503418e-01 2.909556329250335693e-01 -7.833383232355117798e-02
9.520430564880371094e-01 2.970632910728454590e-01 -7.326286286115646362e-02
9.506503939628601074e-01 3.019926846027374268e-01 -7.116433233022689819e-02
9.493152499198913574e-01 3.059654533863067627e-01 -7.201173156499862671e-02
9.479709863662719727e-01 3.092106878757476807e-01 -7.576128095388412476e-02
9.465180635452270508e-01 3.119638264179229736e-01 -8.235329389572143555e-02
9.448292255401611328e-01 3.144618868827819824e-01 -9.171363711357116699e-02
9.427528381347656250e-01 3.169434070587158203e-01 -1.037501618266105652e-01
9.401180744171142578e-01 3.196434080600738525e-01 -1.183476373553276062e-01
9.367413520812988281e-01 3.227890133857727051e-01 -1.353623420000076294e-01
9.324324131011962891e-01 3.265963494777679443e-01 -1.546109318733215332e-01
9.270033240318298340e-01 3.312647938728332520e-01 -1.758645325899124146e-01
9.202812910079956055e-01 3.369655609130859375e-01 -1.988379210233688354e-01
9.121205806732177734e-01 3.438383936882019043e-01 -2.231844067573547363e-01
9.024198055267333984e-01 3.519799411296844482e-01 -2.484928369522094727e-01
8.911381363868713379e-01 3.614378273487091064e-01 -2.742908895015716553e-01
8.783122301101684570e-01 3.722028434276580811e-01 -3.000545501708984375e-01
8.640669584274291992e-01 3.842072486877441406e-01 -3.252277374267578125e-01
8.486220836639404297e-01 3.973258137702941895e-01 -3.492459356784820557e-01
8.322897553443908691e-01 4.113764464855194092e-01 -3.715685009956359863e-01
8.154594898223876953e-01 4.261345565319061279e-01 -3.917080163955688477e-01
7.985784411430358887e-01 4.413367509841918945e-01 -4.092606604099273682e-01
7.821161746978759766e-01 4.567026495933532715e-01 -4.239303767681121826e-01
7.665376663208007812e-01 4.719378948211669922e-01 -4.355395138263702393e-01
7.522661089897155762e-01 4.867541491985321045e-01 -4.440338909626007080e-01
7.396587133407592773e-01 5.008748769760131836e-01 -4.494766592979431152e-01
7.289875745773315430e-01 5.140449404716491699e-01 -4.520342350006103516e-01
7.204280495643615723e-01 5.260389447212219238e-01 -4.519584476947784424e-01
7.140594720840454102e-01 5.366662144660949707e-01 -4.495647251605987549e-01
7.098708748817443848e-01 5.457749962806701660e-01 -4.452112317085266113e-01
7.077730894088745117e-01 5.532576441764831543e-01 -4.392758309841156006e-01
7.076113820075988770e-01 5.590540766716003418e-01 -4.321395456790924072e-01
7.091811299324035645e-01 5.631563663482666016e-01 -4.241662621498107910e-01
7.122468352317810059e-01 5.656064748764038086e-01 -4.156846404075622559e-01
7.165498137474060059e-01 5.665037035942077637e-01 -4.069765508174896240e-01
7.218230366706848145e-01 5.660012364387512207e-01 -3.982639014720916748e-01
7.278019189834594727e-01 5.643028616905212402e-01 -3.897007107734680176e-01
7.342265844345092773e-01 5.616689324378967285e-01 -3.813651800155639648e-01
7.408541440963745117e-01 5.584039688110351562e-01 -3.732562363147735596e-01
7.474556565284729004e-01 5.548614263534545898e-01 -3.652928471565246582e-01
7.538257241249084473e-01 5.514261722564697266e-01 -3.573177754878997803e-01
7.597775459289550781e-01 5.485104322433471680e-01 -3.491049706935882568e-01
7.651476263999938965e-01 5.465329885482788086e-01 -3.403684198856353760e-01
7.697891592979431152e-01 5.459038615226745605e-01 -3.307773768901824951e-01
7.735733389854431152e-01 5.469914674758911133e-01 -3.199761509895324707e-01
7.763794660568237305e-01 5.501030087471008301e-01 -3.076061308383941650e-01
7.780920863151550293e-01 5.554541349411010742e-01 -2.933313250541687012e-01
7.786004543304443359e-01 5.631392002105712891e-01 -2.768672108650207520e-01
7.777974605560302734e-01 5.731149315834045410e-01 -2.580123245716094971e-01
7.755866050720214844e-01 5.851937532424926758e-01 -2.366719841957092285e-01
7.718956470489501953e-01 5.990471243858337402e-01 -2.128837406635284424e-01
7.666909098625183105e-01 6.142327785491943359e-01 -1.868237704038619995e-01
7.599961161613464355e-01 6.302275061607360840e-01 -1.588059216737747192e-01
7.518996000289916992e-01 6.464818716049194336e-01 -1.292600929737091064e-01
7.425619959831237793e-01 6.624653339385986328e-01 -9.869834035634994507e-02
7.322037816047668457e-01 6.777160763740539551e-01 -6.766490638256072998e-02
7.210879921913146973e-01 6.918709874153137207e-01 -3.669653460383415222e-02
7.094973325729370117e-01 7.046801447868347168e-01 -6.276807747781276703e-03
6.977061629295349121e-01 7.160086631774902344e-01 2.318990975618362427e-02
6.859614253044128418e-01 7.258203029632568359e-01 5.139897391200065613e-02
6.744649410247802734e-01 7.341599464416503906e-01 7.814256101846694946e-02
6.633638143539428711e-01 7.411319017410278320e-01 1.033051460981369019e-01
6.527506709098815918e-01 7.468767166137695312e-01 1.268531978130340576e-01
6.426644325256347656e-01 7.515561580657958984e-01 1.488144993782043457e-01
6.330952644348144531e-01 7.553400993347167969e-01 1.692683249711990356e-01
6.239915490150451660e-01 7.583975195884704590e-01 1.883287727832794189e-01
6.152654290199279785e-01 7.608919739723205566e-01 2.061354517936706543e-01
6.067993044853210449e-01 7.629777193069458008e-01 2.228444367647171021e-01
5.984504222869873047e-01 7.647985219955444336e-01 2.386217862367630005e-01
5.900481343269348145e-01 7.664915919303894043e-01 2.536409795284271240e-01
5.814040303230285645e-01 7.681815624237060547e-01 2.680790722370147705e-01
5.723025202751159668e-01 7.699875235557556152e-01 2.821152806282043457e-01
5.625038743019104004e-01 7.720198631286621094e-01 2.959304451942443848e-01
5.517395138740539551e-01 7.743811607360839844e-01 3.097051084041595459e-01
5.397077798843383789e-01 7.771654129028320312e-01 3.236194252967834473e-01
5.260695815086364746e-01 7.804536223411560059e-01 3.378506004810333252e-01
5.104438662528991699e-01 7.843102216720581055e-01 3.525685667991638184e-01
4.924044311046600342e-01 7.887743711471557617e-01 3.679305911064147949e-01
4.714809060096740723e-01 7.938479781150817871e-01 3.840717077255249023e-01
4.471663832664489746e-01 7.994809746742248535e-01 4.010889530181884766e-01
4.189333915710449219e-01 8.055508732795715332e-01 4.190258085727691650e-01
3.862668871879577637e-01 8.118427395820617676e-01 4.378461241722106934e-01
3.487166762351989746e-01 8.180299997329711914e-01 4.574095606803894043e-01
3.059729933738708496e-01 8.236659765243530273e-01 4.774460792541503906e-01
2.579585015773773193e-01 8.281950950622558594e-01 4.975442290306091309e-01
2.049288302659988403e-01 8.309928178787231445e-01 5.171605348587036133e-01
1.475497782230377197e-01 8.314456343650817871e-01 5.356559157371520996e-01
8.692374825477600098e-02 8.290511965751647949e-01 5.523751378059387207e-01
2.452380210161209106e-02 8.235312700271606445e-01 5.667405128479003906e-01
-3.795469552278518677e-02 8.149046897888183594e-01 5.783509612083435059e-01
-9.880694746971130371e-02 8.035061359405517578e-01 5.870391726493835449e-01
-1.565336287021636963e-01 7.899307608604431152e-01 5.928798913955688477e-01
-2.099981606006622314e-01 7.749267816543579102e-01 5.961453914642333984e-01
-2.584957778453826904e-01 7.592798471450805664e-01 5.972219109535217285e-01
-3.017381131649017334e-01 7.437127232551574707e-01 5.965278148651123047e-01
-3.397773206233978271e-01 7.288274765014648438e-01 5.944426059722900391e-01
-3.729108870029449463e-01 7.150831222534179688e-01 5.912644267082214355e-01
-4.015852808952331543e-01 7.028073668479919434e-01 5.871890187263488770e-01
-4.263227880001068115e-01 6.922185420989990234e-01 5.823079347610473633e-01
-4.476621150970458984e-01 6.834542155265808105e-01 5.766186714172363281e-01
-4.661257863044738770e-01 6.765995025634765625e-01 5.700350403785705566e-01
-4.821961820125579834e-01 6.717072725296020508e-01 5.624021887779235840e-01
-4.963049590587615967e-01 6.688126325607299805e-01 5.535079836845397949e-01
-5.088271498680114746e-01 6.679404973983764648e-01 5.430935025215148926e-01
-5.200780034065246582e-01 6.691069006919860840e-01 5.308623313903808594e-01
-5.303112268447875977e-01 6.723180413246154785e-01 5.164865851402282715e-01
-5.397162437438964844e-01 6.775598526000976562e-01 4.996188879013061523e-01
-5.484164953231811523e-01 6.847888231277465820e-01 4.798997044563293457e-01
-5.564686655998229980e-01 6.939157843589782715e-01 4.569720625877380371e-01
-5.638573765754699707e-01 7.047929167747497559e-01 4.305017590522766113e-01
-5.704987049102783203e-01 7.171972990036010742e-01 4.001990556716918945e-01
-5.762426853179931641e-01 7.308183312416076660e-01 3.658539056777954102e-01
-5.808826088905334473e-01 7.452543973922729492e-01 3.273702561855316162e-01
-5.841749310493469238e-01 7.600168585777282715e-01 2.848051190376281738e-01
-5.858611464500427246e-01 7.745529413223266602e-01 2.383998185396194458e-01
-5.857053995132446289e-01 7.882757186889648438e-01 1.886016279458999634e-01
-5.835276246070861816e-01 8.006140589714050293e-01 1.360611468553543091e-01
-5.792336463928222656e-01 8.110672831535339355e-01 8.159819990396499634e-02
-5.728384256362915039e-01 8.192511200904846191e-01 2.614990994334220886e-02
-5.644673109054565430e-01 8.249347805976867676e-01 -2.931245043873786926e-02
-5.543462634086608887e-01 8.280504345893859863e-01 -8.386088162660598755e-02
-5.427721738815307617e-01 8.286826610565185547e-01 -1.366876065731048584e-01
-5.300773978233337402e-01 8.270376920700073242e-01 -1.871538013219833374e-01
-5.165945291519165039e-01 8.234026432037353516e-01 -2.348152250051498413e-01
-5.026280879974365234e-01 8.181012272834777832e-01 -2.794198989868164062e-01
-4.884324371814727783e-01 8.114569783210754395e-01 -3.208914399147033691e-01
-4.742021560668945312e-01 8.037652373313903809e-01 -3.592962026596069336e-01
-4.600738286972045898e-01 7.952712774276733398e-01 -3.948108255863189697e-01
-4.461295306682586670e-01 7.861599326133728027e-01 -4.276927709579467773e-01
-4.324088394641876221e-01 7.765497565269470215e-01 -4.582499265670776367e-01
-4.189234972000122070e-01 7.664906978607177734e-01 -4.868214428424835205e-01
-4.056717157363891602e-01 7.559638619422912598e-01 -5.137596726417541504e-01
-3.926583826541900635e-01 7.448816299438476562e-01 -5.394169688224792480e-01
-3.799116909503936768e-01 7.330895066261291504e-01 -5.641335844993591309e-01
-3.675050139427185059e-01 7.203688025474548340e-01 -5.882251858711242676e-01
-3.555785119533538818e-01 7.064408659934997559e-01 -6.119683384895324707e-01
-3.443565368652343750e-01 6.909809112548828125e-01 -6.355816721916198730e-01
-3.341672122478485107e-01 6.736354231834411621e-01 -6.592022180557250977e-01
-3.254499435424804688e-01 6.540562510490417480e-01 -6.828563809394836426e-01
-3.187527656555175781e-01 6.319428682327270508e-01 -7.064310908317565918e-01
-3.147116005420684814e-01 6.071061491966247559e-01 -7.296428680419921875e-01
-3.140016794204711914e-01 5.795347690582275391e-01 -7.520255446434020996e-01
-3.172687292098999023e-01 5.494682192802429199e-01 -7.729328870773315430e-01
-3.250363767147064209e-01 5.174418687820434570e-01 -7.915840148925781250e-01
-3.376123607158660889e-01 4.843021035194396973e-01 -8.071365356445312500e-01
-3.550191223621368408e-01 4.511563181877136230e-01 -8.187914490699768066e-01
-3.769627511501312256e-01 4.192677140235900879e-01 -8.259016871452331543e-01
-4.028566777706146240e-01 3.899141848087310791e-01 -8.280539512634277344e-01
-4.318986237049102783e-01 3.642333745956420898e-01 -8.251045942306518555e-01
-4.631745219230651855e-01 3.431010842323303223e-01 -8.171603083610534668e-01
-4.957633316516876221e-01 3.270649611949920654e-01 -8.045167326927185059e-01
-5.288180708885192871e-01 3.163382112979888916e-01 -7.875795364379882812e-01
-5.616144537925720215e-01 3.108361661434173584e-01 -7.667921185493469238e-01
-5.935664176940917969e-01 3.102427423000335693e-01 -7.425822019577026367e-01
-6.242220401763916016e-01 3.140780925750732422e-01 -7.153333425521850586e-01
-6.532381772994995117e-01 3.217627108097076416e-01 -6.853820681571960449e-01
-6.803581714630126953e-01 3.326710462570190430e-01 -6.530257463455200195e-01
-7.053886055946350098e-01 3.461658656597137451e-01 -6.185435056686401367e-01
-7.281807661056518555e-01 3.616271018981933594e-01 -5.822186470031738281e-01
-7.486228942871093750e-01 3.784708082675933838e-01 -5.443562865257263184e-01
-7.666327953338623047e-01 3.961642682552337646e-01 -5.053000450134277344e-01
-7.821600437164306641e-01 4.142367541790008545e-01 -4.654391407966613770e-01
-7.951882481575012207e-01 4.322873353958129883e-01 -4.252096712589263916e-01
-8.057380914688110352e-01 4.499917924404144287e-01 -3.850888609886169434e-01
-8.138704895973205566e-01 4.671048223972320557e-01 -3.455834388732910156e-01
-8.196846246719360352e-01 4.834611117839813232e-01 -3.072172105312347412e-01
-8.233170509338378906e-01 4.989702105522155762e-01 -2.705138027667999268e-01
-8.249335885047912598e-01 5.136114358901977539e-01 -2.359827309846878052e-01
-8.247221708297729492e-01 5.274223685264587402e-01 -2.041054517030715942e-01
-8.228821158409118652e-01 5.404863357543945312e-01 -1.753268092870712280e-01
-8.196132183074951172e-01 5.529199242591857910e-01 -1.500461250543594360e-01
-8.151055574417114258e-01 5.648555159568786621e-01 -1.286127269268035889e-01
-8.095289468765258789e-01 5.764285922050476074e-01 -1.113239005208015442e-01
-8.030272722244262695e-01 5.877591371536254883e-01 -9.841956943273544312e-02
-7.957091331481933594e-01 5.989429950714111328e-01 -9.007965773344039917e-02
-7.876462936401367188e-01 6.100369095802307129e-01 -8.641878515481948853e-02
-7.788749933242797852e-01 6.210485696792602539e-01 -8.747792989015579224e-02
-7.693979144096374512e-01 6.319316029548645020e-01 -9.321574866771697998e-02
-7.591916918754577637e-01 6.425857543945312500e-01 -1.034965142607688904e-01
-7.482186555862426758e-01 6.528588533401489258e-01 -1.180848106741905212e-01
-7.364421486854553223e-01 6.625585556030273438e-01 -1.366349756717681885e-01
-7.238388657569885254e-01 6.714703440666198730e-01 -1.586973816156387329e-01
-7.104161977767944336e-01 6.793770790100097656e-01 -1.837270557880401611e-01
-6.962227821350097656e-01 6.860821247100830078e-01 -2.111048847436904907e-01
-6.813535690307617188e-01 6.914303302764892578e-01 -2.401695698499679565e-01
-6.659492254257202148e-01 6.953244209289550781e-01 -2.702508568763732910e-01
-6.501864194869995117e-01 6.977321505546569824e-01 -3.007114529609680176e-01
-6.342663168907165527e-01 6.986849308013916016e-01 -3.309769034385681152e-01
-6.183953285217285156e-01 6.982714533805847168e-01 -3.605610132217407227e-01
-6.027733087539672852e-01 6.966195106506347656e-01 -3.890829682350158691e-01
-5.875765681266784668e-01 6.938836574554443359e-01 -4.162682890892028809e-01
-5.729510784149169922e-01 6.902254223823547363e-01 -4.419456124305725098e-01
-5.590075254440307617e-01 6.858006119728088379e-01 -4.660342931747436523e-01
-5.458226799964904785e-01 6.807461380958557129e-01 -4.885308146476745605e-01
-5.334405303001403809e-01 6.751734614372253418e-01 -5.094918608665466309e-01
-5.218801498413085938e-01 6.691632866859436035e-01 -5.290194749832153320e-01
-5.111418962478637695e-01 6.627619266510009766e-01 -5.472483038902282715e-01
-5.012152194976806641e-01 6.559809446334838867e-01 -5.643335580825805664e-01
-4.920878708362579346e-01 6.487980484962463379e-01 -5.804401040077209473e-01
-4.837528765201568604e-01 6.411563754081726074e-01 -5.957362651824951172e-01
-4.762170612812042236e-01 6.329692602157592773e-01 -6.103827953338623047e-01
-4.695106446743011475e-01 6.241199374198913574e-01 -6.245270371437072754e-01
-4.636900424957275391e-01 6.144694089889526367e-01 -6.382937431335449219e-01
-4.588461518287658691e-01 6.038617491722106934e-01 -6.517753601074218750e-01
-4.551081955432891846e-01 5.921345949172973633e-01 -6.650212407112121582e-01
-4.526463150978088379e-01 5.791291594505310059e-01 -6.780270934104919434e-01
-4.516682326793670654e-01 5.647113919258117676e-01 -6.907220482826232910e-01
-4.524155557155609131e-01 5.487885475158691406e-01 -7.029590010643005371e-01
-4.551537036895751953e-01 5.313344001770019531e-01 -7.145060300827026367e-01
-4.601573944091796875e-01 5.124094486236572266e-01 -7.250459790229797363e-01
-4.676893055438995361e-01 4.921841919422149658e-01 -7.341808676719665527e-01
-4.779777824878692627e-01 4.709513485431671143e-01 -7.414458394050598145e-01
-4.911933839321136475e-01 4.491252303123474121e-01 -7.463348507881164551e-01
-5.074228048324584961e-01 4.272327423095703125e-01 -7.483276724815368652e-01
-5.266513824462890625e-01 4.058811664581298828e-01 -7.469262480735778809e-01
-5.487477779388427734e-01 3.857181072235107422e-01 -7.416855692863464355e-01
-5.734595656394958496e-01 3.673819303512573242e-01 -7.322395443916320801e-01
-6.004130840301513672e-01 3.514536917209625244e-01 -7.183205485343933105e-01
-6.291263699531555176e-01 3.384097218513488770e-01 -6.997706294059753418e-01
-6.590193510055541992e-01 3.285909891128540039e-01 -6.765511631965637207e-01
-6.894393563270568848e-01 3.221875727176666260e-01 -6.487438082695007324e-01
-7.196874022483825684e-01 3.192310035228729248e-01 -6.165561676025390625e-01
-7.490511536598205566e-01 3.196063041687011719e-01 -5.803225636482238770e-01
-7.768430709838867188e-01 3.230675756931304932e-01 -5.405017733573913574e-01
-8.024390339851379395e-01 3.292693495750427246e-01 -4.976678490638732910e-01
-8.253152370452880859e-01 3.377938866615295410e-01 -4.524931013584136963e-01
-8.450791239738464355e-01 3.481855094432830811e-01 -4.057193100452423096e-01
-8.614872097969055176e-01 3.599847853183746338e-01 -3.581210076808929443e-01
-8.744519352912902832e-01 3.727511763572692871e-01 -3.104678690433502197e-01
-8.840317130088806152e-01 3.860862553119659424e-01 -2.634866833686828613e-01
-8.904120326042175293e-01 3.996462523937225342e-01 -2.178285270929336548e-01
-8.938769102096557617e-01 4.131474196910858154e-01 -1.740495264530181885e-01
-8.947796821594238281e-01 4.263648390769958496e-01 -1.325986683368682861e-01
-8.935117125511169434e-01 4.391302168369293213e-01 -9.381628781557083130e-02
-8.904803395271301270e-01 4.513170123100280762e-01 -5.794546008110046387e-02
-8.860861063003540039e-01 4.628382325172424316e-01 -2.514113299548625946e-02
-8.807106018066406250e-01 4.736333489418029785e-01 4.511687438935041428e-03
-8.747053742408752441e-01 4.836638271808624268e-01 3.098098374903202057e-02
-8.683899641036987305e-01 4.929028749465942383e-01 5.427305772900581360e-02
-8.620480298995971680e-01 5.013333559036254883e-01 7.441755384206771851e-02
-8.559260964393615723e-01 5.089465975761413574e-01 9.145410358905792236e-02
-8.502365350723266602e-01 5.157362222671508789e-01 1.054230257868766785e-01
-8.451547026634216309e-01 5.217031240463256836e-01 1.163586899638175964e-01
-8.408213853836059570e-01 5.268524289131164551e-01 1.242814958095550537e-01
-8.373396396636962891e-01 5.311977863311767578e-01 1.291946768760681152e-01
-8.347747325897216797e-01 5.347599983215332031e-01 1.310835480690002441e-01
-8.331487178802490234e-01 5.375735163688659668e-01 1.299154162406921387e-01
-8.324387669563293457e-01 5.396853685379028320e-01 1.256403028964996338e-01
-8.325722217559814453e-01 5.411592125892639160e-01 1.181960552930831909e-01
-8.334227204322814941e-01 5.420761108398437500e-01 1.075176671147346497e-01
-8.348086476325988770e-01 5.425349473953247070e-01 9.354322403669357300e-02
-8.364927768707275391e-01 5.426498055458068848e-01 7.623002678155899048e-02
-8.381831049919128418e-01 5.425511002540588379e-01 5.556468293070793152e-02
-8.395416736602783203e-01 5.423765182495117188e-01 3.158130124211311340e-02
-8.401951789855957031e-01 5.422664880752563477e-01 4.376043565571308136e-03
-8.397511243820190430e-01 5.423544645309448242e-01 -2.587797492742538452e-02
-8.378201723098754883e-01 5.427573323249816895e-01 -5.892279371619224548e-02
-8.340416550636291504e-01 5.435637831687927246e-01 -9.440832585096359253e-02
-8.281065225601196289e-01 5.448331236839294434e-01 -1.318956017494201660e-01
-8.197889924049377441e-01 5.465797781944274902e-01 -1.708696633577346802e-01
-8.089630007743835449e-01 5.487794876098632812e-01 -2.107605338096618652e-01
-7.956168055534362793e-01 5.513691306114196777e-01 -2.509700059890747070e-01
-7.798575758934020996e-01 5.542531013488769531e-01 -2.909048795700073242e-01
-7.619003057479858398e-01 5.573146343231201172e-01 -3.300125598907470703e-01
-7.420502305030822754e-01 5.604269504547119141e-01 -3.678084611892700195e-01
-7.206760644912719727e-01 5.634619593620300293e-01 -4.039017856121063232e-01
-6.981787681579589844e-01 5.662995576858520508e-01 -4.380081593990325928e-01
-6.749604344367980957e-01 5.688354969024658203e-01 -4.699516892433166504e-01
-6.513992547988891602e-01 5.709797143936157227e-01 -4.996610581874847412e-01
-6.278260350227355957e-01 5.726603269577026367e-01 -5.271570682525634766e-01
-6.045119762420654297e-01 5.738195180892944336e-01 -5.525363087654113770e-01
-5.816624760627746582e-01 5.744068622589111328e-01 -5.759562253952026367e-01
-5.594144463539123535e-01 5.743785500526428223e-01 -5.976157784461975098e-01
-5.378392338752746582e-01 5.736870765686035156e-01 -6.177475452423095703e-01
-5.169481635093688965e-01 5.722771286964416504e-01 -6.366029977798461914e-01
-4.966973960399627686e-01 5.700802206993103027e-01 -6.544466018676757812e-01
-4.769961535930633545e-01 5.670022964477539062e-01 -6.715527772903442383e-01
-4.577105343341827393e-01 5.629240870475769043e-01 -6.881988048553466797e-01
-4.386706352233886719e-01 5.576833486557006836e-01 -7.046682238578796387e-01
-4.196715354919433594e-01 5.510730743408203125e-01 -7.212448716163635254e-01
-4.004793465137481689e-01 5.428278446197509766e-01 -7.382101416587829590e-01
-3.808305859565734863e-01 5.326120853424072266e-01 -7.558389306068420410e-01
-3.604355156421661377e-01 5.200111269950866699e-01 -7.743866443634033203e-01
-3.389810025691986084e-01 5.045205354690551758e-01 -7.940723896026611328e-01
-3.161367774009704590e-01 4.855376780033111572e-01 -8.150525689125061035e-01
-2.915641963481903076e-01 4.623695611953735352e-01 -8.373796343803405762e-01
-2.649362981319427490e-01 4.342478215694427490e-01 -8.609515428543090820e-01
-2.359704226255416870e-01 4.003743529319763184e-01 -8.854480385780334473e-01
-2.044747918844223022e-01 3.600053489208221436e-01 -9.102671146392822266e-01
-1.704137176275253296e-01 3.125805854797363281e-01 -9.344797730445861816e-01
-1.339844316244125366e-01 2.578964829444885254e-01 -9.568372964859008789e-01
-9.568113088607788086e-02 1.962985545396804810e-01 -9.758647680282592773e-01
-5.632077157497406006e-02 1.288217455148696899e-01 -9.900671243667602539e-01
-1.699167490005493164e-02 5.721174553036689758e-02 -9.982174634933471680e-01
2.107939124107360840e-02 -1.623201183974742889e-02 -9.996460080146789551e-01
5.672825127840042114e-02 -8.899366110563278198e-02 -9.944154024124145508e-01
8.903645724058151245e-02 -1.587268710136413574e-01 -9.832997322082519531e-01
1.174555942416191101e-01 -2.235868424177169800e-01 -9.675810337066650391e-01
1.418261229991912842e-01 -2.823883891105651855e-01 -9.487581849098205566e-01
1.623161882162094116e-01 -3.345959186553955078e-01 -9.282774329185485840e-01
1.793169230222702026e-01 -3.801987171173095703e-01 -9.073557257652282715e-01
1.933400630950927734e-01 -4.195441007614135742e-01 -8.869060873985290527e-01
2.049338817596435547e-01 -4.531807601451873779e-01 -8.675420880317687988e-01
2.146283239126205444e-01 -4.817415177822113037e-01 -8.496233224868774414e-01
2.229052484035491943e-01 -5.058653354644775391e-01 -8.333147168159484863e-01
2.301841676235198975e-01 -5.261510014533996582e-01 -8.186455368995666504e-01
2.368218898773193359e-01 -5.431381464004516602e-01 -8.055533766746520996e-01
2.431149333715438843e-01 -5.572988390922546387e-01 -7.939226031303405762e-01
2.493059188127517700e-01 -5.690391659736633301e-01 -7.836077213287353516e-01
2.555897235870361328e-01 -5.787056088447570801e-01 -7.744506597518920898e-01
2.621208131313323975e-01 -5.865913629531860352e-01 -7.662918567657470703e-01
2.690186798572540283e-01 -5.929446816444396973e-01 -7.589766383171081543e-01
2.763733565807342529e-01 -5.979748964309692383e-01 -7.523588538169860840e-01
2.842454016208648682e-01 -6.018606424331665039e-01 -7.463030815124511719e-01
2.926730811595916748e-01 -6.047523617744445801e-01 -7.406868338584899902e-01
3.016722202301025391e-01 -6.067800521850585938e-01 -7.353990674018859863e-01
3.112372159957885742e-01 -6.080551743507385254e-01 -7.303426861763000488e-01
3.213437199592590332e-01 -6.086753606796264648e-01 -7.254326939582824707e-01
3.319500684738159180e-01 -6.087256073951721191e-01 -7.205985188484191895e-01
3.429961502552032471e-01 -6.082829236984252930e-01 -7.157831192016601562e-01
3.544076085090637207e-01 -6.074162721633911133e-01 -7.109434604644775391e-01
3.660961091518402100e-01 -6.061891913414001465e-01 -7.060511708259582520e-01
3.779610395431518555e-01 -6.046602725982666016e-01 -7.010930180549621582e-01
3.898930251598358154e-01 -6.028844714164733887e-01 -6.960701942443847656e-01
4.017776250839233398e-01 -6.009127497673034668e-01 -6.909982562065124512e-01
4.134977757930755615e-01 -5.987930297851562500e-01 -6.859056353569030762e-01
4.249379038810729980e-01 -5.965691208839416504e-01 -6.808326244354248047e-01
4.359901249408721924e-01 -5.942788124084472656e-01 -6.758294105529785156e-01
4.465557038784027100e-01 -5.919553637504577637e-01 -6.709522008895874023e-01
4.565500020980834961e-01 -5.896240472793579102e-01 -6.662624478340148926e-01
4.659070372581481934e-01 -5.873026251792907715e-01 -6.618203520774841309e-01
4.745808541774749756e-01 -5.849987864494323730e-01 -6.576848626136779785e-01
4.825464189052581787e-01 -5.827098488807678223e-01 -6.539099812507629395e-01
4.898026585578918457e-01 -5.804229378700256348e-01 -6.505402922630310059e-01
4.963703453540802002e-01 -5.781134963035583496e-01 -6.476119756698608398e-01
5.022932887077331543e-01 -5.757448077201843262e-01 -6.451506018638610840e-01
5.076355934143066406e-01 -5.732698440551757812e-01 -6.431701779365539551e-01
5.124804973602294922e-01 -5.706301927566528320e-01 -6.416735053062438965e-01
5.169265866279602051e-01 -5.677591562271118164e-01 -6.406531333923339844e-01
5.210871100425720215e-01 -5.645791888236999512e-01 -6.400926709175109863e-01
5.250849723815917969e-01 -5.610057711601257324e-01 -6.399674415588378906e-01
5.290510654449462891e-01 -5.569468736648559570e-01 -6.402462124824523926e-01
5.331208705902099609e-01 -5.523044466972351074e-01 -6.408915519714355469e-01
5.374307036399841309e-01 -5.469746589660644531e-01 -6.418620944023132324e-01
5.421156287193298340e-01 -5.408496260643005371e-01 -6.431115865707397461e-01
5.473071336746215820e-01 -5.338156223297119141e-01 -6.445896625518798828e-01
5.531299710273742676e-01 -5.257555246353149414e-01 -6.462417840957641602e-01
5.596986413002014160e-01 -5.165491700172424316e-01 -6.480080485343933105e-01
5.671171545982360840e-01 -5.060717463493347168e-01 -6.498227119445800781e-01
5.754737854003906250e-01 -4.941967725753784180e-01 -6.516129970550537109e-01
5.848410129547119141e-01 -4.807952642440795898e-01 -6.532970070838928223e-01
5.952697992324829102e-01 -4.657392501831054688e-01 -6.547830700874328613e-01
6.067875623703002930e-01 -4.489033222198486328e-01 -6.559684276580810547e-01
6.193953156471252441e-01 -4.301667511463165283e-01 -6.567388772964477539e-01
6.330613493919372559e-01 -4.094227850437164307e-01 -6.569674611091613770e-01
6.477203369140625000e-01 -3.865804970264434814e-01 -6.565164327621459961e-01
6.632680892944335938e-01 -3.615765571594238281e-01 -6.552388072013854980e-01
6.795607209205627441e-01 -3.343816995620727539e-01 -6.529825329780578613e-01
6.964141726493835449e-01 -3.050116896629333496e-01 -6.495962738990783691e-01
7.136065959930419922e-01 -2.735378742218017578e-01 -6.449361443519592285e-01
7.308832406997680664e-01 -2.400960326194763184e-01 -6.388768553733825684e-01
7.479665279388427734e-01 -2.048932313919067383e-01 -6.313199996948242188e-01
7.645686268806457520e-01 -1.682101637125015259e-01 -6.222057938575744629e-01
7.804080247879028320e-01 -1.303985714912414551e-01 -6.115223169326782227e-01
7.952251434326171875e-01 -9.187168627977371216e-02 -5.993134379386901855e-01
8.088014125823974609e-01 -5.308979377150535583e-02 -5.856806039810180664e-01
8.209744691848754883e-01 -1.453813351690769196e-02 -5.707798004150390625e-01
8.316462039947509766e-01 2.329427003860473633e-02 -5.548170804977416992e-01
8.407887220382690430e-01 5.994188785552978516e-02 -5.380346775054931641e-01
8.484418392181396484e-01 9.498167783021926880e-02 -5.206964612007141113e-01
8.547053337097167969e-01 1.280541419982910156e-01 -5.030716061592102051e-01
8.597249984741210938e-01 1.588720679283142090e-01 -4.854199886322021484e-01
8.636798858642578125e-01 1.872268170118331909e-01 -4.679776728153228760e-01
8.667649626731872559e-01 2.129892855882644653e-01 -4.509479701519012451e-01
8.691776394844055176e-01 2.361017465591430664e-01 -4.344954788684844971e-01
8.711065053939819336e-01 2.565731704235076904e-01 -4.187406599521636963e-01
8.727207779884338379e-01 2.744672894477844238e-01 -4.037651121616363525e-01
8.741658329963684082e-01 2.898947894573211670e-01 -3.896088004112243652e-01
8.755601048469543457e-01 3.030016422271728516e-01 -3.762771189212799072e-01
8.769932389259338379e-01 3.139636814594268799e-01 -3.637437820434570312e-01
8.785280585289001465e-01 3.229774832725524902e-01 -3.519574701786041260e-01
8.802024126052856445e-01 3.302555680274963379e-01 -3.408446311950683594e-01
8.820330500602722168e-01 3.360203802585601807e-01 -3.303150236606597900e-01
8.840181231498718262e-01 3.405010998249053955e-01 -3.202672302722930908e-01
8.861415982246398926e-01 3.439280688762664795e-01 -3.105907440185546875e-01
8.883764743804931641e-01 3.465313911437988281e-01 -3.011699318885803223e-01
8.906884789466857910e-01 3.485334217548370361e-01 -2.918879389762878418e-01
8.930371999740600586e-01 3.501490354537963867e-01 -2.826307117938995361e-01
8.953813910484313965e-01 3.515771627426147461e-01 -2.732866406440734863e-01
8.976779580116271973e-01 3.529988825321197510e-01 -2.637539505958557129e-01
8.998854160308837891e-01 3.545724153518676758e-01 -2.539380490779876709e-01
9.019643068313598633e-01 3.564302325248718262e-01 -2.437578290700912476e-01
9.038786292076110840e-01 3.586729168891906738e-01 -2.331462055444717407e-01
9.055966138839721680e-01 3.613690733909606934e-01 -2.220522016286849976e-01
9.070920944213867188e-01 3.645511865615844727e-01 -2.104432433843612671e-01
9.083456397056579590e-01 3.682158291339874268e-01 -1.983063071966171265e-01
9.093459248542785645e-01 3.723226487636566162e-01 -1.856496334075927734e-01
9.100918769836425781e-01 3.767963647842407227e-01 -1.725028157234191895e-01
9.105930328369140625e-01 3.815313875675201416e-01 -1.589156389236450195e-01
9.108713865280151367e-01 3.863935172557830811e-01 -1.449599117040634155e-01
9.109612107276916504e-01 3.912302851676940918e-01 -1.307234168052673340e-01
9.109088182449340820e-01 3.958755731582641602e-01 -1.163076981902122498e-01
9.107705354690551758e-01 4.001603722572326660e-01 -1.018262952566146851e-01
9.106089472770690918e-01 4.039221405982971191e-01 -8.739744871854782104e-02
9.104889035224914551e-01 4.070139229297637939e-01 -7.314053177833557129e-02
9.104726910591125488e-01 4.093141853809356689e-01 -5.917199701070785522e-02
9.106141328811645508e-01 4.107342660427093506e-01 -4.559964314103126526e-02
9.109532833099365234e-01 4.112257659435272217e-01 -3.252087160944938660e-02
9.115129113197326660e-01 4.107837677001953125e-01 -2.002121880650520325e-02
9.122958183288574219e-01 4.094504117965698242e-01 -8.171080611646175385e-03
9.132836461067199707e-01 4.073131382465362549e-01 2.970150671899318695e-03
9.144393801689147949e-01 4.045023620128631592e-01 1.335823442786931992e-02
9.157089591026306152e-01 4.011857211589813232e-01 2.295831777155399323e-02
9.170268177986145020e-01 3.975602090358734131e-01 3.174438700079917908e-02
9.183204770088195801e-01 3.938421607017517090e-01 3.969875723123550415e-02
9.195144772529602051e-01 3.902589976787567139e-01 4.680754616856575012e-02
9.205353260040283203e-01 3.870390653610229492e-01 5.306120961904525757e-02
9.213130474090576172e-01 3.844028413295745850e-01 5.845295637845993042e-02
9.217839241027832031e-01 3.825549185276031494e-01 6.297710537910461426e-02
9.218895435333251953e-01 3.816803991794586182e-01 6.663211435079574585e-02
9.215770959854125977e-01 3.819384574890136719e-01 6.941699981689453125e-02
9.207972288131713867e-01 3.834626972675323486e-01 7.133642584085464478e-02
9.195036888122558594e-01 3.863565623760223389e-01 7.239872217178344727e-02
9.176511764526367188e-01 3.906948864459991455e-01 7.262076437473297119e-02
9.151952266693115234e-01 3.965218961238861084e-01 7.202824950218200684e-02
9.120917320251464844e-01 4.038515388965606689e-01 7.065908610820770264e-02
9.082984328269958496e-01 4.126654267311096191e-01 6.856505572795867920e-02
9.037765860557556152e-01 4.229141771793365479e-01 6.581445038318634033e-02
8.984934091567993164e-01 4.345160424709320068e-01 6.249324977397918701e-02
8.924270868301391602e-01 4.473558962345123291e-01 5.870705842971801758e-02
8.855693340301513672e-01 4.612892866134643555e-01 5.458022281527519226e-02
8.779316544532775879e-01 4.761413037776947021e-01 5.025507509708404541e-02
8.695479035377502441e-01 4.917117655277252197e-01 4.588992148637771606e-02
8.604788184165954590e-01 5.077804923057556152e-01 4.165577888488769531e-02
8.508121371269226074e-01 5.241135358810424805e-01 3.773159533739089966e-02
8.406632542610168457e-01 5.404711365699768066e-01 3.429768607020378113e-02
8.301720619201660156e-01 5.566148161888122559e-01 3.153192251920700073e-02
8.194978833198547363e-01 5.723171830177307129e-01 2.960236556828022003e-02
8.088122606277465820e-01 5.873679518699645996e-01 2.866186015307903290e-02
7.982906103134155273e-01 6.015812754631042480e-01 2.884502708911895752e-02
7.881024479866027832e-01 6.147996187210083008e-01 3.026473335921764374e-02
7.784037590026855469e-01 6.268954873085021973e-01 3.300931304693222046e-02
7.693274617195129395e-01 6.377738118171691895e-01 3.714528679847717285e-02
7.609779238700866699e-01 6.473698616027832031e-01 4.271817579865455627e-02
7.534263134002685547e-01 6.556472778320312500e-01 4.975439235568046570e-02
7.467085719108581543e-01 6.625943779945373535e-01 5.826662853360176086e-02
7.408252954483032227e-01 6.682205200195312500e-01 6.825809925794601440e-02
7.357419133186340332e-01 6.725529432296752930e-01 7.972740381956100464e-02
7.313932180404663086e-01 6.756298542022705078e-01 9.267257153987884521e-02
7.276858091354370117e-01 6.774982213973999023e-01 1.070958748459815979e-01
7.245022058486938477e-01 6.782078742980957031e-01 1.230064556002616882e-01
7.217037677764892578e-01 6.778087019920349121e-01 1.404243260622024536e-01
7.191351652145385742e-01 6.763453483581542969e-01 1.593786925077438354e-01
7.166255712509155273e-01 6.738551855087280273e-01 1.799084693193435669e-01
7.139905691146850586e-01 6.703647971153259277e-01 2.020606547594070435e-01
7.110322117805480957e-01 6.658896803855895996e-01 2.258850485086441040e-01
7.075408697128295898e-01 6.604309082031250000e-01 2.514296770095825195e-01
7.032912373542785645e-01 6.539787054061889648e-01 2.787351012229919434e-01
6.980459094047546387e-01 6.465104222297668457e-01 3.078250288963317871e-01
6.915514469146728516e-01 6.379974484443664551e-01 3.386974632740020752e-01
6.835385560989379883e-01 6.284082531929016113e-01 3.713193237781524658e-01
6.737260222434997559e-01 6.177124977111816406e-01 4.056160151958465576e-01
6.618189811706542969e-01 6.058928370475769043e-01 4.414629340171813965e-01
6.475143432617187500e-01 5.929477214813232422e-01 4.786837399005889893e-01
6.305056214332580566e-01 5.789042711257934570e-01 5.170421600341796875e-01
6.104907989501953125e-01 5.638234615325927734e-01 5.562409758567810059e-01
5.871822834014892578e-01 5.478079915046691895e-01 5.959222912788391113e-01
5.603176355361938477e-01 5.310076475143432617e-01 6.356689929962158203e-01
5.296766161918640137e-01 5.136211514472961426e-01 6.750081777572631836e-01
4.950987398624420166e-01 4.958959817886352539e-01 7.134174108505249023e-01
4.565052986145019531e-01 4.781233370304107666e-01 7.503339052200317383e-01
4.139218926429748535e-01 4.606297314167022705e-01 7.851681113243103027e-01
3.675016462802886963e-01 4.437635242938995361e-01 8.173226714134216309e-01
3.175470232963562012e-01 4.278808236122131348e-01 8.462162613868713379e-01
2.645197510719299316e-01 4.133247733116149902e-01 8.713161945343017578e-01
2.090433090925216675e-01 4.004062116146087646e-01 8.921747803688049316e-01
1.518840789794921875e-01 3.893836736679077148e-01 9.084665775299072266e-01
9.391552954912185669e-02 3.804498314857482910e-01 9.200205802917480469e-01
3.606425598263740540e-02 3.737158775329589844e-01 9.268418550491333008e-01
-2.075150050222873688e-02 3.692117333412170410e-01 9.291135668754577637e-01
-7.568813115358352661e-02 3.668867051601409912e-01 9.271814823150634766e-01
-1.280285120010375977e-01 3.666212260723114014e-01 9.215191602706909180e-01
-1.772225648164749146e-01 3.682400584220886230e-01 9.126836657524108887e-01
-2.228985726833343506e-01 3.715298771858215332e-01 9.012668132781982422e-01
-2.648628652095794678e-01 3.762567043304443359e-01 8.878505229949951172e-01
-3.030781745910644531e-01 3.821793496608734131e-01 8.729733824729919434e-01
-3.376359045505523682e-01 3.890588283538818359e-01 8.571085929870605469e-01
-3.687245249748229980e-01 3.966717123985290527e-01 8.406507372856140137e-01
-3.965976238250732422e-01 4.048078656196594238e-01 8.239180445671081543e-01
-4.215469360351562500e-01 4.132778942584991455e-01 8.071552515029907227e-01
-4.438838958740234375e-01 4.219074249267578125e-01 7.905448675155639648e-01
-4.639193117618560791e-01 4.305425584316253662e-01 7.742170691490173340e-01
-4.819550216197967529e-01 4.390428960323333740e-01 7.582616806030273438e-01
-4.982741773128509521e-01 4.472836852073669434e-01 7.427383065223693848e-01
-5.131395459175109863e-01 4.551517069339752197e-01 7.276845574378967285e-01
-5.267885327339172363e-01 4.625458419322967529e-01 7.131235003471374512e-01
-5.394361615180969238e-01 4.693741500377655029e-01 6.990683078765869141e-01
-5.512720942497253418e-01 4.755541384220123291e-01 6.855271458625793457e-01
-5.624618530273437500e-01 4.810146689414978027e-01 6.725038886070251465e-01
-5.731511116027832031e-01 4.856932759284973145e-01 6.600000262260437012e-01
-5.834625959396362305e-01 4.895377159118652344e-01 6.480156183242797852e-01
-5.935009121894836426e-01 4.925067126750946045e-01 6.365483403205871582e-01
-6.033508181571960449e-01 4.945721924304962158e-01 6.255926489830017090e-01
-6.130798459053039551e-01 4.957202672958374023e-01 6.151377558708190918e-01
-6.227388381958007812e-01 4.959524273872375488e-01 6.051673889160156250e-01
-6.323612332344055176e-01 4.952883720397949219e-01 5.956581234931945801e-01
-6.419651508331298828e-01 4.937703907489776611e-01 5.865761041641235352e-01
-6.515532732009887695e-01 4.914623796939849854e-01 5.778780579566955566e-01
-6.611145734786987305e-01 4.884558022022247314e-01 5.695071220397949219e-01
-6.706268787384033203e-01 4.848688244819641113e-01 5.613927841186523438e-01
-6.800559163093566895e-01 4.808506369590759277e-01 5.534496903419494629e-01
-6.893593668937683105e-01 4.765823781490325928e-01 5.455757379531860352e-01
-6.984890699386596680e-01 4.722763001918792725e-01 5.376504063606262207e-01
-7.073926925659179688e-01 4.681752622127532959e-01 5.295350551605224609e-01
-7.160172462463378906e-01 4.645491838455200195e-01 5.210694670677185059e-01
-7.243090271949768066e-01 4.616920948028564453e-01 5.120711922645568848e-01
-7.322148084640502930e-01 4.599142670631408691e-01 5.023348331451416016e-01
-7.396814227104187012e-01 4.595349133014678955e-01 4.916289150714874268e-01
-7.466514706611633301e-01 4.608718156814575195e-01 4.796965718269348145e-01
-7.530606985092163086e-01 4.642286598682403564e-01 4.662522971630096436e-01
-7.588307857513427734e-01 4.698792994022369385e-01 4.509869813919067383e-01
-7.638622522354125977e-01 4.780509173870086670e-01 4.335686266422271729e-01
-7.680273056030273438e-01 4.889013469219207764e-01 4.136537611484527588e-01
-7.711622118949890137e-01 5.025007724761962891e-01 3.908986747264862061e-01
-7.730658054351806641e-01 5.188053846359252930e-01 3.649797737598419189e-01
-7.735011577606201172e-01 5.376341342926025391e-01 3.356268703937530518e-01
-7.722110152244567871e-01 5.586504936218261719e-01 3.026546239852905273e-01
-7.689352035522460938e-01 5.813599824905395508e-01 2.660059034824371338e-01
-7.634497284889221191e-01 6.051136851310729980e-01 2.257916629314422607e-01
-7.556068301200866699e-01 6.291410923004150391e-01 1.823178678750991821e-01
-7.453781962394714355e-01 6.526020169258117676e-01 1.360960453748703003e-01
-7.328891158103942871e-01 6.746562719345092773e-01 8.782047778367996216e-02
-7.184344530105590820e-01 6.945382952690124512e-01 3.832009062170982361e-02
-7.024673223495483398e-01 7.116227746009826660e-01 -1.151755172759294510e-02
-6.855668425559997559e-01 7.254636287689208984e-01 -6.083314120769500732e-02
-6.683859825134277344e-01 7.358043193817138672e-01 -1.088674664497375488e-01
-6.515957713127136230e-01 7.425571084022521973e-01 -1.550220102071762085e-01
-6.358375549316406250e-01 7.457582950592041016e-01 -1.988846510648727417e-01
-6.216872334480285645e-01 7.455160021781921387e-01 -2.402309626340866089e-01
-6.096366643905639648e-01 7.419580221176147461e-01 -2.790008783340454102e-01
-6.000886559486389160e-01 7.351872920989990234e-01 -3.152671456336975098e-01
-5.933598875999450684e-01 7.252482771873474121e-01 -3.491977751255035400e-01
-5.896885991096496582e-01 7.121093869209289551e-01 -3.810085654258728027e-01
-5.892379283905029297e-01 6.956540346145629883e-01 -4.109307229518890381e-01
-5.920947790145874023e-01 6.756893992424011230e-01 -4.391670227050781250e-01
-5.982604622840881348e-01 6.519666910171508789e-01 -4.658580422401428223e-01
-6.076360344886779785e-01 6.242185831069946289e-01 -4.910494983196258545e-01
-6.200013160705566406e-01 5.922153592109680176e-01 -5.146641731262207031e-01
-6.349956989288330078e-01 5.558441281318664551e-01 -5.364865660667419434e-01
-6.521123647689819336e-01 5.151913762092590332e-01 -5.561719536781311035e-01
-6.707171201705932617e-01 4.706327319145202637e-01 -5.732743740081787109e-01
-6.900919675827026367e-01 4.228897988796234131e-01 -5.873136520385742188e-01
-7.095147371292114258e-01 3.730352818965911865e-01 -5.978575348854064941e-01
-7.283483743667602539e-01 3.224278986454010010e-01 -6.046063899993896484e-01
-7.461239695549011230e-01 2.725784480571746826e-01 -6.074537634849548340e-01
-7.625863552093505859e-01 2.249791622161865234e-01 -6.065033674240112305e-01
-7.776964306831359863e-01 1.809421628713607788e-01 -6.020368337631225586e-01
-7.915871143341064453e-01 1.414838582277297974e-01 -5.944510102272033691e-01
-8.044994473457336426e-01 1.072744876146316528e-01 -5.841856002807617188e-01
-8.167119622230529785e-01 7.865367829799652100e-02 -5.716600418090820312e-01
-8.284870386123657227e-01 5.568059906363487244e-02 -5.572333335876464844e-01
-8.400313854217529297e-01 3.820037841796875000e-02 -5.411913394927978516e-01
-8.514793515205383301e-01 2.591533213853836060e-02 -5.237473845481872559e-01
-8.628873229026794434e-01 1.843790151178836823e-02 -5.050598382949829102e-01
-8.742393851280212402e-01 1.533460523933172226e-02 -4.852529466152191162e-01
-8.854594230651855469e-01 1.615437120199203491e-02 -4.644358158111572266e-01
-8.964243531227111816e-01 2.044243924319744110e-02 -4.427250921726226807e-01
-9.069798588752746582e-01 2.775571495294570923e-02 -4.202584028244018555e-01
-9.169571995735168457e-01 3.766212612390518188e-02 -3.972040712833404541e-01
-9.261882305145263672e-01 4.974643513560295105e-02 -3.737654983997344971e-01
-9.345194101333618164e-01 6.361060589551925659e-02 -3.501817584037780762e-01
-9.418235421180725098e-01 7.887677103281021118e-02 -3.267213106155395508e-01
-9.480100870132446289e-01 9.518725425004959106e-02 -3.036713898181915283e-01
-9.530291557312011719e-01 1.122108325362205505e-01 -2.813255190849304199e-01
-9.568743705749511719e-01 1.296418905258178711e-01 -2.599700391292572021e-01
-9.595804810523986816e-01 1.472035795450210571e-01 -2.398676127195358276e-01
-9.612182974815368652e-01 1.646509021520614624e-01 -2.212453037500381470e-01
-9.618877768516540527e-01 1.817702353000640869e-01 -2.042827606201171875e-01
-9.617097377777099609e-01 1.983774453401565552e-01 -1.891055256128311157e-01
-9.608167409896850586e-01 2.143190205097198486e-01 -1.757797747850418091e-01
-9.593464136123657227e-01 2.294678241014480591e-01 -1.643134802579879761e-01
-9.574342966079711914e-01 2.437225282192230225e-01 -1.546578258275985718e-01
-9.552097320556640625e-01 2.570021748542785645e-01 -1.467114984989166260e-01
-9.527928829193115234e-01 2.692456841468811035e-01 -1.403294354677200317e-01
-9.502925872802734375e-01 2.804098725318908691e-01 -1.353302747011184692e-01
-9.478060007095336914e-01 2.904652357101440430e-01 -1.315053701400756836e-01
-9.454182386398315430e-01 2.993967831134796143e-01 -1.286304891109466553e-01
-9.432041049003601074e-01 3.071993589401245117e-01 -1.264700442552566528e-01
-9.412265419960021973e-01 3.138789534568786621e-01 -1.247898638248443604e-01
-9.395389556884765625e-01 3.194499015808105469e-01 -1.233624517917633057e-01
-9.381847381591796875e-01 3.239316642284393311e-01 -1.219741031527519226e-01
-9.371969699859619141e-01 3.273511826992034912e-01 -1.204282119870185852e-01
-9.365994334220886230e-01 3.297380805015563965e-01 -1.185514703392982483e-01
-9.364049434661865234e-01 3.311252593994140625e-01 -1.161967888474464417e-01
-9.366176724433898926e-01 3.315465152263641357e-01 -1.132438331842422485e-01
-9.372304081916809082e-01 3.310376107692718506e-01 -1.096049845218658447e-01
-9.382268190383911133e-01 3.296340405941009521e-01 -1.052220910787582397e-01
-9.395807385444641113e-01 3.273735642433166504e-01 -1.000730097293853760e-01
-9.412564635276794434e-01 3.242959082126617432e-01 -9.417203813791275024e-02
-9.432106614112854004e-01 3.204450011253356934e-01 -8.757144957780838013e-02
-9.453922510147094727e-01 3.158712685108184814e-01 -8.036731928586959839e-02
-9.477452635765075684e-01 3.106343150138854980e-01 -7.269988954067230225e-02
-9.502099752426147461e-01 3.048071265220642090e-01 -6.475872546434402466e-02
-9.527249336242675781e-01 2.984802126884460449e-01 -5.678673461079597473e-02
-9.552298784255981445e-01 2.917653322219848633e-01 -4.907948151230812073e-02
-9.576675891876220703e-01 2.847976386547088623e-01 -4.198934137821197510e-02
-9.599837660789489746e-01 2.777420282363891602e-01 -3.592414408922195435e-02
-9.621279835700988770e-01 2.707903087139129639e-01 -3.134360164403915405e-02
-9.640491008758544922e-01 2.641640901565551758e-01 -2.875378541648387909e-02
-9.656892418861389160e-01 2.581096291542053223e-01 -2.870110236108303070e-02
-9.669736623764038086e-01 2.528905570507049561e-01 -3.175434470176696777e-02
-9.677951335906982422e-01 2.487793862819671631e-01 -3.849144652485847473e-02
-9.679955244064331055e-01 2.460429370403289795e-01 -4.947136715054512024e-02
-9.673477411270141602e-01 2.449218928813934326e-01 -6.520427018404006958e-02
-9.655371308326721191e-01 2.456100881099700928e-01 -8.610365539789199829e-02
-9.621540904045104980e-01 2.482289075851440430e-01 -1.124360784888267517e-01
-9.567040801048278809e-01 2.528004646301269531e-01 -1.442544013261795044e-01
-9.486408829689025879e-01 2.592253983020782471e-01 -1.813357174396514893e-01
-9.374337792396545410e-01 2.672672867774963379e-01 -2.231281250715255737e-01
-9.226571917533874512e-01 2.765615880489349365e-01 -2.687329351902008057e-01
-9.040948748588562012e-01 2.866372764110565186e-01 -3.169409334659576416e-01
-8.818260431289672852e-01 2.969633340835571289e-01 -3.663273751735687256e-01
-8.562629818916320801e-01 3.070111572742462158e-01 -4.154008328914642334e-01
-8.281226158142089844e-01 3.163148164749145508e-01 -4.627719819545745850e-01
-7.983356118202209473e-01 3.245141208171844482e-01 -5.072976946830749512e-01
-7.679210305213928223e-01 3.313720226287841797e-01 -5.481694340705871582e-01
-7.378626465797424316e-01 3.367705941200256348e-01 -5.849309563636779785e-01
-7.090138792991638184e-01 3.406879007816314697e-01 -6.174390912055969238e-01
-6.820466518402099609e-01 3.431632518768310547e-01 -6.457951068878173828e-01
-6.574417948722839355e-01 3.442718088626861572e-01 -6.702590584754943848e-01
-6.355046629905700684e-01 3.440948128700256348e-01 -6.911820173263549805e-01
-6.163977384567260742e-01 3.427073657512664795e-01 -7.089467644691467285e-01
-6.001769900321960449e-01 3.401615619659423828e-01 -7.239321470260620117e-01
-5.868248343467712402e-01 3.364867568016052246e-01 -7.364871501922607422e-01
-5.762794613838195801e-01 3.316797614097595215e-01 -7.469207644462585449e-01
-5.684537887573242188e-01 3.257124125957489014e-01 -7.554942965507507324e-01
-5.632528066635131836e-01 3.185254931449890137e-01 -7.624223828315734863e-01
-5.605785846710205078e-01 3.100371956825256348e-01 -7.678727507591247559e-01
-5.603387355804443359e-01 3.001458942890167236e-01 -7.719668745994567871e-01
-5.624438524246215820e-01 2.887369990348815918e-01 -7.747825384140014648e-01
-5.668044090270996094e-01 2.756910920143127441e-01 -7.763550877571105957e-01
-5.733265280723571777e-01 2.608972489833831787e-01 -7.766783237457275391e-01
-5.819054245948791504e-01 2.442632317543029785e-01 -7.757071256637573242e-01
-5.924177169799804688e-01 2.257345765829086304e-01 -7.733596563339233398e-01
-6.047164797782897949e-01 2.053087353706359863e-01 -7.695234417915344238e-01
-6.186283230781555176e-01 1.830502152442932129e-01 -7.640625238418579102e-01
-6.339543461799621582e-01 1.591013371944427490e-01 -7.568280100822448730e-01
-6.504747867584228516e-01 1.336887776851654053e-01 -7.476696372032165527e-01
-6.679599285125732422e-01 1.071197465062141418e-01 -7.364474534988403320e-01
-6.861812472343444824e-01 7.977048307657241821e-02 -7.230435609817504883e-01
-7.049219012260437012e-01 5.206955969333648682e-02 -7.073711156845092773e-01
-7.239889502525329590e-01 2.447153441607952118e-02 -6.893773674964904785e-01
-7.432143688201904297e-01 -2.564653987064957619e-03 -6.690484285354614258e-01
-7.624575495719909668e-01 -2.859661169350147247e-02 -6.464059948921203613e-01
-7.815978527069091797e-01 -5.321508273482322693e-02 -6.215085387229919434e-01
-8.005263805389404297e-01 -7.605102658271789551e-02 -5.944525003433227539e-01
-8.191374540328979492e-01 -9.677617996931076050e-02 -5.653743743896484375e-01
-8.373199701309204102e-01 -1.151007115840911865e-01 -5.344597101211547852e-01
-8.549544811248779297e-01 -1.307671070098876953e-01 -5.019489526748657227e-01
-8.719141483306884766e-01 -1.435444205999374390e-01 -4.681461155414581299e-01
-8.880678415298461914e-01 -1.532250940799713135e-01 -4.334255158901214600e-01
-9.032890200614929199e-01 -1.596202105283737183e-01 -3.982340693473815918e-01
-9.174653887748718262e-01 -1.625634878873825073e-01 -3.630845248699188232e-01
-9.305050373077392578e-01 -1.619109958410263062e-01 -3.285500705242156982e-01
-9.423422217369079590e-01 -1.575450152158737183e-01 -2.952469885349273682e-01
-9.529363512992858887e-01 -1.493760794401168823e-01 -2.638162970542907715e-01
-9.622655510902404785e-01 -1.373490095138549805e-01 -2.349047362804412842e-01
-9.703142642974853516e-01 -1.214455962181091309e-01 -2.091437876224517822e-01
-9.770574569702148438e-01 -1.016882956027984619e-01 -1.871317774057388306e-01
-9.824416637420654297e-01 -7.815290987491607666e-02 -1.694121956825256348e-01
-9.863682389259338379e-01 -5.097712576389312744e-02 -1.564578264951705933e-01
-9.886796474456787109e-01 -2.038156986236572266e-02 -1.486511826515197754e-01
-9.891559481620788574e-01 1.331692934036254883e-02 -1.462637484073638916e-01
-9.875236749649047852e-01 4.967859014868736267e-02 -1.494289040565490723e-01
-9.834794998168945312e-01 8.813055604696273804e-02 -1.581173837184906006e-01
-9.767295718193054199e-01 1.279635727405548096e-01 -1.721180081367492676e-01
-9.670409560203552246e-01 1.683487147092819214e-01 -1.910250186920166016e-01
-9.542953968048095703e-01 2.083741277456283569e-01 -2.142441868782043457e-01
-9.385344386100769043e-01 2.471047043800354004e-01 -2.410236448049545288e-01
-9.199810624122619629e-01 2.836555242538452148e-01 -2.705077230930328369e-01
-8.990338444709777832e-01 3.172601163387298584e-01 -3.018013238906860352e-01
-8.762299418449401855e-01 3.473260998725891113e-01 -3.340442776679992676e-01
-8.521866798400878906e-01 3.734618723392486572e-01 -3.664752244949340820e-01
-8.275366425514221191e-01 3.954766094684600830e-01 -3.984737694263458252e-01
-8.028713464736938477e-01 4.133507907390594482e-01 -4.295797348022460938e-01
-7.786944508552551270e-01 4.271969795227050781e-01 -4.594971835613250732e-01
-7.553986310958862305e-01 4.372146725654602051e-01 -4.880739152431488037e-01
-7.332613468170166016e-01 4.436389803886413574e-01 -5.152788758277893066e-01
-7.124450206756591797e-01 4.467110037803649902e-01 -5.411759018898010254e-01
-6.930137276649475098e-01 4.466471672058105469e-01 -5.658960342407226562e-01
-6.749477386474609375e-01 4.436181485652923584e-01 -5.896171927452087402e-01
-6.581599116325378418e-01 4.377410113811492920e-01 -6.125425696372985840e-01
-6.425082087516784668e-01 4.290704429149627686e-01 -6.348871588706970215e-01
-6.278073787689208984e-01 4.175963699817657471e-01 -6.568646430969238281e-01
-6.138367056846618652e-01 4.032448530197143555e-01 -6.786737442016601562e-01
-6.003452539443969727e-01 3.858780264854431152e-01 -7.004882693290710449e-01
-5.870530009269714355e-01 3.653049767017364502e-01 -7.224410772323608398e-01
-5.736541748046875000e-01 3.412865400314331055e-01 -7.446102499961853027e-01
-5.598170757293701172e-01 3.135496973991394043e-01 -7.670016288757324219e-01
-5.451877117156982422e-01 2.818124294281005859e-01 -7.895265221595764160e-01
-5.293953418731689453e-01 2.458102852106094360e-01 -8.119838833808898926e-01
-5.120633840560913086e-01 2.053415477275848389e-01 -8.340419530868530273e-01
-4.928312301635742188e-01 1.603147238492965698e-01 -8.552290201187133789e-01
-4.713811874389648438e-01 1.108107864856719971e-01 -8.749403953552246094e-01
-4.474760293960571289e-01 5.713567137718200684e-02 -8.924688696861267090e-01
-4.210007488727569580e-01 -1.326343335676938295e-04 -9.070602655410766602e-01
-3.919979631900787354e-01 -6.013803929090499878e-02 -9.179983735084533691e-01
-3.606905937194824219e-01 -1.217742785811424255e-01 -9.247017502784729004e-01
-3.274747729301452637e-01 -1.837694644927978516e-01 -9.268166422843933105e-01
-2.928872406482696533e-01 -2.448036521673202515e-01 -9.242771863937377930e-01
-2.575429975986480713e-01 -3.036386370658874512e-01 -9.173195362091064453e-01
-2.220660448074340820e-01 -3.592332303524017334e-01 -9.064425826072692871e-01
-1.870207786560058594e-01 -4.108163714408874512e-01 -8.923301100730895996e-01
-1.528628021478652954e-01 -4.579117596149444580e-01 -8.757566809654235840e-01
-1.199192032217979431e-01 -5.003131628036499023e-01 -8.574998974800109863e-01
-8.838330954313278198e-02 -5.380397439002990723e-01 -8.382730484008789062e-01
-5.833588540554046631e-02 -5.712727904319763184e-01 -8.186844587326049805e-01
-2.976529300212860107e-02 -6.002968549728393555e-01 -7.992231845855712891e-01
-2.596794860437512398e-03 -6.254499554634094238e-01 -7.802599072456359863e-01
2.328047715127468109e-02 -6.470888257026672363e-01 -7.620590329170227051e-01
4.799668118357658386e-02 -6.655622720718383789e-01 -7.447973489761352539e-01
7.168477773666381836e-02 -6.811979413032531738e-01 -7.285812497138977051e-01
9.446918219327926636e-02 -6.942957043647766113e-01 -7.134626507759094238e-01
1.164616271853446960e-01 -7.051250338554382324e-01 -6.994536519050598145e-01
1.377543509006500244e-01 -7.139271497726440430e-01 -6.865361332893371582e-01
1.584254652261734009e-01 -7.209171652793884277e-01 -6.746702194213867188e-01
1.785344779491424561e-01 -7.262888550758361816e-01 -6.637995243072509766e-01
1.981275826692581177e-01 -7.302184104919433594e-01 -6.538551449775695801e-01
2.172422558069229126e-01 -7.328668236732482910e-01 -6.447573304176330566e-01
2.359077781438827515e-01 -7.343829274177551270e-01 -6.364190578460693359e-01
2.541516125202178955e-01 -7.349058985710144043e-01 -6.287450790405273438e-01
2.720008790493011475e-01 -7.345671057701110840e-01 -6.216322779655456543e-01
2.894868850708007812e-01 -7.334885001182556152e-01 -6.149731278419494629e-01
3.066486120223999023e-01 -7.317842245101928711e-01 -6.086529493331909180e-01
3.235337734222412109e-01 -7.295602560043334961e-01 -6.025510430335998535e-01
3.401991724967956543e-01 -7.269128561019897461e-01 -5.965418815612792969e-01
3.567148745059967041e-01 -7.239271998405456543e-01 -5.904946327209472656e-01
3.731594383716583252e-01 -7.206778526306152344e-01 -5.842735171318054199e-01
3.896218836307525635e-01 -7.172262668609619141e-01 -5.777379870414733887e-01
4.062031209468841553e-01 -7.136194705963134766e-01 -5.707418322563171387e-01
4.230077266693115234e-01 -7.098906040191650391e-01 -5.631339550018310547e-01
4.401461780071258545e-01 -7.060567140579223633e-01 -5.547569394111633301e-01
4.577317833900451660e-01 -7.021184563636779785e-01 -5.454459190368652344e-01
4.758767485618591309e-01 -6.980578303337097168e-01 -5.350294709205627441e-01
4.946877062320709229e-01 -6.938406229019165039e-01 -5.233250856399536133e-01
5.142639875411987305e-01 -6.894136667251586914e-01 -5.101385116577148438e-01
5.346906781196594238e-01 -6.847037672996520996e-01 -4.952642619609832764e-01
5.560339093208312988e-01 -6.796186566352844238e-01 -4.784817993640899658e-01
5.783342719078063965e-01 -6.740467548370361328e-01 -4.595545232295989990e-01
6.015976071357727051e-01 -6.678556799888610840e-01 -4.382341802120208740e-01
6.257864236831665039e-01 -6.608951091766357422e-01 -4.142571687698364258e-01
6.508101820945739746e-01 -6.529960036277770996e-01 -3.873529136180877686e-01
6.765093803405761719e-01 -6.439774036407470703e-01 -3.572510480880737305e-01
7.026484012603759766e-01 -6.336481571197509766e-01 -3.236901164054870605e-01
7.289025783538818359e-01 -6.218163967132568359e-01 -2.864357829093933105e-01
7.548480629920959473e-01 -6.083013415336608887e-01 -2.453039586544036865e-01
7.799603343009948730e-01 -5.929496884346008301e-01 -2.001810669898986816e-01
8.036212921142578125e-01 -5.756510496139526367e-01 -1.510587334632873535e-01
8.251326084136962891e-01 -5.563638210296630859e-01 -9.805818647146224976e-02
8.437503576278686523e-01 -5.351325869560241699e-01 -4.145472496747970581e-02
8.587260246276855469e-01 -5.121077895164489746e-01 1.830888353288173676e-02
8.693605065345764160e-01 -4.875565469264984131e-01 8.062808215618133545e-02
8.750609159469604492e-01 -4.618571698665618896e-01 1.447629630565643311e-01
8.753864765167236328e-01 -4.354889690876007080e-01 2.098757624626159668e-01
8.700828552246093750e-01 -4.089954495429992676e-01 2.750971615314483643e-01
8.590877056121826172e-01 -3.829519748687744141e-01 3.395821750164031982e-01
8.425145149230957031e-01 -3.579195439815521240e-01 4.025703370571136475e-01
8.206177949905395508e-01 -3.344037532806396484e-01 4.634226262569427490e-01
7.937429547309875488e-01 -3.128274679183959961e-01 5.216425657272338867e-01
7.622782588005065918e-01 -2.935090363025665283e-01 5.768745541572570801e-01
7.266144156455993652e-01 -2.766541242599487305e-01 6.288830637931823730e-01
6.871128082275390625e-01 -2.623570263385772705e-01 6.775283813476562500e-01
6.440966725349426270e-01 -2.506069839000701904e-01 7.227278947830200195e-01
5.978478193283081055e-01 -2.413018345832824707e-01 7.644287943840026855e-01
5.486256480216979980e-01 -2.342563867568969727e-01 8.025795817375183105e-01
4.966858923435211182e-01 -2.292192131280899048e-01 8.371151089668273926e-01
4.423135817050933838e-01 -2.258817851543426514e-01 8.679493069648742676e-01
3.858479559421539307e-01 -2.238948941230773926e-01 8.949818015098571777e-01
3.277070522308349609e-01 -2.228818535804748535e-01 9.181131124496459961e-01
2.683991491794586182e-01 -2.224590480327606201e-01 9.372693300247192383e-01
2.085236907005310059e-01 -2.222518771886825562e-01 9.524294734001159668e-01
1.487486660480499268e-01 -2.219153195619583130e-01 9.636531472206115723e-01
8.977846801280975342e-02 -2.211518287658691406e-01 9.710982441902160645e-01
3.230972215533256531e-02 -2.197248786687850952e-01 9.750266671180725098e-01
-2.301705442368984222e-02 -2.174659371376037598e-01 9.757964611053466797e-01
-7.566050440073013306e-02 -2.142781466245651245e-01 9.738380312919616699e-01
-1.252049207687377930e-01 -2.101270109415054321e-01 9.696238636970520020e-01
-1.713789254426956177e-01 -2.050330787897109985e-01 9.636341333389282227e-01
-2.140530943870544434e-01 -1.990559101104736328e-01 9.563252925872802734e-01
-2.532283663749694824e-01 -1.922832578420639038e-01 9.481046795845031738e-01
-2.890154123306274414e-01 -1.848160028457641602e-01 9.393152594566345215e-01
-3.216093182563781738e-01 -1.767592430114746094e-01 9.302277565002441406e-01
-3.512643277645111084e-01 -1.682140827178955078e-01 9.210414886474609375e-01
-3.782740533351898193e-01 -1.592727303504943848e-01 9.118885993957519531e-01
-4.029513001441955566e-01 -1.500176340341567993e-01 9.028427004814147949e-01
-4.256123602390289307e-01 -1.405181288719177246e-01 8.939288854598999023e-01
-4.465685188770294189e-01 -1.308346688747406006e-01 8.851321339607238770e-01
-4.661146104335784912e-01 -1.210191622376441956e-01 8.764083385467529297e-01
-4.845249354839324951e-01 -1.111189499497413635e-01 8.676912784576416016e-01
-5.020504593849182129e-01 -1.011808440089225769e-01 8.588991165161132812e-01
-5.189137458801269531e-01 -9.125628322362899780e-02 8.499416708946228027e-01
-5.353112220764160156e-01 -8.140181005001068115e-02 8.407233357429504395e-01
-5.514092445373535156e-01 -7.169092446565628052e-02 8.311486840248107910e-01
-5.673440694808959961e-01 -6.221237778663635254e-02 8.211274147033691406e-01
-5.832236409187316895e-01 -5.307968705892562866e-02 8.105756044387817383e-01
-5.991241931915283203e-01 -4.443094506859779358e-02 7.994223237037658691e-01
-6.150938868522644043e-01 -3.643290325999259949e-02 7.876117229461669922e-01
-6.311519742012023926e-01 -2.928540296852588654e-02 7.751060724258422852e-01
-6.472885608673095703e-01 -2.321868576109409332e-02 7.618913650512695312e-01
-6.634656190872192383e-01 -1.849358156323432922e-02 7.479781508445739746e-01
-6.796191334724426270e-01 -1.539886835962533951e-02 7.334035634994506836e-01
-6.956598758697509766e-01 -1.424401160329580307e-02 7.182300686836242676e-01
-7.114727497100830078e-01 -1.535687129944562912e-02 7.025459408760070801e-01
-7.269203066825866699e-01 -1.906755566596984863e-02 6.864570975303649902e-01
-7.418391108512878418e-01 -2.570479363203048706e-02 6.700851321220397949e-01
-7.560402750968933105e-01 -3.557998687028884888e-02 6.535573601722717285e-01
-7.693085074424743652e-01 -4.897588491439819336e-02 6.369975209236145020e-01
-7.813988327980041504e-01 -6.613393872976303101e-02 6.205176711082458496e-01
-7.920364141464233398e-01 -8.723612874746322632e-02 6.042087078094482422e-01
-8.009175658226013184e-01 -1.123948171734809875e-01 5.881312489509582520e-01
-8.077098131179809570e-01 -1.416358500719070435e-01 5.723146200180053711e-01
-8.120612502098083496e-01 -1.748858839273452759e-01 5.567508339881896973e-01
-8.136119246482849121e-01 -2.119632363319396973e-01 5.413937568664550781e-01
-8.120082616806030273e-01 -2.525726854801177979e-01 5.261650085449218750e-01
-8.069233298301696777e-01 -2.963053584098815918e-01 5.109578371047973633e-01
-7.980779409408569336e-01 -3.426488637924194336e-01 4.956443309783935547e-01
-7.852608561515808105e-01 -3.910055458545684814e-01 4.800834357738494873e-01
-7.683473825454711914e-01 -4.407121539115905762e-01 4.641284048557281494e-01
-7.473070025444030762e-01 -4.910731613636016846e-01 4.476375877857208252e-01
-7.222101688385009766e-01 -5.413899421691894531e-01 4.304756820201873779e-01
-6.932244896888732910e-01 -5.909848809242248535e-01 4.125247895717620850e-01
-6.606069207191467285e-01 -6.392248868942260742e-01 3.936878442764282227e-01
-6.246911883354187012e-01 -6.855403184890747070e-01 3.738922178745269775e-01
-5.858813524246215820e-01 -7.294272184371948242e-01 3.530991673469543457e-01
-5.446367263793945312e-01 -7.704593539237976074e-01 3.313052356243133545e-01
-5.014644265174865723e-01 -8.082863688468933105e-01 3.085554838180541992e-01
-4.569113552570343018e-01 -8.426392078399658203e-01 2.849406301975250244e-01
-4.115492999553680420e-01 -8.733338117599487305e-01 2.606053948402404785e-01
-3.659680187702178955e-01 -9.002735018730163574e-01 2.357436865568161011e-01
-3.207513391971588135e-01 -9.234555363655090332e-01 2.105904519557952881e-01
-2.764610052108764648e-01 -9.429687857627868652e-01 1.854165196418762207e-01
-2.336116135120391846e-01 -9.589912891387939453e-01 1.605036258697509766e-01
-1.926528215408325195e-01 -9.717775583267211914e-01 1.361367702484130859e-01
-1.539500504732131958e-01 -9.816439747810363770e-01 1.125809028744697571e-01
-1.177788525819778442e-01 -9.889466166496276855e-01 9.007078409194946289e-02
-8.431865274906158447e-02 -9.940608739852905273e-01 6.879954040050506592e-02
-5.365630239248275757e-02 -9.973608851432800293e-01 4.891288280487060547e-02
-2.579424716532230377e-02 -9.992015361785888672e-01 3.050986118614673615e-02
-6.662688101641833782e-04 -9.999067187309265137e-01 1.364356745034456253e-02
2.185220457613468170e-02 -9.997598528861999512e-01 -1.673676772043108940e-03
4.193053022027015686e-02 -9.990009069442749023e-01 -1.546215265989303589e-02
5.976471304893493652e-02 -9.978261590003967285e-01 -2.776950970292091370e-02
7.557026296854019165e-02 -9.963905811309814453e-01 -3.866463527083396912e-02
8.957051485776901245e-02 -9.948120713233947754e-01 -4.822979122400283813e-02
1.019907593727111816e-01 -9.931763410568237305e-01 -5.655679106712341309e-02
1.130506023764610291e-01 -9.915423989295959473e-01 -6.374265998601913452e-02
1.229613423347473145e-01 -9.899475574493408203e-01 -6.988811492919921875e-02
1.319244354963302612e-01 -9.884114861488342285e-01 -7.509128004312515259e-02
1.401286572217941284e-01 -9.869404435157775879e-01 -7.945133000612258911e-02
1.477484554052352905e-01 -9.855308532714843750e-01 -8.306261897087097168e-02
1.549464017152786255e-01 -9.841710329055786133e-01 -8.601806312799453735e-02
1.618731468915939331e-01 -9.828435778617858887e-01 -8.840601146221160889e-02
1.686671525239944458e-01 -9.815268516540527344e-01 -9.031224250793457031e-02
1.754547953605651855e-01 -9.801963567733764648e-01 -9.181955456733703613e-02
1.823528856039047241e-01 -9.788242578506469727e-01 -9.300834685564041138e-02
1.894695013761520386e-01 -9.773810505867004395e-01 -9.395616501569747925e-02
1.969034671783447266e-01 -9.758347868919372559e-01 -9.473856538534164429e-02
2.047446072101593018e-01 -9.741524457931518555e-01 -9.542912989854812622e-02
2.130759805440902710e-01 -9.722981452941894531e-01 -9.609922766685485840e-02
2.219725102186203003e-01 -9.702343940734863281e-01 -9.681639820337295532e-02
2.315024435520172119e-01 -9.679214358329772949e-01 -9.764572978019714355e-02
2.417281866073608398e-01 -9.653168320655822754e-01 -9.864538162946701050e-02
2.527052164077758789e-01 -9.623755812644958496e-01 -9.986665844917297363e-02
2.644822299480438232e-01 -9.590501189231872559e-01 -1.013511344790458679e-01
2.771019935607910156e-01 -9.552899599075317383e-01 -1.031287014484405518e-01
2.906017899513244629e-01 -9.510419964790344238e-01 -1.052124053239822388e-01
3.050124347209930420e-01 -9.462504386901855469e-01 -1.075987219810485840e-01
3.203569054603576660e-01 -9.408581256866455078e-01 -1.102610230445861816e-01
3.366504013538360596e-01 -9.348067641258239746e-01 -1.131498888134956360e-01
3.538995385169982910e-01 -9.280385971069335938e-01 -1.161873042583465576e-01
3.721014261245727539e-01 -9.204974174499511719e-01 -1.192685812711715698e-01
3.912416398525238037e-01 -9.121310710906982422e-01 -1.222575083374977112e-01
4.112946391105651855e-01 -9.028921723365783691e-01 -1.249894574284553528e-01
4.322197437286376953e-01 -8.927420377731323242e-01 -1.272700726985931396e-01
4.539636969566345215e-01 -8.816503286361694336e-01 -1.288786232471466064e-01
4.764580726623535156e-01 -8.695973753929138184e-01 -1.295686066150665283e-01
4.996181726455688477e-01 -8.565756678581237793e-01 -1.290728598833084106e-01
5.233432054519653320e-01 -8.425886631011962891e-01 -1.271069198846817017e-01
5.475166440010070801e-01 -8.276500701904296875e-01 -1.233727112412452698e-01
5.720034837722778320e-01 -8.117823600769042969e-01 -1.175644844770431519e-01
5.966510772705078125e-01 -7.950125932693481445e-01 -1.093728914856910706e-01
6.212877631187438965e-01 -7.773685455322265625e-01 -9.848722815513610840e-02
6.457180380821228027e-01 -7.588740587234497070e-01 -8.460693806409835815e-02
6.697223782539367676e-01 -7.395430803298950195e-01 -6.743920594453811646e-02
6.930488944053649902e-01 -7.193756103515625000e-01 -4.671056196093559265e-02
7.154107093811035156e-01 -6.983521580696105957e-01 -2.217494137585163116e-02
7.364771962165832520e-01 -6.764322519302368164e-01 6.377943791449069977e-03
7.558689713478088379e-01 -6.535540223121643066e-01 3.910453245043754578e-02
7.731537222862243652e-01 -6.296375989913940430e-01 7.609162479639053345e-02
7.878474593162536621e-01 -6.045902371406555176e-01 1.173334419727325439e-01
7.994202971458435059e-01 -5.783197879791259766e-01 1.627066880464553833e-01
8.073128461837768555e-01 -5.507481098175048828e-01 2.119494676589965820e-01
8.109625577926635742e-01 -5.218295454978942871e-01 2.646388113498687744e-01
8.098402619361877441e-01 -4.915730357170104980e-01 3.201790153980255127e-01
8.034969568252563477e-01 -4.600548446178436279e-01 3.778122663497924805e-01
7.916105985641479492e-01 -4.274342358112335205e-01 4.366379678249359131e-01
7.740287184715270996e-01 -3.939574658870697021e-01 4.956581294536590576e-01
7.507970929145812988e-01 -3.599501550197601318e-01 5.538408160209655762e-01
7.221669554710388184e-01 -3.257990181446075439e-01 6.101884841918945312e-01
6.885801553726196289e-01 -2.919256389141082764e-01 6.638047695159912109e-01
6.506291031837463379e-01 -2.587577402591705322e-01 7.139510512351989746e-01
6.090074181556701660e-01 -2.266998291015625000e-01 7.600769996643066406e-01
5.644503235816955566e-01 -1.961099654436111450e-01 8.018333911895751953e-01
5.176882743835449219e-01 -1.672853082418441772e-01 8.390557169914245605e-01
4.694025814533233643e-01 -1.404557675123214722e-01 8.717415928840637207e-01
4.202021956443786621e-01 -1.157891750335693359e-01 9.000127911567687988e-01
3.706108331680297852e-01 -9.339391440153121948e-02 9.240807294845581055e-01
3.210659623146057129e-01 -7.333090156316757202e-02 9.442135095596313477e-01
2.719273865222930908e-01 -5.562148988246917725e-02 9.607090353965759277e-01
2.234832495450973511e-01 -4.026036709547042847e-02 9.738759398460388184e-01
1.759669035673141479e-01 -2.721694670617580414e-02 9.840197563171386719e-01
1.295651197433471680e-01 -1.644700951874256134e-02 9.914345145225524902e-01
8.442856371402740479e-02 -7.891897112131118774e-03 9.963983297348022461e-01
4.067613929510116577e-02 -1.483645290136337280e-03 9.991713166236877441e-01
-1.596665126271545887e-03 2.854967955499887466e-03 9.999946951866149902e-01
-4.231759160757064819e-02 5.207965616136789322e-03 9.990906119346618652e-01
-8.143503218889236450e-02 5.667529534548521042e-03 9.966625571250915527e-01
-1.189168170094490051e-01 4.332051612436771393e-03 9.928947687149047852e-01
-1.547498106956481934e-01 1.306735095568001270e-03 9.879528284072875977e-01
-1.889385432004928589e-01 -3.298067254945635796e-03 9.819833636283874512e-01
-2.215062975883483887e-01 -9.365363046526908875e-03 9.751139283180236816e-01
-2.524913549423217773e-01 -1.677404716610908508e-02 9.674537777900695801e-01
-2.819460928440093994e-01 -2.539689652621746063e-02 9.590940475463867188e-01
-3.099361658096313477e-01 -3.510127216577529907e-02 9.501091837882995605e-01
-3.365380465984344482e-01 -4.574895277619361877e-02 9.405578970909118652e-01
-3.618395328521728516e-01 -5.719512328505516052e-02 9.304841756820678711e-01
-3.859367072582244873e-01 -6.928993016481399536e-02 9.199193716049194336e-01
-4.089319109916687012e-01 -8.187665790319442749e-02 9.088844060897827148e-01
-4.309367239475250244e-01 -9.479200094938278198e-02 8.973895907402038574e-01
-4.520675539970397949e-01 -1.078681051731109619e-01 8.854373693466186523e-01
-4.724472165107727051e-01 -1.209309101104736328e-01 8.730231523513793945e-01
-4.922028481960296631e-01 -1.338040977716445923e-01 8.601353168487548828e-01
-5.114676356315612793e-01 -1.463083624839782715e-01 8.467554450035095215e-01
-5.303772091865539551e-01 -1.582657396793365479e-01 8.328576683998107910e-01
-5.490713119506835938e-01 -1.694985032081604004e-01 8.184075355529785156e-01
-5.676897764205932617e-01 -1.798339039087295532e-01 8.033604621887207031e-01
-5.863733887672424316e-01 -1.891062110662460327e-01 7.876579761505126953e-01
-6.052607297897338867e-01 -1.971557438373565674e-01 7.712256908416748047e-01
-6.244860887527465820e-01 -2.038319408893585205e-01 7.539693117141723633e-01
-6.441754102706909180e-01 -2.089949250221252441e-01 7.357711195945739746e-01
-6.644438505172729492e-01 -2.125157564878463745e-01 7.164855599403381348e-01
-6.853901743888854980e-01 -2.142756432294845581e-01 6.959355473518371582e-01
-7.070890665054321289e-01 -2.141708731651306152e-01 6.739108562469482422e-01
-7.295850515365600586e-01 -2.121101319789886475e-01 6.501652598381042480e-01
-7.528821229934692383e-01 -2.080209255218505859e-01 6.244163513183593750e-01
-7.769312262535095215e-01 -2.018489837646484375e-01 5.963512659072875977e-01
-8.016183376312255859e-01 -1.935702264308929443e-01 5.656312108039855957e-01
-8.267489671707153320e-01 -1.831946820020675659e-01 5.319077372550964355e-01
-8.520361781120300293e-01 -1.707793772220611572e-01 4.948421716690063477e-01
-8.770915269851684570e-01 -1.564426273107528687e-01 4.541322290897369385e-01
-9.014207720756530762e-01 -1.403776705265045166e-01 4.095542728900909424e-01
-9.244363307952880859e-01 -1.228679269552230835e-01 3.609998822212219238e-01
-9.454816579818725586e-01 -1.042969450354576111e-01 3.085233867168426514e-01
-9.638739824295043945e-01 -8.515141159296035767e-02 2.523810267448425293e-01
-9.789654612541198730e-01 -6.601210683584213257e-02 1.930518299341201782e-01
-9.902108907699584961e-01 -4.753339290618896484e-02 1.312360018491744995e-01
-9.972340464591979980e-01 -3.040468879044055939e-02 6.782099604606628418e-02
-9.998755455017089844e-01 -1.530508138239383698e-02 3.824235871434211731e-03
-9.982130527496337891e-01 -2.863013418391346931e-03 -5.968566238880157471e-02
-9.925490617752075195e-01 6.389682181179523468e-03 -1.216778457164764404e-01
-9.833679199218750000e-01 1.204335782676935196e-02 -1.812248378992080688e-01
-9.712774157524108887e-01 1.382269337773323059e-02 -2.375483065843582153e-01
-9.569444656372070312e-01 1.158593967556953430e-02 -2.900395393371582031e-01
-9.410409927368164062e-01 5.315478425472974777e-03 -3.382508158683776855e-01
-9.242029786109924316e-01 -4.897211678326129913e-03 -3.818703591823577881e-01
-9.070087075233459473e-01 -1.886775717139244080e-02 -4.206891357898712158e-01
-8.899705410003662109e-01 -3.632680699229240417e-02 -4.545689225196838379e-01
-8.735389113426208496e-01 -5.693496391177177429e-02 -4.834129512310028076e-01
-8.581124544143676758e-01 -8.028364926576614380e-02 -5.071465969085693359e-01
-8.440474271774291992e-01 -1.059041097760200500e-01 -5.257073044776916504e-01
-8.316679000854492188e-01 -1.332740336656570435e-01 -5.390422344207763672e-01
-8.212659955024719238e-01 -1.618298292160034180e-01 -5.471135377883911133e-01
-8.131001591682434082e-01 -1.909766644239425659e-01 -5.499054789543151855e-01
-8.073823451995849609e-01 -2.201092243194580078e-01 -5.474355220794677734e-01
-8.042622208595275879e-01 -2.486306875944137573e-01 -5.397638678550720215e-01
-8.038053512573242188e-01 -2.759758234024047852e-01 -5.270048975944519043e-01
-8.059741258621215820e-01 -3.016293644905090332e-01 -5.093382596969604492e-01
-8.106107711791992188e-01 -3.251524865627288818e-01 -4.870174527168273926e-01
-8.174326419830322266e-01 -3.461969494819641113e-01 -4.603819549083709717e-01
-8.260371088981628418e-01 -3.645243048667907715e-01 -4.298659563064575195e-01
-8.359235525131225586e-01 -3.800168931484222412e-01 -3.960037827491760254e-01
-8.465287089347839355e-01 -3.926873803138732910e-01 -3.594242036342620850e-01
-8.572699427604675293e-01 -4.026780128479003906e-01 -3.208403289318084717e-01
-8.675959110260009766e-01 -4.102518856525421143e-01 -2.810174226760864258e-01
-8.770284056663513184e-01 -4.157706201076507568e-01 -2.407406717538833618e-01
-8.851937055587768555e-01 -4.196712374687194824e-01 -2.007690221071243286e-01
-8.918379545211791992e-01 -4.224300086498260498e-01 -1.617961823940277100e-01
-8.968247771263122559e-01 -4.245291650295257568e-01 -1.244203448295593262e-01
-9.001204967498779297e-01 -4.264275431632995605e-01 -8.912118524312973022e-02
-9.017703533172607422e-01 -4.285390675067901611e-01 -5.625449493527412415e-02
-9.018720388412475586e-01 -4.312165975570678711e-01 -2.605545148253440857e-02
-9.005510210990905762e-01 -4.347481727600097656e-01 1.343235606327652931e-03
-8.979380130767822266e-01 -4.393591284751892090e-01 2.590135857462882996e-02
-8.941549658775329590e-01 -4.452151954174041748e-01 4.764712974429130554e-02
-8.893036246299743652e-01 -4.524330198764801025e-01 6.665979325771331787e-02
-8.834582567214965820e-01 -4.610890746116638184e-01 8.305608481168746948e-02
-8.766639828681945801e-01 -4.712281227111816406e-01 9.697566181421279907e-02
-8.689329028129577637e-01 -4.828743040561676025e-01 1.085729971528053284e-01
-8.602484464645385742e-01 -4.960310459136962891e-01 1.180070564150810242e-01
-8.505652546882629395e-01 -5.106893181800842285e-01 1.254400610923767090e-01
-8.398107886314392090e-01 -5.268297195434570312e-01 1.310279518365859985e-01
-8.278906345367431641e-01 -5.444199442863464355e-01 1.349222958087921143e-01
-8.146916031837463379e-01 -5.634140372276306152e-01 1.372670978307723999e-01
-8.000853657722473145e-01 -5.837507247924804688e-01 1.381973028182983398e-01
-7.839360237121582031e-01 -6.053469777107238770e-01 1.378380507230758667e-01
-7.661063671112060547e-01 -6.280938982963562012e-01 1.363058090209960938e-01
-7.464671730995178223e-01 -6.518508791923522949e-01 1.337055414915084839e-01
-7.249041795730590820e-01 -6.764454245567321777e-01 1.301365643739700317e-01
-7.013323903083801270e-01 -7.016664147377014160e-01 1.256869435310363770e-01
-6.757026314735412598e-01 -7.272689938545227051e-01 1.204402670264244080e-01
-6.480143070220947266e-01 -7.529768347740173340e-01 1.144696325063705444e-01
-6.183219552040100098e-01 -7.784906029701232910e-01 1.078439131379127502e-01
-5.867399573326110840e-01 -8.034989237785339355e-01 1.006267666816711426e-01
-5.534417033195495605e-01 -8.276935219764709473e-01 9.287508577108383179e-02
-5.186584591865539551e-01 -8.507816195487976074e-01 8.463988453149795532e-02
-4.826665222644805908e-01 -8.725037574768066406e-01 7.596178352832794189e-02
-4.457750916481018066e-01 -8.926432728767395020e-01 6.687732040882110596e-02
-4.083088636398315430e-01 -9.110367298126220703e-01 5.741066485643386841e-02
-3.705932796001434326e-01 -9.275760054588317871e-01 4.757558926939964294e-02
-3.329372704029083252e-01 -9.422079920768737793e-01 3.737588599324226379e-02
-2.956219613552093506e-01 -9.549289345741271973e-01 2.680444903671741486e-02
-2.588905394077301025e-01 -9.657766819000244141e-01 1.584541983902454376e-02
-2.229458689689636230e-01 -9.748205542564392090e-01 4.475255962461233139e-03
-1.879478842020034790e-01 -9.821516275405883789e-01 -7.333930116146802902e-03
-1.540193110704421997e-01 -9.878731369972229004e-01 -1.961218751966953278e-02
-1.212491393089294434e-01 -9.920936226844787598e-01 -3.238660469651222229e-02
-8.970017731189727783e-02 -9.949206709861755371e-01 -4.568068310618400574e-02
-5.941601097583770752e-02 -9.964579343795776367e-01 -5.950808152556419373e-02
-3.042731806635856628e-02 -9.968034029006958008e-01 -7.387191802263259888e-02
-2.760474337264895439e-03 -9.960491657257080078e-01 -8.876066654920578003e-02
2.356216125190258026e-02 -9.942830204963684082e-01 -1.041447222232818604e-01
4.851646348834037781e-02 -9.915901422500610352e-01 -1.199792623519897461e-01
7.207495719194412231e-02 -9.880563616752624512e-01 -1.361974775791168213e-01
9.421159327030181885e-02 -9.837692975997924805e-01 -1.527155786752700806e-01
1.148959845304489136e-01 -9.788216352462768555e-01 -1.694319397211074829e-01
1.341032832860946655e-01 -9.733115434646606445e-01 -1.862283945083618164e-01
1.518130451440811157e-01 -9.673438668251037598e-01 -2.029744535684585571e-01
1.680151373147964478e-01 -9.610295295715332031e-01 -2.195293307304382324e-01
1.827162057161331177e-01 -9.544832706451416016e-01 -2.357467710971832275e-01
1.959393918514251709e-01 -9.478220343589782715e-01 -2.514778971672058105e-01
2.077299952507019043e-01 -9.411611557006835938e-01 -2.665780782699584961e-01
2.181546390056610107e-01 -9.346122145652770996e-01 -2.809067666530609131e-01
2.273067682981491089e-01 -9.282768964767456055e-01 -2.943359911441802979e-01
2.353015244007110596e-01 -9.222455620765686035e-01 -3.067510128021240234e-01
2.422765642404556274e-01 -9.165946245193481445e-01 -3.180508315563201904e-01
2.483888566493988037e-01 -9.113829731941223145e-01 -3.281525969505310059e-01
2.538110911846160889e-01 -9.066505432128906250e-01 -3.369934856891632080e-01
2.587274909019470215e-01 -9.024194478988647461e-01 -3.445275127887725830e-01
2.633283734321594238e-01 -8.986932635307312012e-01 -3.507259786128997803e-01
2.678054869174957275e-01 -8.954582810401916504e-01 -3.555765450000762939e-01
2.723463773727416992e-01 -8.926851153373718262e-01 -3.590829968452453613e-01
2.771328985691070557e-01 -8.903306126594543457e-01 -3.612601757049560547e-01
2.823370099067687988e-01 -8.883388042449951172e-01 -3.621326386928558350e-01
2.881156802177429199e-01 -8.866451382637023926e-01 -3.617314994335174561e-01
2.946135997772216797e-01 -8.851752281188964844e-01 -3.600939810276031494e-01
3.019604384899139404e-01 -8.838480114936828613e-01 -3.572571873664855957e-01
3.102724552154541016e-01 -8.825765848159790039e-01 -3.532557785511016846e-01
3.196542263031005859e-01 -8.812681436538696289e-01 -3.481203019618988037e-01
3.301980495452880859e-01 -8.798249959945678711e-01 -3.418731689453125000e-01
3.419899344444274902e-01 -8.781434297561645508e-01 -3.345249891281127930e-01
3.551095724105834961e-01 -8.761130571365356445e-01 -3.260723054409027100e-01
3.696273863315582275e-01 -8.736169934272766113e-01 -3.164947926998138428e-01
3.856109380722045898e-01 -8.705287575721740723e-01 -3.057514131069183350e-01
4.031195938587188721e-01 -8.667110204696655273e-01 -2.937797605991363525e-01
4.222027957439422607e-01 -8.620148301124572754e-01 -2.804911732673645020e-01
4.428940117359161377e-01 -8.562763929367065430e-01 -2.657738029956817627e-01
4.652023017406463623e-01 -8.493176102638244629e-01 -2.494923919439315796e-01
4.891036152839660645e-01 -8.409466743469238281e-01 -2.314871996641159058e-01
5.145255923271179199e-01 -8.309602737426757812e-01 -2.115852981805801392e-01
5.413362383842468262e-01 -8.191493153572082520e-01 -1.896033287048339844e-01
5.693274736404418945e-01 -8.053084611892700195e-01 -1.653616130352020264e-01
5.982040762901306152e-01 -7.892493605613708496e-01 -1.386988312005996704e-01
6.275737285614013672e-01 -7.708197832107543945e-01 -1.094901040196418762e-01
6.569469571113586426e-01 -7.499257922172546387e-01 -7.766639441251754761e-02
6.857439279556274414e-01 -7.265574336051940918e-01 -4.323672503232955933e-02
7.133187651634216309e-01 -7.008113265037536621e-01 -6.297796964645385742e-03
7.389935255050659180e-01 -6.729061603546142578e-01 3.295290842652320862e-02
7.620980739593505859e-01 -6.431930065155029297e-01 7.422500848770141602e-02
7.820199728012084961e-01 -6.121450066566467285e-01 1.171463876962661743e-01
7.982458472251892090e-01 -5.803341865539550781e-01 1.612941026687622070e-01
8.103917837142944336e-01 -5.483944416046142578e-01 2.062247097492218018e-01
8.182172179222106934e-01 -5.169759988784790039e-01 2.515080869197845459e-01
8.216180205345153809e-01 -4.867003560066223145e-01 2.967600226402282715e-01
8.206070065498352051e-01 -4.581189751625061035e-01 3.416596651077270508e-01
8.152790665626525879e-01 -4.316860139369964600e-01 3.859628438949584961e-01
8.057783842086791992e-01 -4.077432453632354736e-01 4.294957816600799561e-01
7.922655344009399414e-01 -3.865132629871368408e-01 4.721470773220062256e-01
7.748906612396240234e-01 -3.681049048900604248e-01 5.138514041900634766e-01
7.537748217582702637e-01 -3.525243699550628662e-01 5.545719861984252930e-01
7.289997935295104980e-01 -3.396896123886108398e-01 5.942813754081726074e-01
7.006087899208068848e-01 -3.294436335563659668e-01 6.329408884048461914e-01
6.686072349548339844e-01 -3.215672969818115234e-01 6.704915761947631836e-01
6.329764127731323242e-01 -3.157931864261627197e-01 7.068348526954650879e-01
5.936859250068664551e-01 -3.118139207363128662e-01 7.418283224105834961e-01
5.507116913795471191e-01 -3.092968165874481201e-01 7.752755284309387207e-01
5.040568113327026367e-01 -3.078844249248504639e-01 8.069286346435546875e-01
4.537778198719024658e-01 -3.072095811367034912e-01 8.364855051040649414e-01
4.000001251697540283e-01 -3.069036006927490234e-01 8.636029958724975586e-01
3.429445028305053711e-01 -3.066071867942810059e-01 8.879082798957824707e-01
2.829445600509643555e-01 -3.059855401515960693e-01 9.090188145637512207e-01
2.204547822475433350e-01 -3.047401905059814453e-01 9.265705943107604980e-01
1.560498476028442383e-01 -3.026290535926818848e-01 9.402468204498291016e-01
9.040927886962890625e-02 -2.994751930236816406e-01 9.498108625411987305e-01
2.429604344069957733e-02 -2.951811552047729492e-01 9.551323056221008301e-01
-4.149100184440612793e-02 -2.897332608699798584e-01 9.562076330184936523e-01
-1.061571314930915833e-01 -2.832034230232238770e-01 9.531666040420532227e-01
-1.689658910036087036e-01 -2.757347226142883301e-01 9.462668299674987793e-01
-2.292781770229339600e-01 -2.675347328186035156e-01 9.358721971511840820e-01
-2.865854501724243164e-01 -2.588511407375335693e-01 9.224233031272888184e-01
-3.405275642871856689e-01 -2.499527335166931152e-01 9.064020514488220215e-01
-3.908963799476623535e-01 -2.411098331212997437e-01 8.882939815521240234e-01
-4.376216232776641846e-01 -2.325775474309921265e-01 8.685591220855712891e-01
-4.807563424110412598e-01 -2.245823293924331665e-01 8.476061224937438965e-01
-5.204510092735290527e-01 -2.173140496015548706e-01 8.257756233215332031e-01
-5.569291114807128906e-01 -2.109221816062927246e-01 8.033317327499389648e-01
-5.904624462127685547e-01 -2.055139243602752686e-01 7.804601788520812988e-01
-6.213508844375610352e-01 -2.011567354202270508e-01 7.572707533836364746e-01
-6.499059200286865234e-01 -1.978829652070999146e-01 7.338014245033264160e-01
-6.764369606971740723e-01 -1.956934630870819092e-01 7.100261449813842773e-01
-7.012405395507812500e-01 -1.945613622665405273e-01 6.858626604080200195e-01
-7.245960235595703125e-01 -1.944399923086166382e-01 6.611759066581726074e-01
-7.467547655105590820e-01 -1.952670514583587646e-01 6.357894539833068848e-01
-7.679389715194702148e-01 -1.969684213399887085e-01 6.094860434532165527e-01
-7.883331775665283203e-01 -1.994650214910507202e-01 5.820176005363464355e-01
-8.080822229385375977e-01 -2.026762664318084717e-01 5.531052350997924805e-01
-8.272820711135864258e-01 -2.065241932868957520e-01 5.224483013153076172e-01
-8.459722995758056641e-01 -2.109379023313522339e-01 4.897305667400360107e-01
-8.641289472579956055e-01 -2.158573567867279053e-01 4.546282887458801270e-01
-8.816531896591186523e-01 -2.212354242801666260e-01 4.168243110179901123e-01
-8.983628749847412109e-01 -2.270403951406478882e-01 3.760276436805725098e-01
-9.139847159385681152e-01 -2.332592606544494629e-01 3.319969773292541504e-01
-9.281533956527709961e-01 -2.398949861526489258e-01 2.845728397369384766e-01
-9.404155015945434570e-01 -2.469709515571594238e-01 2.337181121110916138e-01
-9.502504467964172363e-01 -2.545246779918670654e-01 1.795589327812194824e-01
-9.571045637130737305e-01 -2.626082599163055420e-01 1.224242001771926880e-01
-9.604432582855224609e-01 -2.712847590446472168e-01 6.287544220685958862e-02
-9.598177075386047363e-01 -2.806192040443420410e-01 1.715727499686181545e-03
-9.549347162246704102e-01 -2.906807959079742432e-01 -6.003619730472564697e-02
-9.457239508628845215e-01 -3.015242516994476318e-01 -1.211996674537658691e-01
-9.323751926422119141e-01 -3.131898045539855957e-01 -1.805230826139450073e-01
-9.153455495834350586e-01 -3.256919085979461670e-01 -2.367853820323944092e-01
-8.953276872634887695e-01 -3.390086889266967773e-01 -2.888971865177154541e-01
-8.731859922409057617e-01 -3.530758619308471680e-01 -3.359816670417785645e-01
-8.498768806457519531e-01 -3.677849471569061279e-01 -3.774168193340301514e-01
-8.263695836067199707e-01 -3.829736113548278809e-01 -4.128492176532745361e-01
-8.035743832588195801e-01 -3.984415233135223389e-01 -4.421678781509399414e-01
-7.822939157485961914e-01 -4.139508605003356934e-01 -4.654685556888580322e-01
-7.631922960281372070e-01 -4.292429983615875244e-01 -4.829989671707153320e-01
-7.467811703681945801e-01 -4.440496265888214111e-01 -4.951138794422149658e-01
-7.334171533584594727e-01 -4.581123590469360352e-01 -5.022273659706115723e-01
-7.233103513717651367e-01 -4.711937904357910156e-01 -5.047757625579833984e-01
-7.165341377258300781e-01 -4.830933809280395508e-01 -5.031893253326416016e-01
-7.130402922630310059e-01 -4.936536252498626709e-01 -4.978750646114349365e-01
-7.126750349998474121e-01 -5.027667880058288574e-01 -4.892031848430633545e-01
-7.151966094970703125e-01 -5.103759169578552246e-01 -4.775041341781616211e-01
-7.202895283699035645e-01 -5.164763927459716797e-01 -4.630713462829589844e-01
-7.275865077972412109e-01 -5.211071968078613281e-01 -4.461673200130462646e-01
-7.366836071014404297e-01 -5.243481397628784180e-01 -4.270318448543548584e-01
-7.471557855606079102e-01 -5.263130664825439453e-01 -4.058974087238311768e-01
-7.585772871971130371e-01 -5.271399021148681641e-01 -3.829934597015380859e-01
-7.705340385437011719e-01 -5.269839167594909668e-01 -3.585597872734069824e-01
-7.826383113861083984e-01 -5.260119438171386719e-01 -3.328494131565093994e-01
-7.945399880409240723e-01 -5.243936181068420410e-01 -3.061330914497375488e-01
-8.059381246566772461e-01 -5.222966670989990234e-01 -2.786933183670043945e-01
-8.165829777717590332e-01 -5.198846459388732910e-01 -2.508231401443481445e-01
-8.262826800346374512e-01 -5.173107981681823730e-01 -2.228151410818099976e-01
-8.348996639251708984e-01 -5.147185921669006348e-01 -1.949548721313476562e-01
-8.423477411270141602e-01 -5.122412443161010742e-01 -1.675089001655578613e-01
-8.485862612724304199e-01 -5.099996924400329590e-01 -1.407182365655899048e-01
-8.536112904548645020e-01 -5.081053972244262695e-01 -1.147892251610755920e-01
-8.574458956718444824e-01 -5.066615939140319824e-01 -8.989197760820388794e-02
-8.601307272911071777e-01 -5.057653784751892090e-01 -6.615504622459411621e-02
-8.617142438888549805e-01 -5.055110454559326172e-01 -4.367074370384216309e-02
-8.622457385063171387e-01 -5.059904456138610840e-01 -2.249320037662982941e-02
-8.617660999298095703e-01 -5.072988271713256836e-01 -2.643728861585259438e-03
-8.603053092956542969e-01 -5.095316171646118164e-01 1.588232070207595825e-02
-8.578746318817138672e-01 -5.127909183502197266e-01 3.311317786574363708e-02
-8.544643521308898926e-01 -5.171856284141540527e-01 4.909025877714157104e-02
-8.500431180000305176e-01 -5.228264331817626953e-01 6.386876851320266724e-02
-8.445536494255065918e-01 -5.298318862915039062e-01 7.750627398490905762e-02
-8.379135727882385254e-01 -5.383211970329284668e-01 9.006147831678390503e-02
-8.300136327743530273e-01 -5.484134554862976074e-01 1.015877500176429749e-01
-8.207176923751831055e-01 -5.602225065231323242e-01 1.121301352977752686e-01
-8.098640441894531250e-01 -5.738508701324462891e-01 1.217187643051147461e-01
-7.972672581672668457e-01 -5.893799066543579102e-01 1.303693056106567383e-01
-7.827184796333312988e-01 -6.068661808967590332e-01 1.380764245986938477e-01
-7.659952044486999512e-01 -6.263232827186584473e-01 1.448120027780532837e-01
-7.468631267547607422e-01 -6.477167606353759766e-01 1.505275964736938477e-01
-7.250935435295104980e-01 -6.709456443786621094e-01 1.551494598388671875e-01
-7.004731297492980957e-01 -6.958367228507995605e-01 1.585836857557296753e-01
-6.728265881538391113e-01 -7.221314311027526855e-01 1.607192605733871460e-01
-6.420351862907409668e-01 -7.494861483573913574e-01 1.614350527524948120e-01
-6.080640554428100586e-01 -7.774722576141357422e-01 1.606081277132034302e-01
-5.709819793701171875e-01 -8.055905699729919434e-01 1.581247001886367798e-01
-5.309783816337585449e-01 -8.332944512367248535e-01 1.538908481597900391e-01
-4.883723258972167969e-01 -8.600196838378906250e-01 1.478464901447296143e-01
-4.436054229736328125e-01 -8.852246403694152832e-01 1.399700939655303955e-01
-3.972259163856506348e-01 -9.084255695343017578e-01 1.302869021892547607e-01
-3.498574197292327881e-01 -9.292311668395996094e-01 1.188662424683570862e-01
-3.021585345268249512e-01 -9.473659992218017578e-01 1.058202981948852539e-01
-2.547850310802459717e-01 -9.626787900924682617e-01 9.129127860069274902e-02
-2.083499282598495483e-01 -9.751402139663696289e-01 7.544500380754470825e-02
-1.633975207805633545e-01 -9.848266839981079102e-01 5.846033245325088501e-02
-1.203818544745445251e-01 -9.919004440307617188e-01 4.051819816231727600e-02
-7.966241985559463501e-02 -9.965835213661193848e-01 2.179872430860996246e-02
-4.150358214974403381e-02 -9.991353154182434082e-01 2.477881964296102524e-03
-6.082886829972267151e-03 -9.998323321342468262e-01 -1.727297902107238770e-02
2.649611420929431915e-02 -9.989532232284545898e-01 -3.728783503174781799e-02
5.619339644908905029e-02 -9.967685341835021973e-01 -5.739997699856758118e-02
8.301993459463119507e-02 -9.935342669486999512e-01 -7.744291424751281738e-02
1.070293635129928589e-01 -9.894887208938598633e-01 -9.724564105272293091e-02
1.283064186573028564e-01 -9.848519563674926758e-01 -1.166367903351783752e-01
1.469648331403732300e-01 -9.798249006271362305e-01 -1.354418992996215820e-01
1.631399393081665039e-01 -9.745907783508300781e-01 -1.534863710403442383e-01
1.769875138998031616e-01 -9.693146347999572754e-01 -1.706007421016693115e-01
1.886795461177825928e-01 -9.641433358192443848e-01 -1.866215616464614868e-01
1.984017491340637207e-01 -9.592059254646301270e-01 -2.013972550630569458e-01
2.063505798578262329e-01 -9.546120166778564453e-01 -2.147912234067916870e-01
2.127332687377929688e-01 -9.504516720771789551e-01 -2.266851216554641724e-01
2.177597135305404663e-01 -9.467949867248535156e-01 -2.369809001684188843e-01
2.216452807188034058e-01 -9.436910152435302734e-01 -2.456025481224060059e-01
2.246045172214508057e-01 -9.411682486534118652e-01 -2.524977922439575195e-01
2.268499433994293213e-01 -9.392351508140563965e-01 -2.576361894607543945e-01
2.285887598991394043e-01 -9.378809928894042969e-01 -2.610106766223907471e-01
2.300229370594024658e-01 -9.370763897895812988e-01 -2.626350522041320801e-01
2.313449382781982422e-01 -9.367765784263610840e-01 -2.625435888767242432e-01
2.327414900064468384e-01 -9.369205832481384277e-01 -2.607896327972412109e-01
2.343885749578475952e-01 -9.374351501464843750e-01 -2.574437558650970459e-01
2.364542186260223389e-01 -9.382363557815551758e-01 -2.525908350944519043e-01
2.390973567962646484e-01 -9.392302036285400391e-01 -2.463314980268478394e-01
2.424699366092681885e-01 -9.403162002563476562e-01 -2.387755662202835083e-01
2.467148303985595703e-01 -9.413879513740539551e-01 -2.300448268651962280e-01
2.519682645797729492e-01 -9.423347711563110352e-01 -2.202660739421844482e-01
2.583597302436828613e-01 -9.430431723594665527e-01 -2.095706909894943237e-01
2.660119235515594482e-01 -9.433971643447875977e-01 -1.980893015861511230e-01
2.750414311885833740e-01 -9.432786703109741211e-01 -1.859502792358398438e-01
2.855601012706756592e-01 -9.425669908523559570e-01 -1.732707470655441284e-01
2.976706027984619141e-01 -9.411386847496032715e-01 -1.601563394069671631e-01
3.114708065986633301e-01 -9.388648271560668945e-01 -1.466927379369735718e-01
3.270478844642639160e-01 -9.356098175048828125e-01 -1.329432725906372070e-01
3.444797992706298828e-01 -9.312285184860229492e-01 -1.189414560794830322e-01
3.638301193714141846e-01 -9.255637526512145996e-01 -1.046869903802871704e-01
3.851442635059356689e-01 -9.184433817863464355e-01 -9.014210104942321777e-02
4.084463119506835938e-01 -9.096769094467163086e-01 -7.522951066493988037e-02
4.337293505668640137e-01 -8.990548253059387207e-01 -5.982636287808418274e-02
4.609505236148834229e-01 -8.863458633422851562e-01 -4.376652091741561890e-02
4.900186657905578613e-01 -8.712986111640930176e-01 -2.684129588305950165e-02
5.207855701446533203e-01 -8.536421060562133789e-01 -8.800178766250610352e-03
5.530267953872680664e-01 -8.330955505371093750e-01 1.063776761293411255e-02
5.864342451095581055e-01 -8.093733787536621094e-01 3.177361190319061279e-02
6.205968856811523438e-01 -7.822042107582092285e-01 5.491925776004791260e-02
6.549913287162780762e-01 -7.513509392738342285e-01 8.036281168460845947e-02
6.889747381210327148e-01 -7.166407108306884766e-01 1.083507090806961060e-01
7.217913269996643066e-01 -6.779971122741699219e-01 1.390575915575027466e-01
7.525906562805175781e-01 -6.354789137840270996e-01 1.725509315729141235e-01
7.804652452468872070e-01 -5.893129706382751465e-01 2.087683975696563721e-01
8.045040369033813477e-01 -5.399232506752014160e-01 2.474997043609619141e-01
8.238658308982849121e-01 -4.879333376884460449e-01 2.883854806423187256e-01
8.378515839576721191e-01 -4.341506659984588623e-01 3.309350013732910156e-01
8.459681868553161621e-01 -3.795246481895446777e-01 3.745647966861724854e-01
8.479737043380737305e-01 -3.250763714313507080e-01 4.186478257179260254e-01
8.438866138458251953e-01 -2.718219459056854248e-01 4.625669121742248535e-01
8.339598178863525391e-01 -2.206953763961791992e-01 5.057713389396667480e-01
8.186333775520324707e-01 -1.724888086318969727e-01 5.478018522262573242e-01
7.984645366668701172e-01 -1.278145164251327515e-01 5.883177518844604492e-01
7.740603685379028320e-01 -8.709151297807693481e-02 6.270930171012878418e-01
7.460187077522277832e-01 -5.055687576532363892e-02 6.640031337738037109e-01
7.148824334144592285e-01 -1.828806288540363312e-02 6.990054249763488770e-01
6.811115741729736328e-01 9.766556322574615479e-03 7.321145534515380859e-01
6.450735926628112793e-01 3.375264257192611694e-02 7.633746266365051270e-01
6.070395112037658691e-01 5.388465896248817444e-02 7.928426861763000488e-01
5.671963691711425781e-01 7.041884958744049072e-02 8.205664753913879395e-01
5.256597995758056641e-01 8.363562077283859253e-02 8.465735316276550293e-01
4.824939668178558350e-01 9.382984042167663574e-02 8.708590865135192871e-01
4.377288818359375000e-01 1.012991145253181458e-01 8.933823108673095703e-01
3.913846611976623535e-01 1.063430756330490112e-01 9.140619039535522461e-01
3.434904813766479492e-01 1.092604920268058777e-01 9.327788352966308594e-01
2.941047251224517822e-01 1.103486120700836182e-01 9.493816494941711426e-01
2.433320134878158569e-01 1.099028959870338440e-01 9.636964797973632812e-01
1.913394480943679810e-01 1.082175076007843018e-01 9.755399823188781738e-01
1.383619904518127441e-01 1.055814996361732483e-01 9.847377538681030273e-01
8.470566570758819580e-02 1.022760421037673950e-01 9.911431074142456055e-01
3.074130043387413025e-02 9.856995195150375366e-02 9.946552515029907227e-01
-2.311156503856182098e-02 9.471115469932556152e-02 9.952364563941955566e-01
-7.640237361192703247e-02 9.092389047145843506e-02 9.929227232933044434e-01
-1.286773532629013062e-01 8.739750832319259644e-02 9.878278374671936035e-01
-1.795063167810440063e-01 8.428601920604705811e-02 9.801394939422607422e-01
-2.285059690475463867e-01 8.170294016599655151e-02 9.701080322265625000e-01
-2.753592729568481445e-01 7.972240447998046875e-02 9.580300450325012207e-01
-3.198266923427581787e-01 7.838232815265655518e-02 9.442283511161804199e-01
-3.617493510246276855e-01 7.768661528825759888e-02 9.290329217910766602e-01
-4.010501205921173096e-01 7.761452347040176392e-02 9.127622246742248535e-01
-4.377237260341644287e-01 7.812666893005371094e-02 8.957087993621826172e-01
-4.718232750892639160e-01 7.916704565286636353e-02 8.781317472457885742e-01
-5.034478902816772461e-01 8.067266643047332764e-02 8.602511882781982422e-01
-5.327342152595520020e-01 8.257639408111572266e-02 8.422442674636840820e-01
-5.598416328430175781e-01 8.480839431285858154e-02 8.242480754852294922e-01
-5.849412679672241211e-01 8.729993551969528198e-02 8.063637018203735352e-01
-6.082103252410888672e-01 8.998417854309082031e-02 7.886589765548706055e-01
-6.298272609710693359e-01 9.279657900333404541e-02 7.711721062660217285e-01
-6.499667167663574219e-01 9.567376226186752319e-02 7.539163231849670410e-01
-6.687961816787719727e-01 9.855455905199050903e-02 7.368844151496887207e-01
-6.864773035049438477e-01 1.013810485601425171e-01 7.200492024421691895e-01
-7.031624317169189453e-01 1.040979772806167603e-01 7.033677697181701660e-01
-7.189959287643432617e-01 1.066501960158348083e-01 6.867828369140625000e-01
-7.341150045394897461e-01 1.089910790324211121e-01 6.702209115028381348e-01
-7.486473321914672852e-01 1.110754981637001038e-01 6.535972356796264648e-01
-7.627130746841430664e-01 1.128647774457931519e-01 6.368125081062316895e-01
-7.764229178428649902e-01 1.143304035067558289e-01 6.197547912597656250e-01
-7.898787260055541992e-01 1.154512017965316772e-01 6.022979021072387695e-01
-8.031727671623229980e-01 1.162206456065177917e-01 5.842998623847961426e-01
-8.163850903511047363e-01 1.166425272822380066e-01 5.656057000160217285e-01
-8.295832276344299316e-01 1.167402192950248718e-01 5.460434556007385254e-01
-8.428201079368591309e-01 1.165537238121032715e-01 5.254231691360473633e-01
-8.561297059059143066e-01 1.161466315388679504e-01 5.035393238067626953e-01
-8.695247173309326172e-01 1.156070455908775330e-01 4.801684916019439697e-01
-8.829908967018127441e-01 1.150475591421127319e-01 4.550727307796478271e-01
-8.964795470237731934e-01 1.146114915609359741e-01 4.280053973197937012e-01
-9.099023342132568359e-01 1.144694015383720398e-01 3.987160623073577881e-01
-9.231230616569519043e-01 1.148184016346931458e-01 3.669610619544982910e-01
-9.359499812126159668e-01 1.158769279718399048e-01 3.325209617614746094e-01
-9.481319189071655273e-01 1.178720667958259583e-01 2.952151894569396973e-01
-9.593542218208312988e-01 1.210315600037574768e-01 2.549329400062561035e-01
-9.692463278770446777e-01 1.255600899457931519e-01 2.116510719060897827e-01
-9.773926734924316406e-01 1.316243708133697510e-01 1.654649674892425537e-01
-9.833559393882751465e-01 1.393291354179382324e-01 1.166124865412712097e-01
-9.867123961448669434e-01 1.486957967281341553e-01 6.548431515693664551e-02
-9.870926141738891602e-01 1.596520394086837769e-01 1.262807101011276245e-02
-9.842276573181152344e-01 1.720241010189056396e-01 -4.127379134297370911e-02
-9.779897332191467285e-01 1.855452358722686768e-01 -9.544140845537185669e-02
-9.684173464775085449e-01 1.998761743307113647e-01 -1.490548849105834961e-01
-9.557237029075622559e-01 2.146267294883728027e-01 -2.013146281242370605e-01
-9.402779340744018555e-01 2.293948978185653687e-01 -2.515062689781188965e-01
-9.225701689720153809e-01 2.437933683395385742e-01 -2.990467548370361328e-01
-9.031628370285034180e-01 2.574775516986846924e-01 -3.435143828392028809e-01
-8.826414942741394043e-01 2.701555192470550537e-01 -3.846557140350341797e-01
-8.615686297416687012e-01 2.816009521484375000e-01 -4.223746359348297119e-01
-8.404520750045776367e-01 2.916493713855743408e-01 -4.567066431045532227e-01
-8.197254538536071777e-01 3.001869022846221924e-01 -4.877888858318328857e-01
-7.997385263442993164e-01 3.071461915969848633e-01 -5.158289670944213867e-01
-7.807604074478149414e-01 3.124884665012359619e-01 -5.410768389701843262e-01
-7.629863619804382324e-01 3.161976337432861328e-01 -5.638004541397094727e-01
-7.465487122535705566e-01 3.182681500911712646e-01 -5.842691063880920410e-01
-7.315292358398437500e-01 3.186991214752197266e-01 -6.027402281761169434e-01
-7.179715037345886230e-01 3.174876868724822998e-01 -6.194501519203186035e-01
-7.058928608894348145e-01 3.146253824234008789e-01 -6.346070170402526855e-01
-6.952944397926330566e-01 3.100962936878204346e-01 -6.483871936798095703e-01
-6.861687302589416504e-01 3.038797080516815186e-01 -6.609308719635009766e-01
-6.785086989402770996e-01 2.959476113319396973e-01 -6.723399162292480469e-01
-6.723129749298095703e-01 2.862721383571624756e-01 -6.826738119125366211e-01
-6.675923466682434082e-01 2.748290002346038818e-01 -6.919461488723754883e-01
-6.643728613853454590e-01 2.616073191165924072e-01 -7.001217007637023926e-01
-6.627010107040405273e-01 2.466163486242294312e-01 -7.071122527122497559e-01
-6.626447439193725586e-01 2.298982441425323486e-01 -7.127754092216491699e-01
-6.642953753471374512e-01 2.115353047847747803e-01 -7.169131040573120117e-01
-6.677650809288024902e-01 1.916644871234893799e-01 -7.192735671997070312e-01
-6.731868982315063477e-01 1.704826056957244873e-01 -7.195519804954528809e-01
-6.807054281234741211e-01 1.482514441013336182e-01 -7.173991799354553223e-01
-6.904672384262084961e-01 1.252955496311187744e-01 -7.124296426773071289e-01
-7.026077508926391602e-01 1.019985824823379517e-01 -7.042291164398193359e-01
-7.172292470932006836e-01 7.878521829843521118e-02 -6.923691630363464355e-01
-7.343763113021850586e-01 5.610810592770576477e-02 -6.764194965362548828e-01
-7.540073394775390625e-01 3.442220017313957214e-02 -6.559633612632751465e-01
-7.759628891944885254e-01 1.416437234729528427e-02 -6.306195259094238281e-01
-7.999349832534790039e-01 -4.274057224392890930e-03 -6.000714302062988281e-01
-8.254458904266357422e-01 -2.056538872420787811e-02 -5.641065239906311035e-01
-8.518398404121398926e-01 -3.446960076689720154e-02 -5.226668715476989746e-01
-8.783015012741088867e-01 -4.584768041968345642e-02 -4.759037792682647705e-01
-9.039013981819152832e-01 -5.468153953552246094e-02 -4.242312908172607422e-01
-9.276777505874633789e-01 -6.107781827449798584e-02 -3.683524131774902344e-01
-9.487376213073730469e-01 -6.527113169431686401e-02 -3.092517256736755371e-01
-9.663611054420471191e-01 -6.760793179273605347e-02 -2.481438815593719482e-01
-9.800873994827270508e-01 -6.852219998836517334e-02 -1.863687336444854736e-01
-9.897546768188476562e-01 -6.850152462720870972e-02 -1.252723783254623413e-01
-9.954912066459655762e-01 -6.804545968770980835e-02 -6.608448177576065063e-02
-9.976620674133300781e-01 -6.763156503438949585e-02 -9.816401638090610504e-03
-9.967892169952392578e-01 -6.768400967121124268e-02 4.278105497360229492e-02
-9.934662580490112305e-01 -6.856430321931838989e-02 9.123438596725463867e-02
-9.882867932319641113e-01 -7.055803388357162476e-02 1.353168040513992310e-01
-9.817922711372375488e-01 -7.388251274824142456e-02 1.750012636184692383e-01
-9.744401574134826660e-01 -7.869166880846023560e-02 2.104136347770690918e-01
-9.665933847427368164e-01 -8.508637547492980957e-02 2.417798042297363281e-01
-9.585196971893310547e-01 -9.312488883733749390e-02 2.693839073181152344e-01
-9.504007101058959961e-01 -1.028277203440666199e-01 2.935387790203094482e-01
-9.423424601554870605e-01 -1.141879633069038391e-01 3.145658969879150391e-01
-9.343912601470947266e-01 -1.271724402904510498e-01 3.327764272689819336e-01
-9.265448451042175293e-01 -1.417256891727447510e-01 3.484660387039184570e-01
-9.187649488449096680e-01 -1.577751636505126953e-01 3.619087636470794678e-01
-9.109871387481689453e-01 -1.752293109893798828e-01 3.733592331409454346e-01
-9.031311869621276855e-01 -1.939823776483535767e-01 3.830469846725463867e-01
-8.951066732406616211e-01 -2.139146924018859863e-01 3.911836743354797363e-01
-8.868196606636047363e-01 -2.348976135253906250e-01 3.979623317718505859e-01
-8.781788945198059082e-01 -2.567938268184661865e-01 4.035575091838836670e-01
-8.690976500511169434e-01 -2.794628441333770752e-01 4.081296622753143311e-01
-8.594977259635925293e-01 -3.027635514736175537e-01 4.118225872516632080e-01
-8.493083715438842773e-01 -3.265607655048370361e-01 4.147688746452331543e-01
-8.384693861007690430e-01 -3.507262170314788818e-01 4.170853793621063232e-01
-8.269274234771728516e-01 -3.751438558101654053e-01 4.188772439956665039e-01
-8.146378397941589355e-01 -3.997109532356262207e-01 4.202337861061096191e-01
-8.015596866607666016e-01 -4.243425428867340088e-01 4.212309718132019043e-01
-7.876548767089843750e-01 -4.489724636077880859e-01 4.219283759593963623e-01
-7.728855609893798828e-01 -4.735502600669860840e-01 4.223719239234924316e-01
-7.572140097618103027e-01 -4.980422556400299072e-01 4.225883185863494873e-01
-7.405983209609985352e-01 -5.224311947822570801e-01 4.225868880748748779e-01
-7.229942679405212402e-01 -5.467090606689453125e-01 4.223606884479522705e-01
-7.043535113334655762e-01 -5.708755850791931152e-01 4.218852818012237549e-01
-6.846286058425903320e-01 -5.949308276176452637e-01 4.211185574531555176e-01
-6.637715101242065430e-01 -6.188741922378540039e-01 4.200024306774139404e-01
-6.417390108108520508e-01 -6.426932215690612793e-01 4.184691607952117920e-01
-6.184987425804138184e-01 -6.663630604743957520e-01 4.164369106292724609e-01
-5.940313935279846191e-01 -6.898390054702758789e-01 4.138222336769104004e-01
-5.683405399322509766e-01 -7.130544781684875488e-01 4.105391502380371094e-01
-5.414573550224304199e-01 -7.359166741371154785e-01 4.065102040767669678e-01
-5.134469270706176758e-01 -7.583106756210327148e-01 4.016679227352142334e-01
-4.844155311584472656e-01 -7.800965905189514160e-01 3.959683775901794434e-01
-4.545081853866577148e-01 -8.011221885681152344e-01 3.893913328647613525e-01
-4.239148497581481934e-01 -8.212239742279052734e-01 3.819520175457000732e-01
-3.928655982017517090e-01 -8.402402400970458984e-01 3.737016320228576660e-01
-3.616198003292083740e-01 -8.580232858657836914e-01 3.647287487983703613e-01
-3.304606378078460693e-01 -8.744468688964843750e-01 3.551596999168395996e-01
-2.996748387813568115e-01 -8.894178867340087891e-01 3.451533913612365723e-01
-2.695446908473968506e-01 -9.028795361518859863e-01 3.348942399024963379e-01
-2.403298616409301758e-01 -9.148152470588684082e-01 3.245838582515716553e-01
-2.122583389282226562e-01 -9.252454042434692383e-01 3.144316375255584717e-01
-1.855140030384063721e-01 -9.342247247695922852e-01 3.046451508998870850e-01
-1.602379083633422852e-01 -9.418317675590515137e-01 2.954263687133789062e-01
-1.365266442298889160e-01 -9.481629133224487305e-01 2.869627177715301514e-01
-1.144346743822097778e-01 -9.533238410949707031e-01 2.794252336025238037e-01
-9.398432075977325439e-02 -9.574204087257385254e-01 2.729708552360534668e-01
-7.517148554325103760e-02 -9.605542421340942383e-01 2.677400708198547363e-01
-5.797984078526496887e-02 -9.628162980079650879e-01 2.638620436191558838e-01
-4.238551855087280273e-02 -9.642840027809143066e-01 2.614571154117584229e-01
-2.836931310594081879e-02 -9.650189280509948730e-01 2.606410086154937744e-01
-1.592134311795234680e-02 -9.650660157203674316e-01 2.615227997303009033e-01
-5.050914827734231949e-03 -9.644506573677062988e-01 2.642147541046142578e-01
4.211440216749906540e-03 -9.631807208061218262e-01 2.688219845294952393e-01
1.181070599704980850e-02 -9.612432122230529785e-01 2.754488587379455566e-01
1.766168698668479919e-02 -9.586048126220703125e-01 2.841916084289550781e-01
2.165482379496097565e-02 -9.552119374275207520e-01 2.951292693614959717e-01
2.365221269428730011e-02 -9.509875178337097168e-01 3.083232045173645020e-01
2.349555306136608124e-02 -9.458332061767578125e-01 3.238016664981842041e-01
2.101125940680503845e-02 -9.396280646324157715e-01 3.415517508983612061e-01
1.601422019302845001e-02 -9.322318434715270996e-01 3.615071177482604980e-01
8.326396346092224121e-03 -9.234883785247802734e-01 3.835359811782836914e-01
-2.216902794316411018e-03 -9.132339358329772949e-01 4.074297249317169189e-01
-1.574618369340896606e-02 -9.013067483901977539e-01 4.328952729701995850e-01
-3.234294429421424866e-02 -8.875637650489807129e-01 4.595482051372528076e-01
-5.201942846179008484e-02 -8.718951344490051270e-01 4.869218170642852783e-01
-7.470372319221496582e-02 -8.542463779449462891e-01 5.144730806350708008e-01
-1.002302467823028564e-01 -8.346363902091979980e-01 5.416049361228942871e-01
-1.283333301544189453e-01 -8.131709694862365723e-01 5.677001476287841797e-01
-1.586567163467407227e-01 -7.900519967079162598e-01 5.921536684036254883e-01
-1.907681524753570557e-01 -7.655738592147827148e-01 6.144137382507324219e-01
-2.241775095462799072e-01 -7.401106953620910645e-01 6.340193748474121094e-01
-2.583745419979095459e-01 -7.140934467315673828e-01 6.506251692771911621e-01
-2.928548157215118408e-01 -6.879836916923522949e-01 6.640139818191528320e-01
-3.271490633487701416e-01 -6.622399091720581055e-01 6.741006970405578613e-01
-3.608434796333312988e-01 -6.372907161712646484e-01 6.809204220771789551e-01
-3.935963213443756104e-01 -6.135118603706359863e-01 6.846058368682861328e-01
-4.251424670219421387e-01 -5.912104249000549316e-01 6.853642463684082031e-01
-4.552952349185943604e-01 -5.706198811531066895e-01 6.834466457366943359e-01
-4.839393198490142822e-01 -5.518947243690490723e-01 6.791279911994934082e-01
-5.110242366790771484e-01 -5.351191759109497070e-01 6.726824641227722168e-01
-5.365571975708007812e-01 -5.203111171722412109e-01 6.643663644790649414e-01
-5.605943799018859863e-01 -5.074310302734375000e-01 6.544063091278076172e-01
-5.832277536392211914e-01 -4.963918626308441162e-01 6.429932713508605957e-01
-6.045861840248107910e-01 -4.870654642581939697e-01 6.302719712257385254e-01
-6.248218417167663574e-01 -4.792878627777099609e-01 6.163447499275207520e-01
-6.441099047660827637e-01 -4.728679060935974121e-01 6.012640595436096191e-01
-6.626400947570800781e-01 -4.675898253917694092e-01 5.850365757942199707e-01
-6.806144118309020996e-01 -4.632154703140258789e-01 5.676226019859313965e-01
-6.982415318489074707e-01 -4.594890177249908447e-01 5.489342212677001953e-01
-7.157317399978637695e-01 -4.561343193054199219e-01 5.288379192352294922e-01
-7.332909703254699707e-01 -4.528595507144927979e-01 5.071513652801513672e-01
-7.511129975318908691e-01 -4.493519067764282227e-01 4.836447238922119141e-01
-7.693694233894348145e-01 -4.452773332595825195e-01 4.580378830432891846e-01
-7.881992459297180176e-01 -4.402772188186645508e-01 4.299976527690887451e-01
-8.076875209808349609e-01 -4.339640438556671143e-01 3.991441726684570312e-01
-8.278476595878601074e-01 -4.259172379970550537e-01 3.650516569614410400e-01
-8.485919237136840820e-01 -4.156823754310607910e-01 3.272611796855926514e-01
-8.696982860565185547e-01 -4.027741551399230957e-01 2.853029966354370117e-01
-8.907736539840698242e-01 -3.866859972476959229e-01 2.387388646602630615e-01
-9.112206697463989258e-01 -3.669157922267913818e-01 1.872157603502273560e-01
-9.302157759666442871e-01 -3.430086970329284668e-01 1.305510848760604858e-01
-9.467166066169738770e-01 -3.146257996559143066e-01 6.883434206247329712e-02
-9.595223069190979004e-01 -2.816211283206939697e-01 2.530911238864064217e-03
-9.673923254013061523e-01 -2.441403865814208984e-01 -6.743647158145904541e-02
-9.692310690879821777e-01 -2.026877701282501221e-01 -1.396739929914474487e-01
-9.643002748489379883e-01 -1.581450551748275757e-01 -2.124028652906417847e-01
-9.524000287055969238e-01 -1.117135286331176758e-01 -2.836447060108184814e-01
-9.339480400085449219e-01 -6.476914137601852417e-02 -3.514910638332366943e-01
-9.099239706993103027e-01 -1.868911273777484894e-02 -4.143538773059844971e-01
-8.816937208175659180e-01 2.532696537673473358e-02 -4.711420238018035889e-01
-8.507795333862304688e-01 6.636956334114074707e-02 -5.213149785995483398e-01
-8.186442255973815918e-01 1.038652360439300537e-01 -5.648306012153625488e-01
-7.865444421768188477e-01 1.375466585159301758e-01 -6.020206212997436523e-01
-7.554585337638854980e-01 1.673948764801025391e-01 -6.334518790245056152e-01
-7.260788083076477051e-01 1.935600489377975464e-01 -6.598060727119445801e-01
-6.988456249237060547e-01 2.162969410419464111e-01 -6.817847490310668945e-01
-6.739953160285949707e-01 2.359073013067245483e-01 -7.000557780265808105e-01
-6.516131758689880371e-01 2.527016699314117432e-01 -7.152217626571655273e-01
-6.316808462142944336e-01 2.669763863086700439e-01 -7.278069257736206055e-01
-6.141122579574584961e-01 2.789974510669708252e-01 -7.382591366767883301e-01
-5.987840294837951660e-01 2.889948487281799316e-01 -7.469535470008850098e-01
-5.855569243431091309e-01 2.971596121788024902e-01 -7.542009949684143066e-01
-5.742902159690856934e-01 3.036449253559112549e-01 -7.602568864822387695e-01
-5.648523569107055664e-01 3.085682988166809082e-01 -7.653282880783081055e-01
-5.571297407150268555e-01 3.120158016681671143e-01 -7.695794701576232910e-01
-5.510289669036865234e-01 3.140469789505004883e-01 -7.731375098228454590e-01
-5.464806556701660156e-01 3.146991431713104248e-01 -7.760948538780212402e-01
-5.434399247169494629e-01 3.139944076538085938e-01 -7.785117030143737793e-01
-5.418850183486938477e-01 3.119433522224426270e-01 -7.804177403450012207e-01
-5.418148040771484375e-01 3.085533976554870605e-01 -7.818129658699035645e-01
-5.432469248771667480e-01 3.038299679756164551e-01 -7.826686501502990723e-01
-5.462100505828857422e-01 2.977844178676605225e-01 -7.829298377037048340e-01
-5.507413744926452637e-01 2.904368638992309570e-01 -7.825153470039367676e-01
-5.568768978118896484e-01 2.818174362182617188e-01 -7.813239097595214844e-01
-5.646482706069946289e-01 2.719703912734985352e-01 -7.792332172393798828e-01
-5.740728378295898438e-01 2.609520256519317627e-01 -7.761085033416748047e-01
-5.851494073867797852e-01 2.488337606191635132e-01 -7.718042731285095215e-01
-5.978509187698364258e-01 2.356988638639450073e-01 -7.661725282669067383e-01
-6.121201515197753906e-01 2.216445803642272949e-01 -7.590669989585876465e-01
-6.278657317161560059e-01 2.067788392305374146e-01 -7.503513097763061523e-01
-6.449604034423828125e-01 1.912233531475067139e-01 -7.399052381515502930e-01
-6.632377505302429199e-01 1.751115471124649048e-01 -7.276343107223510742e-01
-6.824974417686462402e-01 1.585906296968460083e-01 -7.134748697280883789e-01
-7.025060653686523438e-01 1.418182402849197388e-01 -6.974043250083923340e-01
-7.230046987533569336e-01 1.249636933207511902e-01 -6.794471144676208496e-01
-7.437174916267395020e-01 1.082075685262680054e-01 -6.596782207489013672e-01
-7.643619179725646973e-01 9.173618257045745850e-02 -6.382282376289367676e-01
-7.846620082855224609e-01 7.573688775300979614e-02 -6.152800321578979492e-01
-8.014048337936401367e-01 6.448496878147125244e-02 -5.946360826492309570e-01
-7.861899733543395996e-01 9.063631296157836914e-02 -6.113022565841674805e-01
-4.866273105144500732e-01 1.507664322853088379e-01 -8.605018258094787598e-01
-2.594836354255676270e-01 3.734245896339416504e-01 -8.906303048133850098e-01
1.395142823457717896e-01 7.082033157348632812e-01 -6.920865178108215332e-01
1.063729226589202881e-01 6.801460385322570801e-01 -7.253180146217346191e-01
3.039219379425048828e-01 5.772815346717834473e-01 -7.578769326210021973e-01
3.981110155582427979e-01 5.952784419059753418e-01 -6.979621648788452148e-01
4.115069806575775146e-01 6.092633008956909180e-01 -6.778349876403808594e-01
4.136914610862731934e-01 6.256400346755981445e-01 -6.613878011703491211e-01
4.174887537956237793e-01 6.422044038772583008e-01 -6.428658962249755859e-01
4.221122860908508301e-01 6.592605113983154297e-01 -6.222513318061828613e-01
4.275116026401519775e-01 6.763625741004943848e-01 -5.998061895370483398e-01
4.336362779140472412e-01 6.930801272392272949e-01 -5.758467316627502441e-01
4.404398500919342041e-01 7.090165019035339355e-01 -5.507342815399169922e-01
4.478797018527984619e-01 7.238325476646423340e-01 -5.248525142669677734e-01
4.559218287467956543e-01 7.372540235519409180e-01 -4.985899031162261963e-01
4.645359814167022705e-01 7.490815520286560059e-01 -4.723167121410369873e-01
4.736960828304290771e-01 7.591879963874816895e-01 -4.463692605495452881e-01
4.833774864673614502e-01 7.675103545188903809e-01 -4.210392236709594727e-01
4.935534298419952393e-01 7.740422487258911133e-01 -3.965646922588348389e-01
5.041926503181457520e-01 7.788212895393371582e-01 -3.731315135955810547e-01
5.152545571327209473e-01 7.819206118583679199e-01 -3.508744835853576660e-01
5.266898870468139648e-01 7.834389805793762207e-01 -3.298807442188262939e-01
5.384373664855957031e-01 7.834930419921875000e-01 -3.101998269557952881e-01
5.504221320152282715e-01 7.822140455245971680e-01 -2.918504774570465088e-01
5.625564455986022949e-01 7.797446250915527344e-01 -2.748247981071472168e-01
5.747416019439697266e-01 7.762343883514404297e-01 -2.590989768505096436e-01
5.868645906448364258e-01 7.718443870544433594e-01 -2.446345090866088867e-01
5.988034009933471680e-01 7.667436003684997559e-01 -2.313843518495559692e-01
6.104282140731811523e-01 7.611094117164611816e-01 -2.192942500114440918e-01
6.216042637825012207e-01 7.551265358924865723e-01 -2.083074897527694702e-01
6.321967840194702148e-01 7.489864230155944824e-01 -1.983594149351119995e-01
6.420732140541076660e-01 7.428830862045288086e-01 -1.893853247165679932e-01
6.511090993881225586e-01 7.370085716247558594e-01 -1.813159584999084473e-01
6.591936945915222168e-01 7.315467596054077148e-01 -1.740777343511581421e-01
6.662301421165466309e-01 7.266698479652404785e-01 -1.675957143306732178e-01
6.721441745758056641e-01 7.225271463394165039e-01 -1.617926210165023804e-01
6.768825054168701172e-01 7.192424535751342773e-01 -1.565893143415451050e-01
6.804177761077880859e-01 7.169067263603210449e-01 -1.519095301628112793e-01
6.827495694160461426e-01 7.155725359916687012e-01 -1.476785838603973389e-01
6.839060783386230469e-01 7.152529954910278320e-01 -1.438248008489608765e-01
6.839405298233032227e-01 7.159226536750793457e-01 -1.402860581874847412e-01
6.829323172569274902e-01 7.175182104110717773e-01 -1.370079070329666138e-01
6.809841990470886230e-01 7.199433445930480957e-01 -1.339482218027114868e-01
6.782172322273254395e-01 7.230770587921142578e-01 -1.310763061046600342e-01
6.747688055038452148e-01 7.267781496047973633e-01 -1.283766478300094604e-01
6.707860231399536133e-01 7.308959364891052246e-01 -1.258466392755508423e-01
6.664220690727233887e-01 7.352755069732666016e-01 -1.234969273209571838e-01
6.618307232856750488e-01 7.397660017013549805e-01 -1.213521286845207214e-01
6.571610569953918457e-01 7.442259192466735840e-01 -1.194452941417694092e-01
6.525557041168212891e-01 7.485244870185852051e-01 -1.178222149610519409e-01
6.481430530548095703e-01 7.525491714477539062e-01 -1.165346652269363403e-01
6.440415382385253906e-01 7.561994194984436035e-01 -1.156411096453666687e-01
6.403516530990600586e-01 7.593930363655090332e-01 -1.152037233114242554e-01
6.371600031852722168e-01 7.620604634284973145e-01 -1.152861788868904114e-01
6.345350742340087891e-01 7.641463875770568848e-01 -1.159545034170150757e-01
6.325309872627258301e-01 7.656058669090270996e-01 -1.172693148255348206e-01
6.311833262443542480e-01 7.664054036140441895e-01 -1.192914545536041260e-01
6.305129528045654297e-01 7.665190100669860840e-01 -1.220736950635910034e-01
6.305245757102966309e-01 7.659296393394470215e-01 -1.256599575281143188e-01
6.312070488929748535e-01 7.646278142929077148e-01 -1.300844550132751465e-01
6.325339674949645996e-01 7.626117467880249023e-01 -1.353669613599777222e-01
6.344659924507141113e-01 7.598863840103149414e-01 -1.415120214223861694e-01
6.369525194168090820e-01 7.564638853073120117e-01 -1.485055834054946899e-01
6.399311423301696777e-01 7.523656487464904785e-01 -1.563142985105514526e-01
6.433339715003967285e-01 7.476191520690917969e-01 -1.648849993944168091e-01
6.470915675163269043e-01 7.422577738761901855e-01 -1.741433143615722656e-01
6.511368751525878906e-01 7.363189458847045898e-01 -1.839977502822875977e-01
6.554077863693237305e-01 7.298446893692016602e-01 -1.943382471799850464e-01
6.598585844039916992e-01 7.228706479072570801e-01 -2.050480842590332031e-01
6.644561290740966797e-01 7.154296636581420898e-01 -2.160053849220275879e-01
6.691877841949462891e-01 7.075437307357788086e-01 -2.270893603563308716e-01
6.740627288818359375e-01 6.992166042327880859e-01 -2.381922751665115356e-01
6.791084408760070801e-01 6.904336810111999512e-01 -2.492249906063079834e-01
6.843720674514770508e-01 6.811537742614746094e-01 -2.601235508918762207e-01
6.899167299270629883e-01 6.713051199913024902e-01 -2.708587348461151123e-01
6.958132386207580566e-01 6.607853770256042480e-01 -2.814366817474365234e-01
7.021391987800598145e-01 6.494570374488830566e-01 -2.919006943702697754e-01
7.089716792106628418e-01 6.371449828147888184e-01 -3.023335039615631104e-01
7.163755893707275391e-01 6.236402988433837891e-01 -3.128558397293090820e-01
7.244021296501159668e-01 6.086959242820739746e-01 -3.236213922500610352e-01
7.330752015113830566e-01 5.920313596725463867e-01 -3.348127603530883789e-01
7.423857450485229492e-01 5.733330845832824707e-01 -3.466303050518035889e-01
7.522748112678527832e-01 5.522631406784057617e-01 -3.592883050441741943e-01
7.626271247863769531e-01 5.284657478332519531e-01 -3.729932010173797607e-01
7.732492685317993164e-01 5.015866160392761230e-01 -3.879388570785522461e-01
7.838653326034545898e-01 4.712916016578674316e-01 -4.042763710021972656e-01
7.941035032272338867e-01 4.373072385787963867e-01 -4.220923185348510742e-01
8.034948110580444336e-01 3.994637429714202881e-01 -4.413897097110748291e-01
8.114896416664123535e-01 3.577553927898406982e-01 -4.620558917522430420e-01
8.174908757209777832e-01 3.123977482318878174e-01 -4.838557541370391846e-01
8.209146857261657715e-01 2.638774216175079346e-01 -5.064264535903930664e-01
8.212677240371704102e-01 2.129785567522048950e-01 -5.293009281158447266e-01
8.182360529899597168e-01 1.607619822025299072e-01 -5.519468784332275391e-01
8.117489218711853027e-01 1.084911301732063293e-01 -5.738408565521240234e-01
8.020185232162475586e-01 5.751255154609680176e-02 -5.945239663124084473e-01
7.895269393920898438e-01 9.114095009863376617e-03 -6.136482357978820801e-01
7.749509215354919434e-01 -3.560391068458557129e-02 -6.310178041458129883e-01
7.590761184692382812e-01 -7.582595944404602051e-02 -6.465708613395690918e-01
7.426941990852355957e-01 -1.110547706484794617e-01 -6.603576540946960449e-01
7.265150547027587891e-01 -1.410991400480270386e-01 -6.725078821182250977e-01
7.111266255378723145e-01 -1.660269200801849365e-01 -6.831793785095214844e-01
6.969605088233947754e-01 -1.861031055450439453e-01 -6.925399899482727051e-01
6.843021512031555176e-01 -2.017215043306350708e-01 -7.007417082786560059e-01
6.733061671257019043e-01 -2.133499681949615479e-01 -7.079128623008728027e-01
6.640200018882751465e-01 -2.214859277009963989e-01 -7.141577601432800293e-01
6.564086079597473145e-01 -2.266229093074798584e-01 -7.195622920989990234e-01
6.503849029541015625e-01 -2.292301058769226074e-01 -7.241913080215454102e-01
6.458227038383483887e-01 -2.297376543283462524e-01 -7.281027436256408691e-01
6.425775885581970215e-01 -2.285304367542266846e-01 -7.313465476036071777e-01
6.404968500137329102e-01 -2.259425371885299683e-01 -7.339712977409362793e-01
6.394322514533996582e-01 -2.222581505775451660e-01 -7.360215187072753906e-01
6.392433047294616699e-01 -2.177115529775619507e-01 -7.375430464744567871e-01
6.398033499717712402e-01 -2.124898880720138550e-01 -7.385796308517456055e-01
6.410040855407714844e-01 -2.067351341247558594e-01 -7.391712665557861328e-01
6.427553892135620117e-01 -2.005466222763061523e-01 -7.393555045127868652e-01
6.449838876724243164e-01 -1.939882487058639526e-01 -7.391645908355712891e-01
6.476395726203918457e-01 -1.870865523815155029e-01 -7.386214733123779297e-01
6.506862044334411621e-01 -1.798328310251235962e-01 -7.377449870109558105e-01
6.541085839271545410e-01 -1.721933484077453613e-01 -7.365401983261108398e-01
6.579090952873229980e-01 -1.641021221876144409e-01 -7.350007891654968262e-01
6.621041297912597656e-01 -1.554711163043975830e-01 -7.331076860427856445e-01
6.667245626449584961e-01 -1.461899429559707642e-01 -7.308261394500732422e-01
6.718126535415649414e-01 -1.361273229122161865e-01 -7.281051278114318848e-01
6.774197816848754883e-01 -1.251381188631057739e-01 -7.248744368553161621e-01
6.836026310920715332e-01 -1.130607649683952332e-01 -7.210442423820495605e-01
6.904174685478210449e-01 -9.972710162401199341e-02 -7.165041565895080566e-01
6.979178786277770996e-01 -8.496249467134475708e-02 -7.111202478408813477e-01
7.061473727226257324e-01 -6.859066337347030640e-02 -7.047348022460937500e-01
7.151321768760681152e-01 -5.044341087341308594e-02 -6.971666812896728516e-01
7.248728275299072266e-01 -3.036541305482387543e-02 -6.882131099700927734e-01
7.353394627571105957e-01 -8.224791847169399261e-03 -6.776490807533264160e-01
7.464585900306701660e-01 1.607385091483592987e-02 -6.652377247810363770e-01
7.581108212471008301e-01 4.257890582084655762e-02 -6.507343053817749023e-01
7.701215147972106934e-01 7.127496600151062012e-02 -6.339027285575866699e-01
7.822641730308532715e-01 1.020707041025161743e-01 -6.145277023315429688e-01
7.942581176757812500e-01 1.347858309745788574e-01 -5.924413800239562988e-01
8.057856559753417969e-01 1.691440194845199585e-01 -5.675382614135742188e-01
8.165040612220764160e-01 2.047710567712783813e-01 -5.398054718971252441e-01
8.260708451271057129e-01 2.412095814943313599e-01 -5.093377232551574707e-01
8.341737985610961914e-01 2.779308855533599854e-01 -4.763491749763488770e-01
8.405558466911315918e-01 3.143747746944427490e-01 -4.411738216876983643e-01
8.450415134429931641e-01 3.499788939952850342e-01 -4.042519629001617432e-01
8.475513458251953125e-01 3.842214941978454590e-01 -3.661017715930938721e-01
8.481041193008422852e-01 4.166546761989593506e-01 -3.272891342639923096e-01
8.468123674392700195e-01 4.469273686408996582e-01 -2.883829772472381592e-01
8.438609838485717773e-01 4.748012721538543701e-01 -2.499248385429382324e-01
8.394893407821655273e-01 5.001463294029235840e-01 -2.123941779136657715e-01
8.339636921882629395e-01 5.229341387748718262e-01 -1.761942058801651001e-01
8.275566697120666504e-01 5.432195067405700684e-01 -1.416419297456741333e-01
8.205309510231018066e-01 5.611197352409362793e-01 -1.089661121368408203e-01
8.131259679794311523e-01 5.767956376075744629e-01 -7.831319421529769897e-02
8.055505156517028809e-01 5.904337167739868164e-01 -4.976322129368782043e-02
7.979817986488342285e-01 6.022297143936157227e-01 -2.333293296396732330e-02
7.905657291412353516e-01 6.123763918876647949e-01 1.006117672659456730e-03
7.834187746047973633e-01 6.210564970970153809e-01 2.332015335559844971e-02
7.766320705413818359e-01 6.284366846084594727e-01 4.370401427149772644e-02
7.702768445014953613e-01 6.346617937088012695e-01 6.227358430624008179e-02
7.644073963165283203e-01 6.398552060127258301e-01 7.916153967380523682e-02
7.590643167495727539e-01 6.441189646720886230e-01 9.451057761907577515e-02
7.542797327041625977e-01 6.475306153297424316e-01 1.084723472595214844e-01
7.500759959220886230e-01 6.501508355140686035e-01 1.212020441889762878e-01
7.464698553085327148e-01 6.520204544067382812e-01 1.328611820936203003e-01
7.434722185134887695e-01 6.531655192375183105e-01 1.436101198196411133e-01
7.410895824432373047e-01 6.535980701446533203e-01 1.536087840795516968e-01
7.393239736557006836e-01 6.533192992210388184e-01 1.630151867866516113e-01
7.381721735000610352e-01 6.523214578628540039e-01 1.719840168952941895e-01
7.376259565353393555e-01 6.505908370018005371e-01 1.806640625000000000e-01
7.376722097396850586e-01 6.481079459190368652e-01 1.891980916261672974e-01
7.382898330688476562e-01 6.448519229888916016e-01 1.977224200963973999e-01
7.394532561302185059e-01 6.407977938652038574e-01 2.063665539026260376e-01
7.411249876022338867e-01 6.359248757362365723e-01 2.152515500783920288e-01
7.432610392570495605e-01 6.302123069763183594e-01 2.244894355535507202e-01
7.458034753799438477e-01 6.236448884010314941e-01 2.341884076595306396e-01
7.486852407455444336e-01 6.162110567092895508e-01 2.444471567869186401e-01
7.518228292465209961e-01 6.079104542732238770e-01 2.553572654724121094e-01
7.551193237304687500e-01 5.987503528594970703e-01 2.670071125030517578e-01
7.584615349769592285e-01 5.887518525123596191e-01 2.794769406318664551e-01
7.617225646972656250e-01 5.779471397399902344e-01 2.928408980369567871e-01
7.647563815116882324e-01 5.663871169090270996e-01 3.071698248386383057e-01
7.674045562744140625e-01 5.541367530822753906e-01 3.225255906581878662e-01
7.694931030273437500e-01 5.412804484367370605e-01 3.389627039432525635e-01
7.708382606506347656e-01 5.279184579849243164e-01 3.565255403518676758e-01
7.712456583976745605e-01 5.141680240631103516e-01 3.752483427524566650e-01
7.705157995223999023e-01 5.001626014709472656e-01 3.951490819454193115e-01
7.684463858604431152e-01 4.860482513904571533e-01 4.162298738956451416e-01
7.648367285728454590e-01 4.719817936420440674e-01 4.384724199771881104e-01
7.594923377037048340e-01 4.581269919872283936e-01 4.618344008922576904e-01
7.522281408309936523e-01 4.446511268615722656e-01 4.862490594387054443e-01
7.428739070892333984e-01 4.317212104797363281e-01 5.116199851036071777e-01
7.312769293785095215e-01 4.194995462894439697e-01 5.378233790397644043e-01
7.173073887825012207e-01 4.081411361694335938e-01 5.647042989730834961e-01
7.008610367774963379e-01 3.977889418601989746e-01 5.920792222023010254e-01
6.818609833717346191e-01 3.885706961154937744e-01 6.197406053543090820e-01
6.602621078491210938e-01 3.805954456329345703e-01 6.474573612213134766e-01
6.360522508621215820e-01 3.739514946937561035e-01 6.749798655509948730e-01
6.092485785484313965e-01 3.687031865119934082e-01 7.020500302314758301e-01
5.799021124839782715e-01 3.648878633975982666e-01 7.284026741981506348e-01
5.480931997299194336e-01 3.625133931636810303e-01 7.537757158279418945e-01
5.139296054840087891e-01 3.615566790103912354e-01 7.779158949851989746e-01
4.775465726852416992e-01 3.619626164436340332e-01 8.005824685096740723e-01
4.391039609909057617e-01 3.636411726474761963e-01 8.215550780296325684e-01
3.987826108932495117e-01 3.664699792861938477e-01 8.406379222869873047e-01
3.567870855331420898e-01 3.702926337718963623e-01 8.576633334159851074e-01
3.133431077003479004e-01 3.749230802059173584e-01 8.724957704544067383e-01
2.686967551708221436e-01 3.801485002040863037e-01 8.850362896919250488e-01
2.231130450963973999e-01 3.857353925704956055e-01 8.952255249023437500e-01
1.768764853477478027e-01 3.914385437965393066e-01 9.030451774597167969e-01
1.302830278873443604e-01 3.970074057579040527e-01 9.085215926170349121e-01
8.363987505435943604e-02 4.021946191787719727e-01 9.117257595062255859e-01
3.725649788975715637e-02 4.067703485488891602e-01 9.127703905105590820e-01
-8.562112227082252502e-03 4.105271100997924805e-01 9.118081927299499512e-01
-5.352398753166198730e-02 4.132896959781646729e-01 9.090251922607421875e-01
-9.735713899135589600e-02 4.149208664894104004e-01 9.046338200569152832e-01
-1.398174315690994263e-01 4.153282642364501953e-01 8.988623619079589844e-01
-1.806956976652145386e-01 4.144608676433563232e-01 8.919480443000793457e-01
-2.198196649551391602e-01 4.123149216175079346e-01 8.841243386268615723e-01
-2.570582032203674316e-01 4.089236259460449219e-01 8.756155371665954590e-01
-2.923210263252258301e-01 4.043611288070678711e-01 8.666259050369262695e-01
-3.255563974380493164e-01 3.987302184104919434e-01 8.573372960090637207e-01
-3.567501306533813477e-01 3.921603858470916748e-01 8.479030728340148926e-01
-3.859227895736694336e-01 3.847982287406921387e-01 8.384472727775573730e-01
-4.131241142749786377e-01 3.768028020858764648e-01 8.290646076202392578e-01
-4.384293556213378906e-01 3.683399260044097900e-01 8.198203444480895996e-01
-4.619370102882385254e-01 3.595732152462005615e-01 8.107535243034362793e-01
-4.837621152400970459e-01 3.506619334220886230e-01 8.018792867660522461e-01
-5.040351152420043945e-01 3.417542874813079834e-01 7.931913733482360840e-01
-5.228971242904663086e-01 3.329860866069793701e-01 7.846648097038269043e-01
-5.404956340789794922e-01 3.244766592979431152e-01 7.762598395347595215e-01
-5.569852590560913086e-01 3.163269758224487305e-01 7.679223418235778809e-01
-5.725212097167968750e-01 3.086191117763519287e-01 7.595878243446350098e-01
-5.872602462768554688e-01 3.014166653156280518e-01 7.511813640594482422e-01
-6.013567447662353516e-01 2.947649061679840088e-01 7.426195144653320312e-01
-6.149628758430480957e-01 2.886935472488403320e-01 7.338097095489501953e-01
-6.282260417938232422e-01 2.832153439521789551e-01 7.246523499488830566e-01
-6.412886381149291992e-01 2.783314585685729980e-01 7.150388360023498535e-01
-6.542872786521911621e-01 2.740313112735748291e-01 7.048510909080505371e-01
-6.673526763916015625e-01 2.702955305576324463e-01 6.939601302146911621e-01
-6.806063055992126465e-01 2.670983076095581055e-01 6.822268366813659668e-01
-6.941637992858886719e-01 2.644082605838775635e-01 6.694961190223693848e-01
-7.081281542778015137e-01 2.621913850307464600e-01 6.555991172790527344e-01
-7.225930094718933105e-01 2.604099214076995850e-01 6.403483748435974121e-01
-7.376348376274108887e-01 2.590234875679016113e-01 6.235396265983581543e-01
-7.533121705055236816e-01 2.579905688762664795e-01 6.049476861953735352e-01
-7.696580886840820312e-01 2.572656273841857910e-01 5.843294262886047363e-01
-7.866739630699157715e-01 2.567982673645019531e-01 5.614255666732788086e-01
-8.043234348297119141e-01 2.565295100212097168e-01 5.359631180763244629e-01
-8.225189447402954102e-01 2.563913166522979736e-01 5.076673030853271484e-01
-8.411180973052978516e-01 2.562995553016662598e-01 4.762676358222961426e-01
-8.599112629890441895e-01 2.561487555503845215e-01 4.415204823017120361e-01
-8.786159157752990723e-01 2.558124661445617676e-01 4.032294452190399170e-01
-8.968763351440429688e-01 2.551375031471252441e-01 3.612723648548126221e-01
-9.142709970474243164e-01 2.539371252059936523e-01 3.156333863735198975e-01
-9.303257465362548828e-01 2.520025074481964111e-01 2.664369046688079834e-01
-9.445459246635437012e-01 2.490962445735931396e-01 2.139720916748046875e-01
-9.564529657363891602e-01 2.449644953012466431e-01 1.587140411138534546e-01
-9.656326770782470703e-01 2.393493652343750000e-01 1.013185009360313416e-01
-9.717832803726196289e-01 2.319956719875335693e-01 4.260626807808876038e-02
-9.747555255889892578e-01 2.226655185222625732e-01 -1.648467592895030975e-02
-9.745753407478332520e-01 2.111498862504959106e-01 -7.495739310979843140e-02
-9.714466333389282227e-01 1.972673982381820679e-01 -1.318218261003494263e-01
-9.657282829284667969e-01 1.808722913265228271e-01 -1.861562877893447876e-01
-9.578948020935058594e-01 1.618555635213851929e-01 -2.371502816677093506e-01
-9.484875798225402832e-01 1.401459127664566040e-01 -2.841307818889617920e-01
-9.380646347999572754e-01 1.157159730792045593e-01 -3.265648186206817627e-01
-9.271584153175354004e-01 8.858848363161087036e-02 -3.640459477901458740e-01
-9.162420630455017090e-01 5.885760113596916199e-02 -3.962779939174652100e-01
-9.057136178016662598e-01 2.669885195791721344e-02 -4.230485260486602783e-01
-8.958852887153625488e-01 -7.604295387864112854e-03 -4.442202746868133545e-01
-8.869877457618713379e-01 -4.365648329257965088e-02 -4.597246646881103516e-01
-8.791795372962951660e-01 -8.094430714845657349e-02 -4.695651531219482422e-01
-8.725640177726745605e-01 -1.188401654362678528e-01 -4.738239347934722900e-01
-8.672011494636535645e-01 -1.566391438245773315e-01 -4.726800024509429932e-01
-8.631231784820556641e-01 -1.935961544513702393e-01 -4.664106369018554688e-01
-8.603436946868896484e-01 -2.289745658636093140e-01 -4.553892016410827637e-01
-8.588631749153137207e-01 -2.620998919010162354e-01 -4.400654435157775879e-01
-8.586651682853698730e-01 -2.924025952816009521e-01 -4.209451675415039062e-01
-8.597141504287719727e-01 -3.194536566734313965e-01 -3.985486328601837158e-01
-8.619468808174133301e-01 -3.429688811302185059e-01 -3.733896613121032715e-01
-8.652668595314025879e-01 -3.628179430961608887e-01 -3.459427952766418457e-01
-8.695431351661682129e-01 -3.790003657341003418e-01 -3.166283369064331055e-01
-8.746069073677062988e-01 -3.916341364383697510e-01 -2.858068645000457764e-01
-8.802573680877685547e-01 -4.009258449077606201e-01 -2.537819743156433105e-01
-8.862676024436950684e-01 -4.071532785892486572e-01 -2.208073437213897705e-01
-8.923916220664978027e-01 -4.106490612030029297e-01 -1.870948076248168945e-01
-8.983769416809082031e-01 -4.117782115936279297e-01 -1.528317630290985107e-01
-9.039729237556457520e-01 -4.109309613704681396e-01 -1.181895360350608826e-01
-9.089397192001342773e-01 -4.085154533386230469e-01 -8.332899212837219238e-02
-9.130600094795227051e-01 -4.049420058727264404e-01 -4.841024428606033325e-02
-9.161435365676879883e-01 -4.006198942661285400e-01 -1.359405275434255600e-02
-9.180321097373962402e-01 -3.959515094757080078e-01 2.096189185976982117e-02
-9.186024665832519531e-01 -3.913229703903198242e-01 5.509714782238006592e-02
-9.177667498588562012e-01 -3.870979547500610352e-01 8.865337818861007690e-02
-9.154696464538574219e-01 -3.836122751235961914e-01 1.214782223105430603e-01
-9.116856455802917480e-01 -3.811704218387603760e-01 1.534221917390823364e-01
-9.064159989356994629e-01 -3.800363838672637939e-01 1.843429356813430786e-01
-8.996815085411071777e-01 -3.804384768009185791e-01 2.141019850969314575e-01
-8.915182352066040039e-01 -3.825641274452209473e-01 2.425694316625595093e-01
-8.819751143455505371e-01 -3.865573108196258545e-01 2.696170806884765625e-01
-8.711055517196655273e-01 -3.925272226333618164e-01 2.951227724552154541e-01
-8.589670062065124512e-01 -4.005393981933593750e-01 3.189732432365417480e-01
-8.456124663352966309e-01 -4.106319248676300049e-01 3.410586416721343994e-01
-8.310923576354980469e-01 -4.228047132492065430e-01 3.612778186798095703e-01
-8.154457807540893555e-01 -4.370330274105072021e-01 3.795396983623504639e-01
-7.987008690834045410e-01 -4.532636702060699463e-01 3.957637846469879150e-01
-7.808701395988464355e-01 -4.714211225509643555e-01 4.098827540874481201e-01
-7.619511485099792480e-01 -4.914055168628692627e-01 4.218424856662750244e-01
-7.419257164001464844e-01 -5.130953788757324219e-01 4.316010177135467529e-01
-7.207579612731933594e-01 -5.363488197326660156e-01 4.391331374645233154e-01
-6.984014511108398438e-01 -5.609998106956481934e-01 4.444261789321899414e-01
-6.748003959655761719e-01 -5.868580937385559082e-01 4.474840760231018066e-01
-6.498979926109313965e-01 -6.137081384658813477e-01 4.483245313167572021e-01
-6.236421465873718262e-01 -6.413086056709289551e-01 4.469829797744750977e-01
-5.959957838058471680e-01 -6.693899035453796387e-01 4.435156285762786865e-01
-5.669459104537963867e-01 -6.976608633995056152e-01 4.379972815513610840e-01
-5.365132689476013184e-01 -7.258095145225524902e-01 4.305276870727539062e-01
-5.047591924667358398e-01 -7.535097599029541016e-01 4.212377369403839111e-01
-4.717904329299926758e-01 -7.804329395294189453e-01 4.102902710437774658e-01
-4.377673268318176270e-01 -8.062571883201599121e-01 3.978807628154754639e-01
-4.028958380222320557e-01 -8.306824564933776855e-01 3.842416703701019287e-01
-3.674259483814239502e-01 -8.534435033798217773e-01 3.696382045745849609e-01
-3.316395580768585205e-01 -8.743224740028381348e-01 3.543662130832672119e-01
-2.958365678787231445e-01 -8.931591510772705078e-01 3.387441039085388184e-01
-2.603209018707275391e-01 -9.098551273345947266e-01 3.231045901775360107e-01
-2.253817170858383179e-01 -9.243755936622619629e-01 3.077869117259979248e-01
-1.912804841995239258e-01 -9.367437362670898438e-01 2.931260764598846436e-01
-1.582393199205398560e-01 -9.470331668853759766e-01 2.794430255889892578e-01
-1.264338195323944092e-01 -9.553548693656921387e-01 2.670419812202453613e-01
-9.598763287067413330e-02 -9.618448615074157715e-01 2.562047243118286133e-01
-6.697540730237960815e-02 -9.666497707366943359e-01 2.471893280744552612e-01
-3.942594677209854126e-02 -9.699144363403320312e-01 2.402323335409164429e-01
-1.332824490964412689e-02 -9.717704057693481445e-01 2.355516999959945679e-01
1.135595794767141342e-02 -9.723262786865234375e-01 2.333509176969528198e-01
3.468713164329528809e-02 -9.716602563858032227e-01 2.338225990533828735e-01
5.673380568623542786e-02 -9.698144793510437012e-01 2.371519654989242554e-01
7.756403088569641113e-02 -9.667890071868896484e-01 2.435217499732971191e-01
9.723509848117828369e-02 -9.625388979911804199e-01 2.531092762947082520e-01
1.157822832465171814e-01 -9.569694995880126953e-01 2.660897672176361084e-01
1.332090795040130615e-01 -9.499352574348449707e-01 2.826274633407592773e-01
1.494772434234619141e-01 -9.412369132041931152e-01 3.028691411018371582e-01
1.644990742206573486e-01 -9.306209683418273926e-01 3.269322514533996582e-01
1.781265139579772949e-01 -9.177840352058410645e-01 3.548851311206817627e-01
1.901483684778213501e-01 -9.023763537406921387e-01 3.867303431034088135e-01
2.002853900194168091e-01 -8.840160369873046875e-01 4.223757386207580566e-01
2.081938087940216064e-01 -8.623070120811462402e-01 4.616080224514007568e-01
2.134739905595779419e-01 -8.368645310401916504e-01 5.040699243545532227e-01
2.156891673803329468e-01 -8.073511123657226562e-01 5.492378473281860352e-01
2.143924534320831299e-01 -7.735183238983154297e-01 5.964103937149047852e-01
2.091612964868545532e-01 -7.352457046508789062e-01 6.447209715843200684e-01
1.996432840824127197e-01 -6.925823688507080078e-01 6.931609511375427246e-01
1.855928450822830200e-01 -6.457732319831848145e-01 7.406296730041503906e-01
1.669112741947174072e-01 -5.952621698379516602e-01 7.860048413276672363e-01
1.436713486909866333e-01 -5.416816473007202148e-01 8.282146453857421875e-01
1.161220148205757141e-01 -4.858091771602630615e-01 8.663169741630554199e-01
8.467894792556762695e-02 -4.285160899162292480e-01 8.995573520660400391e-01
4.989697784185409546e-02 -3.706988692283630371e-01 9.274117946624755859e-01
1.242793444544076920e-02 -3.132209181785583496e-01 9.495989680290222168e-01
-2.702115848660469055e-02 -2.568583190441131592e-01 9.660712480545043945e-01
-6.773199141025543213e-02 -2.022577822208404541e-01 9.769873023033142090e-01
-1.090183109045028687e-01 -1.499229967594146729e-01 9.826688766479492188e-01
-1.502472013235092163e-01 -1.001999080181121826e-01 9.835577011108398438e-01
-1.908688545227050781e-01 -5.328507721424102783e-02 9.801682829856872559e-01
-2.304209470748901367e-01 -9.241750463843345642e-03 9.730471372604370117e-01
-2.685364782810211182e-01 3.198697417974472046e-02 9.627382755279541016e-01
-3.049369156360626221e-01 7.055214047431945801e-02 9.497556686401367188e-01
-3.394285142421722412e-01 1.066816970705986023e-01 9.345626831054687500e-01
-3.718849122524261475e-01 1.406549364328384399e-01 9.175608158111572266e-01
-4.022403657436370850e-01 1.727918386459350586e-01 8.990804553031921387e-01
-4.304743409156799316e-01 2.034307718276977539e-01 8.793792128562927246e-01
-4.565955102443695068e-01 2.329197227954864502e-01 8.586437106132507324e-01
-4.806337058544158936e-01 2.616041898727416992e-01 8.369913697242736816e-01
-5.026261210441589355e-01 2.898204624652862549e-01 8.144760131835937500e-01
-5.226058959960937500e-01 3.178845942020416260e-01 7.910958528518676758e-01
-5.405929088592529297e-01 3.460910618305206299e-01 7.667987346649169922e-01
-5.565882325172424316e-01 3.747037351131439209e-01 7.414894104003906250e-01
-5.705597996711730957e-01 4.039500355720520020e-01 7.150426506996154785e-01
-5.824437141418457031e-01 4.340173304080963135e-01 6.873050928115844727e-01
-5.921331048011779785e-01 4.650422334671020508e-01 6.581141352653503418e-01
-5.994799137115478516e-01 4.971022009849548340e-01 6.273062825202941895e-01
-6.042916178703308105e-01 5.302126407623291016e-01 5.947319865226745605e-01
-6.063364744186401367e-01 5.643078684806823730e-01 5.602791905403137207e-01
-6.053537726402282715e-01 5.992419123649597168e-01 5.238854289054870605e-01
-6.010681986808776855e-01 6.347787380218505859e-01 4.855645000934600830e-01
-5.932068824768066406e-01 6.705967187881469727e-01 4.454274773597717285e-01
-5.815320014953613281e-01 7.062937021255493164e-01 4.036951661109924316e-01
-5.658650398254394531e-01 7.414056062698364258e-01 3.607137501239776611e-01
-5.461192727088928223e-01 7.754326462745666504e-01 3.169509768486022949e-01
-5.223234295845031738e-01 8.078729510307312012e-01 2.729826569557189941e-01
-4.946390688419342041e-01 8.382582664489746094e-01 2.294672876596450806e-01
-4.633632302284240723e-01 8.661906719207763672e-01 1.871047765016555786e-01
-4.289279580116271973e-01 8.913650512695312500e-01 1.465920507907867432e-01
-3.918721377849578857e-01 9.135906696319580078e-01 1.085738763213157654e-01
-3.528211712837219238e-01 9.327912330627441406e-01 7.360464334487915039e-02
-3.124613165855407715e-01 9.489962458610534668e-01 4.211920127272605896e-02
-2.715079486370086670e-01 9.623284339904785156e-01 1.440532505512237549e-02
-2.306910306215286255e-01 9.729817509651184082e-01 -9.389853104948997498e-03
-1.907295286655426025e-01 9.812062978744506836e-01 -2.926401421427726746e-02
-1.523284465074539185e-01 9.872891306877136230e-01 -4.534595459699630737e-02
-1.161600127816200256e-01 9.915431737899780273e-01 -5.787130817770957947e-02
-8.285852521657943726e-02 9.942952394485473633e-01 -6.716744601726531982e-02
-5.301227793097496033e-02 9.958762526512145996e-01 -7.362218946218490601e-02
-2.715570479631423950e-02 9.966098070144653320e-01 -7.766257226467132568e-02
-5.759506020694971085e-03 9.968000054359436035e-01 -7.972854375839233398e-02
1.076889317482709885e-02 9.967166185379028320e-01 -8.024912327527999878e-02
2.209554240107536316e-02 9.965800642967224121e-01 -7.962345331907272339e-02
2.795929834246635437e-02 9.965452551841735840e-01 -7.820373028516769409e-02
2.817895077168941498e-02 9.966877102851867676e-01 -7.628652453422546387e-02
2.266516536474227905e-02 9.969927072525024414e-01 -7.410592585802078247e-02
1.142700482159852982e-02 9.973515868186950684e-01 -7.182817906141281128e-02
-5.402326118201017380e-03 9.975632429122924805e-01 -6.955957412719726562e-02
-2.755013108253479004e-02 9.973493814468383789e-01 -6.734411418437957764e-02
-5.458944290876388550e-02 9.963791370391845703e-01 -6.518111377954483032e-02
-8.592607080936431885e-02 9.943054914474487305e-01 -6.303313374519348145e-02
-1.208034530282020569e-01 9.908104538917541504e-01 -6.083737686276435852e-02
-1.583324223756790161e-01 9.856498837471008301e-01 -5.852383002638816833e-02
-1.975355446338653564e-01 9.786933660507202148e-01 -5.602661520242691040e-02
-2.374082058668136597e-01 9.699469208717346191e-01 -5.329512059688568115e-02
-2.769923806190490723e-01 9.595545530319213867e-01 -5.030200630426406860e-02
-3.154361248016357422e-01 9.477800130844116211e-01 -4.704350233078002930e-02
-3.520422577857971191e-01 9.349707365036010742e-01 -4.354205727577209473e-02
-3.862949311733245850e-01 9.215145707130432129e-01 -3.983832895755767822e-02
-4.178561270236968994e-01 9.078000783920288086e-01 -3.598943352699279785e-02
-4.465537667274475098e-01 8.941823244094848633e-01 -3.205810487270355225e-02
-4.723536074161529541e-01 8.809607625007629395e-01 -2.811084687709808350e-02
-4.953242242336273193e-01 8.683707714080810547e-01 -2.421109937131404877e-02
-5.156096816062927246e-01 8.565802574157714844e-01 -2.041999623179435730e-02
-5.333995223045349121e-01 8.456966280937194824e-01 -1.679182425141334534e-02
-5.489077568054199219e-01 8.357759714126586914e-01 -1.337638031691312790e-02
-5.623560547828674316e-01 8.268320560455322266e-01 -1.021856814622879028e-02
-5.739637017250061035e-01 8.188477158546447754e-01 -7.360936608165502548e-03
-5.839401483535766602e-01 8.117823004722595215e-01 -4.846443887799978256e-03
-5.924769639968872070e-01 8.055827617645263672e-01 -2.719528973102569580e-03
-5.997499227523803711e-01 8.001868724822998047e-01 -1.028766855597496033e-03
-6.059162616729736328e-01 7.955283522605895996e-01 1.702967419987544417e-04
-6.111142635345458984e-01 7.915419340133666992e-01 8.131068316288292408e-04
-6.154657006263732910e-01 7.881632447242736816e-01 8.250713581219315529e-04
-6.190758347511291504e-01 7.853311896324157715e-01 1.171422409242950380e-04
-6.220336556434631348e-01 7.829892635345458984e-01 -1.413890859112143517e-03
-6.244150400161743164e-01 7.810831069946289062e-01 -3.885397454723715782e-03
-6.262801289558410645e-01 7.795625925064086914e-01 -7.433283608406782150e-03
-6.276782751083374023e-01 7.783770561218261719e-01 -1.221061218529939651e-02
-6.286441087722778320e-01 7.774757146835327148e-01 -1.838717982172966003e-02
-6.291984915733337402e-01 7.768045663833618164e-01 -2.615021541714668274e-02
-6.293482780456542969e-01 7.763028144836425781e-01 -3.570343181490898132e-02
-6.290825009346008301e-01 7.759004235267639160e-01 -4.726251214742660522e-02
-6.283731460571289062e-01 7.755125164985656738e-01 -6.105385348200798035e-02
-6.271708607673645020e-01 7.750356197357177734e-01 -7.730758935213088989e-02
-6.254054903984069824e-01 7.743404507637023926e-01 -9.625370800495147705e-02
-6.229808330535888672e-01 7.732693552970886230e-01 -1.181070357561111450e-01
-6.197751164436340332e-01 7.716300487518310547e-01 -1.430587172508239746e-01
-6.156423091888427734e-01 7.691907286643981934e-01 -1.712607443332672119e-01
-6.104132533073425293e-01 7.656804919242858887e-01 -2.028030902147293091e-01
-6.039002537727355957e-01 7.607911229133605957e-01 -2.377002686262130737e-01
-5.959067344665527344e-01 7.541834115982055664e-01 -2.758671343326568604e-01
-5.862390398979187012e-01 7.454992532730102539e-01 -3.171035051345825195e-01
-5.747211575508117676e-01 7.343811392784118652e-01 -3.610816597938537598e-01
-5.612149834632873535e-01 7.204918265342712402e-01 -4.073439836502075195e-01
-5.456328392028808594e-01 7.035447359085083008e-01 -4.553125798702239990e-01
-5.279563665390014648e-01 6.833249926567077637e-01 -5.043105483055114746e-01
-5.082432031631469727e-01 6.597090959548950195e-01 -5.535998344421386719e-01
-4.866261184215545654e-01 6.326799988746643066e-01 -6.024209260940551758e-01
-4.633070826530456543e-01 6.023233532905578613e-01 -6.500409245491027832e-01
-4.385384917259216309e-01 5.688205361366271973e-01 -6.957924365997314453e-01
-4.126060605049133301e-01 5.324240326881408691e-01 -7.391082048416137695e-01
-3.858008682727813721e-01 4.934411048889160156e-01 -7.795342206954956055e-01
-3.584043681621551514e-01 4.522029757499694824e-01 -8.167366981506347656e-01
-3.306697607040405273e-01 4.090471565723419189e-01 -8.504928350448608398e-01
-3.028107285499572754e-01 3.643034398555755615e-01 -8.806751370429992676e-01
-2.750020027160644531e-01 3.182837665081024170e-01 -9.072316884994506836e-01
-2.473761290311813354e-01 2.712817490100860596e-01 -9.301673173904418945e-01
-2.200286388397216797e-01 2.235688716173171997e-01 -9.495284557342529297e-01
-1.930256485939025879e-01 1.754069775342941284e-01 -9.653877019882202148e-01
-1.664100140333175659e-01 1.270444542169570923e-01 -9.778381586074829102e-01
-1.402069628238677979e-01 7.872343063354492188e-02 -9.869877099990844727e-01
-1.144317761063575745e-01 3.068267181515693665e-02 -9.929571747779846191e-01
-8.909297734498977661e-02 -1.684634946286678314e-02 -9.958809018135070801e-01
-6.419376283884048462e-02 -6.363900750875473022e-02 -9.959062337875366211e-01
-3.973758220672607422e-02 -1.094818562269210815e-01 -9.931941628456115723e-01
-1.572516188025474548e-02 -1.541811525821685791e-01 -9.879174232482910156e-01
7.844300009310245514e-03 -1.975620388984680176e-01 -9.802590012550354004e-01
3.096838481724262238e-02 -2.394753098487854004e-01 -9.704084396362304688e-01
5.365050211548805237e-02 -2.798007130622863770e-01 -9.585578441619873047e-01
7.589104771614074707e-02 -3.184432387351989746e-01 -9.448992013931274414e-01
9.769016504287719727e-02 -3.553377687931060791e-01 -9.296190738677978516e-01
1.190475672483444214e-01 -3.904391229152679443e-01 -9.128991961479187012e-01
1.399572640657424927e-01 -4.237236976623535156e-01 -8.949135541915893555e-01
1.604066938161849976e-01 -4.551781415939331055e-01 -8.758325576782226562e-01
1.803753823041915894e-01 -4.847992360591888428e-01 -8.558238148689270020e-01
1.998300105333328247e-01 -5.125828981399536133e-01 -8.350608944892883301e-01
2.187309563159942627e-01 -5.385245680809020996e-01 -8.137248158454895020e-01
2.370208650827407837e-01 -5.626136660575866699e-01 -7.920144796371459961e-01
2.546312212944030762e-01 -5.848332047462463379e-01 -7.701512575149536133e-01
2.714869976043701172e-01 -6.051627993583679199e-01 -7.483801245689392090e-01
2.875032126903533936e-01 -6.235753893852233887e-01 -7.269769906997680664e-01
3.025934696197509766e-01 -6.400469541549682617e-01 -7.062415480613708496e-01
3.166796565055847168e-01 -6.545574069023132324e-01 -6.864900588989257812e-01
3.296890258789062500e-01 -6.670967936515808105e-01 -6.680471301078796387e-01
3.415677249431610107e-01 -6.776668429374694824e-01 -6.512289047241210938e-01
3.522884547710418701e-01 -6.862830519676208496e-01 -6.363241672515869141e-01
3.618509173393249512e-01 -6.929755210876464844e-01 -6.235774755477905273e-01
3.702923655509948730e-01 -6.977869868278503418e-01 -6.131694912910461426e-01
3.776879310607910156e-01 -7.007716298103332520e-01 -6.052032113075256348e-01
3.841560482978820801e-01 -7.019921541213989258e-01 -5.996926426887512207e-01
3.898571133613586426e-01 -7.015146613121032715e-01 -5.965639948844909668e-01
3.949959874153137207e-01 -6.994107961654663086e-01 -5.956532359123229980e-01
3.998168110847473145e-01 -6.957491040229797363e-01 -5.967241525650024414e-01
4.046019613742828369e-01 -6.905997395515441895e-01 -5.994740724563598633e-01
4.096634984016418457e-01 -6.840251684188842773e-01 -6.035605669021606445e-01
4.153359830379486084e-01 -6.760796308517456055e-01 -6.086152195930480957e-01
4.219717383384704590e-01 -6.668029427528381348e-01 -6.142586469650268555e-01
4.299266934394836426e-01 -6.562142968177795410e-01 -6.201176047325134277e-01
4.395600855350494385e-01 -6.443069577217102051e-01 -6.258237957954406738e-01
4.512178599834442139e-01 -6.310399174690246582e-01 -6.310237646102905273e-01
4.652267992496490479e-01 -6.163377165794372559e-01 -6.353674530982971191e-01
4.818886816501617432e-01 -6.000782847404479980e-01 -6.385055780410766602e-01
5.014611482620239258e-01 -5.820996165275573730e-01 -6.400756239891052246e-01
5.241510272026062012e-01 -5.621958374977111816e-01 -6.396886110305786133e-01
5.500856041908264160e-01 -5.401212573051452637e-01 -6.369259953498840332e-01
5.792900323867797852e-01 -5.156067609786987305e-01 -6.313261985778808594e-01
6.116576194763183594e-01 -4.883725941181182861e-01 -6.223882436752319336e-01
6.469109058380126953e-01 -4.581596255302429199e-01 -6.095867156982421875e-01
6.845662593841552734e-01 -4.247685968875885010e-01 -5.924025177955627441e-01
7.239168286323547363e-01 -3.881103396415710449e-01 -5.703637599945068359e-01
7.640321254730224609e-01 -3.482553660869598389e-01 -5.431142449378967285e-01
8.037896156311035156e-01 -3.054855763912200928e-01 -5.104907155036926270e-01
8.419605493545532227e-01 -2.603196501731872559e-01 -4.725844264030456543e-01
8.773233890533447266e-01 -2.135046720504760742e-01 -4.297899901866912842e-01
9.088013768196105957e-01 -1.659721136093139648e-01 -3.827966153621673584e-01
9.355852007865905762e-01 -1.187461018562316895e-01 -3.325354158878326416e-01
9.572104215621948242e-01 -7.283999770879745483e-02 -2.800760567188262939e-01
9.735743403434753418e-01 -2.915281802415847778e-02 -2.265019863843917847e-01
9.848889708518981934e-01 1.160440500825643539e-02 -1.727976351976394653e-01
9.915959835052490234e-01 4.894877597689628601e-02 -1.197555735707283020e-01
9.942625761032104492e-01 8.262082189321517944e-02 -6.793910264968872070e-02
9.934881329536437988e-01 1.125560998916625977e-01 -1.767464540898799896e-02
9.898317456245422363e-01 1.388410478830337524e-01 3.092187643051147461e-02
9.837650060653686523e-01 1.616657525300979614e-01 7.791379839181900024e-02
9.756455421447753906e-01 1.812883317470550537e-01 1.234923824667930603e-01
9.657079577445983887e-01 1.980011761188507080e-01 1.679394990205764771e-01
9.540653228759765625e-01 2.121062874794006348e-01 2.115897238254547119e-01
9.407156705856323242e-01 2.239038646221160889e-01 2.547960281372070312e-01
9.255530834197998047e-01 2.336806952953338623e-01 2.979005575180053711e-01
9.083798527717590332e-01 2.417089194059371948e-01 3.412080705165863037e-01
8.889233469963073730e-01 2.482422590255737305e-01 3.849560618400573730e-01
8.668563961982727051e-01 2.535182237625122070e-01 4.292883276939392090e-01
8.418253064155578613e-01 2.577560245990753174e-01 4.742278456687927246e-01
8.134846091270446777e-01 2.611598670482635498e-01 5.196522474288940430e-01
7.815432548522949219e-01 2.639165222644805908e-01 5.652770400047302246e-01
7.458148598670959473e-01 2.661984860897064209e-01 6.106541156768798828e-01
7.062718868255615234e-01 2.681605815887451172e-01 6.551868915557861328e-01
6.630865931510925293e-01 2.699420452117919922e-01 6.981744170188903809e-01
6.166545152664184570e-01 2.716645300388336182e-01 7.388745546340942383e-01
5.675873160362243652e-01 2.734295725822448730e-01 7.765828967094421387e-01
5.166666507720947266e-01 2.753183841705322266e-01 8.107128143310546875e-01
4.647754430770874023e-01 2.773883640766143799e-01 8.408563733100891113e-01
4.128078222274780273e-01 2.796704173088073730e-01 8.668184876441955566e-01
3.615872859954833984e-01 2.821701169013977051e-01 8.886139392852783203e-01
3.117996454238891602e-01 2.848677635192871094e-01 9.064388275146484375e-01
2.639584243297576904e-01 2.877209782600402832e-01 9.206207990646362305e-01
2.183897197246551514e-01 2.906707823276519775e-01 9.315665960311889648e-01
1.752539128065109253e-01 2.936470806598663330e-01 9.397113323211669922e-01
1.345657557249069214e-01 2.965747416019439697e-01 9.454816579818725586e-01
9.623498469591140747e-02 2.993804216384887695e-01 9.492681622505187988e-01
6.009837612509727478e-02 3.019967973232269287e-01 9.514127373695373535e-01
2.594896592199802399e-02 3.043665289878845215e-01 9.522014856338500977e-01
-6.434494163841009140e-03 3.064430058002471924e-01 9.518672227859497070e-01
-3.727262094616889954e-02 3.081949055194854736e-01 9.505927562713623047e-01
-6.676734238862991333e-02 3.096011281013488770e-01 9.485195279121398926e-01
-9.509743005037307739e-02 3.106548786163330078e-01 9.457536935806274414e-01
-1.224124059081077576e-01 3.113577663898468018e-01 9.423755407333374023e-01
-1.488290727138519287e-01 3.117191493511199951e-01 9.384460449218750000e-01
-1.744355410337448120e-01 3.117538690567016602e-01 9.340137839317321777e-01
-1.992923021316528320e-01 3.114790916442871094e-01 9.291197061538696289e-01
-2.234347462654113770e-01 3.109081983566284180e-01 9.238035678863525391e-01
-2.468791753053665161e-01 3.100533783435821533e-01 9.181054234504699707e-01
-2.696260213851928711e-01 3.089189827442169189e-01 9.120695590972900391e-01
-2.916650772094726562e-01 3.074983954429626465e-01 9.057462215423583984e-01
-3.129799962043762207e-01 3.057736158370971680e-01 8.991918563842773438e-01
-3.335505127906799316e-01 3.037104010581970215e-01 8.924707770347595215e-01
-3.533570170402526855e-01 3.012601137161254883e-01 8.856529593467712402e-01
-3.723822236061096191e-01 2.983546257019042969e-01 8.788151144981384277e-01
-3.906128704547882080e-01 2.949060499668121338e-01 8.720390200614929199e-01
-4.080397486686706543e-01 2.908075451850891113e-01 8.654100298881530762e-01
-4.246601760387420654e-01 2.859297692775726318e-01 8.590157032012939453e-01
-4.404751658439636230e-01 2.801229655742645264e-01 8.529435992240905762e-01
-4.554892182350158691e-01 2.732144892215728760e-01 8.472799658775329590e-01
-4.697071313858032227e-01 2.650093436241149902e-01 8.421075940132141113e-01
-4.831351339817047119e-01 2.552931904792785645e-01 8.374997377395629883e-01
-4.957751929759979248e-01 2.438271194696426392e-01 8.335197567939758301e-01
-5.076199769973754883e-01 2.303527146577835083e-01 8.302165865898132324e-01
-5.186530351638793945e-01 2.145903259515762329e-01 8.276170492172241211e-01
-5.288392901420593262e-01 1.962424069643020630e-01 8.257226943969726562e-01
-5.381201505661010742e-01 1.749957352876663208e-01 8.245018124580383301e-01
-5.464092493057250977e-01 1.505260467529296875e-01 8.238803148269653320e-01
-5.535807013511657715e-01 1.225046515464782715e-01 8.237360119819641113e-01
-5.594657659530639648e-01 9.061304479837417603e-02 8.238854408264160156e-01
-5.638445615768432617e-01 5.455311760306358337e-02 8.240772485733032227e-01
-5.664408206939697266e-01 1.407768204808235168e-02 8.239821791648864746e-01
-5.669227838516235352e-01 -3.098668158054351807e-02 8.231880068778991699e-01
-5.649062395095825195e-01 -8.069740980863571167e-02 8.211996555328369141e-01
-5.599718093872070312e-01 -1.349506974220275879e-01 8.174471259117126465e-01
-5.516853928565979004e-01 -1.934386938810348511e-01 8.113104701042175293e-01
-5.396412611007690430e-01 -2.556046545505523682e-01 8.021556138992309570e-01
-5.235121846199035645e-01 -3.206237852573394775e-01 7.893892526626586914e-01
-5.031002759933471680e-01 -3.874045908451080322e-01 7.725334167480468750e-01
-4.783981740474700928e-01 -4.546383023262023926e-01 7.512916922569274902e-01
-4.496240913867950439e-01 -5.208846330642700195e-01 7.256152033805847168e-01
-4.172299206256866455e-01 -5.846972465515136719e-01 6.957358121871948242e-01
-3.818773031234741211e-01 -6.447613835334777832e-01 6.621574759483337402e-01
-3.443755209445953369e-01 -7.000092267990112305e-01 6.256137490272521973e-01
-3.056056201457977295e-01 -7.497057914733886719e-01 5.869808197021484375e-01
-2.664349973201751709e-01 -7.934728264808654785e-01 5.471867322921752930e-01
-2.276471406221389771e-01 -8.312651515007019043e-01 5.071243047714233398e-01
-1.898974180221557617e-01 -8.633119463920593262e-01 4.675805270671844482e-01
-1.536862254142761230e-01 -8.900380730628967285e-01 4.292001426219940186e-01
-1.193631961941719055e-01 -9.119861125946044922e-01 3.924712240695953369e-01
-8.714208006858825684e-02 -9.297498464584350586e-01 3.577310144901275635e-01
-5.712200328707695007e-02 -9.439246058464050293e-01 3.251822292804718018e-01
-2.931165136396884918e-02 -9.550727009773254395e-01 2.949186563491821289e-01
-3.656483953818678856e-03 -9.637036919593811035e-01 2.669492661952972412e-01
1.994596235454082489e-02 -9.702652096748352051e-01 2.412209659814834595e-01
4.162726923823356628e-02 -9.751414656639099121e-01 2.176380157470703125e-01
6.153721362352371216e-02 -9.786561727523803711e-01 1.960744559764862061e-01
7.983314990997314453e-02 -9.810774326324462891e-01 1.763907819986343384e-01
9.667596220970153809e-02 -9.826240539550781250e-01 1.584414243698120117e-01
1.122261434793472290e-01 -9.834728240966796875e-01 1.420793682336807251e-01
1.266394257545471191e-01 -9.837642908096313477e-01 1.271627843379974365e-01
1.400673985481262207e-01 -9.836083650588989258e-01 1.135591715574264526e-01
1.526550948619842529e-01 -9.830898642539978027e-01 1.011475697159767151e-01
1.645433455705642700e-01 -9.822721481323242188e-01 8.981610089540481567e-02
1.758649498224258423e-01 -9.812014102935791016e-01 7.946839928627014160e-02
1.867476403713226318e-01 -9.799094200134277344e-01 7.002088427543640137e-02
1.973129510879516602e-01 -9.784157872200012207e-01 6.140195950865745544e-02
2.076751738786697388e-01 -9.767308235168457031e-01 5.355288833379745483e-02
2.179422825574874878e-01 -9.748565554618835449e-01 4.642992839217185974e-02
2.282158434391021729e-01 -9.727885723114013672e-01 3.999933972954750061e-02
2.385863810777664185e-01 -9.705174565315246582e-01 3.424139320850372314e-02
2.491360604763031006e-01 -9.680297374725341797e-01 2.914864383637905121e-02
2.599379420280456543e-01 -9.653086066246032715e-01 2.472950518131256104e-02
2.710481286048889160e-01 -9.623365402221679688e-01 2.100707031786441803e-02
2.825117111206054688e-01 -9.590945243835449219e-01 1.802255585789680481e-02
2.943558394908905029e-01 -9.555646181106567383e-01 1.583931222558021545e-02
3.065896630287170410e-01 -9.517306685447692871e-01 1.454326696693897247e-02
3.191996216773986816e-01 -9.475803375244140625e-01 1.425267662853002548e-02
3.321519196033477783e-01 -9.431047439575195312e-01 1.511545572429895401e-02
3.453849256038665771e-01 -9.383012056350708008e-01 1.732042618095874786e-02
3.588126301765441895e-01 -9.331710934638977051e-01 2.109682187438011169e-02
3.723205924034118652e-01 -9.277193546295166016e-01 2.672282233834266663e-02
3.857677876949310303e-01 -9.219498634338378906e-01 3.452148288488388062e-02
3.989813923835754395e-01 -9.158606529235839844e-01 4.486737400293350220e-02
4.117623567581176758e-01 -9.094322323799133301e-01 5.817842110991477966e-02
4.238784909248352051e-01 -9.026155471801757812e-01 7.491435855627059937e-02
4.350642859935760498e-01 -8.953136205673217773e-01 9.556376934051513672e-02
4.450132846832275391e-01 -8.873630762100219727e-01 1.206230148673057556e-01
4.533757567405700684e-01 -8.785090446472167969e-01 1.505733132362365723e-01
4.597491919994354248e-01 -8.683858513832092285e-01 1.858406513929367065e-01
4.636805951595306396e-01 -8.564987182617187500e-01 2.267381846904754639e-01
4.646630585193634033e-01 -8.422241806983947754e-01 2.733986377716064453e-01
4.621592164039611816e-01 -8.248258233070373535e-01 3.256857097148895264e-01
4.556375741958618164e-01 -8.035050034523010254e-01 3.831110000610351562e-01
4.446270763874053955e-01 -7.774943709373474121e-01 4.447575807571411133e-01
4.288051426410675049e-01 -7.461813092231750488e-01 5.092540979385375977e-01
4.080782234668731689e-01 -7.092490792274475098e-01 5.748372673988342285e-01
3.826575577259063721e-01 -6.668052077293395996e-01 6.394872665405273438e-01
3.530763387680053711e-01 -6.194324493408203125e-01 7.011708617210388184e-01
3.201558291912078857e-01 -5.681506395339965820e-01 7.580930590629577637e-01
2.848984301090240479e-01 -5.142837166786193848e-01 8.089160323143005371e-01
2.483508884906768799e-01 -4.592697024345397949e-01 8.528735041618347168e-01
2.114854753017425537e-01 -4.044679403305053711e-01 8.897637724876403809e-01
1.751006394624710083e-01 -3.510295748710632324e-01 9.198467135429382324e-01
1.397863179445266724e-01 -2.998145818710327148e-01 9.437007308006286621e-01
1.059225276112556458e-01 -2.513892650604248047e-01 9.620727300643920898e-01
7.371148467063903809e-02 -2.060583680868148804e-01 9.757595062255859375e-01
4.321510717272758484e-02 -1.639136821031570435e-01 9.855276346206665039e-01
1.439839508384466171e-02 -1.248970553278923035e-01 9.920652508735656738e-01
-1.283589750528335571e-02 -8.884070813655853271e-02 9.959631562232971191e-01
-3.861857578158378601e-02 -5.551378428936004639e-02 9.977108240127563477e-01
-6.309371441602706909e-02 -2.464241161942481995e-02 9.977033734321594238e-01
-8.640789240598678589e-02 4.060347564518451691e-03 9.962515234947204590e-01
-1.087002232670783997e-01 3.089391440153121948e-02 9.935943484306335449e-01
-1.301023215055465698e-01 5.615513771772384644e-02 9.899089932441711426e-01
-1.507291048765182495e-01 8.013606071472167969e-02 9.853217601776123047e-01
-1.706853210926055908e-01 1.031243056058883667e-01 9.799142479896545410e-01
-1.900620907545089722e-01 1.253991276025772095e-01 9.737307429313659668e-01
-2.089389264583587646e-01 1.472351104021072388e-01 9.667814373970031738e-01
-2.273853421211242676e-01 1.688999384641647339e-01 9.590457081794738770e-01
-2.454608678817749023e-01 1.906550526618957520e-01 9.504734277725219727e-01
-2.632125616073608398e-01 2.127549648284912109e-01 9.409859180450439453e-01
-2.806782424449920654e-01 2.354463636875152588e-01 9.304755330085754395e-01
-2.978814840316772461e-01 2.589672803878784180e-01 9.188050031661987305e-01
-3.148313760757446289e-01 2.835415601730346680e-01 9.058064818382263184e-01
-3.315165936946868896e-01 3.093761205673217773e-01 8.912817835807800293e-01
-3.479056954383850098e-01 3.366547822952270508e-01 8.750000596046447754e-01
-3.639377057552337646e-01 3.655276894569396973e-01 8.567023277282714844e-01
-3.795202970504760742e-01 3.961014449596405029e-01 8.361029028892517090e-01
-3.945223987102508545e-01 4.284271001815795898e-01 8.128975033760070801e-01
-4.087721705436706543e-01 4.624855220317840576e-01 7.867735028266906738e-01
-4.220521450042724609e-01 4.981702864170074463e-01 7.574287056922912598e-01
-4.341028630733489990e-01 5.352772474288940430e-01 7.245915532112121582e-01
-4.446257054805755615e-01 5.734940171241760254e-01 6.880498528480529785e-01
-4.532931149005889893e-01 6.123988628387451172e-01 6.476828455924987793e-01
-4.597667753696441650e-01 6.514694094657897949e-01 6.034916639328002930e-01
-4.637197554111480713e-01 6.901027560234069824e-01 5.556277036666870117e-01
-4.648577868938446045e-01 7.276528477668762207e-01 5.044090747833251953e-01
-4.629465639591217041e-01 7.634753584861755371e-01 4.503173828125000000e-01
-4.578262269496917725e-01 7.969774603843688965e-01 3.939823210239410400e-01
-4.494255185127258301e-01 8.276616930961608887e-01 3.361439704895019531e-01
-4.377566277980804443e-01 8.551642298698425293e-01 2.776025831699371338e-01
-4.229026734828948975e-01 8.792716860771179199e-01 2.191680222749710083e-01
-4.050005972385406494e-01 8.999204039573669434e-01 1.616098880767822266e-01
-3.842121660709381104e-01 9.171830415725708008e-01 1.056234911084175110e-01
-3.607062995433807373e-01 9.312391877174377441e-01 5.181179940700531006e-02
-3.346379697322845459e-01 9.423465132713317871e-01 6.794205983169376850e-04
-3.061356842517852783e-01 9.508094191551208496e-01 -4.735381528735160828e-02
-2.752998471260070801e-01 9.569527506828308105e-01 -9.193133562803268433e-02
-2.422083914279937744e-01 9.611011147499084473e-01 -1.327391415834426880e-01
-2.069265991449356079e-01 9.635649919509887695e-01 -1.694814115762710571e-01
-1.695216596126556396e-01 9.646324515342712402e-01 -2.018582075834274292e-01
-1.300836950540542603e-01 9.645627140998840332e-01 -2.295584827661514282e-01
-8.875142037868499756e-02 9.635827541351318359e-01 -2.522527575492858887e-01
-4.572723805904388428e-02 9.618868827819824219e-01 -2.695970833301544189e-01
-1.303360564634203911e-03 9.596306681632995605e-01 -2.812602519989013672e-01
4.412918537855148315e-02 9.569320082664489746e-01 -2.869388163089752197e-01
9.007505327463150024e-02 9.538651704788208008e-01 -2.864046394824981689e-01
1.359351128339767456e-01 9.504624605178833008e-01 -2.795403301715850830e-01
1.810417026281356812e-01 9.467142224311828613e-01 -2.663756906986236572e-01
2.246823608875274658e-01 9.425752162933349609e-01 -2.471231222152709961e-01
2.661544084548950195e-01 9.379742741584777832e-01 -2.221850454807281494e-01
3.048218786716461182e-01 9.328266382217407227e-01 -1.921411305665969849e-01
3.401631116867065430e-01 9.270461201667785645e-01 -1.577167809009552002e-01
3.718035221099853516e-01 9.205582737922668457e-01 -1.197272986173629761e-01
3.995448052883148193e-01 9.133022427558898926e-01 -7.901174575090408325e-02
4.233579337596893311e-01 9.052324891090393066e-01 -3.636423870921134949e-02
4.433578550815582275e-01 8.963132500648498535e-01 7.512798067182302475e-03
4.597645699977874756e-01 8.865135908126831055e-01 5.205861106514930725e-02
4.728664457798004150e-01 8.757934570312500000e-01 9.686614573001861572e-02
4.829668402671813965e-01 8.641005754470825195e-01 1.416801661252975464e-01
4.903586804866790771e-01 8.513557910919189453e-01 1.863912045955657959e-01
4.952794909477233887e-01 8.374581336975097656e-01 2.310025691986083984e-01
4.978941977024078369e-01 8.222751021385192871e-01 2.756174206733703613e-01
4.982817173004150391e-01 8.056432604789733887e-01 3.203970491886138916e-01
4.964208900928497314e-01 7.873702645301818848e-01 3.655329942703247070e-01
4.921870827674865723e-01 7.672339677810668945e-01 4.112223982810974121e-01
4.853531122207641602e-01 7.449918389320373535e-01 4.576236605644226074e-01
4.756006300449371338e-01 7.203918695449829102e-01 5.048164129257202148e-01
4.625309109687805176e-01 6.931856870651245117e-01 5.527736544609069824e-01
4.457026720046997070e-01 6.631559133529663086e-01 6.013096570968627930e-01
4.246776700019836426e-01 6.301482915878295898e-01 6.500476598739624023e-01
3.990743160247802734e-01 5.941259264945983887e-01 6.983939409255981445e-01
3.686504364013671875e-01 5.552006363868713379e-01 7.455529570579528809e-01
3.333798348903656006e-01 5.136904716491699219e-01 7.905567288398742676e-01
2.935151457786560059e-01 4.701332151889801025e-01 8.323603272438049316e-01
2.496199309825897217e-01 4.252791404724121094e-01 8.699584007263183594e-01
2.025389075279235840e-01 3.800382316112518311e-01 9.025236964225769043e-01
1.533400416374206543e-01 3.353890776634216309e-01 9.295164942741394043e-01
1.031837984919548035e-01 2.922732830047607422e-01 9.507519602775573730e-01
5.320184677839279175e-02 2.514945268630981445e-01 9.663953781127929688e-01
4.398982971906661987e-03 2.136468738317489624e-01 9.769010543823242188e-01
-4.243204742670059204e-02 1.790885627269744873e-01 9.829174876213073730e-01
-8.672795444726943970e-02 1.479536443948745728e-01 9.851842522621154785e-01
-1.281474083662033081e-01 1.201833933591842651e-01 9.844461083412170410e-01
-1.665408015251159668e-01 9.557477384805679321e-02 9.813916683197021484e-01
-2.019056528806686401e-01 7.383051514625549316e-02 9.766182303428649902e-01
-2.343385219573974609e-01 5.459837242960929871e-02 9.706206321716308594e-01
-2.640073895454406738e-01 3.751053288578987122e-02 9.637908935546875000e-01
-2.911157608032226562e-01 2.219590917229652405e-02 9.564303755760192871e-01
-3.158833086490631104e-01 8.300072513520717621e-03 9.487617015838623047e-01
-3.385294377803802490e-01 -4.507991950958967209e-03 9.409449696540832520e-01
-3.592695295810699463e-01 -1.653543300926685333e-02 9.330873489379882812e-01
-3.783024251461029053e-01 -2.806345000863075256e-02 9.252566099166870117e-01
-3.958116173744201660e-01 -3.935218602418899536e-02 9.174882173538208008e-01
-4.119630753993988037e-01 -5.063975974917411804e-02 9.097923040390014648e-01
-4.269086718559265137e-01 -6.214973703026771545e-02 9.021565318107604980e-01
-4.407812952995300293e-01 -7.409466803073883057e-02 8.945511579513549805e-01
-4.536982476711273193e-01 -8.667637407779693604e-02 8.869301080703735352e-01
-4.657596051692962646e-01 -1.000941768288612366e-01 8.792321681976318359e-01
-4.770491421222686768e-01 -1.145424842834472656e-01 8.713806271553039551e-01
-4.876328706741333008e-01 -1.302205920219421387e-01 8.632825613021850586e-01
-4.975575506687164307e-01 -1.473297178745269775e-01 8.548277020454406738e-01
-5.068455934524536133e-01 -1.660795509815216064e-01 8.458871841430664062e-01
-5.154962539672851562e-01 -1.866916418075561523e-01 8.363072872161865234e-01
-5.234734416007995605e-01 -2.093977332115173340e-01 8.259104490280151367e-01
-5.307085514068603516e-01 -2.344433665275573730e-01 8.144842982292175293e-01
-5.370835065841674805e-01 -2.620905339717864990e-01 8.017791509628295898e-01
-5.424256920814514160e-01 -2.926103770732879639e-01 7.874982953071594238e-01
-5.464959740638732910e-01 -3.262782990932464600e-01 7.712876796722412109e-01
-5.489726662635803223e-01 -3.633550703525543213e-01 7.527296543121337891e-01
-5.494353175163269043e-01 -4.040735363960266113e-01 7.313311696052551270e-01
-5.473536849021911621e-01 -4.485874474048614502e-01 7.065219283103942871e-01
-5.420769453048706055e-01 -4.969170689582824707e-01 6.776622533798217773e-01
-5.328387022018432617e-01 -5.488760471343994141e-01 6.440637111663818359e-01
-5.187845230102539062e-01 -6.039705872535705566e-01 6.050472259521484375e-01
-4.990396201610565186e-01 -6.612989306449890137e-01 5.600385665893554688e-01
-4.728256762027740479e-01 -7.194812297821044922e-01 5.087068676948547363e-01
-4.396294057369232178e-01 -7.766592502593994141e-01 4.511390924453735352e-01
-3.993945419788360596e-01 -8.306232690811157227e-01 3.880062699317932129e-01
-3.526858091354370117e-01 -8.790907859802246094e-01 3.206432759761810303e-01
-3.007268011569976807e-01 -9.200915694236755371e-01 2.509875297546386719e-01
-2.452979683876037598e-01 -9.523363113403320312e-01 1.813406497240066528e-01
-1.884585469961166382e-01 -9.754410982131958008e-01 1.140090078115463257e-01
-1.322314888238906860e-01 -9.899079799652099609e-01 5.096185207366943359e-02
-7.831932604312896729e-02 -9.969077706336975098e-01 -6.404214072972536087e-03
-2.796167321503162384e-02 -9.979637861251831055e-01 -5.732794478535652161e-02
1.809634640812873840e-02 -9.946591258049011230e-01 -1.016159951686859131e-01
5.952555313706398010e-02 -9.884313344955444336e-01 -1.395002305507659912e-01
9.631569683551788330e-02 -9.804682135581970215e-01 -1.714798510074615479e-01
1.286614239215850830e-01 -9.716824889183044434e-01 -1.981903612613677979e-01
1.568791419267654419e-01 -9.627308845520019531e-01 -2.203136533498764038e-01
1.813403666019439697e-01 -9.540585875511169434e-01 -2.385119646787643433e-01
2.024309337139129639e-01 -9.459438323974609375e-01 -2.534007728099822998e-01
2.205225825309753418e-01 -9.385431408882141113e-01 -2.655305266380310059e-01
2.359653860330581665e-01 -9.319251179695129395e-01 -2.753833830356597900e-01
2.490772306919097900e-01 -9.260975122451782227e-01 -2.833796441555023193e-01
2.601433992385864258e-01 -9.210298061370849609e-01 -2.898784875869750977e-01
2.694165408611297607e-01 -9.166672825813293457e-01 -2.951876521110534668e-01
2.771193087100982666e-01 -9.129420518875122070e-01 -2.995692491531372070e-01
2.834485471248626709e-01 -9.097793102264404297e-01 -3.032467365264892578e-01
2.885748744010925293e-01 -9.071034789085388184e-01 -3.064111769199371338e-01
2.926484346389770508e-01 -9.048411846160888672e-01 -3.092238306999206543e-01
2.957997322082519531e-01 -9.029230475425720215e-01 -3.118211030960083008e-01
2.981436252593994141e-01 -9.012848138809204102e-01 -3.143182396888732910e-01
2.997808456420898438e-01 -8.998675942420959473e-01 -3.168117702007293701e-01
3.008015453815460205e-01 -8.986185193061828613e-01 -3.193794190883636475e-01
3.012866675853729248e-01 -8.974894881248474121e-01 -3.220852911472320557e-01
3.013085424900054932e-01 -8.964382410049438477e-01 -3.249794244766235352e-01
3.009362518787384033e-01 -8.954272270202636719e-01 -3.280967175960540771e-01
3.002333045005798340e-01 -8.944234251976013184e-01 -3.314615488052368164e-01
2.992624044418334961e-01 -8.933967947959899902e-01 -3.350883424282073975e-01
2.980839312076568604e-01 -8.923215270042419434e-01 -3.389810621738433838e-01
2.967589795589447021e-01 -8.911750912666320801e-01 -3.431341350078582764e-01
2.953489124774932861e-01 -8.899368047714233398e-01 -3.475364446640014648e-01
2.939190268516540527e-01 -8.885878920555114746e-01 -3.521693050861358643e-01
2.925354838371276855e-01 -8.871112465858459473e-01 -3.570105135440826416e-01
2.912685871124267578e-01 -8.854908943176269531e-01 -3.620339035987854004e-01
2.901926934719085693e-01 -8.837105631828308105e-01 -3.672109246253967285e-01
2.893848419189453125e-01 -8.817539215087890625e-01 -3.725137114524841309e-01
2.889275252819061279e-01 -8.796033263206481934e-01 -3.779138624668121338e-01
2.889050245285034180e-01 -8.772400617599487305e-01 -3.833847045898437500e-01
2.894035875797271729e-01 -8.746436834335327148e-01 -3.889010548591613770e-01
2.905103862285614014e-01 -8.717915415763854980e-01 -3.944403231143951416e-01
2.923082709312438965e-01 -8.686604499816894531e-01 -3.999810814857482910e-01
2.948759496212005615e-01 -8.652250766754150391e-01 -4.055043458938598633e-01
2.982806861400604248e-01 -8.614614009857177734e-01 -4.109899997711181641e-01
3.025743663311004639e-01 -8.573471307754516602e-01 -4.164189100265502930e-01
3.077866733074188232e-01 -8.528650999069213867e-01 -4.217682182788848877e-01
3.139201700687408447e-01 -8.480067849159240723e-01 -4.270111620426177979e-01
3.209436237812042236e-01 -8.427752852439880371e-01 -4.321168065071105957e-01
3.287855386734008789e-01 -8.371911048889160156e-01 -4.370480775833129883e-01
3.373335003852844238e-01 -8.312962651252746582e-01 -4.417607486248016357e-01
3.464326262474060059e-01 -8.251564502716064453e-01 -4.462076425552368164e-01
3.558888733386993408e-01 -8.188644647598266602e-01 -4.503377377986907959e-01
3.654775321483612061e-01 -8.125368952751159668e-01 -4.541035592555999756e-01
3.749556243419647217e-01 -8.063117861747741699e-01 -4.574601352214813232e-01
3.840740919113159180e-01 -8.003394603729248047e-01 -4.603734910488128662e-01
3.925953507423400879e-01 -7.947726845741271973e-01 -4.628231823444366455e-01
4.003077149391174316e-01 -7.897547483444213867e-01 -4.648023843765258789e-01
4.070349633693695068e-01 -7.854087948799133301e-01 -4.663212895393371582e-01
4.126471281051635742e-01 -7.818285226821899414e-01 -4.674040675163269043e-01
4.170622229576110840e-01 -7.790712714195251465e-01 -4.680887758731842041e-01
4.202454388141632080e-01 -7.771580815315246582e-01 -4.684219062328338623e-01
4.222029447555541992e-01 -7.760738134384155273e-01 -4.684593975543975830e-01
4.229775667190551758e-01 -7.757725119590759277e-01 -4.682595431804656982e-01
4.226378798484802246e-01 -7.761850953102111816e-01 -4.678823351860046387e-01
4.212722182273864746e-01 -7.772248983383178711e-01 -4.673876464366912842e-01
4.189799726009368896e-01 -7.787961959838867188e-01 -4.668321609497070312e-01
4.158658087253570557e-01 -7.807998657226562500e-01 -4.662694036960601807e-01
4.120344221591949463e-01 -7.831394672393798828e-01 -4.657470583915710449e-01
4.075852930545806885e-01 -7.857241034507751465e-01 -4.653083980083465576e-01
4.026128351688385010e-01 -7.884710431098937988e-01 -4.649905562400817871e-01
3.972024917602539062e-01 -7.913075089454650879e-01 -4.648252725601196289e-01
3.914304971694946289e-01 -7.941713333129882812e-01 -4.648376703262329102e-01
3.853641450405120850e-01 -7.970106601715087891e-01 -4.650467336177825928e-01
3.790603876113891602e-01 -7.997832894325256348e-01 -4.654674530029296875e-01
3.725698590278625488e-01 -8.024556040763854980e-01 -4.661080539226531982e-01
3.659349679946899414e-01 -8.050009012222290039e-01 -4.669743478298187256e-01
3.591956794261932373e-01 -8.073987960815429688e-01 -4.680659770965576172e-01
3.523856401443481445e-01 -8.096336722373962402e-01 -4.693800806999206543e-01
3.455387055873870850e-01 -8.116921782493591309e-01 -4.709127247333526611e-01
3.386920690536499023e-01 -8.135612010955810547e-01 -4.726581573486328125e-01
3.318884968757629395e-01 -8.152263760566711426e-01 -4.746113717555999756e-01
3.251828849315643311e-01 -8.166680932044982910e-01 -4.767695367336273193e-01
3.186504542827606201e-01 -8.178578615188598633e-01 -4.791350364685058594e-01
3.123939633369445801e-01 -8.187550902366638184e-01 -4.817159175872802734e-01
3.065620660781860352e-01 -8.192981481552124023e-01 -4.845308363437652588e-01
3.013623654842376709e-01 -8.194001317024230957e-01 -4.876106083393096924e-01
2.970889806747436523e-01 -8.189367651939392090e-01 -4.909996390342712402e-01
2.941564917564392090e-01 -8.177349567413330078e-01 -4.947538077831268311e-01
2.931259274482727051e-01 -8.155589699745178223e-01 -4.989396631717681885e-01
2.947342395782470703e-01 -8.120967745780944824e-01 -5.036174058914184570e-01
2.999052405357360840e-01 -8.069486618041992188e-01 -5.088129639625549316e-01
3.096838295459747314e-01 -7.996342182159423828e-01 -5.144715309143066406e-01
3.250514864921569824e-01 -7.896456122398376465e-01 -5.203858613967895508e-01
3.465684652328491211e-01 -7.765843272209167480e-01 -5.261246562004089355e-01
3.738280534744262695e-01 -7.604253888130187988e-01 -5.310420393943786621e-01
4.049615263938903809e-01 -7.418788671493530273e-01 -5.344361066818237305e-01
4.366791546344757080e-01 -7.225903272628784180e-01 -5.358867049217224121e-01
4.651038348674774170e-01 -7.048557400703430176e-01 -5.355901122093200684e-01
4.872767031192779541e-01 -6.907168030738830566e-01 -5.342956185340881348e-01
5.021377801895141602e-01 -6.811915040016174316e-01 -5.327624082565307617e-01
