7.512911558151245117e-01 4.953469634056091309e-01 4.361111223697662354e-01
7.339717149734497070e-01 4.915617704391479492e-01 4.686709642410278320e-01
7.392963171005249023e-01 4.549069702625274658e-01 4.964883625507354736e-01
7.699654102325439453e-01 4.216108024120330811e-01 4.789547324180603027e-01
8.011741638183593750e-01 3.980531096458435059e-01 4.468486011028289795e-01
8.311727643013000488e-01 3.760190010070800781e-01 4.095870256423950195e-01
8.587626814842224121e-01 3.543242216110229492e-01 3.701094388961791992e-01
8.834599256515502930e-01 3.330504000186920166e-01 3.295088708400726318e-01
9.049999117851257324e-01 3.123409152030944824e-01 2.888224124908447266e-01
9.233249425888061523e-01 2.923620343208312988e-01 2.489889413118362427e-01
9.385525584220886230e-01 2.732741832733154297e-01 2.108088135719299316e-01
9.509320259094238281e-01 2.552038729190826416e-01 1.749265491962432861e-01
9.607978463172912598e-01 2.382322698831558228e-01 1.418198049068450928e-01
9.685255885124206543e-01 2.223848849534988403e-01 1.118172481656074524e-01
9.744968414306640625e-01 2.076353877782821655e-01 8.510824292898178101e-02
9.790735840797424316e-01 1.939063072204589844e-01 6.176722422242164612e-02
9.825809597969055176e-01 1.810802519321441650e-01 4.176897928118705750e-02
9.852985739707946777e-01 1.690024286508560181e-01 2.499553747475147247e-02
9.874557256698608398e-01 1.574951857328414917e-01 1.124914176762104034e-02
9.892306923866271973e-01 1.463641077280044556e-01 2.469354949425905943e-04
9.907542467117309570e-01 1.354098916053771973e-01 -8.377051912248134613e-03
9.921128153800964355e-01 1.244389936327934265e-01 -1.506911683827638626e-02
9.933552145957946777e-01 1.132746115326881409e-01 -2.035480178892612457e-02
9.944983124732971191e-01 1.017692759633064270e-01 -2.482193894684314728e-02
9.955335259437561035e-01 8.981385082006454468e-02 -2.909438684582710266e-02
9.964313507080078125e-01 7.734340429306030273e-02 -3.380210697650909424e-02
9.971444606781005859e-01 6.434211879968643188e-02 -3.953476250171661377e-02
9.976095557212829590e-01 5.083927139639854431e-02 -4.680399596691131592e-02
9.977483153343200684e-01 3.690224513411521912e-02 -5.600505322217941284e-02
9.974696040153503418e-01 2.263072505593299866e-02 -6.739576160907745361e-02
9.966737031936645508e-01 8.138491772115230560e-03 -8.108811080455780029e-02
9.952579736709594727e-01 -6.451392546296119690e-03 -9.705713391304016113e-02
9.931241869926452637e-01 -2.101786248385906219e-02 -1.151627972722053528e-01
9.901871085166931152e-01 -3.545040637254714966e-02 -1.351766437292098999e-01
9.863787889480590820e-01 -4.965199157595634460e-02 -1.568168699741363525e-01
9.816532731056213379e-01 -6.354198604822158813e-02 -1.797754615545272827e-01
9.759872555732727051e-01 -7.705511897802352905e-02 -2.037436068058013916e-01
9.693772792816162109e-01 -9.014356136322021484e-02 -2.284332811832427979e-01
9.618378281593322754e-01 -1.027718111872673035e-01 -2.535860836505889893e-01
9.533960819244384766e-01 -1.149154454469680786e-01 -2.789809107780456543e-01
9.440870285034179688e-01 -1.265602111816406250e-01 -3.044372797012329102e-01
9.339495897293090820e-01 -1.376985460519790649e-01 -3.298140764236450195e-01
9.230215549468994141e-01 -1.483297199010848999e-01 -3.550063669681549072e-01
9.113365411758422852e-01 -1.584564000368118286e-01 -3.799436390399932861e-01
8.989213705062866211e-01 -1.680849641561508179e-01 -4.045834541320800781e-01
8.857923746109008789e-01 -1.772254407405853271e-01 -4.289091229438781738e-01
8.719515800476074219e-01 -1.858895868062973022e-01 -4.529298841953277588e-01
8.573862910270690918e-01 -1.940924078226089478e-01 -4.766727089881896973e-01
8.420631289482116699e-01 -2.018513679504394531e-01 -5.001857876777648926e-01
8.259249329566955566e-01 -2.091873288154602051e-01 -5.235346555709838867e-01
8.088864088058471680e-01 -2.161248773336410522e-01 -5.468024015426635742e-01
7.908260822296142578e-01 -2.226936519145965576e-01 -5.700890421867370605e-01
7.715782523155212402e-01 -2.289286404848098755e-01 -5.935138463973999023e-01
7.509217858314514160e-01 -2.348725199699401855e-01 -6.172126531600952148e-01
7.285640835762023926e-01 -2.405752837657928467e-01 -6.413406729698181152e-01
7.041210532188415527e-01 -2.460974752902984619e-01 -6.660702228546142578e-01
6.770892739295959473e-01 -2.515086829662322998e-01 -6.915876865386962891e-01
6.468086838722229004e-01 -2.568880915641784668e-01 -7.180857062339782715e-01
6.124165654182434082e-01 -2.623205482959747314e-01 -7.457438707351684570e-01
5.727850198745727539e-01 -2.678904831409454346e-01 -7.746947407722473145e-01
5.264536738395690918e-01 -2.736655175685882568e-01 -8.049557209014892578e-01
4.715564250946044922e-01 -2.796692550182342529e-01 -8.363130688667297363e-01
4.057890474796295166e-01 -2.858300507068634033e-01 -8.681223988533020020e-01
3.264871537685394287e-01 -2.919001877307891846e-01 -8.989996314048767090e-01
2.309608459472656250e-01 -2.973449826240539551e-01 -9.264141321182250977e-01
1.173140108585357666e-01 -3.012285232543945312e-01 -9.463079571723937988e-01
-1.409603469073772430e-02 -3.022105693817138672e-01 -9.531369209289550781e-01
-1.589161306619644165e-01 -2.988116741180419922e-01 -9.409873485565185547e-01
-3.080545961856842041e-01 -2.900609970092773438e-01 -9.060722589492797852e-01
-4.495940208435058594e-01 -2.762166261672973633e-01 -8.494524955749511719e-01
-5.730507373809814453e-01 -2.589223384857177734e-01 -7.775424122810363770e-01
-6.729419231414794922e-01 -2.405242323875427246e-01 -6.994978189468383789e-01
-7.491939663887023926e-01 -2.231334596872329712e-01 -6.236343979835510254e-01
-8.051079511642456055e-01 -2.080907821655273438e-01 -5.554272532463073730e-01
-8.450684547424316406e-01 -1.959611028432846069e-01 -4.974520504474639893e-01
-8.731477260589599609e-01 -1.867698729038238525e-01 -4.502554833889007568e-01
-8.925930261611938477e-01 -1.802543103694915771e-01 -4.132628142833709717e-01
-9.057965874671936035e-01 -1.760381013154983521e-01 -3.854129910469055176e-01
-9.144514203071594238e-01 -1.737242937088012695e-01 -3.655113279819488525e-01
-9.197318553924560547e-01 -1.729431003332138062e-01 -3.523973822593688965e-01
-9.224455952644348145e-01 -1.733722239732742310e-01 -3.450161516666412354e-01
-9.231504201889038086e-01 -1.747372895479202271e-01 -3.424327373504638672e-01
-9.222365617752075195e-01 -1.768148392438888550e-01 -3.438259959220886230e-01
-9.199835062026977539e-01 -1.794212013483047485e-01 -3.484800159931182861e-01
-9.165983200073242188e-01 -1.824151128530502319e-01 -3.557699322700500488e-01
-9.122436046600341797e-01 -1.856869757175445557e-01 -3.651464879512786865e-01
-9.070537090301513672e-01 -1.891563981771469116e-01 -3.761294782161712646e-01
-9.011479616165161133e-01 -1.927635371685028076e-01 -3.882970511913299561e-01
-8.946356773376464844e-01 -1.964704692363739014e-01 -4.012808501720428467e-01
-8.876221179962158203e-01 -2.002530097961425781e-01 -4.147597551345825195e-01
-8.802115917205810547e-01 -2.040974795818328857e-01 -4.284529089927673340e-01
-8.725064396858215332e-01 -2.079973220825195312e-01 -4.421195983886718750e-01
-8.646106719970703125e-01 -2.119513750076293945e-01 -4.555491507053375244e-01
-8.566271066665649414e-01 -2.159618437290191650e-01 -4.685620069503784180e-01
-8.486593365669250488e-01 -2.200320512056350708e-01 -4.810024499893188477e-01
-8.408088088035583496e-01 -2.241657972335815430e-01 -4.927373826503753662e-01
-8.331772685050964355e-01 -2.283662557601928711e-01 -5.036512613296508789e-01
-8.258630633354187012e-01 -2.326374202966690063e-01 -5.136438608169555664e-01
-8.189628124237060547e-01 -2.369822561740875244e-01 -5.226272344589233398e-01
-8.125680685043334961e-01 -2.414042949676513672e-01 -5.305252671241760254e-01
-8.067663908004760742e-01 -2.459074258804321289e-01 -5.372685790061950684e-01
-8.016381859779357910e-01 -2.504942119121551514e-01 -5.427973270416259766e-01
-7.972555756568908691e-01 -2.551686167716979980e-01 -5.470581650733947754e-01
-7.936787605285644531e-01 -2.599337399005889893e-01 -5.500075817108154297e-01
-7.909510731697082520e-01 -2.647923529148101807e-01 -5.516170859336853027e-01
-7.890951633453369141e-01 -2.697448432445526123e-01 -5.518755316734313965e-01
-7.881060242652893066e-01 -2.747932076454162598e-01 -5.507972836494445801e-01
-7.879449725151062012e-01 -2.799342274665832520e-01 -5.484337806701660156e-01
-7.885350584983825684e-01 -2.851668298244476318e-01 -5.448783040046691895e-01
-7.897557020187377930e-01 -2.904883325099945068e-01 -5.402799844741821289e-01
-7.914447784423828125e-01 -2.958971560001373291e-01 -5.348458290100097656e-01
-7.934035658836364746e-01 -3.013928830623626709e-01 -5.288412570953369141e-01
-7.954079508781433105e-01 -3.069755434989929199e-01 -5.225823521614074707e-01
-7.972229123115539551e-01 -3.126505017280578613e-01 -5.164158344268798828e-01
-7.986219525337219238e-01 -3.184154033660888672e-01 -5.106999874114990234e-01
-7.994041442871093750e-01 -3.242730200290679932e-01 -5.057667493820190430e-01
-7.994101643562316895e-01 -3.302144110202789307e-01 -5.018982291221618652e-01
-7.985344529151916504e-01 -3.362260162830352783e-01 -4.992944002151489258e-01
-7.967259287834167480e-01 -3.422796726226806641e-01 -4.980686306953430176e-01
-7.939886450767517090e-01 -3.483376502990722656e-01 -4.982398152351379395e-01
-7.903773784637451172e-01 -3.543535470962524414e-01 -4.997370243072509766e-01
-7.859855890274047852e-01 -3.602718412876129150e-01 -5.024249553680419922e-01
-7.809376716613769531e-01 -3.660334646701812744e-01 -5.061184167861938477e-01
-7.753807902336120605e-01 -3.715805113315582275e-01 -5.106002092361450195e-01
-7.694706916809082031e-01 -3.768542706966400146e-01 -5.156507492065429688e-01
-7.633689641952514648e-01 -3.818037807941436768e-01 -5.210505127906799316e-01
-7.572349309921264648e-01 -3.863820433616638184e-01 -5.265967845916748047e-01
-7.512182593345642090e-01 -3.905493021011352539e-01 -5.321111679077148438e-01
-7.454587221145629883e-01 -3.942709863185882568e-01 -5.374398231506347656e-01
-7.400818467140197754e-01 -3.975203335285186768e-01 -5.424540638923645020e-01
-7.351980209350585938e-01 -4.002734124660491943e-01 -5.470512509346008301e-01
-7.309007644653320312e-01 -4.025129973888397217e-01 -5.511510372161865234e-01
-7.272681593894958496e-01 -4.042239189147949219e-01 -5.546926259994506836e-01
-7.243595123291015625e-01 -4.053977429866790771e-01 -5.576341748237609863e-01
-7.222187519073486328e-01 -4.060265421867370605e-01 -5.599487423896789551e-01
-7.208704948425292969e-01 -4.061095714569091797e-01 -5.616233944892883301e-01
-7.203204631805419922e-01 -4.056514799594879150e-01 -5.626590847969055176e-01
-7.205575108528137207e-01 -4.046601951122283936e-01 -5.630692839622497559e-01
-7.215492725372314453e-01 -4.031527340412139893e-01 -5.628805160522460938e-01
-7.232467532157897949e-01 -4.011528193950653076e-01 -5.621304512023925781e-01
-7.255803346633911133e-01 -3.986935019493103027e-01 -5.608713626861572266e-01
-7.284637689590454102e-01 -3.958171010017395020e-01 -5.591683983802795410e-01
-7.317947149276733398e-01 -3.925766050815582275e-01 -5.570998191833496094e-01
-7.354555130004882812e-01 -3.890351057052612305e-01 -5.547584295272827148e-01
-7.393175959587097168e-01 -3.852684795856475830e-01 -5.522478222846984863e-01
-7.432426810264587402e-01 -3.813629448413848877e-01 -5.496840476989746094e-01
-7.470857501029968262e-01 -3.774178624153137207e-01 -5.471916794776916504e-01
-7.506995201110839844e-01 -3.735391199588775635e-01 -5.449025034904479980e-01
-7.539340853691101074e-01 -3.698452711105346680e-01 -5.429528951644897461e-01
-7.566424012184143066e-01 -3.664587140083312988e-01 -5.414798855781555176e-01
-7.586807012557983398e-01 -3.635071516036987305e-01 -5.406163930892944336e-01
-7.599126100540161133e-01 -3.611177206039428711e-01 -5.404875278472900391e-01
-7.602098584175109863e-01 -3.594128489494323730e-01 -5.412054657936096191e-01
-7.594563961029052734e-01 -3.585082888603210449e-01 -5.428607463836669922e-01
-7.575515508651733398e-01 -3.585013747215270996e-01 -5.455202460289001465e-01
-7.544128894805908203e-01 -3.594714403152465820e-01 -5.492189526557922363e-01
-7.499812245368957520e-01 -3.614709377288818359e-01 -5.539556741714477539e-01
-7.442249655723571777e-01 -3.645196855068206787e-01 -5.596916079521179199e-01
-7.371435165405273438e-01 -3.686040341854095459e-01 -5.663483142852783203e-01
-7.287748456001281738e-01 -3.736719489097595215e-01 -5.738086700439453125e-01
-7.191925644874572754e-01 -3.796368539333343506e-01 -5.819260478019714355e-01
-7.085098624229431152e-01 -3.863801360130310059e-01 -5.905287861824035645e-01
-6.968780159950256348e-01 -3.937577307224273682e-01 -5.994296073913574219e-01
-6.844758391380310059e-01 -4.016081690788269043e-01 -6.084437370300292969e-01
-6.715040206909179688e-01 -4.097667634487152100e-01 -6.173925995826721191e-01
-6.581751704216003418e-01 -4.180705845355987549e-01 -6.261169314384460449e-01
-6.446947455406188965e-01 -4.263743460178375244e-01 -6.344868540763854980e-01
-6.312513351440429688e-01 -4.345543980598449707e-01 -6.424049735069274902e-01
-6.180031299591064453e-01 -4.425172507762908936e-01 -6.498081088066101074e-01
-6.050643324851989746e-01 -4.502013921737670898e-01 -6.566702723503112793e-01
-5.924996137619018555e-01 -4.575809836387634277e-01 -6.629961729049682617e-01
-5.803169608116149902e-01 -4.646621048450469971e-01 -6.688209176063537598e-01
-5.684688687324523926e-01 -4.714818298816680908e-01 -6.742017865180969238e-01
-5.568493604660034180e-01 -4.781044721603393555e-01 -6.792163252830505371e-01
-5.453017354011535645e-01 -4.846127331256866455e-01 -6.839566230773925781e-01
-5.336220860481262207e-01 -4.911079406738281250e-01 -6.885204315185546875e-01
-5.215656757354736328e-01 -4.976997971534729004e-01 -6.930109262466430664e-01
-5.088537931442260742e-01 -5.045019984245300293e-01 -6.975281238555908203e-01
-4.951823651790618896e-01 -5.116246342658996582e-01 -7.021642923355102539e-01
-4.802226722240447998e-01 -5.191710591316223145e-01 -7.069988846778869629e-01
-4.636315703392028809e-01 -5.272254943847656250e-01 -7.120947837829589844e-01
-4.450550377368927002e-01 -5.358532071113586426e-01 -7.174867987632751465e-01
-4.241327047348022461e-01 -5.450876355171203613e-01 -7.231810688972473145e-01
-4.005031287670135498e-01 -5.549266934394836426e-01 -7.291458249092102051e-01
-3.738174736499786377e-01 -5.653210282325744629e-01 -7.353045344352722168e-01
-3.437468707561492920e-01 -5.761691331863403320e-01 -7.415303587913513184e-01
-3.100070953369140625e-01 -5.873048901557922363e-01 -7.476419806480407715e-01
-2.723815739154815674e-01 -5.984966754913330078e-01 -7.533989548683166504e-01
-2.307551354169845581e-01 -6.094412803649902344e-01 -7.585073113441467285e-01
-1.851540803909301758e-01 -6.197718977928161621e-01 -7.626274824142456055e-01
-1.357841938734054565e-01 -6.290714740753173828e-01 -7.653964161872863770e-01
-8.306589722633361816e-02 -6.369006037712097168e-01 -7.664578557014465332e-01
-2.764949388802051544e-02 -6.428359150886535645e-01 -7.655047178268432617e-01
2.959076128900051117e-02 -6.465175747871398926e-01 -7.623249888420104980e-01
8.760149031877517700e-02 -6.476998329162597656e-01 -7.568427920341491699e-01
1.452234536409378052e-01 -6.462848782539367676e-01 -7.491502165794372559e-01
2.012870311737060547e-01 -6.423493027687072754e-01 -7.395071983337402344e-01
2.547130286693572998e-01 -6.361322999000549316e-01 -7.283248305320739746e-01
3.045957982540130615e-01 -6.280093789100646973e-01 -7.161184549331665039e-01
3.502570986747741699e-01 -6.184467673301696777e-01 -7.034512162208557129e-01
3.912639915943145752e-01 -6.079458594322204590e-01 -6.908794045448303223e-01
4.274116158485412598e-01 -5.970005393028259277e-01 -6.789032816886901855e-01
4.586883187294006348e-01 -5.860600471496582031e-01 -6.679361462593078613e-01
4.852263629436492920e-01 -5.755075812339782715e-01 -6.582905054092407227e-01
5.072555541992187500e-01 -5.656538009643554688e-01 -6.501750349998474121e-01
5.250598788261413574e-01 -5.567377805709838867e-01 -6.437041759490966797e-01
5.389454364776611328e-01 -5.489349961280822754e-01 -6.389117240905761719e-01
5.492150783538818359e-01 -5.423690080642700195e-01 -6.357662081718444824e-01
5.561521649360656738e-01 -5.371235013008117676e-01 -6.341869831085205078e-01
5.600101947784423828e-01 -5.332537889480590820e-01 -6.340575814247131348e-01
5.610072612762451172e-01 -5.307947993278503418e-01 -6.352384090423583984e-01
5.593231320381164551e-01 -5.297716856002807617e-01 -6.375731825828552246e-01
5.550982356071472168e-01 -5.302008986473083496e-01 -6.409000754356384277e-01
5.484350919723510742e-01 -5.320965051651000977e-01 -6.450521349906921387e-01
5.394001603126525879e-01 -5.354701876640319824e-01 -6.498607397079467773e-01
5.280246138572692871e-01 -5.403301715850830078e-01 -6.551589965820312500e-01
5.143101215362548828e-01 -5.466795563697814941e-01 -6.607771515846252441e-01
4.982336163520812988e-01 -5.545099377632141113e-01 -6.665447950363159180e-01
4.797532856464385986e-01 -5.637974143028259277e-01 -6.722866296768188477e-01
4.588196277618408203e-01 -5.744942426681518555e-01 -6.778207421302795410e-01
4.353842735290527344e-01 -5.865195989608764648e-01 -6.829607486724853516e-01
4.094189703464508057e-01 -5.997532606124877930e-01 -6.875115633010864258e-01
3.809306919574737549e-01 -6.140263676643371582e-01 -6.912765502929687500e-01
3.499848842620849609e-01 -6.291159987449645996e-01 -6.940631866455078125e-01
3.167252540588378906e-01 -6.447463035583496094e-01 -6.956919431686401367e-01
2.813946008682250977e-01 -6.605904698371887207e-01 -6.960152983665466309e-01
2.443501800298690796e-01 -6.762878894805908203e-01 -6.949298977851867676e-01
2.060670256614685059e-01 -6.914615631103515625e-01 -6.923996806144714355e-01
1.671321839094161987e-01 -7.057486772537231445e-01 -6.884660720825195312e-01
1.282190531492233276e-01 -7.188274860382080078e-01 -6.832619905471801758e-01
9.005323797464370728e-02 -7.304489016532897949e-01 -6.770042777061462402e-01
5.336881428956985474e-02 -7.404546141624450684e-01 -6.699841022491455078e-01
1.886279135942459106e-02 -7.487888336181640625e-01 -6.625401973724365234e-01
-1.284568104892969131e-02 -7.554918527603149414e-01 -6.550320982933044434e-01
-4.123980551958084106e-02 -7.606902122497558594e-01 -6.478037834167480469e-01
-6.592142581939697266e-02 -7.645702362060546875e-01 -6.411604285240173340e-01
-8.660709112882614136e-02 -7.673576474189758301e-01 -6.353436112403869629e-01
-1.031195968389511108e-01 -7.692899703979492188e-01 -6.305229663848876953e-01
-1.153718903660774231e-01 -7.705984711647033691e-01 -6.267912983894348145e-01
-1.233441308140754700e-01 -7.714906930923461914e-01 -6.241701245307922363e-01
-1.270677894353866577e-01 -7.721388936042785645e-01 -6.226197481155395508e-01
-1.266090273857116699e-01 -7.726734876632690430e-01 -6.220496892929077148e-01
-1.220567449927330017e-01 -7.731783390045166016e-01 -6.223321557044982910e-01
-1.135141476988792419e-01 -7.736898064613342285e-01 -6.233125329017639160e-01
-1.010960564017295837e-01 -7.741942405700683594e-01 -6.248221993446350098e-01
-8.493002504110336304e-02 -7.746294140815734863e-01 -6.266867518424987793e-01
-6.516135483980178833e-02 -7.748880386352539062e-01 -6.287308931350708008e-01
-4.196263477206230164e-02 -7.748204469680786133e-01 -6.307871937751770020e-01
-1.554427109658718109e-02 -7.742415070533752441e-01 -6.326993107795715332e-01
1.382762007415294647e-02 -7.729377150535583496e-01 -6.343312859535217285e-01
4.581817984580993652e-02 -7.706842422485351562e-01 -6.355678439140319824e-01
8.001130074262619019e-02 -7.672597169876098633e-01 -6.363259553909301758e-01
1.159011349081993103e-01 -7.624692320823669434e-01 -6.365590691566467285e-01
1.528946757316589355e-01 -7.561668753623962402e-01 -6.362663507461547852e-01
1.903244704008102417e-01 -7.482803463935852051e-01 -6.354943513870239258e-01
2.274760305881500244e-01 -7.388268709182739258e-01 -6.343418359756469727e-01
2.636233270168304443e-01 -7.279248237609863281e-01 -6.329519152641296387e-01
2.980703115463256836e-01 -7.157908678054809570e-01 -6.315041184425354004e-01
3.301913142204284668e-01 -7.027276754379272461e-01 -6.301964521408081055e-01
3.594657480716705322e-01 -6.890966296195983887e-01 -6.292298436164855957e-01
3.854969739913940430e-01 -6.752912998199462891e-01 -6.287875771522521973e-01
4.080218672752380371e-01 -6.617040634155273438e-01 -6.290198564529418945e-01
4.268978238105773926e-01 -6.487011313438415527e-01 -6.300358176231384277e-01
4.420912563800811768e-01 -6.366028785705566406e-01 -6.318956613540649414e-01
4.536515474319458008e-01 -6.256702542304992676e-01 -6.346155405044555664e-01
4.616854488849639893e-01 -6.161020994186401367e-01 -6.381729841232299805e-01
4.663347005844116211e-01 -6.080374121665954590e-01 -6.425126194953918457e-01
4.677540957927703857e-01 -6.015605926513671875e-01 -6.475577354431152344e-01
4.660953283309936523e-01 -5.967091917991638184e-01 -6.532176733016967773e-01
4.614922106266021729e-01 -5.934826731681823730e-01 -6.593961119651794434e-01
4.540535509586334229e-01 -5.918507575988769531e-01 -6.659939289093017578e-01
4.438568353652954102e-01 -5.917584300041198730e-01 -6.729137897491455078e-01
4.309446513652801514e-01 -5.931308269500732422e-01 -6.800607442855834961e-01
4.153277277946472168e-01 -5.958772301673889160e-01 -6.873378157615661621e-01
3.969860970973968506e-01 -5.998901128768920898e-01 -6.946465373039245605e-01
3.758761584758758545e-01 -6.050463914871215820e-01 -7.018803358078002930e-01
3.519403636455535889e-01 -6.112036705017089844e-01 -7.089202404022216797e-01
3.251198232173919678e-01 -6.182002425193786621e-01 -7.156295180320739746e-01
2.953681349754333496e-01 -6.258499026298522949e-01 -7.218514680862426758e-01
2.626734077930450439e-01 -6.339438557624816895e-01 -7.274048924446105957e-01
2.270753234624862671e-01 -6.422502994537353516e-01 -7.320870161056518555e-01
1.886879056692123413e-01 -6.505194306373596191e-01 -7.356775403022766113e-01
1.477158367633819580e-01 -6.584918498992919922e-01 -7.379488348960876465e-01
1.044667661190032959e-01 -6.659135222434997559e-01 -7.386785149574279785e-01
5.935287848114967346e-02 -6.725497841835021973e-01 -7.376679778099060059e-01
1.288045570254325867e-02 -6.782068014144897461e-01 -7.347582578659057617e-01
-3.437266498804092407e-02 -6.827450394630432129e-01 -7.298477292060852051e-01
-8.179344981908798218e-02 -6.860950589179992676e-01 -7.228993177413940430e-01
-1.287750303745269775e-01 -6.882601380348205566e-01 -7.139433622360229492e-01
-1.747574359178543091e-01 -6.893129944801330566e-01 -7.030701041221618652e-01
-2.192654609680175781e-01 -6.893845796585083008e-01 -6.904139518737792969e-01
-2.619307935237884521e-01 -6.886457800865173340e-01 -6.761355996131896973e-01
-3.025056719779968262e-01 -6.872846484184265137e-01 -6.604014039039611816e-01
-3.408595025539398193e-01 -6.854899525642395020e-01 -6.433649063110351562e-01
-3.769642114639282227e-01 -6.834288835525512695e-01 -6.251583099365234375e-01
-4.108781516551971436e-01 -6.812365055084228516e-01 -6.058844327926635742e-01
-4.427210688591003418e-01 -6.790062189102172852e-01 -5.856181383132934570e-01
-4.726498425006866455e-01 -6.767850518226623535e-01 -5.644147992134094238e-01
-5.008391141891479492e-01 -6.745740771293640137e-01 -5.423190593719482422e-01
-5.274614691734313965e-01 -6.723315715789794922e-01 -5.193790793418884277e-01
-5.526748299598693848e-01 -6.699758172035217285e-01 -4.956641793251037598e-01
-5.766116976737976074e-01 -6.673963665962219238e-01 -4.712761044502258301e-01
-5.993748307228088379e-01 -6.644611358642578125e-01 -4.463644623756408691e-01
-6.210390925407409668e-01 -6.610279679298400879e-01 -4.211323261260986328e-01
-6.416528820991516113e-01 -6.569561362266540527e-01 -3.958412110805511475e-01
-6.612486243247985840e-01 -6.521152257919311523e-01 -3.708046078681945801e-01
-6.798503398895263672e-01 -6.463960409164428711e-01 -3.463751077651977539e-01
-6.974839568138122559e-01 -6.397142410278320312e-01 -3.229269087314605713e-01
-7.141847610473632812e-01 -6.320132017135620117e-01 -3.008311986923217773e-01
-7.300046682357788086e-01 -6.232599616050720215e-01 -2.804287075996398926e-01
-7.450130581855773926e-01 -6.134409308433532715e-01 -2.620033323764801025e-01
-7.592973113059997559e-01 -6.025521755218505859e-01 -2.457608878612518311e-01
-7.729591131210327148e-01 -5.905909538269042969e-01 -2.318114638328552246e-01
-7.861104607582092285e-01 -5.775482058525085449e-01 -2.201554477214813232e-01
-7.988659739494323730e-01 -5.634046792984008789e-01 -2.106854021549224854e-01
-8.113435506820678711e-01 -5.481238961219787598e-01 -2.031793296337127686e-01
-8.236558437347412109e-01 -5.316569209098815918e-01 -1.973119974136352539e-01
-8.359081745147705078e-01 -5.139446854591369629e-01 -1.926611214876174927e-01
-8.481968641281127930e-01 -4.949210882186889648e-01 -1.887198686599731445e-01
-8.606028556823730469e-01 -4.745235741138458252e-01 -1.849057227373123169e-01
-8.731889128684997559e-01 -4.526942968368530273e-01 -1.805796474218368530e-01
-8.859893083572387695e-01 -4.293945133686065674e-01 -1.750524044036865234e-01
-8.990036845207214355e-01 -4.045998454093933105e-01 -1.676046103239059448e-01
-9.121798872947692871e-01 -3.783160448074340820e-01 -1.574956625699996948e-01
-9.254003763198852539e-01 -3.505772054195404053e-01 -1.439782530069351196e-01
-9.384605288505554199e-01 -3.214564025402069092e-01 -1.263237446546554565e-01
-9.510498642921447754e-01 -2.910695374011993408e-01 -1.038396954536437988e-01
-9.627310633659362793e-01 -2.595897614955902100e-01 -7.590866833925247192e-02
-9.729263186454772949e-01 -2.272616475820541382e-01 -4.202969744801521301e-02
-9.809170961380004883e-01 -1.944173574447631836e-01 -1.887598424218595028e-03
-9.858655929565429688e-01 -1.614969819784164429e-01 4.458307847380638123e-02
-9.868708848953247070e-01 -1.290547996759414673e-01 9.711179882287979126e-02
-9.830602407455444336e-01 -9.776574373245239258e-02 1.550301462411880493e-01
-9.737190008163452148e-01 -6.839840859174728394e-02 2.172392159700393677e-01
-9.584331512451171875e-01 -4.177098348736763000e-02 2.822429239749908447e-01
-9.372128844261169434e-01 -1.867917552590370178e-02 3.482572734355926514e-01
-9.105567336082458496e-01 1.873362925834953785e-04 4.133842289447784424e-01
-8.794243931770324707e-01 1.430875621736049652e-02 4.758235514163970947e-01
-8.451231718063354492e-01 2.338432893157005310e-02 5.340599417686462402e-01
-8.091409206390380859e-01 2.733025699853897095e-02 5.869787335395812988e-01
-7.729642987251281738e-01 2.624587900936603546e-02 6.339064836502075195e-01
-7.379357218742370605e-01 2.035757340490818024e-02 6.745639443397521973e-01
-7.051632404327392578e-01 9.962794370949268341e-03 7.089749574661254883e-01
-6.754837036132812500e-01 -4.629004281014204025e-03 7.373604178428649902e-01
-6.494697928428649902e-01 -2.312494069337844849e-02 7.600356936454772949e-01
-6.274598836898803711e-01 -4.527401551604270935e-02 7.773315310478210449e-01
-6.095967888832092285e-01 -7.086848467588424683e-02 7.895374894142150879e-01
-5.958630442619323730e-01 -9.973678737878799438e-02 7.968687415122985840e-01
-5.861114859580993652e-01 -1.317243129014968872e-01 7.994511127471923828e-01
-5.800836086273193359e-01 -1.666695773601531982e-01 7.973231673240661621e-01
-5.774216651916503906e-01 -2.043689340353012085e-01 7.904539704322814941e-01
-5.776779055595397949e-01 -2.445452958345413208e-01 7.787719964981079102e-01
-5.803208947181701660e-01 -2.868110835552215576e-01 7.622119784355163574e-01
-5.847436785697937012e-01 -3.306438922882080078e-01 7.407762408256530762e-01
-5.902897715568542480e-01 -3.753733038902282715e-01 7.145997285842895508e-01
-5.962857007980346680e-01 -4.201933145523071289e-01 6.840182542800903320e-01
-6.020874381065368652e-01 -4.642011225223541260e-01 6.496214866638183594e-01
-6.071344614028930664e-01 -5.064693689346313477e-01 6.122717261314392090e-01
-6.110035777091979980e-01 -5.461282730102539062e-01 5.730781555175781250e-01
-6.134368777275085449e-01 -5.824577212333679199e-01 5.333275198936462402e-01
-6.143544316291809082e-01 -6.149473786354064941e-01 4.943766593933105469e-01
-6.138296723365783691e-01 -6.433296203613281250e-01 4.575371444225311279e-01
-6.120482087135314941e-01 -6.675671935081481934e-01 4.239704906940460205e-01
-6.092543005943298340e-01 -6.878126859664916992e-01 3.946175277233123779e-01
-6.056973338127136230e-01 -7.043523192405700684e-01 3.701602220535278320e-01
-6.015928983688354492e-01 -7.175435423851013184e-01 3.510231673717498779e-01
-5.970938205718994141e-01 -7.277676463127136230e-01 3.373920917510986328e-01
-5.922794342041015625e-01 -7.353914380073547363e-01 3.292485177516937256e-01
-5.871586203575134277e-01 -7.407479286193847656e-01 3.264003098011016846e-01
-5.816776752471923828e-01 -7.441285252571105957e-01 3.285175859928131104e-01
-5.757405161857604980e-01 -7.457839846611022949e-01 3.351552784442901611e-01
-5.692303180694580078e-01 -7.459332942962646484e-01 3.457751870155334473e-01
-5.620281696319580078e-01 -7.447764277458190918e-01 3.597670793533325195e-01
-5.540407299995422363e-01 -7.425057888031005859e-01 3.764626383781433105e-01
-5.452154874801635742e-01 -7.393156886100769043e-01 3.951611816883087158e-01
-5.355540513992309570e-01 -7.354140281677246094e-01 4.151481688022613525e-01
-5.251240134239196777e-01 -7.310212254524230957e-01 4.357208609580993652e-01
-5.140514373779296875e-01 -7.263725399971008301e-01 4.562171995639801025e-01
-5.025205612182617188e-01 -7.217087149620056152e-01 4.760353267192840576e-01
-4.907557070255279541e-01 -7.172676324844360352e-01 4.946574866771697998e-01
-4.790031015872955322e-01 -7.132738232612609863e-01 5.116605162620544434e-01
-4.675175547599792480e-01 -7.099223732948303223e-01 5.267234444618225098e-01
-4.565373957157135010e-01 -7.073727846145629883e-01 5.396270751953125000e-01
-4.462750256061553955e-01 -7.057411074638366699e-01 5.502436757087707520e-01
-4.369032382965087891e-01 -7.050948143005371094e-01 5.585310459136962891e-01
-4.285498261451721191e-01 -7.054558992385864258e-01 5.645148754119873047e-01
-4.212952554225921631e-01 -7.068021297454833984e-01 5.682790875434875488e-01
-4.151709675788879395e-01 -7.090746164321899414e-01 5.699528455734252930e-01
-4.101651012897491455e-01 -7.121843099594116211e-01 5.696999430656433105e-01
-4.062247872352600098e-01 -7.160217165946960449e-01 5.677098035812377930e-01
-4.032599627971649170e-01 -7.204644680023193359e-01 5.641917586326599121e-01
-4.011498391628265381e-01 -7.253879904747009277e-01 5.593667626380920410e-01
-3.997452557086944580e-01 -7.306702136993408203e-01 5.534660816192626953e-01
-3.988749086856842041e-01 -7.362005710601806641e-01 5.467243790626525879e-01
-3.983484208583831787e-01 -7.418817877769470215e-01 5.393792986869812012e-01
-3.979581296443939209e-01 -7.476363182067871094e-01 5.316665172576904297e-01
-3.974840641021728516e-01 -7.534062862396240234e-01 5.238181352615356445e-01
-3.966985046863555908e-01 -7.591494321823120117e-01 5.160644054412841797e-01
-3.953678309917449951e-01 -7.648407220840454102e-01 5.086284279823303223e-01
-3.932593762874603271e-01 -7.704663872718811035e-01 5.017257332801818848e-01
-3.901459574699401855e-01 -7.760167717933654785e-01 4.955644309520721436e-01
-3.858140707015991211e-01 -7.814832329750061035e-01 4.903380572795867920e-01
-3.800713717937469482e-01 -7.868508100509643555e-01 4.862216711044311523e-01
-3.727576732635498047e-01 -7.920935153961181641e-01 4.833628237247467041e-01
-3.637518584728240967e-01 -7.971729040145874023e-01 4.818713366985321045e-01
-3.529844582080841064e-01 -8.020365238189697266e-01 4.818083941936492920e-01
-3.404468894004821777e-01 -8.066209554672241211e-01 4.831753671169281006e-01
-3.261988759040832520e-01 -8.108579516410827637e-01 4.859050512313842773e-01
-3.103739023208618164e-01 -8.146846294403076172e-01 4.898539781570434570e-01
-2.931806147098541260e-01 -8.180528283119201660e-01 4.948076903820037842e-01
-2.748962640762329102e-01 -8.209443092346191406e-01 5.004822611808776855e-01
-2.558616697788238525e-01 -8.233778476715087891e-01 5.065408349037170410e-01
-2.364605218172073364e-01 -8.254179954528808594e-01 5.126124024391174316e-01
-2.171034961938858032e-01 -8.271745443344116211e-01 5.183130502700805664e-01
-1.982021629810333252e-01 -8.287968635559082031e-01 5.232702493667602539e-01
-1.801496893167495728e-01 -8.304635286331176758e-01 5.271398425102233887e-01
-1.633014082908630371e-01 -8.323633670806884766e-01 5.296261906623840332e-01
-1.479590535163879395e-01 -8.346792459487915039e-01 5.304890871047973633e-01
-1.343659907579421997e-01 -8.375700712203979492e-01 5.295491218566894531e-01
-1.227023676037788391e-01 -8.411579728126525879e-01 5.266852974891662598e-01
-1.130884513258934021e-01 -8.455185294151306152e-01 5.218328237533569336e-01
-1.055904701352119446e-01 -8.506764173507690430e-01 5.149760246276855469e-01
-1.002289503812789917e-01 -8.566064238548278809e-01 5.061418414115905762e-01
-9.698619693517684937e-02 -8.632395267486572266e-01 4.953899383544921875e-01
-9.581240266561508179e-02 -8.704698085784912109e-01 4.828066825866699219e-01
-9.663493931293487549e-02 -8.781657218933105469e-01 4.684939980506896973e-01
-9.935857355594635010e-02 -8.861788511276245117e-01 4.525647759437561035e-01
-1.038731560111045837e-01 -8.943563103675842285e-01 4.351287484169006348e-01
-1.100505441427230835e-01 -9.025480747222900391e-01 4.162882864475250244e-01
-1.177459582686424255e-01 -9.106149077415466309e-01 3.961267173290252686e-01
-1.267954409122467041e-01 -9.184322953224182129e-01 3.747065067291259766e-01
-1.370141059160232544e-01 -9.258935451507568359e-01 3.520629703998565674e-01
-1.481882631778717041e-01 -9.329093694686889648e-01 3.282077908515930176e-01
-1.600756794214248657e-01 -9.394086003303527832e-01 3.031291961669921875e-01
-1.723981052637100220e-01 -9.453349113464355469e-01 2.768046259880065918e-01
-1.848428100347518921e-01 -9.506456851959228516e-01 2.492104917764663696e-01
-1.970594674348831177e-01 -9.553104043006896973e-01 2.203398346900939941e-01
-2.086666822433471680e-01 -9.593102931976318359e-01 1.902157515287399292e-01
-2.192566394805908203e-01 -9.626390933990478516e-01 1.589104682207107544e-01
-2.284100800752639771e-01 -9.653044342994689941e-01 1.265545040369033813e-01
-2.357064783573150635e-01 -9.673311114311218262e-01 9.334338456392288208e-02
-2.407458275556564331e-01 -9.687603116035461426e-01 5.953907966613769531e-02
-2.431582361459732056e-01 -9.696524143218994141e-01 2.546144276857376099e-02
-2.426228672266006470e-01 -9.700831174850463867e-01 -8.530095219612121582e-03
-2.388747632503509521e-01 -9.701393842697143555e-01 -4.205229878425598145e-02
-2.317116856575012207e-01 -9.699103236198425293e-01 -7.472336292266845703e-02
-2.209923565387725830e-01 -9.694781899452209473e-01 -1.061815991997718811e-01
-2.066345810890197754e-01 -9.689055085182189941e-01 -1.361036300659179688e-01
-1.886083036661148071e-01 -9.682246446609497070e-01 -1.642189770936965942e-01
-1.669321954250335693e-01 -9.674265384674072266e-01 -1.903142780065536499e-01
-1.416703313589096069e-01 -9.664525389671325684e-01 -2.142405211925506592e-01
-1.129352748394012451e-01 -9.651904106140136719e-01 -2.359089255332946777e-01
-8.089257776737213135e-02 -9.634740948677062988e-01 -2.552920877933502197e-01
-4.577318578958511353e-02 -9.610893726348876953e-01 -2.724187970161437988e-01
-7.882230915129184723e-03 -9.577862024307250977e-01 -2.873730957508087158e-01
3.238618746399879456e-02 -9.532969594001770020e-01 -3.002931177616119385e-01
7.454477250576019287e-02 -9.473606944084167480e-01 -3.113693296909332275e-01
1.180150657892227173e-01 -9.397513866424560547e-01 -3.208423852920532227e-01
1.621402949094772339e-01 -9.303067922592163086e-01 -3.289982378482818604e-01
2.062110006809234619e-01 -9.189527034759521484e-01 -3.361591100692749023e-01
2.495000809431076050e-01 -9.057173132896423340e-01 -3.426746129989624023e-01
2.913060486316680908e-01 -8.907355070114135742e-01 -3.488997519016265869e-01
3.309907317161560059e-01 -8.742382526397705078e-01 -3.551797270774841309e-01
3.680120706558227539e-01 -8.565319776535034180e-01 -3.618289232254028320e-01
4.019477069377899170e-01 -8.379697799682617188e-01 -3.691134750843048096e-01
4.325002431869506836e-01 -8.189229369163513184e-01 -3.772383332252502441e-01
4.594927430152893066e-01 -7.997545003890991211e-01 -3.863407969474792480e-01
4.828575551509857178e-01 -7.807983756065368652e-01 -3.964878618717193604e-01
5.026133060455322266e-01 -7.623477578163146973e-01 -4.076834321022033691e-01
5.188466906547546387e-01 -7.446523904800415039e-01 -4.198700487613677979e-01
5.316904783248901367e-01 -7.279159426689147949e-01 -4.329474270343780518e-01
5.413065552711486816e-01 -7.123045921325683594e-01 -4.467764496803283691e-01
5.478698611259460449e-01 -6.979525089263916016e-01 -4.611950218677520752e-01
5.515571236610412598e-01 -6.849699020385742188e-01 -4.760262668132781982e-01
5.525357723236083984e-01 -6.734522581100463867e-01 -4.910868406295776367e-01
5.509575009346008301e-01 -6.634852290153503418e-01 -5.061947107315063477e-01
5.469527244567871094e-01 -6.551525592803955078e-01 -5.211696028709411621e-01
5.406242012977600098e-01 -6.485370993614196777e-01 -5.358405113220214844e-01
5.320454239845275879e-01 -6.437262296676635742e-01 -5.500403046607971191e-01
5.212555527687072754e-01 -6.408118009567260742e-01 -5.636070966720581055e-01
5.082591176033020020e-01 -6.398894190788269043e-01 -5.763802528381347656e-01
4.930242002010345459e-01 -6.410561800003051758e-01 -5.881956219673156738e-01
4.754790067672729492e-01 -6.444057822227478027e-01 -5.988829731941223145e-01
4.555166065692901611e-01 -6.500211954116821289e-01 -6.082572937011718750e-01
4.329935312271118164e-01 -6.579637527465820312e-01 -6.161170601844787598e-01
4.077379703521728516e-01 -6.682586669921875000e-01 -6.222379207611083984e-01
3.795571625232696533e-01 -6.808779239654541016e-01 -6.263718008995056152e-01
3.482502996921539307e-01 -6.957179307937622070e-01 -6.282501816749572754e-01
3.136318624019622803e-01 -7.125787138938903809e-01 -6.275879144668579102e-01
2.755578756332397461e-01 -7.311403155326843262e-01 -6.241006851196289062e-01
2.339576035737991333e-01 -7.509514689445495605e-01 -6.175239086151123047e-01
1.888715475797653198e-01 -7.714229822158813477e-01 -6.076464056968688965e-01
1.404853463172912598e-01 -7.918460369110107422e-01 -5.943430066108703613e-01
8.915021270513534546e-02 -8.114280700683593750e-01 -5.776129364967346191e-01
3.539158403873443604e-02 -8.293524980545043945e-01 -5.576035976409912109e-01
-2.011603862047195435e-02 -8.448517322540283203e-01 -5.346220731735229492e-01
-7.658959925174713135e-02 -8.572837710380554199e-01 -5.091154575347900391e-01
-1.332026273012161255e-01 -8.661894798278808594e-01 -4.816355407238006592e-01
-1.891505271196365356e-01 -8.713309168815612793e-01 -4.527743160724639893e-01
-2.437081187963485718e-01 -8.726926445960998535e-01 -4.231003522872924805e-01
-2.962708175182342529e-01 -8.704572319984436035e-01 -3.931002616882324219e-01
-3.463688194751739502e-01 -8.649646639823913574e-01 -3.631318509578704834e-01
-3.936663568019866943e-01 -8.566610217094421387e-01 -3.334047496318817139e-01
-4.379454851150512695e-01 -8.460525274276733398e-01 -3.039717972278594971e-01
-4.790803492069244385e-01 -8.336651325225830078e-01 -2.747443318367004395e-01
-5.170134902000427246e-01 -8.200144767761230469e-01 -2.455059289932250977e-01
-5.517280101776123047e-01 -8.055838942527770996e-01 -2.159418165683746338e-01
-5.832273960113525391e-01 -7.908077836036682129e-01 -1.856582015752792358e-01
-6.115153431892395020e-01 -7.760587930679321289e-01 -1.542136818170547485e-01
-6.365715265274047852e-01 -7.616448998451232910e-01 -1.211358308792114258e-01
-6.583392620086669922e-01 -7.477971911430358887e-01 -8.595813810825347900e-02
-6.767043471336364746e-01 -7.346724271774291992e-01 -4.824485629796981812e-02
-6.914893388748168945e-01 -7.223463654518127441e-01 -7.631507702171802521e-03
-7.024513483047485352e-01 -7.108143568038940430e-01 3.612464666366577148e-02
-7.092906832695007324e-01 -7.000015974044799805e-01 8.309326320886611938e-02
-7.116833925247192383e-01 -6.897752285003662109e-01 1.331048458814620972e-01
-7.093344926834106445e-01 -6.799691915512084961e-01 1.857053190469741821e-01
-7.020543217658996582e-01 -6.704190969467163086e-01 2.401206195354461670e-01
-6.898419857025146484e-01 -6.610078215599060059e-01 2.952738404273986816e-01
-6.729606389999389648e-01 -6.517100930213928223e-01 3.498541414737701416e-01
-6.519830226898193359e-01 -6.426225900650024414e-01 4.024355709552764893e-01
-6.277748346328735352e-01 -6.339747309684753418e-01 4.516357481479644775e-01
-6.014251708984375000e-01 -6.261059045791625977e-01 4.962652921676635742e-01
-5.741285681724548340e-01 -6.194211840629577637e-01 5.354379415512084961e-01
-5.470604896545410156e-01 -6.143352389335632324e-01 5.686097741127014160e-01
-5.212662816047668457e-01 -6.112155318260192871e-01 5.955644845962524414e-01
-4.975948929786682129e-01 -6.103441715240478516e-01 6.163434386253356934e-01
-4.766653180122375488e-01 -6.118956804275512695e-01 6.311686635017395020e-01
-4.588770568370819092e-01 -6.159281730651855469e-01 6.403626799583435059e-01
-4.444331228733062744e-01 -6.223882436752319336e-01 6.442918181419372559e-01
-4.333755671977996826e-01 -6.311175823211669922e-01 6.433320641517639160e-01
-4.256200194358825684e-01 -6.418622732162475586e-01 6.378561854362487793e-01
-4.209894537925720215e-01 -6.542848944664001465e-01 6.282349824905395508e-01
-4.192354381084442139e-01 -6.679736971855163574e-01 6.148600578308105469e-01
-4.200641512870788574e-01 -6.824588179588317871e-01 5.981605052947998047e-01
-4.231521189212799072e-01 -6.972287893295288086e-01 5.786313414573669434e-01
-4.281678497791290283e-01 -7.117533087730407715e-01 5.568478107452392578e-01
-4.347870647907257080e-01 -7.255139946937561035e-01 5.334694981575012207e-01
-4.427090585231781006e-01 -7.380303144454956055e-01 5.092346072196960449e-01
-4.516747295856475830e-01 -7.488884925842285156e-01 4.849288165569305420e-01
-4.614756703376770020e-01 -7.577619552612304688e-01 4.613426327705383301e-01
-4.719574451446533203e-01 -7.644195556640625000e-01 4.392253756523132324e-01
-4.830173850059509277e-01 -7.687277793884277344e-01 4.192277193069458008e-01
-4.945982396602630615e-01 -7.706398367881774902e-01 4.018542766571044922e-01
-5.066674351692199707e-01 -7.701795101165771484e-01 3.874424099922180176e-01
-5.192061662673950195e-01 -7.674266695976257324e-01 3.761398196220397949e-01
-5.321877002716064453e-01 -7.625021338462829590e-01 3.679223656654357910e-01
-5.455688834190368652e-01 -7.555524110794067383e-01 3.626225590705871582e-01
-5.592777729034423828e-01 -7.467415928840637207e-01 3.599796891212463379e-01
-5.732092261314392090e-01 -7.362412810325622559e-01 3.596941232681274414e-01
-5.872266888618469238e-01 -7.242179512977600098e-01 3.614873886108398438e-01
-6.011628508567810059e-01 -7.108231782913208008e-01 3.651486337184906006e-01
-6.148302555084228516e-01 -6.961770057678222656e-01 3.705690205097198486e-01
-6.280171871185302734e-01 -6.803632378578186035e-01 3.777570724487304688e-01
-6.405002474784851074e-01 -6.634177565574645996e-01 3.868286609649658203e-01
-6.520413756370544434e-01 -6.453292369842529297e-01 3.979849815368652344e-01
-6.623902320861816406e-01 -6.260425448417663574e-01 4.114728569984436035e-01
-6.712846159934997559e-01 -6.054649949073791504e-01 4.275384247303009033e-01
-6.784483194351196289e-01 -5.834853053092956543e-01 4.463772773742675781e-01
-6.836009025573730469e-01 -5.599887967109680176e-01 4.680837988853454590e-01
-6.864647865295410156e-01 -5.348866581916809082e-01 4.926075637340545654e-01
-6.867889165878295898e-01 -5.081440210342407227e-01 5.197217464447021484e-01
-6.843798756599426270e-01 -4.798117876052856445e-01 5.490034222602844238e-01
-6.791403889656066895e-01 -4.500543773174285889e-01 5.798442363739013672e-01
-6.711100339889526367e-01 -4.191670119762420654e-01 6.114820241928100586e-01
-6.604948639869689941e-01 -3.875783085823059082e-01 6.430627107620239258e-01
-6.476809978485107422e-01 -3.558261394500732422e-01 6.737188696861267090e-01
-6.332228779792785645e-01 -3.245195150375366211e-01 7.026491165161132812e-01
-6.178053617477416992e-01 -2.942848205566406250e-01 7.291865348815917969e-01
-6.021879315376281738e-01 -2.657128870487213135e-01 7.528388500213623047e-01
-5.871431231498718262e-01 -2.393103688955307007e-01 7.733004093170166016e-01
-5.734031796455383301e-01 -2.154748439788818359e-01 7.904298901557922363e-01
-5.616197586059570312e-01 -1.944811195135116577e-01 8.042141795158386230e-01
-5.523414015769958496e-01 -1.764869391918182373e-01 8.147215843200683594e-01
-5.460094809532165527e-01 -1.615500152111053467e-01 8.220554590225219727e-01
-5.429610610008239746e-01 -1.496438235044479370e-01 8.263171315193176270e-01
-5.434412360191345215e-01 -1.406794935464859009e-01 8.275752663612365723e-01
-5.476143956184387207e-01 -1.345183253288269043e-01 8.258470296859741211e-01
-5.555720925331115723e-01 -1.309837251901626587e-01 8.210864067077636719e-01
-5.673347711563110352e-01 -1.298640370368957520e-01 8.131830096244812012e-01
-5.828468799591064453e-01 -1.309109628200531006e-01 8.019673824310302734e-01
-6.019670367240905762e-01 -1.338329315185546875e-01 7.872257828712463379e-01
-6.244480609893798828e-01 -1.382859200239181519e-01 7.687273025512695312e-01
-6.499176621437072754e-01 -1.438633948564529419e-01 7.462642788887023926e-01
-6.778649091720581055e-01 -1.500886231660842896e-01 7.197031974792480469e-01
-7.076312303543090820e-01 -1.564165949821472168e-01 6.890514492988586426e-01
-7.384307980537414551e-01 -1.622441858053207397e-01 6.545202732086181641e-01
-7.693880796432495117e-01 -1.669393330812454224e-01 6.165818572044372559e-01
-7.996098995208740234e-01 -1.698795408010482788e-01 5.759904384613037109e-01
-8.282677531242370605e-01 -1.705032140016555786e-01 5.337612628936767578e-01
-8.546783328056335449e-01 -1.683583259582519531e-01 4.911012351512908936e-01
-8.783643841743469238e-01 -1.631376445293426514e-01 4.492905735969543457e-01
-8.990740776062011719e-01 -1.546968668699264526e-01 4.095543920993804932e-01
-9.167628884315490723e-01 -1.430546790361404419e-01 3.729357123374938965e-01
-9.315448403358459473e-01 -1.283727735280990601e-01 3.402126133441925049e-01
-9.436334371566772461e-01 -1.109301298856735229e-01 3.118499219417572021e-01
-9.532881379127502441e-01 -9.109451621770858765e-02 2.879990637302398682e-01
-9.607757329940795898e-01 -6.929770112037658691e-02 2.685292363166809082e-01
-9.663515090942382812e-01 -4.601392894983291626e-02 2.530760169029235840e-01
-9.702553749084472656e-01 -2.173562347888946533e-02 2.411062717437744141e-01
-9.727159142494201660e-01 3.044249024242162704e-03 2.319795638322830200e-01
-9.739577770233154297e-01 2.785317040979862213e-02 2.250121831893920898e-01
-9.742053151130676270e-01 5.225811526179313660e-02 2.195293456315994263e-01
-9.736812710762023926e-01 7.587914168834686279e-02 2.149120867252349854e-01
-9.725998640060424805e-01 9.840241819620132446e-02 2.106334120035171509e-01
-9.711578488349914551e-01 1.195849627256393433e-01 2.062807977199554443e-01
-9.695247411727905273e-01 1.392531692981719971e-01 2.015695273876190186e-01
-9.678357243537902832e-01 1.572976112365722656e-01 1.963452547788619995e-01
-9.661870002746582031e-01 1.736675947904586792e-01 1.905837655067443848e-01
-9.646369218826293945e-01 1.883627325296401978e-01 1.843774467706680298e-01
-9.632081985473632812e-01 2.014233618974685669e-01 1.779280453920364380e-01
-9.618955254554748535e-01 2.129218429327011108e-01 1.715263873338699341e-01
-9.606691598892211914e-01 2.229616045951843262e-01 1.655380278825759888e-01
-9.594830870628356934e-01 2.316660284996032715e-01 1.603844612836837769e-01
-9.582780599594116211e-01 2.391735613346099854e-01 1.565219014883041382e-01
-9.569827914237976074e-01 2.456348836421966553e-01 1.544259190559387207e-01
-9.555124044418334961e-01 2.512073814868927002e-01 1.545669585466384888e-01
-9.537645578384399414e-01 2.560463547706604004e-01 1.573955118656158447e-01
-9.516149759292602539e-01 2.602988481521606445e-01 1.633198708295822144e-01
-9.489092826843261719e-01 2.641000449657440186e-01 1.726913154125213623e-01
-9.454615712165832520e-01 2.675605714321136475e-01 1.857787966728210449e-01
-9.410490393638610840e-01 2.707690298557281494e-01 2.027580291032791138e-01
-9.354198575019836426e-01 2.737765312194824219e-01 2.236876189708709717e-01
-9.283017516136169434e-01 2.766003310680389404e-01 2.484917044639587402e-01
-9.194205403327941895e-01 2.792196273803710938e-01 2.769516706466674805e-01
-9.085278511047363281e-01 2.815788090229034424e-01 3.086917698383331299e-01
-8.954312801361083984e-01 2.835919559001922607e-01 3.431885838508605957e-01
-8.800279498100280762e-01 2.851538956165313721e-01 3.797869384288787842e-01
-8.623316287994384766e-01 2.861495614051818848e-01 4.177350103855133057e-01
-8.424906730651855469e-01 2.864683866500854492e-01 4.562294781208038330e-01
-8.207886815071105957e-01 2.860168516635894775e-01 4.944696426391601562e-01
-7.976257205009460449e-01 2.847275137901306152e-01 5.317174792289733887e-01
-7.734884023666381836e-01 2.825622260570526123e-01 5.673395991325378418e-01
-7.489071488380432129e-01 2.795179784297943115e-01 6.008391976356506348e-01
-7.244117856025695801e-01 2.756176590919494629e-01 6.318721175193786621e-01
-7.004954814910888672e-01 2.709077298641204834e-01 6.602387428283691406e-01
-6.775844097137451172e-01 2.654513120651245117e-01 6.858680844306945801e-01
-6.560235619544982910e-01 2.593212723731994629e-01 7.087916731834411621e-01
-6.360709667205810547e-01 2.525948584079742432e-01 7.291156649589538574e-01
-6.179029345512390137e-01 2.453505396842956543e-01 7.469933032989501953e-01
-6.016231179237365723e-01 2.376642972230911255e-01 7.626042962074279785e-01
-5.872763395309448242e-01 2.296120375394821167e-01 7.761345505714416504e-01
-5.748651623725891113e-01 2.212650030851364136e-01 7.877637743949890137e-01
-5.643602013587951660e-01 2.126939743757247925e-01 7.976583838462829590e-01
-5.557163953781127930e-01 2.039680480957031250e-01 8.059629797935485840e-01
-5.488819479942321777e-01 1.951558142900466919e-01 8.127993941307067871e-01
-5.438078045845031738e-01 1.863269507884979248e-01 8.182635903358459473e-01
-5.404555797576904297e-01 1.775546967983245850e-01 8.224245309829711914e-01
-5.388038158416748047e-01 1.689156740903854370e-01 8.253229260444641113e-01
-5.388522148132324219e-01 1.604927778244018555e-01 8.269706368446350098e-01
-5.406267046928405762e-01 1.523781716823577881e-01 8.273473381996154785e-01
-5.441807508468627930e-01 1.446740180253982544e-01 8.263999223709106445e-01
-5.495970249176025391e-01 1.374971270561218262e-01 8.240374326705932617e-01
-5.569861531257629395e-01 1.309797167778015137e-01 8.201285004615783691e-01
-5.664805769920349121e-01 1.252721697092056274e-01 8.144978284835815430e-01
-5.782243013381958008e-01 1.205431446433067322e-01 8.069238066673278809e-01
-5.923519730567932129e-01 1.169792786240577698e-01 7.971417307853698730e-01
-6.089614629745483398e-01 1.147763729095458984e-01 7.848517894744873047e-01
-6.280705332756042480e-01 1.141247004270553589e-01 7.697420716285705566e-01
-6.495670080184936523e-01 1.151917800307273865e-01 7.515274882316589355e-01
-6.731564402580261230e-01 1.180873289704322815e-01 7.300107479095458984e-01
-6.983217000961303711e-01 1.228298693895339966e-01 7.051663994789123535e-01
-7.243237495422363281e-01 1.293109059333801270e-01 6.772250533103942871e-01
-7.502492666244506836e-01 1.372777074575424194e-01 6.467464566230773926e-01
-7.751279473304748535e-01 1.463424563407897949e-01 6.146222949028015137e-01
-7.980746030807495117e-01 1.560226827859878540e-01 5.820085406303405762e-01
-8.184268474578857422e-01 1.658108979463577271e-01 5.501674413681030273e-01
-8.358174562454223633e-01 1.752466857433319092e-01 5.202862024307250977e-01
-8.501722216606140137e-01 1.839749217033386230e-01 4.933156967163085938e-01
-8.616439104080200195e-01 1.917726844549179077e-01 4.698861837387084961e-01
-8.705197572708129883e-01 1.985467821359634399e-01 4.503049552440643311e-01
-8.771347403526306152e-01 2.043091058731079102e-01 4.346176087856292725e-01
-8.818083405494689941e-01 2.091494798660278320e-01 4.226943552494049072e-01
-8.848100900650024414e-01 2.131988853216171265e-01 4.143156111240386963e-01
-8.863449692726135254e-01 2.166069298982620239e-01 4.092358946800231934e-01
-8.865538239479064941e-01 2.195172458887100220e-01 4.072279036045074463e-01
-8.855210542678833008e-01 2.220562398433685303e-01 4.080974757671356201e-01
-8.832830786705017090e-01 2.243235856294631958e-01 4.116912782192230225e-01
-8.798418045043945312e-01 2.263862490653991699e-01 4.178848266601562500e-01
-8.751734495162963867e-01 2.282768487930297852e-01 4.265689849853515625e-01
-8.692413568496704102e-01 2.299918681383132935e-01 4.376336038112640381e-01
-8.620063662528991699e-01 2.314950078725814819e-01 4.509491324424743652e-01
-8.534402251243591309e-01 2.327166497707366943e-01 4.663504958152770996e-01
-8.435355424880981445e-01 2.335625886917114258e-01 4.836283028125762939e-01
-8.323194384574890137e-01 2.339155972003936768e-01 5.025215148925781250e-01
-8.198650479316711426e-01 2.336458861827850342e-01 5.227149128913879395e-01
-8.062982559204101562e-01 2.326173931360244751e-01 5.438494086265563965e-01
-7.918020486831665039e-01 2.306982129812240601e-01 5.655331611633300781e-01
-7.766178846359252930e-01 2.277670204639434814e-01 5.873558521270751953e-01
-7.610349059104919434e-01 2.237210571765899658e-01 6.089128255844116211e-01
-7.453781962394714355e-01 2.184822559356689453e-01 6.298228502273559570e-01
-7.299918532371520996e-01 2.119981199502944946e-01 6.497450470924377441e-01
-7.152164578437805176e-01 2.042431235313415527e-01 6.683937311172485352e-01
-7.013713717460632324e-01 1.952161639928817749e-01 6.855427622795104980e-01
-6.887323856353759766e-01 1.849391311407089233e-01 7.010315060615539551e-01
-6.775198578834533691e-01 1.734532415866851807e-01 7.147592306137084961e-01
-6.678855419158935547e-01 1.608168482780456543e-01 7.266820669174194336e-01
-6.599073410034179688e-01 1.471038907766342163e-01 7.368057370185852051e-01
-6.535863280296325684e-01 1.324028521776199341e-01 7.451807856559753418e-01
-6.488512158393859863e-01 1.168178170919418335e-01 7.518947124481201172e-01
-6.455606222152709961e-01 1.004670560359954834e-01 7.570719718933105469e-01
-6.435140967369079590e-01 8.348418772220611572e-02 7.608678936958312988e-01
-6.424623131752014160e-01 6.601592898368835449e-02 7.634685039520263672e-01
-6.421205401420593262e-01 4.821704700589179993e-02 7.650858759880065918e-01
-6.421812176704406738e-01 3.024848550558090210e-02 7.659557461738586426e-01
-6.423322558403015137e-01 1.226678397506475449e-02 7.663280963897705078e-01
-6.422663331031799316e-01 -5.578885320574045181e-03 7.664612531661987305e-01
-6.416956782341003418e-01 -2.315792068839073181e-02 7.666096091270446777e-01
-6.403602957725524902e-01 -4.036153107881546021e-02 7.670134305953979492e-01
-6.380344033241271973e-01 -5.710679292678833008e-02 7.678873538970947266e-01
-6.345309615135192871e-01 -7.333997637033462524e-02 7.694099545478820801e-01
-6.297052502632141113e-01 -8.903390914201736450e-02 7.717151641845703125e-01
-6.234542727470397949e-01 -1.041890159249305725e-01 7.748867273330688477e-01
-6.157193183898925781e-01 -1.188272461295127869e-01 7.789543271064758301e-01
-6.064841747283935547e-01 -1.329917311668395996e-01 7.838942408561706543e-01
-5.957784652709960938e-01 -1.467404514551162720e-01 7.896298766136169434e-01
-5.836763978004455566e-01 -1.601454019546508789e-01 7.960373163223266602e-01
-5.702971220016479492e-01 -1.732895523309707642e-01 8.029520511627197266e-01
-5.558005571365356445e-01 -1.862658858299255371e-01 8.101794719696044922e-01
-5.403857231140136719e-01 -1.991772353649139404e-01 8.175033926963806152e-01
-5.242825150489807129e-01 -2.121332436800003052e-01 8.246982693672180176e-01
-5.077412724494934082e-01 -2.252538800239562988e-01 8.315404653549194336e-01
-4.910251498222351074e-01 -2.386661916971206665e-01 8.378142714500427246e-01
-4.743938744068145752e-01 -2.525035738945007324e-01 8.433222174644470215e-01
-4.580963850021362305e-01 -2.669051885604858398e-01 8.478851914405822754e-01
-4.423567950725555420e-01 -2.820141315460205078e-01 8.513451814651489258e-01
-4.273709952831268311e-01 -2.979732751846313477e-01 8.535608053207397461e-01
-4.132986366748809814e-01 -3.149249851703643799e-01 8.544042110443115234e-01
-4.002631604671478271e-01 -3.330043852329254150e-01 8.537548780441284180e-01
-3.883541226387023926e-01 -3.523353040218353271e-01 8.514933586120605469e-01
-3.776292204856872559e-01 -3.730255067348480225e-01 8.474952578544616699e-01
-3.681227862834930420e-01 -3.951570093631744385e-01 8.416273593902587891e-01
-3.598503172397613525e-01 -4.187779128551483154e-01 8.337461948394775391e-01
-3.528196513652801514e-01 -4.438897967338562012e-01 8.236991167068481445e-01
-3.470369577407836914e-01 -4.704346954822540283e-01 8.113301396369934082e-01
-3.425168693065643311e-01 -4.982813894748687744e-01 7.964910268783569336e-01
-3.392901718616485596e-01 -5.272119641304016113e-01 7.790569663047790527e-01
-3.374101817607879639e-01 -5.569106340408325195e-01 7.589498758316040039e-01
-3.369535207748413086e-01 -5.869637131690979004e-01 7.361629605293273926e-01
-3.380221724510192871e-01 -6.168648600578308105e-01 7.107874155044555664e-01
-3.407309353351593018e-01 -6.460384130477905273e-01 6.830349564552307129e-01
-3.451973199844360352e-01 -6.738722324371337891e-01 6.532496213912963867e-01
-3.515103459358215332e-01 -6.997663974761962891e-01 6.219062209129333496e-01
-3.597089350223541260e-01 -7.231838703155517578e-01 5.895884633064270020e-01
-3.697463274002075195e-01 -7.437005043029785156e-01 5.569534897804260254e-01
-3.814643919467926025e-01 -7.610432505607604980e-01 5.246885418891906738e-01
-3.945822715759277344e-01 -7.751116752624511719e-01 4.934639930725097656e-01
-4.086942970752716064e-01 -7.859807014465332031e-01 4.639001786708831787e-01
-4.232962131500244141e-01 -7.938840985298156738e-01 4.365414977073669434e-01
-4.378167986869812012e-01 -7.991815805435180664e-01 4.118559956550598145e-01
-4.516668915748596191e-01 -8.023169040679931641e-01 3.902367055416107178e-01
-4.642821848392486572e-01 -8.037692904472351074e-01 3.720173835754394531e-01
-4.751594662666320801e-01 -8.040078878402709961e-01 3.574840724468231201e-01
-4.838798940181732178e-01 -8.034484386444091797e-01 3.468875885009765625e-01
-4.901174902915954590e-01 -8.024222254753112793e-01 3.404457271099090576e-01
-4.936354756355285645e-01 -8.011564016342163086e-01 3.383377194404602051e-01
-4.942745268344879150e-01 -7.997618317604064941e-01 3.406959176063537598e-01
-4.919455349445343018e-01 -7.982341051101684570e-01 3.475801050662994385e-01
-4.866178929805755615e-01 -7.964656352996826172e-01 3.589505851268768311e-01
-4.783237576484680176e-01 -7.942621111869812012e-01 3.746384978294372559e-01
-4.671614170074462891e-01 -7.913746833801269531e-01 3.943177163600921631e-01
-4.533148705959320068e-01 -7.875384688377380371e-01 4.174790680408477783e-01
-4.370644092559814453e-01 -7.825225591659545898e-01 4.434334039688110352e-01
-4.188032746315002441e-01 -7.761807441711425781e-01 4.713251590728759766e-01
-3.990348875522613525e-01 -7.684964537620544434e-01 5.001842975616455078e-01
-3.783542513847351074e-01 -7.596130967140197754e-01 5.289952754974365234e-01
-3.574113547801971436e-01 -7.498371005058288574e-01 5.567776560783386230e-01
-3.368639349937438965e-01 -7.396132946014404297e-01 5.826619267463684082e-01
-3.173190951347351074e-01 -7.294780611991882324e-01 6.059458851814270020e-01
-2.992947995662689209e-01 -7.200005650520324707e-01 6.261163949966430664e-01
-2.831839621067047119e-01 -7.117260694503784180e-01 6.428474187850952148e-01
-2.692465186119079590e-01 -7.051291465759277344e-01 6.559718847274780273e-01
-2.576113343238830566e-01 -7.005863785743713379e-01 6.654435992240905762e-01
-2.482929527759552002e-01 -6.983631253242492676e-01 6.712968349456787109e-01
-2.412119507789611816e-01 -6.986122131347656250e-01 6.736154556274414062e-01
-2.362165749073028564e-01 -7.013843059539794922e-01 6.725040674209594727e-01
-2.331046313047409058e-01 -7.066402435302734375e-01 6.680732369422912598e-01
-2.316388338804244995e-01 -7.142645716667175293e-01 6.604313254356384277e-01
-2.315634340047836304e-01 -7.240788936614990234e-01 6.496831178665161133e-01
-2.326147258281707764e-01 -7.358550429344177246e-01 6.359306573867797852e-01
-2.345287352800369263e-01 -7.493260502815246582e-01 6.192792057991027832e-01
-2.370530962944030762e-01 -7.641966938972473145e-01 5.998409986495971680e-01
-2.399491518735885620e-01 -7.801535725593566895e-01 5.777412056922912598e-01
-2.430021762847900391e-01 -7.968738079071044922e-01 5.531203746795654297e-01
-2.460244745016098022e-01 -8.140343427658081055e-01 5.261369347572326660e-01
-2.488595545291900635e-01 -8.313210606575012207e-01 4.969649612903594971e-01
-2.513852119445800781e-01 -8.484349846839904785e-01 4.657934010028839111e-01
-2.535142898559570312e-01 -8.650995492935180664e-01 4.328200817108154297e-01
-2.551924884319305420e-01 -8.810644149780273438e-01 3.982489407062530518e-01
-2.563941776752471924e-01 -8.961080908775329590e-01 3.622876107692718506e-01
-2.571144104003906250e-01 -9.100401997566223145e-01 3.251446485519409180e-01
-2.573616504669189453e-01 -9.227012991905212402e-01 2.870318889617919922e-01
-2.571431994438171387e-01 -9.339647293090820312e-01 2.481676787137985229e-01
-2.564578652381896973e-01 -9.437363147735595703e-01 2.087846845388412476e-01
-2.552804648876190186e-01 -9.519588351249694824e-01 1.691336035728454590e-01
-2.535572052001953125e-01 -9.586141705513000488e-01 1.294894665479660034e-01
-2.511953711509704590e-01 -9.637288451194763184e-01 9.015315026044845581e-02
-2.480616271495819092e-01 -9.673773050308227539e-01 5.144458264112472534e-02
-2.439868897199630737e-01 -9.696818590164184570e-01 1.369318459182977676e-02
-2.387668937444686890e-01 -9.708097577095031738e-01 -2.277616597712039948e-02
-2.321753352880477905e-01 -9.709631204605102539e-01 -5.766536667943000793e-02
-2.239734530448913574e-01 -9.703636765480041504e-01 -9.072076529264450073e-02
-2.139204442501068115e-01 -9.692347049713134766e-01 -1.217463016510009766e-01
-2.017874270677566528e-01 -9.677792191505432129e-01 -1.506161987781524658e-01
-1.873690336942672729e-01 -9.661601185798645020e-01 -1.772781461477279663e-01
-1.704931408166885376e-01 -9.644846320152282715e-01 -2.017462253570556641e-01
-1.510328203439712524e-01 -9.627919793128967285e-01 -2.240995615720748901e-01
-1.289156526327133179e-01 -9.610503315925598145e-01 -2.444645017385482788e-01
-1.041332334280014038e-01 -9.591577053070068359e-01 -2.630071043968200684e-01
-7.675160467624664307e-02 -9.569512605667114258e-01 -2.799167633056640625e-01
-4.691448807716369629e-02 -9.542222619056701660e-01 -2.953962385654449463e-01
-1.484906580299139023e-02 -9.507334828376770020e-01 -3.096534311771392822e-01
1.913874596357345581e-02 -9.462419748306274414e-01 -3.228929936885833740e-01
5.467148497700691223e-02 -9.405205249786376953e-01 -3.353089094161987305e-01
9.131271392107009888e-02 -9.333777427673339844e-01 -3.470851480960845947e-01
1.285894960165023804e-01 -9.246755242347717285e-01 -3.583850860595703125e-01
1.660126447677612305e-01 -9.143380522727966309e-01 -3.693584203720092773e-01
2.031040936708450317e-01 -9.023584127426147461e-01 -3.801288604736328125e-01
2.394180744886398315e-01 -8.887934088706970215e-01 -3.908007144927978516e-01
2.745614349842071533e-01 -8.737558126449584961e-01 -4.014558196067810059e-01
3.082079291343688965e-01 -8.574033379554748535e-01 -4.121496975421905518e-01
3.401061296463012695e-01 -8.399226665496826172e-01 -4.229157567024230957e-01
3.700819015502929688e-01 -8.215158581733703613e-01 -4.337637722492218018e-01
3.980361819267272949e-01 -8.023869395256042480e-01 -4.446824789047241211e-01
4.239373803138732910e-01 -7.827308177947998047e-01 -4.556418955326080322e-01
4.478141665458679199e-01 -7.627252936363220215e-01 -4.665969312191009521e-01
4.697445929050445557e-01 -7.425251603126525879e-01 -4.774897098541259766e-01
4.898467957973480225e-01 -7.222594022750854492e-01 -4.882534146308898926e-01
5.082678794860839844e-01 -7.020303010940551758e-01 -4.988158643245697021e-01
5.251760482788085938e-01 -6.819124817848205566e-01 -5.091026425361633301e-01
5.407528281211853027e-01 -6.619548797607421875e-01 -5.190395712852478027e-01
5.551843643188476562e-01 -6.421822905540466309e-01 -5.285567045211791992e-01
5.686548352241516113e-01 -6.225987076759338379e-01 -5.375895500183105469e-01
5.813432931900024414e-01 -6.031883358955383301e-01 -5.460804700851440430e-01
5.934154987335205078e-01 -5.839180946350097656e-01 -5.539833903312683105e-01
6.050220131874084473e-01 -5.647428631782531738e-01 -5.612609386444091797e-01
6.162914037704467773e-01 -5.456050634384155273e-01 -5.678909420967102051e-01
6.273282170295715332e-01 -5.264406800270080566e-01 -5.738636851310729980e-01
6.382094621658325195e-01 -5.071817636489868164e-01 -5.791851282119750977e-01
6.489804387092590332e-01 -4.877597987651824951e-01 -5.838791131973266602e-01
6.596542000770568848e-01 -4.681119918823242188e-01 -5.879859328269958496e-01
6.702091097831726074e-01 -4.481855034828186035e-01 -5.915653705596923828e-01
6.805898547172546387e-01 -4.279412031173706055e-01 -5.946964621543884277e-01
6.907092928886413574e-01 -4.073605239391326904e-01 -5.974764227867126465e-01
7.004509568214416504e-01 -3.864493072032928467e-01 -6.000212430953979492e-01
7.096740603446960449e-01 -3.652411103248596191e-01 -6.024630665779113770e-01
7.182208299636840820e-01 -3.437988460063934326e-01 -6.049472093582153320e-01
7.259236574172973633e-01 -3.222181499004364014e-01 -6.076268553733825684e-01
7.326102852821350098e-01 -3.006231188774108887e-01 -6.106618046760559082e-01
7.381142973899841309e-01 -2.791662216186523438e-01 -6.142097115516662598e-01
7.422778010368347168e-01 -2.580246925354003906e-01 -6.184229254722595215e-01
7.449579238891601562e-01 -2.373955845832824707e-01 -6.234428882598876953e-01
7.460281252861022949e-01 -2.174886018037796021e-01 -6.293971538543701172e-01
7.453788518905639648e-01 -1.985239535570144653e-01 -6.363950371742248535e-01
7.429134249687194824e-01 -1.807262301445007324e-01 -6.445290446281433105e-01
7.385432124137878418e-01 -1.643202602863311768e-01 -6.538752317428588867e-01
7.321828007698059082e-01 -1.495259553194046021e-01 -6.644924879074096680e-01
7.237387299537658691e-01 -1.365575045347213745e-01 -6.764276027679443359e-01
7.131004333496093750e-01 -1.256164312362670898e-01 -6.897160410881042480e-01
7.001283168792724609e-01 -1.168876066803932190e-01 -7.043846249580383301e-01
6.846410036087036133e-01 -1.105364337563514709e-01 -7.204501032829284668e-01
6.664037108421325684e-01 -1.066996753215789795e-01 -7.379167675971984863e-01
6.451194286346435547e-01 -1.054749190807342529e-01 -7.567667961120605469e-01
6.204228401184082031e-01 -1.069095730781555176e-01 -7.769464850425720215e-01
5.918831825256347656e-01 -1.109840497374534607e-01 -7.983462810516357422e-01
5.590201616287231445e-01 -1.175925061106681824e-01 -8.207730054855346680e-01
5.213363170623779297e-01 -1.265215128660202026e-01 -8.439198732376098633e-01
4.783681929111480713e-01 -1.374267786741256714e-01 -8.673394322395324707e-01
4.297681152820587158e-01 -1.498206257820129395e-01 -8.904230594635009766e-01
3.753979504108428955e-01 -1.630669683218002319e-01 -9.124065041542053223e-01
3.154284060001373291e-01 -1.763996928930282593e-01 -9.324097633361816406e-01
2.504225671291351318e-01 -1.889667063951492310e-01 -9.495157599449157715e-01
1.813613474369049072e-01 -1.999034434556961060e-01 -9.628845453262329102e-01
1.096007227897644043e-01 -2.084230035543441772e-01 -9.718784093856811523e-01
3.674083203077316284e-02 -2.139011770486831665e-01 -9.761641025543212891e-01
-3.555260598659515381e-02 -2.159414291381835938e-01 -9.757587909698486328e-01
-1.057430505752563477e-01 -2.143969982862472534e-01 -9.710058569908142090e-01
-1.725721508264541626e-01 -2.093456983566284180e-01 -9.624931812286376953e-01
-2.351449131965637207e-01 -2.010421901941299438e-01 -9.509410262107849121e-01
-2.929420471191406250e-01 -1.898526251316070557e-01 -9.370917081832885742e-01
-3.457769155502319336e-01 -1.761867702007293701e-01 -9.216271042823791504e-01
-3.937201797962188721e-01 -1.604571789503097534e-01 -9.051176309585571289e-01
-4.370258450508117676e-01 -1.430400758981704712e-01 -8.880022764205932617e-01
-4.760574996471405029e-01 -1.242633387446403503e-01 -8.705905079841613770e-01
-5.112348198890686035e-01 -1.043979600071907043e-01 -8.530768156051635742e-01
-5.429918766021728516e-01 -8.366333693265914917e-02 -8.355597853660583496e-01
-5.717514753341674805e-01 -6.223058700561523438e-02 -8.180632591247558594e-01
-5.979090332984924316e-01 -4.023280739784240723e-02 -8.005535602569580078e-01
-6.218245625495910645e-01 -1.777108013629913330e-02 -7.829549312591552734e-01
-6.438162326812744141e-01 5.069903563708066940e-03 -7.651633620262145996e-01
-6.641626358032226562e-01 2.822110988199710846e-02 -7.470552921295166016e-01
-6.831005215644836426e-01 5.161799117922782898e-02 -7.284979820251464844e-01
-7.008277177810668945e-01 7.519418001174926758e-02 -7.093562483787536621e-01
-7.175050973892211914e-01 9.887466579675674438e-02 -6.894999742507934570e-01
-7.332593202590942383e-01 1.225744858384132385e-01 -6.688095927238464355e-01
-7.481867074966430664e-01 1.461953520774841309e-01 -6.471811532974243164e-01
-7.623561620712280273e-01 1.696220487356185913e-01 -6.245330572128295898e-01
-7.758127450942993164e-01 1.927286088466644287e-01 -6.008080840110778809e-01
-7.885823249816894531e-01 2.153762131929397583e-01 -5.759782791137695312e-01
-8.006765246391296387e-01 2.374206632375717163e-01 -5.500441789627075195e-01
-8.120955824851989746e-01 2.587169408798217773e-01 -5.230355858802795410e-01
-8.228346705436706543e-01 2.791296839714050293e-01 -4.950046241283416748e-01
-8.328845500946044922e-01 2.985354363918304443e-01 -4.660256505012512207e-01
-8.422348499298095703e-01 3.168323636054992676e-01 -4.361852407455444336e-01
-8.508754968643188477e-01 3.339447677135467529e-01 -4.055759906768798828e-01
-8.587970137596130371e-01 3.498257100582122803e-01 -3.742853701114654541e-01
-8.659899234771728516e-01 3.644580543041229248e-01 -3.423911333084106445e-01
-8.724424839019775391e-01 3.778522312641143799e-01 -3.099547624588012695e-01
-8.781376481056213379e-01 3.900458216667175293e-01 -2.770171463489532471e-01
-8.830536007881164551e-01 4.010945856571197510e-01 -2.435970306396484375e-01
-8.871591091156005859e-01 4.110689461231231689e-01 -2.096927464008331299e-01
-8.904131054878234863e-01 4.200463891029357910e-01 -1.752866953611373901e-01
-8.927636146545410156e-01 4.281071424484252930e-01 -1.403477936983108521e-01
-8.941473960876464844e-01 4.353259801864624023e-01 -1.048417091369628906e-01
-8.944916725158691406e-01 4.417690336704254150e-01 -6.873808801174163818e-02
-8.937153220176696777e-01 4.474904835224151611e-01 -3.201752901077270508e-02
-8.917334675788879395e-01 4.525298178195953369e-01 5.318099632859230042e-03
-8.884595036506652832e-01 4.569131135940551758e-01 4.324593767523765564e-02
-8.838115930557250977e-01 4.606518149375915527e-01 8.171248435974121094e-02
-8.777181506156921387e-01 4.637439250946044922e-01 1.206337809562683105e-01
-8.701226115226745605e-01 4.661764204502105713e-01 1.598943471908569336e-01
-8.609895706176757812e-01 4.679276049137115479e-01 1.993509083986282349e-01
-8.503089547157287598e-01 4.689697325229644775e-01 2.388350963592529297e-01
-8.380996584892272949e-01 4.692712724208831787e-01 2.781606912612915039e-01
-8.244148492813110352e-01 4.687977433204650879e-01 3.171260356903076172e-01
-8.093403577804565430e-01 4.675152897834777832e-01 3.555245101451873779e-01
-7.929984331130981445e-01 4.653924107551574707e-01 3.931457698345184326e-01
-7.755444645881652832e-01 4.624009132385253906e-01 4.297862946987152100e-01
-7.571654915809631348e-01 4.585200250148773193e-01 4.652524590492248535e-01
-7.380766868591308594e-01 4.537358283996582031e-01 4.993661344051361084e-01
-7.185167074203491211e-01 4.480437934398651123e-01 5.319684743881225586e-01
-6.987399458885192871e-01 4.414502978324890137e-01 5.629246830940246582e-01
-6.790116429328918457e-01 4.339717626571655273e-01 5.921247601509094238e-01
-6.595981717109680176e-01 4.256353974342346191e-01 6.194875240325927734e-01
-6.407631635665893555e-01 4.164755642414093018e-01 6.449579596519470215e-01
-6.227575540542602539e-01 4.065343737602233887e-01 6.685078740119934082e-01
-6.058170795440673828e-01 3.958564698696136475e-01 6.901329159736633301e-01
-5.901584625244140625e-01 3.844855725765228271e-01 7.098476886749267578e-01
-5.759770870208740234e-01 3.724635839462280273e-01 7.276821136474609375e-01
-5.634484887123107910e-01 3.598247170448303223e-01 7.436746358871459961e-01
-5.527309179306030273e-01 3.465936481952667236e-01 7.578662633895874023e-01
-5.439697504043579102e-01 3.327821791172027588e-01 7.702941298484802246e-01
-5.373039841651916504e-01 3.183884620666503906e-01 7.809821963310241699e-01
-5.328707695007324219e-01 3.033958971500396729e-01 7.899364829063415527e-01
-5.308158397674560547e-01 2.877727746963500977e-01 7.971332073211669922e-01
-5.312948822975158691e-01 2.714739441871643066e-01 8.025133609771728516e-01
-5.344835519790649414e-01 2.544462680816650391e-01 8.059680461883544922e-01
-5.405724644660949707e-01 2.366344034671783447e-01 8.073323965072631836e-01
-5.497618317604064941e-01 2.179965674877166748e-01 8.063741922378540039e-01
-5.622403025627136230e-01 1.985240429639816284e-01 8.027914762496948242e-01
-5.781470537185668945e-01 1.782717704772949219e-01 7.962193489074707031e-01
-5.975109338760375977e-01 1.574026495218276978e-01 7.862602472305297852e-01
-6.201635003089904785e-01 1.362364441156387329e-01 7.725521326065063477e-01
-6.456429362297058105e-01 1.153038442134857178e-01 7.548842430114746094e-01
-6.731141805648803711e-01 9.536404162645339966e-02 7.333642244338989258e-01
-7.013561129570007324e-01 7.737451791763305664e-02 7.085992097854614258e-01
-7.288735508918762207e-01 6.236478686332702637e-02 6.818020343780517578e-01
-7.541162967681884766e-01 5.123035609722137451e-02 6.547396779060363770e-01
-7.757702469825744629e-01 4.451067745685577393e-02 6.294436454772949219e-01
-7.929778099060058594e-01 4.223217442631721497e-02 6.077849864959716797e-01
-8.054208159446716309e-01 4.390668496489524841e-02 5.910749435424804688e-01
-8.132568001747131348e-01 4.866765812039375305e-02 5.798661708831787109e-01
-8.169698715209960938e-01 5.548076331615447998e-02 5.740053057670593262e-01
-8.172096014022827148e-01 6.334766000509262085e-02 5.728486180305480957e-01
-8.146509528160095215e-01 7.143740355968475342e-02 5.755349993705749512e-01
-8.099020719528198242e-01 7.914867252111434937e-02 5.812005400657653809e-01
-8.034481406211853027e-01 8.610350638628005981e-02 5.891156196594238281e-01
-7.956328392028808594e-01 9.210576117038726807e-02 5.987361073493957520e-01
-7.866637110710144043e-01 9.709259122610092163e-02 6.096993684768676758e-01
-7.766278386116027832e-01 1.010838598012924194e-01 6.217967867851257324e-01
-7.655243277549743652e-01 1.041424721479415894e-01 6.349227428436279297e-01
-7.532886862754821777e-01 1.063483655452728271e-01 6.490348577499389648e-01
-7.398250699043273926e-01 1.077748611569404602e-01 6.641110777854919434e-01
-7.250302433967590332e-01 1.084814965724945068e-01 6.801198124885559082e-01
-7.088236808776855469e-01 1.085050329566001892e-01 6.969903707504272461e-01
-6.911670565605163574e-01 1.078593432903289795e-01 7.146008610725402832e-01
-6.720846891403198242e-01 1.065384000539779663e-01 7.327699065208435059e-01
-6.516812443733215332e-01 1.045176833868026733e-01 7.512573003768920898e-01
-6.301480531692504883e-01 1.017623543739318848e-01 7.697778344154357910e-01
-6.077632904052734375e-01 9.823352098464965820e-02 7.880190014839172363e-01
-5.848802328109741211e-01 9.389329701662063599e-02 8.056669235229492188e-01
-5.619100332260131836e-01 8.871088176965713501e-02 8.224278092384338379e-01
-5.392907261848449707e-01 8.266735076904296875e-02 8.380523324012756348e-01
-5.174580216407775879e-01 7.575421780347824097e-02 8.523488044738769531e-01
-4.968130588531494141e-01 6.797563284635543823e-02 8.651914000511169434e-01
-4.776993691921234131e-01 5.934524536132812500e-02 8.765166401863098145e-01
-4.603818356990814209e-01 4.988206550478935242e-02 8.863184452056884766e-01
-4.450400471687316895e-01 3.960878774523735046e-02 8.946343064308166504e-01
-4.317666292190551758e-01 2.854689210653305054e-02 9.015335440635681152e-01
-4.205743670463562012e-01 1.671464368700981140e-02 9.071040749549865723e-01
-4.114043116569519043e-01 4.123416263610124588e-03 9.114436507225036621e-01
-4.041395485401153564e-01 -9.223897010087966919e-03 9.146507978439331055e-01
-3.986187577247619629e-01 -2.333376929163932800e-02 9.168198704719543457e-01
-3.946504890918731689e-01 -3.822541236877441406e-02 9.180358052253723145e-01
-3.920239806175231934e-01 -5.393033102154731750e-02 9.183728694915771484e-01
-3.905211687088012695e-01 -7.049386948347091675e-02 9.178909659385681152e-01
-3.899264931678771973e-01 -8.797571063041687012e-02 9.166337847709655762e-01
-3.900362849235534668e-01 -1.064496934413909912e-01 9.146257042884826660e-01
-3.906666338443756104e-01 -1.260028332471847534e-01 9.118677377700805664e-01
-3.916610181331634521e-01 -1.467331796884536743e-01 9.083341360092163086e-01
-3.929006159305572510e-01 -1.687447428703308105e-01 9.039658904075622559e-01
-3.943117558956146240e-01 -1.921401172876358032e-01 8.986659049987792969e-01
-3.958769142627716064e-01 -2.170089632272720337e-01 8.922940492630004883e-01
-3.976483643054962158e-01 -2.434104830026626587e-01 8.846621513366699219e-01
-3.997605144977569580e-01 -2.713493406772613525e-01 8.755346536636352539e-01
-4.024420082569122314e-01 -3.007412254810333252e-01 8.646358251571655273e-01
-4.060289263725280762e-01 -3.313739299774169922e-01 8.516641259193420410e-01
-4.109617769718170166e-01 -3.628644645214080811e-01 8.363251090049743652e-01
-4.177711308002471924e-01 -3.946154713630676270e-01 8.183801174163818359e-01
-4.270334243774414062e-01 -4.257943034172058105e-01 7.977102994918823242e-01
-4.392896592617034912e-01 -4.553414285182952881e-01 7.743957042694091797e-01
-4.549389481544494629e-01 -4.820354282855987549e-01 7.487806081771850586e-01
-4.741035103797912598e-01 -5.046149492263793945e-01 7.215189337730407715e-01
-4.965203106403350830e-01 -5.219572186470031738e-01 6.935619711875915527e-01
-5.214909911155700684e-01 -5.332716703414916992e-01 6.660845875740051270e-01
-5.479276180267333984e-01 -5.382571220397949219e-01 6.403549909591674805e-01
-5.744996666908264160e-01 -5.371639132499694824e-01 6.175799965858459473e-01
-5.998342633247375488e-01 -5.307387113571166992e-01 5.987614393234252930e-01
-6.227081418037414551e-01 -5.200684070587158203e-01 5.846053361892700195e-01
-6.421744823455810547e-01 -5.063790082931518555e-01 5.754929780960083008e-01
-6.576045751571655273e-01 -4.908500611782073975e-01 5.715088248252868652e-01
-6.686607599258422852e-01 -4.744864702224731445e-01 5.724992156028747559e-01
-6.752341985702514648e-01 -4.580672085285186768e-01 5.781289935111999512e-01
-6.773749589920043945e-01 -4.421427547931671143e-01 5.879396200180053711e-01
-6.752437949180603027e-01 -4.270741939544677734e-01 6.013762950897216797e-01
-6.690815687179565430e-01 -4.130833446979522705e-01 6.178122758865356445e-01
-6.591994762420654297e-01 -4.003075957298278809e-01 6.365609765052795410e-01
-6.459853649139404297e-01 -3.888415396213531494e-01 6.568905115127563477e-01
-6.299074888229370117e-01 -3.787744641304016113e-01 6.780460476875305176e-01
-6.115165948867797852e-01 -3.702082037925720215e-01 6.992805600166320801e-01
-5.914344191551208496e-01 -3.632698059082031250e-01 7.198891639709472656e-01
-5.703265666961669922e-01 -3.581089973449707031e-01 7.392466068267822266e-01
-5.488675236701965332e-01 -3.548899292945861816e-01 7.568339109420776367e-01
-5.276950001716613770e-01 -3.537804782390594482e-01 7.722547650337219238e-01
-5.073747634887695312e-01 -3.549386262893676758e-01 7.852320671081542969e-01
-4.883652925491333008e-01 -3.585020005702972412e-01 7.955977320671081543e-01
-4.710015952587127686e-01 -3.645791411399841309e-01 8.032680749893188477e-01
-4.554899632930755615e-01 -3.732460439205169678e-01 8.082179427146911621e-01
-4.419129192829132080e-01 -3.845441937446594238e-01 8.104558587074279785e-01
-4.302427470684051514e-01 -3.984818756580352783e-01 8.100021481513977051e-01
-4.203600287437438965e-01 -4.150333106517791748e-01 8.068735003471374512e-01
-4.120706617832183838e-01 -4.341377019882202148e-01 8.010756969451904297e-01
-4.051252007484436035e-01 -4.557015895843505859e-01 7.925968170166015625e-01
-3.992362916469573975e-01 -4.795924425125122070e-01 7.814099192619323730e-01
-3.940936923027038574e-01 -5.056369304656982422e-01 7.674773335456848145e-01
-3.893779516220092773e-01 -5.336148738861083984e-01 7.507597208023071289e-01
-3.847749531269073486e-01 -5.632545351982116699e-01 7.312268614768981934e-01
-3.799902200698852539e-01 -5.942288041114807129e-01 7.088720202445983887e-01
-3.747608363628387451e-01 -6.261520981788635254e-01 6.837308406829833984e-01
-3.688729405403137207e-01 -6.585863232612609863e-01 6.558938622474670410e-01
-3.621722459793090820e-01 -6.910483241081237793e-01 6.255266070365905762e-01
-3.545809686183929443e-01 -7.230270504951477051e-01 5.928778648376464844e-01
-3.461045324802398682e-01 -7.540076375007629395e-01 5.582867264747619629e-01
-3.368380069732666016e-01 -7.834997177124023438e-01 5.221765041351318359e-01
-3.269627988338470459e-01 -8.110684156417846680e-01 4.850394725799560547e-01
-3.167358934879302979e-01 -8.363621830940246582e-01 4.474110901355743408e-01
-3.064687848091125488e-01 -8.591358661651611328e-01 4.098322391510009766e-01
-2.965025603771209717e-01 -8.792592883110046387e-01 3.728126883506774902e-01
-2.871745228767395020e-01 -8.967165946960449219e-01 3.367940485477447510e-01
-2.787869870662689209e-01 -9.115928411483764648e-01 3.021198213100433350e-01
-2.715778946876525879e-01 -9.240538477897644043e-01 2.690167427062988281e-01
-2.656946480274200439e-01 -9.343217015266418457e-01 2.375905662775039673e-01
-2.611804604530334473e-01 -9.426501393318176270e-01 2.078351974487304688e-01
-2.579665482044219971e-01 -9.493049979209899902e-01 1.796476691961288452e-01
-2.558742165565490723e-01 -9.545487165451049805e-01 1.528567820787429810e-01
-2.546259760856628418e-01 -9.586306810379028320e-01 1.272511035203933716e-01
-2.538664340972900391e-01 -9.617816805839538574e-01 1.026054099202156067e-01
-2.531809508800506592e-01 -9.642118811607360840e-01 7.870678603649139404e-02
-2.521254122257232666e-01 -9.661092162132263184e-01 5.536891892552375793e-02
-2.502477765083312988e-01 -9.676379561424255371e-01 3.244726732373237610e-02
-2.471073716878890991e-01 -9.689381718635559082e-01 9.837847203016281128e-03
-2.422950416803359985e-01 -9.701218008995056152e-01 -1.252369862049818039e-02
-2.354398518800735474e-01 -9.712705016136169434e-01 -3.466551750898361206e-02
-2.262169569730758667e-01 -9.724318385124206543e-01 -5.658872053027153015e-02
-2.143492251634597778e-01 -9.736152887344360352e-01 -7.827920466661453247e-02
-1.996065080165863037e-01 -9.747900366783142090e-01 -9.970802813768386841e-02
-1.818061172962188721e-01 -9.758808016777038574e-01 -1.208435222506523132e-01
-1.608161628246307373e-01 -9.767668843269348145e-01 -1.416494399309158325e-01
-1.365586370229721069e-01 -9.772816896438598633e-01 -1.620867997407913208e-01
-1.090152934193611145e-01 -9.772156476974487305e-01 -1.821133047342300415e-01
-7.824137061834335327e-02 -9.763213992118835449e-01 -2.016800940036773682e-01
-4.437499493360519409e-02 -9.743251800537109375e-01 -2.207288742065429688e-01
-7.653056178241968155e-03 -9.709428548812866211e-01 -2.391888797283172607e-01
3.158703818917274475e-02 -9.659018516540527344e-01 -2.569745779037475586e-01
7.290040701627731323e-02 -9.589658975601196289e-01 -2.739888429641723633e-01
1.157465204596519470e-01 -9.499633312225341797e-01 -2.901248037815093994e-01
1.595093756914138794e-01 -9.388111233711242676e-01 -3.052710890769958496e-01
2.035315632820129395e-01 -9.255322217941284180e-01 -3.193195760250091553e-01
2.471524626016616821e-01 -9.102623462677001953e-01 -3.321717083454132080e-01
2.897528111934661865e-01 -8.932434916496276855e-01 -3.437431752681732178e-01
3.307951986789703369e-01 -8.748036623001098633e-01 -3.539676070213317871e-01
3.698520958423614502e-01 -8.553296923637390137e-01 -3.627954721450805664e-01
4.066250324249267578e-01 -8.352335095405578613e-01 -3.701905310153961182e-01
4.409466087818145752e-01 -8.149217367172241211e-01 -3.761231303215026855e-01
4.727722704410552979e-01 -7.947674393653869629e-01 -3.805668354034423828e-01
5.021626353263854980e-01 -7.750924229621887207e-01 -3.834897875785827637e-01
5.292626023292541504e-01 -7.561548948287963867e-01 -3.848518729209899902e-01
5.542770624160766602e-01 -7.381454110145568848e-01 -3.846013247966766357e-01
5.774497389793395996e-01 -7.211882472038269043e-01 -3.826738595962524414e-01
5.990443229675292969e-01 -7.053440213203430176e-01 -3.789930641651153564e-01
6.193267703056335449e-01 -6.906176805496215820e-01 -3.734722137451171875e-01
6.385553479194641113e-01 -6.769632697105407715e-01 -3.660159409046173096e-01
6.569690108299255371e-01 -6.642899513244628906e-01 -3.565258383750915527e-01
6.747804284095764160e-01 -6.524674296379089355e-01 -3.449025452136993408e-01
6.921703815460205078e-01 -6.413307785987854004e-01 -3.310512602329254150e-01
7.092826366424560547e-01 -6.306849122047424316e-01 -3.148883581161499023e-01
7.262205481529235840e-01 -6.203083395957946777e-01 -2.963465750217437744e-01
7.430431246757507324e-01 -6.099588871002197266e-01 -2.753851711750030518e-01
7.597638368606567383e-01 -5.993802547454833984e-01 -2.519966661930084229e-01
7.763481736183166504e-01 -5.883097648620605469e-01 -2.262191623449325562e-01
7.927150130271911621e-01 -5.764913558959960938e-01 -1.981430649757385254e-01
8.087387681007385254e-01 -5.636870861053466797e-01 -1.679239124059677124e-01
8.242551684379577637e-01 -5.496954321861267090e-01 -1.357875168323516846e-01
8.390736579895019531e-01 -5.343644618988037109e-01 -1.020292416214942932e-01
8.529875874519348145e-01 -5.176110267639160156e-01 -6.701429933309555054e-02
8.657932281494140625e-01 -4.994307160377502441e-01 -3.116308897733688354e-02
8.773056864738464355e-01 -4.799052774906158447e-01 5.067664198577404022e-03
8.873758912086486816e-01 -4.592014849185943604e-01 4.120689630508422852e-02
8.959022760391235352e-01 -4.375624060630798340e-01 7.680027186870574951e-02
9.028390049934387207e-01 -4.152868092060089111e-01 1.114387810230255127e-01
9.081941246986389160e-01 -3.927125930786132812e-01 1.447760760784149170e-01
9.120258688926696777e-01 -3.701876401901245117e-01 1.765499711036682129e-01
9.144318103790283203e-01 -3.480479121208190918e-01 2.065844386816024780e-01
9.155364036560058594e-01 -3.265988528728485107e-01 2.347896695137023926e-01
9.154787063598632812e-01 -3.061025440692901611e-01 2.611512839794158936e-01
9.144009947776794434e-01 -2.867680788040161133e-01 2.857181131839752197e-01
9.124407768249511719e-01 -2.687524259090423584e-01 3.085838556289672852e-01
9.097249507904052734e-01 -2.521599829196929932e-01 3.298726677894592285e-01
9.063663482666015625e-01 -2.370474040508270264e-01 3.497263789176940918e-01
9.024631381034851074e-01 -2.234310060739517212e-01 3.682916462421417236e-01
8.980995416641235352e-01 -2.112902998924255371e-01 3.857119977474212646e-01
8.933448791503906250e-01 -2.005780488252639771e-01 4.021236002445220947e-01
8.882584571838378906e-01 -1.912207007408142090e-01 4.176500141620635986e-01
8.828886151313781738e-01 -1.831266134977340698e-01 4.324029982089996338e-01
8.772763609886169434e-01 -1.761878132820129395e-01 4.464797079563140869e-01
8.714559078216552734e-01 -1.702842712402343750e-01 4.599649906158447266e-01
8.654562234878540039e-01 -1.652861386537551880e-01 4.729335308074951172e-01
8.593041300773620605e-01 -1.610548049211502075e-01 4.854459166526794434e-01
8.530228734016418457e-01 -1.574461758136749268e-01 4.975567162036895752e-01
8.466354012489318848e-01 -1.543100327253341675e-01 5.093103051185607910e-01
8.401634693145751953e-01 -1.514946371316909790e-01 5.207442641258239746e-01
8.336291313171386719e-01 -1.488461792469024658e-01 5.318901538848876953e-01
8.270554542541503906e-01 -1.462107747793197632e-01 5.427722930908203125e-01
8.204655051231384277e-01 -1.434378325939178467e-01 5.534093379974365234e-01
8.138837814331054688e-01 -1.403814852237701416e-01 5.638139247894287109e-01
8.073356151580810547e-01 -1.369042396545410156e-01 5.739916563034057617e-01
8.008468747138977051e-01 -1.328793168067932129e-01 5.839411616325378418e-01
7.944447994232177734e-01 -1.281932145357131958e-01 5.936530828475952148e-01
7.881575822830200195e-01 -1.227521523833274841e-01 6.031082272529602051e-01
7.820140719413757324e-01 -1.164823696017265320e-01 6.122792363166809082e-01
7.760456204414367676e-01 -1.093349829316139221e-01 6.211272478103637695e-01
7.702856063842773438e-01 -1.012893170118331909e-01 6.296035647392272949e-01
7.647696137428283691e-01 -9.235560894012451172e-02 6.376503109931945801e-01
7.595353722572326660e-01 -8.257576823234558105e-02 6.452031731605529785e-01
7.546252012252807617e-01 -7.202589511871337891e-02 6.521910429000854492e-01
7.500821948051452637e-01 -6.081488355994224548e-02 6.585423946380615234e-01
7.459534406661987305e-01 -4.908268898725509644e-02 6.641870141029357910e-01
7.422846555709838867e-01 -3.699690848588943481e-02 6.690626144409179688e-01
7.391216754913330078e-01 -2.474709227681159973e-02 6.731172204017639160e-01
7.365062236785888672e-01 -1.253765635192394257e-02 6.763145327568054199e-01
7.344729900360107422e-01 -5.791008006781339645e-04 6.786376237869262695e-01
7.330474853515625000e-01 1.092013716697692871e-02 6.800897717475891113e-01
7.322421669960021973e-01 2.176204137504100800e-02 6.806966066360473633e-01
7.320541739463806152e-01 3.177092224359512329e-02 6.805052161216735840e-01
7.324643135070800781e-01 4.079731553792953491e-02 6.795819401741027832e-01
7.334360480308532715e-01 4.872448742389678955e-02 6.780099272727966309e-01
7.349165678024291992e-01 5.547304078936576843e-02 6.758849620819091797e-01
7.368385195732116699e-01 6.100048869848251343e-02 6.733111143112182617e-01
7.391248345375061035e-01 6.530226022005081177e-02 6.703954935073852539e-01
7.416898012161254883e-01 6.840787082910537720e-02 6.672454476356506348e-01
7.444462776184082031e-01 7.037721574306488037e-02 6.639629602432250977e-01
7.473084926605224609e-01 7.129453867673873901e-02 6.606413722038269043e-01
7.501954436302185059e-01 7.126570492982864380e-02 6.573645472526550293e-01
7.530350089073181152e-01 7.040967047214508057e-02 6.542022824287414551e-01
7.557666897773742676e-01 6.885375082492828369e-02 6.512110829353332520e-01
7.583408951759338379e-01 6.672938168048858643e-02 6.484337449073791504e-01
7.607231140136718750e-01 6.416647881269454956e-02 6.458969712257385254e-01
7.628908753395080566e-01 6.129099056124687195e-02 6.436154842376708984e-01
7.648347616195678711e-01 5.822013318538665771e-02 6.415903568267822266e-01
7.665569186210632324e-01 5.506312102079391479e-02 6.398113369941711426e-01
7.680698633193969727e-01 5.191685259342193604e-02 6.382579803466796875e-01
7.693951725959777832e-01 4.886769875884056091e-02 6.369011402130126953e-01
7.705603241920471191e-01 4.599159210920333862e-02 6.357055902481079102e-01
7.715989947319030762e-01 4.335321485996246338e-02 6.346302032470703125e-01
7.725489735603332520e-01 4.100707545876502991e-02 6.336296796798706055e-01
7.734494209289550781e-01 3.899881616234779358e-02 6.326571702957153320e-01
7.743419408798217773e-01 3.736606612801551819e-02 6.316632032394409180e-01
7.752678990364074707e-01 3.613778576254844666e-02 6.305979490280151367e-01
7.762686610221862793e-01 3.533584251999855042e-02 6.294111013412475586e-01
7.773841023445129395e-01 3.497403115034103394e-02 6.280531287193298340e-01
7.786528468132019043e-01 3.505930304527282715e-02 6.264746785163879395e-01
7.801108956336975098e-01 3.559148684144020081e-02 6.246280670166015625e-01
7.817911505699157715e-01 3.656268119812011719e-02 6.224674582481384277e-01
7.837226986885070801e-01 3.795849904417991638e-02 6.199499964714050293e-01
7.859297394752502441e-01 3.975677117705345154e-02 6.170363426208496094e-01
7.884308695793151855e-01 4.192984476685523987e-02 6.136926412582397461e-01
7.912373542785644531e-01 4.444457963109016418e-02 6.098918318748474121e-01
7.943528294563293457e-01 4.726267233490943909e-02 6.056153178215026855e-01
7.977715134620666504e-01 5.034245178103446960e-02 6.008546352386474609e-01
8.014785647392272949e-01 5.364016816020011902e-02 5.956130623817443848e-01
8.054475784301757812e-01 5.711050704121589661e-02 5.899090170860290527e-01
8.096432089805603027e-01 6.070774793624877930e-02 5.837742686271667480e-01
8.140183687210083008e-01 6.438808143138885498e-02 5.772592425346374512e-01
8.185188770294189453e-01 6.810884922742843628e-02 5.704280138015747070e-01
8.230811953544616699e-01 7.183102518320083618e-02 5.633628368377685547e-01
8.276368975639343262e-01 7.551950961351394653e-02 5.561600327491760254e-01
8.321148157119750977e-01 7.914264500141143799e-02 5.489275455474853516e-01
8.364417552947998047e-01 8.267331868410110474e-02 5.417844057083129883e-01
8.405472636222839355e-01 8.608970791101455688e-02 5.348541140556335449e-01
8.443650007247924805e-01 8.937377482652664185e-02 5.282614827156066895e-01
8.478342294692993164e-01 9.251058101654052734e-02 5.221292376518249512e-01
8.509019613265991211e-01 9.549099951982498169e-02 5.165727138519287109e-01
8.535238504409790039e-01 9.830847382545471191e-02 5.116956233978271484e-01
8.556647300720214844e-01 1.009596213698387146e-01 5.075873732566833496e-01
8.572990298271179199e-01 1.034439429640769958e-01 5.043189525604248047e-01
8.584107756614685059e-01 1.057634651660919189e-01 5.019412636756896973e-01
8.589931726455688477e-01 1.079208180308341980e-01 5.004834532737731934e-01
8.590490221977233887e-01 1.099211201071739197e-01 4.999520778656005859e-01
8.585906624794006348e-01 1.117698475718498230e-01 5.003294944763183594e-01
8.576388955116271973e-01 1.134744808077812195e-01 5.015764832496643066e-01
8.562246561050415039e-01 1.150426492094993591e-01 5.036314129829406738e-01
8.543868660926818848e-01 1.164849400520324707e-01 5.064133405685424805e-01
8.521742224693298340e-01 1.178105100989341736e-01 5.098233222961425781e-01
8.496437072753906250e-01 1.190319880843162537e-01 5.137479305267333984e-01
8.468599915504455566e-01 1.201616004109382629e-01 5.180631279945373535e-01
8.438942432403564453e-01 1.212138533592224121e-01 5.226372480392456055e-01
8.408237099647521973e-01 1.222022771835327148e-01 5.273347496986389160e-01
8.377289175987243652e-01 1.231411397457122803e-01 5.320211648941040039e-01
8.346919417381286621e-01 1.240441426634788513e-01 5.365654230117797852e-01
8.317945003509521484e-01 1.249239668250083923e-01 5.408438444137573242e-01
8.291140794754028320e-01 1.257909685373306274e-01 5.447443723678588867e-01
8.267233967781066895e-01 1.266546547412872314e-01 5.481669902801513672e-01
8.246865868568420410e-01 1.275205910205841064e-01 5.510268807411193848e-01
8.230575919151306152e-01 1.283927261829376221e-01 5.532553195953369141e-01
8.218784928321838379e-01 1.292718946933746338e-01 5.548012256622314453e-01
8.211777210235595703e-01 1.301558911800384521e-01 5.556318163871765137e-01
8.209695816040039062e-01 1.310402899980545044e-01 5.557314157485961914e-01
8.212541341781616211e-01 1.319181919097900391e-01 5.551028847694396973e-01
8.220168948173522949e-01 1.327810734510421753e-01 5.537666082382202148e-01
8.232294321060180664e-01 1.336195170879364014e-01 5.517600774765014648e-01
8.248509168624877930e-01 1.344233602285385132e-01 5.491369366645812988e-01
8.268291950225830078e-01 1.351806074380874634e-01 5.459668040275573730e-01
8.291020393371582031e-01 1.358811557292938232e-01 5.423339605331420898e-01
8.316001296043395996e-01 1.365142315626144409e-01 5.383355617523193359e-01
8.342480659484863281e-01 1.370704025030136108e-01 5.340803861618041992e-01
8.369669914245605469e-01 1.375413686037063599e-01 5.296872854232788086e-01
8.396763801574707031e-01 1.379191577434539795e-01 5.252826809883117676e-01
8.422958850860595703e-01 1.381985992193222046e-01 5.209978818893432617e-01
8.447470068931579590e-01 1.383748203516006470e-01 5.169669985771179199e-01
8.469541668891906738e-01 1.384453028440475464e-01 5.133240818977355957e-01
8.488458991050720215e-01 1.384093910455703735e-01 5.101994872093200684e-01
8.503566980361938477e-01 1.382674276828765869e-01 5.077161192893981934e-01
8.514258265495300293e-01 1.380219757556915283e-01 5.059881210327148438e-01
8.519991636276245117e-01 1.376780867576599121e-01 5.051159262657165527e-01
8.520290851593017578e-01 1.372422873973846436e-01 5.051842331886291504e-01
8.514737486839294434e-01 1.367231756448745728e-01 5.062600970268249512e-01
8.502992987632751465e-01 1.361321210861206055e-01 5.083888173103332520e-01
8.484776020050048828e-01 1.354830116033554077e-01 5.115956664085388184e-01
8.459889888763427734e-01 1.347934454679489136e-01 5.158811807632446289e-01
8.428210020065307617e-01 1.340829133987426758e-01 5.212240815162658691e-01
8.389701843261718750e-01 1.333734691143035889e-01 5.275799632072448730e-01
8.344428539276123047e-01 1.326903402805328369e-01 5.348816514015197754e-01
8.292554020881652832e-01 1.320609897375106812e-01 5.430427193641662598e-01
8.234363794326782227e-01 1.315120607614517212e-01 5.519574880599975586e-01
8.170247077941894531e-01 1.310731917619705200e-01 5.615073442459106445e-01
8.100726008415222168e-01 1.307702958583831787e-01 5.715606212615966797e-01
8.026432991027832031e-01 1.306300014257431030e-01 5.819789767265319824e-01
7.948099374771118164e-01 1.306750178337097168e-01 5.926222205162048340e-01
7.866556048393249512e-01 1.309267729520797729e-01 6.033498644828796387e-01
7.782703042030334473e-01 1.314007788896560669e-01 6.140269041061401367e-01
7.697486877441406250e-01 1.321105957031250000e-01 6.245269179344177246e-01
7.611878514289855957e-01 1.330656111240386963e-01 6.347334980964660645e-01
7.526849508285522461e-01 1.342709660530090332e-01 6.445438265800476074e-01
7.443351149559020996e-01 1.357274353504180908e-01 6.538680195808410645e-01
7.362285256385803223e-01 1.374324262142181396e-01 6.626310348510742188e-01
7.284498810768127441e-01 1.393788307905197144e-01 6.707714200019836426e-01
7.210765480995178223e-01 1.415544450283050537e-01 6.782411336898803711e-01
7.141776680946350098e-01 1.439436674118041992e-01 6.850039958953857422e-01
7.078135013580322266e-01 1.465251445770263672e-01 6.910357475280761719e-01
7.020355463027954102e-01 1.492719799280166626e-01 6.963217258453369141e-01
6.968860030174255371e-01 1.521522700786590576e-01 7.008563280105590820e-01
6.923980712890625000e-01 1.551283597946166992e-01 7.046418190002441406e-01
6.885971426963806152e-01 1.581560969352722168e-01 7.076867818832397461e-01
6.854996681213378906e-01 1.611879169940948486e-01 7.100061178207397461e-01
6.831147670745849609e-01 1.641711443662643433e-01 7.116193175315856934e-01
6.814442873001098633e-01 1.670510768890380859e-01 7.125501036643981934e-01
6.804838776588439941e-01 1.697712391614913940e-01 7.128248810768127441e-01
6.802235245704650879e-01 1.722758859395980835e-01 7.124724388122558594e-01
6.806474328041076660e-01 1.745113432407379150e-01 7.115228772163391113e-01
6.817360520362854004e-01 1.764294654130935669e-01 7.100060582160949707e-01
6.834665536880493164e-01 1.779863834381103516e-01 7.079507708549499512e-01
6.858121752738952637e-01 1.791484355926513672e-01 7.053846716880798340e-01
6.887449622154235840e-01 1.798887997865676880e-01 7.023321390151977539e-01
6.922336816787719727e-01 1.801924258470535278e-01 6.988155841827392578e-01
6.962465643882751465e-01 1.800535321235656738e-01 6.948535442352294922e-01
7.007499933242797852e-01 1.794788837432861328e-01 6.904612779617309570e-01
7.057086229324340820e-01 1.784845739603042603e-01 6.856518983840942383e-01
7.110868096351623535e-01 1.770980060100555420e-01 6.804350614547729492e-01
7.168462872505187988e-01 1.753563284873962402e-01 6.748195886611938477e-01
7.229471802711486816e-01 1.733056902885437012e-01 6.688143014907836914e-01
7.293480634689331055e-01 1.710007637739181519e-01 6.624274253845214844e-01
7.360044717788696289e-01 1.685038506984710693e-01 6.556705236434936523e-01
7.428689599037170410e-01 1.658824384212493896e-01 6.485589742660522461e-01
7.498920559883117676e-01 1.632095277309417725e-01 6.411119103431701660e-01
7.570205926895141602e-01 1.605615317821502686e-01 6.333560347557067871e-01
7.641987204551696777e-01 1.580166369676589966e-01 6.253248453140258789e-01
7.713683843612670898e-01 1.556533724069595337e-01 6.170597672462463379e-01
7.784697413444519043e-01 1.535484939813613892e-01 6.086113452911376953e-01
7.854422330856323242e-01 1.517751514911651611e-01 6.000372767448425293e-01
7.922262549400329590e-01 1.503998935222625732e-01 5.914030075073242188e-01
7.987634539604187012e-01 1.494808495044708252e-01 5.827800035476684570e-01
8.049992918968200684e-01 1.490672081708908081e-01 5.742430686950683594e-01
8.108838796615600586e-01 1.491949856281280518e-01 5.658695101737976074e-01
8.163738250732421875e-01 1.498861163854598999e-01 5.577345490455627441e-01
8.214335441589355469e-01 1.511487662792205811e-01 5.499100089073181152e-01
8.260358572006225586e-01 1.529742181301116943e-01 5.424606800079345703e-01
8.301642537117004395e-01 1.553382277488708496e-01 5.354412794113159180e-01
8.338129520416259766e-01 1.581997573375701904e-01 5.288940072059631348e-01
8.369883894920349121e-01 1.615030616521835327e-01 5.228451490402221680e-01
8.397098183631896973e-01 1.651768088340759277e-01 5.173045992851257324e-01
8.420084714889526367e-01 1.691384613513946533e-01 5.122634172439575195e-01
8.439294695854187012e-01 1.732944399118423462e-01 5.076928138732910156e-01
8.455299139022827148e-01 1.775415092706680298e-01 5.035457015037536621e-01
8.468800187110900879e-01 1.817717701196670532e-01 4.997531771659851074e-01
8.480613231658935547e-01 1.858718246221542358e-01 4.962295293807983398e-01
8.491644263267517090e-01 1.897295415401458740e-01 4.928717613220214844e-01
8.502896428108215332e-01 1.932316869497299194e-01 4.895601272583007812e-01
8.515421748161315918e-01 1.962692588567733765e-01 4.861627221107482910e-01
8.530319929122924805e-01 1.987384408712387085e-01 4.825344681739807129e-01
8.548681735992431641e-01 2.005428522825241089e-01 4.785216748714447021e-01
8.571580052375793457e-01 2.015936374664306641e-01 4.739621877670288086e-01
8.600007891654968262e-01 2.018138766288757324e-01 4.686894714832305908e-01
8.634855747222900391e-01 2.011380493640899658e-01 4.625323414802551270e-01
8.676865696907043457e-01 1.995121836662292480e-01 4.553185999393463135e-01
8.726578354835510254e-01 1.968991607427597046e-01 4.468769729137420654e-01
8.784308433532714844e-01 1.932755559682846069e-01 4.370398819446563721e-01
8.850096464157104492e-01 1.886369585990905762e-01 4.256454110145568848e-01
8.923681378364562988e-01 1.829956471920013428e-01 4.125429391860961914e-01
9.004478454589843750e-01 1.763856112957000732e-01 3.975949883460998535e-01
9.091565608978271484e-01 1.688606590032577515e-01 3.806839883327484131e-01
9.183695912361145020e-01 1.604974269866943359e-01 3.617151379585266113e-01
9.279305338859558105e-01 1.513952612876892090e-01 3.406234383583068848e-01
9.376571774482727051e-01 1.416740864515304565e-01 3.173760771751403809e-01
9.473456740379333496e-01 1.314752399921417236e-01 2.919767796993255615e-01
9.567791819572448730e-01 1.209580600261688232e-01 2.644670605659484863e-01
9.657353758811950684e-01 1.102959960699081421e-01 2.349256277084350586e-01
9.739958643913269043e-01 9.967163205146789551e-02 2.034642398357391357e-01
9.813538193702697754e-01 8.926948159933090210e-02 1.702222824096679688e-01
9.876202940940856934e-01 7.927260547876358032e-02 1.353589445352554321e-01
9.926283359527587891e-01 6.985334306955337524e-02 9.904263168573379517e-02
9.962345361709594727e-01 6.116914749145507812e-02 6.144145503640174866e-02
9.983170628547668457e-01 5.335795879364013672e-02 2.271345816552639008e-02
9.987720251083374023e-01 4.653266817331314087e-02 -1.700114458799362183e-02
9.975072145462036133e-01 4.078176990151405334e-02 -5.758588761091232300e-02
9.944348335266113281e-01 3.616506233811378479e-02 -9.895203262567520142e-02
9.894636869430541992e-01 3.271668031811714172e-02 -1.410362124443054199e-01
9.824922680854797363e-01 3.044442087411880493e-02 -1.837991029024124146e-01
9.734017848968505859e-01 2.933212183415889740e-02 -2.272189706563949585e-01
9.620522856712341309e-01 2.933931909501552582e-02 -2.712835073471069336e-01
9.482784867286682129e-01 3.040436841547489166e-02 -3.159802258014678955e-01
9.318916201591491699e-01 3.244469314813613892e-02 -3.612830638885498047e-01
9.126810431480407715e-01 3.535632416605949402e-02 -4.071404039859771729e-01
8.904221653938293457e-01 3.901489824056625366e-02 -4.534602761268615723e-01
8.648874759674072266e-01 4.327556118369102478e-02 -5.000969171524047852e-01
8.358643651008605957e-01 4.797222465276718140e-02 -5.468358993530273438e-01
8.031753301620483398e-01 5.291970074176788330e-02 -5.933877229690551758e-01
7.667068243026733398e-01 5.791492760181427002e-02 -6.393797397613525391e-01
7.264377474784851074e-01 6.274224817752838135e-02 -6.843621730804443359e-01
6.824693679809570312e-01 6.718029081821441650e-02 -7.278202772140502930e-01
6.350494027137756348e-01 7.101191580295562744e-02 -7.692005634307861328e-01
5.845854282379150391e-01 7.403684407472610474e-02 -8.079470396041870117e-01
5.316426753997802734e-01 7.608380913734436035e-02 -8.435444831848144531e-01
4.769215285778045654e-01 7.702524214982986450e-02 -8.755643963813781738e-01
4.212187230587005615e-01 7.678455114364624023e-02 -9.037029147148132324e-01
3.653713464736938477e-01 7.534307241439819336e-02 -9.278078079223632812e-01
3.102005720138549805e-01 7.273900508880615234e-02 -9.478842616081237793e-01
2.564545273780822754e-01 6.906204670667648315e-02 -9.640858173370361328e-01
2.047652751207351685e-01 6.444663554430007935e-02 -9.766871929168701172e-01
1.556229889392852783e-01 5.905630439519882202e-02 -9.860495924949645996e-01
1.093670651316642761e-01 5.307520180940628052e-02 -9.925834536552429199e-01
6.618916988372802734e-02 4.669473320245742798e-02 -9.967138767242431641e-01
2.615298330783843994e-02 4.010597988963127136e-02 -9.988531470298767090e-01
-1.078575011342763901e-02 3.349228203296661377e-02 -9.993807673454284668e-01
-4.475123435258865356e-02 2.702387422323226929e-02 -9.986326098442077637e-01
-7.592749595642089844e-02 2.085340581834316254e-02 -9.968952536582946777e-01
-1.045337542891502380e-01 1.511503010988235474e-02 -9.944065213203430176e-01
-1.308070123195648193e-01 9.920737706124782562e-03 -9.913582205772399902e-01
-1.549876630306243896e-01 5.358202848583459854e-03 -9.879018068313598633e-01
-1.773062050342559814e-01 1.489479443989694118e-03 -9.841545820236206055e-01
-1.979763507843017578e-01 -1.654400024563074112e-03 -9.802054166793823242e-01
-2.171846479177474976e-01 -4.072083160281181335e-03 -9.761220216751098633e-01
-2.350854277610778809e-01 -5.803093314170837402e-03 -9.719573855400085449e-01
-2.517929971218109131e-01 -6.925361230969429016e-03 -9.677563309669494629e-01
-2.673801481723785400e-01 -7.561503443866968155e-03 -9.635614752769470215e-01
-2.818719744682312012e-01 -7.882150821387767792e-03 -9.594196677207946777e-01
-2.952380478382110596e-01 -8.107078261673450470e-03 -9.553893208503723145e-01
-3.073948621749877930e-01 -8.502889424562454224e-03 -9.515440464019775391e-01
-3.181991875171661377e-01 -9.378470480442047119e-03 -9.479775428771972656e-01
-3.274482786655426025e-01 -1.107621286064386368e-02 -9.448041319847106934e-01
-3.348845839500427246e-01 -1.396039407700300217e-02 -9.421557188034057617e-01
-3.401933908462524414e-01 -1.839512027800083160e-02 -9.401755332946777344e-01
-3.430152833461761475e-01 -2.472867071628570557e-02 -9.390042424201965332e-01
-3.429501652717590332e-01 -3.326607123017311096e-02 -9.387643337249755859e-01
-3.395740389823913574e-01 -4.424558207392692566e-02 -9.395380616188049316e-01
-3.324539065361022949e-01 -5.781845375895500183e-02 -9.413455724716186523e-01
-3.211685419082641602e-01 -7.402262836694717407e-02 -9.441246986389160156e-01
-3.053404986858367920e-01 -9.276781231164932251e-02 -9.477136731147766113e-01
-2.846695780754089355e-01 -1.138242334127426147e-01 -9.518442153930664062e-01
-2.589733600616455078e-01 -1.368177384138107300e-01 -9.561452269554138184e-01
-2.282286137342453003e-01 -1.612353324890136719e-01 -9.601640105247497559e-01
-1.926140040159225464e-01 -1.864407658576965332e-01 -9.634001255035400391e-01
-1.525331586599349976e-01 -2.117173373699188232e-01 -9.653545022010803223e-01
-1.086248457431793213e-01 -2.363048791885375977e-01 -9.655882716178894043e-01
-6.173411011695861816e-02 -2.594614028930664062e-01 -9.637783765792846680e-01
-1.286727935075759888e-02 -2.805257737636566162e-01 -9.597602486610412598e-01
3.688140213489532471e-02 -2.989563643932342529e-01 -9.535537362098693848e-01
8.641722798347473145e-02 -3.143792450428009033e-01 -9.453558325767517090e-01
1.347234696149826050e-01 -3.265908658504486084e-01 -9.355148077011108398e-01
1.809217929840087891e-01 -3.355553448200225830e-01 -9.244835972785949707e-01
2.243134528398513794e-01 -3.413734734058380127e-01 -9.127691984176635742e-01
2.643890976905822754e-01 -3.442538082599639893e-01 -9.008815884590148926e-01
3.008195161819458008e-01 -3.444665372371673584e-01 -8.892977237701416016e-01
3.334300518035888672e-01 -3.423156142234802246e-01 -8.784329891204833984e-01
3.621702194213867188e-01 -3.381106257438659668e-01 -8.686276078224182129e-01
3.870817720890045166e-01 -3.321434855461120605e-01 -8.601443767547607422e-01
4.082654118537902832e-01 -3.246791064739227295e-01 -8.531722426414489746e-01
4.258580505847930908e-01 -3.159480690956115723e-01 -8.478335738182067871e-01
4.400130808353424072e-01 -3.061442673206329346e-01 -8.441944122314453125e-01
4.508832991123199463e-01 -2.954266369342803955e-01 -8.422750830650329590e-01
4.586114585399627686e-01 -2.839201390743255615e-01 -8.420598506927490234e-01
4.633227884769439697e-01 -2.717199921607971191e-01 -8.435047864913940430e-01
4.651173353195190430e-01 -2.588947415351867676e-01 -8.465455770492553711e-01
4.640689194202423096e-01 -2.454908937215805054e-01 -8.511018157005310059e-01
4.602205455303192139e-01 -2.315332144498825073e-01 -8.570819497108459473e-01
4.535812437534332275e-01 -2.170312553644180298e-01 -8.643850684165954590e-01
4.441262781620025635e-01 -2.019803822040557861e-01 -8.729008436203002930e-01
4.317928850650787354e-01 -1.863644570112228394e-01 -8.825095891952514648e-01
4.164800345897674561e-01 -1.701585650444030762e-01 -8.930791616439819336e-01
3.980485796928405762e-01 -1.533337682485580444e-01 -9.044590592384338379e-01
3.763223886489868164e-01 -1.358565688133239746e-01 -9.164739251136779785e-01
3.510934412479400635e-01 -1.177005693316459656e-01 -9.289133548736572266e-01
3.221305310726165771e-01 -9.884682297706604004e-02 -9.415206909179687500e-01
2.891975045204162598e-01 -7.929582148790359497e-02 -9.539795517921447754e-01
2.520799338817596436e-01 -5.907750129699707031e-02 -9.659014344215393066e-01
2.106209993362426758e-01 -3.826524317264556885e-02 -9.768186211585998535e-01
1.647753119468688965e-01 -1.698898710310459137e-02 -9.861847758293151855e-01
1.146692335605621338e-01 4.549415316432714462e-03 -9.933933019638061523e-01
6.066704913973808289e-02 2.606905251741409302e-02 -9.978175759315490723e-01
3.419869113713502884e-03 4.721270874142646790e-02 -9.988790154457092285e-01
-5.610804632306098938e-02 6.756293028593063354e-02 -9.961360692977905273e-01
-1.166732534766197205e-01 8.668030798435211182e-02 -9.893805384635925293e-01
-1.768384873867034912e-01 1.041533425450325012e-01 -9.787135720252990723e-01
-2.351172715425491333e-01 1.196523681282997131e-01 -9.645740389823913574e-01
-2.901304066181182861e-01 1.329814791679382324e-01 -9.477027058601379395e-01
-3.407526314258575439e-01 1.440984457731246948e-01 -9.290442466735839844e-01
-3.862020969390869141e-01 1.531167924404144287e-01 -9.096170663833618164e-01
-4.260652363300323486e-01 1.602797508239746094e-01 -8.903812170028686523e-01
-4.602618813514709473e-01 1.659181565046310425e-01 -8.721411228179931641e-01
-4.889809787273406982e-01 1.704079210758209229e-01 -8.554874062538146973e-01
-5.125982761383056641e-01 1.741300225257873535e-01 -8.407863974571228027e-01
-5.315997004508972168e-01 1.774406135082244873e-01 -8.282008171081542969e-01
-5.465283989906311035e-01 1.806535869836807251e-01 -8.177230954170227051e-01
-5.579359531402587891e-01 1.840258687734603882e-01 -8.092230558395385742e-01
-5.663539767265319824e-01 1.877558827400207520e-01 -8.024904131889343262e-01
-5.722861886024475098e-01 1.919860690832138062e-01 -7.972640395164489746e-01
-5.761927366256713867e-01 1.968037188053131104e-01 -7.932655215263366699e-01
-5.784919261932373047e-01 2.022491395473480225e-01 -7.902166843414306641e-01
-5.795596837997436523e-01 2.083225101232528687e-01 -7.878529429435729980e-01
-5.797326564788818359e-01 2.149923741817474365e-01 -7.859315276145935059e-01
-5.793114900588989258e-01 2.222009897232055664e-01 -7.842352390289306641e-01
-5.785604715347290039e-01 2.298759669065475464e-01 -7.825757265090942383e-01
-5.777158141136169434e-01 2.379335761070251465e-01 -7.807893753051757812e-01
-5.769828557968139648e-01 2.462864667177200317e-01 -7.787384986877441406e-01
-5.765392184257507324e-01 2.548508346080780029e-01 -7.763077020645141602e-01
-5.765352249145507812e-01 2.635462284088134766e-01 -7.734019160270690918e-01
-5.770936012268066406e-01 2.723012566566467285e-01 -7.699447870254516602e-01
-5.783103704452514648e-01 2.810546457767486572e-01 -7.658755779266357422e-01
-5.802524685859680176e-01 2.897530496120452881e-01 -7.611505985260009766e-01
-5.829588174819946289e-01 2.983551621437072754e-01 -7.557402253150939941e-01
-5.864403247833251953e-01 3.068215847015380859e-01 -7.496321201324462891e-01
-5.906799435615539551e-01 3.151189088821411133e-01 -7.428305745124816895e-01
-5.956341028213500977e-01 3.232148885726928711e-01 -7.353585362434387207e-01
-6.012346744537353516e-01 3.310740590095520020e-01 -7.272598147392272949e-01
-6.073920130729675293e-01 3.386574387550354004e-01 -7.186000943183898926e-01
-6.139994263648986816e-01 3.459193110466003418e-01 -7.094677686691284180e-01
-6.209387779235839844e-01 3.528136014938354492e-01 -6.999697685241699219e-01
-6.280857920646667480e-01 3.592859506607055664e-01 -6.902331709861755371e-01
-6.353160142898559570e-01 3.652826547622680664e-01 -6.803985238075256348e-01
-6.425096392631530762e-01 3.707498311996459961e-01 -6.706160306930541992e-01
-6.495582461357116699e-01 3.756396472454071045e-01 -6.610361933708190918e-01
-6.563662886619567871e-01 3.799084424972534180e-01 -6.518074274063110352e-01
-6.628564596176147461e-01 3.835233747959136963e-01 -6.430638432502746582e-01
-6.689687371253967285e-01 3.864619433879852295e-01 -6.349236369132995605e-01
-6.746606826782226562e-01 3.887113928794860840e-01 -6.274841427803039551e-01
-6.799075603485107422e-01 3.902715444564819336e-01 -6.208171248435974121e-01
-6.847006082534790039e-01 3.911508321762084961e-01 -6.149683594703674316e-01
-6.890444755554199219e-01 3.913679420948028564e-01 -6.099581718444824219e-01
-6.929549574851989746e-01 3.909465372562408447e-01 -6.057840585708618164e-01
-6.964585781097412109e-01 3.899153769016265869e-01 -6.024213433265686035e-01
-6.995885372161865234e-01 3.883038759231567383e-01 -5.998299121856689453e-01
-7.023845911026000977e-01 3.861438930034637451e-01 -5.979538559913635254e-01
-7.048909664154052734e-01 3.834617137908935547e-01 -5.967291593551635742e-01
-7.071558237075805664e-01 3.802807033061981201e-01 -5.960848927497863770e-01
-7.092298865318298340e-01 3.766171932220458984e-01 -5.959466695785522461e-01
-7.111653089523315430e-01 3.724792003631591797e-01 -5.962408185005187988e-01
-7.130155563354492188e-01 3.678683340549468994e-01 -5.968933105468750000e-01
-7.148354053497314453e-01 3.627755045890808105e-01 -5.978329777717590332e-01
-7.166794538497924805e-01 3.571829199790954590e-01 -5.989915728569030762e-01
-7.186019420623779297e-01 3.510654568672180176e-01 -6.003035902976989746e-01
-7.206565737724304199e-01 3.443923890590667725e-01 -6.017042994499206543e-01
-7.228967547416687012e-01 3.371266126632690430e-01 -6.031301617622375488e-01
-7.253723144531250000e-01 3.292292356491088867e-01 -6.045189499855041504e-01
-7.281324863433837891e-01 3.206622004508972168e-01 -6.058042645454406738e-01
-7.312227487564086914e-01 3.113908171653747559e-01 -6.069175601005554199e-01
-7.346844673156738281e-01 3.013890087604522705e-01 -6.077856421470642090e-01
-7.385553717613220215e-01 2.906400859355926514e-01 -6.083292365074157715e-01
-7.428671717643737793e-01 2.791432440280914307e-01 -6.084631681442260742e-01
-7.476462721824645996e-01 2.669151425361633301e-01 -6.080964803695678711e-01
-7.529123425483703613e-01 2.539926469326019287e-01 -6.071332097053527832e-01
-7.586776018142700195e-01 2.404326051473617554e-01 -6.054754257202148438e-01
-7.649486660957336426e-01 2.263150364160537720e-01 -6.030215620994567871e-01
-7.717235088348388672e-01 2.117387056350708008e-01 -5.996745824813842773e-01
-7.789940237998962402e-01 1.968188732862472534e-01 -5.953406691551208496e-01
-7.867450714111328125e-01 1.816833764314651489e-01 -5.899350047111511230e-01
-7.949556708335876465e-01 1.664654165506362915e-01 -5.833822488784790039e-01
-8.035982847213745117e-01 1.512986123561859131e-01 -5.756200551986694336e-01
-8.126406669616699219e-01 1.363091468811035156e-01 -5.665995478630065918e-01
-8.220449686050415039e-01 1.216072663664817810e-01 -5.562856197357177734e-01
-8.317686915397644043e-01 1.072844713926315308e-01 -5.446566939353942871e-01
-8.417652845382690430e-01 9.340761601924896240e-02 -5.317013263702392578e-01
-8.519832491874694824e-01 8.001277595758438110e-02 -5.174189805984497070e-01
-8.623672723770141602e-01 6.710664927959442139e-02 -5.018161535263061523e-01
-8.728577494621276855e-01 5.466515570878982544e-02 -4.849030971527099609e-01
-8.833909630775451660e-01 4.263409972190856934e-02 -4.666933715343475342e-01
-8.939007520675659180e-01 3.093365952372550964e-02 -4.471963346004486084e-01
-9.043148159980773926e-01 1.945701614022254944e-02 -4.264225363731384277e-01
-9.145584106445312500e-01 8.079157210886478424e-03 -4.043732285499572754e-01
-9.245504140853881836e-01 -3.341752802953124046e-03 -3.810449838638305664e-01
-9.342039823532104492e-01 -1.495744474232196808e-02 -3.564254045486450195e-01
-9.434235095977783203e-01 -2.692831121385097504e-02 -3.304949700832366943e-01
-9.521021842956542969e-01 -3.941680118441581726e-02 -3.032289445400238037e-01
-9.601202011108398438e-01 -5.258291214704513550e-02 -2.745985388755798340e-01
-9.673398733139038086e-01 -6.658272445201873779e-02 -2.445818781852722168e-01
-9.736051559448242188e-01 -8.156329393386840820e-02 -2.131676971912384033e-01
-9.787394404411315918e-01 -9.765470772981643677e-02 -1.803682446479797363e-01
-9.825457334518432617e-01 -1.149711310863494873e-01 -1.462373882532119751e-01
-9.848125576972961426e-01 -1.335994154214859009e-01 -1.108844429254531860e-01
-9.853219985961914062e-01 -1.535958349704742432e-01 -7.449135184288024902e-02
-9.838642477989196777e-01 -1.749768555164337158e-01 -3.733883053064346313e-02
-9.802597761154174805e-01 -1.977139115333557129e-01 1.887065591290593147e-04
-9.743838906288146973e-01 -2.217278629541397095e-01 3.758682683110237122e-02
-9.661961793899536133e-01 -2.468885034322738647e-01 7.423559576272964478e-02
-9.557675719261169434e-01 -2.730133831501007080e-01 1.094168722629547119e-01
-9.432992339134216309e-01 -2.998772263526916504e-01 1.423380970954895020e-01
-9.291285872459411621e-01 -3.272199630737304688e-01 1.721832901239395142e-01
-9.137189984321594238e-01 -3.547582030296325684e-01 1.981519013643264771e-01
-8.976297974586486816e-01 -3.821921050548553467e-01 2.195222824811935425e-01
-8.814725279808044434e-01 -4.092166423797607422e-01 2.356861382722854614e-01
-8.658593297004699707e-01 -4.355197846889495850e-01 2.461910694837570190e-01
-8.513534069061279297e-01 -4.607805907726287842e-01 2.507559955120086670e-01
-8.384246230125427246e-01 -4.846660494804382324e-01 2.492848783731460571e-01
-8.274206519126892090e-01 -5.068313479423522949e-01 2.418616116046905518e-01
-8.185523152351379395e-01 -5.269207358360290527e-01 2.287501692771911621e-01
-8.118939995765686035e-01 -5.445827245712280273e-01 2.103756219148635864e-01
-8.073992133140563965e-01 -5.594838261604309082e-01 1.873081326484680176e-01
-8.049204945564270020e-01 -5.713368654251098633e-01 1.602409929037094116e-01
-8.042380213737487793e-01 -5.799248218536376953e-01 1.299550384283065796e-01
-8.050860166549682617e-01 -5.851262211799621582e-01 9.728192538022994995e-02
-8.071793317794799805e-01 -5.869281291961669922e-01 6.306257843971252441e-02
-8.102310895919799805e-01 -5.854362249374389648e-01 2.810835279524326324e-02
-8.139709234237670898e-01 -5.808653235435485840e-01 -6.839274894446134567e-03
-8.181493878364562988e-01 -5.735327005386352539e-01 -4.113164171576499939e-02
-8.225452899932861328e-01 -5.638332962989807129e-01 -7.423836737871170044e-02
-8.269655704498291016e-01 -5.522187352180480957e-01 -1.057470664381980896e-01
-8.312442898750305176e-01 -5.391741991043090820e-01 -1.353666037321090698e-01
-8.352416157722473145e-01 -5.251957774162292480e-01 -1.629135906696319580e-01
-8.388433456420898438e-01 -5.107662677764892578e-01 -1.883071660995483398e-01
-8.419573307037353516e-01 -4.963443279266357422e-01 -2.115419507026672363e-01
-8.445151448249816895e-01 -4.823427498340606689e-01 -2.326789349317550659e-01
-8.464687466621398926e-01 -4.691224992275238037e-01 -2.518227398395538330e-01
-8.477892279624938965e-01 -4.569853842258453369e-01 -2.691056430339813232e-01
-8.484646677970886230e-01 -4.461698532104492188e-01 -2.846755385398864746e-01
-8.484975695610046387e-01 -4.368542134761810303e-01 -2.986809313297271729e-01
-8.479019403457641602e-01 -4.291563630104064941e-01 -3.112668395042419434e-01
-8.467031717300415039e-01 -4.231407940387725830e-01 -3.225611150264739990e-01
-8.449301123619079590e-01 -4.188288450241088867e-01 -3.326793015003204346e-01
-8.426159024238586426e-01 -4.162035584449768066e-01 -3.417205512523651123e-01
-8.397973775863647461e-01 -4.152171313762664795e-01 -3.497643768787384033e-01
-8.365094065666198730e-01 -4.157985150814056396e-01 -3.568803369998931885e-01
-8.327859640121459961e-01 -4.178603589534759521e-01 -3.631255924701690674e-01
-8.286586999893188477e-01 -4.213039577007293701e-01 -3.685481846332550049e-01
-8.241555094718933105e-01 -4.260204136371612549e-01 -3.731947839260101318e-01
-8.192995786666870117e-01 -4.318981468677520752e-01 -3.771102130413055420e-01
-8.141117691993713379e-01 -4.388197362422943115e-01 -3.803408443927764893e-01
-8.086062073707580566e-01 -4.466670751571655273e-01 -3.829420506954193115e-01
-8.027957677841186523e-01 -4.553174674510955811e-01 -3.849739134311676025e-01
-7.966884374618530273e-01 -4.646472036838531494e-01 -3.865107297897338867e-01
-7.902897596359252930e-01 -4.745298922061920166e-01 -3.876381218433380127e-01
-7.836030125617980957e-01 -4.848363101482391357e-01 -3.884586393833160400e-01
-7.766289710998535156e-01 -4.954341948032379150e-01 -3.890918195247650146e-01
-7.693699598312377930e-01 -5.061869025230407715e-01 -3.896726071834564209e-01
-7.618280649185180664e-01 -5.169540643692016602e-01 -3.903544247150421143e-01
-7.540099024772644043e-01 -5.275896787643432617e-01 -3.913033902645111084e-01
-7.459256052970886230e-01 -5.379440784454345703e-01 -3.926973640918731689e-01
-7.375921607017517090e-01 -5.478629469871520996e-01 -3.947201073169708252e-01
-7.290356159210205078e-01 -5.571874380111694336e-01 -3.975541293621063232e-01
-7.202919721603393555e-01 -5.657589435577392578e-01 -4.013678729534149170e-01
-7.114081382751464844e-01 -5.734192728996276855e-01 -4.063111841678619385e-01
-7.024435400962829590e-01 -5.800144672393798828e-01 -4.125002622604370117e-01
-6.934700608253479004e-01 -5.854009985923767090e-01 -4.200059175491333008e-01
-6.845687031745910645e-01 -5.894521474838256836e-01 -4.288494288921356201e-01
-6.758312582969665527e-01 -5.920647382736206055e-01 -4.389891028404235840e-01
-6.673571467399597168e-01 -5.931661725044250488e-01 -4.503203034400939941e-01
-6.592487692832946777e-01 -5.927225947380065918e-01 -4.626779854297637939e-01
-6.516105532646179199e-01 -5.907446742057800293e-01 -4.758407771587371826e-01
-6.445418596267700195e-01 -5.872920155525207520e-01 -4.895446002483367920e-01
-6.381322145462036133e-01 -5.824757814407348633e-01 -5.034970045089721680e-01
-6.324583292007446289e-01 -5.764554738998413086e-01 -5.173929333686828613e-01
-6.275759935379028320e-01 -5.694352984428405762e-01 -5.309348106384277344e-01
-6.235153675079345703e-01 -5.616581439971923828e-01 -5.438462495803833008e-01
-6.202749013900756836e-01 -5.533964633941650391e-01 -5.558879375457763672e-01
-6.178185343742370605e-01 -5.449445843696594238e-01 -5.668647289276123047e-01
-6.160697937011718750e-01 -5.366098880767822266e-01 -5.766349434852600098e-01
-6.149086952209472656e-01 -5.287064313888549805e-01 -5.851126313209533691e-01
-6.141705513000488281e-01 -5.215476155281066895e-01 -5.922690629959106445e-01
-6.136413812637329102e-01 -5.154414772987365723e-01 -5.981341600418090820e-01
-6.130619645118713379e-01 -5.106837153434753418e-01 -6.027910709381103516e-01
-6.121261715888977051e-01 -5.075500011444091797e-01 -6.063781976699829102e-01
-6.104823350906372070e-01 -5.062896609306335449e-01 -6.090830564498901367e-01
-6.077492833137512207e-01 -5.071081519126892090e-01 -6.111318469047546387e-01
-6.035171747207641602e-01 -5.101591348648071289e-01 -6.127843260765075684e-01
-5.973706841468811035e-01 -5.155235528945922852e-01 -6.143156290054321289e-01
-5.889044404029846191e-01 -5.231960415840148926e-01 -6.160011291503906250e-01
-5.777478814125061035e-01 -5.330698490142822266e-01 -6.180970072746276855e-01
-5.635929107666015625e-01 -5.449319481849670410e-01 -6.208158135414123535e-01
-5.462164878845214844e-01 -5.584638714790344238e-01 -6.243122220039367676e-01
-5.255045890808105469e-01 -5.732551217079162598e-01 -6.286680102348327637e-01
-5.014610886573791504e-01 -5.888278484344482422e-01 -6.338915824890136719e-01
-4.742139577865600586e-01 -6.046732068061828613e-01 -6.399151682853698730e-01
-4.439994990825653076e-01 -6.202853918075561523e-01 -6.466146111488342285e-01
-4.111433327198028564e-01 -6.352009773254394531e-01 -6.538202762603759766e-01
-3.760249912738800049e-01 -6.490243077278137207e-01 -6.613415479660034180e-01
-3.390493690967559814e-01 -6.614441275596618652e-01 -6.689822673797607422e-01
-3.006124794483184814e-01 -6.722385287284851074e-01 -6.765556931495666504e-01
-2.610816657543182373e-01 -6.812703013420104980e-01 -6.838911175727844238e-01
-2.207809984683990479e-01 -6.884685158729553223e-01 -6.908450126647949219e-01
-1.799892038106918335e-01 -6.938192844390869141e-01 -6.972938179969787598e-01
-1.389412283897399902e-01 -6.973456144332885742e-01 -7.031390070915222168e-01
-9.783884137868881226e-02 -6.990948915481567383e-01 -7.083035111427307129e-01
-5.686096474528312683e-02 -6.991310119628906250e-01 -7.127290368080139160e-01
-1.617242395877838135e-02 -6.975277662277221680e-01 -7.163751125335693359e-01
2.406760491430759430e-02 -6.943660378456115723e-01 -7.192193269729614258e-01
6.370081007480621338e-02 -6.897326111793518066e-01 -7.212566137313842773e-01
1.025704219937324524e-01 -6.837221384048461914e-01 -7.224978804588317871e-01
1.405230313539505005e-01 -6.764368414878845215e-01 -7.229706645011901855e-01
1.774110049009323120e-01 -6.679846644401550293e-01 -7.227184176445007324e-01
2.131028771400451660e-01 -6.584817171096801758e-01 -7.217956781387329102e-01
2.474842518568038940e-01 -6.480469107627868652e-01 -7.202686071395874023e-01
2.804656624794006348e-01 -6.367996931076049805e-01 -7.182096838951110840e-01
3.119840919971466064e-01 -6.248582005500793457e-01 -7.156941890716552734e-01
3.420037627220153809e-01 -6.123336553573608398e-01 -7.127979397773742676e-01
3.705134093761444092e-01 -5.993295907974243164e-01 -7.095941305160522461e-01
3.975249230861663818e-01 -5.859391689300537109e-01 -7.061510086059570312e-01
4.230647385120391846e-01 -5.722439289093017578e-01 -7.025334239006042480e-01
4.471710920333862305e-01 -5.583151578903198242e-01 -6.988005638122558594e-01
4.698845148086547852e-01 -5.442124605178833008e-01 -6.950116753578186035e-01
4.912441074848175049e-01 -5.299878716468811035e-01 -6.912249922752380371e-01
5.112806558609008789e-01 -5.156862735748291016e-01 -6.875026226043701172e-01
5.300131440162658691e-01 -5.013468861579895020e-01 -6.839132308959960938e-01
5.474446415901184082e-01 -4.870061576366424561e-01 -6.805360913276672363e-01
5.635603070259094238e-01 -4.726990759372711182e-01 -6.774624586105346680e-01
5.783273577690124512e-01 -4.584592580795288086e-01 -6.747980713844299316e-01
5.916940569877624512e-01 -4.443194866180419922e-01 -6.726650595664978027e-01
6.035916805267333984e-01 -4.303113520145416260e-01 -6.711998581886291504e-01
6.139333844184875488e-01 -4.164650142192840576e-01 -6.705540418624877930e-01
6.226173639297485352e-01 -4.028055369853973389e-01 -6.708913445472717285e-01
6.295253038406372070e-01 -3.893541395664215088e-01 -6.723847985267639160e-01
6.345246434211730957e-01 -3.761218488216400146e-01 -6.752116084098815918e-01
6.374657154083251953e-01 -3.631107211112976074e-01 -6.795498728752136230e-01
6.381821632385253906e-01 -3.503096103668212891e-01 -6.855704188346862793e-01
6.364853382110595703e-01 -3.376912176609039307e-01 -6.934341192245483398e-01
6.321653723716735840e-01 -3.252117931842803955e-01 -7.032811045646667480e-01
6.249829530715942383e-01 -3.128075599670410156e-01 -7.152256369590759277e-01
6.146720051765441895e-01 -3.003939986228942871e-01 -7.293433547019958496e-01
6.009323000907897949e-01 -2.878652513027191162e-01 -7.456633448600769043e-01
5.834343433380126953e-01 -2.750938832759857178e-01 -7.641516327857971191e-01
5.618250370025634766e-01 -2.619334459304809570e-01 -7.846932411193847656e-01
5.357378721237182617e-01 -2.482206672430038452e-01 -8.070758581161499023e-01
5.048152804374694824e-01 -2.337847203016281128e-01 -8.309670090675354004e-01
4.687418639659881592e-01 -2.184530049562454224e-01 -8.558968305587768555e-01
4.272892177104949951e-01 -2.020706832408905029e-01 -8.812441825866699219e-01
3.803748190402984619e-01 -1.845151782035827637e-01 -9.062390327453613281e-01
3.281247317790985107e-01 -1.657196432352066040e-01 -9.299845695495605469e-01
2.709330916404724121e-01 -1.456941813230514526e-01 -9.515085220336914062e-01
2.094993442296981812e-01 -1.245412677526473999e-01 -9.698450565338134766e-01
1.448279470205307007e-01 -1.024618446826934814e-01 -9.841374158859252930e-01
7.817530632019042969e-02 -7.974573969841003418e-02 -9.937450885772705078e-01
1.094997208565473557e-02 -5.674619227647781372e-02 -9.983286261558532715e-01
-5.542503297328948975e-02 -3.384114056825637817e-02 -9.978891611099243164e-01
-1.196468472480773926e-01 -1.139159407466650009e-02 -9.927511811256408691e-01
-1.806486099958419800e-01 1.029583904892206192e-02 -9.834938645362854004e-01
-2.376637160778045654e-01 3.099312074482440948e-02 -9.708529114723205566e-01
-2.902383208274841309e-01 5.055714771151542664e-02 -9.556179642677307129e-01
-3.382059931755065918e-01 6.893017888069152832e-02 -9.385442733764648438e-01
-3.816327154636383057e-01 8.612480759620666504e-02 -9.202929139137268066e-01
-4.207559525966644287e-01 1.022061333060264587e-01 -9.013980031013488770e-01
-4.559226632118225098e-01 1.172781065106391907e-01 -8.822586536407470703e-01
-4.875400066375732422e-01 1.314644515514373779e-01 -8.631465435028076172e-01
-5.160373449325561523e-01 1.449035406112670898e-01 -8.442205786705017090e-01
-5.418381094932556152e-01 1.577362567186355591e-01 -8.255487680435180664e-01
-5.653414726257324219e-01 1.701019853353500366e-01 -8.071271777153015137e-01
-5.869119763374328613e-01 1.821381300687789917e-01 -7.888979911804199219e-01
-6.068733930587768555e-01 1.939787864685058594e-01 -7.707638144493103027e-01
-6.255065202713012695e-01 2.057529836893081665e-01 -7.526003122329711914e-01
-6.430492401123046875e-01 2.175868749618530273e-01 -7.342640161514282227e-01
-6.596957445144653320e-01 2.296037971973419189e-01 -7.156001329421997070e-01
-6.756007075309753418e-01 2.419236004352569580e-01 -6.964457035064697266e-01
-6.908786892890930176e-01 2.546632587909698486e-01 -6.766337752342224121e-01
-7.056076526641845703e-01 2.679338753223419189e-01 -6.559948921203613281e-01
-7.198296189308166504e-01 2.818424999713897705e-01 -6.343581080436706543e-01
-7.335523962974548340e-01 2.964850962162017822e-01 -6.115533113479614258e-01
-7.467490434646606445e-01 3.119460940361022949e-01 -5.874142646789550781e-01
-7.593594789505004883e-01 3.282903134822845459e-01 -5.617817044258117676e-01
-7.712907791137695312e-01 3.455621898174285889e-01 -5.345065593719482422e-01
-7.824196219444274902e-01 3.637750148773193359e-01 -5.054574608802795410e-01
-7.925930023193359375e-01 3.829047977924346924e-01 -4.745316505432128906e-01
-8.016345500946044922e-01 4.028863608837127686e-01 -4.416613280773162842e-01
-8.093502521514892578e-01 4.236036539077758789e-01 -4.068318009376525879e-01
-8.155413866043090820e-01 4.448880553245544434e-01 -3.700903356075286865e-01
-8.200157880783081055e-01 4.665193855762481689e-01 -3.315624594688415527e-01
-8.226087093353271484e-01 4.882259964942932129e-01 -2.914624512195587158e-01
-8.232014775276184082e-01 5.096967220306396484e-01 -2.500970363616943359e-01
-8.217419981956481934e-01 5.305957198143005371e-01 -2.078664004802703857e-01
-8.182617425918579102e-01 5.505802631378173828e-01 -1.652548909187316895e-01
-8.128880262374877930e-01 5.693259835243225098e-01 -1.228048577904701233e-01
-8.058460950851440430e-01 5.865452289581298828e-01 -8.109690994024276733e-02
-7.974525094032287598e-01 6.020069718360900879e-01 -4.070781543850898743e-02
-7.880969047546386719e-01 6.155472993850708008e-01 -2.184549579396843910e-03
-7.782185077667236328e-01 6.270731687545776367e-01 3.398903086781501770e-02
-7.682776451110839844e-01 6.365572810173034668e-01 6.741169840097427368e-02
-7.587261199951171875e-01 6.440292596817016602e-01 9.777992963790893555e-02
-7.499837875366210938e-01 6.495591402053833008e-01 1.248892471194267273e-01
-7.424171566963195801e-01 6.532425284385681152e-01 1.486304104328155518e-01
-7.363258004188537598e-01 6.551861763000488281e-01 1.689836084842681885e-01
-7.320764064788818359e-01 6.553020477294921875e-01 1.861272454261779785e-01
-7.282081246376037598e-01 6.538108587265014648e-01 2.055341452360153198e-01
-7.429392337799072266e-01 6.379279494285583496e-01 2.027046829462051392e-01
-7.012751698493957520e-01 6.922997236251831055e-01 1.701005548238754272e-01
-8.075631856918334961e-01 5.787702798843383789e-01 -1.134313642978668213e-01
-8.343328833580017090e-01 5.490972399711608887e-01 -4.879378899931907654e-02
-7.721415162086486816e-01 6.089400053024291992e-01 -1.816303282976150513e-01
-7.386423945426940918e-01 6.495012640953063965e-01 -1.804316788911819458e-01
-7.353501319885253906e-01 6.565419435501098633e-01 -1.679667979478836060e-01
-7.388697266578674316e-01 6.547468304634094238e-01 -1.593051403760910034e-01
-7.400137782096862793e-01 6.548084616661071777e-01 -1.536405980587005615e-01
-7.396703958511352539e-01 6.558655500411987305e-01 -1.507583111524581909e-01
-7.380080819129943848e-01 6.577751040458679199e-01 -1.505856812000274658e-01
-7.351680397987365723e-01 6.603788137435913086e-01 -1.530614495277404785e-01
-7.312707304954528809e-01 6.635046005249023438e-01 -1.581293791532516479e-01
-7.264210581779479980e-01 6.669666171073913574e-01 -1.657341867685317993e-01
-7.207151055335998535e-01 6.705656051635742188e-01 -1.758165806531906128e-01
-7.142425179481506348e-01 6.740912199020385742e-01 -1.883046478033065796e-01
-7.070950269699096680e-01 6.773214340209960938e-01 -2.031065523624420166e-01
-6.993653774261474609e-01 6.800301074981689453e-01 -2.201070934534072876e-01
-6.911557912826538086e-01 6.819882392883300781e-01 -2.391562908887863159e-01
-6.825782060623168945e-01 6.829727888107299805e-01 -2.600677311420440674e-01
-6.737582683563232422e-01 6.827737092971801758e-01 -2.826125323772430420e-01
-6.648359298706054688e-01 6.812041997909545898e-01 -3.065193295478820801e-01
-6.559649109840393066e-01 6.781111955642700195e-01 -3.314743638038635254e-01
-6.473122239112854004e-01 6.733860969543457031e-01 -3.571247160434722900e-01
-6.390534639358520508e-01 6.669745445251464844e-01 -3.830868303775787354e-01
-6.313706040382385254e-01 6.588829755783081055e-01 -4.089553952217102051e-01
-6.244425177574157715e-01 6.491851806640625000e-01 -4.343158006668090820e-01
-6.184412837028503418e-01 6.380199790000915527e-01 -4.587599337100982666e-01
-6.135236620903015137e-01 6.255927085876464844e-01 -4.818945825099945068e-01
-6.098235845565795898e-01 6.121621131896972656e-01 -5.033614635467529297e-01
-6.074464321136474609e-01 5.980342626571655273e-01 -5.228421092033386230e-01
-6.064633131027221680e-01 5.835430026054382324e-01 -5.400739312171936035e-01
-6.069058179855346680e-01 5.690394043922424316e-01 -5.548508167266845703e-01
-6.087646484375000000e-01 5.548710823059082031e-01 -5.670304894447326660e-01
-6.119883656501770020e-01 5.413693785667419434e-01 -5.765323042869567871e-01
-6.164832711219787598e-01 5.288318395614624023e-01 -5.833398103713989258e-01
-6.221178174018859863e-01 5.175107121467590332e-01 -5.874964594841003418e-01
-6.287252902984619141e-01 5.076058506965637207e-01 -5.891016125679016113e-01
-6.361121535301208496e-01 4.992559552192687988e-01 -5.883067250251770020e-01
-6.440638303756713867e-01 4.925373196601867676e-01 -5.853107571601867676e-01
-6.523543000221252441e-01 4.874646067619323730e-01 -5.803551673889160156e-01
-6.607567667961120605e-01 4.839944243431091309e-01 -5.737158060073852539e-01
-6.690528988838195801e-01 4.820347428321838379e-01 -5.656948685646057129e-01
-6.770430803298950195e-01 4.814510941505432129e-01 -5.566124916076660156e-01
-6.845535635948181152e-01 4.820798635482788086e-01 -5.467956662178039551e-01
-6.914424300193786621e-01 4.837394654750823975e-01 -5.365664958953857422e-01
-6.976035237312316895e-01 4.862380623817443848e-01 -5.262336134910583496e-01
-7.029660940170288086e-01 4.893883168697357178e-01 -5.160793066024780273e-01
-7.074923515319824219e-01 4.930120408535003662e-01 -5.063533782958984375e-01
-7.111756205558776855e-01 4.969477355480194092e-01 -4.972647726535797119e-01
-7.140319943428039551e-01 5.010534524917602539e-01 -4.889823496341705322e-01
-7.160985469818115234e-01 5.052078962326049805e-01 -4.816304147243499756e-01
-7.174246311187744141e-01 5.093123316764831543e-01 -4.752924144268035889e-01
-7.180680036544799805e-01 5.132882595062255859e-01 -4.700143933296203613e-01
-7.180925011634826660e-01 5.170751214027404785e-01 -4.658072888851165771e-01
-7.175621390342712402e-01 5.206285119056701660e-01 -4.626559615135192871e-01
-7.165413498878479004e-01 5.239175558090209961e-01 -4.605202376842498779e-01
-7.150922417640686035e-01 5.269219279289245605e-01 -4.593434035778045654e-01
-7.132742404937744141e-01 5.296300649642944336e-01 -4.590553343296051025e-01
-7.111448645591735840e-01 5.320379734039306641e-01 -4.595744609832763672e-01
-7.087572216987609863e-01 5.341469645500183105e-01 -4.608147144317626953e-01
-7.061631083488464355e-01 5.359646677970886230e-01 -4.626831114292144775e-01
-7.034116983413696289e-01 5.375000238418579102e-01 -4.650867283344268799e-01
-7.005503177642822266e-01 5.387667417526245117e-01 -4.679313600063323975e-01
-6.976242661476135254e-01 5.397816896438598633e-01 -4.711220562458038330e-01
-6.946786046028137207e-01 5.405647158622741699e-01 -4.745644629001617432e-01
-6.917563080787658691e-01 5.411370992660522461e-01 -4.781671762466430664e-01
-6.888990998268127441e-01 5.415244698524475098e-01 -4.818393290042877197e-01
-6.861479878425598145e-01 5.417554378509521484e-01 -4.854914546012878418e-01
-6.835427284240722656e-01 5.418595075607299805e-01 -4.890373647212982178e-01
-6.811211109161376953e-01 5.418708920478820801e-01 -4.923919439315795898e-01
-6.789200305938720703e-01 5.418245196342468262e-01 -4.954733848571777344e-01
-6.769738793373107910e-01 5.417556762695312500e-01 -4.982038438320159912e-01
-6.753137111663818359e-01 5.417011380195617676e-01 -5.005111098289489746e-01
-6.739679574966430664e-01 5.416949391365051270e-01 -5.023282170295715332e-01
-6.729599237442016602e-01 5.417693257331848145e-01 -5.035980343818664551e-01
-6.723085045814514160e-01 5.419510006904602051e-01 -5.042722225189208984e-01
-6.720256805419921875e-01 5.422611832618713379e-01 -5.043158531188964844e-01
-6.721165180206298828e-01 5.427127480506896973e-01 -5.037084221839904785e-01
-6.725781559944152832e-01 5.433101654052734375e-01 -5.024467110633850098e-01
-6.733994483947753906e-01 5.440480113029479980e-01 -5.005446672439575195e-01
-6.745601892471313477e-01 5.449110269546508789e-01 -4.980367422103881836e-01
-6.760319471359252930e-01 5.458721518516540527e-01 -4.949791729450225830e-01
-6.777781844139099121e-01 5.468965768814086914e-01 -4.914476871490478516e-01
-6.797549128532409668e-01 5.479391217231750488e-01 -4.875408113002777100e-01
-6.819115877151489258e-01 5.489479303359985352e-01 -4.833763241767883301e-01
-6.841929554939270020e-01 5.498650670051574707e-01 -4.790911972522735596e-01
-6.865404844284057617e-01 5.506277680397033691e-01 -4.748381078243255615e-01
-6.888921856880187988e-01 5.511699318885803223e-01 -4.707858860492706299e-01
-6.911852955818176270e-01 5.514259934425354004e-01 -4.671105444431304932e-01
-6.933563351631164551e-01 5.513291358947753906e-01 -4.639968872070312500e-01
-6.953411102294921875e-01 5.508145689964294434e-01 -4.616319835186004639e-01
-6.970736384391784668e-01 5.498204231262207031e-01 -4.602018594741821289e-01
-6.984879374504089355e-01 5.482858419418334961e-01 -4.598883092403411865e-01
-6.995131969451904297e-01 5.461544394493103027e-01 -4.608651399612426758e-01
-7.000750899314880371e-01 5.433710217475891113e-01 -4.632956087589263916e-01
-7.000924944877624512e-01 5.398836135864257812e-01 -4.673286974430084229e-01
-6.994745731353759766e-01 5.356428623199462891e-01 -4.730983078479766846e-01
-6.981189846992492676e-01 5.306001305580139160e-01 -4.807218611240386963e-01
-6.959097385406494141e-01 5.247089862823486328e-01 -4.902959167957305908e-01
-6.927132010459899902e-01 5.179248452186584473e-01 -5.018986463546752930e-01
-6.883773803710937500e-01 5.102040767669677734e-01 -5.155854225158691406e-01
-6.827276349067687988e-01 5.015057921409606934e-01 -5.313896536827087402e-01
-6.755659580230712891e-01 4.917916953563690186e-01 -5.493191480636596680e-01
-6.666697859764099121e-01 4.810274541378021240e-01 -5.693539977073669434e-01
-6.557893157005310059e-01 4.691834151744842529e-01 -5.914450883865356445e-01
-6.426495909690856934e-01 4.562361538410186768e-01 -6.155080199241638184e-01
-6.269522309303283691e-01 4.421694278717041016e-01 -6.414179801940917969e-01
-6.083750724792480469e-01 4.269764423370361328e-01 -6.690074205398559570e-01
-5.865825414657592773e-01 4.106603264808654785e-01 -6.980537176132202148e-01
-5.612318515777587891e-01 3.932367861270904541e-01 -7.282744646072387695e-01
-5.319875478744506836e-01 3.747359216213226318e-01 -7.593169212341308594e-01
-4.985423088073730469e-01 3.552071750164031982e-01 -7.907486557960510254e-01
-4.606404304504394531e-01 3.347234427928924561e-01 -8.220527172088623047e-01
-4.181127250194549561e-01 3.133850097656250000e-01 -8.526262044906616211e-01
-3.709137737751007080e-01 2.913323640823364258e-01 -8.817871212959289551e-01
-3.191607296466827393e-01 2.687464654445648193e-01 -9.087969064712524414e-01
-2.631700038909912109e-01 2.458608448505401611e-01 -9.328954815864562988e-01
-2.034750133752822876e-01 2.229568362236022949e-01 -9.533562660217285156e-01
-1.408237069845199585e-01 2.003618925809860229e-01 -9.695482254028320312e-01
-7.614895701408386230e-02 1.784350425004959106e-01 -9.810006618499755859e-01
-1.050424948334693909e-02 1.575482040643692017e-01 -9.874553680419921875e-01
5.501880124211311340e-02 1.380602121353149414e-01 -9.888944625854492188e-01
1.193772777915000916e-01 1.202913448214530945e-01 -9.855349659919738770e-01
1.816622763872146606e-01 1.045048013329505920e-01 -9.777922034263610840e-01
2.411510497331619263e-01 9.089273959398269653e-02 -9.662218689918518066e-01
2.973339259624481201e-01 7.957347482442855835e-02 -9.514518380165100098e-01
3.499141335487365723e-01 7.059649378061294556e-02 -9.341178536415100098e-01
3.987780511379241943e-01 6.395188719034194946e-02 -9.148148894309997559e-01
4.439615607261657715e-01 5.958333984017372131e-02 -8.940626382827758789e-01
4.856044054031372070e-01 5.739890784025192261e-02 -8.722922205924987793e-01
5.239126086235046387e-01 5.728421732783317566e-02 -8.498435020446777344e-01
5.591217875480651855e-01 5.910673737525939941e-02 -8.269759416580200195e-01
5.914727449417114258e-01 6.272403895854949951e-02 -8.038816452026367188e-01
6.211911439895629883e-01 6.798632442951202393e-02 -7.807044982910156250e-01
6.484767794609069824e-01 7.473668456077575684e-02 -7.575569152832031250e-01
6.734960079193115234e-01 8.281248062849044800e-02 -7.345373630523681641e-01
6.963815689086914062e-01 9.204619377851486206e-02 -7.117444872856140137e-01
7.172341346740722656e-01 1.022640913724899292e-01 -6.892875432968139648e-01
7.361256480216979980e-01 1.132904887199401855e-01 -6.672961711883544922e-01
7.531073689460754395e-01 1.249467283487319946e-01 -6.459237933158874512e-01
7.682158946990966797e-01 1.370565444231033325e-01 -6.253478527069091797e-01
7.814770340919494629e-01 1.494477689266204834e-01 -6.057714223861694336e-01
7.929149270057678223e-01 1.619591414928436279e-01 -5.874139070510864258e-01
8.025530576705932617e-01 1.744426786899566650e-01 -5.705071687698364258e-01
8.104153275489807129e-01 1.867693364620208740e-01 -5.552875399589538574e-01
8.165266513824462891e-01 1.988300532102584839e-01 -5.419877767562866211e-01
8.209109306335449219e-01 2.105400413274765015e-01 -5.308278203010559082e-01
8.235860466957092285e-01 2.218406945466995239e-01 -5.220083594322204590e-01
8.245595693588256836e-01 2.326966971158981323e-01 -5.157070755958557129e-01
8.238241672515869141e-01 2.430978715419769287e-01 -5.120714306831359863e-01
8.213524222373962402e-01 2.530570328235626221e-01 -5.112166404724121094e-01
8.170913457870483398e-01 2.626074254512786865e-01 -5.132241845130920410e-01
8.109614253044128418e-01 2.718014121055603027e-01 -5.181365013122558594e-01
8.028517365455627441e-01 2.807056903839111328e-01 -5.259595513343811035e-01
7.926205992698669434e-01 2.893999516963958740e-01 -5.366565585136413574e-01
7.800943255424499512e-01 2.979733645915985107e-01 -5.501497387886047363e-01
7.650717496871948242e-01 3.065212368965148926e-01 -5.663126111030578613e-01
7.473259568214416504e-01 3.151392340660095215e-01 -5.849711298942565918e-01
7.266116142272949219e-01 3.239215016365051270e-01 -6.058964133262634277e-01
7.026745676994323730e-01 3.329522013664245605e-01 -6.288015246391296387e-01
6.752613782882690430e-01 3.423011302947998047e-01 -6.533390879631042480e-01
6.441382765769958496e-01 3.520149290561676025e-01 -6.790961027145385742e-01
6.091076135635375977e-01 3.621109127998352051e-01 -7.055944800376892090e-01
5.700315237045288086e-01 3.725677728652954102e-01 -7.322959303855895996e-01
5.268574357032775879e-01 3.833219707012176514e-01 -7.586076259613037109e-01
4.796451330184936523e-01 3.942635953426361084e-01 -7.838984131813049316e-01
4.285888075828552246e-01 4.052334725856781006e-01 -8.075255155563354492e-01
3.740353584289550781e-01 4.160357713699340820e-01 -8.288617730140686035e-01
3.164933323860168457e-01 4.264439642429351807e-01 -8.473355770111083984e-01
2.566213309764862061e-01 4.362182021141052246e-01 -8.624727129936218262e-01
1.952032744884490967e-01 4.451278746128082275e-01 -8.739318251609802246e-01
1.331068128347396851e-01 4.529711306095123291e-01 -8.815325498580932617e-01
7.123015075922012329e-02 4.595927596092224121e-01 -8.852687478065490723e-01
1.044263597577810287e-02 4.648982584476470947e-01 -8.853024840354919434e-01
-4.846475645899772644e-02 4.688591957092285156e-01 -8.819422721862792969e-01
-1.048224940896034241e-01 4.715095162391662598e-01 -8.756089210510253906e-01
-1.581062525510787964e-01 4.729405045509338379e-01 -8.667928576469421387e-01
-2.079398483037948608e-01 4.732843041419982910e-01 -8.560158014297485352e-01
-2.540919184684753418e-01 4.727040827274322510e-01 -8.437939286231994629e-01
-2.964568436145782471e-01 4.713772535324096680e-01 -8.306123614311218262e-01
-3.350294232368469238e-01 4.694859683513641357e-01 -8.169076442718505859e-01
-3.698803484439849854e-01 4.672042727470397949e-01 -8.030620813369750977e-01
-4.011345505714416504e-01 4.646924138069152832e-01 -7.893997430801391602e-01
-4.289494752883911133e-01 4.620920121669769287e-01 -7.761914730072021484e-01
-4.535032212734222412e-01 4.595231413841247559e-01 -7.636578679084777832e-01
-4.749840497970581055e-01 4.570793807506561279e-01 -7.519764304161071777e-01
-4.935845136642456055e-01 4.548301696777343750e-01 -7.412852644920349121e-01
-5.095021128654479980e-01 4.528222680091857910e-01 -7.316827178001403809e-01
-5.229423046112060547e-01 4.510788321495056152e-01 -7.232283353805541992e-01
-5.341175198554992676e-01 4.496082365512847900e-01 -7.159405946731567383e-01
-5.432573556900024414e-01 4.484026134014129639e-01 -7.097933888435363770e-01
-5.506094098091125488e-01 4.474458694458007812e-01 -7.047137618064880371e-01
-5.564411878585815430e-01 4.467250406742095947e-01 -7.005782723426818848e-01
-5.610392093658447266e-01 4.462276995182037354e-01 -6.972201466560363770e-01
-5.647034049034118652e-01 4.459538459777832031e-01 -6.944316029548645020e-01
-5.677394270896911621e-01 4.459154307842254639e-01 -6.919764876365661621e-01
-5.704450607299804688e-01 4.461393058300018311e-01 -6.896027922630310059e-01
-5.730981826782226562e-01 4.466657340526580811e-01 -6.870576143264770508e-01
-5.759460926055908203e-01 4.475433230400085449e-01 -6.840987205505371094e-01
-5.791912078857421875e-01 4.488280713558197021e-01 -6.805077791213989258e-01
-5.829890966415405273e-01 4.505704343318939209e-01 -6.760991215705871582e-01
-5.874427556991577148e-01 4.528201222419738770e-01 -6.707196235656738281e-01
-5.926036834716796875e-01 4.556122720241546631e-01 -6.642576456069946289e-01
-5.984763503074645996e-01 4.589695930480957031e-01 -6.566376090049743652e-01
-6.050230264663696289e-01 4.628994464874267578e-01 -6.478203535079956055e-01
-6.121729016304016113e-01 4.673933088779449463e-01 -6.377991437911987305e-01
-6.198300123214721680e-01 4.724305868148803711e-01 -6.265940666198730469e-01
-6.278803944587707520e-01 4.779742658138275146e-01 -6.142531037330627441e-01
-6.362000703811645508e-01 4.839788079261779785e-01 -6.008443832397460938e-01
-6.446613073348999023e-01 4.903896749019622803e-01 -5.864552259445190430e-01
-6.531391739845275879e-01 4.971462190151214600e-01 -5.711871981620788574e-01
-6.615163087844848633e-01 5.041874051094055176e-01 -5.551497936248779297e-01
-6.696870923042297363e-01 5.114478468894958496e-01 -5.384610295295715332e-01
-6.775578856468200684e-01 5.188669562339782715e-01 -5.212412476539611816e-01
-6.850534081459045410e-01 5.263839960098266602e-01 -5.036087632179260254e-01
-6.921135187149047852e-01 5.339435338973999023e-01 -4.856779873371124268e-01
-6.986968517303466797e-01 5.414952039718627930e-01 -4.675529301166534424e-01
-7.047777175903320312e-01 5.489902496337890625e-01 -4.493305981159210205e-01
-7.103473544120788574e-01 5.563858151435852051e-01 -4.310932457447052002e-01
-7.154123783111572266e-01 5.636408329010009766e-01 -4.129093587398529053e-01
-7.199932932853698730e-01 5.707143545150756836e-01 -3.948352038860321045e-01
-7.241227030754089355e-01 5.775681734085083008e-01 -3.769101500511169434e-01
-7.278452515602111816e-01 5.841611027717590332e-01 -3.591615557670593262e-01
-7.312132120132446289e-01 5.904525518417358398e-01 -3.416036367416381836e-01
-7.342874407768249512e-01 5.963981747627258301e-01 -3.242393136024475098e-01
-7.371326088905334473e-01 6.019560098648071289e-01 -3.070578277111053467e-01
-7.398173809051513672e-01 6.070811152458190918e-01 -2.900393009185791016e-01
-7.424102425575256348e-01 6.117305159568786621e-01 -2.731532752513885498e-01
-7.449778914451599121e-01 6.158636808395385742e-01 -2.563589811325073242e-01
-7.475814223289489746e-01 6.194450259208679199e-01 -2.396035492420196533e-01
-7.502745985984802246e-01 6.224445700645446777e-01 -2.228243201971054077e-01
-7.531002163887023926e-01 6.248409152030944824e-01 -2.059465348720550537e-01
-7.560877799987792969e-01 6.266212463378906250e-01 -1.888840794563293457e-01
-7.592511177062988281e-01 6.277837753295898438e-01 -1.715378463268280029e-01
-7.625875473022460938e-01 6.283364892005920410e-01 -1.537968218326568604e-01
-7.660745978355407715e-01 6.282985806465148926e-01 -1.355386674404144287e-01
-7.696703672409057617e-01 6.276981830596923828e-01 -1.166301965713500977e-01
-7.733142375946044922e-01 6.265700459480285645e-01 -9.692826867103576660e-02
-7.769254446029663086e-01 6.249544024467468262e-01 -7.628157734870910645e-02
-7.804045081138610840e-01 6.228923201560974121e-01 -5.453414842486381531e-02
-7.836335301399230957e-01 6.204230189323425293e-01 -3.152477741241455078e-02
-7.864777445793151855e-01 6.175779104232788086e-01 -7.095724344253540039e-03
-7.887868881225585938e-01 6.143758893013000488e-01 1.890574954450130463e-02
-7.903968095779418945e-01 6.108188033103942871e-01 4.661752283573150635e-02
-7.911304235458374023e-01 6.068881154060363770e-01 7.615506649017333984e-02
-7.908040285110473633e-01 6.025378108024597168e-01 1.075973361730575562e-01
-7.892310619354248047e-01 5.976950526237487793e-01 1.409786045551300049e-01
-7.862303853034973145e-01 5.922594070434570312e-01 1.762685626745223999e-01
-7.816391587257385254e-01 5.861035585403442383e-01 2.133610248565673828e-01
-7.753248810768127441e-01 5.790825486183166504e-01 2.520609796047210693e-01
-7.672055363655090332e-01 5.710396766662597656e-01 2.920777201652526855e-01
-7.572655081748962402e-01 5.618224143981933594e-01 3.330234587192535400e-01
-7.455743551254272461e-01 5.512963533401489258e-01 3.744212090969085693e-01
-7.322994470596313477e-01 5.393594503402709961e-01 4.157271087169647217e-01
-7.177121043205261230e-01 5.259534716606140137e-01 4.563575685024261475e-01
-7.021845579147338867e-01 5.110738873481750488e-01 4.957221150398254395e-01
-6.861743927001953125e-01 4.947687685489654541e-01 5.332622528076171875e-01
-6.702053546905517578e-01 4.771370291709899902e-01 5.684761404991149902e-01
-6.548410654067993164e-01 4.583146572113037109e-01 6.009416580200195312e-01
-6.406563520431518555e-01 4.384661614894866943e-01 6.303228735923767090e-01
-6.282171010971069336e-01 4.177741408348083496e-01 6.563597917556762695e-01
-6.180623769760131836e-01 3.964279890060424805e-01 6.788546442985534668e-01
-6.106930971145629883e-01 3.746294677257537842e-01 6.976436972618103027e-01
-6.065663695335388184e-01 3.525960743427276611e-01 7.125680446624755859e-01
-6.060900688171386719e-01 3.305772840976715088e-01 7.234455943107604980e-01
-6.096135377883911133e-01 3.088738620281219482e-01 7.300468087196350098e-01
-6.174013018608093262e-01 2.878698408603668213e-01 7.320837378501892090e-01
-6.295983791351318359e-01 2.680521607398986816e-01 7.292145490646362305e-01
-6.461694836616516113e-01 2.500259578227996826e-01 7.210769653320312500e-01
-6.668183207511901855e-01 2.345055490732192993e-01 7.073615789413452148e-01
-6.909090876579284668e-01 2.222564816474914551e-01 6.879292726516723633e-01
-7.174238562583923340e-01 2.139924317598342896e-01 6.629557013511657715e-01
-7.450019121170043945e-01 2.102164477109909058e-01 6.330727934837341309e-01
-7.720845341682434082e-01 2.110631614923477173e-01 5.994479060173034668e-01
-7.971872091293334961e-01 2.161898910999298096e-01 5.636971592903137207e-01
-8.191694021224975586e-01 2.247840315103530884e-01 5.276681184768676758e-01
-8.374192118644714355e-01 2.357126921415328979e-01 4.931213259696960449e-01
-8.518814444541931152e-01 2.477390319108963013e-01 4.614360928535461426e-01
-8.629248142242431641e-01 2.597422599792480469e-01 4.334683120250701904e-01
-8.711475729942321777e-01 2.708662748336791992e-01 4.095526039600372314e-01
-8.771914839744567871e-01 2.805687487125396729e-01 3.896359801292419434e-01
-8.816212415695190430e-01 2.886005640029907227e-01 3.734350204467773438e-01
-8.848671913146972656e-01 2.949433326721191406e-01 3.605810403823852539e-01
-8.872157335281372070e-01 2.997391819953918457e-01 3.507201969623565674e-01
-8.888311386108398438e-01 3.032250404357910156e-01 3.435605168342590332e-01
-8.897778987884521484e-01 3.056783080101013184e-01 3.389041423797607422e-01
-8.900490999221801758e-01 3.073869645595550537e-01 3.366391360759735107e-01
-8.895894289016723633e-01 3.086205422878265381e-01 3.367255330085754395e-01
-8.883088231086730957e-01 3.096158802509307861e-01 3.391833901405334473e-01
-8.860955238342285156e-01 3.105681538581848145e-01 3.440670371055603027e-01
-8.828205466270446777e-01 3.116252422332763672e-01 3.514506518840789795e-01
-8.783450126647949219e-01 3.128804266452789307e-01 3.614082932472229004e-01
-8.725213408470153809e-01 3.143772184848785400e-01 3.739965260028839111e-01
-8.652002811431884766e-01 3.161003589630126953e-01 3.892417550086975098e-01
-8.562374114990234375e-01 3.179825544357299805e-01 4.071173667907714844e-01
-8.455035686492919922e-01 3.199003338813781738e-01 4.275364875793457031e-01
-8.328984975814819336e-01 3.216771781444549561e-01 4.503376185894012451e-01
-8.183652162551879883e-01 3.230952024459838867e-01 4.752765297889709473e-01
-8.019135594367980957e-01 3.238953948020935059e-01 5.020223855972290039e-01
-7.836287021636962891e-01 3.237980604171752930e-01 5.301705598831176758e-01
-7.636917233467102051e-01 3.225105404853820801e-01 5.592512488365173340e-01
-7.423782944679260254e-01 3.197474479675292969e-01 5.887579917907714844e-01
-7.200568318367004395e-01 3.152453303337097168e-01 6.181736588478088379e-01
-6.971693038940429688e-01 3.087713122367858887e-01 6.470047831535339355e-01
-6.742070913314819336e-01 3.001349270343780518e-01 6.748064756393432617e-01
-6.516766548156738281e-01 2.891837954521179199e-01 7.012062668800354004e-01
-6.300643682479858398e-01 2.758037745952606201e-01 7.259140014648437500e-01
-6.098080873489379883e-01 2.599080502986907959e-01 7.487202286720275879e-01
-5.912663936614990234e-01 2.414290308952331543e-01 7.694907188415527344e-01
-5.747076869010925293e-01 2.203106582164764404e-01 7.881461381912231445e-01
-5.602959394454956055e-01 1.965053975582122803e-01 8.046453595161437988e-01
-5.480900406837463379e-01 1.699753701686859131e-01 8.189663290977478027e-01
-5.380461215972900391e-01 1.407038122415542603e-01 8.310889601707458496e-01
-5.300223827362060547e-01 1.087138950824737549e-01 8.409860134124755859e-01
-5.237900018692016602e-01 7.409483194351196289e-02 8.486188054084777832e-01
-5.190491676330566406e-01 3.703509271144866943e-02 8.539416193962097168e-01
-5.154448151588439941e-01 -2.139183459803462029e-03 8.569201231002807617e-01
-5.126048326492309570e-01 -4.293731227517127991e-02 8.575503826141357422e-01
-5.101680755615234375e-01 -8.468315750360488892e-02 8.558955788612365723e-01
-5.078337788581848145e-01 -1.265223324298858643e-01 8.521132469177246094e-01
-5.054040551185607910e-01 -1.674649417400360107e-01 8.464763760566711426e-01
-5.028176903724670410e-01 -2.064592391252517700e-01 8.393741250038146973e-01
-5.001637339591979980e-01 -2.424918711185455322e-01 8.312845230102539062e-01
-4.976744055747985840e-01 -2.746937572956085205e-01 8.227171301841735840e-01
-4.956747293472290039e-01 -3.024346232414245605e-01 8.141497373580932617e-01
-4.945362210273742676e-01 -3.253789842128753662e-01 8.059544563293457031e-01
-4.946046769618988037e-01 -3.434980809688568115e-01 7.983579039573669434e-01
-4.961461424827575684e-01 -3.570500612258911133e-01 7.914255261421203613e-01
-4.993098676204681396e-01 -3.665194511413574219e-01 7.850816249847412109e-01
-5.041098594665527344e-01 -3.725434243679046631e-01 7.791563272476196289e-01
-5.104306936264038086e-01 -3.758396208286285400e-01 7.734371423721313477e-01
-5.180441737174987793e-01 -3.771307170391082764e-01 7.677256464958190918e-01
-5.266351103782653809e-01 -3.770938217639923096e-01 7.618764042854309082e-01
-5.358349084854125977e-01 -3.763181865215301514e-01 7.558211088180541992e-01
-5.452485084533691406e-01 -3.752828538417816162e-01 7.495778203010559082e-01
-5.544751286506652832e-01 -3.743537664413452148e-01 7.432473897933959961e-01
-5.631284713745117188e-01 -3.737818598747253418e-01 7.370030879974365234e-01
-5.708498358726501465e-01 -3.737193346023559570e-01 7.310706377029418945e-01
-5.773139595985412598e-01 -3.742305636405944824e-01 7.257134318351745605e-01
-5.822337269783020020e-01 -3.753091692924499512e-01 7.212120294570922852e-01
-5.853614211082458496e-01 -3.768908679485321045e-01 7.178476452827453613e-01
-5.864884257316589355e-01 -3.788630664348602295e-01 7.158870100975036621e-01
-5.854448676109313965e-01 -3.810792565345764160e-01 7.155646681785583496e-01
-5.820974111557006836e-01 -3.833657801151275635e-01 7.170726656913757324e-01
-5.763520598411560059e-01 -3.855276703834533691e-01 7.205461263656616211e-01
-5.681570768356323242e-01 -3.873652219772338867e-01 7.260479927062988281e-01
-5.575056672096252441e-01 -3.886728584766387939e-01 7.335671782493591309e-01
-5.444443821907043457e-01 -3.892607390880584717e-01 7.430049180984497070e-01
-5.290762186050415039e-01 -3.889609277248382568e-01 7.541801333427429199e-01
-5.115706920623779297e-01 -3.876455128192901611e-01 7.668287754058837891e-01
-4.921596050262451172e-01 -3.852338492870330811e-01 7.806239128112792969e-01
-4.711414575576782227e-01 -3.817117214202880859e-01 7.951866388320922852e-01
-4.488648772239685059e-01 -3.771347403526306152e-01 8.101171255111694336e-01
-4.257172644138336182e-01 -3.716275393962860107e-01 8.250198364257812500e-01
-4.020996093750000000e-01 -3.653867244720458984e-01 8.395286798477172852e-01
-3.784000277519226074e-01 -3.586694002151489258e-01 8.533285856246948242e-01
-3.549631834030151367e-01 -3.517804145812988281e-01 8.661707043647766113e-01
-3.320688903331756592e-01 -3.450621366500854492e-01 8.778738379478454590e-01
-3.099038302898406982e-01 -3.388811945915222168e-01 8.883237838745117188e-01
-2.885486781597137451e-01 -3.336221575736999512e-01 8.974608778953552246e-01
-2.679622769355773926e-01 -3.296835422515869141e-01 9.052651524543762207e-01
-2.479728162288665771e-01 -3.274821639060974121e-01 9.117373824119567871e-01
-2.282673865556716919e-01 -3.274568021297454834e-01 9.168784618377685547e-01
-2.083841264247894287e-01 -3.300810456275939941e-01 9.206641912460327148e-01
-1.876990199089050293e-01 -3.358744084835052490e-01 9.230154752731323242e-01
-1.654068976640701294e-01 -3.454141914844512939e-01 9.237583875656127930e-01
-1.405047178268432617e-01 -3.593379855155944824e-01 9.225695729255676270e-01
-1.117712557315826416e-01 -3.783262073993682861e-01 9.188995361328125000e-01
-7.777169346809387207e-02 -4.030520617961883545e-01 9.118665456771850586e-01
-3.690068796277046204e-02 -4.340623915195465088e-01 9.001267552375793457e-01
1.246917340904474258e-02 -4.715560972690582275e-01 8.817479014396667480e-01
7.166019827127456665e-02 -5.150312781333923340e-01 8.541706800460815430e-01
1.411237120628356934e-01 -5.628312826156616211e-01 8.144353628158569336e-01
2.196866273880004883e-01 -6.117941141128540039e-01 7.598984837532043457e-01
3.039672672748565674e-01 -6.574020385742187500e-01 6.895117759704589844e-01
3.885920047760009766e-01 -6.948198080062866211e-01 6.051625013351440430e-01
4.675862193107604980e-01 -7.205630540847778320e-01 5.120078325271606445e-01
5.363192558288574219e-01 -7.337458133697509766e-01 4.171076714992523193e-01
5.927112698554992676e-01 -7.360011935234069824e-01 3.271017670631408691e-01
6.370880603790283203e-01 -7.303133010864257812e-01 2.464978694915771484e-01
6.712030768394470215e-01 -7.197554707527160645e-01 1.773089915513992310e-01
6.972507834434509277e-01 -7.067726254463195801e-01 1.196400597691535950e-01
7.172717452049255371e-01 -6.930104494094848633e-01 7.251082360744476318e-02
7.329213023185729980e-01 -6.794380545616149902e-01 3.450129181146621704e-02
7.454527616500854492e-01 -6.665456295013427734e-01 4.136681556701660156e-03
7.557818889617919922e-01 -6.545202136039733887e-01 -1.992653682827949524e-02
7.645702958106994629e-01 -6.433696150779724121e-01 -3.883175551891326904e-02
7.722958326339721680e-01 -6.330047845840454102e-01 -5.351713299751281738e-02
7.793079614639282227e-01 -6.232883930206298828e-01 -6.473459303379058838e-02
7.858678698539733887e-01 -6.140615940093994141e-01 -7.307533174753189087e-02
7.921735048294067383e-01 -6.051614880561828613e-01 -7.899823039770126343e-02
7.983797192573547363e-01 -5.964266061782836914e-01 -8.285605907440185547e-02
8.046105504035949707e-01 -5.877005457878112793e-01 -8.491116017103195190e-02
8.109662532806396484e-01 -5.788331627845764160e-01 -8.535747975111007690e-02
8.175290226936340332e-01 -5.696794986724853516e-01 -8.432988822460174561e-02
8.243663907051086426e-01 -5.600976347923278809e-01 -8.191893249750137329e-02
8.315312266349792480e-01 -5.499492287635803223e-01 -7.817802578210830688e-02
8.390644192695617676e-01 -5.390943288803100586e-01 -7.313080877065658569e-02
8.469929695129394531e-01 -5.273930430412292480e-01 -6.677983701229095459e-02
8.553296327590942383e-01 -5.147010684013366699e-01 -5.911029130220413208e-02
8.640718460083007812e-01 -5.008696317672729492e-01 -5.009410157799720764e-02
8.731985092163085938e-01 -4.857452511787414551e-01 -3.969941660761833191e-02
8.826684355735778809e-01 -4.691679477691650391e-01 -2.788921445608139038e-02
8.924178481101989746e-01 -4.509726464748382568e-01 -1.462993305176496506e-02
9.023559689521789551e-01 -4.309915602207183838e-01 1.064451280399225652e-04
9.123624563217163086e-01 -4.090572595596313477e-01 1.633461564779281616e-02
9.222849607467651367e-01 -3.850074410438537598e-01 3.405562788248062134e-02
9.319355487823486328e-01 -3.586934506893157959e-01 5.324530228972434998e-02
9.410909414291381836e-01 -3.299900889396667480e-01 7.385265082120895386e-02
9.494935274124145508e-01 -2.988075613975524902e-01 9.579242765903472900e-02
9.568547606468200684e-01 -2.651078402996063232e-01 1.189397349953651428e-01
9.628664255142211914e-01 -2.289177179336547852e-01 1.431255489587783813e-01
9.672120213508605957e-01 -1.903470903635025024e-01 1.681336015462875366e-01
9.695869684219360352e-01 -1.495999395847320557e-01 1.937031447887420654e-01
9.697216749191284180e-01 -1.069831550121307373e-01 2.195321917533874512e-01
9.674070477485656738e-01 -6.290363520383834839e-02 2.452890127897262573e-01
9.625185132026672363e-01 -1.785907149314880371e-02 2.706272006034851074e-01
9.550358057022094727e-01 2.758412249386310577e-02 2.952043712139129639e-01
9.450533390045166016e-01 7.282083481550216675e-02 3.187023699283599854e-01
9.327782392501831055e-01 1.172464713454246521e-01 3.408488333225250244e-01
9.185180068016052246e-01 1.602918654680252075e-01 3.614291548728942871e-01
9.026563167572021484e-01 2.014575451612472534e-01 3.802978694438934326e-01
8.856238126754760742e-01 2.403349131345748901e-01 3.973784744739532471e-01
8.678652048110961914e-01 2.766247391700744629e-01 4.126605987548828125e-01
8.498111367225646973e-01 3.101350069046020508e-01 4.261891245841979980e-01
8.318570256233215332e-01 3.407730460166931152e-01 4.380497932434082031e-01
8.143432736396789551e-01 3.685376048088073730e-01 4.483582675457000732e-01
7.975485920906066895e-01 3.934984505176544189e-01 4.572473764419555664e-01
7.816891074180603027e-01 4.157783389091491699e-01 4.648553431034088135e-01
7.669189572334289551e-01 4.355385005474090576e-01 4.713189303874969482e-01
7.533367872238159180e-01 4.529637694358825684e-01 4.767676591873168945e-01
7.409936785697937012e-01 4.682513177394866943e-01 4.813201427459716797e-01
7.299006581306457520e-01 4.816015064716339111e-01 4.850825071334838867e-01
7.200365662574768066e-01 4.932116270065307617e-01 4.881491065025329590e-01
7.113562822341918945e-01 5.032717585563659668e-01 4.906014204025268555e-01
7.037968039512634277e-01 5.119609236717224121e-01 4.925099611282348633e-01
6.972823739051818848e-01 5.194469690322875977e-01 4.939353466033935547e-01
6.917299032211303711e-01 5.258842110633850098e-01 4.949299097061157227e-01
6.870518922805786133e-01 5.314148664474487305e-01 4.955380260944366455e-01
6.831605434417724609e-01 5.361681580543518066e-01 4.957978129386901855e-01
6.799679994583129883e-01 5.402616262435913086e-01 4.957428872585296631e-01
6.773908734321594238e-01 5.438013672828674316e-01 4.954005181789398193e-01
6.753488183021545410e-01 5.468831062316894531e-01 4.947957992553710938e-01
6.737666726112365723e-01 5.495926737785339355e-01 4.939497709274291992e-01
6.725742816925048828e-01 5.520074963569641113e-01 4.928808212280273438e-01
6.717071533203125000e-01 5.541966557502746582e-01 4.916051030158996582e-01
6.711053848266601562e-01 5.562205910682678223e-01 4.901388287544250488e-01
6.707140207290649414e-01 5.581339001655578613e-01 4.884968698024749756e-01
6.704829931259155273e-01 5.599831938743591309e-01 4.866943359375000000e-01
6.703664064407348633e-01 5.618086457252502441e-01 4.847474396228790283e-01
6.703217029571533203e-01 5.636440515518188477e-01 4.826741516590118408e-01
6.703111529350280762e-01 5.655163526535034180e-01 4.804937541484832764e-01
6.703002452850341797e-01 5.674457550048828125e-01 4.782288372516632080e-01
6.702590584754943848e-01 5.694456100463867188e-01 4.759038686752319336e-01
6.701613664627075195e-01 5.715229511260986328e-01 4.735454618930816650e-01
6.699872612953186035e-01 5.736749172210693359e-01 4.711837470531463623e-01
6.697214245796203613e-01 5.758944749832153320e-01 4.688484072685241699e-01
6.693554520606994629e-01 5.781641602516174316e-01 4.665720462799072266e-01
6.688873171806335449e-01 5.804611444473266602e-01 4.643862843513488770e-01
6.683227419853210449e-01 5.827539563179016113e-01 4.623229503631591797e-01
6.676738262176513672e-01 5.850072503089904785e-01 4.604108035564422607e-01
6.669608354568481445e-01 5.871776342391967773e-01 4.586781263351440430e-01
6.662085652351379395e-01 5.892212986946105957e-01 4.571481049060821533e-01
6.654485464096069336e-01 5.910896062850952148e-01 4.558413624763488770e-01
6.647148132324218750e-01 5.927352905273437500e-01 4.547736942768096924e-01
6.640442609786987305e-01 5.941117405891418457e-01 4.539563655853271484e-01
6.634736657142639160e-01 5.951763391494750977e-01 4.533959329128265381e-01
6.630375385284423828e-01 5.958906412124633789e-01 4.530956447124481201e-01
6.627671718597412109e-01 5.962231755256652832e-01 4.530536532402038574e-01
6.626883149147033691e-01 5.961505770683288574e-01 4.532644748687744141e-01
6.628186106681823730e-01 5.956584811210632324e-01 4.537207186222076416e-01
6.631680130958557129e-01 5.947421193122863770e-01 4.544117450714111328e-01
6.637359857559204102e-01 5.934076905250549316e-01 4.553261399269104004e-01
6.645118594169616699e-01 5.916726589202880859e-01 4.564509093761444092e-01
6.654745340347290039e-01 5.895657539367675781e-01 4.577727615833282471e-01
6.665910482406616211e-01 5.871275663375854492e-01 4.592793583869934082e-01
6.678190827369689941e-01 5.844115018844604492e-01 4.609564840793609619e-01
6.691071987152099609e-01 5.814800262451171875e-01 4.627920091152191162e-01
6.703957915306091309e-01 5.784078836441040039e-01 4.647728502750396729e-01
6.716199517250061035e-01 5.752781033515930176e-01 4.668853282928466797e-01
6.727101802825927734e-01 5.721811652183532715e-01 4.691158235073089600e-01
6.735963225364685059e-01 5.692139863967895508e-01 4.714482724666595459e-01
6.742088794708251953e-01 5.664744377136230469e-01 4.738660752773284912e-01
6.744826436042785645e-01 5.640614032745361328e-01 4.763484299182891846e-01
6.743580102920532227e-01 5.620685815811157227e-01 4.788738489151000977e-01
6.737830042839050293e-01 5.605849027633666992e-01 4.814155697822570801e-01
6.727170944213867188e-01 5.596855878829956055e-01 4.839461147785186768e-01
6.711309552192687988e-01 5.594338774681091309e-01 4.864329397678375244e-01
6.690068840980529785e-01 5.598774552345275879e-01 4.888426065444946289e-01
6.663419604301452637e-01 5.610440969467163086e-01 4.911393225193023682e-01
6.631463766098022461e-01 5.629435777664184570e-01 4.932864308357238770e-01
6.594439744949340820e-01 5.655646920204162598e-01 4.952476620674133301e-01
6.552709937095642090e-01 5.688783526420593262e-01 4.969882965087890625e-01
6.506766676902770996e-01 5.728362202644348145e-01 4.984761476516723633e-01
6.457206010818481445e-01 5.773748755455017090e-01 4.996831417083740234e-01
6.404709815979003906e-01 5.824177861213684082e-01 5.005860924720764160e-01
6.350050568580627441e-01 5.878759622573852539e-01 5.011690258979797363e-01
6.294049620628356934e-01 5.936541557312011719e-01 5.014221072196960449e-01
6.237558722496032715e-01 5.996527075767517090e-01 5.013434886932373047e-01
6.181454658508300781e-01 6.057695150375366211e-01 5.009385347366333008e-01
6.126605272293090820e-01 6.119045019149780273e-01 5.002199411392211914e-01
6.073844432830810547e-01 6.179611086845397949e-01 4.992076158523559570e-01
6.023977398872375488e-01 6.238487362861633301e-01 4.979253709316253662e-01
5.977740287780761719e-01 6.294850111007690430e-01 4.964019358158111572e-01
5.935786962509155273e-01 6.347971558570861816e-01 4.946684241294860840e-01
5.898693799972534180e-01 6.397224068641662598e-01 4.927568733692169189e-01
5.866929888725280762e-01 6.442101597785949707e-01 4.906980395317077637e-01
5.840854048728942871e-01 6.482211947441101074e-01 4.885218441486358643e-01
5.820716023445129395e-01 6.517291665077209473e-01 4.862526655197143555e-01
5.806646943092346191e-01 6.547190546989440918e-01 4.839125871658325195e-01
5.798654556274414062e-01 6.571887731552124023e-01 4.815172851085662842e-01
5.796626806259155273e-01 6.591477394104003906e-01 4.790776968002319336e-01
5.800341367721557617e-01 6.606164574623107910e-01 4.765987992286682129e-01
5.809455513954162598e-01 6.616264581680297852e-01 4.740809202194213867e-01
5.823512673377990723e-01 6.622210144996643066e-01 4.715192615985870361e-01
5.841944813728332520e-01 6.624517440795898438e-01 4.689076840877532959e-01
5.864084362983703613e-01 6.623803973197937012e-01 4.662373960018157959e-01
5.889157652854919434e-01 6.620776653289794922e-01 4.634991288185119629e-01
5.916299223899841309e-01 6.616201996803283691e-01 4.606872797012329102e-01
5.944561362266540527e-01 6.610916256904602051e-01 4.577990174293518066e-01
5.972914099693298340e-01 6.605787873268127441e-01 4.548391401767730713e-01
6.000280976295471191e-01 6.601701974868774414e-01 4.518203735351562500e-01
6.025550961494445801e-01 6.599527597427368164e-01 4.487646520137786865e-01
6.047590970993041992e-01 6.600102186203002930e-01 4.457049369812011719e-01
6.065299510955810547e-01 6.604177355766296387e-01 4.426848888397216797e-01
6.077610254287719727e-01 6.612407565116882324e-01 4.397581219673156738e-01
6.083546280860900879e-01 6.625305414199829102e-01 4.369872808456420898e-01
6.082258820533752441e-01 6.643219590187072754e-01 4.344394207000732422e-01
6.073043346405029297e-01 6.666321754455566406e-01 4.321839809417724609e-01
6.055405735969543457e-01 6.694568395614624023e-01 4.302883148193359375e-01
6.029070019721984863e-01 6.727731823921203613e-01 4.288116097450256348e-01
5.994005203247070312e-01 6.765391826629638672e-01 4.278010129928588867e-01
5.950459241867065430e-01 6.806947588920593262e-01 4.272879362106323242e-01
5.898938775062561035e-01 6.851668953895568848e-01 4.272838532924652100e-01
5.840218663215637207e-01 6.898726224899291992e-01 4.277782440185546875e-01
5.775308012962341309e-01 6.947237849235534668e-01 4.287388026714324951e-01
5.705422759056091309e-01 6.996322274208068848e-01 4.301119744777679443e-01
5.631939172744750977e-01 7.045140266418457031e-01 4.318247735500335693e-01
5.556332468986511230e-01 7.092940211296081543e-01 4.337899982929229736e-01
5.480126738548278809e-01 7.139082551002502441e-01 4.359095096588134766e-01
5.404826998710632324e-01 7.183068394660949707e-01 4.380796849727630615e-01
5.331867337226867676e-01 7.224533557891845703e-01 4.401967525482177734e-01
5.262559056282043457e-01 7.263255119323730469e-01 4.421606361865997314e-01
5.198048949241638184e-01 7.299130558967590332e-01 4.438803195953369141e-01
5.139283537864685059e-01 7.332171797752380371e-01 4.452753961086273193e-01
5.087012052536010742e-01 7.362454533576965332e-01 4.462798535823822021e-01
5.041750073432922363e-01 7.390125393867492676e-01 4.468423128128051758e-01
5.003818273544311523e-01 7.415348887443542480e-01 4.469272792339324951e-01
4.973334372043609619e-01 7.438300251960754395e-01 4.465158581733703613e-01
4.950242042541503906e-01 7.459147572517395020e-01 4.456031024456024170e-01
4.934336543083190918e-01 7.478037476539611816e-01 4.441989958286285400e-01
4.925309121608734131e-01 7.495072484016418457e-01 4.423258602619171143e-01
4.922752380371093750e-01 7.510328888893127441e-01 4.400167465209960938e-01
4.926223456859588623e-01 7.523827552795410156e-01 4.373138546943664551e-01
4.935253858566284180e-01 7.535549998283386230e-01 4.342665374279022217e-01
4.949375689029693604e-01 7.545438408851623535e-01 4.309296011924743652e-01
4.968164265155792236e-01 7.553389072418212891e-01 4.273600280284881592e-01
4.991234540939331055e-01 7.559266686439514160e-01 4.236162900924682617e-01
5.018272995948791504e-01 7.562896013259887695e-01 4.197562336921691895e-01
5.049035549163818359e-01 7.564080953598022461e-01 4.158355593681335449e-01
5.083352327346801758e-01 7.562603354454040527e-01 4.119048416614532471e-01
5.121126174926757812e-01 7.558224797248840332e-01 4.080110490322113037e-01
5.162322521209716797e-01 7.550711035728454590e-01 4.041928946971893311e-01
5.206955671310424805e-01 7.539828419685363770e-01 4.004823565483093262e-01
5.255063772201538086e-01 7.525359392166137695e-01 3.969038724899291992e-01
5.306702256202697754e-01 7.507120966911315918e-01 3.934723436832427979e-01
5.361897349357604980e-01 7.484973669052124023e-01 3.901951313018798828e-01
5.420626401901245117e-01 7.458853721618652344e-01 3.870698213577270508e-01
5.482794046401977539e-01 7.428770065307617188e-01 3.840878307819366455e-01
5.548177957534790039e-01 7.394860982894897461e-01 3.812315762042999268e-01
5.616436004638671875e-01 7.357372045516967773e-01 3.784802556037902832e-01
5.687060952186584473e-01 7.316709160804748535e-01 3.758070170879364014e-01
5.759377479553222656e-01 7.273440957069396973e-01 3.731841444969177246e-01
5.832532644271850586e-01 7.228298783302307129e-01 3.705840408802032471e-01
5.905532836914062500e-01 7.182172536849975586e-01 3.679819703102111816e-01
5.977231860160827637e-01 7.136111855506896973e-01 3.653573989868164062e-01
6.046398878097534180e-01 7.091270089149475098e-01 3.626976311206817627e-01
6.111761927604675293e-01 7.048873901367187500e-01 3.599965274333953857e-01
6.172056794166564941e-01 7.010161876678466797e-01 3.572582304477691650e-01
6.226108670234680176e-01 6.976308822631835938e-01 3.544950187206268311e-01
6.272875070571899414e-01 6.948368549346923828e-01 3.517272174358367920e-01
6.311502456665039062e-01 6.927200555801391602e-01 3.489816784858703613e-01
6.341372728347778320e-01 6.913411021232604980e-01 3.462910652160644531e-01
6.362115740776062012e-01 6.907327175140380859e-01 3.436903953552246094e-01
6.373640298843383789e-01 6.908966302871704102e-01 3.412170708179473877e-01
6.376096606254577637e-01 6.918057799339294434e-01 3.389081358909606934e-01
6.369875073432922363e-01 6.934070587158203125e-01 3.367990553379058838e-01
6.355562806129455566e-01 6.956248283386230469e-01 3.349241316318511963e-01
6.333909034729003906e-01 6.983682513236999512e-01 3.333132565021514893e-01
6.305755376815795898e-01 7.015373706817626953e-01 3.319936096668243408e-01
6.272000074386596680e-01 7.050294280052185059e-01 3.309889733791351318e-01
6.233533620834350586e-01 7.087455987930297852e-01 3.303185403347015381e-01
6.191189289093017578e-01 7.125961184501647949e-01 3.299977481365203857e-01
6.145721673965454102e-01 7.165021300315856934e-01 3.300388157367706299e-01
6.097766160964965820e-01 7.203999757766723633e-01 3.304486572742462158e-01
6.047806739807128906e-01 7.242414355278015137e-01 3.312320411205291748e-01
5.996187925338745117e-01 7.279933094978332520e-01 3.323899507522583008e-01
5.943120718002319336e-01 7.316356897354125977e-01 3.339197039604187012e-01
5.888690352439880371e-01 7.351600527763366699e-01 3.358167409896850586e-01
5.832880139350891113e-01 7.385671734809875488e-01 3.380733430385589600e-01
5.775606632232666016e-01 7.418635487556457520e-01 3.406789302825927734e-01
5.716739892959594727e-01 7.450593113899230957e-01 3.436211049556732178e-01
5.656153559684753418e-01 7.481646537780761719e-01 3.468844592571258545e-01
5.593732595443725586e-01 7.511891722679138184e-01 3.504517674446105957e-01
5.529416203498840332e-01 7.541389465332031250e-01 3.543020486831665039e-01
5.463207960128784180e-01 7.570164799690246582e-01 3.584126234054565430e-01
5.395197868347167969e-01 7.598196864128112793e-01 3.627566099166870117e-01
5.325559377670288086e-01 7.625430226325988770e-01 3.673042058944702148e-01
5.254557132720947266e-01 7.651768326759338379e-01 3.720223307609558105e-01
5.182536244392395020e-01 7.677103281021118164e-01 3.768739998340606689e-01
5.109913945198059082e-01 7.701309919357299805e-01 3.818193674087524414e-01
5.037159919738769531e-01 7.724270820617675781e-01 3.868159353733062744e-01
4.964780509471893311e-01 7.745885848999023438e-01 3.918188512325286865e-01
4.893298149108886719e-01 7.766088843345642090e-01 3.967808485031127930e-01
4.823240339756011963e-01 7.784836888313293457e-01 4.016548693180084229e-01
4.755100607872009277e-01 7.802143096923828125e-01 4.063936173915863037e-01
4.689357280731201172e-01 7.818048000335693359e-01 4.109506905078887939e-01
4.626424312591552734e-01 7.832638621330261230e-01 4.152826368808746338e-01
4.566682577133178711e-01 7.846021056175231934e-01 4.193490147590637207e-01
4.510435163974761963e-01 7.858334183692932129e-01 4.231141507625579834e-01
4.457940757274627686e-01 7.869711518287658691e-01 4.265491366386413574e-01
4.409392774105072021e-01 7.880293726921081543e-01 4.296305179595947266e-01
4.364939630031585693e-01 7.890198826789855957e-01 4.323432445526123047e-01
4.324675202369689941e-01 7.899534106254577637e-01 4.346786141395568848e-01
4.288658201694488525e-01 7.908357977867126465e-01 4.366380274295806885e-01
4.256906807422637939e-01 7.916713953018188477e-01 4.382281303405761719e-01
4.229416251182556152e-01 7.924584746360778809e-01 4.394654333591461182e-01
4.206153452396392822e-01 7.931938171386718750e-01 4.403705298900604248e-01
4.187071919441223145e-01 7.938693761825561523e-01 4.409712553024291992e-01
4.172097742557525635e-01 7.944759130477905273e-01 4.412981569766998291e-01
4.161147177219390869e-01 7.950015068054199219e-01 4.413854479789733887e-01
4.154117405414581299e-01 7.954342961311340332e-01 4.412679374217987061e-01
4.150884449481964111e-01 7.957628369331359863e-01 4.409796893596649170e-01
4.151298999786376953e-01 7.959772348403930664e-01 4.405536353588104248e-01
4.155189692974090576e-01 7.960702180862426758e-01 4.400183260440826416e-01
4.162357747554779053e-01 7.960377335548400879e-01 4.393993318080902100e-01
4.172569513320922852e-01 7.958797812461853027e-01 4.387163519859313965e-01
4.185574650764465332e-01 7.956003546714782715e-01 4.379836022853851318e-01
4.201088547706604004e-01 7.952083945274353027e-01 4.372096657752990723e-01
4.218802750110626221e-01 7.947166562080383301e-01 4.363972842693328857e-01
4.238405525684356689e-01 7.941420674324035645e-01 4.355427324771881104e-01
4.259582161903381348e-01 7.935048937797546387e-01 4.346373677253723145e-01
4.282022714614868164e-01 7.928274869918823242e-01 4.336674511432647705e-01
4.305444061756134033e-01 7.921337485313415527e-01 4.326150119304656982e-01
4.329587221145629883e-01 7.914477586746215820e-01 4.314594268798828125e-01
4.354248046875000000e-01 7.907925844192504883e-01 4.301770329475402832e-01
4.379268586635589600e-01 7.901886701583862305e-01 4.287446141242980957e-01
4.404554367065429688e-01 7.896532416343688965e-01 4.271378517150878906e-01
4.430084824562072754e-01 7.891975641250610352e-01 4.253358840942382812e-01
4.455889165401458740e-01 7.888286709785461426e-01 4.233199656009674072e-01
4.482067227363586426e-01 7.885468602180480957e-01 4.210755825042724609e-01
4.508768320083618164e-01 7.883453369140625000e-01 4.185949862003326416e-01
4.536180496215820312e-01 7.882123589515686035e-01 4.158749580383300781e-01
4.564506411552429199e-01 7.881301045417785645e-01 4.129209816455841064e-01
4.593969285488128662e-01 7.880761027336120605e-01 4.097444713115692139e-01
4.624748826026916504e-01 7.880254983901977539e-01 4.063653945922851562e-01
4.657014012336730957e-01 7.879503965377807617e-01 4.028106331825256348e-01
4.690868854522705078e-01 7.878234982490539551e-01 3.991135060787200928e-01
4.726357758045196533e-01 7.876182794570922852e-01 3.953135907649993896e-01
4.763448536396026611e-01 7.873106002807617188e-01 3.914557397365570068e-01
4.802026450634002686e-01 7.868801951408386230e-01 3.875886797904968262e-01
4.841901361942291260e-01 7.863110303878784180e-01 3.837639689445495605e-01
4.882805645465850830e-01 7.855925559997558594e-01 3.800346553325653076e-01
4.924415647983551025e-01 7.847191095352172852e-01 3.764535784721374512e-01
4.966357052326202393e-01 7.836899161338806152e-01 3.730724751949310303e-01
5.008235573768615723e-01 7.825089693069458008e-01 3.699398636817932129e-01
5.049633383750915527e-01 7.811841368675231934e-01 3.671012520790100098e-01
5.090161561965942383e-01 7.797258496284484863e-01 3.645959496498107910e-01
5.129436850547790527e-01 7.781469821929931641e-01 3.624583482742309570e-01
5.167136788368225098e-01 7.764608263969421387e-01 3.607153296470642090e-01
5.202980041503906250e-01 7.746810913085937500e-01 3.593872785568237305e-01
5.236745476722717285e-01 7.728207111358642578e-01 3.584873378276824951e-01
5.268282294273376465e-01 7.708908319473266602e-01 3.580213189125061035e-01
5.297491550445556641e-01 7.689020037651062012e-01 3.579880893230438232e-01
5.324334502220153809e-01 7.668624520301818848e-01 3.583805561065673828e-01
5.348825454711914062e-01 7.647790312767028809e-01 3.591847717761993408e-01
5.371018648147583008e-01 7.626572251319885254e-01 3.603824973106384277e-01
5.390993356704711914e-01 7.605028748512268066e-01 3.619493544101715088e-01
5.408853888511657715e-01 7.583208084106445312e-01 3.638578951358795166e-01
5.424712896347045898e-01 7.561168670654296875e-01 3.660767972469329834e-01
5.438691377639770508e-01 7.538980245590209961e-01 3.685703873634338379e-01
5.450899600982666016e-01 7.516728639602661133e-01 3.713016211986541748e-01
5.461440682411193848e-01 7.494522929191589355e-01 3.742297887802124023e-01
5.470418930053710938e-01 7.472488284111022949e-01 3.773120343685150146e-01
5.477921366691589355e-01 7.450769543647766113e-01 3.805049657821655273e-01
5.484021306037902832e-01 7.429543733596801758e-01 3.837626576423645020e-01
5.488790273666381836e-01 7.408996224403381348e-01 3.870395421981811523e-01
5.492289066314697266e-01 7.389326691627502441e-01 3.902898430824279785e-01
5.494567155838012695e-01 7.370747327804565430e-01 3.934693932533264160e-01
5.495673418045043945e-01 7.353476881980895996e-01 3.965342044830322266e-01
5.495634675025939941e-01 7.337736487388610840e-01 3.994449079036712646e-01
5.494464635848999023e-01 7.323745489120483398e-01 4.021641612052917480e-01
5.492160320281982422e-01 7.311722040176391602e-01 4.046590626239776611e-01
5.488685369491577148e-01 7.301877737045288086e-01 4.069020450115203857e-01
5.483980774879455566e-01 7.294414639472961426e-01 4.088699221611022949e-01
5.477964282035827637e-01 7.289518713951110840e-01 4.105462729930877686e-01
5.470528006553649902e-01 7.287357449531555176e-01 4.119192957878112793e-01
5.461543202400207520e-01 7.288075089454650879e-01 4.129832983016967773e-01
5.450882911682128906e-01 7.291784286499023438e-01 4.137361049652099609e-01
5.438424348831176758e-01 7.298558354377746582e-01 4.141809344291687012e-01
5.424063801765441895e-01 7.308428883552551270e-01 4.143235385417938232e-01
5.407736301422119141e-01 7.321373224258422852e-01 4.141723811626434326e-01
5.389423966407775879e-01 7.337318062782287598e-01 4.137375354766845703e-01
5.369179844856262207e-01 7.356129288673400879e-01 4.130286574363708496e-01
5.347124338150024414e-01 7.377618551254272461e-01 4.120559990406036377e-01
5.323469042778015137e-01 7.401539087295532227e-01 4.108272492885589600e-01
5.298499464988708496e-01 7.427598237991333008e-01 4.093494117259979248e-01
5.272586941719055176e-01 7.455463409423828125e-01 4.076258838176727295e-01
5.246184468269348145e-01 7.484763264656066895e-01 4.056581854820251465e-01
5.219812393188476562e-01 7.515102028846740723e-01 4.034453630447387695e-01
5.194043517112731934e-01 7.546064257621765137e-01 4.009840786457061768e-01
5.169487595558166504e-01 7.577234506607055664e-01 3.982702791690826416e-01
5.146774649620056152e-01 7.608189582824707031e-01 3.952993750572204590e-01
5.126529932022094727e-01 7.638517022132873535e-01 3.920683264732360840e-01
5.109350681304931641e-01 7.667810320854187012e-01 3.885769248008728027e-01
5.095778703689575195e-01 7.695685625076293945e-01 3.848306834697723389e-01
5.086285471916198730e-01 7.721762061119079590e-01 3.808424174785614014e-01
5.081249475479125977e-01 7.745682001113891602e-01 3.766339719295501709e-01
5.080944299697875977e-01 7.767097949981689453e-01 3.722392022609710693e-01
5.085517764091491699e-01 7.785680294036865234e-01 3.677048683166503906e-01
5.094998478889465332e-01 7.801118493080139160e-01 3.630912601947784424e-01
5.109289884567260742e-01 7.813127040863037109e-01 3.584718108177185059e-01
5.128182768821716309e-01 7.821439504623413086e-01 3.539325892925262451e-01
5.151375532150268555e-01 7.825826406478881836e-01 3.495679497718811035e-01
5.178474187850952148e-01 7.826103568077087402e-01 3.454780578613281250e-01
5.209038257598876953e-01 7.822131514549255371e-01 3.417627811431884766e-01
5.242596268653869629e-01 7.813825607299804688e-01 3.385161161422729492e-01
5.278660058975219727e-01 7.801173329353332520e-01 3.358190655708312988e-01
5.316762328147888184e-01 7.784226536750793457e-01 3.337342143058776855e-01
5.356456637382507324e-01 7.763117551803588867e-01 3.323007822036743164e-01
5.397329926490783691e-01 7.738065123558044434e-01 3.315294384956359863e-01
5.439021587371826172e-01 7.709367871284484863e-01 3.314014673233032227e-01
5.481196045875549316e-01 7.677429914474487305e-01 3.318667709827423096e-01
5.523554086685180664e-01 7.642753124237060547e-01 3.328463435173034668e-01
5.565833449363708496e-01 7.605927586555480957e-01 3.342359066009521484e-01
5.607784986495971680e-01 7.567651867866516113e-01 3.359076976776123047e-01
5.649181604385375977e-01 7.528706192970275879e-01 3.377178311347961426e-01
5.689807534217834473e-01 7.489950656890869141e-01 3.395103514194488525e-01
5.729448199272155762e-01 7.452312111854553223e-01 3.411227762699127197e-01
5.767897367477416992e-01 7.416750192642211914e-01 3.423911929130554199e-01
5.804954171180725098e-01 7.384241223335266113e-01 3.431543409824371338e-01
5.840421915054321289e-01 7.355738878250122070e-01 3.432576656341552734e-01
5.874097943305969238e-01 7.332147955894470215e-01 3.425576388835906982e-01
5.905792713165283203e-01 7.314283847808837891e-01 3.409232199192047119e-01
5.935317277908325195e-01 7.302839756011962891e-01 3.382387459278106689e-01
5.962484478950500488e-01 7.298358082771301270e-01 3.344061374664306641e-01
5.987117886543273926e-01 7.301203608512878418e-01 3.293454349040985107e-01
6.009051203727722168e-01 7.311543226242065430e-01 3.229961097240447998e-01
6.028140783309936523e-01 7.329322099685668945e-01 3.153182268142700195e-01
6.044279336929321289e-01 7.354269623756408691e-01 3.062908053398132324e-01
6.057394742965698242e-01 7.385892271995544434e-01 2.959148287773132324e-01
6.067479848861694336e-01 7.423482537269592285e-01 2.842110991477966309e-01
6.074597835540771484e-01 7.466140389442443848e-01 2.712194025516510010e-01
6.078912019729614258e-01 7.512786388397216797e-01 2.569992542266845703e-01
6.080677509307861328e-01 7.562207579612731934e-01 2.416272759437561035e-01
6.080283522605895996e-01 7.613072991371154785e-01 2.251949310302734375e-01
6.078234314918518066e-01 7.663987278938293457e-01 2.078070491552352905e-01
6.075158119201660156e-01 7.713521718978881836e-01 1.895794868469238281e-01
6.071811318397521973e-01 7.760251760482788086e-01 1.706342548131942749e-01
6.069050431251525879e-01 7.802792787551879883e-01 1.510980129241943359e-01
6.067820787429809570e-01 7.839827537536621094e-01 1.310972571372985840e-01
6.069135665893554688e-01 7.870129942893981934e-01 1.107539311051368713e-01
6.074038743972778320e-01 7.892575263977050781e-01 9.018399566411972046e-02
6.083562374114990234e-01 7.906157970428466797e-01 6.949375569820404053e-02
6.098698377609252930e-01 7.909991145133972168e-01 4.877755045890808105e-02
6.120355129241943359e-01 7.903303503990173340e-01 2.811653539538383484e-02
6.149323582649230957e-01 7.885434031486511230e-01 7.577032782137393951e-03
6.186218261718750000e-01 7.855848670005798340e-01 -1.278812251985073090e-02
6.231467723846435547e-01 7.814109325408935547e-01 -3.293966129422187805e-02
6.285278201103210449e-01 7.759894728660583496e-01 -5.285010486841201782e-02
6.347594261169433594e-01 7.693009376525878906e-01 -7.250122725963592529e-02
6.418113708496093750e-01 7.613381743431091309e-01 -9.188221395015716553e-02
6.496239304542541504e-01 7.521107196807861328e-01 -1.109868884086608887e-01
6.581139564514160156e-01 7.416436076164245605e-01 -1.298106759786605835e-01
6.671721339225769043e-01 7.299819588661193848e-01 -1.483500003814697266e-01
6.766681671142578125e-01 7.171925902366638184e-01 -1.665982604026794434e-01
6.864559054374694824e-01 7.033640146255493164e-01 -1.845462173223495483e-01
6.963774561882019043e-01 6.886078715324401855e-01 -2.021820694208145142e-01
7.062710523605346680e-01 6.730565428733825684e-01 -2.194906473159790039e-01
7.159758806228637695e-01 6.568611264228820801e-01 -2.364571839570999146e-01
7.253408432006835938e-01 6.401859521865844727e-01 -2.530665695667266846e-01
7.342281937599182129e-01 6.232037544250488281e-01 -2.693065404891967773e-01
7.425183057785034180e-01 6.060889363288879395e-01 -2.851716578006744385e-01
7.501121759414672852e-01 5.890109539031982422e-01 -3.006621301174163818e-01
7.569342851638793945e-01 5.721268057823181152e-01 -3.157869577407836914e-01
7.629280090332031250e-01 5.555788874626159668e-01 -3.305645287036895752e-01
7.680571675300598145e-01 5.394883155822753906e-01 -3.450225591659545898e-01
7.722998261451721191e-01 5.239560604095458984e-01 -3.591977655887603760e-01
7.756468057632446289e-01 5.090600252151489258e-01 -3.731352090835571289e-01
7.780958414077758789e-01 4.948584437370300293e-01 -3.868875801563262939e-01
7.796481251716613770e-01 4.813919663429260254e-01 -4.005128741264343262e-01
7.803044319152832031e-01 4.686858355998992920e-01 -4.140754938125610352e-01
7.800613641738891602e-01 4.567549824714660645e-01 -4.276436269283294678e-01
7.789083123207092285e-01 4.456069767475128174e-01 -4.412893950939178467e-01
7.768239974975585938e-01 4.352454543113708496e-01 -4.550888836383819580e-01
7.737748622894287109e-01 4.256745874881744385e-01 -4.691199958324432373e-01
7.697127461433410645e-01 4.168998599052429199e-01 -4.834633171558380127e-01
7.645712494850158691e-01 4.089309573173522949e-01 -4.982030391693115234e-01
7.582656145095825195e-01 4.017852544784545898e-01 -5.134217739105224609e-01
7.506892085075378418e-01 3.954859375953674316e-01 -5.292037129402160645e-01
7.417119741439819336e-01 3.900646567344665527e-01 -5.456307530403137207e-01
7.311791181564331055e-01 3.855602145195007324e-01 -5.627792477607727051e-01
7.189084291458129883e-01 3.820200264453887939e-01 -5.807163119316101074e-01
7.046904563903808594e-01 3.794965445995330811e-01 -5.994945168495178223e-01
6.882877349853515625e-01 3.780463635921478271e-01 -6.191452741622924805e-01
6.694379448890686035e-01 3.777260780334472656e-01 -6.396684646606445312e-01
6.478585004806518555e-01 3.785902261734008789e-01 -6.610209941864013672e-01
6.232568621635437012e-01 3.806861937046051025e-01 -6.831024885177612305e-01
5.953447222709655762e-01 3.840464055538177490e-01 -7.057428359985351562e-01
5.638645887374877930e-01 3.886819183826446533e-01 -7.286857962608337402e-01
5.286212563514709473e-01 3.945777118206024170e-01 -7.515769600868225098e-01
4.895226955413818359e-01 4.016821682453155518e-01 -7.739631533622741699e-01
4.466290473937988281e-01 4.099074602127075195e-01 -7.952977418899536133e-01
4.002011716365814209e-01 4.191274642944335938e-01 -8.149669170379638672e-01
3.507396280765533447e-01 4.291836321353912354e-01 -8.323359489440917969e-01
2.989994287490844727e-01 4.398988783359527588e-01 -8.468106985092163086e-01
2.459730952978134155e-01 4.510936439037322998e-01 -8.579112887382507324e-01
1.928342580795288086e-01 4.626071453094482422e-01 -8.653378486633300781e-01
1.408447176218032837e-01 4.743101894855499268e-01 -8.690181970596313477e-01
9.124223142862319946e-02 4.861129224300384521e-01 -8.691197633743286133e-01
4.513529688119888306e-02 4.979594051837921143e-01 -8.660250306129455566e-01
3.409147961065173149e-03 5.098129510879516602e-01 -8.602784872055053711e-01
-3.332069516181945801e-02 5.216373801231384277e-01 -8.525163531303405762e-01
-6.472563743591308594e-02 5.333691835403442383e-01 -8.434026837348937988e-01
-9.075358510017395020e-02 5.449075102806091309e-01 -8.335704207420349121e-01
-1.115865111351013184e-01 5.561080574989318848e-01 -8.235849738121032715e-01
-1.275975108146667480e-01 5.667828917503356934e-01 -8.139262795448303223e-01
-1.392959952354431152e-01 5.767201185226440430e-01 -8.049786090850830078e-01
-1.472680866718292236e-01 5.857090353965759277e-01 -7.970301508903503418e-01
-1.521278172731399536e-01 5.935584306716918945e-01 -7.902819514274597168e-01
-1.544595956802368164e-01 6.001324057579040527e-01 -7.848460674285888672e-01
-1.547770500183105469e-01 6.053618192672729492e-01 -7.807567119598388672e-01
-1.534894704818725586e-01 6.092596650123596191e-01 -7.779740095138549805e-01
-1.508781015872955322e-01 6.119241118431091309e-01 -7.763920426368713379e-01
-1.470908522605895996e-01 6.135314106941223145e-01 -7.758501768112182617e-01
-1.421428173780441284e-01 6.143251061439514160e-01 -7.761444449424743652e-01
-1.359392851591110229e-01 6.145951747894287109e-01 -7.770413160324096680e-01
-1.282843351364135742e-01 6.146688461303710938e-01 -7.782834768295288086e-01
-1.189114004373550415e-01 6.148834824562072754e-01 -7.796013951301574707e-01
-1.075002402067184448e-01 6.155690550804138184e-01 -7.807166576385498047e-01
-9.369745105504989624e-02 6.170381307601928711e-01 -7.813352346420288086e-01
-7.713176310062408447e-02 6.195571422576904297e-01 -7.811527848243713379e-01
-5.743245780467987061e-02 6.233429312705993652e-01 -7.798365950584411621e-01
-3.424929454922676086e-02 6.285385489463806152e-01 -7.770240306854248047e-01
-7.274770177900791168e-03 6.351977586746215820e-01 -7.723152637481689453e-01
2.371612936258316040e-02 6.432683467864990234e-01 -7.652733325958251953e-01
5.882566049695014954e-02 6.525710821151733398e-01 -7.554406523704528809e-01
9.797064960002899170e-02 6.627956032752990723e-01 -7.423636317253112793e-01
1.408230066299438477e-01 6.734929084777832031e-01 -7.256556749343872070e-01
1.867521852254867554e-01 6.841033101081848145e-01 -7.050718665122985840e-01
2.348004579544067383e-01 6.940065026283264160e-01 -6.806054115295410156e-01
2.837035059928894043e-01 7.026048302650451660e-01 -6.525785326957702637e-01
3.319812417030334473e-01 7.094223499298095703e-01 -6.216980218887329102e-01
3.780816197395324707e-01 7.141924500465393066e-01 -5.890529751777648926e-01
4.205572605133056641e-01 7.169227600097656250e-01 -5.560156702995300293e-01
4.582164585590362549e-01 7.178850173950195312e-01 -5.240980386734008789e-01
4.902202188968658447e-01 7.175599932670593262e-01 -4.947643876075744629e-01
5.160977244377136230e-01 7.165416479110717773e-01 -4.692665636539459229e-01
5.357005000114440918e-01 7.154365181922912598e-01 -4.485261142253875732e-01
5.491319894790649414e-01 7.147780656814575195e-01 -4.330660700798034668e-01
5.566698312759399414e-01 7.149748802185058594e-01 -4.230006039142608643e-01
5.587219595909118652e-01 7.162896394729614258e-01 -4.180417954921722412e-01
5.558081865310668945e-01 7.188438177108764648e-01 -4.175415635108947754e-01
5.485724210739135742e-01 7.226394414901733398e-01 -4.205479919910430908e-01
5.378014445304870605e-01 7.275861501693725586e-01 -4.258965849876403809e-01
5.244310498237609863e-01 7.335271239280700684e-01 -4.323308169841766357e-01
5.095252394676208496e-01 7.402512431144714355e-01 -4.386479854583740234e-01
4.942147135734558105e-01 7.474929094314575195e-01 -4.438538551330566406e-01
4.796040952205657959e-01 7.549175620079040527e-01 -4.473022520542144775e-01
4.666569232940673828e-01 7.621237039566040039e-01 -4.487746655941009521e-01
4.560918509960174561e-01 7.686623334884643555e-01 -4.484845399856567383e-01
4.482623636722564697e-01 7.741293311119079590e-01 -4.469727873802185059e-01
4.430501461029052734e-01 7.783257961273193359e-01 -4.448769688606262207e-01
4.402585327625274658e-01 7.810035943984985352e-01 -4.429512917995452881e-01
