-5.767190933227539062e+00 -6.420671463012695312e+00 7.630832195281982422e+00
-5.981986045837402344e+00 -6.662355899810791016e+00 7.920173645019531250e+00
-6.178316116333007812e+00 -6.883096694946289062e+00 8.188164710998535156e+00
-6.355701923370361328e+00 -7.082361698150634766e+00 8.434304237365722656e+00
-6.513959407806396484e+00 -7.259956836700439453e+00 8.658414840698242188e+00
-6.653194427490234375e+00 -7.416011810302734375e+00 8.860633850097656250e+00
-6.773765087127685547e+00 -7.550941944122314453e+00 9.041349411010742188e+00
-6.876255989074707031e+00 -7.665415763854980469e+00 9.201170921325683594e+00
-6.961434364318847656e+00 -7.760306835174560547e+00 9.340865135192871094e+00
-7.030214309692382812e+00 -7.836653709411621094e+00 9.461297988891601562e+00
-7.083609580993652344e+00 -7.895600795745849609e+00 9.563380241394042969e+00
-7.122699737548828125e+00 -7.938366889953613281e+00 9.648016929626464844e+00
-7.148572444915771484e+00 -7.966174602508544922e+00 9.716037750244140625e+00
-7.162309169769287109e+00 -7.980232715606689453e+00 9.768166542053222656e+00
-7.164905071258544922e+00 -7.981653690338134766e+00 9.804950714111328125e+00
-7.157286167144775391e+00 -7.971462726593017578e+00 9.826752662658691406e+00
-7.140249729156494141e+00 -7.950537681579589844e+00 9.833699226379394531e+00
-7.114444732666015625e+00 -7.919582843780517578e+00 9.825667381286621094e+00
-7.080358982086181641e+00 -7.879118442535400391e+00 9.802263259887695312e+00
-7.038311958312988281e+00 -7.829469203948974609e+00 9.762842178344726562e+00
-6.988442420959472656e+00 -7.770752906799316406e+00 9.706497192382812500e+00
-6.930710792541503906e+00 -7.702881813049316406e+00 9.632059097290039062e+00
-6.864911079406738281e+00 -7.625581264495849609e+00 9.538168907165527344e+00
-6.790677547454833984e+00 -7.538392543792724609e+00 9.423265457153320312e+00
-6.707509040832519531e+00 -7.440702915191650391e+00 9.285660743713378906e+00
-6.614792823791503906e+00 -7.331776618957519531e+00 9.123569488525390625e+00
-6.511819362640380859e+00 -7.210768222808837891e+00 8.935168266296386719e+00
-6.397828578948974609e+00 -7.076778888702392578e+00 8.718662261962890625e+00
-6.272034645080566406e+00 -6.928883552551269531e+00 8.472339630126953125e+00
-6.133658885955810547e+00 -6.766170501708984375e+00 8.194633483886718750e+00
-5.981972694396972656e+00 -6.587790489196777344e+00 7.884193420410156250e+00
-5.808374404907226562e+00 -6.384436607360839844e+00 7.520860195159912109e+00
-5.614062309265136719e+00 -6.157357215881347656e+00 7.108046054840087891e+00
-5.403851985931396484e+00 -5.911706924438476562e+00 6.657874584197998047e+00
-5.177521228790283203e+00 -5.647241115570068359e+00 6.170383930206298828e+00
-4.935060501098632812e+00 -5.363964080810546875e+00 5.646111488342285156e+00
-4.677750587463378906e+00 -5.063755035400390625e+00 5.088838100433349609e+00
-4.429433345794677734e+00 -4.782406330108642578e+00 4.559343338012695312e+00
-4.169883728027343750e+00 -4.488330841064453125e+00 4.002474784851074219e+00
-3.899465322494506836e+00 -4.186178684234619141e+00 3.596537590026855469e+00
-3.721487760543823242e+00 -3.979875326156616211e+00 3.458166122436523438e+00
-3.543152570724487305e+00 -3.772258758544921875e+00 3.325973749160766602e+00
-3.361299991607666016e+00 -3.562997102737426758e+00 3.214762210845947266e+00
-3.160539388656616211e+00 -3.352269649505615234e+00 3.141074419021606445e+00
-2.956895112991333008e+00 -3.138489723205566406e+00 3.066517591476440430e+00
-2.751772642135620117e+00 -2.923135042190551758e+00 2.991627693176269531e+00
-2.552574396133422852e+00 -2.713641881942749023e+00 2.921349287033081055e+00
-2.431428670883178711e+00 -2.581695079803466797e+00 2.908579587936401367e+00
-2.312186241149902344e+00 -2.449449777603149414e+00 2.921787500381469727e+00
-2.147794246673583984e+00 -2.268954038619995117e+00 2.922135114669799805e+00
-2.078981399536132812e+00 -2.182276725769042969e+00 3.064114570617675781e+00
-2.079144716262817383e+00 -2.184963226318359375e+00 3.122200250625610352e+00
-1.971775412559509277e+00 -2.077022075653076172e+00 2.916433334350585938e+00
-1.925563573837280273e+00 -2.027677297592163086e+00 2.831970930099487305e+00
-1.925006747245788574e+00 -2.022690057754516602e+00 2.836908817291259766e+00
-1.924374699592590332e+00 -2.018072843551635742e+00 2.840999841690063477e+00
-1.923728704452514648e+00 -2.013925790786743164e+00 2.844252347946166992e+00
-1.922285795211791992e+00 -2.009398221969604492e+00 2.844356536865234375e+00
-1.920888543128967285e+00 -2.005453824996948242e+00 2.843510150909423828e+00
-1.919851064682006836e+00 -2.002456903457641602e+00 2.842471837997436523e+00
-1.918147206306457520e+00 -2.000581264495849609e+00 2.840251922607421875e+00
-1.916970491409301758e+00 -1.999734997749328613e+00 2.837992668151855469e+00
-1.916733264923095703e+00 -1.999888539314270020e+00 2.836091279983520508e+00
-1.917436122894287109e+00 -2.001035690307617188e+00 2.834555864334106445e+00
-1.919060230255126953e+00 -2.003148794174194336e+00 2.833379507064819336e+00
-1.921569108963012695e+00 -2.006180524826049805e+00 2.832542896270751953e+00
-1.924813508987426758e+00 -2.010073900222778320e+00 2.831922292709350586e+00
-1.927187323570251465e+00 -2.014913797378540039e+00 2.830002784729003906e+00
-1.929231047630310059e+00 -2.019755125045776367e+00 2.826187133789062500e+00
-1.930966496467590332e+00 -2.024578332901000977e+00 2.820681571960449219e+00
-1.932759046554565430e+00 -2.029747724533081055e+00 2.814656972885131836e+00
-1.934222459793090820e+00 -2.035473585128784180e+00 2.810907840728759766e+00
-1.935572028160095215e+00 -2.041375637054443359e+00 2.807139158248901367e+00
-2.032306909561157227e+00 -2.139237880706787109e+00 2.991068840026855469e+00
-2.101220369338989258e+00 -2.207628011703491211e+00 3.125414848327636719e+00
-2.097261190414428711e+00 -2.208243370056152344e+00 2.986883401870727539e+00
-2.185532808303833008e+00 -2.314701557159423828e+00 2.907375335693359375e+00
-2.298135757446289062e+00 -2.440931081771850586e+00 2.877860546112060547e+00
-2.386354923248291016e+00 -2.537769556045532227e+00 2.873222827911376953e+00
-2.472419977188110352e+00 -2.632267236709594727e+00 2.865781068801879883e+00
-2.595600128173828125e+00 -2.763332366943359375e+00 2.885170698165893555e+00
-2.746255159378051758e+00 -2.921336650848388672e+00 2.924753665924072266e+00
-2.891810894012451172e+00 -3.073898792266845703e+00 2.960869550704956055e+00
-3.031471014022827148e+00 -3.220186471939086914e+00 2.993392705917358398e+00
-3.164563894271850586e+00 -3.359501361846923828e+00 3.022263288497924805e+00
-3.290549755096435547e+00 -3.491282939910888672e+00 3.047494411468505859e+00
-3.394704818725585938e+00 -3.612330913543701172e+00 3.105514049530029297e+00
-3.490628242492675781e+00 -3.726423740386962891e+00 3.161392688751220703e+00
-3.579199075698852539e+00 -3.831953048706054688e+00 3.212112903594970703e+00
-3.660335063934326172e+00 -3.928798198699951172e+00 3.257725715637207031e+00
-3.734013795852661133e+00 -4.016907691955566406e+00 3.298325061798095703e+00
-3.800489187240600586e+00 -4.096607685089111328e+00 3.327181816101074219e+00
-3.859761238098144531e+00 -4.167858600616455078e+00 3.346083164215087891e+00
-3.911680698394775391e+00 -4.230408191680908203e+00 3.361525058746337891e+00
-3.956325292587280273e+00 -4.284321784973144531e+00 3.373701095581054688e+00
-3.993759155273437500e+00 -4.329648971557617188e+00 3.382787704467773438e+00
-4.024031639099121094e+00 -4.366425037384033203e+00 3.388942003250122070e+00
-4.047168254852294922e+00 -4.394657135009765625e+00 3.392298936843872070e+00
-4.063167095184326172e+00 -4.414322853088378906e+00 3.392966985702514648e+00
-4.071990489959716797e+00 -4.425361633300781250e+00 3.391023159027099609e+00
-4.073570251464843750e+00 -4.427678585052490234e+00 3.386514425277709961e+00
-4.067810058593750000e+00 -4.421149253845214844e+00 3.379458427429199219e+00
-4.054588317871093750e+00 -4.405621051788330078e+00 3.369846582412719727e+00
-4.033763408660888672e+00 -4.380923748016357422e+00 3.357642412185668945e+00
-4.005190372467041016e+00 -4.346884727478027344e+00 3.342797040939331055e+00
-3.968718767166137695e+00 -4.303329944610595703e+00 3.325237035751342773e+00
-3.924222230911254883e+00 -4.250115871429443359e+00 3.304896354675292969e+00
-3.871596813201904297e+00 -4.187128543853759766e+00 3.281698703765869141e+00
-3.812340259552001953e+00 -4.115879535675048828e+00 3.258245706558227539e+00
-3.745443105697631836e+00 -4.035366535186767578e+00 3.232768774032592773e+00
-3.670410394668579102e+00 -3.945118904113769531e+00 3.204289674758911133e+00
-3.587727308273315430e+00 -3.845808267593383789e+00 3.162813663482666016e+00
-3.497513532638549805e+00 -3.737570524215698242e+00 3.111823081970214844e+00
-3.399934053421020508e+00 -3.620581388473510742e+00 3.056684494018554688e+00
-3.295434474945068359e+00 -3.495389223098754883e+00 2.997637033462524414e+00
-3.182336807250976562e+00 -3.368210792541503906e+00 2.942124128341674805e+00
-3.057570457458496094e+00 -3.236309289932250977e+00 2.899375438690185547e+00
-2.917164564132690430e+00 -3.089217901229858398e+00 2.879415035247802734e+00
-2.772148132324218750e+00 -2.937314748764038086e+00 2.858780860900878906e+00
-2.623672246932983398e+00 -2.781807184219360352e+00 2.837677240371704102e+00
-2.484486818313598633e+00 -2.635419607162475586e+00 2.824856519699096680e+00
-2.414395332336425781e+00 -2.557585000991821289e+00 2.863919496536254883e+00
-2.344524621963500977e+00 -2.480025053024291992e+00 2.903040885925292969e+00
-2.256394624710083008e+00 -2.378436803817749023e+00 2.965786933898925781e+00
-2.139336109161376953e+00 -2.242471218109130859e+00 2.974698781967163086e+00
-2.137609243392944336e+00 -2.239015102386474609e+00 3.132995367050170898e+00
-2.031218528747558594e+00 -2.134261608123779297e+00 2.932897090911865234e+00
-1.983995795249938965e+00 -2.086211681365966797e+00 2.849500656127929688e+00
-1.977294325828552246e+00 -2.077541828155517578e+00 2.846715927124023438e+00
-1.969934701919555664e+00 -2.068559408187866211e+00 2.842868804931640625e+00
-1.962024688720703125e+00 -2.059400796890258789e+00 2.838035106658935547e+00
-1.953678965568542480e+00 -2.050203800201416016e+00 2.832299947738647461e+00
-1.945017695426940918e+00 -2.041107892990112305e+00 2.825758934020996094e+00
-1.936159849166870117e+00 -2.032244205474853516e+00 2.818508625030517578e+00
-1.927224040031433105e+00 -2.023738145828247070e+00 2.810649156570434570e+00
-1.918324351310729980e+00 -2.015704154968261719e+00 2.802280902862548828e+00
-1.909568548202514648e+00 -2.008243322372436523e+00 2.793501377105712891e+00
-1.901056051254272461e+00 -2.001443386077880859e+00 2.784405708312988281e+00
-1.892876029014587402e+00 -1.995374798774719238e+00 2.775082588195800781e+00
-1.885105848312377930e+00 -1.990090250968933105e+00 2.765613555908203125e+00
-1.877810955047607422e+00 -1.985625863075256348e+00 2.756074428558349609e+00
-1.871044397354125977e+00 -1.982000470161437988e+00 2.746532440185546875e+00
-1.864845156669616699e+00 -1.979215264320373535e+00 2.737046480178833008e+00
-1.859240293502807617e+00 -1.977255702018737793e+00 2.727668523788452148e+00
-1.854243159294128418e+00 -1.976092457771301270e+00 2.718441247940063477e+00
-1.849856853485107422e+00 -1.975684046745300293e+00 2.709401369094848633e+00
-1.849779129028320312e+00 -1.980005383491516113e+00 2.706552028656005859e+00
-1.877261161804199219e+00 -2.011063814163208008e+00 2.757353782653808594e+00
-2.251475334167480469e+00 -2.391063213348388672e+00 3.356419324874877930e+00
-2.316363096237182617e+00 -2.461189270019531250e+00 3.256358623504638672e+00
-2.457312822341918945e+00 -2.606140136718750000e+00 3.289075374603271484e+00
-2.525445222854614258e+00 -2.679577112197875977e+00 3.256787300109863281e+00
-2.596884489059448242e+00 -2.758386850357055664e+00 3.232736587524414062e+00
-2.667188644409179688e+00 -2.836056947708129883e+00 3.207097768783569336e+00
-2.735650062561035156e+00 -2.911719083786010742e+00 3.179560422897338867e+00
-2.839746475219726562e+00 -3.022523641586303711e+00 3.178484201431274414e+00
-2.972547531127929688e+00 -3.161552429199218750e+00 3.199265241622924805e+00
-3.100903034210205078e+00 -3.295870304107666016e+00 3.217824220657348633e+00
-3.224264383316040039e+00 -3.424908161163330078e+00 3.234205484390258789e+00
-3.342200040817260742e+00 -3.548221588134765625e+00 3.248496532440185547e+00
-3.452431440353393555e+00 -3.670330047607421875e+00 3.267074823379516602e+00
-3.549612283706665039e+00 -3.784561634063720703e+00 3.301830053329467773e+00
-3.635206460952758789e+00 -3.886693954467773438e+00 3.347849369049072266e+00
-3.715414524078369141e+00 -3.982476949691772461e+00 3.390566587448120117e+00
-3.790289878845214844e+00 -4.071956634521484375e+00 3.430118083953857422e+00
-3.859964370727539062e+00 -4.155280590057373047e+00 3.465555191040039062e+00
-3.924904823303222656e+00 -4.233063697814941406e+00 3.486775398254394531e+00
-3.984824180603027344e+00 -4.304853439331054688e+00 3.506240606307983398e+00
-4.039850234985351562e+00 -4.370783805847167969e+00 3.524123668670654297e+00
-4.090090751647949219e+00 -4.430965900421142578e+00 3.540570497512817383e+00
-4.135624885559082031e+00 -4.485478878021240234e+00 3.555701494216918945e+00
-4.176490306854248047e+00 -4.534354209899902344e+00 3.569605827331542969e+00
-4.212677955627441406e+00 -4.577569007873535156e+00 3.582332611083984375e+00
-4.244122982025146484e+00 -4.615036010742187500e+00 3.593888759613037109e+00
-4.270702838897705078e+00 -4.646603584289550781e+00 3.604244947433471680e+00
-4.292234420776367188e+00 -4.672049522399902344e+00 3.613319873809814453e+00
-4.308479785919189453e+00 -4.691089153289794922e+00 3.621000289916992188e+00
-4.319146156311035156e+00 -4.703376770019531250e+00 3.627126216888427734e+00
-4.323896884918212891e+00 -4.708516120910644531e+00 3.631508827209472656e+00
-4.322356700897216797e+00 -4.706068992614746094e+00 3.633927106857299805e+00
-4.314129829406738281e+00 -4.695573329925537109e+00 3.634139060974121094e+00
-4.298806667327880859e+00 -4.676556110382080078e+00 3.631889104843139648e+00
-4.275988101959228516e+00 -4.648557186126708984e+00 3.626916885375976562e+00
-4.245292663574218750e+00 -4.611139774322509766e+00 3.618964910507202148e+00
-4.206381320953369141e+00 -4.563920021057128906e+00 3.607790470123291016e+00
-4.158969879150390625e+00 -4.506577968597412109e+00 3.593173265457153320e+00
-4.102854251861572266e+00 -4.438892364501953125e+00 3.574932098388671875e+00
-4.037916660308837891e+00 -4.360744476318359375e+00 3.552922964096069336e+00
-3.964148998260498047e+00 -4.272143840789794922e+00 3.527058601379394531e+00
-3.881725072860717773e+00 -4.173330307006835938e+00 3.495478630065917969e+00
-3.791321516036987305e+00 -4.065223217010498047e+00 3.445506095886230469e+00
-3.692868947982788086e+00 -3.947655439376831055e+00 3.390583276748657227e+00
-3.586893796920776367e+00 -3.821266174316406250e+00 3.331000804901123047e+00
-3.473815441131591797e+00 -3.687481164932250977e+00 3.267940282821655273e+00
-3.341056823730468750e+00 -3.548123836517333984e+00 3.236766099929809570e+00
-3.198313713073730469e+00 -3.398794651031494141e+00 3.214079618453979492e+00
-3.052671909332275391e+00 -3.246382713317871094e+00 3.193354368209838867e+00
-2.904229879379272461e+00 -3.091021060943603516e+00 3.172353506088256836e+00
-2.794216394424438477e+00 -2.973705053329467773e+00 3.180484533309936523e+00
-2.724711418151855469e+00 -2.896586894989013672e+00 3.218482732772827148e+00
-2.655621290206909180e+00 -2.819964647293090820e+00 3.255784749984741211e+00
-2.593178987503051758e+00 -2.752965211868286133e+00 3.306144237518310547e+00
-2.533343315124511719e+00 -2.689109563827514648e+00 3.356713771820068359e+00
-2.376132011413574219e+00 -2.531317472457885742e+00 3.281105756759643555e+00
-2.294172286987304688e+00 -2.444627523422241211e+00 3.330986738204956055e+00
-1.869587779045104980e+00 -2.019389152526855469e+00 2.657706499099731445e+00
-1.836354374885559082e+00 -1.985137581825256348e+00 2.603794574737548828e+00
-1.827447175979614258e+00 -1.974611163139343262e+00 2.597519159317016602e+00
-1.818386316299438477e+00 -1.964259266853332520e+00 2.590766191482543945e+00
-1.809298038482666016e+00 -1.954230189323425293e+00 2.583642959594726562e+00
-1.800308346748352051e+00 -1.944666385650634766e+00 2.576261520385742188e+00
-1.791542410850524902e+00 -1.935703754425048828e+00 2.568735837936401367e+00
-1.783120989799499512e+00 -1.927467703819274902e+00 2.561179876327514648e+00
-1.775157570838928223e+00 -1.920070052146911621e+00 2.553702592849731445e+00
-1.767756700515747070e+00 -1.913607716560363770e+00 2.546408653259277344e+00
-1.761011838912963867e+00 -1.908160805702209473e+00 2.539393901824951172e+00
-1.755002260208129883e+00 -1.903789281845092773e+00 2.532742738723754883e+00
-1.749792695045471191e+00 -1.900533795356750488e+00 2.526528835296630859e+00
-1.745432019233703613e+00 -1.898414492607116699e+00 2.520812034606933594e+00
-1.741951465606689453e+00 -1.897429466247558594e+00 2.515635967254638672e+00
-1.739365816116333008e+00 -1.897557854652404785e+00 2.511030673980712891e+00
-1.934866547584533691e+00 -2.098001718521118164e+00 2.820020198822021484e+00
-2.368286132812500000e+00 -2.537213563919067383e+00 3.455296277999877930e+00
-2.517512798309326172e+00 -2.687933683395385742e+00 3.538513898849487305e+00
-2.615328550338745117e+00 -2.788972616195678711e+00 3.566694974899291992e+00
-2.679853200912475586e+00 -2.858247756958007812e+00 3.537707328796386719e+00
-2.744993925094604492e+00 -2.928096532821655273e+00 3.506104469299316406e+00
-2.810014247894287109e+00 -2.997728586196899414e+00 3.472166061401367188e+00
-2.874215364456176758e+00 -3.066397190093994141e+00 3.436184883117675781e+00
-2.936952590942382812e+00 -3.133414030075073242e+00 3.398467063903808594e+00
-3.040598630905151367e+00 -3.241227626800537109e+00 3.392699718475341797e+00
-3.170812845230102539e+00 -3.377404928207397461e+00 3.415390253067016602e+00
-3.296030521392822266e+00 -3.508294582366943359e+00 3.435738563537597656e+00
-3.415420770645141602e+00 -3.633030414581298828e+00 3.453641414642333984e+00
-3.527046918869018555e+00 -3.754025697708129883e+00 3.473071813583374023e+00
-3.629633188247680664e+00 -3.872600555419921875e+00 3.496433258056640625e+00
-3.725029706954956055e+00 -3.982886552810668945e+00 3.516708135604858398e+00
-3.806744813919067383e+00 -4.078800678253173828e+00 3.548827409744262695e+00
-3.877464056015014648e+00 -4.162822723388671875e+00 3.586385011672973633e+00
-3.941385030746459961e+00 -4.238865852355957031e+00 3.619747400283813477e+00
-3.998751640319824219e+00 -4.307223320007324219e+00 3.647073030471801758e+00
-4.050033569335937500e+00 -4.368486881256103516e+00 3.662423133850097656e+00
-4.095254898071289062e+00 -4.422599792480468750e+00 3.675287485122680664e+00
-4.134807109832763672e+00 -4.470009803771972656e+00 3.685946226119995117e+00
-4.169121265411376953e+00 -4.511211395263671875e+00 3.694697380065917969e+00
-4.198644638061523438e+00 -4.546719074249267578e+00 3.701834440231323242e+00
-4.223831176757812500e+00 -4.577054023742675781e+00 3.707644224166870117e+00
-4.245121479034423828e+00 -4.602722167968750000e+00 3.712398529052734375e+00
-4.262922763824462891e+00 -4.624192714691162109e+00 3.716339588165283203e+00
-4.277605533599853516e+00 -4.641890048980712891e+00 3.719680547714233398e+00
-4.289479732513427734e+00 -4.656170368194580078e+00 3.722593545913696289e+00
-4.298787117004394531e+00 -4.667310714721679688e+00 3.725200176239013672e+00
-4.305699348449707031e+00 -4.675508022308349609e+00 3.727581977844238281e+00
-4.310307502746582031e+00 -4.680864334106445312e+00 3.729764461517333984e+00
-4.312619209289550781e+00 -4.683388233184814453e+00 3.731725215911865234e+00
-4.312555789947509766e+00 -4.682986259460449219e+00 3.733382701873779297e+00
-4.309965133666992188e+00 -4.679482460021972656e+00 3.734617471694946289e+00
-4.304610729217529297e+00 -4.672603607177734375e+00 3.735251903533935547e+00
-4.296195030212402344e+00 -4.662005901336669922e+00 3.735078096389770508e+00
-4.284356594085693359e+00 -4.647272586822509766e+00 3.733845949172973633e+00
-4.268691062927246094e+00 -4.627939701080322266e+00 3.731280326843261719e+00
-4.248759746551513672e+00 -4.603502273559570312e+00 3.727087736129760742e+00
-4.224105834960937500e+00 -4.573437690734863281e+00 3.720965147018432617e+00
-4.194271087646484375e+00 -4.537221431732177734e+00 3.712604045867919922e+00
-4.158808231353759766e+00 -4.494344711303710938e+00 3.701704740524291992e+00
-4.117304325103759766e+00 -4.444337368011474609e+00 3.687991857528686523e+00
-4.069386482238769531e+00 -4.386780261993408203e+00 3.671206474304199219e+00
-4.014750003814697266e+00 -4.321330070495605469e+00 3.651131868362426758e+00
-3.953443765640258789e+00 -4.248132228851318359e+00 3.619024276733398438e+00
-3.885452032089233398e+00 -4.167091846466064453e+00 3.580442190170288086e+00
-3.810535669326782227e+00 -4.077940464019775391e+00 3.537576675415039062e+00
-3.728658914566040039e+00 -3.980664968490600586e+00 3.490319252014160156e+00
-3.639977216720581055e+00 -3.875460147857666016e+00 3.438756704330444336e+00
-3.539967060089111328e+00 -3.759234189987182617e+00 3.394582748413085938e+00
-3.423311948776245117e+00 -3.636660575866699219e+00 3.373726844787597656e+00
-3.300200462341308594e+00 -3.507262468338012695e+00 3.350997447967529297e+00
-3.171255588531494141e+00 -3.371697187423706055e+00 3.326522588729858398e+00
-3.037186145782470703e+00 -3.230713129043579102e+00 3.300450086593627930e+00
-2.907402038574218750e+00 -3.093699932098388672e+00 3.279342174530029297e+00
-2.835153341293334961e+00 -3.013564586639404297e+00 3.302234888076782227e+00
-2.761228322982788086e+00 -2.931593894958496094e+00 3.324766874313354492e+00
-2.690642595291137695e+00 -2.855209589004516602e+00 3.358540534973144531e+00
-2.620349168777465820e+00 -2.779584407806396484e+00 3.394281864166259766e+00
-2.549872636795043945e+00 -2.703798770904541016e+00 3.429378271102905273e+00
-2.398015260696411133e+00 -2.549634695053100586e+00 3.351655721664428711e+00
-2.250056028366088867e+00 -2.396440267562866211e+00 3.323719024658203125e+00
-1.729769587516784668e+00 -1.870165824890136719e+00 2.492181777954101562e+00
-1.713856935501098633e+00 -1.850023627281188965e+00 2.478007555007934570e+00
-1.697778940200805664e+00 -1.829858779907226562e+00 2.463424444198608398e+00
-1.681661486625671387e+00 -1.809814453125000000e+00 2.448577642440795898e+00
-1.665624618530273438e+00 -1.790023684501647949e+00 2.433609962463378906e+00
-1.649777412414550781e+00 -1.770603656768798828e+00 2.418658256530761719e+00
-1.634217500686645508e+00 -1.751655697822570801e+00 2.403848886489868164e+00
-1.619027256965637207e+00 -1.733261227607727051e+00 2.389297246932983398e+00
-1.604273438453674316e+00 -1.715481996536254883e+00 2.375101327896118164e+00
-1.590005159378051758e+00 -1.698357462882995605e+00 2.361343860626220703e+00
-1.576252698898315430e+00 -1.681905150413513184e+00 2.348084688186645508e+00
-1.563028097152709961e+00 -1.666121006011962891e+00 2.335365772247314453e+00
-1.549973964691162109e+00 -1.651309370994567871e+00 2.327602863311767578e+00
-1.537411928176879883e+00 -1.637097954750061035e+00 2.320443868637084961e+00
-1.525329232215881348e+00 -1.623399138450622559e+00 2.313524246215820312e+00
-1.513668298721313477e+00 -1.610132694244384766e+00 2.306801795959472656e+00
-1.502360820770263672e+00 -1.597208261489868164e+00 2.300222158432006836e+00
-1.491326093673706055e+00 -1.584524512290954590e+00 2.293716669082641602e+00
-1.480475544929504395e+00 -1.571972846984863281e+00 2.287204504013061523e+00
-1.469716191291809082e+00 -1.559442877769470215e+00 2.280599594116210938e+00
-1.458951234817504883e+00 -1.546821832656860352e+00 2.273806810379028320e+00
-1.448084831237792969e+00 -1.534001231193542480e+00 2.266730785369873047e+00
-1.437024831771850586e+00 -1.520878672599792480e+00 2.259276390075683594e+00
-1.425678610801696777e+00 -1.507363915443420410e+00 2.251393079757690430e+00
-1.413877487182617188e+00 -1.493460893630981445e+00 2.243752479553222656e+00
-1.401644825935363770e+00 -1.479008316993713379e+00 2.235496520996093750e+00
-1.388922691345214844e+00 -1.463950634002685547e+00 2.226566076278686523e+00
-1.375665903091430664e+00 -1.448246836662292480e+00 2.216914176940917969e+00
-1.361841797828674316e+00 -1.431871175765991211e+00 2.206506490707397461e+00
-1.347433447837829590e+00 -1.414814949035644531e+00 2.195325136184692383e+00
-1.332436561584472656e+00 -1.397083520889282227e+00 2.183365106582641602e+00
-1.316861510276794434e+00 -1.378697872161865234e+00 2.170638799667358398e+00
-1.299780488014221191e+00 -1.358627676963806152e+00 2.154546260833740234e+00
-1.281713128089904785e+00 -1.337462782859802246e+00 2.136467456817626953e+00
-1.263170838356018066e+00 -1.315782666206359863e+00 2.117745161056518555e+00
-1.244211792945861816e+00 -1.293658614158630371e+00 2.098456144332885742e+00
-1.222762584686279297e+00 -1.269172787666320801e+00 2.077011108398437500e+00
-1.196742296218872070e+00 -1.240400433540344238e+00 2.051816701889038086e+00
-1.170398712158203125e+00 -1.211319565773010254e+00 2.026234865188598633e+00
-1.142653465270996094e+00 -1.180938124656677246e+00 1.997889399528503418e+00
-1.116073489189147949e+00 -1.152596831321716309e+00 1.951299428939819336e+00
-1.089387178421020508e+00 -1.124186515808105469e+00 1.904544591903686523e+00
-1.062716960906982422e+00 -1.095830082893371582e+00 1.857836008071899414e+00
-1.036183953285217285e+00 -1.067648053169250488e+00 1.811381697654724121e+00
-1.009906291961669922e+00 -1.039756536483764648e+00 1.765383720397949219e+00
-9.812312126159667969e-01 -1.008566498756408691e+00 1.714821219444274902e+00
-9.506427645683288574e-01 -9.746856689453125000e-01 1.660587191581726074e+00
-9.206798076629638672e-01 -9.414739012718200684e-01 1.607450485229492188e+00
-8.914543390274047852e-01 -9.090464711189270020e-01 1.555605649948120117e+00
-8.723588585853576660e-01 -8.871181607246398926e-01 1.521369218826293945e+00
-8.580521941184997559e-01 -8.707771301269531250e-01 1.495761752128601074e+00
-8.486132621765136719e-01 -8.606331944465637207e-01 1.479178071022033691e+00
-8.411353826522827148e-01 -8.534228205680847168e-01 1.466443300247192383e+00
-8.348671197891235352e-01 -8.472099304199218750e-01 1.455685973167419434e+00
-8.290638327598571777e-01 -8.414068818092346191e-01 1.445701718330383301e+00
-8.236065506935119629e-01 -8.359207510948181152e-01 1.436298489570617676e+00
-8.186661601066589355e-01 -8.309992551803588867e-01 1.427808046340942383e+00
-8.141948580741882324e-01 -8.265758156776428223e-01 1.420138597488403320e+00
-8.100424408912658691e-01 -8.224375844001770020e-01 1.413001418113708496e+00
-8.061966300010681152e-01 -8.185730576515197754e-01 1.406375765800476074e+00
-8.026425242424011230e-01 -8.149683475494384766e-01 1.400236368179321289e+00
-7.994548678398132324e-01 -8.116874694824218750e-01 1.394706487655639648e+00
-7.970567345619201660e-01 -8.090986013412475586e-01 1.390487432479858398e+00
-7.948529124259948730e-01 -8.066812157630920410e-01 1.386591553688049316e+00
-7.928232550621032715e-01 -8.044167160987854004e-01 1.382984995841979980e+00
-7.909474372863769531e-01 -8.022864460945129395e-01 1.379633426666259766e+00
-7.892051935195922852e-01 -8.002718687057495117e-01 1.376502990722656250e+00
-7.875770926475524902e-01 -7.983555197715759277e-01 1.373561143875122070e+00
-7.860442996025085449e-01 -7.965206503868103027e-01 1.370776534080505371e+00
-7.845891714096069336e-01 -7.947518229484558105e-01 1.368119835853576660e+00
-7.831950783729553223e-01 -7.930347323417663574e-01 1.365563631057739258e+00
-7.818467617034912109e-01 -7.913566231727600098e-01 1.363082885742187500e+00
-7.805302739143371582e-01 -7.897060513496398926e-01 1.360654830932617188e+00
-7.792336344718933105e-01 -7.880735993385314941e-01 1.358260035514831543e+00
-7.779453396797180176e-01 -7.864503860473632812e-01 1.355879902839660645e+00
-7.766564488410949707e-01 -7.848300933837890625e-01 1.353500604629516602e+00
-7.753117680549621582e-01 -7.831212282180786133e-01 1.351009368896484375e+00
-7.739514708518981934e-01 -7.814055085182189941e-01 1.348495483398437500e+00
-7.725740075111389160e-01 -7.796866893768310547e-01 1.345958828926086426e+00
-7.711743116378784180e-01 -7.779619693756103516e-01 1.343392014503479004e+00
-7.697485685348510742e-01 -7.762289643287658691e-01 1.340789079666137695e+00
-7.682933807373046875e-01 -7.744855880737304688e-01 1.338144779205322266e+00
-7.668053507804870605e-01 -7.727290391921997070e-01 1.335453510284423828e+00
-7.652817964553833008e-01 -7.709570527076721191e-01 1.332710981369018555e+00
-7.637193799018859863e-01 -7.691655755043029785e-01 1.329911112785339355e+00
-7.621152400970458984e-01 -7.673509716987609863e-01 1.327048420906066895e+00
-7.604655027389526367e-01 -7.655074596405029297e-01 1.324115514755249023e+00
-7.587665319442749023e-01 -7.636292576789855957e-01 1.321105003356933594e+00
-7.570142149925231934e-01 -7.617092132568359375e-01 1.318008184432983398e+00
-7.552035450935363770e-01 -7.597390413284301758e-01 1.314815163612365723e+00
-7.533294558525085449e-01 -7.577096223831176758e-01 1.311515092849731445e+00
-7.513863444328308105e-01 -7.556110024452209473e-01 1.308096051216125488e+00
-7.493687868118286133e-01 -7.534331083297729492e-01 1.304546594619750977e+00
-7.472704052925109863e-01 -7.511647343635559082e-01 1.300853371620178223e+00
-7.450856566429138184e-01 -7.487952709197998047e-01 1.297004461288452148e+00
-7.428092360496520996e-01 -7.463146448135375977e-01 1.292988181114196777e+00
-7.404361963272094727e-01 -7.437130808830261230e-01 1.288793802261352539e+00
-7.379621863365173340e-01 -7.409820556640625000e-01 1.284411907196044922e+00
-7.353841662406921387e-01 -7.381144762039184570e-01 1.279835104942321777e+00
-7.327005863189697266e-01 -7.351055741310119629e-01 1.275059223175048828e+00
-7.299109697341918945e-01 -7.319522500038146973e-01 1.270082235336303711e+00
-7.270166873931884766e-01 -7.286540269851684570e-01 1.264905452728271484e+00
-7.240208387374877930e-01 -7.252129912376403809e-01 1.259533882141113281e+00
-7.209230065345764160e-01 -7.216239571571350098e-01 1.253964185714721680e+00
-7.177220582962036133e-01 -7.178800106048583984e-01 1.248191952705383301e+00
-7.144430279731750488e-01 -7.140205502510070801e-01 1.242267131805419922e+00
-7.110968828201293945e-01 -7.100591063499450684e-01 1.236209750175476074e+00
-7.076967954635620117e-01 -7.060124278068542480e-01 1.230044245719909668e+00
-7.042575478553771973e-01 -7.018992900848388672e-01 1.223798155784606934e+00
-7.007955312728881836e-01 -6.977407336235046387e-01 1.217501759529113770e+00
-6.973280310630798340e-01 -6.935590505599975586e-01 1.211187243461608887e+00
-6.938732862472534180e-01 -6.893781423568725586e-01 1.204888939857482910e+00
-6.904503107070922852e-01 -6.852226853370666504e-01 1.198642134666442871e+00
-6.870778799057006836e-01 -6.811172366142272949e-01 1.192482113838195801e+00
-6.837749481201171875e-01 -6.770865321159362793e-01 1.186444163322448730e+00
-6.805598139762878418e-01 -6.731544733047485352e-01 1.180562496185302734e+00
-6.774497032165527344e-01 -6.693440079689025879e-01 1.174869656562805176e+00
-6.744606494903564453e-01 -6.656761765480041504e-01 1.169395685195922852e+00
-6.716073155403137207e-01 -6.621702313423156738e-01 1.164167881011962891e+00
-6.689021587371826172e-01 -6.588431000709533691e-01 1.159210085868835449e+00
-6.663555502891540527e-01 -6.557085514068603516e-01 1.154541730880737305e+00
-6.639761328697204590e-01 -6.527786254882812500e-01 1.150179147720336914e+00
-6.617695093154907227e-01 -6.500611305236816406e-01 1.146133303642272949e+00
-6.597392559051513672e-01 -6.475615501403808594e-01 1.142411112785339355e+00
-6.578862071037292480e-01 -6.452819705009460449e-01 1.139014720916748047e+00
-6.562086343765258789e-01 -6.432210206985473633e-01 1.135941386222839355e+00
-6.547026634216308594e-01 -6.413745880126953125e-01 1.133184194564819336e+00
-6.533615589141845703e-01 -6.397352814674377441e-01 1.130731225013732910e+00
-6.521767973899841309e-01 -6.382930874824523926e-01 1.128567099571228027e+00
-6.511373519897460938e-01 -6.370351314544677734e-01 1.126672148704528809e+00
-6.502310037612915039e-01 -6.359467506408691406e-01 1.125023841857910156e+00
-6.493593454360961914e-01 -6.350911259651184082e-01 1.123532056808471680e+00
-6.485428214073181152e-01 -6.344149708747863770e-01 1.122195839881896973e+00
-6.478149294853210449e-01 -6.338496804237365723e-01 1.121022820472717285e+00
-6.471574306488037109e-01 -6.333746314048767090e-01 1.119980812072753906e+00
-6.465516686439514160e-01 -6.329684853553771973e-01 1.119036078453063965e+00
-6.459785699844360352e-01 -6.326097249984741211e-01 1.118154764175415039e+00
-6.454197168350219727e-01 -6.322771310806274414e-01 1.117303729057312012e+00
-6.448567509651184082e-01 -6.319497227668762207e-01 1.116450071334838867e+00
-6.442717909812927246e-01 -6.316069364547729492e-01 1.115561962127685547e+00
-6.436486840248107910e-01 -6.312301158905029297e-01 1.114610195159912109e+00
-6.429719924926757812e-01 -6.308009624481201172e-01 1.113566875457763672e+00
-6.422281861305236816e-01 -6.303038001060485840e-01 1.112407565116882324e+00
-6.414053440093994141e-01 -6.297241449356079102e-01 1.111110687255859375e+00
-6.404934525489807129e-01 -6.290497779846191406e-01 1.109657764434814453e+00
-6.394846439361572266e-01 -6.282705664634704590e-01 1.108034253120422363e+00
-6.383735537528991699e-01 -6.273790597915649414e-01 1.106229901313781738e+00
-6.371567249298095703e-01 -6.263698339462280273e-01 1.104237675666809082e+00
-6.358332633972167969e-01 -6.252401471138000488e-01 1.102055430412292480e+00
-6.344044804573059082e-01 -6.239895820617675781e-01 1.099684238433837891e+00
-6.328744888305664062e-01 -6.226205229759216309e-01 1.097130537033081055e+00
-6.312487721443176270e-01 -6.211373805999755859e-01 1.094403147697448730e+00
-6.295355558395385742e-01 -6.195468902587890625e-01 1.091515541076660156e+00
-6.277443766593933105e-01 -6.178576350212097168e-01 1.088483691215515137e+00
-6.258868575096130371e-01 -6.160805821418762207e-01 1.085327148437500000e+00
-6.240767240524291992e-01 -6.143261790275573730e-01 1.082240104675292969e+00
-6.222459673881530762e-01 -6.125285029411315918e-01 1.079106569290161133e+00
-6.203796863555908203e-01 -6.106733679771423340e-01 1.075901031494140625e+00
-6.184930801391601562e-01 -6.087763905525207520e-01 1.072650074958801270e+00
-6.168968677520751953e-01 -6.070980429649353027e-01 1.069863796234130859e+00
-6.155717968940734863e-01 -6.056258678436279297e-01 1.067512154579162598e+00
-6.142306923866271973e-01 -6.041262745857238770e-01 1.065127491950988770e+00
-6.128850579261779785e-01 -6.026127338409423828e-01 1.062730431556701660e+00
-6.115458607673645020e-01 -6.010982394218444824e-01 1.060340762138366699e+00
-6.102229356765747070e-01 -5.995949506759643555e-01 1.057976603507995605e+00
-6.089248061180114746e-01 -5.981135368347167969e-01 1.055653810501098633e+00
-6.076585054397583008e-01 -5.966634154319763184e-01 1.053385376930236816e+00
-6.064298152923583984e-01 -5.952527523040771484e-01 1.051182627677917480e+00
-6.052419543266296387e-01 -5.938870310783386230e-01 1.049052000045776367e+00
-6.040972471237182617e-01 -5.925707817077636719e-01 1.046998858451843262e+00
-6.029958128929138184e-01 -5.913062095642089844e-01 1.045024275779724121e+00
-6.019362807273864746e-01 -5.900938510894775391e-01 1.043126702308654785e+00
-6.009153127670288086e-01 -5.889320373535156250e-01 1.041301369667053223e+00
-5.999283194541931152e-01 -5.878176689147949219e-01 1.039541125297546387e+00
-5.989696979522705078e-01 -5.867462158203125000e-01 1.037836790084838867e+00
-5.980324149131774902e-01 -5.857114791870117188e-01 1.036176681518554688e+00
-5.971086025238037109e-01 -5.847060680389404297e-01 1.034547328948974609e+00
-5.961900353431701660e-01 -5.837219357490539551e-01 1.032935023307800293e+00
-5.952681899070739746e-01 -5.827503204345703125e-01 1.031324744224548340e+00
-5.943341851234436035e-01 -5.817817449569702148e-01 1.029700875282287598e+00
-5.933797955513000488e-01 -5.808070302009582520e-01 1.028048992156982422e+00
-5.923970937728881836e-01 -5.798169970512390137e-01 1.026354670524597168e+00
-5.913790464401245117e-01 -5.788030028343200684e-01 1.024605154991149902e+00
-5.904137492179870605e-01 -5.778349041938781738e-01 1.022943019866943359e+00
-5.898831486701965332e-01 -5.772255659103393555e-01 1.021991729736328125e+00
-5.893234014511108398e-01 -5.765883922576904297e-01 1.020990848541259766e+00
-5.887265205383300781e-01 -5.759138464927673340e-01 1.019926071166992188e+00
-5.880859494209289551e-01 -5.751937031745910645e-01 1.018785119056701660e+00
-5.875884890556335449e-01 -5.746080875396728516e-01 1.017886161804199219e+00
-5.870972275733947754e-01 -5.740220546722412109e-01 1.016994714736938477e+00
-5.865718126296997070e-01 -5.733945369720458984e-01 1.016040921211242676e+00
-5.860102772712707520e-01 -5.727223753929138184e-01 1.015020728111267090e+00
-5.854119658470153809e-01 -5.720037221908569336e-01 1.013932704925537109e+00
-5.847772955894470215e-01 -5.712378621101379395e-01 1.012776613235473633e+00
-5.841086506843566895e-01 -5.704265832901000977e-01 1.011556625366210938e+00
-5.834092497825622559e-01 -5.695726275444030762e-01 1.010277867317199707e+00
-5.826839804649353027e-01 -5.686808228492736816e-01 1.008948802947998047e+00
-5.821326971054077148e-01 -5.679587125778198242e-01 1.007916808128356934e+00
-5.816468000411987305e-01 -5.672939419746398926e-01 1.006993532180786133e+00
-5.811524987220764160e-01 -5.666104555130004883e-01 1.006050705909729004e+00
-5.806556344032287598e-01 -5.659153461456298828e-01 1.005099058151245117e+00
-5.801618099212646484e-01 -5.652158260345458984e-01 1.004149079322814941e+00
-5.796775817871093750e-01 -5.645202994346618652e-01 1.003212809562683105e+00
-5.792101025581359863e-01 -5.638382434844970703e-01 1.002303719520568848e+00
-5.787668228149414062e-01 -5.631795525550842285e-01 1.001435875892639160e+00
-5.783553719520568848e-01 -5.625547170639038086e-01 1.000623822212219238e+00
-5.779836177825927734e-01 -5.619743466377258301e-01 9.998824000358581543e-01
-5.776592493057250977e-01 -5.614492297172546387e-01 9.992263317108154297e-01
-5.773894786834716797e-01 -5.609894990921020508e-01 9.986693859100341797e-01
-5.771813392639160156e-01 -5.606052875518798828e-01 9.982253313064575195e-01
-5.770408511161804199e-01 -5.603054165840148926e-01 9.979057908058166504e-01
-5.769732594490051270e-01 -5.600976943969726562e-01 9.977210760116577148e-01
-5.769821405410766602e-01 -5.599881410598754883e-01 9.976785778999328613e-01
-5.770704150199890137e-01 -5.599817037582397461e-01 9.977841377258300781e-01
-5.772390365600585938e-01 -5.600810050964355469e-01 9.980404376983642578e-01
-5.774874091148376465e-01 -5.602866411209106445e-01 9.984469413757324219e-01
-5.778134465217590332e-01 -5.605972409248352051e-01 9.990003108978271484e-01
-5.782128572463989258e-01 -5.610088109970092773e-01 9.996934533119201660e-01
-5.788817405700683594e-01 -5.617250204086303711e-01 1.000867247581481934e+00
-5.798148512840270996e-01 -5.627399682998657227e-01 1.002512693405151367e+00
-5.808089971542358398e-01 -5.638415813446044922e-01 1.004275560379028320e+00
-5.818466544151306152e-01 -5.650104284286499023e-01 1.006124854087829590e+00
-5.829089283943176270e-01 -5.662251710891723633e-01 1.008026838302612305e+00
-5.839754343032836914e-01 -5.674626827239990234e-01 1.009945273399353027e+00
-5.850259065628051758e-01 -5.686995983123779297e-01 1.011843562126159668e+00
-5.860390663146972656e-01 -5.699111223220825195e-01 1.013683557510375977e+00
-5.869941115379333496e-01 -5.710730552673339844e-01 1.015427708625793457e+00
-5.886009931564331055e-01 -5.728251934051513672e-01 1.018263220787048340e+00
-5.903649330139160156e-01 -5.747066736221313477e-01 1.021355390548706055e+00
-5.919764637947082520e-01 -5.764363408088684082e-01 1.024185657501220703e+00
-5.934139490127563477e-01 -5.779894590377807617e-01 1.026715278625488281e+00
-5.946591496467590332e-01 -5.793443918228149414e-01 1.028911232948303223e+00
-5.956976413726806641e-01 -5.804837346076965332e-01 1.030747175216674805e+00
-5.965184569358825684e-01 -5.813934803009033203e-01 1.032202720642089844e+00
-5.971154570579528809e-01 -5.820649266242980957e-01 1.033266186714172363e+00
-5.971427559852600098e-01 -5.820755362510681152e-01 1.033305048942565918e+00
-5.968163609504699707e-01 -5.816853642463684082e-01 1.032712340354919434e+00
-5.963259935379028320e-01 -5.811215043067932129e-01 1.031832814216613770e+00
-5.956794023513793945e-01 -5.803897976875305176e-01 1.030678749084472656e+00
-5.948868393898010254e-01 -5.794979929924011230e-01 1.029266715049743652e+00
-5.939615368843078613e-01 -5.784573554992675781e-01 1.027618408203125000e+00
-5.929186344146728516e-01 -5.772810578346252441e-01 1.025759100914001465e+00
-5.917752385139465332e-01 -5.759840607643127441e-01 1.023716926574707031e+00
-5.905501246452331543e-01 -5.745834708213806152e-01 1.021523475646972656e+00
-5.892629623413085938e-01 -5.730971097946166992e-01 1.019211649894714355e+00
-5.879348516464233398e-01 -5.715445876121520996e-01 1.016817092895507812e+00
-5.865870714187622070e-01 -5.699459910392761230e-01 1.014375805854797363e+00
-5.854243636131286621e-01 -5.685119032859802246e-01 1.012242913246154785e+00
-5.845931172370910645e-01 -5.673925280570983887e-01 1.010672092437744141e+00
-5.837979316711425781e-01 -5.662796497344970703e-01 1.009148836135864258e+00
-5.830546617507934570e-01 -5.651884078979492188e-01 1.007700085639953613e+00
-5.823780298233032227e-01 -5.641332268714904785e-01 1.006351232528686523e+00
-5.817828178405761719e-01 -5.631285905838012695e-01 1.005127310752868652e+00
-5.812821388244628906e-01 -5.621880292892456055e-01 1.004051089286804199e+00
-5.808881521224975586e-01 -5.613240003585815430e-01 1.003143668174743652e+00
-5.806114673614501953e-01 -5.605477094650268555e-01 1.002423763275146484e+00
-5.804615020751953125e-01 -5.598697066307067871e-01 1.001907825469970703e+00
-5.804454088211059570e-01 -5.592981576919555664e-01 1.001608967781066895e+00
-5.799286365509033203e-01 -5.581840276718139648e-01 1.000428199768066406e+00
-5.785527825355529785e-01 -5.561612844467163086e-01 9.977452158927917480e-01
-5.772299766540527344e-01 -5.541667938232421875e-01 9.951415061950683594e-01
-5.759655833244323730e-01 -5.522078275680541992e-01 9.926269650459289551e-01
-5.747638940811157227e-01 -5.502910614013671875e-01 9.902102947235107422e-01
-5.736277699470520020e-01 -5.484218001365661621e-01 9.878976941108703613e-01
-5.725584030151367188e-01 -5.466037988662719727e-01 9.856923222541809082e-01
-5.715559124946594238e-01 -5.448400378227233887e-01 9.835958480834960938e-01
-5.706185698509216309e-01 -5.431317090988159180e-01 9.816067218780517578e-01
-5.697439908981323242e-01 -5.414795279502868652e-01 9.797223806381225586e-01
-5.727659463882446289e-01 -5.489978790283203125e-01 9.699657559394836426e-01
-5.811790823936462402e-01 -5.692457556724548340e-01 9.492178559303283691e-01
-5.898762941360473633e-01 -5.901053547859191895e-01 9.280660748481750488e-01
-5.979952216148376465e-01 -6.048914790153503418e-01 9.242705106735229492e-01
-6.064825654029846191e-01 -6.201035380363464355e-01 9.217374920845031738e-01
-6.153281927108764648e-01 -6.356357932090759277e-01 9.206966757774353027e-01
-6.246178150177001953e-01 -6.514639854431152344e-01 9.220016002655029297e-01
-6.342560648918151855e-01 -6.671256422996520996e-01 9.247290492057800293e-01
-6.438694596290588379e-01 -6.825648546218872070e-01 9.278036952018737793e-01
-6.532608270645141602e-01 -6.976798176765441895e-01 9.307842254638671875e-01
-6.623469591140747070e-01 -7.123391032218933105e-01 9.336379170417785645e-01
-6.710457801818847656e-01 -7.264126539230346680e-01 9.363337159156799316e-01
-6.792777776718139648e-01 -7.397736310958862305e-01 9.388415813446044922e-01
-6.869678497314453125e-01 -7.523017525672912598e-01 9.411350488662719727e-01
-6.940461397171020508e-01 -7.638843059539794922e-01 9.431888461112976074e-01
-7.004498839378356934e-01 -7.744195461273193359e-01 9.449816942214965820e-01
-7.061246037483215332e-01 -7.838183641433715820e-01 9.464951157569885254e-01
-7.110247611999511719e-01 -7.920057177543640137e-01 9.477140903472900391e-01
-7.151156067848205566e-01 -7.989227175712585449e-01 9.486280083656311035e-01
-7.183725833892822266e-01 -8.045272231101989746e-01 9.492296576499938965e-01
-7.207831144332885742e-01 -8.087951540946960449e-01 9.495159983634948730e-01
-7.223454713821411133e-01 -8.117203712463378906e-01 9.494878649711608887e-01
-7.230696678161621094e-01 -8.133147954940795898e-01 9.491500258445739746e-01
-7.229768633842468262e-01 -8.136081695556640625e-01 9.485115408897399902e-01
-7.220991849899291992e-01 -8.126477003097534180e-01 9.475842714309692383e-01
-7.204783558845520020e-01 -8.104957342147827148e-01 9.463843107223510742e-01
-7.181650400161743164e-01 -8.072292208671569824e-01 9.449303746223449707e-01
-7.152183055877685547e-01 -8.029386997222900391e-01 9.432444572448730469e-01
-7.117040157318115234e-01 -7.977255582809448242e-01 9.413502812385559082e-01
-7.076935768127441406e-01 -7.917002439498901367e-01 9.392743110656738281e-01
-7.032620906829833984e-01 -7.849797010421752930e-01 9.370442032814025879e-01
-6.984890699386596680e-01 -7.776876688003540039e-01 9.346893429756164551e-01
-6.934541463851928711e-01 -7.699494361877441406e-01 9.322390556335449219e-01
-6.882382631301879883e-01 -7.618919610977172852e-01 9.297237396240234375e-01
-6.829216480255126953e-01 -7.536419034004211426e-01 9.271736741065979004e-01
-6.775827407836914062e-01 -7.453233599662780762e-01 9.246193766593933105e-01
-6.722964644432067871e-01 -7.370557785034179688e-01 9.220898151397705078e-01
-6.671347618103027344e-01 -7.289540767669677734e-01 9.196134805679321289e-01
-6.621655225753784180e-01 -7.211267948150634766e-01 9.172177314758300781e-01
-6.574504971504211426e-01 -7.136737704277038574e-01 9.149284362792968750e-01
-6.530468463897705078e-01 -7.066879272460937500e-01 9.127693176269531250e-01
-6.490052938461303711e-01 -7.002516984939575195e-01 9.107633233070373535e-01
-6.453698873519897461e-01 -6.944382190704345703e-01 9.089291691780090332e-01
-6.421785354614257812e-01 -6.893101334571838379e-01 9.072861671447753906e-01
-6.394618749618530273e-01 -6.849195957183837891e-01 9.058488011360168457e-01
-6.372436285018920898e-01 -6.813073158264160156e-01 9.046300053596496582e-01
-6.355404257774353027e-01 -6.785032749176025391e-01 9.036401510238647461e-01
-6.343616247177124023e-01 -6.765256524085998535e-01 9.028865098953247070e-01
-6.337094306945800781e-01 -6.753813028335571289e-01 9.023739695549011230e-01
-6.335791945457458496e-01 -6.750658750534057617e-01 9.021046161651611328e-01
-6.339591145515441895e-01 -6.755637526512145996e-01 9.020776152610778809e-01
-6.348310708999633789e-01 -6.768489480018615723e-01 9.022894501686096191e-01
-6.361704468727111816e-01 -6.788845062255859375e-01 9.027348160743713379e-01
-6.379470825195312500e-01 -6.816247105598449707e-01 9.034048318862915039e-01
-6.401250362396240234e-01 -6.850138306617736816e-01 9.042894244194030762e-01
-6.426634192466735840e-01 -6.889881491661071777e-01 9.053754806518554688e-01
-6.455173492431640625e-01 -6.934773921966552734e-01 9.066483974456787109e-01
-6.486388444900512695e-01 -6.984051465988159180e-01 9.080920219421386719e-01
-6.519762873649597168e-01 -7.036893367767333984e-01 9.096881747245788574e-01
-6.554765105247497559e-01 -7.092449665069580078e-01 9.114177823066711426e-01
-6.590856313705444336e-01 -7.149854898452758789e-01 9.132608771324157715e-01
-6.627489328384399414e-01 -7.208228111267089844e-01 9.151957631111145020e-01
-6.664125919342041016e-01 -7.266697287559509277e-01 9.172011017799377441e-01
-6.700246930122375488e-01 -7.324419617652893066e-01 9.192551970481872559e-01
-6.735349893569946289e-01 -7.380580902099609375e-01 9.213353991508483887e-01
-6.768970489501953125e-01 -7.434422373771667480e-01 9.234206080436706543e-01
-6.800681948661804199e-01 -7.485245466232299805e-01 9.254893660545349121e-01
-6.830102801322937012e-01 -7.532424330711364746e-01 9.275215864181518555e-01
-6.856903433799743652e-01 -7.575420141220092773e-01 9.294968843460083008e-01
-6.880813241004943848e-01 -7.613784670829772949e-01 9.313977360725402832e-01
-6.901623606681823730e-01 -7.647171616554260254e-01 9.332068562507629395e-01
-6.919185519218444824e-01 -7.675336003303527832e-01 9.349081516265869141e-01
-6.933423280715942383e-01 -7.698146104812622070e-01 9.364889860153198242e-01
-6.944314837455749512e-01 -7.715564370155334473e-01 9.379369020462036133e-01
-6.951913833618164062e-01 -7.727674841880798340e-01 9.392423629760742188e-01
-6.956328153610229492e-01 -7.734651565551757812e-01 9.403968453407287598e-01
-6.957726478576660156e-01 -7.736768722534179688e-01 9.413951039314270020e-01
-6.956330537796020508e-01 -7.734386920928955078e-01 9.422333240509033203e-01
-6.952407360076904297e-01 -7.727946043014526367e-01 9.429099559783935547e-01
-6.946267485618591309e-01 -7.717956304550170898e-01 9.434251189231872559e-01
-6.938257217407226562e-01 -7.704983949661254883e-01 9.437817931175231934e-01
-6.928750872611999512e-01 -7.689648270606994629e-01 9.439843893051147461e-01
-6.918138861656188965e-01 -7.672591805458068848e-01 9.440396428108215332e-01
-6.906834840774536133e-01 -7.654492259025573730e-01 9.439559578895568848e-01
-6.895250082015991211e-01 -7.636030912399291992e-01 9.437432289123535156e-01
-6.883803009986877441e-01 -7.617894411087036133e-01 9.434130787849426270e-01
-6.872899532318115234e-01 -7.600753307342529297e-01 9.429783225059509277e-01
-6.862937808036804199e-01 -7.585259079933166504e-01 9.424532055854797363e-01
-6.854298710823059082e-01 -7.572039365768432617e-01 9.418526887893676758e-01
-6.847336888313293457e-01 -7.561673521995544434e-01 9.411924481391906738e-01
-6.842379570007324219e-01 -7.554696798324584961e-01 9.404886364936828613e-01
-6.839724183082580566e-01 -7.551592588424682617e-01 9.397575855255126953e-01
-6.839628219604492188e-01 -7.552778720855712891e-01 9.390152692794799805e-01
-6.842311024665832520e-01 -7.558603286743164062e-01 9.382779598236083984e-01
-6.847949028015136719e-01 -7.569351196289062500e-01 9.375599026679992676e-01
-6.856673955917358398e-01 -7.585227489471435547e-01 9.368761181831359863e-01
-6.868570446968078613e-01 -7.606353759765625000e-01 9.362392425537109375e-01
-6.883671283721923828e-01 -7.632774710655212402e-01 9.356607794761657715e-01
-6.901962161064147949e-01 -7.664449214935302734e-01 9.351511001586914062e-01
-6.923379898071289062e-01 -7.701260447502136230e-01 9.347181320190429688e-01
-6.947810649871826172e-01 -7.743001580238342285e-01 9.343689680099487305e-01
-6.975089907646179199e-01 -7.789387702941894531e-01 9.341079592704772949e-01
-7.005010843276977539e-01 -7.840062379837036133e-01 9.339379072189331055e-01
-7.037315964698791504e-01 -7.894586920738220215e-01 9.338598847389221191e-01
-7.071713805198669434e-01 -7.952464222908020020e-01 9.338731169700622559e-01
-7.107867598533630371e-01 -8.013126850128173828e-01 9.339749217033386230e-01
-7.145408391952514648e-01 -8.075954914093017578e-01 9.341614842414855957e-01
-7.183943986892700195e-01 -8.140286803245544434e-01 9.344272613525390625e-01
-7.223051190376281738e-01 -8.205416798591613770e-01 9.347658753395080566e-01
-7.262294888496398926e-01 -8.270613551139831543e-01 9.351696968078613281e-01
-7.301227450370788574e-01 -8.335133790969848633e-01 9.356304407119750977e-01
-7.348911762237548828e-01 -8.415552973747253418e-01 9.363502264022827148e-01
-7.422762513160705566e-01 -8.543655276298522949e-01 9.377148151397705078e-01
-7.494563460350036621e-01 -8.668119907379150391e-01 9.390999674797058105e-01
-7.563614249229431152e-01 -8.787735700607299805e-01 9.404900074005126953e-01
-7.629234790802001953e-01 -8.901326656341552734e-01 9.418690800666809082e-01
-7.690786123275756836e-01 -9.007784128189086914e-01 9.432211518287658691e-01
-7.747679352760314941e-01 -9.106086492538452148e-01 9.445307254791259766e-01
-7.799384593963623047e-01 -9.195315837860107422e-01 9.457828402519226074e-01
-7.845466732978820801e-01 -9.274711608886718750e-01 9.469628334045410156e-01
-7.885572314262390137e-01 -9.343662858009338379e-01 9.480566978454589844e-01
-7.919465303421020508e-01 -9.401752948760986328e-01 9.490519762039184570e-01
-7.947025299072265625e-01 -9.448778629302978516e-01 9.499369263648986816e-01
-7.968274950981140137e-01 -9.484776854515075684e-01 9.507011771202087402e-01
-7.983381748199462891e-01 -9.510043859481811523e-01 9.513360261917114258e-01
-7.992669343948364258e-01 -9.525144696235656738e-01 9.518354535102844238e-01
-7.996625304222106934e-01 -9.530937671661376953e-01 9.521944522857666016e-01
-7.995902895927429199e-01 -9.528566598892211914e-01 9.524119496345520020e-01
-7.991334795951843262e-01 -9.519492387771606445e-01 9.524899125099182129e-01
-7.983914017677307129e-01 -9.505452513694763184e-01 9.524335265159606934e-01
-7.974800467491149902e-01 -9.488478899002075195e-01 9.522523283958435059e-01
-7.965311408042907715e-01 -9.470871686935424805e-01 9.519608020782470703e-01
-7.956897616386413574e-01 -9.455167055130004883e-01 9.515781998634338379e-01
-7.951139807701110840e-01 -9.444118738174438477e-01 9.511293172836303711e-01
-7.949713468551635742e-01 -9.440640211105346680e-01 9.506453871726989746e-01
-7.954373955726623535e-01 -9.447777271270751953e-01 9.501631259918212891e-01
-7.975155115127563477e-01 -9.479880332946777344e-01 9.499647021293640137e-01
-8.013804554939270020e-01 -9.539980888366699219e-01 9.500979781150817871e-01
-8.065590858459472656e-01 -9.622259140014648438e-01 9.504308700561523438e-01
-8.132229447364807129e-01 -9.729648828506469727e-01 9.510263800621032715e-01
-8.215306997299194336e-01 -9.864854812622070312e-01 9.519513249397277832e-01
-8.316230773925781250e-01 -1.003027081489562988e+00 9.532777667045593262e-01
-8.436193466186523438e-01 -1.022791504859924316e+00 9.550803303718566895e-01
-8.576136827468872070e-01 -1.045935988426208496e+00 9.574374556541442871e-01
-8.736718297004699707e-01 -1.072568535804748535e+00 9.604284167289733887e-01
-8.918275833129882812e-01 -1.102741360664367676e+00 9.641327261924743652e-01
-9.124038219451904297e-01 -1.136987328529357910e+00 9.686803221702575684e-01
-9.388331174850463867e-01 -1.181037068367004395e+00 9.746889472007751465e-01
-9.679102897644042969e-01 -1.229518413543701172e+00 9.817437529563903809e-01
-9.995403885841369629e-01 -1.282258629798889160e+00 9.899150729179382324e-01
-1.033583760261535645e+00 -1.339007496833801270e+00 9.992660880088806152e-01
-1.069851040840148926e+00 -1.399423480033874512e+00 1.009829759597778320e+00
-1.108057737350463867e+00 -1.462901949882507324e+00 1.021309018135070801e+00
-1.148183822631835938e+00 -1.529889702796936035e+00 1.033532261848449707e+00
-1.191241025924682617e+00 -1.604793429374694824e+00 1.042079925537109375e+00
-1.233495116233825684e+00 -1.679601550102233887e+00 1.051617860794067383e+00
-1.275082945823669434e+00 -1.754815936088562012e+00 1.058852314949035645e+00
-1.312336564064025879e+00 -1.827986598014831543e+00 1.054410696029663086e+00
-1.349112391471862793e+00 -1.901056647300720215e+00 1.049615859985351562e+00
-1.383535742759704590e+00 -1.979493498802185059e+00 1.031188368797302246e+00
-1.416624188423156738e+00 -2.056606531143188477e+00 1.012189269065856934e+00
-1.448023676872253418e+00 -2.131653547286987305e+00 9.927831888198852539e-01
-1.582236289978027344e+00 -2.277333021163940430e+00 1.200257658958435059e+00
-2.380533933639526367e+00 -2.517878532409667969e+00 4.175992488861083984e+00
-3.061707735061645508e+00 -3.250371694564819336e+00 5.172419548034667969e+00
-3.313620805740356445e+00 -3.531716585159301758e+00 5.347297668457031250e+00
-3.523662090301513672e+00 -3.767555952072143555e+00 5.442108154296875000e+00
-3.708307027816772461e+00 -3.971037149429321289e+00 5.499509334564208984e+00
-3.881775617599487305e+00 -4.160483837127685547e+00 5.538538455963134766e+00
-4.051608085632324219e+00 -4.350213050842285156e+00 5.575139999389648438e+00
-4.212930679321289062e+00 -4.548393726348876953e+00 5.620986938476562500e+00
-4.369678020477294922e+00 -4.741670608520507812e+00 5.660021781921386719e+00
-4.518483161926269531e+00 -4.925475597381591797e+00 5.690358161926269531e+00
-4.655677795410156250e+00 -5.094791889190673828e+00 5.709968566894531250e+00
-4.894850254058837891e+00 -5.370139122009277344e+00 5.895804882049560547e+00
-5.176794052124023438e+00 -5.688726425170898438e+00 6.143352508544921875e+00
-5.443736076354980469e+00 -5.994181632995605469e+00 6.393145084381103516e+00
-5.697749614715576172e+00 -6.285314559936523438e+00 6.631584167480468750e+00
-5.917320728302001953e+00 -6.540252208709716797e+00 6.854953765869140625e+00
-6.125719547271728516e+00 -6.783345222473144531e+00 7.103005886077880859e+00
-6.319790363311767578e+00 -7.009908676147460938e+00 7.333779335021972656e+00
-6.499084472656250000e+00 -7.219396114349365234e+00 7.546823501586914062e+00
-6.663305282592773438e+00 -7.411435127258300781e+00 7.741896152496337891e+00
-6.812319278717041016e+00 -7.585844993591308594e+00 7.918952465057373047e+00
-6.946134567260742188e+00 -7.742609500885009766e+00 8.078139305114746094e+00
-7.064894676208496094e+00 -7.881871700286865234e+00 8.219758987426757812e+00
-7.168874263763427734e+00 -8.003927230834960938e+00 8.344287872314453125e+00
-7.258459568023681641e+00 -8.109207153320312500e+00 8.452321052551269531e+00
-7.334140777587890625e+00 -8.198258399963378906e+00 8.544571876525878906e+00
-7.396490573883056641e+00 -8.271732330322265625e+00 8.621854782104492188e+00
-7.446159839630126953e+00 -8.330370903015136719e+00 8.685048103332519531e+00
-7.483860015869140625e+00 -8.374988555908203125e+00 8.735097885131835938e+00
-7.510344505310058594e+00 -8.406453132629394531e+00 8.772979736328125000e+00
-7.526409626007080078e+00 -8.425682067871093750e+00 8.799704551696777344e+00
-7.532871723175048828e+00 -8.433618545532226562e+00 8.816274642944335938e+00
-7.530558109283447266e+00 -8.431223869323730469e+00 8.823700904846191406e+00
-7.520301818847656250e+00 -8.419464111328125000e+00 8.822970390319824219e+00
-7.502934932708740234e+00 -8.399309158325195312e+00 8.815052032470703125e+00
-7.479272365570068359e+00 -8.371708869934082031e+00 8.800886154174804688e+00
-7.450122356414794922e+00 -8.337607383728027344e+00 8.781373977661132812e+00
-7.416263103485107422e+00 -8.297912597656250000e+00 8.757375717163085938e+00
-7.378456115722656250e+00 -8.253519058227539062e+00 8.729723930358886719e+00
-7.337425231933593750e+00 -8.205274581909179688e+00 8.699193954467773438e+00
-7.293872356414794922e+00 -8.154002189636230469e+00 8.666529655456542969e+00
-7.248476028442382812e+00 -8.100499153137207031e+00 8.632454872131347656e+00
-7.201865673065185547e+00 -8.045505523681640625e+00 8.597613334655761719e+00
-7.154648780822753906e+00 -7.989735126495361328e+00 8.562655448913574219e+00
-7.107399463653564453e+00 -7.933865070343017578e+00 8.528176307678222656e+00
-7.060650825500488281e+00 -7.878523826599121094e+00 8.494750022888183594e+00
-7.014907836914062500e+00 -7.824305534362792969e+00 8.462900161743164062e+00
-6.970629692077636719e+00 -7.771751880645751953e+00 8.433132171630859375e+00
-6.928245544433593750e+00 -7.721370697021484375e+00 8.405916213989257812e+00
-6.888134002685546875e+00 -7.673609256744384766e+00 8.381678581237792969e+00
-6.850635528564453125e+00 -7.628871440887451172e+00 8.360801696777343750e+00
-6.816040039062500000e+00 -7.587501049041748047e+00 8.343623161315917969e+00
-6.784596443176269531e+00 -7.549794673919677734e+00 8.330430030822753906e+00
-6.756489276885986328e+00 -7.515973091125488281e+00 8.321447372436523438e+00
-6.731849670410156250e+00 -7.486196517944335938e+00 8.316820144653320312e+00
-6.710751056671142578e+00 -7.460556030273437500e+00 8.316621780395507812e+00
-6.693199157714843750e+00 -7.439062595367431641e+00 8.320846557617187500e+00
-6.679131507873535156e+00 -7.421650886535644531e+00 8.329366683959960938e+00
-6.668413162231445312e+00 -7.408169269561767578e+00 8.341967582702636719e+00
-6.660838603973388672e+00 -7.398382663726806641e+00 8.358308792114257812e+00
-6.656117439270019531e+00 -7.391957759857177734e+00 8.377925872802734375e+00
-6.653889179229736328e+00 -7.388477325439453125e+00 8.400222778320312500e+00
-6.653708934783935547e+00 -7.387428760528564453e+00 8.424473762512207031e+00
-6.655057430267333984e+00 -7.388208389282226562e+00 8.449814796447753906e+00
-6.657342433929443359e+00 -7.390128135681152344e+00 8.475247383117675781e+00
-6.659892559051513672e+00 -7.392407417297363281e+00 8.499629974365234375e+00
-6.661974906921386719e+00 -7.394193172454833984e+00 8.521717071533203125e+00
-6.662801265716552734e+00 -7.394564628601074219e+00 8.540134429931640625e+00
-6.661527156829833984e+00 -7.392536640167236328e+00 8.553412437438964844e+00
-6.657271862030029297e+00 -7.387079715728759766e+00 8.559998512268066406e+00
-6.649125576019287109e+00 -7.377129554748535156e+00 8.558284759521484375e+00
-6.636166572570800781e+00 -7.361606121063232422e+00 8.546623229980468750e+00
-6.617478847503662109e+00 -7.339436531066894531e+00 8.523364067077636719e+00
-6.592157840728759766e+00 -7.309559822082519531e+00 8.486871719360351562e+00
-6.559341430664062500e+00 -7.270961761474609375e+00 8.435578346252441406e+00
-6.518225669860839844e+00 -7.222698211669921875e+00 8.368013381958007812e+00
-6.468075275421142578e+00 -7.163903236389160156e+00 8.282819747924804688e+00
-6.408254146575927734e+00 -7.093826293945312500e+00 8.178829193115234375e+00
-6.338241100311279297e+00 -7.011849880218505859e+00 8.055063247680664062e+00
-6.257647514343261719e+00 -6.917511463165283203e+00 7.910793304443359375e+00
-6.166234016418457031e+00 -6.810525417327880859e+00 7.745570182800292969e+00
-6.063929080963134766e+00 -6.690798759460449219e+00 7.559233188629150391e+00
-5.950838088989257812e+00 -6.558448791503906250e+00 7.351973056793212891e+00
-5.825271606445312500e+00 -6.411678791046142578e+00 7.119545936584472656e+00
-5.681311607360839844e+00 -6.244163990020751953e+00 6.847461223602294922e+00
-5.527410507202148438e+00 -6.065054893493652344e+00 6.555611610412597656e+00
-5.364540100097656250e+00 -5.875477313995361328e+00 6.245820999145507812e+00
-5.193889141082763672e+00 -5.676808357238769531e+00 5.920326232910156250e+00
-5.016841888427734375e+00 -5.470655441284179688e+00 5.581741333007812500e+00
-4.834967613220214844e+00 -5.258841037750244141e+00 5.233016014099121094e+00
-4.649998664855957031e+00 -5.043378829956054688e+00 4.877420902252197266e+00
-4.463802337646484375e+00 -4.826442718505859375e+00 4.518476486206054688e+00
-4.285964965820312500e+00 -4.622083187103271484e+00 4.180422782897949219e+00
-4.113688468933105469e+00 -4.427503585815429688e+00 3.863952159881591797e+00
-3.993199348449707031e+00 -4.289113044738769531e+00 3.764073848724365234e+00
-3.890283346176147461e+00 -4.169220447540283203e+00 3.689476013183593750e+00
-3.791679143905639648e+00 -4.055188655853271484e+00 3.647050380706787109e+00
-3.699731349945068359e+00 -3.948929786682128906e+00 3.609757900238037109e+00
-3.616141796112060547e+00 -3.852283477783203125e+00 3.576527595520019531e+00
-3.541894674301147461e+00 -3.766395092010498047e+00 3.547637939453125000e+00
-3.477836132049560547e+00 -3.692253589630126953e+00 3.523295640945434570e+00
-3.422940969467163086e+00 -3.634902477264404297e+00 3.509097099304199219e+00
-3.379756450653076172e+00 -3.589910507202148438e+00 3.498595714569091797e+00
-3.348634004592895508e+00 -3.557577371597290039e+00 3.491645812988281250e+00
-3.329699277877807617e+00 -3.538027286529541016e+00 3.488089561462402344e+00
-3.322867631912231445e+00 -3.531164646148681641e+00 3.487710714340209961e+00
-3.327833175659179688e+00 -3.536660432815551758e+00 3.490226507186889648e+00
-3.344080686569213867e+00 -3.553968429565429688e+00 3.495301246643066406e+00
-3.370885133743286133e+00 -3.582321166992187500e+00 3.502553462982177734e+00
-3.407330989837646484e+00 -3.620753049850463867e+00 3.511559963226318359e+00
-3.452318191528320312e+00 -3.668106079101562500e+00 3.521864175796508789e+00
-3.504500627517700195e+00 -3.723276615142822266e+00 3.533271789550781250e+00
-3.560851097106933594e+00 -3.788814544677734375e+00 3.550472974777221680e+00
-3.621412038803100586e+00 -3.859310388565063477e+00 3.568040132522583008e+00
-3.684628963470458984e+00 -3.932967185974121094e+00 3.585329771041870117e+00
-3.748896598815917969e+00 -4.007927894592285156e+00 3.601705789566040039e+00
-3.812580823898315430e+00 -4.082299232482910156e+00 3.616551399230957031e+00
-3.871029853820800781e+00 -4.151381015777587891e+00 3.636415243148803711e+00
-3.922178983688354492e+00 -4.212883949279785156e+00 3.661849975585937500e+00
-3.969795942306518555e+00 -4.269951343536376953e+00 3.685909032821655273e+00
-4.012918472290039062e+00 -4.321348190307617188e+00 3.708387374877929688e+00
-4.048866748809814453e+00 -4.364270687103271484e+00 3.726170063018798828e+00
-4.076614379882812500e+00 -4.397514343261718750e+00 3.736491918563842773e+00
-4.095198631286621094e+00 -4.419934749603271484e+00 3.738762140274047852e+00
-4.103698730468750000e+00 -4.430406093597412109e+00 3.736263751983642578e+00
-4.101477146148681641e+00 -4.428167343139648438e+00 3.728777647018432617e+00
-4.088087558746337891e+00 -4.412684917449951172e+00 3.716175794601440430e+00
-4.063278198242187500e+00 -4.383654594421386719e+00 3.698419094085693359e+00
-4.026998996734619141e+00 -4.341011524200439453e+00 3.675565004348754883e+00
-3.979529619216918945e+00 -4.285111904144287109e+00 3.643985271453857422e+00
-3.921246767044067383e+00 -4.216402530670166016e+00 3.603381156921386719e+00
-3.852617025375366211e+00 -4.135413169860839844e+00 3.556645631790161133e+00
-3.774382591247558594e+00 -4.043018817901611328e+00 3.504288673400878906e+00
-3.687460899353027344e+00 -3.940303325653076172e+00 3.446926832199096680e+00
-3.590101003646850586e+00 -3.825912952423095703e+00 3.391988992691040039e+00
-3.479885578155517578e+00 -3.697909355163574219e+00 3.348884820938110352e+00
-3.362440347671508789e+00 -3.567145824432373047e+00 3.309658765792846680e+00
-3.238625288009643555e+00 -3.437272310256958008e+00 3.277241230010986328e+00
-3.112303495407104492e+00 -3.304837942123413086e+00 3.245290756225585938e+00
-2.985265254974365234e+00 -3.171720504760742188e+00 3.214257240295410156e+00
-2.859330415725708008e+00 -3.039828777313232422e+00 3.184583663940429688e+00
-2.789199590682983398e+00 -2.963555097579956055e+00 3.195896148681640625e+00
-2.732036590576171875e+00 -2.901415109634399414e+00 3.218794107437133789e+00
-2.680403232574462891e+00 -2.846118211746215820e+00 3.246850252151489258e+00
-2.633182287216186523e+00 -2.795632123947143555e+00 3.274815797805786133e+00
-2.592163562774658203e+00 -2.751868963241577148e+00 3.304096221923828125e+00
-2.558043479919433594e+00 -2.715572357177734375e+00 3.334432125091552734e+00
-2.529657602310180664e+00 -2.685496807098388672e+00 3.362652301788330078e+00
-2.487107038497924805e+00 -2.642623424530029297e+00 3.356539487838745117e+00
-2.430463314056396484e+00 -2.585512161254882812e+00 3.316751480102539062e+00
-2.400281667709350586e+00 -2.554223299026489258e+00 3.317197561264038086e+00
-2.385721683502197266e+00 -2.539655923843383789e+00 3.321573972702026367e+00
-2.386898756027221680e+00 -2.541917324066162109e+00 3.329735279083251953e+00
-2.403697252273559570e+00 -2.560868740081787109e+00 3.341476917266845703e+00
-2.435774326324462891e+00 -2.596128463745117188e+00 3.356540203094482422e+00
-2.490438699722290039e+00 -2.653124332427978516e+00 3.399107933044433594e+00
-2.563157796859741211e+00 -2.726714372634887695e+00 3.462640762329101562e+00
-2.599289655685424805e+00 -2.766092300415039062e+00 3.456456184387207031e+00
-2.640753269195556641e+00 -2.811160802841186523e+00 3.446995735168457031e+00
-2.686560153961181641e+00 -2.860854148864746094e+00 3.433722972869873047e+00
-2.736049175262451172e+00 -2.914456129074096680e+00 3.416764974594116211e+00
-2.788525342941284180e+00 -2.971215248107910156e+00 3.396310091018676758e+00
-2.843275547027587891e+00 -3.030362129211425781e+00 3.372602701187133789e+00
-2.899575710296630859e+00 -3.091116428375244141e+00 3.345941543579101562e+00
-2.956701993942260742e+00 -3.152699232101440430e+00 3.316674232482910156e+00
-3.071863651275634766e+00 -3.272168159484863281e+00 3.329310894012451172e+00
-3.196349382400512695e+00 -3.402511596679687500e+00 3.355112314224243164e+00
-3.318952322006225586e+00 -3.530843734741210938e+00 3.378511428833007812e+00
-3.438166856765747070e+00 -3.655592203140258789e+00 3.399231910705566406e+00
-3.550963640213012695e+00 -3.779214859008789062e+00 3.422177076339721680e+00
-3.655682325363159180e+00 -3.901032924652099609e+00 3.448156595230102539e+00
-3.744613170623779297e+00 -4.006584644317626953e+00 3.494731426239013672e+00
-3.825652360916137695e+00 -4.102935314178466797e+00 3.540285348892211914e+00
-3.898468494415283203e+00 -4.189523220062255859e+00 3.580717802047729492e+00
-3.962184190750122070e+00 -4.265299320220947266e+00 3.615564823150634766e+00
-4.016082763671875000e+00 -4.329420089721679688e+00 3.642487764358520508e+00
-4.059622764587402344e+00 -4.381269931793212891e+00 3.656946182250976562e+00
-4.091949939727783203e+00 -4.419768333435058594e+00 3.666661500930786133e+00
-4.112587451934814453e+00 -4.444344997406005859e+00 3.671488761901855469e+00
-4.121169090270996094e+00 -4.454565048217773438e+00 3.671324014663696289e+00
-4.117449760437011719e+00 -4.450136661529541016e+00 3.666103124618530273e+00
-4.101305007934570312e+00 -4.430914878845214844e+00 3.655806064605712891e+00
-4.072733879089355469e+00 -4.396901607513427734e+00 3.640455961227416992e+00
-4.031865596771240234e+00 -4.348256587982177734e+00 3.620124101638793945e+00
-3.978958368301391602e+00 -4.285293102264404297e+00 3.594928503036499023e+00
-3.914711236953735352e+00 -4.208918094635009766e+00 3.556044340133666992e+00
-3.839449882507324219e+00 -4.119482994079589844e+00 3.509454011917114258e+00
-3.753778696060180664e+00 -4.017705440521240234e+00 3.456908226013183594e+00
-3.658474206924438477e+00 -3.904515981674194336e+00 3.398875951766967773e+00
-3.554436206817626953e+00 -3.780992507934570312e+00 3.335894823074340820e+00
-3.435259580612182617e+00 -3.646032333374023438e+00 3.287225008010864258e+00
-3.299743413925170898e+00 -3.503886461257934570e+00 3.260246276855468750e+00
-3.157930374145507812e+00 -3.355165004730224609e+00 3.232635498046875000e+00
-3.011311531066894531e+00 -3.201429843902587891e+00 3.204685688018798828e+00
-2.863845109939575195e+00 -3.046697616577148438e+00 3.178478240966796875e+00
-2.790209293365478516e+00 -2.965200662612915039e+00 3.209291696548461914e+00
-2.725244998931884766e+00 -2.895025014877319336e+00 3.259123802185058594e+00
-2.661647558212280273e+00 -2.826597929000854492e+00 3.310493469238281250e+00
-2.599646091461181641e+00 -2.759948968887329102e+00 3.361577987670898438e+00
-2.539956331253051758e+00 -2.695849180221557617e+00 3.411839485168457031e+00
-2.391430854797363281e+00 -2.540580272674560547e+00 3.335039615631103516e+00
-2.241521596908569336e+00 -2.384381532669067383e+00 3.239628076553344727e+00
-1.844659090042114258e+00 -1.982658028602600098e+00 2.620088338851928711e+00
-1.836165189743041992e+00 -1.971824526786804199e+00 2.616329669952392578e+00
-1.827175378799438477e+00 -1.960837721824645996e+00 2.611621618270874023e+00
-1.817797780036926270e+00 -1.949827313423156738e+00 2.606022596359252930e+00
-1.808144450187683105e+00 -1.938922524452209473e+00 2.599600315093994141e+00
-1.798328518867492676e+00 -1.928248167037963867e+00 2.592427492141723633e+00
-1.788463711738586426e+00 -1.917924046516418457e+00 2.584583997726440430e+00
-1.778660058975219727e+00 -1.908060669898986816e+00 2.576150655746459961e+00
-1.769023656845092773e+00 -1.898759484291076660e+00 2.567213296890258789e+00
-1.759653687477111816e+00 -1.890109300613403320e+00 2.557856082916259766e+00
-1.750641226768493652e+00 -1.882186174392700195e+00 2.548164606094360352e+00
-1.742068767547607422e+00 -1.875052690505981445e+00 2.538222789764404297e+00
-1.735894441604614258e+00 -1.870777726173400879e+00 2.528684377670288086e+00
-1.731457710266113281e+00 -1.868621945381164551e+00 2.519410610198974609e+00
-1.727402091026306152e+00 -1.867098689079284668e+00 2.510054588317871094e+00
-1.723741292953491211e+00 -1.866187810897827148e+00 2.500683307647705078e+00
-1.920984983444213867e+00 -2.073048353195190430e+00 2.814567804336547852e+00
-2.417320013046264648e+00 -2.580474615097045898e+00 3.579202413558959961e+00
-2.580349206924438477e+00 -2.748550891876220703e+00 3.710592269897460938e+00
-2.653039455413818359e+00 -2.825456380844116211e+00 3.699735164642333984e+00
-2.715470314025878906e+00 -2.892612695693969727e+00 3.666879415512084961e+00
-2.778345346450805664e+00 -2.960207462310791016e+00 3.630157232284545898e+00
-2.843585491180419922e+00 -3.030288457870483398e+00 3.594126939773559570e+00
-2.909675359725952148e+00 -3.101237058639526367e+00 3.557657957077026367e+00
-2.974560022354125977e+00 -3.170860052108764648e+00 3.518684864044189453e+00
-3.047395229339599609e+00 -3.248214244842529297e+00 3.484867334365844727e+00
-3.179293155670166016e+00 -3.384003400802612305e+00 3.494943857192993164e+00
-3.307415962219238281e+00 -3.515837669372558594e+00 3.503146648406982422e+00
-3.429286718368530273e+00 -3.646930456161499023e+00 3.514860391616821289e+00
-3.547707080841064453e+00 -3.784008979797363281e+00 3.542470216751098633e+00
-3.660894155502319336e+00 -3.915261745452880859e+00 3.569603204727172852e+00
-3.767515182495117188e+00 -4.038876056671142578e+00 3.594388484954833984e+00
-3.867022275924682617e+00 -4.154210567474365234e+00 3.616832017898559570e+00
-3.950659990310668945e+00 -4.253006458282470703e+00 3.656503438949584961e+00
-4.025104522705078125e+00 -4.341442108154296875e+00 3.692453145980834961e+00
-4.092218399047851562e+00 -4.421195507049560547e+00 3.717311382293701172e+00
-4.151427745819091797e+00 -4.491518020629882812e+00 3.739101171493530273e+00
-4.202453613281250000e+00 -4.552078247070312500e+00 3.757738113403320312e+00
-4.245042324066162109e+00 -4.602574348449707031e+00 3.773135662078857422e+00
-4.278953075408935547e+00 -4.642724990844726562e+00 3.785194635391235352e+00
-4.305774688720703125e+00 -4.673950672149658203e+00 3.796866655349731445e+00
-4.324488162994384766e+00 -4.695258140563964844e+00 3.806675434112548828e+00
-4.333862781524658203e+00 -4.705463886260986328e+00 3.812753677368164062e+00
-4.333713531494140625e+00 -4.704361438751220703e+00 3.814972877502441406e+00
-4.323880195617675781e+00 -4.691771984100341797e+00 3.813201904296875000e+00
-4.304224014282226562e+00 -4.667547225952148438e+00 3.807313203811645508e+00
-4.274638652801513672e+00 -4.631576061248779297e+00 3.797184944152832031e+00
-4.235057830810546875e+00 -4.583796977996826172e+00 3.782706022262573242e+00
-4.185460567474365234e+00 -4.524202823638916016e+00 3.763783216476440430e+00
-4.125885963439941406e+00 -4.452859401702880859e+00 3.740344762802124023e+00
-4.056495666503906250e+00 -4.369990348815917969e+00 3.710560321807861328e+00
-3.977801561355590820e+00 -4.276297569274902344e+00 3.664597988128662109e+00
-3.889713764190673828e+00 -4.171613216400146484e+00 3.612810850143432617e+00
-3.792585372924804688e+00 -4.056372642517089844e+00 3.555367708206176758e+00
-3.675393819808959961e+00 -3.920455217361450195e+00 3.519623517990112305e+00
-3.549131155014038086e+00 -3.774237155914306641e+00 3.481182098388671875e+00
-3.413860082626342773e+00 -3.627080917358398438e+00 3.451801776885986328e+00
-3.270263910293579102e+00 -3.476207733154296875e+00 3.426021337509155273e+00
-3.120341539382934570e+00 -3.318634748458862305e+00 3.398513555526733398e+00
-2.981644392013549805e+00 -3.173587560653686523e+00 3.387780904769897461e+00
-2.906232118606567383e+00 -3.092045068740844727e+00 3.429079532623291016e+00
-2.828958272933959961e+00 -3.008489131927490234e+00 3.470132827758789062e+00
-2.750482559204101562e+00 -2.923639059066772461e+00 3.510632276535034180e+00
-2.671509742736816406e+00 -2.838262557983398438e+00 3.550277233123779297e+00
-2.592777252197265625e+00 -2.753163576126098633e+00 3.588777065277099609e+00
-2.433558940887451172e+00 -2.589036703109741211e+00 3.498615503311157227e+00
-2.077061176300048828e+00 -2.220827341079711914e+00 3.081111431121826172e+00
-1.690283298492431641e+00 -1.824198246002197266e+00 2.463034391403198242e+00
-1.671781063079833984e+00 -1.801282644271850586e+00 2.448876619338989258e+00
-1.652944922447204590e+00 -1.778329491615295410e+00 2.434072017669677734e+00
-1.633982896804809570e+00 -1.755599379539489746e+00 2.418793678283691406e+00
-1.615107297897338867e+00 -1.733353972434997559e+00 2.403220891952514648e+00
-1.596531629562377930e+00 -1.711851119995117188e+00 2.387536764144897461e+00
-1.578467369079589844e+00 -1.691340923309326172e+00 2.371923446655273438e+00
-1.561117887496948242e+00 -1.672059416770935059e+00 2.356558799743652344e+00
-1.544677257537841797e+00 -1.654226183891296387e+00 2.341614007949829102e+00
-1.529325842857360840e+00 -1.638039588928222656e+00 2.327251434326171875e+00
-1.516714692115783691e+00 -1.625266790390014648e+00 2.314069271087646484e+00
-1.507511019706726074e+00 -1.616614818572998047e+00 2.302360296249389648e+00
-1.499843358993530273e+00 -1.610064268112182617e+00 2.291638135910034180e+00
-1.493765592575073242e+00 -1.605652332305908203e+00 2.281989097595214844e+00
-1.489306569099426270e+00 -1.603383541107177734e+00 2.273478507995605469e+00
-1.486470341682434082e+00 -1.603230476379394531e+00 2.266153812408447266e+00
-1.485236644744873047e+00 -1.605135321617126465e+00 2.260041475296020508e+00
-1.485562920570373535e+00 -1.609012365341186523e+00 2.255150079727172852e+00
-1.487385988235473633e+00 -1.614750266075134277e+00 2.251469850540161133e+00
-1.490624189376831055e+00 -1.622216224670410156e+00 2.248975515365600586e+00
-1.495179533958435059e+00 -1.631258368492126465e+00 2.247626543045043945e+00
-1.500941157341003418e+00 -1.641710042953491211e+00 2.247369527816772461e+00
-1.953596353530883789e+00 -2.112077236175537109e+00 3.006971120834350586e+00
-2.493355274200439453e+00 -2.663270711898803711e+00 3.803681850433349609e+00
-2.643798112869262695e+00 -2.817074775695800781e+00 3.895748138427734375e+00
-2.720979213714599609e+00 -2.900709629058837891e+00 3.869442462921142578e+00
-2.804147720336914062e+00 -2.990686416625976562e+00 3.850811958312988281e+00
-2.887144088745117188e+00 -3.080419540405273438e+00 3.831089258193969727e+00
-2.968192577362060547e+00 -3.168004035949707031e+00 3.808674097061157227e+00
-3.046685457229614258e+00 -3.252783775329589844e+00 3.783813238143920898e+00
-3.122091531753540039e+00 -3.334185123443603516e+00 3.756795406341552734e+00
-3.197607517242431641e+00 -3.415343284606933594e+00 3.730642795562744141e+00
-3.331477403640747070e+00 -3.554036378860473633e+00 3.749150037765502930e+00
-3.457269906997680664e+00 -3.689450740814208984e+00 3.769476652145385742e+00
-3.573913812637329102e+00 -3.822177886962890625e+00 3.793251037597656250e+00
-3.683119297027587891e+00 -3.946401834487915039e+00 3.813701868057250977e+00
-3.784562826156616211e+00 -4.061756134033203125e+00 3.830954551696777344e+00
-3.878039360046386719e+00 -4.168008804321289062e+00 3.845178604125976562e+00
-3.963458299636840820e+00 -4.265058040618896484e+00 3.856573581695556641e+00
-4.043416976928710938e+00 -4.356844902038574219e+00 3.872049331665039062e+00
-4.116213321685791016e+00 -4.440744876861572266e+00 3.887165307998657227e+00
-4.180604934692382812e+00 -4.515058994293212891e+00 3.899580955505371094e+00
-4.232798576354980469e+00 -4.576415061950683594e+00 3.913390874862670898e+00
-4.276590347290039062e+00 -4.628278732299804688e+00 3.928228378295898438e+00
-4.314042091369628906e+00 -4.672653675079345703e+00 3.940407276153564453e+00
-4.345583438873291016e+00 -4.710038185119628906e+00 3.950202941894531250e+00
-4.371685028076171875e+00 -4.740978717803955078e+00 3.957899093627929688e+00
-4.392843723297119141e+00 -4.766057491302490234e+00 3.963780164718627930e+00
-4.409578323364257812e+00 -4.785878658294677734e+00 3.968129158020019531e+00
-4.422413825988769531e+00 -4.801060199737548828e+00 3.971215963363647461e+00
-4.431876182556152344e+00 -4.812220096588134766e+00 3.973300933837890625e+00
-4.438486099243164062e+00 -4.819970607757568359e+00 3.974630594253540039e+00
-4.442744731903076172e+00 -4.824904918670654297e+00 3.975429773330688477e+00
-4.445130348205566406e+00 -4.827587604522705078e+00 3.975904464721679688e+00
-4.446090698242187500e+00 -4.828550338745117188e+00 3.976235151290893555e+00
-4.446032524108886719e+00 -4.828277111053466797e+00 3.976575851440429688e+00
-4.445322990417480469e+00 -4.827204227447509766e+00 3.977056026458740234e+00
-4.444277763366699219e+00 -4.825709342956542969e+00 3.977775812149047852e+00
-4.443154811859130859e+00 -4.824103832244873047e+00 3.978797912597656250e+00
-4.442155361175537109e+00 -4.822631359100341797e+00 3.980158805847167969e+00
-4.441422462463378906e+00 -4.821467399597167969e+00 3.981865406036376953e+00
-4.441028594970703125e+00 -4.820705413818359375e+00 3.983884811401367188e+00
-4.440988540649414062e+00 -4.820369243621826172e+00 3.986162662506103516e+00
-4.441242694854736328e+00 -4.820397853851318359e+00 3.988601446151733398e+00
-4.441671371459960938e+00 -4.820657253265380859e+00 3.991082429885864258e+00
-4.442089080810546875e+00 -4.820938110351562500e+00 3.993454456329345703e+00
-4.442250251770019531e+00 -4.820956230163574219e+00 3.995541334152221680e+00
-4.441845417022705078e+00 -4.820356845855712891e+00 3.997139453887939453e+00
-4.440515518188476562e+00 -4.818723201751708984e+00 3.998025178909301758e+00
-4.437849998474121094e+00 -4.815579414367675781e+00 3.997947931289672852e+00
-4.433393478393554688e+00 -4.810394763946533203e+00 3.996649503707885742e+00
-4.426656723022460938e+00 -4.802600383758544922e+00 3.993850231170654297e+00
-4.421513080596923828e+00 -4.796052932739257812e+00 3.997038125991821289e+00
-4.414500713348388672e+00 -4.787154197692871094e+00 4.000746250152587891e+00
-4.404786586761474609e+00 -4.775411128997802734e+00 4.004888534545898438e+00
-4.391706943511962891e+00 -4.760010719299316406e+00 4.008884429931640625e+00
-4.371700286865234375e+00 -4.737051963806152344e+00 4.015680789947509766e+00
-4.342056751251220703e+00 -4.703886985778808594e+00 4.030090808868408203e+00
-4.306222438812255859e+00 -4.663597583770751953e+00 4.042421817779541016e+00
-4.263723373413085938e+00 -4.615629196166992188e+00 4.052379131317138672e+00
-4.214129924774169922e+00 -4.559480667114257812e+00 4.059669017791748047e+00
-4.157078266143798828e+00 -4.494727134704589844e+00 4.064008712768554688e+00
-4.092279911041259766e+00 -4.421029567718505859e+00 4.065140247344970703e+00
-4.017993927001953125e+00 -4.338007926940917969e+00 4.068307399749755859e+00
-3.935429811477661133e+00 -4.245622634887695312e+00 4.068475723266601562e+00
-3.844593524932861328e+00 -4.143834114074707031e+00 4.065304279327392578e+00
-3.745547533035278320e+00 -4.032707214355468750e+00 4.058611392974853516e+00
-3.639003038406372070e+00 -3.913024425506591797e+00 4.049405097961425781e+00
-3.526202678680419922e+00 -3.786159753799438477e+00 4.039634704589843750e+00
-3.406032562255859375e+00 -3.650891780853271484e+00 4.026111125946044922e+00
-3.305639028549194336e+00 -3.534222602844238281e+00 4.028561592102050781e+00
-3.239124536514282227e+00 -3.450361251831054688e+00 4.060918807983398438e+00
-3.167489767074584961e+00 -3.363348960876464844e+00 4.092736721038818359e+00
-3.089195966720581055e+00 -3.277769804000854492e+00 4.129029273986816406e+00
-3.007014989852905273e+00 -3.188009977340698242e+00 4.161778926849365234e+00
-2.921330928802490234e+00 -3.094489097595214844e+00 4.190721988677978516e+00
-2.832559585571289062e+00 -2.997659683227539062e+00 4.215631961822509766e+00
-2.741141796112060547e+00 -2.898000955581665039e+00 4.236325263977050781e+00
-2.647540807723999023e+00 -2.796015977859497070e+00 4.252664566040039062e+00
-2.548825025558471680e+00 -2.689475059509277344e+00 4.260828018188476562e+00
-2.089533329010009766e+00 -2.208579778671264648e+00 3.525739431381225586e+00
-1.221370577812194824e+00 -1.311337113380432129e+00 2.024470567703247070e+00
-1.132086992263793945e+00 -1.213352680206298828e+00 1.904201865196228027e+00
-1.097423911094665527e+00 -1.172619700431823730e+00 1.875149369239807129e+00
-1.061575174331665039e+00 -1.131043195724487305e+00 1.845685243606567383e+00
-1.028997898101806641e+00 -1.093006610870361328e+00 1.814909458160400391e+00
-1.008117437362670898e+00 -1.067467451095581055e+00 1.776710391044616699e+00
-9.878066182136535645e-01 -1.042629837989807129e+00 1.739555954933166504e+00
-9.683907628059387207e-01 -1.018842458724975586e+00 1.704017043113708496e+00
-9.543141126632690430e-01 -1.000682353973388672e+00 1.677804708480834961e+00
-9.351432323455810547e-01 -9.778676033020019531e-01 1.643042564392089844e+00
-9.154999256134033203e-01 -9.548085927963256836e-01 1.607579112052917480e+00
-8.968434333801269531e-01 -9.329034090042114258e-01 1.573894977569580078e+00
-8.791634440422058105e-01 -9.121492505073547363e-01 1.541976094245910645e+00
-8.624429702758789062e-01 -8.925348520278930664e-01 1.511795997619628906e+00
-8.466594219207763672e-01 -8.740420937538146973e-01 1.483317971229553223e+00
-8.377708792686462402e-01 -8.637163043022155762e-01 1.467323780059814453e+00
-8.334290385246276855e-01 -8.585093021392822266e-01 1.459431290626525879e+00
-8.293018937110900879e-01 -8.536053895950317383e-01 1.451951384544372559e+00
-8.252729773521423340e-01 -8.488669395446777344e-01 1.444673299789428711e+00
-8.213479518890380859e-01 -8.443012237548828125e-01 1.437607645988464355e+00
-8.178896307945251465e-01 -8.405080437660217285e-01 1.431494235992431641e+00
-8.148025274276733398e-01 -8.373249769210815430e-01 1.426136016845703125e+00
-8.117888569831848145e-01 -8.342532515525817871e-01 1.420922756195068359e+00
-8.088529706001281738e-01 -8.312953114509582520e-01 1.415860891342163086e+00
-8.059988617897033691e-01 -8.284524679183959961e-01 1.410956025123596191e+00
-8.032305240631103516e-01 -8.257257938385009766e-01 1.406213521957397461e+00
-8.005521297454833984e-01 -8.231163024902343750e-01 1.401639103889465332e+00
-7.979671359062194824e-01 -8.206238746643066406e-01 1.397236943244934082e+00
-7.954784035682678223e-01 -8.182474374771118164e-01 1.393009901046752930e+00
-7.930884361267089844e-01 -8.159854412078857422e-01 1.388960599899291992e+00
-7.907991409301757812e-01 -8.138355612754821777e-01 1.385089993476867676e+00
-7.876775264739990234e-01 -8.103850483894348145e-01 1.379558682441711426e+00
-7.844610214233398438e-01 -8.067425489425659180e-01 1.373816847801208496e+00
-7.813170552253723145e-01 -8.031567931175231934e-01 1.368192076683044434e+00
-7.782440781593322754e-01 -7.996224761009216309e-01 1.362679839134216309e+00
-7.752417325973510742e-01 -7.961362600326538086e-01 1.357278108596801758e+00
-7.723098993301391602e-01 -7.926962971687316895e-01 1.351985812187194824e+00
-7.696674466133117676e-01 -7.896161079406738281e-01 1.347225904464721680e+00
-7.673726677894592285e-01 -7.869791984558105469e-01 1.343110680580139160e+00
-7.651454806327819824e-01 -7.843835353851318359e-01 1.339099049568176270e+00
-7.630655169486999512e-01 -7.819458842277526855e-01 1.335345864295959473e+00
-7.611016035079956055e-01 -7.796230912208557129e-01 1.331791758537292480e+00
-7.591986656188964844e-01 -7.773384451866149902e-01 1.328331470489501953e+00
-7.573554515838623047e-01 -7.750936746597290039e-01 1.324964165687561035e+00
-7.555714249610900879e-01 -7.728917598724365234e-01 1.321690678596496582e+00
-7.538455724716186523e-01 -7.707359194755554199e-01 1.318511486053466797e+00
-7.521771192550659180e-01 -7.686297893524169922e-01 1.315427303314208984e+00
-7.505647540092468262e-01 -7.665768861770629883e-01 1.312438130378723145e+00
-7.490077614784240723e-01 -7.645815014839172363e-01 1.309545397758483887e+00
-7.475045323371887207e-01 -7.626470327377319336e-01 1.306748509407043457e+00
-7.460533976554870605e-01 -7.607769966125488281e-01 1.304047346115112305e+00
-7.446523904800415039e-01 -7.589741945266723633e-01 1.301440715789794922e+00
-7.432988286018371582e-01 -7.572407722473144531e-01 1.298926472663879395e+00
-7.419891357421875000e-01 -7.555775046348571777e-01 1.296500682830810547e+00
-7.407200932502746582e-01 -7.539849877357482910e-01 1.294159293174743652e+00
-7.394864559173583984e-01 -7.524616718292236328e-01 1.291895389556884766e+00
-7.382835745811462402e-01 -7.510057091712951660e-01 1.289702296257019043e+00
-7.371048331260681152e-01 -7.496128678321838379e-01 1.287569761276245117e+00
-7.359439134597778320e-01 -7.482786178588867188e-01 1.285487771034240723e+00
-7.347940802574157715e-01 -7.469973564147949219e-01 1.283445477485656738e+00
-7.336475849151611328e-01 -7.457618117332458496e-01 1.281429409980773926e+00
-7.324969172477722168e-01 -7.445642948150634766e-01 1.279426813125610352e+00
-7.313343882560729980e-01 -7.433965206146240234e-01 1.277424216270446777e+00
-7.301527857780456543e-01 -7.422498464584350586e-01 1.275408267974853516e+00
-7.289450168609619141e-01 -7.411155104637145996e-01 1.273366212844848633e+00
-7.277050018310546875e-01 -7.399851083755493164e-01 1.271286368370056152e+00
-7.264276146888732910e-01 -7.388510704040527344e-01 1.269158720970153809e+00
-7.251089215278625488e-01 -7.377064228057861328e-01 1.266974925994873047e+00
-7.237465381622314453e-01 -7.365455627441406250e-01 1.264729380607604980e+00
-7.223390936851501465e-01 -7.353636622428894043e-01 1.262418031692504883e+00
-7.208876609802246094e-01 -7.341582775115966797e-01 1.260041117668151855e+00
-7.194528579711914062e-01 -7.330121994018554688e-01 1.257713437080383301e+00
-7.180148363113403320e-01 -7.318912744522094727e-01 1.255394220352172852e+00
-7.165404558181762695e-01 -7.307408452033996582e-01 1.253015875816345215e+00
-7.150354981422424316e-01 -7.295622229576110840e-01 1.250585913658142090e+00
-7.135072946548461914e-01 -7.283582091331481934e-01 1.248115062713623047e+00
-7.119639515876770020e-01 -7.271322011947631836e-01 1.245614647865295410e+00
-7.104139924049377441e-01 -7.258879542350769043e-01 1.243097305297851562e+00
-7.088662385940551758e-01 -7.246294617652893066e-01 1.240575671195983887e+00
-7.073294520378112793e-01 -7.233605384826660156e-01 1.238062500953674316e+00
-7.058114409446716309e-01 -7.220839858055114746e-01 1.235568642616271973e+00
-7.043194770812988281e-01 -7.208018302917480469e-01 1.233104228973388672e+00
-7.028588652610778809e-01 -7.195142507553100586e-01 1.230675816535949707e+00
-7.014340758323669434e-01 -7.182204127311706543e-01 1.228288412094116211e+00
-7.000469565391540527e-01 -7.169167995452880859e-01 1.225942730903625488e+00
-6.986979246139526367e-01 -7.155987024307250977e-01 1.223636865615844727e+00
-6.973845958709716797e-01 -7.142584323883056641e-01 1.221364140510559082e+00
-6.961030364036560059e-01 -7.128871083259582520e-01 1.219115495681762695e+00
-6.948471069335937500e-01 -7.114740014076232910e-01 1.216877937316894531e+00
-6.936084032058715820e-01 -7.100062370300292969e-01 1.214634895324707031e+00
-6.923774480819702148e-01 -7.084705233573913574e-01 1.212368369102478027e+00
-6.911430358886718750e-01 -7.068525552749633789e-01 1.210057258605957031e+00
-6.898932456970214844e-01 -7.051376104354858398e-01 1.207679867744445801e+00
-6.886152029037475586e-01 -7.033113241195678711e-01 1.205213427543640137e+00
-6.873182654380798340e-01 -7.013918161392211914e-01 1.202678084373474121e+00
-6.860834956169128418e-01 -6.995021104812622070e-01 1.200233817100524902e+00
-6.847943663597106934e-01 -6.974800825119018555e-01 1.197658061981201172e+00
-6.834399104118347168e-01 -6.953167319297790527e-01 1.194932818412780762e+00
-6.820104122161865234e-01 -6.930056810379028320e-01 1.192042946815490723e+00
-6.804981827735900879e-01 -6.905433535575866699e-01 1.188977241516113281e+00
-6.788979172706604004e-01 -6.879298090934753418e-01 1.185729384422302246e+00
-6.772059798240661621e-01 -6.851675510406494141e-01 1.182295799255371094e+00
-6.754219532012939453e-01 -6.822633743286132812e-01 1.178679466247558594e+00
-6.735470294952392578e-01 -6.792262196540832520e-01 1.174886226654052734e+00
-6.715856194496154785e-01 -6.760691404342651367e-01 1.170927882194519043e+00
-6.695437431335449219e-01 -6.728070974349975586e-01 1.166819095611572266e+00
-6.674298048019409180e-01 -6.694576144218444824e-01 1.162578821182250977e+00
-6.652538776397705078e-01 -6.660400629043579102e-01 1.158228993415832520e+00
-6.630273461341857910e-01 -6.625750660896301270e-01 1.153793573379516602e+00
-6.607627272605895996e-01 -6.590840220451354980e-01 1.149298429489135742e+00
-6.584728956222534180e-01 -6.555883288383483887e-01 1.144770145416259766e+00
-6.561709046363830566e-01 -6.521088480949401855e-01 1.140234708786010742e+00
-6.538696289062500000e-01 -6.486657261848449707e-01 1.135717868804931641e+00
-6.515807509422302246e-01 -6.452767848968505859e-01 1.131242752075195312e+00
-6.498249769210815430e-01 -6.428964734077453613e-01 1.127917051315307617e+00
-6.478632688522338867e-01 -6.408862471580505371e-01 1.124518394470214844e+00
-6.459539532661437988e-01 -6.389321088790893555e-01 1.121211528778076172e+00
-6.441001892089843750e-01 -6.370365023612976074e-01 1.118001699447631836e+00
-6.423029303550720215e-01 -6.351995468139648438e-01 1.114890217781066895e+00
-6.405617594718933105e-01 -6.334198713302612305e-01 1.111875891685485840e+00
-6.388726830482482910e-01 -6.316927075386047363e-01 1.108951210975646973e+00
-6.372305154800415039e-01 -6.300120353698730469e-01 1.106107115745544434e+00
-6.369447112083435059e-01 -6.294588446617126465e-01 1.105484843254089355e+00
-6.373009681701660156e-01 -6.294398307800292969e-01 1.105914473533630371e+00
-6.375107169151306152e-01 -6.293005347251892090e-01 1.106104969978332520e+00
-6.375745534896850586e-01 -6.290389299392700195e-01 1.106055855751037598e+00
-6.374939680099487305e-01 -6.286535859107971191e-01 1.105768442153930664e+00
-6.372715830802917480e-01 -6.281443238258361816e-01 1.105245709419250488e+00
-6.369109153747558594e-01 -6.275115609169006348e-01 1.104492425918579102e+00
-6.364164948463439941e-01 -6.267571449279785156e-01 1.103514790534973145e+00
-6.357939243316650391e-01 -6.258838176727294922e-01 1.102321147918701172e+00
-6.350500583648681641e-01 -6.248958706855773926e-01 1.100922226905822754e+00
-6.341926455497741699e-01 -6.237987279891967773e-01 1.099330067634582520e+00
-6.332311630249023438e-01 -6.225994825363159180e-01 1.097559690475463867e+00
-6.321756839752197266e-01 -6.213065385818481445e-01 1.095627903938293457e+00
-6.310377120971679688e-01 -6.199296712875366211e-01 1.093553304672241211e+00
-6.298297047615051270e-01 -6.184799075126647949e-01 1.091356992721557617e+00
-6.285651922225952148e-01 -6.169697642326354980e-01 1.089061498641967773e+00
-6.272580623626708984e-01 -6.154122352600097656e-01 1.086690425872802734e+00
-6.259237527847290039e-01 -6.138221025466918945e-01 1.084269762039184570e+00
-6.245768666267395020e-01 -6.122136116027832031e-01 1.081824779510498047e+00
-6.232333183288574219e-01 -6.106025576591491699e-01 1.079382658004760742e+00
-6.219082474708557129e-01 -6.090039014816284180e-01 1.076969265937805176e+00
-6.206169724464416504e-01 -6.074333786964416504e-01 1.074611425399780273e+00
-6.193742156028747559e-01 -6.059058308601379395e-01 1.072334170341491699e+00
-6.175806522369384766e-01 -6.036901473999023438e-01 1.069042325019836426e+00
-6.153419613838195801e-01 -6.009126305580139160e-01 1.064927697181701660e+00
-6.131076216697692871e-01 -5.981177687644958496e-01 1.060809850692749023e+00
-6.108849644660949707e-01 -5.953130722045898438e-01 1.056701660156250000e+00
-6.086814403533935547e-01 -5.925064086914062500e-01 1.052616000175476074e+00
-6.065031290054321289e-01 -5.897048115730285645e-01 1.048563957214355469e+00
-6.043565869331359863e-01 -5.869158506393432617e-01 1.044557213783264160e+00
-6.022468209266662598e-01 -5.841460227966308594e-01 1.040605068206787109e+00
-5.992568135261535645e-01 -5.804570913314819336e-01 1.035119652748107910e+00
-5.955104827880859375e-01 -5.759780406951904297e-01 1.028316497802734375e+00
-5.918768644332885742e-01 -5.716399550437927246e-01 1.021720886230468750e+00
-5.887393355369567871e-01 -5.679908394813537598e-01 1.016073107719421387e+00
-5.857125520706176758e-01 -5.644749402999877930e-01 1.010626792907714844e+00
-5.828047394752502441e-01 -5.611021518707275391e-01 1.005396962165832520e+00
-5.841419696807861328e-01 -5.676642060279846191e-01 9.918392896652221680e-01
-5.903279185295104980e-01 -5.855907797813415527e-01 9.687141180038452148e-01
-5.966271162033081055e-01 -6.036326289176940918e-01 9.458661675453186035e-01
-6.029888987541198730e-01 -6.216696500778198242e-01 9.234005212783813477e-01
-6.093606352806091309e-01 -6.395797133445739746e-01 9.014175534248352051e-01
-6.156890392303466797e-01 -6.572408080101013184e-01 8.800128102302551270e-01
-6.212085485458374023e-01 -6.700290441513061523e-01 8.700423836708068848e-01
-6.261741518974304199e-01 -6.797766089439392090e-01 8.669258952140808105e-01
-6.309888362884521484e-01 -6.892525553703308105e-01 8.638443350791931152e-01
-6.356061697006225586e-01 -6.983732581138610840e-01 8.608059287071228027e-01
-6.399820446968078613e-01 -7.070593833923339844e-01 8.578191399574279785e-01
-6.440748572349548340e-01 -7.152359485626220703e-01 8.548908829689025879e-01
-6.479650139808654785e-01 -7.228057980537414551e-01 8.524502515792846680e-01
-6.516600847244262695e-01 -7.296967506408691406e-01 8.506523966789245605e-01
-6.549432277679443359e-01 -7.359008193016052246e-01 8.488348126411437988e-01
-6.577882766723632812e-01 -7.413722276687622070e-01 8.469980359077453613e-01
-6.603428721427917480e-01 -7.462949752807617188e-01 8.453595638275146484e-01
-6.625806093215942383e-01 -7.506266832351684570e-01 8.439062833786010742e-01
-6.643766760826110840e-01 -7.541993260383605957e-01 8.424900770187377930e-01
-6.657312512397766113e-01 -7.570098042488098145e-01 8.411167263984680176e-01
-6.666494607925415039e-01 -7.590639591217041016e-01 8.397914171218872070e-01
-6.671410799026489258e-01 -7.603754997253417969e-01 8.385177254676818848e-01
-6.672203540802001953e-01 -7.609661221504211426e-01 8.372985720634460449e-01
-6.669059991836547852e-01 -7.608656883239746094e-01 8.361353278160095215e-01
-6.662200689315795898e-01 -7.601094245910644531e-01 8.350282311439514160e-01
-6.651885509490966797e-01 -7.587405443191528320e-01 8.339763283729553223e-01
-6.638399362564086914e-01 -7.568063139915466309e-01 8.329776525497436523e-01
-6.622056365013122559e-01 -7.543594241142272949e-01 8.320288062095642090e-01
-6.603188514709472656e-01 -7.514558434486389160e-01 8.311265707015991211e-01
-6.582143902778625488e-01 -7.481550574302673340e-01 8.302657604217529297e-01
-6.559278368949890137e-01 -7.445181012153625488e-01 8.294410109519958496e-01
-6.534956097602844238e-01 -7.406072616577148438e-01 8.286467194557189941e-01
-6.509536504745483398e-01 -7.364850044250488281e-01 8.278768062591552734e-01
-6.483379602432250977e-01 -7.322134375572204590e-01 8.271254301071166992e-01
-6.456832885742187500e-01 -7.278534173965454102e-01 8.263861536979675293e-01
-6.430232524871826172e-01 -7.234639525413513184e-01 8.256532549858093262e-01
-6.403896808624267578e-01 -7.191007137298583984e-01 8.249213695526123047e-01
-6.378130912780761719e-01 -7.148180007934570312e-01 8.241854310035705566e-01
-6.353219151496887207e-01 -7.106657028198242188e-01 8.234410881996154785e-01
-6.329419612884521484e-01 -7.066904306411743164e-01 8.226842880249023438e-01
-6.310188174247741699e-01 -7.038450241088867188e-01 8.214411735534667969e-01
-6.294590234756469727e-01 -7.018436789512634277e-01 8.198770880699157715e-01
-6.280673742294311523e-01 -7.001156806945800781e-01 8.183027505874633789e-01
-6.268551945686340332e-01 -6.986774206161499023e-01 8.167235255241394043e-01
-6.258314251899719238e-01 -6.975413560867309570e-01 8.151457309722900391e-01
-6.250021457672119141e-01 -6.967153549194335938e-01 8.135753273963928223e-01
-6.243711709976196289e-01 -6.962033510208129883e-01 8.120188713073730469e-01
-6.239398717880249023e-01 -6.960058212280273438e-01 8.104826211929321289e-01
-6.237072944641113281e-01 -6.961192488670349121e-01 8.089724183082580566e-01
-6.236703395843505859e-01 -6.965370774269104004e-01 8.074936866760253906e-01
-6.238237619400024414e-01 -6.972495913505554199e-01 8.060510754585266113e-01
-6.241607069969177246e-01 -6.982446908950805664e-01 8.046485185623168945e-01
-6.246722936630249023e-01 -6.995076537132263184e-01 8.032895922660827637e-01
-6.253483295440673828e-01 -7.010215520858764648e-01 8.019757866859436035e-01
-6.261772513389587402e-01 -7.027679085731506348e-01 8.007086515426635742e-01
-6.271464228630065918e-01 -7.047268152236938477e-01 7.994886636734008789e-01
-6.282427310943603516e-01 -7.068782448768615723e-01 7.983152866363525391e-01
-6.294522285461425781e-01 -7.092005014419555664e-01 7.971878647804260254e-01
-6.307617425918579102e-01 -7.116734385490417480e-01 7.961051464080810547e-01
-6.321576833724975586e-01 -7.142767906188964844e-01 7.950658202171325684e-01
-6.336269974708557129e-01 -7.169910669326782227e-01 7.940680384635925293e-01
-6.351583003997802734e-01 -7.197990417480468750e-01 7.931116223335266113e-01
-6.367408037185668945e-01 -7.226848602294921875e-01 7.921956777572631836e-01
-6.383653283119201660e-01 -7.256350517272949219e-01 7.913200259208679199e-01
-6.400244235992431641e-01 -7.286386489868164062e-01 7.904866337776184082e-01
-6.417122483253479004e-01 -7.316864132881164551e-01 7.896970510482788086e-01
-6.434242725372314453e-01 -7.347719669342041016e-01 7.889546155929565430e-01
-6.451578736305236816e-01 -7.378908991813659668e-01 7.882637381553649902e-01
-6.469117403030395508e-01 -7.410405874252319336e-01 7.876294255256652832e-01
-6.486856341361999512e-01 -7.442200183868408203e-01 7.870581746101379395e-01
-6.504806280136108398e-01 -7.474297285079956055e-01 7.865569591522216797e-01
-6.522974371910095215e-01 -7.506694793701171875e-01 7.861328125000000000e-01
-6.541379094123840332e-01 -7.539401650428771973e-01 7.857939600944519043e-01
-6.560030579566955566e-01 -7.572417259216308594e-01 7.855473756790161133e-01
-6.578933000564575195e-01 -7.605724930763244629e-01 7.854004502296447754e-01
-6.598085165023803711e-01 -7.639299035072326660e-01 7.853594422340393066e-01
-6.617466807365417480e-01 -7.673084735870361328e-01 7.854293584823608398e-01
-6.637042760848999023e-01 -7.707004547119140625e-01 7.856137752532958984e-01
-6.656760573387145996e-01 -7.740949392318725586e-01 7.859149575233459473e-01
-6.676549315452575684e-01 -7.774788737297058105e-01 7.863324284553527832e-01
-6.696314215660095215e-01 -7.808353900909423828e-01 7.868645191192626953e-01
-6.715943813323974609e-01 -7.841453552246093750e-01 7.875062227249145508e-01
-6.735305190086364746e-01 -7.873867154121398926e-01 7.882505655288696289e-01
-6.754255294799804688e-01 -7.905359864234924316e-01 7.890885472297668457e-01
-6.772632598876953125e-01 -7.935674190521240234e-01 7.900085449218750000e-01
-6.790267825126647949e-01 -7.964546680450439453e-01 7.909965515136718750e-01
-6.806989908218383789e-01 -7.991714477539062500e-01 7.920373082160949707e-01
-6.822623610496520996e-01 -8.016910552978515625e-01 7.931136488914489746e-01
-6.836996078491210938e-01 -8.039884567260742188e-01 7.942066788673400879e-01
-6.849952936172485352e-01 -8.060408234596252441e-01 7.952978014945983887e-01
-6.861340403556823730e-01 -8.078267574310302734e-01 7.963672876358032227e-01
-6.871033906936645508e-01 -8.093293905258178711e-01 7.973954677581787109e-01
-6.878928542137145996e-01 -8.105350732803344727e-01 7.983639836311340332e-01
-6.884947419166564941e-01 -8.114349842071533203e-01 7.992546558380126953e-01
-6.889040470123291016e-01 -8.120245933532714844e-01 8.000515103340148926e-01
-6.891198158264160156e-01 -8.123055696487426758e-01 8.007403612136840820e-01
-6.891441345214843750e-01 -8.122844696044921875e-01 8.013089895248413086e-01
-6.889832615852355957e-01 -8.119742274284362793e-01 8.017483949661254883e-01
-6.886468529701232910e-01 -8.113927841186523438e-01 8.020521998405456543e-01
-6.881486177444458008e-01 -8.105644583702087402e-01 8.022167682647705078e-01
-6.875054836273193359e-01 -8.095179796218872070e-01 8.022416830062866211e-01
-6.867377161979675293e-01 -8.082872629165649414e-01 8.021301031112670898e-01
-6.858685016632080078e-01 -8.069103956222534180e-01 8.018874526023864746e-01
-6.849237084388732910e-01 -8.054288625717163086e-01 8.015222549438476562e-01
-6.839311122894287109e-01 -8.038874864578247070e-01 8.010455369949340820e-01
-6.829195022583007812e-01 -8.023319244384765625e-01 8.004706501960754395e-01
-6.819192171096801758e-01 -8.008098006248474121e-01 7.998126149177551270e-01
-6.809603571891784668e-01 -7.993683815002441406e-01 7.990879416465759277e-01
-6.800727844238281250e-01 -7.980540394783020020e-01 7.983143925666809082e-01
-6.792854070663452148e-01 -7.969113588333129883e-01 7.975100874900817871e-01
-6.786257624626159668e-01 -7.959829568862915039e-01 7.966931462287902832e-01
-6.781190037727355957e-01 -7.953071594238281250e-01 7.958818078041076660e-01
-6.777881979942321777e-01 -7.949192523956298828e-01 7.950932383537292480e-01
-6.776534914970397949e-01 -7.948496341705322266e-01 7.943434715270996094e-01
-6.777318716049194336e-01 -7.951242923736572266e-01 7.936471700668334961e-01
-6.780373454093933105e-01 -7.957635521888732910e-01 7.930178046226501465e-01
-6.785804033279418945e-01 -7.967837452888488770e-01 7.924659848213195801e-01
-6.793682575225830078e-01 -7.981953620910644531e-01 7.919999957084655762e-01
-6.804052591323852539e-01 -8.000048398971557617e-01 7.916267514228820801e-01
-6.816925406455993652e-01 -8.022139072418212891e-01 7.913498878479003906e-01
-6.832286119461059570e-01 -8.048207163810729980e-01 7.911710143089294434e-01
-6.850093603134155273e-01 -8.078193068504333496e-01 7.910891175270080566e-01
-6.870286464691162109e-01 -8.112010359764099121e-01 7.911005616188049316e-01
-6.892787218093872070e-01 -8.149549961090087891e-01 7.911999821662902832e-01
-6.917503476142883301e-01 -8.190686702728271484e-01 7.913800477981567383e-01
-6.944328546524047852e-01 -8.235272169113159180e-01 7.916313409805297852e-01
-6.973153352737426758e-01 -8.283156752586364746e-01 7.919431924819946289e-01
-7.003861069679260254e-01 -8.334180116653442383e-01 7.923038601875305176e-01
-7.036331295967102051e-01 -8.388180732727050781e-01 7.927005290985107422e-01
-7.070445418357849121e-01 -8.444999456405639648e-01 7.931197285652160645e-01
-7.106082439422607422e-01 -8.504472970962524414e-01 7.935473918914794922e-01
-7.155535817146301270e-01 -8.589043617248535156e-01 7.942447066307067871e-01
-7.222840785980224609e-01 -8.706117272377014160e-01 7.952896952629089355e-01
-7.297924160957336426e-01 -8.835470676422119141e-01 7.964771389961242676e-01
-7.384872436523437500e-01 -8.982661366462707520e-01 7.979156374931335449e-01
-7.475681304931640625e-01 -9.136742353439331055e-01 7.993660569190979004e-01
-7.570146322250366211e-01 -9.297387599945068359e-01 8.008145689964294434e-01
-7.668018937110900879e-01 -9.464200735092163086e-01 8.022488355636596680e-01
-7.769037485122680664e-01 -9.636746644973754883e-01 8.036568164825439453e-01
-7.872893214225769043e-01 -9.814509153366088867e-01 8.050268292427062988e-01
-7.979252934455871582e-01 -9.996924400329589844e-01 8.063483238220214844e-01
-8.094507455825805664e-01 -1.019466161727905273e+00 8.077178597450256348e-01
-8.243814706802368164e-01 -1.044977068901062012e+00 8.095252513885498047e-01
-8.395219445228576660e-01 -1.070878148078918457e+00 8.112720847129821777e-01
-8.547950983047485352e-01 -1.097036719322204590e+00 8.129485249519348145e-01
-8.701223731040954590e-01 -1.123317480087280273e+00 8.145461082458496094e-01
-8.854246139526367188e-01 -1.149583101272583008e+00 8.160577416419982910e-01
-9.006226062774658203e-01 -1.175696015357971191e+00 8.174788951873779297e-01
-9.156392216682434082e-01 -1.201521635055541992e+00 8.188074231147766113e-01
-9.303997755050659180e-01 -1.226929068565368652e+00 8.200431466102600098e-01
-9.448324441909790039e-01 -1.251792430877685547e+00 8.211871981620788574e-01
-9.588695168495178223e-01 -1.275992751121520996e+00 8.222439885139465332e-01
-9.724479913711547852e-01 -1.299418091773986816e+00 8.232193589210510254e-01
-9.855098724365234375e-01 -1.321966528892517090e+00 8.241199851036071777e-01
-9.980029463768005371e-01 -1.343544721603393555e+00 8.249554038047790527e-01
-1.009879827499389648e+00 -1.364068865776062012e+00 8.257350325584411621e-01
-1.021095275878906250e+00 -1.383447527885437012e+00 8.264357447624206543e-01
-1.031598448753356934e+00 -1.401560902595520020e+00 8.269696235656738281e-01
-1.041385769844055176e+00 -1.418446183204650879e+00 8.274939656257629395e-01
-1.050436615943908691e+00 -1.434066176414489746e+00 8.280181884765625000e-01
-1.058735966682434082e+00 -1.448394298553466797e+00 8.285506963729858398e-01
-1.066276788711547852e+00 -1.461417078971862793e+00 8.290989398956298828e-01
-1.073058247566223145e+00 -1.473133921623229980e+00 8.296667337417602539e-01
-1.079086780548095703e+00 -1.483555316925048828e+00 8.302581310272216797e-01
-1.084376335144042969e+00 -1.492706179618835449e+00 8.308739066123962402e-01
-1.088947534561157227e+00 -1.500623583793640137e+00 8.315123915672302246e-01
-1.092828392982482910e+00 -1.507357358932495117e+00 8.321703672409057617e-01
-1.096054315567016602e+00 -1.512970924377441406e+00 8.328416943550109863e-01
-1.098667740821838379e+00 -1.517539381980895996e+00 8.335191011428833008e-01
-1.100719213485717773e+00 -1.521152138710021973e+00 8.341932892799377441e-01
-1.102263808250427246e+00 -1.523907542228698730e+00 8.348524570465087891e-01
-1.103366255760192871e+00 -1.525918841361999512e+00 8.354867696762084961e-01
-1.104095220565795898e+00 -1.527307152748107910e+00 8.360835313796997070e-01
-1.104525804519653320e+00 -1.528203845024108887e+00 8.366308212280273438e-01
-1.104737758636474609e+00 -1.528748273849487305e+00 8.371179699897766113e-01
-1.104815363883972168e+00 -1.529086232185363770e+00 8.375350236892700195e-01
-1.104845046997070312e+00 -1.529368042945861816e+00 8.378734588623046875e-01
-1.104915857315063477e+00 -1.529746770858764648e+00 8.381263613700866699e-01
-1.105117321014404297e+00 -1.530375838279724121e+00 8.382900357246398926e-01
-1.105538606643676758e+00 -1.531407475471496582e+00 8.383631110191345215e-01
-1.106266140937805176e+00 -1.532988905906677246e+00 8.383460044860839844e-01
-1.107383370399475098e+00 -1.535260796546936035e+00 8.382434844970703125e-01
-1.108968257904052734e+00 -1.538354158401489258e+00 8.380615115165710449e-01
-1.111092329025268555e+00 -1.542388558387756348e+00 8.378099799156188965e-01
-1.113818407058715820e+00 -1.547468066215515137e+00 8.375000953674316406e-01
-1.117200493812561035e+00 -1.553681015968322754e+00 8.371454477310180664e-01
-1.121280908584594727e+00 -1.561096191406250000e+00 8.367616534233093262e-01
-1.126090526580810547e+00 -1.569761514663696289e+00 8.363646864891052246e-01
-1.131646633148193359e+00 -1.579702734947204590e+00 8.359716534614562988e-01
-1.137953162193298340e+00 -1.590921759605407715e+00 8.355997800827026367e-01
-1.144999742507934570e+00 -1.603397965431213379e+00 8.352649211883544922e-01
-1.152761340141296387e+00 -1.617084383964538574e+00 8.349823355674743652e-01
-1.161198854446411133e+00 -1.631910681724548340e+00 8.347665667533874512e-01
-1.170259594917297363e+00 -1.647784709930419922e+00 8.346292376518249512e-01
-1.179876685142517090e+00 -1.664590001106262207e+00 8.345796465873718262e-01
-1.189972281455993652e+00 -1.682191491127014160e+00 8.346250057220458984e-01
-1.200455546379089355e+00 -1.700434565544128418e+00 8.347684741020202637e-01
-1.211228013038635254e+00 -1.719149470329284668e+00 8.350114226341247559e-01
-1.222181558609008789e+00 -1.738152623176574707e+00 8.353521227836608887e-01
-1.233203053474426270e+00 -1.757252097129821777e+00 8.357845544815063477e-01
-1.244174599647521973e+00 -1.776248216629028320e+00 8.363014459609985352e-01
-1.254976391792297363e+00 -1.794938445091247559e+00 8.368912935256958008e-01
-1.265489339828491211e+00 -1.813122153282165527e+00 8.375425338745117188e-01
-1.275595307350158691e+00 -1.830600857734680176e+00 8.382392525672912598e-01
-1.285183072090148926e+00 -1.847187638282775879e+00 8.389661312103271484e-01
-1.294145226478576660e+00 -1.862702369689941406e+00 8.397059440612792969e-01
-1.302385210990905762e+00 -1.876983761787414551e+00 8.404410481452941895e-01
-1.309815287590026855e+00 -1.889885306358337402e+00 8.411540389060974121e-01
-1.316360712051391602e+00 -1.901282072067260742e+00 8.418286442756652832e-01
-1.321959972381591797e+00 -1.911071896553039551e+00 8.424488902091979980e-01
-1.326565623283386230e+00 -1.919175863265991211e+00 8.430005311965942383e-01
-1.330145955085754395e+00 -1.925541281700134277e+00 8.434714078903198242e-01
-1.332684755325317383e+00 -1.930142402648925781e+00 8.438510894775390625e-01
-1.334182262420654297e+00 -1.932979822158813477e+00 8.441317677497863770e-01
-1.334653854370117188e+00 -1.934080004692077637e+00 8.443076610565185547e-01
-1.334130764007568359e+00 -1.933495879173278809e+00 8.443763256072998047e-01
-1.332658171653747559e+00 -1.931303620338439941e+00 8.443363308906555176e-01
-1.330295205116271973e+00 -1.927602410316467285e+00 8.441902995109558105e-01
-1.327112317085266113e+00 -1.922510743141174316e+00 8.439415693283081055e-01
-1.323190331459045410e+00 -1.916164755821228027e+00 8.435956835746765137e-01
-1.318618059158325195e+00 -1.908713221549987793e+00 8.431608676910400391e-01
-1.313490986824035645e+00 -1.900316476821899414e+00 8.426456451416015625e-01
-1.307907938957214355e+00 -1.891140580177307129e+00 8.420593142509460449e-01
-1.301968693733215332e+00 -1.881353020668029785e+00 8.414125442504882812e-01
-1.295773029327392578e+00 -1.871121764183044434e+00 8.407152891159057617e-01
-1.289415836334228516e+00 -1.860606431961059570e+00 8.399776220321655273e-01
-1.282987952232360840e+00 -1.849959850311279297e+00 8.392085433006286621e-01
-1.276570439338684082e+00 -1.839318871498107910e+00 8.384167551994323730e-01
-1.270235657691955566e+00 -1.828805565834045410e+00 8.376087546348571777e-01
-1.264043331146240234e+00 -1.818521380424499512e+00 8.367896080017089844e-01
-1.258040666580200195e+00 -1.808546662330627441e+00 8.359628915786743164e-01
-1.252260565757751465e+00 -1.798937797546386719e+00 8.351296782493591309e-01
-1.246719956398010254e+00 -1.789725184440612793e+00 8.342886567115783691e-01
-1.241421937942504883e+00 -1.780915379524230957e+00 8.334368467330932617e-01
-1.236353516578674316e+00 -1.772488594055175781e+00 8.325693011283874512e-01
-1.231487870216369629e+00 -1.764401316642761230e+00 8.316776156425476074e-01
-1.226783394813537598e+00 -1.756585955619812012e+00 8.307536840438842773e-01
-1.222186684608459473e+00 -1.748954892158508301e+00 8.297859430313110352e-01
-1.217633485794067383e+00 -1.741401672363281250e+00 8.287631869316101074e-01
-1.213050484657287598e+00 -1.733805775642395020e+00 8.276721239089965820e-01
-1.208358049392700195e+00 -1.726034522056579590e+00 8.264995813369750977e-01
-1.203471541404724121e+00 -1.717947840690612793e+00 8.252327442169189453e-01
-1.198305249214172363e+00 -1.709402441978454590e+00 8.238584399223327637e-01
-1.192773699760437012e+00 -1.700256228446960449e+00 8.223652243614196777e-01
-1.186794519424438477e+00 -1.690371394157409668e+00 8.207421898841857910e-01
-1.180291891098022461e+00 -1.679620862007141113e+00 8.189805746078491211e-01
-1.173198103904724121e+00 -1.667890667915344238e+00 8.170738220214843750e-01
-1.165456056594848633e+00 -1.655084609985351562e+00 8.150171041488647461e-01
-1.157021999359130859e+00 -1.641127705574035645e+00 8.128095269203186035e-01
-1.147866249084472656e+00 -1.625968813896179199e+00 8.104520440101623535e-01
-1.137975573539733887e+00 -1.609584093093872070e+00 8.079482316970825195e-01
-1.127354264259338379e+00 -1.591978073120117188e+00 8.053059577941894531e-01
-1.116024613380432129e+00 -1.573185324668884277e+00 8.025352954864501953e-01
-1.104027509689331055e+00 -1.553272128105163574e+00 7.996500730514526367e-01
-1.091422080993652344e+00 -1.532333850860595703e+00 7.966658473014831543e-01
-1.078285694122314453e+00 -1.510497450828552246e+00 7.936018705368041992e-01
-1.064713358879089355e+00 -1.487918853759765625e+00 7.904788255691528320e-01
-1.050815224647521973e+00 -1.464779615402221680e+00 7.873197793960571289e-01
-1.036716103553771973e+00 -1.441286444664001465e+00 7.841491103172302246e-01
-1.022553563117980957e+00 -1.417666554450988770e+00 7.809928059577941895e-01
-1.008474826812744141e+00 -1.394164562225341797e+00 7.778778076171875000e-01
-9.946348071098327637e-01 -1.371038317680358887e+00 7.748295664787292480e-01
-9.811939001083374023e-01 -1.348554849624633789e+00 7.718757987022399902e-01
-9.683138132095336914e-01 -1.326984524726867676e+00 7.690417766571044922e-01
-9.561556577682495117e-01 -1.306596875190734863e+00 7.663519382476806641e-01
-9.448770880699157715e-01 -1.287656068801879883e+00 7.638295292854309082e-01
-9.346281290054321289e-01 -1.270414710044860840e+00 7.614946961402893066e-01
-9.255498647689819336e-01 -1.255110621452331543e+00 7.593663334846496582e-01
-9.177711009979248047e-01 -1.241961598396301270e+00 7.574600577354431152e-01
-9.114055633544921875e-01 -1.231160998344421387e+00 7.557885646820068359e-01
-9.065501689910888672e-01 -1.222874522209167480e+00 7.543609738349914551e-01
-9.032834768295288086e-01 -1.217237591743469238e+00 7.531836628913879395e-01
-9.016631245613098145e-01 -1.214350938796997070e+00 7.522590756416320801e-01
-9.017257690429687500e-01 -1.214280366897583008e+00 7.515867352485656738e-01
-9.034855961799621582e-01 -1.217054486274719238e+00 7.511627078056335449e-01
-9.069338440895080566e-01 -1.222663760185241699e+00 7.509795427322387695e-01
-9.120399355888366699e-01 -1.231061577796936035e+00 7.510277628898620605e-01
-9.187501668930053711e-01 -1.242163062095642090e+00 7.512937188148498535e-01
-9.269901514053344727e-01 -1.255848050117492676e+00 7.517622113227844238e-01
-9.366652965545654297e-01 -1.271962761878967285e+00 7.524154782295227051e-01
-9.476628303527832031e-01 -1.290321946144104004e+00 7.532337307929992676e-01
-9.598541259765625000e-01 -1.310713648796081543e+00 7.541956901550292969e-01
-9.730963706970214844e-01 -1.332901835441589355e+00 7.552786469459533691e-01
-9.872356057167053223e-01 -1.356631040573120117e+00 7.564586997032165527e-01
-1.002110123634338379e+00 -1.381632208824157715e+00 7.577118873596191406e-01
-1.017553448677062988e+00 -1.407627701759338379e+00 7.590132951736450195e-01
-1.033397197723388672e+00 -1.434336066246032715e+00 7.603392601013183594e-01
-1.049474000930786133e+00 -1.461477398872375488e+00 7.616652250289916992e-01
-1.065621972084045410e+00 -1.488779664039611816e+00 7.629689574241638184e-01
-1.081686615943908691e+00 -1.515983223915100098e+00 7.642281055450439453e-01
-1.097523331642150879e+00 -1.542845129966735840e+00 7.654232382774353027e-01
-1.113001227378845215e+00 -1.569144129753112793e+00 7.665358185768127441e-01
-1.128003597259521484e+00 -1.594683170318603516e+00 7.675490379333496094e-01
-1.142431259155273438e+00 -1.619293928146362305e+00 7.684499025344848633e-01
-1.156202077865600586e+00 -1.642836570739746094e+00 7.692271471023559570e-01
-1.169253468513488770e+00 -1.665204644203186035e+00 7.698711752891540527e-01
-1.181541562080383301e+00 -1.686321616172790527e+00 7.703771591186523438e-01
-1.193041205406188965e+00 -1.706144571304321289e+00 7.707417011260986328e-01
-1.203746557235717773e+00 -1.724660277366638184e+00 7.709650397300720215e-01
-1.213668704032897949e+00 -1.741886019706726074e+00 7.710508108139038086e-01
-1.222835063934326172e+00 -1.757865667343139648e+00 7.710045576095581055e-01
-1.230952024459838867e+00 -1.772185325622558594e+00 7.707796692848205566e-01
-1.237699747085571289e+00 -1.784397125244140625e+00 7.703250050544738770e-01
-1.243947505950927734e+00 -1.795761942863464355e+00 7.697896957397460938e-01
-1.249760746955871582e+00 -1.806388974189758301e+00 7.691895961761474609e-01
-1.255209326744079590e+00 -1.816395044326782227e+00 7.685412764549255371e-01
-1.260367989540100098e+00 -1.825904369354248047e+00 7.678640484809875488e-01
-1.265311837196350098e+00 -1.835041999816894531e+00 7.671772837638854980e-01
-1.270115613937377930e+00 -1.843932151794433594e+00 7.665022611618041992e-01
-1.274852037429809570e+00 -1.852695226669311523e+00 7.658593058586120605e-01
-1.279589295387268066e+00 -1.861444354057312012e+00 7.652688622474670410e-01
-1.284390091896057129e+00 -1.870282530784606934e+00 7.647501826286315918e-01
-1.289310574531555176e+00 -1.879302978515625000e+00 7.643222808837890625e-01
-1.294399499893188477e+00 -1.888585209846496582e+00 7.639998793601989746e-01
-1.299601674079895020e+00 -1.898095846176147461e+00 7.637903690338134766e-01
-1.304930806159973145e+00 -1.907867074012756348e+00 7.637024521827697754e-01
-1.310520291328430176e+00 -1.918052792549133301e+00 7.637541890144348145e-01
-1.316383957862854004e+00 -1.928675293922424316e+00 7.639501690864562988e-01
-1.322528004646301270e+00 -1.939744949340820312e+00 7.642921805381774902e-01
-1.328950762748718262e+00 -1.951258778572082520e+00 7.647790312767028809e-01
-1.335642457008361816e+00 -1.963201165199279785e+00 7.654053568840026855e-01
-1.342587471008300781e+00 -1.975546717643737793e+00 7.661638259887695312e-01
-1.349763393402099609e+00 -1.988259434700012207e+00 7.670434117317199707e-01
-1.357143521308898926e+00 -2.001296281814575195e+00 7.680314183235168457e-01
-1.364695429801940918e+00 -2.014605045318603516e+00 7.691125869750976562e-01
-1.372383475303649902e+00 -2.028128862380981445e+00 7.702695131301879883e-01
-1.380168437957763672e+00 -2.041804075241088867e+00 7.714856863021850586e-01
-1.388009190559387207e+00 -2.055565118789672852e+00 7.727416157722473145e-01
-1.395861625671386719e+00 -2.069339513778686523e+00 7.740195393562316895e-01
-1.403681397438049316e+00 -2.083056688308715820e+00 7.753010988235473633e-01
-1.411421656608581543e+00 -2.096639394760131836e+00 7.765688896179199219e-01
-1.419036626815795898e+00 -2.110012769699096680e+00 7.778069376945495605e-01
-1.426479220390319824e+00 -2.123099565505981445e+00 7.789998054504394531e-01
-1.433703541755676270e+00 -2.135823249816894531e+00 7.801352143287658691e-01
-1.440663218498229980e+00 -2.148106575012207031e+00 7.812014818191528320e-01
-1.447479248046875000e+00 -2.160485506057739258e+00 7.816429138183593750e-01
-1.453969478607177734e+00 -2.172374725341796875e+00 7.819095849990844727e-01
-1.460060954093933105e+00 -2.183586597442626953e+00 7.820999026298522949e-01
-1.465712666511535645e+00 -2.194046735763549805e+00 7.822151780128479004e-01
-1.470885634422302246e+00 -2.203683614730834961e+00 7.822604179382324219e-01
-1.475544691085815430e+00 -2.212430715560913086e+00 7.822420001029968262e-01
-1.479657530784606934e+00 -2.220226049423217773e+00 7.821692228317260742e-01
-1.483196973800659180e+00 -2.227015256881713867e+00 7.820508480072021484e-01
-1.486141085624694824e+00 -2.232753515243530273e+00 7.818990349769592285e-01
-1.488473415374755859e+00 -2.237404108047485352e+00 7.817246317863464355e-01
-1.490184545516967773e+00 -2.240943670272827148e+00 7.815396189689636230e-01
-1.491273045539855957e+00 -2.243362188339233398e+00 7.813559174537658691e-01
-1.491371393203735352e+00 -2.244115829467773438e+00 7.811186909675598145e-01
-1.489703536033630371e+00 -2.242065191268920898e+00 7.807007431983947754e-01
-1.487399697303771973e+00 -2.238867759704589844e+00 7.803029417991638184e-01
-1.484506726264953613e+00 -2.234597921371459961e+00 7.799341082572937012e-01
-1.481083154678344727e+00 -2.229349374771118164e+00 7.796031832695007324e-01
-1.477434635162353516e+00 -2.223832130432128906e+00 7.790431976318359375e-01
-1.473406553268432617e+00 -2.217592239379882812e+00 7.785298228263854980e-01
-1.469081044197082520e+00 -2.210764169692993164e+00 7.780748605728149414e-01
-1.464556217193603516e+00 -2.203517913818359375e+00 7.776826620101928711e-01
-1.459938645362854004e+00 -2.196038484573364258e+00 7.773575186729431152e-01
-1.455342769622802734e+00 -2.188527822494506836e+00 7.771026492118835449e-01
-1.450889468193054199e+00 -2.181200504302978516e+00 7.769225835800170898e-01
-1.446703553199768066e+00 -2.174279928207397461e+00 7.768220901489257812e-01
-1.442914605140686035e+00 -2.167999982833862305e+00 7.768077254295349121e-01
-1.439653158187866211e+00 -2.162596940994262695e+00 7.768895030021667480e-01
-1.437048792839050293e+00 -2.158306598663330078e+00 7.770794034004211426e-01
-1.435228943824768066e+00 -2.155362844467163086e+00 7.773941159248352051e-01
-1.434315681457519531e+00 -2.153990745544433594e+00 7.778525948524475098e-01
-1.434424757957458496e+00 -2.154403448104858398e+00 7.784820199012756348e-01
-1.435662031173706055e+00 -2.156798124313354492e+00 7.793117165565490723e-01
-1.438121914863586426e+00 -2.161350488662719727e+00 7.803780436515808105e-01
-1.441884517669677734e+00 -2.168210506439208984e+00 7.817220091819763184e-01
-1.447015404701232910e+00 -2.177501440048217773e+00 7.833903431892395020e-01
-1.453561544418334961e+00 -2.189312934875488281e+00 7.854347825050354004e-01
-1.461550593376159668e+00 -2.203698396682739258e+00 7.879106998443603516e-01
-1.470991373062133789e+00 -2.220676183700561523e+00 7.908776998519897461e-01
-1.481869816780090332e+00 -2.240223169326782227e+00 7.943975329399108887e-01
-1.494150638580322266e+00 -2.262275934219360352e+00 7.985337376594543457e-01
-1.507775902748107910e+00 -2.286729574203491211e+00 8.033491969108581543e-01
-1.522666811943054199e+00 -2.313439369201660156e+00 8.089064955711364746e-01
-1.538721919059753418e+00 -2.342220783233642578e+00 8.152641654014587402e-01
-1.555821061134338379e+00 -2.372852087020874023e+00 8.224781155586242676e-01
-1.573824048042297363e+00 -2.405076503753662109e+00 8.305962681770324707e-01
-1.592682480812072754e+00 -2.439719438552856445e+00 8.386086821556091309e-01
-1.612682223320007324e+00 -2.481203317642211914e+00 8.420652747154235840e-01
-1.633137822151184082e+00 -2.523982524871826172e+00 8.459201455116271973e-01
-1.654039502143859863e+00 -2.567654848098754883e+00 8.508417010307312012e-01
-1.677154064178466797e+00 -2.611365079879760742e+00 8.638560175895690918e-01
-1.794332265853881836e+00 -2.721261978149414062e+00 1.072338819503784180e+00
-2.416449308395385742e+00 -2.582659482955932617e+00 4.251878261566162109e+00
-2.849933862686157227e+00 -3.047665119171142578e+00 4.860364437103271484e+00
-2.999358177185058594e+00 -3.214433670043945312e+00 4.954464912414550781e+00
-3.133225679397583008e+00 -3.360782861709594727e+00 5.023075103759765625e+00
-3.269529581069946289e+00 -3.509770393371582031e+00 5.089464664459228516e+00
-3.407473802566528320e+00 -3.660525321960449219e+00 5.152973175048828125e+00
-3.546241998672485352e+00 -3.812153816223144531e+00 5.212969303131103516e+00
-3.685010671615600586e+00 -3.963754892349243164e+00 5.268868923187255859e+00
-3.822942256927490234e+00 -4.114469051361083984e+00 5.320188522338867188e+00
-3.954657793045043945e+00 -4.274709224700927734e+00 5.381026268005371094e+00
-4.080746650695800781e+00 -4.427985191345214844e+00 5.434468746185302734e+00
-4.199831962585449219e+00 -4.572511672973632812e+00 5.479692935943603516e+00
-4.315050601959228516e+00 -4.712800502777099609e+00 5.518899917602539062e+00
-4.425818920135498047e+00 -4.848143100738525391e+00 5.551895618438720703e+00
-4.548498630523681641e+00 -4.994658470153808594e+00 5.589802742004394531e+00
-4.736141681671142578e+00 -5.209469318389892578e+00 5.730080604553222656e+00
-4.923570632934570312e+00 -5.423904895782470703e+00 5.880244731903076172e+00
-5.103464603424072266e+00 -5.629836082458496094e+00 6.023134231567382812e+00
-5.274498939514160156e+00 -5.826127529144287109e+00 6.157757759094238281e+00
-5.435481548309326172e+00 -6.012088775634765625e+00 6.286234855651855469e+00
-5.587036609649658203e+00 -6.187291622161865234e+00 6.404631137847900391e+00
-5.728824138641357422e+00 -6.351336002349853516e+00 6.512966156005859375e+00
-5.860615730285644531e+00 -6.503946781158447266e+00 6.611373901367187500e+00
-5.982276439666748047e+00 -6.644957542419433594e+00 6.700074195861816406e+00
-6.093769550323486328e+00 -6.774312496185302734e+00 6.779369831085205078e+00
-6.198194980621337891e+00 -6.896681785583496094e+00 6.895993232727050781e+00
-6.292823314666748047e+00 -7.007862091064453125e+00 7.006779670715332031e+00
-6.377502441406250000e+00 -7.107531070709228516e+00 7.106654167175292969e+00
-6.452517509460449219e+00 -7.196005344390869141e+00 7.196158409118652344e+00
-6.518208026885986328e+00 -7.273663043975830078e+00 7.275870323181152344e+00
-6.574961185455322266e+00 -7.340939044952392578e+00 7.346386432647705078e+00
-6.623212814331054688e+00 -7.398325443267822266e+00 7.408331871032714844e+00
-6.663430213928222656e+00 -7.446350574493408203e+00 7.462321281433105469e+00
-6.696094989776611328e+00 -7.485561370849609375e+00 7.508951663970947266e+00
-6.721708774566650391e+00 -7.516528606414794922e+00 7.548804283142089844e+00
-6.740783214569091797e+00 -7.539834499359130859e+00 7.582433700561523438e+00
-6.753827095031738281e+00 -7.556060314178466797e+00 7.610362052917480469e+00
-6.761344909667968750e+00 -7.565783023834228516e+00 7.633062839508056641e+00
-6.763831138610839844e+00 -7.569570541381835938e+00 7.650990962982177734e+00
-6.761766910552978516e+00 -7.567974090576171875e+00 7.664547443389892578e+00
-6.755620479583740234e+00 -7.561533451080322266e+00 7.674109458923339844e+00
-6.745840072631835938e+00 -7.550763130187988281e+00 7.680020809173583984e+00
-6.732854843139648438e+00 -7.536160945892333984e+00 7.682597160339355469e+00
-6.717073917388916016e+00 -7.518198966979980469e+00 7.682127952575683594e+00
-6.698884010314941406e+00 -7.497326850891113281e+00 7.678884029388427734e+00
-6.678662300109863281e+00 -7.473982334136962891e+00 7.673141956329345703e+00
-6.656756401062011719e+00 -7.448569297790527344e+00 7.665149211883544922e+00
-6.633499145507812500e+00 -7.421476840972900391e+00 7.655159950256347656e+00
-6.609200954437255859e+00 -7.393070220947265625e+00 7.643428325653076172e+00
-6.584164619445800781e+00 -7.363704204559326172e+00 7.630212783813476562e+00
-6.558672428131103516e+00 -7.333710670471191406e+00 7.615787029266357422e+00
-6.532986164093017578e+00 -7.303400039672851562e+00 7.600419044494628906e+00
-6.507355690002441406e+00 -7.273067474365234375e+00 7.584390640258789062e+00
-6.482009410858154297e+00 -7.242985248565673828e+00 7.567981719970703125e+00
-6.457163333892822266e+00 -7.213411331176757812e+00 7.551490783691406250e+00
-6.433009624481201172e+00 -7.184578418731689453e+00 7.535201072692871094e+00
-6.409724235534667969e+00 -7.156697273254394531e+00 7.519398689270019531e+00
-6.387455463409423828e+00 -7.129950046539306641e+00 7.504350662231445312e+00
-6.366336345672607422e+00 -7.104499340057373047e+00 7.490319252014160156e+00
-6.346472263336181641e+00 -7.080477237701416016e+00 7.477538585662841797e+00
-6.327936172485351562e+00 -7.057978153228759766e+00 7.466214179992675781e+00
-6.310774326324462891e+00 -7.037065029144287109e+00 7.456507682800292969e+00
-6.295005321502685547e+00 -7.017767906188964844e+00 7.448548316955566406e+00
-6.280606269836425781e+00 -7.000070095062255859e+00 7.442404747009277344e+00
-6.267528057098388672e+00 -6.983922481536865234e+00 7.438098430633544922e+00
-6.255672454833984375e+00 -6.969219684600830078e+00 7.435568809509277344e+00
-6.244911193847656250e+00 -6.955819606781005859e+00 7.434706687927246094e+00
-6.235071182250976562e+00 -6.943529129028320312e+00 7.435313224792480469e+00
-6.225937843322753906e+00 -6.932104110717773438e+00 7.437121391296386719e+00
-6.217257499694824219e+00 -6.921255111694335938e+00 7.439778804779052734e+00
-6.208731651306152344e+00 -6.910640716552734375e+00 7.442854404449462891e+00
-6.200025558471679688e+00 -6.899873256683349609e+00 7.445845603942871094e+00
-6.190762519836425781e+00 -6.888518810272216797e+00 7.448157787322998047e+00
-6.180533409118652344e+00 -6.876103401184082031e+00 7.449145793914794922e+00
-6.168894290924072266e+00 -6.862110614776611328e+00 7.448083400726318359e+00
-6.155375480651855469e+00 -6.845993995666503906e+00 7.444195747375488281e+00
-6.139492034912109375e+00 -6.827187538146972656e+00 7.436667442321777344e+00
-6.120738983154296875e+00 -6.805101394653320312e+00 7.424652099609375000e+00
-6.098603248596191406e+00 -6.779135704040527344e+00 7.407275199890136719e+00
-6.072582721710205078e+00 -6.748701572418212891e+00 7.383678436279296875e+00
-6.042183876037597656e+00 -6.713220119476318359e+00 7.353018283843994141e+00
-6.006932735443115234e+00 -6.672132968902587891e+00 7.314473152160644531e+00
-5.966400146484375000e+00 -6.624935150146484375e+00 7.267305374145507812e+00
-5.920196533203125000e+00 -6.571166038513183594e+00 7.210837364196777344e+00
-5.867993354797363281e+00 -6.510435581207275391e+00 7.144496440887451172e+00
-5.809524059295654297e+00 -6.442426204681396484e+00 7.067816257476806641e+00
-5.744619369506835938e+00 -6.366933345794677734e+00 6.980501174926757812e+00
-5.673186302185058594e+00 -6.283841609954833984e+00 6.882367610931396484e+00
-5.595242500305175781e+00 -6.193164348602294922e+00 6.773435115814208984e+00
-5.510907173156738281e+00 -6.095032691955566406e+00 6.653886318206787109e+00
-5.420418262481689453e+00 -5.989718437194824219e+00 6.524100780487060547e+00
-5.324130058288574219e+00 -5.877629280090332031e+00 6.384657859802246094e+00
-5.222519397735595703e+00 -5.759315490722656250e+00 6.236335754394531250e+00
-5.116944789886474609e+00 -5.636212348937988281e+00 6.081030368804931641e+00
-5.007620334625244141e+00 -5.508659362792968750e+00 5.919294834136962891e+00
-4.894922733306884766e+00 -5.377176284790039062e+00 5.751923561096191406e+00
-4.780840873718261719e+00 -5.243952751159667969e+00 5.581730365753173828e+00
-4.666944980621337891e+00 -5.110752105712890625e+00 5.411038398742675781e+00
-4.548418045043945312e+00 -4.972541332244873047e+00 5.229527473449707031e+00
-4.425601005554199219e+00 -4.829789161682128906e+00 5.037158012390136719e+00
-4.304682254791259766e+00 -4.689258575439453125e+00 4.847890377044677734e+00
-4.186895847320556641e+00 -4.552385330200195312e+00 4.663778781890869141e+00
-4.075333118438720703e+00 -4.423424720764160156e+00 4.515280246734619141e+00
-3.968970537185668945e+00 -4.302433013916015625e+00 4.397319793701171875e+00
-3.875091075897216797e+00 -4.195493221282958984e+00 4.302376270294189453e+00
-3.809522151947021484e+00 -4.120151042938232422e+00 4.269373893737792969e+00
-3.750091791152954102e+00 -4.051896572113037109e+00 4.240397453308105469e+00
-3.697355985641479492e+00 -3.991367578506469727e+00 4.215694427490234375e+00
-3.651776075363159180e+00 -3.939094305038452148e+00 4.195444583892822266e+00
-3.613709211349487305e+00 -3.895486116409301758e+00 4.179759025573730469e+00
-3.583406448364257812e+00 -3.860829591751098633e+00 4.168687820434570312e+00
-3.561007261276245117e+00 -3.835283041000366211e+00 4.162209987640380859e+00
-3.546540975570678711e+00 -3.818876504898071289e+00 4.160249233245849609e+00
-3.539929151535034180e+00 -3.811517715454101562e+00 4.162666797637939453e+00
-3.540989637374877930e+00 -3.812992811203002930e+00 4.169271945953369141e+00
-3.549449205398559570e+00 -3.822983980178833008e+00 4.179835319519042969e+00
-3.564941167831420898e+00 -3.841065645217895508e+00 4.194072723388671875e+00
-3.587026357650756836e+00 -3.866728305816650391e+00 4.211678981781005859e+00
-3.615197658538818359e+00 -3.899385213851928711e+00 4.232315540313720703e+00
-3.648897409439086914e+00 -3.938390970230102539e+00 4.255630970001220703e+00
-3.687520980834960938e+00 -3.983046293258666992e+00 4.281242847442626953e+00
-3.730436563491821289e+00 -4.032620429992675781e+00 4.308777809143066406e+00
-3.776991844177246094e+00 -4.086360454559326172e+00 4.337848663330078125e+00
-3.826521635055541992e+00 -4.143497467041015625e+00 4.368066310882568359e+00
-3.878366470336914062e+00 -4.203270912170410156e+00 4.399052619934082031e+00
-3.941032409667968750e+00 -4.275063514709472656e+00 4.453819751739501953e+00
-4.017196178436279297e+00 -4.361807823181152344e+00 4.540473937988281250e+00
-4.094645023345947266e+00 -4.450285911560058594e+00 4.639194488525390625e+00
-4.172914028167724609e+00 -4.541198253631591797e+00 4.762769699096679688e+00
-4.246811866760253906e+00 -4.627267360687255859e+00 4.875613689422607422e+00
-4.316411495208740234e+00 -4.708501338958740234e+00 4.978991508483886719e+00
-4.383389472961425781e+00 -4.786638259887695312e+00 5.077511310577392578e+00
-4.447050094604492188e+00 -4.860866069793701172e+00 5.170060634613037109e+00
-4.506723403930664062e+00 -4.930405139923095703e+00 5.255561828613281250e+00
-4.561774253845214844e+00 -4.994514942169189453e+00 5.332991600036621094e+00
-4.611587524414062500e+00 -5.052481174468994141e+00 5.401365756988525391e+00
-4.655577182769775391e+00 -5.103620529174804688e+00 5.459750652313232422e+00
-4.693175315856933594e+00 -5.147274494171142578e+00 5.507245063781738281e+00
-4.723838806152343750e+00 -5.182809352874755859e+00 5.542999267578125000e+00
-4.747039318084716797e+00 -5.209613323211669922e+00 5.566198348999023438e+00
-4.762275218963623047e+00 -5.227101325988769531e+00 5.576086997985839844e+00
-4.769064903259277344e+00 -5.234713554382324219e+00 5.571959018707275391e+00
-4.766949653625488281e+00 -5.231917858123779297e+00 5.553162097930908203e+00
-4.755507469177246094e+00 -5.218223094940185547e+00 5.519127845764160156e+00
-4.734353065490722656e+00 -5.193179607391357422e+00 5.469358444213867188e+00
-4.703138351440429688e+00 -5.156383991241455078e+00 5.403449058532714844e+00
-4.661577701568603516e+00 -5.107504367828369141e+00 5.321113109588623047e+00
-4.609673023223876953e+00 -5.046515464782714844e+00 5.222456932067871094e+00
-4.547942638397216797e+00 -4.973943710327148438e+00 5.108280658721923828e+00
-4.475461959838867188e+00 -4.888813972473144531e+00 4.977640151977539062e+00
-4.392244815826416016e+00 -4.791144371032714844e+00 4.830806255340576172e+00
-4.298435688018798828e+00 -4.681112766265869141e+00 4.668562412261962891e+00
-4.192610263824462891e+00 -4.558817386627197266e+00 4.534174919128417969e+00
-4.085768699645996094e+00 -4.434937477111816406e+00 4.413147449493408203e+00
-3.999026298522949219e+00 -4.332566261291503906e+00 4.356393337249755859e+00
-3.903621435165405273e+00 -4.222216606140136719e+00 4.303747653961181641e+00
-3.801736354827880859e+00 -4.104614257812500000e+00 4.249517917633056641e+00
-3.694125175476074219e+00 -3.980474233627319336e+00 4.193553447723388672e+00
-3.581495046615600586e+00 -3.850615739822387695e+00 4.136280059814453125e+00
-3.464646339416503906e+00 -3.715966224670410156e+00 4.078152656555175781e+00
-3.344470024108886719e+00 -3.577555656433105469e+00 4.019647121429443359e+00
-3.221940279006958008e+00 -3.436510801315307617e+00 3.961263418197631836e+00
-3.130608320236206055e+00 -3.330397605895996094e+00 3.932257890701293945e+00
-3.057374954223632812e+00 -3.251015186309814453e+00 3.927858114242553711e+00
-2.985141992568969727e+00 -3.172772645950317383e+00 3.925072193145751953e+00
-2.914595127105712891e+00 -3.096415042877197266e+00 3.923903226852416992e+00
-2.846419811248779297e+00 -3.022686481475830078e+00 3.924330949783325195e+00
-2.781289339065551758e+00 -2.952316761016845703e+00 3.926307439804077148e+00
-2.719857692718505859e+00 -2.886013507843017578e+00 3.929760217666625977e+00
-2.662746667861938477e+00 -2.824448585510253906e+00 3.934592962265014648e+00
-2.610533475875854492e+00 -2.768244504928588867e+00 3.940684556961059570e+00
-2.563748359680175781e+00 -2.717971801757812500e+00 3.947895050048828125e+00
-2.522858381271362305e+00 -2.674131631851196289e+00 3.956065177917480469e+00
-2.488262414932250977e+00 -2.637150287628173828e+00 3.965018510818481445e+00
-2.437645435333251953e+00 -2.584372282028198242e+00 3.937277555465698242e+00
-2.342432498931884766e+00 -2.486382722854614258e+00 3.820701599121093750e+00
-2.119995355606079102e+00 -2.260190248489379883e+00 3.436965465545654297e+00
-1.953521847724914551e+00 -2.090524673461914062e+00 3.135723829269409180e+00
-1.908383131027221680e+00 -2.045281648635864258e+00 3.057545185089111328e+00
-1.968199968338012695e+00 -2.107877492904663086e+00 3.169586658477783203e+00
-2.149348020553588867e+00 -2.294822216033935547e+00 3.504995584487915039e+00
-2.383927345275878906e+00 -2.534884929656982422e+00 3.915832519531250000e+00
-2.474661827087402344e+00 -2.628108501434326172e+00 4.028754234313964844e+00
-2.517594099044799805e+00 -2.674416542053222656e+00 4.051971912384033203e+00
-2.560818433761596680e+00 -2.721466779708862305e+00 4.065535068511962891e+00
-2.607825756072998047e+00 -2.772590875625610352e+00 4.075961589813232422e+00
-2.657975435256958008e+00 -2.827091932296752930e+00 4.083010673522949219e+00
-2.710615873336791992e+00 -2.884261369705200195e+00 4.086500167846679688e+00
-2.765095949172973633e+00 -2.943391561508178711e+00 4.086304187774658203e+00
-2.820777893066406250e+00 -3.003790140151977539e+00 4.082362174987792969e+00
-2.877045631408691406e+00 -3.064788341522216797e+00 4.074671268463134766e+00
-2.933317899703979492e+00 -3.125756025314331055e+00 4.063295841217041016e+00
-2.989052534103393555e+00 -3.186105251312255859e+00 4.048355102539062500e+00
-3.043758869171142578e+00 -3.245305776596069336e+00 4.030033111572265625e+00
-3.097001552581787109e+00 -3.302886009216308594e+00 4.008564949035644531e+00
-3.148399591445922852e+00 -3.358435392379760742e+00 3.984233379364013672e+00
-3.211136817932128906e+00 -3.431467771530151367e+00 3.974699497222900391e+00
-3.310635089874267578e+00 -3.544867277145385742e+00 4.001280307769775391e+00
-3.407109260559082031e+00 -3.654679536819458008e+00 4.026250839233398438e+00
-3.499709367752075195e+00 -3.759981155395507812e+00 4.048895835876464844e+00
-3.587983131408691406e+00 -3.860265254974365234e+00 4.069233894348144531e+00
-3.671562671661376953e+00 -3.955123424530029297e+00 4.087328433990478516e+00
-3.750158309936523438e+00 -4.044237613677978516e+00 4.103291034698486328e+00
-3.823552846908569336e+00 -4.127372264862060547e+00 4.117264747619628906e+00
-3.891591072082519531e+00 -4.204364299774169922e+00 4.129433631896972656e+00
-3.949317216873168945e+00 -4.270298004150390625e+00 4.132101535797119141e+00
-3.998962402343750000e+00 -4.327865123748779297e+00 4.131945610046386719e+00
-4.044316768646240234e+00 -4.381081581115722656e+00 4.135090351104736328e+00
-4.086482524871826172e+00 -4.431061744689941406e+00 4.142151832580566406e+00
-4.123561382293701172e+00 -4.474938392639160156e+00 4.148437023162841797e+00
-4.155536651611328125e+00 -4.512701988220214844e+00 4.154113292694091797e+00
-4.182381629943847656e+00 -4.544329643249511719e+00 4.159324169158935547e+00
-4.204053401947021484e+00 -4.569781303405761719e+00 4.164196491241455078e+00
-4.220493316650390625e+00 -4.588995933532714844e+00 4.168830394744873047e+00
-4.231615543365478516e+00 -4.601882457733154297e+00 4.173294544219970703e+00
-4.237310409545898438e+00 -4.608319759368896484e+00 4.177626132965087891e+00
-4.237442970275878906e+00 -4.608157634735107422e+00 4.181832790374755859e+00
-4.231856346130371094e+00 -4.601217269897460938e+00 4.185884475708007812e+00
-4.220372676849365234e+00 -4.587295532226562500e+00 4.189718246459960938e+00
-4.202798843383789062e+00 -4.566170215606689453e+00 4.193240642547607422e+00
-4.178932666778564453e+00 -4.537608623504638672e+00 4.196321487426757812e+00
-4.148575782775878906e+00 -4.501379013061523438e+00 4.198812961578369141e+00
-4.113588333129882812e+00 -4.460376739501953125e+00 4.205852508544921875e+00
-4.072894096374511719e+00 -4.413026809692382812e+00 4.214914321899414062e+00
-4.025540351867675781e+00 -4.357934951782226562e+00 4.223712444305419922e+00
-3.970620155334472656e+00 -4.294880390167236328e+00 4.234805583953857422e+00
-3.904975414276123047e+00 -4.220259189605712891e+00 4.240342617034912109e+00
-3.826808214187622070e+00 -4.132097721099853516e+00 4.236174583435058594e+00
-3.740800619125366211e+00 -4.035029888153076172e+00 4.229604721069335938e+00
-3.647050857543945312e+00 -3.929153919219970703e+00 4.220379829406738281e+00
-3.545738458633422852e+00 -3.814661026000976562e+00 4.208285331726074219e+00
-3.437117338180541992e+00 -3.691825628280639648e+00 4.193128108978271484e+00
-3.329644918441772461e+00 -3.569077253341674805e+00 4.180773735046386719e+00
-3.270145416259765625e+00 -3.492937803268432617e+00 4.205518722534179688e+00
-3.206640005111694336e+00 -3.411874055862426758e+00 4.228397846221923828e+00
-3.137191534042358398e+00 -3.331509828567504883e+00 4.256015300750732422e+00
-3.062807321548461914e+00 -3.250356197357177734e+00 4.285765171051025391e+00
-2.985100030899047852e+00 -3.165580987930297852e+00 4.313288211822509766e+00
-2.904425144195556641e+00 -3.077572584152221680e+00 4.338356494903564453e+00
-2.821166276931762695e+00 -2.986751079559326172e+00 4.360778808593750000e+00
-2.735728740692138672e+00 -2.893559694290161133e+00 4.380397796630859375e+00
-2.648530960083007812e+00 -2.798455953598022461e+00 4.397091865539550781e+00
-2.558042049407958984e+00 -2.699741601943969727e+00 4.405579090118408203e+00
-1.652604460716247559e+00 -1.767057538032531738e+00 2.767703294754028320e+00
-1.142079472541809082e+00 -1.239423036575317383e+00 1.903787136077880859e+00
-1.119335055351257324e+00 -1.211575865745544434e+00 1.886381268501281738e+00
-1.097159385681152344e+00 -1.184377670288085938e+00 1.869489431381225586e+00
-1.075619578361511230e+00 -1.157914519309997559e+00 1.853147864341735840e+00
-1.054769039154052734e+00 -1.132256865501403809e+00 1.837379336357116699e+00
-1.034647345542907715e+00 -1.107458472251892090e+00 1.822192311286926270e+00
-1.020964026451110840e+00 -1.089589476585388184e+00 1.803341627120971680e+00
-1.010411739349365234e+00 -1.075148344039916992e+00 1.783287882804870605e+00
-1.448574900627136230e+00 -2.334144830703735352e+00 4.096381068229675293e-01
-1.445185184478759766e+00 -2.328623533248901367e+00 4.088150858879089355e-01
-1.441707253456115723e+00 -2.322905063629150391e+00 4.080937504768371582e-01
-1.438169479370117188e+00 -2.317034006118774414e+00 4.074862599372863770e-01
-1.434601902961730957e+00 -2.311058998107910156e+00 4.070038199424743652e-01
-1.431036472320556641e+00 -2.305031776428222656e+00 4.066562056541442871e-01
-1.427505850791931152e+00 -2.299007415771484375e+00 4.064525961875915527e-01
-1.424043893814086914e+00 -2.293041944503784180e+00 4.064007401466369629e-01
-1.420684695243835449e+00 -2.287195444107055664e+00 4.065056443214416504e-01
-1.417463183403015137e+00 -2.281528711318969727e+00 4.067707657814025879e-01
-1.414412856101989746e+00 -2.276102304458618164e+00 4.071959853172302246e-01
-1.411567330360412598e+00 -2.270978212356567383e+00 4.077789187431335449e-01
-1.408958792686462402e+00 -2.266217470169067383e+00 4.085143208503723145e-01
-1.406617045402526855e+00 -2.261878252029418945e+00 4.093926548957824707e-01
-1.404570460319519043e+00 -2.258018016815185547e+00 4.104017615318298340e-01
-1.402844309806823730e+00 -2.254689693450927734e+00 4.115261435508728027e-01
-1.401461362838745117e+00 -2.251943349838256836e+00 4.127474427223205566e-01
-1.400440335273742676e+00 -2.249822378158569336e+00 4.140444397926330566e-01
-1.399796128273010254e+00 -2.248365402221679688e+00 4.153938889503479004e-01
-1.399540305137634277e+00 -2.247604608535766602e+00 4.167699217796325684e-01
-1.399679422378540039e+00 -2.247563600540161133e+00 4.181460738182067871e-01
-1.400215506553649902e+00 -2.248259544372558594e+00 4.194948077201843262e-01
-1.401146650314331055e+00 -2.249700784683227539e+00 4.207884669303894043e-01
-1.402465701103210449e+00 -2.251886129379272461e+00 4.220005869865417480e-01
-1.404160380363464355e+00 -2.254805088043212891e+00 4.231049418449401855e-01
-1.406214356422424316e+00 -2.258438348770141602e+00 4.240778088569641113e-01
-1.408606052398681641e+00 -2.262755632400512695e+00 4.248980879783630371e-01
-1.411309719085693359e+00 -2.267718076705932617e+00 4.255475401878356934e-01
-1.414294242858886719e+00 -2.273275136947631836e+00 4.260113835334777832e-01
-1.417525172233581543e+00 -2.279368162155151367e+00 4.262786507606506348e-01
-1.420963406562805176e+00 -2.285928726196289062e+00 4.263421893119812012e-01
-1.424566626548767090e+00 -2.292880535125732422e+00 4.261993765830993652e-01
-1.428290128707885742e+00 -2.300140142440795898e+00 4.258522391319274902e-01
-1.432085394859313965e+00 -2.307616949081420898e+00 4.253049492835998535e-01
-1.435903668403625488e+00 -2.315216302871704102e+00 4.245674014091491699e-01
-1.439694046974182129e+00 -2.322839021682739258e+00 4.236518740653991699e-01
-1.443406105041503906e+00 -2.330385923385620117e+00 4.225737452507019043e-01
-1.446996212005615234e+00 -2.337748765945434570e+00 4.213588833808898926e-01
-1.450428366661071777e+00 -2.344817876815795898e+00 4.200423359870910645e-01
-1.453638434410095215e+00 -2.351519346237182617e+00 4.186215996742248535e-01
-1.456583857536315918e+00 -2.357765436172485352e+00 4.171194434165954590e-01
-1.459226727485656738e+00 -2.363476037979125977e+00 4.155578017234802246e-01
-1.461015701293945312e+00 -2.368025541305541992e+00 4.126575589179992676e-01
-1.462386965751647949e+00 -2.371678113937377930e+00 4.097498059272766113e-01
-1.463531732559204102e+00 -2.374716520309448242e+00 4.072936177253723145e-01
-1.464312791824340820e+00 -2.377066850662231445e+00 4.049127697944641113e-01
-1.464730381965637207e+00 -2.378720283508300781e+00 4.026322960853576660e-01
-1.464790701866149902e+00 -2.379681348800659180e+00 4.004711508750915527e-01
-1.464509248733520508e+00 -2.379970312118530273e+00 3.984463810920715332e-01
-1.463906884193420410e+00 -2.379621028900146484e+00 3.965713381767272949e-01
-1.463012099266052246e+00 -2.378680944442749023e+00 3.948529362678527832e-01
-1.461859345436096191e+00 -2.377210378646850586e+00 3.932963013648986816e-01
-1.460487723350524902e+00 -2.375279188156127930e+00 3.919009566307067871e-01
-1.458942055702209473e+00 -2.372968912124633789e+00 3.906645178794860840e-01
-1.457269668579101562e+00 -2.370366811752319336e+00 3.895797133445739746e-01
-1.455520510673522949e+00 -2.367566347122192383e+00 3.886370062828063965e-01
-1.453745961189270020e+00 -2.364664077758789062e+00 3.878243565559387207e-01
-1.451996445655822754e+00 -2.361756563186645508e+00 3.871279358863830566e-01
-1.450322389602661133e+00 -2.358938932418823242e+00 3.865339159965515137e-01
-1.448772072792053223e+00 -2.356304407119750977e+00 3.860263228416442871e-01
-1.447388887405395508e+00 -2.353937387466430664e+00 3.855907320976257324e-01
-1.446212649345397949e+00 -2.351914882659912109e+00 3.852134346961975098e-01
-1.445278286933898926e+00 -2.350305318832397461e+00 3.848816752433776855e-01
-1.444613933563232422e+00 -2.349164009094238281e+00 3.845855593681335449e-01
-1.444241404533386230e+00 -2.348534107208251953e+00 3.843173384666442871e-01
-1.444174647331237793e+00 -2.348444461822509766e+00 3.840711712837219238e-01
-1.444422125816345215e+00 -2.348911523818969727e+00 3.838461041450500488e-01
-1.444983363151550293e+00 -2.349936246871948242e+00 3.836424946784973145e-01
-1.445851922035217285e+00 -2.351506471633911133e+00 3.834643959999084473e-01
-1.447013258934020996e+00 -2.353595495223999023e+00 3.833197951316833496e-01
-1.448447585105895996e+00 -2.356165409088134766e+00 3.832171559333801270e-01
-1.450128912925720215e+00 -2.359166860580444336e+00 3.831694722175598145e-01
-1.452026724815368652e+00 -2.362540483474731445e+00 3.831905722618103027e-01
-1.454105973243713379e+00 -2.366218805313110352e+00 3.832963109016418457e-01
-1.456328034400939941e+00 -2.370127916336059570e+00 3.835025429725646973e-01
-1.458652734756469727e+00 -2.374189376831054688e+00 3.838264346122741699e-01
-1.461038470268249512e+00 -2.378322839736938477e+00 3.842849135398864746e-01
-1.463443040847778320e+00 -2.382447481155395508e+00 3.848932385444641113e-01
-1.465825915336608887e+00 -2.386484384536743164e+00 3.856670260429382324e-01
-1.468148112297058105e+00 -2.390357732772827148e+00 3.866183161735534668e-01
-1.470373630523681641e+00 -2.393999814987182617e+00 3.877579569816589355e-01
-1.472471117973327637e+00 -2.397348165512084961e+00 3.890938162803649902e-01
-1.474412798881530762e+00 -2.400352001190185547e+00 3.906300663948059082e-01
-1.476178050041198730e+00 -2.402970075607299805e+00 3.923688530921936035e-01
-1.477751374244689941e+00 -2.405174970626831055e+00 3.943070769309997559e-01
-1.479124665260314941e+00 -2.406951665878295898e+00 3.964394927024841309e-01
-1.480297446250915527e+00 -2.408300161361694336e+00 3.987557291984558105e-01
-1.481277346611022949e+00 -2.409236669540405273e+00 4.012431502342224121e-01
-1.482078313827514648e+00 -2.409790754318237305e+00 4.038839936256408691e-01
-1.482723712921142578e+00 -2.410009145736694336e+00 4.066578745841979980e-01
-1.483243823051452637e+00 -2.409952402114868164e+00 4.095408320426940918e-01
-1.483676552772521973e+00 -2.409696340560913086e+00 4.125055670738220215e-01
-1.484066367149353027e+00 -2.409330368041992188e+00 4.155225157737731934e-01
-1.484464287757873535e+00 -2.408955097198486328e+00 4.185600876808166504e-01
-1.484926462173461914e+00 -2.408683061599731445e+00 4.215837121009826660e-01
-1.485513567924499512e+00 -2.408635377883911133e+00 4.245582222938537598e-01
-1.486289381980895996e+00 -2.408939123153686523e+00 4.274469017982482910e-01
-1.487318992614746094e+00 -2.409725427627563477e+00 4.302124381065368652e-01
-1.488669157028198242e+00 -2.411128282546997070e+00 4.328187108039855957e-01
-1.490404725074768066e+00 -2.413278341293334961e+00 4.352286458015441895e-01
-1.492588639259338379e+00 -2.416304349899291992e+00 4.374067187309265137e-01
-1.495217680931091309e+00 -2.420260906219482422e+00 4.391657710075378418e-01
-1.498090267181396484e+00 -2.424984216690063477e+00 4.398371577262878418e-01
-1.501661300659179688e+00 -2.431010007858276367e+00 4.404186606407165527e-01
-1.505982756614685059e+00 -2.438434839248657227e+00 4.409253001213073730e-01
-1.511096596717834473e+00 -2.447336912155151367e+00 4.413753151893615723e-01
-1.517032742500305176e+00 -2.457771062850952148e+00 4.417900443077087402e-01
-1.523807883262634277e+00 -2.469769954681396484e+00 4.421938061714172363e-01
-1.531424880027770996e+00 -2.483338832855224609e+00 4.426146149635314941e-01
-1.539486527442932129e+00 -2.498043537139892578e+00 4.421171545982360840e-01
-1.547961831092834473e+00 -2.513831377029418945e+00 4.407225251197814941e-01
-1.557002663612365723e+00 -2.530833005905151367e+00 4.389514327049255371e-01
-1.566546916961669922e+00 -2.548940658569335938e+00 4.368245005607604980e-01
-1.577205181121826172e+00 -2.568945646286010742e+00 4.354929327964782715e-01
-1.589264512062072754e+00 -2.591196775436401367e+00 4.356008172035217285e-01
-1.601892113685607910e+00 -2.614522933959960938e+00 4.359745383262634277e-01
-1.615005612373352051e+00 -2.638761281967163086e+00 4.366911053657531738e-01
-1.628512978553771973e+00 -2.663730859756469727e+00 4.378277659416198730e-01
-1.642315983772277832e+00 -2.689238071441650391e+00 4.394622445106506348e-01
-1.656310439109802246e+00 -2.715078353881835938e+00 4.416705965995788574e-01
-1.667516946792602539e+00 -2.736414670944213867e+00 4.451673626899719238e-01
-1.678398966789245605e+00 -2.757176160812377930e+00 4.494492411613464355e-01
-1.684861302375793457e+00 -2.777144193649291992e+00 4.384484887123107910e-01
-1.690195798873901367e+00 -2.796254396438598633e+00 4.256013035774230957e-01
-1.695662379264831543e+00 -2.815060377120971680e+00 4.151468873023986816e-01
-1.705735325813293457e+00 -2.836664915084838867e+00 4.199126362800598145e-01
-1.715195536613464355e+00 -2.857178926467895508e+00 4.256064295768737793e-01
-1.973917603492736816e+00 -3.001359701156616211e+00 1.134093523025512695e+00
-2.466212749481201172e+00 -2.638939142227172852e+00 4.340676307678222656e+00
-2.996755599975585938e+00 -3.200662851333618164e+00 4.876952171325683594e+00
-3.147280931472778320e+00 -3.364841699600219727e+00 5.011780738830566406e+00
-3.265018463134765625e+00 -3.494053840637207031e+00 5.099890232086181641e+00
-3.362168073654174805e+00 -3.600808143615722656e+00 5.146660327911376953e+00
-3.459626913070678711e+00 -3.707892894744873047e+00 5.189077854156494141e+00
-3.556999683380126953e+00 -3.814871788024902344e+00 5.226921081542968750e+00
-3.653894186019897461e+00 -3.921312570571899414e+00 5.260021209716796875e+00
-3.749918937683105469e+00 -4.026782989501953125e+00 5.288259983062744141e+00
-3.844697952270507812e+00 -4.130868911743164062e+00 5.311580181121826172e+00
-3.934387445449829102e+00 -4.228359222412109375e+00 5.327758312225341797e+00
-4.017243862152099609e+00 -4.324320793151855469e+00 5.343280792236328125e+00
-4.095768928527832031e+00 -4.422854423522949219e+00 5.360599517822265625e+00
-4.171724796295166016e+00 -4.518623828887939453e+00 5.373389244079589844e+00
-4.239627361297607422e+00 -4.606232166290283203e+00 5.380444526672363281e+00
-4.304313182830810547e+00 -4.690262317657470703e+00 5.383272171020507812e+00
-4.400368213653564453e+00 -4.808018684387207031e+00 5.455566883087158203e+00
-4.485440254211425781e+00 -4.915328979492187500e+00 5.520677089691162109e+00
-4.623771667480468750e+00 -5.074774265289306641e+00 5.623312950134277344e+00
-4.756941795349121094e+00 -5.228287220001220703e+00 5.720361232757568359e+00
-4.884529113769531250e+00 -5.375376224517822266e+00 5.811727523803710938e+00
-5.006170749664306641e+00 -5.515613555908203125e+00 5.897344589233398438e+00
-5.121074199676513672e+00 -5.648593902587890625e+00 5.978923797607421875e+00
-5.228719711303710938e+00 -5.773999214172363281e+00 6.057454109191894531e+00
-5.329706192016601562e+00 -5.891665458679199219e+00 6.130125522613525391e+00
-5.423906803131103516e+00 -6.001435756683349609e+00 6.197008609771728516e+00
-5.511259078979492188e+00 -6.103226661682128906e+00 6.258210182189941406e+00
-5.591747283935546875e+00 -6.197013854980468750e+00 6.313867568969726562e+00
-5.665421962738037109e+00 -6.282847881317138672e+00 6.364151954650878906e+00
-5.732377529144287109e+00 -6.360834121704101562e+00 6.409259319305419922e+00
-5.793980598449707031e+00 -6.432988643646240234e+00 6.467971801757812500e+00
-5.849664688110351562e+00 -6.498383045196533203e+00 6.529031276702880859e+00
-5.898993492126464844e+00 -6.556274890899658203e+00 6.582671642303466797e+00
-5.942230224609375000e+00 -6.606972694396972656e+00 6.629243850708007812e+00
-5.979673385620117188e+00 -6.650827407836914062e+00 6.669149875640869141e+00
-6.011633872985839844e+00 -6.688205242156982422e+00 6.702795028686523438e+00
-6.038445472717285156e+00 -6.719501018524169922e+00 6.730628490447998047e+00
-6.060452938079833984e+00 -6.745123386383056641e+00 6.753109931945800781e+00
-6.078006744384765625e+00 -6.765489101409912109e+00 6.770706653594970703e+00
-6.091454982757568359e+00 -6.781012535095214844e+00 6.783878326416015625e+00
-6.101144790649414062e+00 -6.792106151580810547e+00 6.793094158172607422e+00
-6.107418060302734375e+00 -6.799178123474121094e+00 6.798809528350830078e+00
-6.110596656799316406e+00 -6.802612781524658203e+00 6.801455974578857422e+00
-6.110990524291992188e+00 -6.802780151367187500e+00 6.801442623138427734e+00
-6.108893394470214844e+00 -6.800030231475830078e+00 6.799162864685058594e+00
-6.104577541351318359e+00 -6.794688224792480469e+00 6.794973373413085938e+00
-6.098291397094726562e+00 -6.787051200866699219e+00 6.789195537567138672e+00
-6.090266704559326172e+00 -6.777394771575927734e+00 6.782125473022460938e+00
-6.080704212188720703e+00 -6.765957832336425781e+00 6.774012088775634766e+00
-6.069785594940185547e+00 -6.752958297729492188e+00 6.765075206756591797e+00
-6.057669162750244141e+00 -6.738583564758300781e+00 6.755494117736816406e+00
-6.044494152069091797e+00 -6.722997665405273438e+00 6.745415210723876953e+00
-6.030374526977539062e+00 -6.706337451934814453e+00 6.734955310821533203e+00
-6.015407085418701172e+00 -6.688714027404785156e+00 6.724188327789306641e+00
-5.999668598175048828e+00 -6.670220851898193359e+00 6.713161468505859375e+00
-5.983226299285888672e+00 -6.650932788848876953e+00 6.701904296875000000e+00
-5.966125011444091797e+00 -6.630902767181396484e+00 6.690407276153564453e+00
-5.948407173156738281e+00 -6.610177993774414062e+00 6.678657531738281250e+00
-5.930093288421630859e+00 -6.588782310485839844e+00 6.666595458984375000e+00
-5.911204814910888672e+00 -6.566736698150634766e+00 6.654170989990234375e+00
-5.891752243041992188e+00 -6.544051647186279297e+00 6.641306877136230469e+00
-5.871748447418212891e+00 -6.520739555358886719e+00 6.627926826477050781e+00
-5.851194381713867188e+00 -6.496799468994140625e+00 6.613937377929687500e+00
-5.830096244812011719e+00 -6.472234725952148438e+00 6.599249362945556641e+00
-5.808460235595703125e+00 -6.447050571441650391e+00 6.583765506744384766e+00
-5.786299228668212891e+00 -6.421258926391601562e+00 6.567407131195068359e+00
-5.763621330261230469e+00 -6.394867897033691406e+00 6.550080299377441406e+00
-5.740450859069824219e+00 -6.367901325225830078e+00 6.531723499298095703e+00
-5.716810703277587891e+00 -6.340386867523193359e+00 6.512263774871826172e+00
-5.692736625671386719e+00 -6.312362670898437500e+00 6.491654396057128906e+00
-5.668270587921142578e+00 -6.283876419067382812e+00 6.469860076904296875e+00
-5.643468379974365234e+00 -6.254992485046386719e+00 6.446868419647216797e+00
-5.618387222290039062e+00 -6.225777626037597656e+00 6.422673702239990234e+00
-5.593102931976318359e+00 -6.196318626403808594e+00 6.397298812866210938e+00
-5.567691802978515625e+00 -6.166705131530761719e+00 6.370776653289794922e+00
-5.542247295379638672e+00 -6.137046337127685547e+00 6.343173980712890625e+00
-5.516864299774169922e+00 -6.107452392578125000e+00 6.314561367034912109e+00
-5.491646766662597656e+00 -6.078045845031738281e+00 6.285033226013183594e+00
-5.466704368591308594e+00 -6.048954963684082031e+00 6.254707336425781250e+00
-5.442145347595214844e+00 -6.020305156707763672e+00 6.223708152770996094e+00
-5.418080806732177734e+00 -5.992228507995605469e+00 6.192171096801757812e+00
-5.394617557525634766e+00 -5.964848041534423828e+00 6.160248756408691406e+00
-5.371851921081542969e+00 -5.938277721405029297e+00 6.128098487854003906e+00
-5.349877834320068359e+00 -5.912625789642333984e+00 6.095880985260009766e+00
-5.328768730163574219e+00 -5.887979030609130859e+00 6.063760757446289062e+00
-5.308578014373779297e+00 -5.864399909973144531e+00 6.031887054443359375e+00
-5.289338588714599609e+00 -5.841926574707031250e+00 6.000404834747314453e+00
-5.271057605743408203e+00 -5.820566654205322266e+00 5.969458580017089844e+00
-5.253705501556396484e+00 -5.800286769866943359e+00 5.939151287078857422e+00
-5.237217426300048828e+00 -5.781011581420898438e+00 5.909574508666992188e+00
-5.221610069274902344e+00 -5.762800693511962891e+00 5.882542133331298828e+00
-5.206611633300781250e+00 -5.745297431945800781e+00 5.856253147125244141e+00
-5.192019939422607422e+00 -5.728263854980468750e+00 5.830585002899169922e+00
-5.177595615386962891e+00 -5.711423873901367188e+00 5.805488109588623047e+00
-5.163043975830078125e+00 -5.694435119628906250e+00 5.780872344970703125e+00
-5.148028373718261719e+00 -5.676909923553466797e+00 5.756604194641113281e+00
-5.132156848907470703e+00 -5.658393859863281250e+00 5.732504844665527344e+00
-5.114992141723632812e+00 -5.638383865356445312e+00 5.708344459533691406e+00
-5.096060276031494141e+00 -5.616331100463867188e+00 5.683858871459960938e+00
-5.074844837188720703e+00 -5.591639995574951172e+00 5.658734321594238281e+00
-5.050798416137695312e+00 -5.563680171966552734e+00 5.632622241973876953e+00
-5.023357868194580078e+00 -5.531799316406250000e+00 5.605134010314941406e+00
-4.991932868957519531e+00 -5.495318412780761719e+00 5.575850486755371094e+00
-4.955942630767822266e+00 -5.453567028045654297e+00 5.544341564178466797e+00
-4.914807796478271484e+00 -5.405876159667968750e+00 5.510149955749511719e+00
-4.867967128753662109e+00 -5.351598739624023438e+00 5.472815036773681641e+00
-4.814896583557128906e+00 -5.290130615234375000e+00 5.431886196136474609e+00
-4.755112648010253906e+00 -5.220911502838134766e+00 5.386921405792236328e+00
-4.688191890716552734e+00 -5.143455505371093750e+00 5.337505817413330078e+00
-4.613782405853271484e+00 -5.057353973388671875e+00 5.283264160156250000e+00
-4.534095287322998047e+00 -4.964951515197753906e+00 5.228653907775878906e+00
-4.447887420654296875e+00 -4.864901542663574219e+00 5.171344280242919922e+00
-4.353393554687500000e+00 -4.755714416503906250e+00 5.110141754150390625e+00
-4.250470638275146484e+00 -4.637407779693603516e+00 5.045513629913330078e+00
-4.139787197113037109e+00 -4.510187625885009766e+00 4.975478649139404297e+00
-4.010459423065185547e+00 -4.363300800323486328e+00 4.881895542144775391e+00
-3.875273466110229492e+00 -4.209754467010498047e+00 4.787188053131103516e+00
-3.753821134567260742e+00 -4.071201801300048828e+00 4.739833354949951172e+00
-3.652571201324462891e+00 -3.951865911483764648e+00 4.708121299743652344e+00
-3.577309846878051758e+00 -3.857595205307006836e+00 4.696053028106689453e+00
-3.499215364456176758e+00 -3.759903192520141602e+00 4.681968688964843750e+00
-3.418842554092407227e+00 -3.659474849700927734e+00 4.665986061096191406e+00
-3.336812019348144531e+00 -3.557075023651123047e+00 4.648278713226318359e+00
-3.251318216323852539e+00 -3.459650278091430664e+00 4.636958599090576172e+00
-3.164429187774658203e+00 -3.364750623703002930e+00 4.627995014190673828e+00
-3.078045606613159180e+00 -3.270457267761230469e+00 4.618032932281494141e+00
-2.992968082427978516e+00 -3.177645206451416016e+00 4.607316970825195312e+00
-2.910012960433959961e+00 -3.087206363677978516e+00 4.596127510070800781e+00
-2.829988718032836914e+00 -3.000023365020751953e+00 4.584755420684814453e+00
-2.753691911697387695e+00 -2.916965007781982422e+00 4.573506832122802734e+00
-2.681890487670898438e+00 -2.838868379592895508e+00 4.562692165374755859e+00
-2.538144111633300781e+00 -2.684747457504272461e+00 4.381823539733886719e+00
-1.936851978302001953e+00 -2.064985036849975586e+00 3.298621416091918945e+00
-1.232205748558044434e+00 -1.345164060592651367e+00 2.028027534484863281e+00
-1.128162622451782227e+00 -1.238537669181823730e+00 1.864926815032958984e+00
-1.119748711585998535e+00 -1.228624463081359863e+00 1.855207085609436035e+00
-1.113123536109924316e+00 -1.220956325531005859e+00 1.847301840782165527e+00
-1.108296632766723633e+00 -1.215544581413269043e+00 1.841245293617248535e+00
-1.105253458023071289e+00 -1.212370753288269043e+00 1.837047338485717773e+00
-1.103957533836364746e+00 -1.211389064788818359e+00 1.834691166877746582e+00
-1.104352474212646484e+00 -1.212527871131896973e+00 1.834136962890625000e+00
-1.106362462043762207e+00 -1.215692043304443359e+00 1.835322022438049316e+00
-1.109894871711730957e+00 -1.220764517784118652e+00 1.838163375854492188e+00
-1.114843130111694336e+00 -1.227610945701599121e+00 1.842558860778808594e+00
-1.121089220046997070e+00 -1.236081719398498535e+00 1.848392248153686523e+00
-1.128506302833557129e+00 -1.246016144752502441e+00 1.855533957481384277e+00
-1.136961102485656738e+00 -1.257245063781738281e+00 1.863844275474548340e+00
-1.400549769401550293e+00 -1.528244733810424805e+00 2.321081876754760742e+00
-2.211337804794311523e+00 -2.356930017471313477e+00 3.802169561386108398e+00
-2.671540498733520508e+00 -2.836522817611694336e+00 4.629097938537597656e+00
-2.752984523773193359e+00 -2.925653696060180664e+00 4.672914981842041016e+00
-2.822927474975585938e+00 -3.002156019210815430e+00 4.688767910003662109e+00
-2.895422935485839844e+00 -3.081382513046264648e+00 4.703751564025878906e+00
-2.969761133193969727e+00 -3.162558078765869141e+00 4.717591762542724609e+00
-3.045238018035888672e+00 -3.244915246963500977e+00 4.730043411254882812e+00
-3.121165037155151367e+00 -3.327703714370727539e+00 4.740892887115478516e+00
-3.196871280670166016e+00 -3.410193920135498047e+00 4.749958038330078125e+00
-3.271713733673095703e+00 -3.491687774658203125e+00 4.757101058959960938e+00
-3.343821763992309570e+00 -3.574614048004150391e+00 4.766211986541748047e+00
-3.411527633666992188e+00 -3.661034345626831055e+00 4.780699253082275391e+00
-3.476704120635986328e+00 -3.744377136230468750e+00 4.792827606201171875e+00
-3.538875102996826172e+00 -3.824018239974975586e+00 4.802510738372802734e+00
-3.597599983215332031e+00 -3.899376392364501953e+00 4.809700489044189453e+00
-3.652482032775878906e+00 -3.969921827316284180e+00 4.814387798309326172e+00
-3.705697298049926758e+00 -4.037697792053222656e+00 4.809903621673583984e+00
-3.785450458526611328e+00 -4.130694389343261719e+00 4.827117919921875000e+00
-3.869805097579956055e+00 -4.228245258331298828e+00 4.871025085449218750e+00
-3.943876266479492188e+00 -4.313840389251708984e+00 4.904862403869628906e+00
-4.007067680358886719e+00 -4.386790752410888672e+00 4.928215503692626953e+00
-4.058887004852294922e+00 -4.446528911590576172e+00 4.940768718719482422e+00
-4.098950862884521484e+00 -4.492612838745117188e+00 4.942317485809326172e+00
-4.126989364624023438e+00 -4.524734973907470703e+00 4.932772636413574219e+00
-4.142858028411865234e+00 -4.542732715606689453e+00 4.912168502807617188e+00
-4.146539688110351562e+00 -4.546590805053710938e+00 4.880657672882080078e+00
-4.138157367706298828e+00 -4.536458492279052734e+00 4.838540554046630859e+00
-4.126320362091064453e+00 -4.521883964538574219e+00 4.807544708251953125e+00
-4.112784385681152344e+00 -4.504837989807128906e+00 4.791674137115478516e+00
-4.091169357299804688e+00 -4.478294849395751953e+00 4.773929119110107422e+00
-4.061944484710693359e+00 -4.442816257476806641e+00 4.754554271697998047e+00
-4.025686264038085938e+00 -4.399089336395263672e+00 4.733828544616699219e+00
-3.983063697814941406e+00 -4.347912311553955078e+00 4.712037086486816406e+00
-3.934837818145751953e+00 -4.290189266204833984e+00 4.689483642578125000e+00
-3.881858348846435547e+00 -4.226928234100341797e+00 4.666488647460937500e+00
-3.825039148330688477e+00 -4.159214019775390625e+00 4.643364906311035156e+00
-3.760137557983398438e+00 -4.083028316497802734e+00 4.611928939819335938e+00
-3.689047813415527344e+00 -4.000445365905761719e+00 4.573909282684326172e+00
-3.617211103439331055e+00 -3.917062520980834961e+00 4.536739349365234375e+00
-3.558048248291015625e+00 -3.846402645111083984e+00 4.509995937347412109e+00
-3.520370483398437500e+00 -3.797410964965820312e+00 4.499826908111572266e+00
-3.484410762786865234e+00 -3.750661849975585938e+00 4.491164684295654297e+00
-3.450747966766357422e+00 -3.706915616989135742e+00 4.484023571014404297e+00
-3.419918060302734375e+00 -3.666877031326293945e+00 4.478378295898437500e+00
-3.392405509948730469e+00 -3.631183147430419922e+00 4.474170207977294922e+00
-3.368631601333618164e+00 -3.600391864776611328e+00 4.471311569213867188e+00
-3.348726511001586914e+00 -3.575521945953369141e+00 4.470391273498535156e+00
-3.332467794418334961e+00 -3.558169364929199219e+00 4.472844600677490234e+00
-3.321072340011596680e+00 -3.546086072921752930e+00 4.475261688232421875e+00
-3.314662694931030273e+00 -3.539400339126586914e+00 4.477420330047607422e+00
-3.313273906707763672e+00 -3.538145542144775391e+00 4.479104995727539062e+00
-3.316854238510131836e+00 -3.542260169982910156e+00 4.480114459991455078e+00
-3.325262546539306641e+00 -3.551586866378784180e+00 4.480264663696289062e+00
-3.338275671005249023e+00 -3.565880060195922852e+00 4.479392528533935547e+00
-3.354891538619995117e+00 -3.586548328399658203e+00 4.479606151580810547e+00
-3.374745130538940430e+00 -3.613176345825195312e+00 4.480791091918945312e+00
-3.397872447967529297e+00 -3.644118547439575195e+00 4.481370925903320312e+00
-3.423813104629516602e+00 -3.678764581680297852e+00 4.481213569641113281e+00
-3.452061891555786133e+00 -3.716444015502929688e+00 4.480216503143310547e+00
-3.482078313827514648e+00 -3.756438970565795898e+00 4.478299140930175781e+00
-3.513291358947753906e+00 -3.797991037368774414e+00 4.475405216217041016e+00
-3.577947854995727539e+00 -3.872908353805541992e+00 4.495848178863525391e+00
-3.644579648971557617e+00 -3.949756145477294922e+00 4.516739368438720703e+00
-3.710165739059448242e+00 -4.025333404541015625e+00 4.536301136016845703e+00
-3.772071361541748047e+00 -4.096826553344726562e+00 4.551807403564453125e+00
-3.825063467025756836e+00 -4.158850193023681641e+00 4.556298732757568359e+00
-3.874167203903198242e+00 -4.216199398040771484e+00 4.559467792510986328e+00
-3.918411016464233398e+00 -4.267733573913574219e+00 4.561197280883789062e+00
-3.956877708435058594e+00 -4.312377452850341797e+00 4.561380863189697266e+00
-3.988717555999755859e+00 -4.349137783050537109e+00 4.559926986694335938e+00
-4.013161659240722656e+00 -4.377119541168212891e+00 4.556766033172607422e+00
-4.029528141021728516e+00 -4.395530223846435547e+00 4.551841735839843750e+00
-4.037231922149658203e+00 -4.403693675994873047e+00 4.545114517211914062e+00
-4.035791397094726562e+00 -4.401056766510009766e+00 4.536560535430908203e+00
-4.024836540222167969e+00 -4.387198925018310547e+00 4.526178359985351562e+00
-4.004107952117919922e+00 -4.361831665039062500e+00 4.513975143432617188e+00
-3.973467588424682617e+00 -4.324808597564697266e+00 4.499979496002197266e+00
-3.932898521423339844e+00 -4.276126384735107422e+00 4.484240055084228516e+00
-3.876723051071166992e+00 -4.210189342498779297e+00 4.457408428192138672e+00
-3.806158304214477539e+00 -4.128263473510742188e+00 4.421182632446289062e+00
-3.725091934204101562e+00 -4.034281730651855469e+00 4.381429672241210938e+00
-3.634070396423339844e+00 -3.928885698318481445e+00 4.338409900665283203e+00
-3.533760070800781250e+00 -3.812853336334228516e+00 4.292408943176269531e+00
-3.424945592880249023e+00 -3.687098503112792969e+00 4.243762493133544922e+00
-3.360903501510620117e+00 -3.604651451110839844e+00 4.231668949127197266e+00
-3.295761346817016602e+00 -3.520146369934082031e+00 4.221781730651855469e+00
-3.225879669189453125e+00 -3.436294317245483398e+00 4.217995166778564453e+00
-3.151330471038818359e+00 -3.355153560638427734e+00 4.221998691558837891e+00
-3.074961900711059570e+00 -3.272050619125366211e+00 4.226744174957275391e+00
-2.997472286224365234e+00 -3.187743902206420898e+00 4.232147216796875000e+00
-2.919583320617675781e+00 -3.103016614913940430e+00 4.238121986389160156e+00
-2.842033386230468750e+00 -3.018670797348022461e+00 4.244594097137451172e+00
-2.765569448471069336e+00 -2.935517787933349609e+00 4.251493930816650391e+00
-2.690940618515014648e+00 -2.854370832443237305e+00 4.258765697479248047e+00
-2.602037668228149414e+00 -2.757656812667846680e+00 4.236876010894775391e+00
-1.906383514404296875e+00 -2.044941902160644531e+00 3.036733627319335938e+00
-1.337445020675659180e+00 -1.458761096000671387e+00 2.025278091430664062e+00
-1.319467663764953613e+00 -1.437693119049072266e+00 2.003607749938964844e+00
-1.301890254020690918e+00 -1.417320370674133301e+00 1.982565999031066895e+00
-1.285723686218261719e+00 -1.398724317550659180e+00 1.964035153388977051e+00
-1.273201227188110352e+00 -1.384267330169677734e+00 1.952390551567077637e+00
-1.261181831359863281e+00 -1.370669364929199219e+00 1.941080093383789062e+00
-1.249807357788085938e+00 -1.358092427253723145e+00 1.930240511894226074e+00
-1.239210009574890137e+00 -1.346684575080871582e+00 1.919999957084655762e+00
-1.229511260986328125e+00 -1.336579680442810059e+00 1.910478949546813965e+00
-1.220820903778076172e+00 -1.327895045280456543e+00 1.901786446571350098e+00
-1.213234663009643555e+00 -1.320730090141296387e+00 1.894019007682800293e+00
-1.206834197044372559e+00 -1.315165638923645020e+00 1.887260794639587402e+00
-1.201684951782226562e+00 -1.311261773109436035e+00 1.881580114364624023e+00
-1.197836041450500488e+00 -1.309057831764221191e+00 1.877028465270996094e+00
-1.195406198501586914e+00 -1.308437943458557129e+00 1.873589754104614258e+00
-1.194464087486267090e+00 -1.309316396713256836e+00 1.871250867843627930e+00
-1.195782423019409180e+00 -1.312796235084533691e+00 1.871378064155578613e+00
-1.200688123703002930e+00 -1.320224881172180176e+00 1.875883460044860840e+00
-1.210094809532165527e+00 -1.332577109336853027e+00 1.887982726097106934e+00
-1.249602675437927246e+00 -1.376091837882995605e+00 1.951234340667724609e+00
-2.129475355148315430e+00 -2.276734113693237305e+00 3.544424057006835938e+00
-2.672835826873779297e+00 -2.837205648422241211e+00 4.469182968139648438e+00
-2.758002519607543945e+00 -2.929951190948486328e+00 4.490385055541992188e+00
-2.837088346481323242e+00 -3.016037225723266602e+00 4.495719432830810547e+00
-2.917906284332275391e+00 -3.103985548019409180e+00 4.500076293945312500e+00
-2.999740123748779297e+00 -3.193014621734619141e+00 4.503439426422119141e+00
-3.081881761550903320e+00 -3.282352209091186523e+00 4.505823612213134766e+00
-3.163633346557617188e+00 -3.371237277984619141e+00 4.507262229919433594e+00
-3.244317531585693359e+00 -3.458930730819702148e+00 4.507815837860107422e+00
-3.323281764984130859e+00 -3.544722318649291992e+00 4.507567405700683594e+00
-3.396254062652587891e+00 -3.636937856674194336e+00 4.518235206604003906e+00
-3.466327667236328125e+00 -3.725824594497680664e+00 4.528196811676025391e+00
-3.533070325851440430e+00 -3.810462713241577148e+00 4.537184238433837891e+00
-3.595987558364868164e+00 -3.890225887298583984e+00 4.545268535614013672e+00
-3.688488721847534180e+00 -3.998149633407592773e+00 4.577636241912841797e+00
-3.775289058685302734e+00 -4.099109649658203125e+00 4.598969936370849609e+00
-3.852511644363403320e+00 -4.189146995544433594e+00 4.616030216217041016e+00
-3.921100139617919922e+00 -4.269107341766357422e+00 4.631279468536376953e+00
-3.980543851852416992e+00 -4.338407039642333984e+00 4.644704341888427734e+00
-4.030402660369873047e+00 -4.396543502807617188e+00 4.656297206878662109e+00
-4.070313930511474609e+00 -4.443104743957519531e+00 4.666059017181396484e+00
-4.099989891052246094e+00 -4.477764606475830078e+00 4.673992633819580078e+00
-4.119217872619628906e+00 -4.500283241271972656e+00 4.680102825164794922e+00
-4.127862930297851562e+00 -4.510509490966796875e+00 4.684384346008300781e+00
-4.125867843627929688e+00 -4.508381366729736328e+00 4.686847209930419922e+00
-4.113250732421875000e+00 -4.493923187255859375e+00 4.687483310699462891e+00
-4.090107917785644531e+00 -4.467247962951660156e+00 4.686291217803955078e+00
-4.056602954864501953e+00 -4.428546428680419922e+00 4.683256626129150391e+00
-4.012982368469238281e+00 -4.378101825714111328e+00 4.678379535675048828e+00
-3.959550857543945312e+00 -4.316266059875488281e+00 4.671641826629638672e+00
-3.896685361862182617e+00 -4.243471622467041016e+00 4.663031101226806641e+00
-3.824821472167968750e+00 -4.160219192504882812e+00 4.652538299560546875e+00
-3.744452953338623047e+00 -4.067074775695800781e+00 4.640151023864746094e+00
-3.656122684478759766e+00 -3.964660882949829102e+00 4.625857353210449219e+00
-3.582689762115478516e+00 -3.875767707824707031e+00 4.616011619567871094e+00
-3.517710924148559570e+00 -3.794089794158935547e+00 4.613601684570312500e+00
-3.448543787002563477e+00 -3.707180500030517578e+00 4.609924793243408203e+00
-3.375580549240112305e+00 -3.615535974502563477e+00 4.604846000671386719e+00
-3.299229383468627930e+00 -3.519672632217407227e+00 4.598239421844482422e+00
-3.219905376434326172e+00 -3.420115709304809570e+00 4.589982032775878906e+00
-3.134493827819824219e+00 -3.326144933700561523e+00 4.591239452362060547e+00
-3.046666145324707031e+00 -3.230287075042724609e+00 4.591584682464599609e+00
-2.957070350646972656e+00 -3.132540225982666016e+00 4.590238094329833984e+00
-2.866150379180908203e+00 -3.033388853073120117e+00 4.587069034576416016e+00
-2.774346113204956055e+00 -2.933312177658081055e+00 4.581969261169433594e+00
-2.682090282440185547e+00 -2.832782030105590820e+00 4.574852943420410156e+00
-2.516349077224731445e+00 -2.654346466064453125e+00 4.397218227386474609e+00
-1.527492046356201172e+00 -1.637060403823852539e+00 2.600826025009155273e+00
-1.073576569557189941e+00 -1.170972824096679688e+00 1.820347070693969727e+00
-1.056300997734069824e+00 -1.149462342262268066e+00 1.807545781135559082e+00
-1.040305614471435547e+00 -1.129345893859863281e+00 1.796663165092468262e+00
-1.025155663490295410e+00 -1.110254406929016113e+00 1.786082983016967773e+00
-1.010313749313354492e+00 -1.091822504997253418e+00 1.775388121604919434e+00
-9.954552054405212402e-01 -1.073858618736267090e+00 1.764228940010070801e+00
-9.874386191368103027e-01 -1.063282966613769531e+00 1.749187231063842773e+00
-9.798980951309204102e-01 -1.053351283073425293e+00 1.735046386718750000e+00
-9.728431701660156250e-01 -1.044085383415222168e+00 1.721828937530517578e+00
-9.662836194038391113e-01 -1.035507798194885254e+00 1.709558129310607910e+00
-9.602302312850952148e-01 -1.027641773223876953e+00 1.698258399963378906e+00
-9.546960592269897461e-01 -1.020512461662292480e+00 1.687958240509033203e+00
-9.496949315071105957e-01 -1.014145731925964355e+00 1.678687095642089844e+00
-9.452440738677978516e-01 -1.008570790290832520e+00 1.670480608940124512e+00
-9.413625597953796387e-01 -1.003817677497863770e+00 1.663377046585083008e+00
-9.380717873573303223e-01 -9.999185800552368164e-01 1.657418370246887207e+00
-9.353959560394287109e-01 -9.969075918197631836e-01 1.652651071548461914e+00
-9.333603978157043457e-01 -9.948188066482543945e-01 1.649122834205627441e+00
-9.319915175437927246e-01 -9.936861991882324219e-01 1.646883130073547363e+00
-9.313169717788696289e-01 -9.935436248779296875e-01 1.645982384681701660e+00
-9.313640594482421875e-01 -9.944224357604980469e-01 1.646469473838806152e+00
-9.321586489677429199e-01 -9.963511228561401367e-01 1.648390293121337891e+00
-9.337248802185058594e-01 -9.993536472320556641e-01 1.651786327362060547e+00
-9.360843300819396973e-01 -1.003449678421020508e+00 1.656693577766418457e+00
-9.425457715988159180e-01 -1.012144804000854492e+00 1.660681605339050293e+00
-9.528958201408386230e-01 -1.025204539299011230e+00 1.663937330245971680e+00
-9.645520448684692383e-01 -1.039877057075500488e+00 1.668402075767517090e+00
-9.774796366691589355e-01 -1.056112647056579590e+00 1.674095869064331055e+00
-9.916359186172485352e-01 -1.073850274085998535e+00 1.681029677391052246e+00
-1.005813479423522949e+00 -1.092170000076293945e+00 1.688359618186950684e+00
-1.020115494728088379e+00 -1.111107110977172852e+00 1.696192383766174316e+00
-1.035309672355651855e+00 -1.131179094314575195e+00 1.705113530158996582e+00
-1.052565217018127441e+00 -1.153401970863342285e+00 1.719217300415039062e+00
-1.071475863456726074e+00 -1.177368879318237305e+00 1.737368464469909668e+00
-1.091048955917358398e+00 -1.202141165733337402e+00 1.756491065025329590e+00
-1.111172556877136230e+00 -1.227572321891784668e+00 1.776447296142578125e+00
-1.131730198860168457e+00 -1.253510594367980957e+00 1.797091126441955566e+00
-1.199124097824096680e+00 -1.327000498771667480e+00 1.900997281074523926e+00
-2.529097318649291992e+00 -2.688251733779907227e+00 4.314534664154052734e+00
-2.726466894149780273e+00 -2.896110296249389648e+00 4.497292995452880859e+00
-2.837851762771606445e+00 -3.017392635345458984e+00 4.528715610504150391e+00
-2.947936773300170898e+00 -3.137211322784423828e+00 4.557981967926025391e+00
-3.055927038192749023e+00 -3.254703044891357422e+00 4.584702968597412109e+00
-3.161059856414794922e+00 -3.369039058685302734e+00 4.608540058135986328e+00
-3.262612342834472656e+00 -3.479435682296752930e+00 4.629207134246826172e+00
-3.359911203384399414e+00 -3.585162878036499023e+00 4.646480083465576172e+00
-3.449055194854736328e+00 -3.693661689758300781e+00 4.670650005340576172e+00
-3.532189130783081055e+00 -3.797664880752563477e+00 4.693012714385986328e+00
-3.609611034393310547e+00 -3.894706010818481445e+00 4.711020946502685547e+00
-3.680927753448486328e+00 -3.984283685684204102e+00 4.724616050720214844e+00
-3.744861602783203125e+00 -4.065034866333007812e+00 4.732488155364990234e+00
-3.836040258407592773e+00 -4.171260833740234375e+00 4.750922679901123047e+00
-3.921566009521484375e+00 -4.270269393920898438e+00 4.767553329467773438e+00
-3.997550010681152344e+00 -4.358103752136230469e+00 4.779050350189208984e+00
-4.063773632049560547e+00 -4.434517860412597656e+00 4.785397052764892578e+00
-4.120733261108398438e+00 -4.500060081481933594e+00 4.787921905517578125e+00
-4.172051906585693359e+00 -4.558750629425048828e+00 4.795950412750244141e+00
-4.211086273193359375e+00 -4.603252887725830078e+00 4.792366504669189453e+00
-4.238229274749755859e+00 -4.634024143218994141e+00 4.777754306793212891e+00
-4.256695270538330078e+00 -4.654650211334228516e+00 4.759670257568359375e+00
-4.269262313842773438e+00 -4.668403148651123047e+00 4.745308876037597656e+00
-4.274305820465087891e+00 -4.673380851745605469e+00 4.728605270385742188e+00
-4.272596359252929688e+00 -4.670359611511230469e+00 4.709536075592041016e+00
-4.264848232269287109e+00 -4.660186290740966797e+00 4.688564300537109375e+00
-4.251826286315917969e+00 -4.643768787384033203e+00 4.666143894195556641e+00
-4.234344005584716797e+00 -4.622072219848632812e+00 4.642745494842529297e+00
-4.213102817535400391e+00 -4.596080303192138672e+00 4.619318962097167969e+00
-4.188928127288818359e+00 -4.566800594329833984e+00 4.596402645111083984e+00
-4.162792682647705078e+00 -4.535256862640380859e+00 4.573996067047119141e+00
-4.135534286499023438e+00 -4.502432346343994141e+00 4.552457809448242188e+00
-4.107965469360351562e+00 -4.469280242919921875e+00 4.532115936279296875e+00
-4.080843925476074219e+00 -4.436688899993896484e+00 4.513255119323730469e+00
-4.054863929748535156e+00 -4.405474185943603516e+00 4.496120452880859375e+00
-4.030640125274658203e+00 -4.376356124877929688e+00 4.480904579162597656e+00
-4.008697509765625000e+00 -4.349951267242431641e+00 4.467753887176513672e+00
-3.989456653594970703e+00 -4.326754093170166016e+00 4.456758975982666016e+00
-3.973229169845581055e+00 -4.307130336761474609e+00 4.447953224182128906e+00
-3.960208654403686523e+00 -4.291308403015136719e+00 4.441316604614257812e+00
-3.950470447540283203e+00 -4.279377460479736328e+00 4.436780452728271484e+00
-3.943068742752075195e+00 -4.270390987396240234e+00 4.432760238647460938e+00
-3.938621997833251953e+00 -4.264935016632080078e+00 4.430365085601806641e+00
-3.937433481216430664e+00 -4.263259887695312500e+00 4.430336475372314453e+00
-3.939060688018798828e+00 -4.264856815338134766e+00 4.432339191436767578e+00
-3.942953348159790039e+00 -4.269093513488769531e+00 4.435996055603027344e+00
-3.948458433151245117e+00 -4.275218963623046875e+00 4.440876960754394531e+00
-3.954838752746582031e+00 -4.282386302947998047e+00 4.446523666381835938e+00
-3.961292028427124023e+00 -4.289673328399658203e+00 4.452451229095458984e+00
-3.966383695602416992e+00 -4.295523643493652344e+00 4.457216262817382812e+00
-3.969687461853027344e+00 -4.299376010894775391e+00 4.461057186126708984e+00
-3.970664501190185547e+00 -4.300556182861328125e+00 4.464057922363281250e+00
-3.968550443649291992e+00 -4.298170566558837891e+00 4.465934753417968750e+00
-3.962611436843872070e+00 -4.291357040405273438e+00 4.466430187225341797e+00
-3.952163219451904297e+00 -4.279316425323486328e+00 4.465330600738525391e+00
-3.936091899871826172e+00 -4.260830402374267578e+00 4.461659431457519531e+00
-3.912711143493652344e+00 -4.234127998352050781e+00 4.453426837921142578e+00
-3.882414579391479492e+00 -4.199517250061035156e+00 4.441931724548339844e+00
-3.844784021377563477e+00 -4.156518459320068359e+00 4.427040576934814453e+00
-3.799520015716552734e+00 -4.104787349700927734e+00 4.408688545227050781e+00
-3.746448993682861328e+00 -4.044126033782958984e+00 4.386887073516845703e+00
-3.685523271560668945e+00 -3.974478960037231445e+00 4.361712455749511719e+00
-3.616824388504028320e+00 -3.895941257476806641e+00 4.333311557769775391e+00
-3.540554761886596680e+00 -3.808746337890625000e+00 4.301891803741455078e+00
-3.480302810668945312e+00 -3.736355781555175781e+00 4.284960746765136719e+00
-3.430504560470581055e+00 -3.673314809799194336e+00 4.278380393981933594e+00
-3.377418279647827148e+00 -3.606066465377807617e+00 4.271918773651123047e+00
-3.320424556732177734e+00 -3.537553071975708008e+00 4.268958091735839844e+00
-3.258973598480224609e+00 -3.470655679702758789e+00 4.272738456726074219e+00
-3.195329666137695312e+00 -3.401390552520751953e+00 4.277591705322265625e+00
-3.129954338073730469e+00 -3.330259561538696289e+00 4.283589363098144531e+00
-3.063308238983154297e+00 -3.257763624191284180e+00 4.290767669677734375e+00
-2.995846509933471680e+00 -3.184396743774414062e+00 4.299135208129882812e+00
-2.928001880645751953e+00 -3.110629081726074219e+00 4.308655738830566406e+00
-2.860183954238891602e+00 -3.036903619766235352e+00 4.319261074066162109e+00
-2.792767524719238281e+00 -2.963626384735107422e+00 4.330845832824707031e+00
-2.726089000701904297e+00 -2.891160249710083008e+00 4.343270778656005859e+00
-2.640899181365966797e+00 -2.798505783081054688e+00 4.322165966033935547e+00
-2.018686294555664062e+00 -2.163263082504272461e+00 3.276817321777343750e+00
-1.279949307441711426e+00 -1.406214594841003418e+00 1.951269149780273438e+00
-1.260407924652099609e+00 -1.383153319358825684e+00 1.929017782211303711e+00
-1.244558095932006836e+00 -1.364017128944396973e+00 1.914298057556152344e+00
-1.229081034660339355e+00 -1.345322728157043457e+00 1.900337934494018555e+00
-1.213634848594665527e+00 -1.326708436012268066e+00 1.886426806449890137e+00
-1.198220252990722656e+00 -1.308171391487121582e+00 1.872554898262023926e+00
-1.182833433151245117e+00 -1.289702773094177246e+00 1.858709573745727539e+00
-1.167468786239624023e+00 -1.271291136741638184e+00 1.844875812530517578e+00
-1.152119398117065430e+00 -1.252923488616943359e+00 1.831037640571594238e+00
-1.136802911758422852e+00 -1.234608292579650879e+00 1.817266464233398438e+00
-1.121643543243408203e+00 -1.216450452804565430e+00 1.803987145423889160e+00
-1.106567621231079102e+00 -1.198311448097229004e+00 1.790862083435058594e+00
-1.091544747352600098e+00 -1.180235862731933594e+00 1.777921795845031738e+00
-1.076573610305786133e+00 -1.162225127220153809e+00 1.765177607536315918e+00
-1.061796307563781738e+00 -1.144420266151428223e+00 1.752836823463439941e+00
-1.047178626060485840e+00 -1.126781225204467773e+00 1.740851402282714844e+00
-1.032695055007934570e+00 -1.109278559684753418e+00 1.729183316230773926e+00
-1.018365502357482910e+00 -1.091930747032165527e+00 1.717855572700500488e+00
-1.004211425781250000e+00 -1.074759244918823242e+00 1.706890583038330078e+00
-9.897609353065490723e-01 -1.057430744171142578e+00 1.695993423461914062e+00
-9.752721190452575684e-01 -1.040126442909240723e+00 1.685324192047119141e+00
-9.610720276832580566e-01 -1.023079633712768555e+00 1.675085663795471191e+00
-9.471765160560607910e-01 -1.006335973739624023e+00 1.665298938751220703e+00
-9.371882677078247070e-01 -9.937263727188110352e-01 1.653306126594543457e+00
-9.300902485847473145e-01 -9.841791391372680664e-01 1.639898300170898438e+00
-9.233000278472900391e-01 -9.749623537063598633e-01 1.627031087875366211e+00
-9.168266654014587402e-01 -9.660954475402832031e-01 1.614725112915039062e+00
-9.106781482696533203e-01 -9.575967788696289062e-01 1.602999210357666016e+00
-9.048605561256408691e-01 -9.494839310646057129e-01 1.591869473457336426e+00
-8.993793725967407227e-01 -9.417739510536193848e-01 1.581351041793823242e+00
-8.949750065803527832e-01 -9.353733062744140625e-01 1.572798728942871094e+00
-8.913428187370300293e-01 -9.299029707908630371e-01 1.565652132034301758e+00
-8.879989981651306152e-01 -9.248151779174804688e-01 1.559047698974609375e+00
-8.849326968193054199e-01 -9.201099872589111328e-01 1.552971839904785156e+00
-8.821324706077575684e-01 -9.157872200012207031e-01 1.547410726547241211e+00
-8.795861601829528809e-01 -9.118456244468688965e-01 1.542348623275756836e+00
-8.772827386856079102e-01 -9.082850813865661621e-01 1.537771821022033691e+00
-8.752098679542541504e-01 -9.051041603088378906e-01 1.533664464950561523e+00
-8.747849464416503906e-01 -9.039416313171386719e-01 1.532573223114013672e+00
-8.747900724411010742e-01 -9.034118652343750000e-01 1.532320976257324219e+00
-8.746411800384521484e-01 -9.028561115264892578e-01 1.531866073608398438e+00
-8.743166923522949219e-01 -9.022607803344726562e-01 1.531175613403320312e+00
-8.737981915473937988e-01 -9.016152620315551758e-01 1.530221462249755859e+00
-8.730713725090026855e-01 -9.009128808975219727e-01 1.528982877731323242e+00
-8.721250295639038086e-01 -9.001499414443969727e-01 1.527444362640380859e+00
-8.709526658058166504e-01 -8.993268609046936035e-01 1.525597929954528809e+00
-8.695521354675292969e-01 -8.984482288360595703e-01 1.523443102836608887e+00
-8.679253458976745605e-01 -8.975219130516052246e-01 1.520986318588256836e+00
-8.660792112350463867e-01 -8.965603113174438477e-01 1.518242001533508301e+00
-8.661236763000488281e-01 -8.979876041412353516e-01 1.518993735313415527e+00
-8.682215213775634766e-01 -9.019827842712402344e-01 1.523529410362243652e+00
-8.707471489906311035e-01 -9.066877961158752441e-01 1.528938889503479004e+00
-8.736729025840759277e-01 -9.120686650276184082e-01 1.535171270370483398e+00
-8.770027160644531250e-01 -9.181255102157592773e-01 1.542231798171997070e+00
-8.807385563850402832e-01 -9.248542189598083496e-01 1.550120472908020020e+00
-8.848816752433776855e-01 -9.322474598884582520e-01 1.558835625648498535e+00
-8.894300460815429688e-01 -9.402924180030822754e-01 1.568368315696716309e+00
-8.943802714347839355e-01 -9.489722251892089844e-01 1.578706026077270508e+00
-8.997255563735961914e-01 -9.582642316818237305e-01 1.589829564094543457e+00
-9.054568409919738770e-01 -9.681414365768432617e-01 1.601714491844177246e+00
-9.115620255470275879e-01 -9.785710573196411133e-01 1.614329814910888672e+00
-9.215538501739501953e-01 -9.936141967773437500e-01 1.624562382698059082e+00
-9.401660561561584473e-01 -1.018564820289611816e+00 1.635730743408203125e+00
-9.610033631324768066e-01 -1.046000599861145020e+00 1.649742841720581055e+00
-9.825717210769653320e-01 -1.074349403381347656e+00 1.664552330970764160e+00
-1.007053494453430176e+00 -1.105532646179199219e+00 1.687700867652893066e+00
-1.032822489738464355e+00 -1.138035297393798828e+00 1.714066982269287109e+00
-1.058960676193237305e+00 -1.170979261398315430e+00 1.740892410278320312e+00
-1.085330009460449219e+00 -1.204188227653503418e+00 1.768015623092651367e+00
-1.222899913787841797e+00 -1.351193785667419434e+00 2.000852108001708984e+00
-2.659871339797973633e+00 -2.827270984649658203e+00 4.609257221221923828e+00
-2.800971031188964844e+00 -2.980766296386718750e+00 4.657186508178710938e+00
-2.939682245254516602e+00 -3.131597757339477539e+00 4.698888778686523438e+00
-3.076118230819702148e+00 -3.279908895492553711e+00 4.736578464508056641e+00
-3.209418773651123047e+00 -3.424766302108764648e+00 4.769890785217285156e+00
-3.338755130767822266e+00 -3.565270662307739258e+00 4.798527717590332031e+00
-3.467953920364379883e+00 -3.717086076736450195e+00 4.845706462860107422e+00
-3.589872121810913086e+00 -3.867848634719848633e+00 4.894276142120361328e+00
-3.705263853073120117e+00 -4.010893821716308594e+00 4.936355113983154297e+00
-3.813468456268310547e+00 -4.145385742187500000e+00 4.971737384796142578e+00
-3.919358491897583008e+00 -4.276002883911132812e+00 4.994054317474365234e+00
-4.070942401885986328e+00 -4.451632022857666016e+00 5.064637184143066406e+00
-4.229095458984375000e+00 -4.633861064910888672e+00 5.172320842742919922e+00
-4.372063636779785156e+00 -4.798566818237304688e+00 5.263409137725830078e+00
-4.498973369598388672e+00 -4.944740295410156250e+00 5.337347507476806641e+00
-4.608618259429931641e+00 -5.071476936340332031e+00 5.395374774932861328e+00
-4.700250625610351562e+00 -5.178049564361572266e+00 5.437683582305908203e+00
-4.774072170257568359e+00 -5.263957500457763672e+00 5.461699008941650391e+00
-4.829746246337890625e+00 -5.328804969787597656e+00 5.467426776885986328e+00
-4.867094039916992188e+00 -5.372374534606933594e+00 5.455035209655761719e+00
-4.886080741882324219e+00 -5.394619941711425781e+00 5.424841403961181641e+00
-4.886836051940917969e+00 -5.395685195922851562e+00 5.377326965332031250e+00
-4.869638919830322266e+00 -5.375886917114257812e+00 5.313117980957031250e+00
-4.834932327270507812e+00 -5.335733890533447266e+00 5.232993602752685547e+00
-4.783316135406494141e+00 -5.275916099548339844e+00 5.137877464294433594e+00
-4.715550422668457031e+00 -5.197311401367187500e+00 5.028837680816650391e+00
-4.632539749145507812e+00 -5.100967407226562500e+00 4.907066345214843750e+00
-4.560425758361816406e+00 -5.015615463256835938e+00 4.836369991302490234e+00
-4.486919403076171875e+00 -4.927854537963867188e+00 4.784580707550048828e+00
-4.404450893402099609e+00 -4.829466342926025391e+00 4.731055259704589844e+00
-4.314063072204589844e+00 -4.721687316894531250e+00 4.676394462585449219e+00
-4.216880321502685547e+00 -4.605853080749511719e+00 4.621205806732177734e+00
-4.113417148590087891e+00 -4.483318328857421875e+00 4.568511486053466797e+00
-4.005506515502929688e+00 -4.356281280517578125e+00 4.520524501800537109e+00
-3.897722482681274414e+00 -4.229288578033447266e+00 4.481224060058593750e+00
-3.771900653839111328e+00 -4.084129810333251953e+00 4.417426109313964844e+00
-3.645498037338256836e+00 -3.938357830047607422e+00 4.355745792388916016e+00
-3.520026445388793945e+00 -3.793714046478271484e+00 4.296822547912597656e+00
-3.437564373016357422e+00 -3.692200422286987305e+00 4.271336078643798828e+00
-3.373554706573486328e+00 -3.609674215316772461e+00 4.260542392730712891e+00
-3.313170433044433594e+00 -3.531641006469726562e+00 4.252902507781982422e+00
-3.254282236099243164e+00 -3.465809583663940430e+00 4.257176876068115234e+00
-3.199914455413818359e+00 -3.406925439834594727e+00 4.265474319458007812e+00
-3.151185512542724609e+00 -3.354201555252075195e+00 4.275729656219482422e+00
-3.108568429946899414e+00 -3.308149576187133789e+00 4.287636756896972656e+00
-3.072451829910278320e+00 -3.269187927246093750e+00 4.300874233245849609e+00
-3.043134450912475586e+00 -3.237637042999267578e+00 4.315104007720947266e+00
-3.020816802978515625e+00 -3.213711023330688477e+00 4.329976558685302734e+00
-3.005602836608886719e+00 -3.197518110275268555e+00 4.345138549804687500e+00
-2.997501611709594727e+00 -3.189063310623168945e+00 4.360241413116455078e+00
-2.996422767639160156e+00 -3.188242912292480469e+00 4.374944210052490234e+00
-3.002181768417358398e+00 -3.194851875305175781e+00 4.388918399810791016e+00
-3.014509201049804688e+00 -3.208592414855957031e+00 4.401861667633056641e+00
-3.033049106597900391e+00 -3.229072809219360352e+00 4.413492679595947266e+00
-3.057373285293579102e+00 -3.255823373794555664e+00 4.423565387725830078e+00
-3.086987257003784180e+00 -3.288302659988403320e+00 4.431870460510253906e+00
-3.121343135833740234e+00 -3.325911521911621094e+00 4.438240051269531250e+00
-3.159847021102905273e+00 -3.368000984191894531e+00 4.442546844482421875e+00
-3.201870679855346680e+00 -3.413887023925781250e+00 4.444710731506347656e+00
-3.246773719787597656e+00 -3.462870121002197266e+00 4.444705963134765625e+00
-3.293894767761230469e+00 -3.514231443405151367e+00 4.442543029785156250e+00
-3.342581748962402344e+00 -3.567261219024658203e+00 4.438286781311035156e+00
-3.391080141067504883e+00 -3.624015808105468750e+00 4.435591697692871094e+00
-3.438171386718750000e+00 -3.685297727584838867e+00 4.436506271362304688e+00
-3.484977722167968750e+00 -3.746255397796630859e+00 4.435779571533203125e+00
-3.530984878540039062e+00 -3.806205987930297852e+00 4.433511257171630859e+00
-3.582482337951660156e+00 -3.871230602264404297e+00 4.434853076934814453e+00
-3.668434858322143555e+00 -3.969932794570922852e+00 4.461752414703369141e+00
-3.750706672668457031e+00 -4.064330577850341797e+00 4.486404895782470703e+00
-3.828567743301391602e+00 -4.153586387634277344e+00 4.508712291717529297e+00
-3.892531156539916992e+00 -4.228209972381591797e+00 4.514267921447753906e+00
-3.952701568603515625e+00 -4.298312664031982422e+00 4.521082878112792969e+00
-4.007550716400146484e+00 -4.362113952636718750e+00 4.526480674743652344e+00
-4.056816101074218750e+00 -4.419314861297607422e+00 4.530604839324951172e+00
-4.100328445434570312e+00 -4.469726562500000000e+00 4.533607006072998047e+00
-4.138017177581787109e+00 -4.513274192810058594e+00 4.535663604736328125e+00
-4.169510841369628906e+00 -4.549952030181884766e+00 4.538338184356689453e+00
-4.195264339447021484e+00 -4.579912662506103516e+00 4.540525436401367188e+00
-4.215565204620361328e+00 -4.603376388549804688e+00 4.541987419128417969e+00
-4.230642318725585938e+00 -4.620627880096435547e+00 4.542918682098388672e+00
-4.240786075592041016e+00 -4.632024765014648438e+00 4.543526172637939453e+00
-4.246329307556152344e+00 -4.637976169586181641e+00 4.543993949890136719e+00
-4.247648239135742188e+00 -4.638942241668701172e+00 4.544507503509521484e+00
-4.245149135589599609e+00 -4.635418415069580078e+00 4.545238494873046875e+00
-4.239258766174316406e+00 -4.627923011779785156e+00 4.546337127685546875e+00
-4.230416297912597656e+00 -4.616990566253662109e+00 4.547934532165527344e+00
-4.219067096710205078e+00 -4.603157997131347656e+00 4.550142288208007812e+00
-4.205653190612792969e+00 -4.586959838867187500e+00 4.553047657012939453e+00
-4.191321372985839844e+00 -4.569681644439697266e+00 4.558095932006835938e+00
-4.176107406616210938e+00 -4.551741600036621094e+00 4.566423892974853516e+00
-4.160008907318115234e+00 -4.532935142517089844e+00 4.575878143310546875e+00
-4.143435001373291016e+00 -4.513673782348632812e+00 4.586139202117919922e+00
-4.126698970794677734e+00 -4.494322299957275391e+00 4.597101688385009766e+00
-4.110071659088134766e+00 -4.475194931030273438e+00 4.608626365661621094e+00
-4.093780040740966797e+00 -4.456551551818847656e+00 4.620555400848388672e+00
-4.077998161315917969e+00 -4.438588619232177734e+00 4.632703781127929688e+00
-4.062855720520019531e+00 -4.421450138092041016e+00 4.644874572753906250e+00
-4.048423290252685547e+00 -4.405207157135009766e+00 4.656850337982177734e+00
-4.034720420837402344e+00 -4.389873027801513672e+00 4.668404102325439453e+00
-4.021711826324462891e+00 -4.375393867492675781e+00 4.679297447204589844e+00
-4.009307384490966797e+00 -4.361651897430419922e+00 4.689291000366210938e+00
-3.997365951538085938e+00 -4.348468303680419922e+00 4.698139190673828125e+00
-3.985698223114013672e+00 -4.335608005523681641e+00 4.705613613128662109e+00
-3.974068403244018555e+00 -4.322782516479492188e+00 4.711483478546142578e+00
-3.962199449539184570e+00 -4.309654712677001953e+00 4.715541362762451172e+00
-3.949778318405151367e+00 -4.295846462249755859e+00 4.717595577239990234e+00
-3.936463832855224609e+00 -4.280946731567382812e+00 4.717483997344970703e+00
-3.921888351440429688e+00 -4.264515399932861328e+00 4.715063571929931641e+00
-3.905672550201416016e+00 -4.246098995208740234e+00 4.710233211517333984e+00
-3.887426614761352539e+00 -4.225233554840087891e+00 4.702921390533447266e+00
-3.866763114929199219e+00 -4.201459407806396484e+00 4.693099975585937500e+00
-3.843301534652709961e+00 -4.174326419830322266e+00 4.680772781372070312e+00
-3.816679000854492188e+00 -4.143406867980957031e+00 4.665985107421875000e+00
-3.786557674407958984e+00 -4.108303070068359375e+00 4.648825168609619141e+00
-3.748138189315795898e+00 -4.064201831817626953e+00 4.622101306915283203e+00
-3.704643964767456055e+00 -4.014254093170166016e+00 4.591650962829589844e+00
-3.656149625778198242e+00 -3.958498001098632812e+00 4.558144092559814453e+00
-3.617547750473022461e+00 -3.911690711975097656e+00 4.532944202423095703e+00
-3.579870462417602539e+00 -3.864918708801269531e+00 4.509727001190185547e+00
-3.539394378662109375e+00 -3.814485311508178711e+00 4.486029624938964844e+00
-3.496236801147460938e+00 -3.760518789291381836e+00 4.462220668792724609e+00
-3.450554132461547852e+00 -3.703199386596679688e+00 4.438669681549072266e+00
-3.402531862258911133e+00 -3.642746925354003906e+00 4.415728092193603516e+00
-3.352390766143798828e+00 -3.579429626464843750e+00 4.393742561340332031e+00
-3.300376653671264648e+00 -3.513550043106079102e+00 4.373024463653564453e+00
-3.244468688964843750e+00 -3.451086521148681641e+00 4.361142635345458984e+00
-3.186672210693359375e+00 -3.388157129287719727e+00 4.352874755859375000e+00
-3.127738714218139648e+00 -3.324014663696289062e+00 4.346978664398193359e+00
-3.067988872528076172e+00 -3.259008884429931641e+00 4.343566894531250000e+00
-3.007745504379272461e+00 -3.193491458892822266e+00 4.342700958251953125e+00
-2.947326898574829102e+00 -3.127807855606079102e+00 4.344388961791992188e+00
-2.887042760848999023e+00 -3.062295198440551758e+00 4.348592281341552734e+00
-2.827188491821289062e+00 -2.997273445129394531e+00 4.355220317840576172e+00
-2.768038988113403320e+00 -2.933040618896484375e+00 4.364139556884765625e+00
-2.706610918045043945e+00 -2.866340637207031250e+00 4.369512081146240234e+00
-2.561848640441894531e+00 -2.714217424392700195e+00 4.230267047882080078e+00
-1.713954567909240723e+00 -1.847977519035339355e+00 2.710414886474609375e+00
-1.282662391662597656e+00 -1.404320716857910156e+00 1.951841950416564941e+00
-1.268336534500122070e+00 -1.387274742126464844e+00 1.935298204421997070e+00
-1.253917932510375977e+00 -1.370197892189025879e+00 1.918899893760681152e+00
-1.240980386734008789e+00 -1.354741454124450684e+00 1.905796408653259277e+00
-1.229358434677124023e+00 -1.340615034103393555e+00 1.895478606224060059e+00
-1.217644691467285156e+00 -1.326360940933227539e+00 1.885054111480712891e+00
-1.205814957618713379e+00 -1.312080502510070801e+00 1.874553084373474121e+00
-1.193893194198608398e+00 -1.297793149948120117e+00 1.863974213600158691e+00
-1.181901335716247559e+00 -1.283515572547912598e+00 1.853316187858581543e+00
-1.169860124588012695e+00 -1.269261717796325684e+00 1.842577219009399414e+00
-1.157789587974548340e+00 -1.255044460296630859e+00 1.831757783889770508e+00
-1.145650625228881836e+00 -1.240833640098571777e+00 1.820883154869079590e+00
-1.133052706718444824e+00 -1.226351380348205566e+00 1.810135245323181152e+00
-1.120507001876831055e+00 -1.211952924728393555e+00 1.799296259880065918e+00
-1.108025670051574707e+00 -1.197642564773559570e+00 1.788370847702026367e+00
-1.095619201660156250e+00 -1.183423519134521484e+00 1.777365326881408691e+00
-1.083297848701477051e+00 -1.169299006462097168e+00 1.766286730766296387e+00
-1.071069836616516113e+00 -1.155270934104919434e+00 1.755143046379089355e+00
-1.058642268180847168e+00 -1.141082525253295898e+00 1.744269847869873047e+00
-1.045664787292480469e+00 -1.126428127288818359e+00 1.734063506126403809e+00
-1.032861590385437012e+00 -1.111930727958679199e+00 1.723770737648010254e+00
-1.020237207412719727e+00 -1.097593545913696289e+00 1.713412642478942871e+00
-1.007797598838806152e+00 -1.083422422409057617e+00 1.703011989593505859e+00
-9.955494403839111328e-01 -1.069424986839294434e+00 1.692591547966003418e+00
-9.835113286972045898e-01 -1.055599212646484375e+00 1.682171940803527832e+00
-9.717223048210144043e-01 -1.041913509368896484e+00 1.671760559082031250e+00
-9.601565003395080566e-01 -1.028450250625610352e+00 1.661410450935363770e+00
-9.488298892974853516e-01 -1.015231609344482422e+00 1.651150465011596680e+00
-9.377605915069580078e-01 -1.002282977104187012e+00 1.641009092330932617e+00
-9.269705414772033691e-01 -9.896343946456909180e-01 1.631017446517944336e+00
-9.170528054237365723e-01 -9.779227972030639648e-01 1.620778918266296387e+00
-9.106224179267883301e-01 -9.699101448059082031e-01 1.608943104743957520e+00
-9.067273736000061035e-01 -9.644501209259033203e-01 1.601477622985839844e+00
-9.039431214332580566e-01 -9.601736068725585938e-01 1.595958709716796875e+00
-9.014058113098144531e-01 -9.562043547630310059e-01 1.590894222259521484e+00
-8.991010785102844238e-01 -9.525388479232788086e-01 1.586264491081237793e+00
-8.970138430595397949e-01 -9.491726756095886230e-01 1.582049012184143066e+00
-8.951286077499389648e-01 -9.461007714271545410e-01 1.578226089477539062e+00
-8.934293389320373535e-01 -9.433174133300781250e-01 1.574773192405700684e+00
-8.918985128402709961e-01 -9.408144950866699219e-01 1.571664810180664062e+00
-8.905194997787475586e-01 -9.385844469070434570e-01 1.568876624107360840e+00
-8.892744183540344238e-01 -9.366176724433898926e-01 1.566382169723510742e+00
-8.881450295448303223e-01 -9.349030852317810059e-01 1.564153432846069336e+00
-8.871124386787414551e-01 -9.334279298782348633e-01 1.562160730361938477e+00
-8.861575722694396973e-01 -9.321780800819396973e-01 1.560373902320861816e+00
-8.852612376213073730e-01 -9.311378598213195801e-01 1.558761477470397949e+00
-8.844034075736999512e-01 -9.302893877029418945e-01 1.557290196418762207e+00
-8.835646510124206543e-01 -9.296140074729919434e-01 1.555926918983459473e+00
-8.827255368232727051e-01 -9.290912747383117676e-01 1.554637670516967773e+00
-8.818662166595458984e-01 -9.286989569664001465e-01 1.553387284278869629e+00
-8.809680938720703125e-01 -9.284143447875976562e-01 1.552141666412353516e+00
-8.800128102302551270e-01 -9.282135367393493652e-01 1.550866603851318359e+00
-8.789830803871154785e-01 -9.280720353126525879e-01 1.549528598785400391e+00
-8.778625130653381348e-01 -9.279650449752807617e-01 1.548095703125000000e+00
-8.766360282897949219e-01 -9.278675317764282227e-01 1.546536803245544434e+00
-8.752907514572143555e-01 -9.277557134628295898e-01 1.544824600219726562e+00
-8.738143444061279297e-01 -9.276051521301269531e-01 1.542931914329528809e+00
-8.721978664398193359e-01 -9.273941516876220703e-01 1.540837049484252930e+00
-8.745231032371520996e-01 -9.313735365867614746e-01 1.537208437919616699e+00
-8.798565268516540527e-01 -9.383679032325744629e-01 1.537090420722961426e+00
-8.853709101676940918e-01 -9.455814957618713379e-01 1.536995053291320801e+00
-8.910180926322937012e-01 -9.529508948326110840e-01 1.536908507347106934e+00
-8.967887759208679199e-01 -9.603517055511474609e-01 1.536794304847717285e+00
-9.026474356651306152e-01 -9.677058458328247070e-01 1.536635756492614746e+00
-9.085053801536560059e-01 -9.750270843505859375e-01 1.536454081535339355e+00
-9.143212437629699707e-01 -9.822627305984497070e-01 1.536244869232177734e+00
-9.226841330528259277e-01 -9.925720691680908203e-01 1.542614936828613281e+00
-9.245637059211730957e-01 -9.984215497970581055e-01 1.551861286163330078e+00
-9.261991977691650391e-01 -1.003928065299987793e+00 1.560791611671447754e+00
-9.275838136672973633e-01 -1.009066224098205566e+00 1.569363117218017578e+00
-9.311119914054870605e-01 -1.019506335258483887e+00 1.572570681571960449e+00
-9.256135225296020508e-01 -1.078785538673400879e+00 1.447149038314819336e+00
-9.415125250816345215e-01 -1.223487019538879395e+00 1.128647327423095703e+00
-9.619215130805969238e-01 -1.368170499801635742e+00 8.178512454032897949e-01
-9.829490184783935547e-01 -1.506617426872253418e+00 5.265628099441528320e-01
-1.009944081306457520e+00 -1.585761427879333496e+00 4.368301630020141602e-01
-1.020299315452575684e+00 -1.604892849922180176e+00 4.331895709037780762e-01
-1.035474658012390137e+00 -1.629638075828552246e+00 4.346181154251098633e-01
-1.051309108734130859e+00 -1.654756426811218262e+00 4.384368658065795898e-01
-1.066281080245971680e+00 -1.678221106529235840e+00 4.427481889724731445e-01
-1.080418229103088379e+00 -1.700114846229553223e+00 4.474766850471496582e-01
-1.093754768371582031e+00 -1.720532059669494629e+00 4.525444507598876953e-01
-1.106331825256347656e+00 -1.739578485488891602e+00 4.578742384910583496e-01
-1.118194222450256348e+00 -1.757364869117736816e+00 4.633900523185729980e-01
-1.129390597343444824e+00 -1.774007320404052734e+00 4.690175056457519531e-01
-1.139971733093261719e+00 -1.789622902870178223e+00 4.746870398521423340e-01
-1.149988770484924316e+00 -1.804326891899108887e+00 4.803332686424255371e-01
-1.159493684768676758e+00 -1.818233489990234375e+00 4.858958721160888672e-01
-1.168536663055419922e+00 -1.831449389457702637e+00 4.913209080696105957e-01
-1.177166104316711426e+00 -1.844076156616210938e+00 4.965612292289733887e-01
-1.185428261756896973e+00 -1.856207013130187988e+00 5.015760660171508789e-01
-1.193365573883056641e+00 -1.867925763130187988e+00 5.063313245773315430e-01
-1.201017022132873535e+00 -1.879306554794311523e+00 5.108003616333007812e-01
-1.208418011665344238e+00 -1.890413999557495117e+00 5.149613618850708008e-01
-1.215598702430725098e+00 -1.901301503181457520e+00 5.188003182411193848e-01
-1.222584605216979980e+00 -1.912010550498962402e+00 5.223074555397033691e-01
-1.229396700859069824e+00 -1.922573447227478027e+00 5.254780054092407227e-01
-1.236051917076110840e+00 -1.933012843132019043e+00 5.283126235008239746e-01
-1.242560982704162598e+00 -1.943338632583618164e+00 5.308145880699157715e-01
-1.248928666114807129e+00 -1.953566193580627441e+00 5.329656600952148438e-01
-1.255081653594970703e+00 -1.964128136634826660e+00 5.339024662971496582e-01
-1.261098742485046387e+00 -1.974545836448669434e+00 5.345602035522460938e-01
-1.266974449157714844e+00 -1.984806418418884277e+00 5.349388718605041504e-01
-1.272699713706970215e+00 -1.994890332221984863e+00 5.350396037101745605e-01
-1.278262972831726074e+00 -2.004772663116455078e+00 5.348670482635498047e-01
-1.283651709556579590e+00 -2.014427423477172852e+00 5.344250202178955078e-01
-1.288852930068969727e+00 -2.023826599121093750e+00 5.337213277816772461e-01
-1.293852686882019043e+00 -2.032941341400146484e+00 5.327637791633605957e-01
-1.298715114593505859e+00 -2.041707038879394531e+00 5.318511128425598145e-01
-1.303431391716003418e+00 -2.050101041793823242e+00 5.309994220733642578e-01
-1.307832479476928711e+00 -2.057876825332641602e+00 5.303229689598083496e-01
-1.311941385269165039e+00 -2.065099716186523438e+00 5.297310352325439453e-01
-1.315816044807434082e+00 -2.071929931640625000e+00 5.290126800537109375e-01
-1.319464683532714844e+00 -2.078377962112426758e+00 5.281827449798583984e-01
-1.322903037071228027e+00 -2.084465980529785156e+00 5.272595286369323730e-01
-1.326153397560119629e+00 -2.090229511260986328e+00 5.262624621391296387e-01
-1.329245328903198242e+00 -2.095714092254638672e+00 5.252146720886230469e-01
-1.332217812538146973e+00 -2.100982189178466797e+00 5.241424441337585449e-01
-1.335115671157836914e+00 -2.106106042861938477e+00 5.230746865272521973e-01
-1.337993025779724121e+00 -2.111173629760742188e+00 5.220431685447692871e-01
-1.340911030769348145e+00 -2.116283416748046875e+00 5.210834145545959473e-01
-1.343938350677490234e+00 -2.121547460556030273e+00 5.202324986457824707e-01
-1.347148537635803223e+00 -2.127085924148559570e+00 5.195292830467224121e-01
-1.350620985031127930e+00 -2.133028268814086914e+00 5.190146565437316895e-01
-1.354437947273254395e+00 -2.139508485794067383e+00 5.187305808067321777e-01
-1.358683466911315918e+00 -2.146664857864379883e+00 5.187166333198547363e-01
-1.363440394401550293e+00 -2.154633760452270508e+00 5.190109610557556152e-01
-1.368790030479431152e+00 -2.163548707962036133e+00 5.196511149406433105e-01
-1.374807000160217285e+00 -2.173533678054809570e+00 5.206668972969055176e-01
-1.381557703018188477e+00 -2.184698820114135742e+00 5.220851302146911621e-01
-1.389096736907958984e+00 -2.197137117385864258e+00 5.239233374595642090e-01
-1.397464632987976074e+00 -2.210917711257934570e+00 5.261915326118469238e-01
-1.406682491302490234e+00 -2.226080179214477539e+00 5.288880467414855957e-01
-1.416751027107238770e+00 -2.242630243301391602e+00 5.320007205009460449e-01
-1.427644968032836914e+00 -2.260532617568969727e+00 5.355035662651062012e-01
-1.439311385154724121e+00 -2.279706716537475586e+00 5.393572449684143066e-01
-1.451666831970214844e+00 -2.300023317337036133e+00 5.435062050819396973e-01
-1.464594006538391113e+00 -2.321298360824584961e+00 5.478803515434265137e-01
-1.477941274642944336e+00 -2.343290090560913086e+00 5.523934960365295410e-01
-1.491518974304199219e+00 -2.365697145462036133e+00 5.569435954093933105e-01
-1.505102992057800293e+00 -2.388159751892089844e+00 5.614133477210998535e-01
-1.518430948257446289e+00 -2.410255908966064453e+00 5.656705498695373535e-01
-1.531206250190734863e+00 -2.431506872177124023e+00 5.695701241493225098e-01
-1.543116688728332520e+00 -2.451359748840332031e+00 5.729776024818420410e-01
-1.553815484046936035e+00 -2.469218969345092773e+00 5.757418274879455566e-01
-1.562886118888854980e+00 -2.484494686126708984e+00 5.776495337486267090e-01
-1.569925189018249512e+00 -2.496530294418334961e+00 5.785223841667175293e-01
-1.574518084526062012e+00 -2.504647731781005859e+00 5.781847834587097168e-01
-1.576244711875915527e+00 -2.508158445358276367e+00 5.764619708061218262e-01
-1.574690222740173340e+00 -2.506380796432495117e+00 5.731883645057678223e-01
-1.569453716278076172e+00 -2.498652219772338867e+00 5.682105422019958496e-01
-1.560159087181091309e+00 -2.484349727630615234e+00 5.613905787467956543e-01
-1.546465039253234863e+00 -2.462903738021850586e+00 5.526124835014343262e-01
-1.528077244758605957e+00 -2.433819532394409180e+00 5.417867302894592285e-01
-1.504759192466735840e+00 -2.396694898605346680e+00 5.288522839546203613e-01
-1.476341843605041504e+00 -2.351234197616577148e+00 5.137835144996643066e-01
-1.442734360694885254e+00 -2.297270059585571289e+00 4.965916275978088379e-01
-1.403932809829711914e+00 -2.234773397445678711e+00 4.773282408714294434e-01
-1.360026597976684570e+00 -2.163867950439453125e+00 4.560870528221130371e-01
-1.311205506324768066e+00 -2.084840536117553711e+00 4.330055117607116699e-01
-1.257760763168334961e+00 -1.998143553733825684e+00 4.082639813423156738e-01
-1.200086116790771484e+00 -1.904397010803222656e+00 3.820853233337402344e-01
-1.138675451278686523e+00 -1.804386258125305176e+00 3.547307848930358887e-01
-1.074171662330627441e+00 -1.698993921279907227e+00 3.265653848648071289e-01
-1.007194876670837402e+00 -1.589355468750000000e+00 2.978514432907104492e-01
-9.384873509407043457e-01 -1.476674675941467285e+00 2.689357995986938477e-01
-8.684843778610229492e-01 -1.361858725547790527e+00 2.392713427543640137e-01
-7.959398031234741211e-01 -1.244036555290222168e+00 2.040123939514160156e-01
-7.251271009445190430e-01 -1.127699971199035645e+00 1.725995540618896484e-01
-6.564286947250366211e-01 -1.014071583747863770e+00 1.439440846443176270e-01
-5.901607275009155273e-01 -9.043049812316894531e-01 1.168388649821281433e-01
-5.270780324935913086e-01 -7.996472120285034180e-01 9.159871190786361694e-02
-4.678446650505065918e-01 -7.011996507644653320e-01 6.848680227994918823e-02
-4.130101203918457031e-01 -6.098787784576416016e-01 4.770373553037643433e-02
-3.630113005638122559e-01 -5.262787938117980957e-01 2.986951917409896851e-02
-3.181441426277160645e-01 -4.507289230823516846e-01 1.565616577863693237e-02
-2.784648835659027100e-01 -3.837530612945556641e-01 3.610722720623016357e-03
