7.040719032287597656e+00 -1.624308776855468750e+01 -4.205568790435791016e+00
7.122364997863769531e+00 -1.631658554077148438e+01 -4.307701587677001953e+00
7.263070583343505859e+00 -1.643275070190429688e+01 -4.479670524597167969e+00
7.463741302490234375e+00 -1.659397315979003906e+01 -4.726954460144042969e+00
7.690031528472900391e+00 -1.677226829528808594e+01 -5.001647472381591797e+00
7.905657768249511719e+00 -1.693364906311035156e+01 -5.241954326629638672e+00
8.097687721252441406e+00 -1.706276321411132812e+01 -5.415549755096435547e+00
8.262001037597656250e+00 -1.715651321411132812e+01 -5.529062747955322266e+00
8.405800819396972656e+00 -1.723164558410644531e+01 -5.611985206604003906e+00
8.527292251586914062e+00 -1.729499053955078125e+01 -5.684469223022460938e+00
8.622864723205566406e+00 -1.734793853759765625e+01 -5.749382495880126953e+00
8.689012527465820312e+00 -1.739050292968750000e+01 -5.807818412780761719e+00
8.729827880859375000e+00 -1.742329597473144531e+01 -5.857144832611083984e+00
8.750773429870605469e+00 -1.744665908813476562e+01 -5.898924350738525391e+00
8.753465652465820312e+00 -1.746374320983886719e+01 -5.936280727386474609e+00
8.741262435913085938e+00 -1.747484588623046875e+01 -5.970502853393554688e+00
8.713808059692382812e+00 -1.748254394531250000e+01 -6.003996849060058594e+00
8.667084693908691406e+00 -1.748469924926757812e+01 -6.039951801300048828e+00
8.603858947753906250e+00 -1.748476791381835938e+01 -6.076245784759521484e+00
8.522161483764648438e+00 -1.747991371154785156e+01 -6.111979961395263672e+00
8.422846794128417969e+00 -1.746767044067382812e+01 -6.145704746246337891e+00
8.309243202209472656e+00 -1.745030021667480469e+01 -6.179845333099365234e+00
8.180792808532714844e+00 -1.742743873596191406e+01 -6.214287757873535156e+00
8.045183181762695312e+00 -1.740512275695800781e+01 -6.255071163177490234e+00
7.897791862487792969e+00 -1.738367271423339844e+01 -6.306659698486328125e+00
7.736863613128662109e+00 -1.736668777465820312e+01 -6.379957675933837891e+00
7.571106433868408203e+00 -1.734700584411621094e+01 -6.453378677368164062e+00
7.402130603790283203e+00 -1.732779693603515625e+01 -6.532091617584228516e+00
7.237520694732666016e+00 -1.730860900878906250e+01 -6.610120296478271484e+00
7.086978435516357422e+00 -1.728953933715820312e+01 -6.682968616485595703e+00
6.944335937500000000e+00 -1.726831626892089844e+01 -6.753310203552246094e+00
6.801494121551513672e+00 -1.724296951293945312e+01 -6.834167480468750000e+00
-6.040803194046020508e-01 -1.266022300720214844e+01 -6.109227657318115234e+00
-5.934814810752868652e-01 -1.250292015075683594e+01 -6.188779354095458984e+00
-5.692775249481201172e-01 -1.235868835449218750e+01 -6.268081665039062500e+00
-5.332577824592590332e-01 -1.221461391448974609e+01 -6.353477954864501953e+00
-4.870381951332092285e-01 -1.206342411041259766e+01 -6.448456764221191406e+00
-4.314031004905700684e-01 -1.190681171417236328e+01 -6.552711486816406250e+00
-3.668573498725891113e-01 -1.174793052673339844e+01 -6.663053989410400391e+00
-2.971084117889404297e-01 -1.160070610046386719e+01 -6.777596950531005859e+00
-2.295205742120742798e-01 -1.146183872222900391e+01 -6.884778976440429688e+00
-1.630334705114364624e-01 -1.133891963958740234e+01 -6.987812519073486328e+00
-1.030720919370651245e-01 -1.122622203826904297e+01 -7.081609249114990234e+00
-4.073339700698852539e-02 -1.112833595275878906e+01 -7.176456451416015625e+00
1.172340661287307739e-02 -1.103833675384521484e+01 -7.259179115295410156e+00
6.125539913773536682e-02 -1.095843124389648438e+01 -7.336771965026855469e+00
1.086636036634445190e-01 -1.088850688934326172e+01 -7.414823055267333984e+00
1.559397727251052856e-01 -1.083299636840820312e+01 -7.488364219665527344e+00
2.052307873964309692e-01 -1.079033184051513672e+01 -7.566433906555175781e+00
2.545011341571807861e-01 -1.076560211181640625e+01 -7.631720542907714844e+00
3.097532391548156738e-01 -1.075970745086669922e+01 -7.703045368194580078e+00
3.665872514247894287e-01 -1.077161788940429688e+01 -7.772425651550292969e+00
4.246049523353576660e-01 -1.079931545257568359e+01 -7.838115215301513672e+00
4.851449429988861084e-01 -1.083736705780029297e+01 -7.898795127868652344e+00
5.494433641433715820e-01 -1.088932991027832031e+01 -7.955839157104492188e+00
6.153831481933593750e-01 -1.095383739471435547e+01 -8.010133743286132812e+00
6.820614933967590332e-01 -1.103191375732421875e+01 -8.060021400451660156e+00
7.497049570083618164e-01 -1.112025833129882812e+01 -8.108737945556640625e+00
8.230196833610534668e-01 -1.121320915222167969e+01 -8.161130905151367188e+00
8.964942693710327148e-01 -1.132059478759765625e+01 -8.210786819458007812e+00
9.728519916534423828e-01 -1.143539428710937500e+01 -8.262986183166503906e+00
1.059199452400207520e+00 -1.155597019195556641e+01 -8.321498870849609375e+00
1.148084998130798340e+00 -1.169756603240966797e+01 -8.376084327697753906e+00
1.243309497833251953e+00 -1.184606170654296875e+01 -8.433515548706054688e+00
1.338026285171508789e+00 -1.201342201232910156e+01 -8.485775947570800781e+00
1.435702919960021973e+00 -1.218979072570800781e+01 -8.535538673400878906e+00
1.534339904785156250e+00 -1.237230110168457031e+01 -8.580536842346191406e+00
1.626401782035827637e+00 -1.255761146545410156e+01 -8.617571830749511719e+00
1.722330212593078613e+00 -1.274943828582763672e+01 -8.649000167846679688e+00
1.817575573921203613e+00 -1.294544696807861328e+01 -8.672842025756835938e+00
1.914266586303710938e+00 -1.314303684234619141e+01 -8.688350677490234375e+00
2.009091615676879883e+00 -1.334080886840820312e+01 -8.696427345275878906e+00
2.103696346282958984e+00 -1.353248786926269531e+01 -8.697860717773437500e+00
2.197321414947509766e+00 -1.372161388397216797e+01 -8.691964149475097656e+00
2.286809682846069336e+00 -1.389715290069580078e+01 -8.679921150207519531e+00
2.379994869232177734e+00 -1.406741714477539062e+01 -8.657651901245117188e+00
2.466227293014526367e+00 -1.422976970672607422e+01 -8.634209632873535156e+00
2.549385547637939453e+00 -1.437952709197998047e+01 -8.605498313903808594e+00
2.630679845809936523e+00 -1.451738739013671875e+01 -8.574101448059082031e+00
2.706839799880981445e+00 -1.464315414428710938e+01 -8.535797119140625000e+00
2.777572631835937500e+00 -1.475961780548095703e+01 -8.499475479125976562e+00
2.850345373153686523e+00 -1.486215114593505859e+01 -8.457499504089355469e+00
2.914377450942993164e+00 -1.495783615112304688e+01 -8.414279937744140625e+00
2.975662231445312500e+00 -1.504490566253662109e+01 -8.369345664978027344e+00
3.036300659179687500e+00 -1.512677192687988281e+01 -8.322476387023925781e+00
3.094936132431030273e+00 -1.520330333709716797e+01 -8.268204689025878906e+00
3.153609752655029297e+00 -1.527458477020263672e+01 -8.210165977478027344e+00
3.211039543151855469e+00 -1.534201717376708984e+01 -8.146518707275390625e+00
3.269425392150878906e+00 -1.540511226654052734e+01 -8.073822975158691406e+00
3.329280614852905273e+00 -1.546738815307617188e+01 -7.995172977447509766e+00
3.390892505645751953e+00 -1.553528881072998047e+01 -7.908581733703613281e+00
3.450539350509643555e+00 -1.559630107879638672e+01 -7.817577838897705078e+00
3.517140865325927734e+00 -1.565890598297119141e+01 -7.707241058349609375e+00
3.583960533142089844e+00 -1.572263622283935547e+01 -7.587271690368652344e+00
3.656668901443481445e+00 -1.578820610046386719e+01 -7.456798553466796875e+00
3.726526737213134766e+00 -1.585789966583251953e+01 -7.320875644683837891e+00
3.795440196990966797e+00 -1.592497920989990234e+01 -7.175868511199951172e+00
3.861816406250000000e+00 -1.599354839324951172e+01 -7.026882648468017578e+00
3.925996780395507812e+00 -1.605960083007812500e+01 -6.875994205474853516e+00
3.986333847045898438e+00 -1.612750816345214844e+01 -6.729134082794189453e+00
4.040810108184814453e+00 -1.619325637817382812e+01 -6.588516712188720703e+00
4.089376449584960938e+00 -1.625846481323242188e+01 -6.454663753509521484e+00
4.134458541870117188e+00 -1.631901168823242188e+01 -6.332878589630126953e+00
4.173240661621093750e+00 -1.638060569763183594e+01 -6.220841884613037109e+00
4.210188865661621094e+00 -1.643990135192871094e+01 -6.119015216827392578e+00
4.241331100463867188e+00 -1.649749946594238281e+01 -6.026678562164306641e+00
4.270143032073974609e+00 -1.655886077880859375e+01 -5.945627689361572266e+00
4.292287826538085938e+00 -1.661772346496582031e+01 -5.869285583496093750e+00
4.303383827209472656e+00 -1.667878723144531250e+01 -5.797060966491699219e+00
4.316794872283935547e+00 -1.673449516296386719e+01 -5.722852230072021484e+00
4.325183391571044922e+00 -1.678774833679199219e+01 -5.645277976989746094e+00
4.341323852539062500e+00 -1.683156204223632812e+01 -5.564830780029296875e+00
4.365877628326416016e+00 -1.686546325683593750e+01 -5.480689525604248047e+00
4.402662754058837891e+00 -1.689350509643554688e+01 -5.389256477355957031e+00
4.442385196685791016e+00 -1.692037963867187500e+01 -5.286844730377197266e+00
4.478058338165283203e+00 -1.694259643554687500e+01 -5.178704738616943359e+00
4.515437126159667969e+00 -1.697279167175292969e+01 -5.061167716979980469e+00
4.552248477935791016e+00 -1.700209426879882812e+01 -4.933679580688476562e+00
4.592498779296875000e+00 -1.703036880493164062e+01 -4.799210548400878906e+00
4.632584095001220703e+00 -1.705294990539550781e+01 -4.660190105438232422e+00
4.663806915283203125e+00 -1.708624076843261719e+01 -4.515893459320068359e+00
4.698488712310791016e+00 -1.711625480651855469e+01 -4.373186111450195312e+00
4.750060081481933594e+00 -1.712340927124023438e+01 -4.239099502563476562e+00
4.765205860137939453e+00 -1.715939140319824219e+01 -4.104470729827880859e+00
4.850498199462890625e+00 -1.713055038452148438e+01 -3.984614372253417969e+00
4.938735485076904297e+00 -1.708678245544433594e+01 -3.871086835861206055e+00
4.731068134307861328e+00 -1.731798934936523438e+01 -3.736418008804321289e+00
4.743202209472656250e+00 -1.731911659240722656e+01 -3.626399993896484375e+00
5.028460025787353516e+00 -1.707113075256347656e+01 -3.549917936325073242e+00
5.029993534088134766e+00 -1.705154800415039062e+01 -3.459198951721191406e+00
4.780775070190429688e+00 -1.727236366271972656e+01 -3.345371007919311523e+00
4.748913288116455078e+00 -1.725044822692871094e+01 -3.266494989395141602e+00
4.737211704254150391e+00 -1.721728515625000000e+01 -3.196918964385986328e+00
4.697947502136230469e+00 -1.717858123779296875e+01 -3.138586521148681641e+00
4.906043529510498047e+00 -1.691394233703613281e+01 -3.124536514282226562e+00
4.866827011108398438e+00 -1.684076309204101562e+01 -3.094019651412963867e+00
4.789944171905517578e+00 -1.678638839721679688e+01 -3.068578004837036133e+00
4.726673126220703125e+00 -1.670949363708496094e+01 -3.060748577117919922e+00
4.674313545227050781e+00 -1.661411857604980469e+01 -3.075657606124877930e+00
4.309023857116699219e+00 -1.682455062866210938e+01 -3.055620431900024414e+00
4.486998081207275391e+00 -1.648574256896972656e+01 -3.100861072540283203e+00
4.197432994842529297e+00 -1.660612297058105469e+01 -3.108224868774414062e+00
4.237386703491210938e+00 -1.638819694519042969e+01 -3.146594524383544922e+00
4.094858646392822266e+00 -1.635220718383789062e+01 -3.182873249053955078e+00
3.987033843994140625e+00 -1.627370071411132812e+01 -3.230763673782348633e+00
3.876797437667846680e+00 -1.619649124145507812e+01 -3.289057254791259766e+00
3.750215291976928711e+00 -1.613730621337890625e+01 -3.352184534072875977e+00
3.636342763900756836e+00 -1.606916046142578125e+01 -3.415864229202270508e+00
3.548131227493286133e+00 -1.596291065216064453e+01 -3.445428609848022461e+00
3.439619541168212891e+00 -1.591160678863525391e+01 -3.513734817504882812e+00
3.328360795974731445e+00 -1.586102008819580078e+01 -3.574438810348510742e+00
3.228175878524780273e+00 -1.580031776428222656e+01 -3.626197099685668945e+00
3.139058589935302734e+00 -1.574584960937500000e+01 -3.683007478713989258e+00
3.053618669509887695e+00 -1.569523429870605469e+01 -3.746513366699218750e+00
2.980865478515625000e+00 -1.565281486511230469e+01 -3.820678710937500000e+00
2.917691707611083984e+00 -1.557292652130126953e+01 -3.859787225723266602e+00
2.942826986312866211e+00 -1.566290760040283203e+01 -4.124811172485351562e+00
2.916010141372680664e+00 -1.560282230377197266e+01 -4.191807270050048828e+00
2.823122978210449219e+00 -1.534500122070312500e+01 -3.999786376953125000e+00
2.920286893844604492e+00 -1.548401451110839844e+01 -4.335302352905273438e+00
2.940279483795166016e+00 -1.541744709014892578e+01 -4.395246028900146484e+00
2.975708246231079102e+00 -1.534669494628906250e+01 -4.439285755157470703e+00
2.920127391815185547e+00 -1.517875194549560547e+01 -4.362177371978759766e+00
2.919362545013427734e+00 -1.503319072723388672e+01 -4.241919517517089844e+00
2.978067398071289062e+00 -1.497216320037841797e+01 -4.275252819061279297e+00
3.183159828186035156e+00 -1.505701828002929688e+01 -4.525762081146240234e+00
3.267762660980224609e+00 -1.500317478179931641e+01 -4.535336017608642578e+00
3.307660818099975586e+00 -1.490887260437011719e+01 -4.493453025817871094e+00
3.425112485885620117e+00 -1.487284660339355469e+01 -4.491968631744384766e+00
3.520954132080078125e+00 -1.482267475128173828e+01 -4.470764636993408203e+00
3.603402614593505859e+00 -1.476050281524658203e+01 -4.440360069274902344e+00
3.692122220993041992e+00 -1.470234489440917969e+01 -4.400014877319335938e+00
3.790583372116088867e+00 -1.464624977111816406e+01 -4.355145931243896484e+00
3.895185232162475586e+00 -1.459729385375976562e+01 -4.309618473052978516e+00
3.992095470428466797e+00 -1.454087829589843750e+01 -4.260068416595458984e+00
4.062865257263183594e+00 -1.447291660308837891e+01 -4.188261508941650391e+00
4.156783580780029297e+00 -1.441307258605957031e+01 -4.135909557342529297e+00
4.241961479187011719e+00 -1.435335063934326172e+01 -4.068114757537841797e+00
4.314821720123291016e+00 -1.429870986938476562e+01 -3.982986450195312500e+00
4.391019344329833984e+00 -1.422294712066650391e+01 -3.939421415328979492e+00
4.444383621215820312e+00 -1.416315650939941406e+01 -3.859849452972412109e+00
4.485217094421386719e+00 -1.409985923767089844e+01 -3.783038139343261719e+00
4.507739543914794922e+00 -1.404091739654541016e+01 -3.701102733612060547e+00
4.516895771026611328e+00 -1.398058509826660156e+01 -3.628180027008056641e+00
4.510428428649902344e+00 -1.392230319976806641e+01 -3.561081409454345703e+00
4.488102436065673828e+00 -1.386388874053955078e+01 -3.502191066741943359e+00
4.463057041168212891e+00 -1.380094528198242188e+01 -3.459804773330688477e+00
4.411170482635498047e+00 -1.374285602569580078e+01 -3.420047998428344727e+00
4.348322868347167969e+00 -1.368067932128906250e+01 -3.397724866867065430e+00
4.270801544189453125e+00 -1.361635780334472656e+01 -3.386167049407958984e+00
4.183545589447021484e+00 -1.354665565490722656e+01 -3.392737627029418945e+00
4.085200786590576172e+00 -1.346834087371826172e+01 -3.423924207687377930e+00
3.978377819061279297e+00 -1.338754081726074219e+01 -3.452747583389282227e+00
3.862870216369628906e+00 -1.329460430145263672e+01 -3.498312711715698242e+00
3.736896991729736328e+00 -1.318961143493652344e+01 -3.533009290695190430e+00
3.609441757202148438e+00 -1.306124591827392578e+01 -3.590146541595458984e+00
3.464118480682373047e+00 -1.290760326385498047e+01 -3.645635366439819336e+00
3.312695026397705078e+00 -1.272693443298339844e+01 -3.710518360137939453e+00
3.151480913162231445e+00 -1.252156829833984375e+01 -3.787063598632812500e+00
2.988681793212890625e+00 -1.230602169036865234e+01 -3.875956296920776367e+00
2.818974494934082031e+00 -1.207657146453857422e+01 -3.978180646896362305e+00
2.648765563964843750e+00 -1.184527206420898438e+01 -4.098141193389892578e+00
2.487147092819213867e+00 -1.162402248382568359e+01 -4.227709770202636719e+00
2.339782953262329102e+00 -1.141985416412353516e+01 -4.361421108245849609e+00
2.207101583480834961e+00 -1.122983837127685547e+01 -4.494250297546386719e+00
2.090398073196411133e+00 -1.106527614593505859e+01 -4.623377799987792969e+00
1.990552783012390137e+00 -1.092446994781494141e+01 -4.750249385833740234e+00
1.911881327629089355e+00 -1.080144786834716797e+01 -4.869687557220458984e+00
1.841866493225097656e+00 -1.068452644348144531e+01 -4.980433464050292969e+00
1.781925916671752930e+00 -1.058786010742187500e+01 -5.092572212219238281e+00
1.731499314308166504e+00 -1.051849651336669922e+01 -5.207287311553955078e+00
1.699337482452392578e+00 -1.047119522094726562e+01 -5.313521862030029297e+00
1.683176875114440918e+00 -1.045078563690185547e+01 -5.404806613922119141e+00
1.678417801856994629e+00 -1.044289875030517578e+01 -5.473970890045166016e+00
1.700170159339904785e+00 -1.047085857391357422e+01 -5.530701160430908203e+00
1.726457238197326660e+00 -1.050353908538818359e+01 -5.569856643676757812e+00
1.769230365753173828e+00 -1.055834293365478516e+01 -5.601030349731445312e+00
1.830202698707580566e+00 -1.063594818115234375e+01 -5.625100135803222656e+00
1.902424454689025879e+00 -1.071742820739746094e+01 -5.633627891540527344e+00
1.988977313041687012e+00 -1.082261657714843750e+01 -5.631696701049804688e+00
2.091389894485473633e+00 -1.093320560455322266e+01 -5.619328022003173828e+00
2.203122138977050781e+00 -1.104040527343750000e+01 -5.599497318267822266e+00
2.326573610305786133e+00 -1.115779495239257812e+01 -5.580965518951416016e+00
2.466047763824462891e+00 -1.128617477416992188e+01 -5.568957805633544922e+00
2.624530076980590820e+00 -1.141880512237548828e+01 -5.562210559844970703e+00
2.810624837875366211e+00 -1.156359004974365234e+01 -5.564933300018310547e+00
3.014571905136108398e+00 -1.171596813201904297e+01 -5.576608180999755859e+00
3.233371257781982422e+00 -1.187212657928466797e+01 -5.596433639526367188e+00
3.464072465896606445e+00 -1.202493667602539062e+01 -5.623485088348388672e+00
3.694572448730468750e+00 -1.217307376861572266e+01 -5.654755592346191406e+00
3.930300474166870117e+00 -1.231459426879882812e+01 -5.687516212463378906e+00
4.159063816070556641e+00 -1.244312667846679688e+01 -5.721135139465332031e+00
4.393915653228759766e+00 -1.256360054016113281e+01 -5.755265235900878906e+00
4.623051643371582031e+00 -1.266476726531982422e+01 -5.790288448333740234e+00
4.843986988067626953e+00 -1.274877071380615234e+01 -5.825276851654052734e+00
5.060382366180419922e+00 -1.281029033660888672e+01 -5.855528354644775391e+00
5.254652023315429688e+00 -1.284504222869873047e+01 -5.888721466064453125e+00
5.437786579132080078e+00 -1.285927677154541016e+01 -5.922422885894775391e+00
5.605619907379150391e+00 -1.284848785400390625e+01 -5.957424163818359375e+00
5.758264064788818359e+00 -1.281918430328369141e+01 -5.990943431854248047e+00
5.895792484283447266e+00 -1.277359676361083984e+01 -6.025305271148681641e+00
6.018725395202636719e+00 -1.271022701263427734e+01 -6.061035156250000000e+00
6.123412609100341797e+00 -1.263187789916992188e+01 -6.097510337829589844e+00
6.214154243469238281e+00 -1.253910541534423828e+01 -6.137989997863769531e+00
6.293253421783447266e+00 -1.243584442138671875e+01 -6.185373306274414062e+00
6.352271080017089844e+00 -1.231721115112304688e+01 -6.242041587829589844e+00
6.387035846710205078e+00 -1.218896102905273438e+01 -6.310963153839111328e+00
6.397757053375244141e+00 -1.205004119873046875e+01 -6.394480705261230469e+00
6.382186412811279297e+00 -1.190290260314941406e+01 -6.492204189300537109e+00
6.336254596710205078e+00 -1.174439620971679688e+01 -6.604796409606933594e+00
6.259978294372558594e+00 -1.157844829559326172e+01 -6.726412296295166016e+00
6.159076213836669922e+00 -1.140585422515869141e+01 -6.849488258361816406e+00
6.026530265808105469e+00 -1.122894001007080078e+01 -6.967673778533935547e+00
5.868345737457275391e+00 -1.104961967468261719e+01 -7.076592922210693359e+00
5.689459323883056641e+00 -1.087152099609375000e+01 -7.171638488769531250e+00
5.494509696960449219e+00 -1.069680213928222656e+01 -7.249202251434326172e+00
5.290488719940185547e+00 -1.052830886840820312e+01 -7.307087898254394531e+00
5.070030212402343750e+00 -1.036190509796142578e+01 -7.346139430999755859e+00
4.844387054443359375e+00 -1.020441913604736328e+01 -7.367090702056884766e+00
4.609084606170654297e+00 -1.005161666870117188e+01 -7.372916221618652344e+00
4.373741626739501953e+00 -9.914233207702636719e+00 -7.362833023071289062e+00
4.135538101196289062e+00 -9.784722328186035156e+00 -7.337460041046142578e+00
3.905046224594116211e+00 -9.668590545654296875e+00 -7.300434112548828125e+00
3.687819480895996094e+00 -9.564368247985839844e+00 -7.256660461425781250e+00
3.493399620056152344e+00 -9.476742744445800781e+00 -7.206751823425292969e+00
3.314915418624877930e+00 -9.401518821716308594e+00 -7.156761169433593750e+00
3.153430461883544922e+00 -9.339894294738769531e+00 -7.104362010955810547e+00
3.012041091918945312e+00 -9.286718368530273438e+00 -7.050484657287597656e+00
2.885596513748168945e+00 -9.244718551635742188e+00 -6.994710445404052734e+00
2.771600961685180664e+00 -9.216029167175292969e+00 -6.935102939605712891e+00
2.674457073211669922e+00 -9.198555946350097656e+00 -6.870124816894531250e+00
2.587180852890014648e+00 -9.194030761718750000e+00 -6.801604747772216797e+00
2.516367673873901367e+00 -9.203199386596679688e+00 -6.728886604309082031e+00
2.453566551208496094e+00 -9.224669456481933594e+00 -6.647761821746826172e+00
2.412993192672729492e+00 -9.255764007568359375e+00 -6.556941032409667969e+00
2.386702060699462891e+00 -9.301075935363769531e+00 -6.456545352935791016e+00
2.372221708297729492e+00 -9.357499122619628906e+00 -6.348130702972412109e+00
2.391331195831298828e+00 -9.424231529235839844e+00 -6.225205898284912109e+00
2.436463356018066406e+00 -9.502828598022460938e+00 -6.088856220245361328e+00
2.505602836608886719e+00 -9.592076301574707031e+00 -5.941472053527832031e+00
2.614618301391601562e+00 -9.705183029174804688e+00 -5.788608551025390625e+00
2.750374317169189453e+00 -9.845069885253906250e+00 -5.627885341644287109e+00
2.901712656021118164e+00 -1.001647090911865234e+01 -5.459407329559326172e+00
3.065288066864013672e+00 -1.021422767639160156e+01 -5.285366058349609375e+00
3.239749670028686523e+00 -1.044035148620605469e+01 -5.123042583465576172e+00
3.433035135269165039e+00 -1.068298244476318359e+01 -4.977932929992675781e+00
3.643575668334960938e+00 -1.092440700531005859e+01 -4.854757308959960938e+00
3.876180887222290039e+00 -1.116031169891357422e+01 -4.757258415222167969e+00
4.132657527923583984e+00 -1.138529968261718750e+01 -4.686847209930419922e+00
4.415985107421875000e+00 -1.157862186431884766e+01 -4.634968280792236328e+00
4.729855537414550781e+00 -1.174754810333251953e+01 -4.606603622436523438e+00
5.068199157714843750e+00 -1.188399696350097656e+01 -4.607162475585937500e+00
5.416621208190917969e+00 -1.197664260864257812e+01 -4.630641460418701172e+00
5.771085262298583984e+00 -1.202039051055908203e+01 -4.675247192382812500e+00
6.112126350402832031e+00 -1.201927757263183594e+01 -4.724159240722656250e+00
6.437889099121093750e+00 -1.197981166839599609e+01 -4.759252548217773438e+00
6.738837718963623047e+00 -1.191348648071289062e+01 -4.765786647796630859e+00
7.016783714294433594e+00 -1.183139419555664062e+01 -4.736859798431396484e+00
7.266866207122802734e+00 -1.174131202697753906e+01 -4.677314758300781250e+00
7.483002185821533203e+00 -1.165461444854736328e+01 -4.610054016113281250e+00
7.664719104766845703e+00 -1.157518482208251953e+01 -4.544238090515136719e+00
7.817273139953613281e+00 -1.150645732879638672e+01 -4.481857776641845703e+00
7.947788715362548828e+00 -1.144628143310546875e+01 -4.427952766418457031e+00
8.065902709960937500e+00 -1.138982009887695312e+01 -4.379070758819580078e+00
8.163001060485839844e+00 -1.134646892547607422e+01 -4.330065250396728516e+00
8.244445800781250000e+00 -1.130631065368652344e+01 -4.279551982879638672e+00
8.310148239135742188e+00 -1.127155971527099609e+01 -4.226886272430419922e+00
8.358326911926269531e+00 -1.124548530578613281e+01 -4.168227195739746094e+00
8.396077156066894531e+00 -1.122118377685546875e+01 -4.106274127960205078e+00
8.422954559326171875e+00 -1.119749736785888672e+01 -4.039452075958251953e+00
8.433874130249023438e+00 -1.118040752410888672e+01 -3.966291904449462891e+00
8.431163787841796875e+00 -1.116367435455322266e+01 -3.883971929550170898e+00
8.417959213256835938e+00 -1.114950942993164062e+01 -3.792707681655883789e+00
8.388303756713867188e+00 -1.113548374176025391e+01 -3.696743965148925781e+00
8.349258422851562500e+00 -1.112417602539062500e+01 -3.593167543411254883e+00
8.298822402954101562e+00 -1.111440277099609375e+01 -3.484467506408691406e+00
8.243588447570800781e+00 -1.110686016082763672e+01 -3.372330665588378906e+00
8.181150436401367188e+00 -1.109872627258300781e+01 -3.255924463272094727e+00
8.112675666809082031e+00 -1.109174346923828125e+01 -3.134474754333496094e+00
8.041173934936523438e+00 -1.108414173126220703e+01 -3.011571884155273438e+00
7.967250823974609375e+00 -1.107602977752685547e+01 -2.886448144912719727e+00
7.892814159393310547e+00 -1.106874561309814453e+01 -2.765645742416381836e+00
7.818588256835937500e+00 -1.106155395507812500e+01 -2.647031784057617188e+00
7.749719619750976562e+00 -1.105517959594726562e+01 -2.531736612319946289e+00
7.679411888122558594e+00 -1.105092620849609375e+01 -2.422686338424682617e+00
7.613255977630615234e+00 -1.104715728759765625e+01 -2.317511081695556641e+00
7.551038742065429688e+00 -1.104450225830078125e+01 -2.216406345367431641e+00
7.492119312286376953e+00 -1.104191875457763672e+01 -2.115181922912597656e+00
7.436970710754394531e+00 -1.104171276092529297e+01 -2.015282392501831055e+00
7.384832382202148438e+00 -1.104133415222167969e+01 -1.913952946662902832e+00
7.333849906921386719e+00 -1.104163551330566406e+01 -1.805243968963623047e+00
7.287594795227050781e+00 -1.104281711578369141e+01 -1.694220066070556641e+00
7.244483947753906250e+00 -1.104347229003906250e+01 -1.575304865837097168e+00
7.202974796295166016e+00 -1.104399013519287109e+01 -1.445197820663452148e+00
7.165762424468994141e+00 -1.104386043548583984e+01 -1.305692076683044434e+00
7.133691787719726562e+00 -1.104116249084472656e+01 -1.154140353202819824e+00
7.106595993041992188e+00 -1.103567790985107422e+01 -9.935093522071838379e-01
7.087323188781738281e+00 -1.102672958374023438e+01 -8.180891275405883789e-01
7.079313278198242188e+00 -1.101247024536132812e+01 -6.314732432365417480e-01
7.076358795166015625e+00 -1.099438953399658203e+01 -4.387673437595367432e-01
7.087517738342285156e+00 -1.096916007995605469e+01 -2.409383058547973633e-01
7.109652519226074219e+00 -1.093875503540039062e+01 -4.676441103219985962e-02
7.144053459167480469e+00 -1.090224456787109375e+01 1.535584032535552979e-01
7.189416885375976562e+00 -1.085890579223632812e+01 3.488040864467620850e-01
7.244547367095947266e+00 -1.080741119384765625e+01 5.389184355735778809e-01
7.306844234466552734e+00 -1.075360298156738281e+01 7.159053087234497070e-01
7.373883724212646484e+00 -1.069721031188964844e+01 8.807371854782104492e-01
7.439063549041748047e+00 -1.063597679138183594e+01 1.033695578575134277e+00
7.509307861328125000e+00 -1.057967281341552734e+01 1.169920921325683594e+00
7.577877998352050781e+00 -1.052216911315917969e+01 1.291056990623474121e+00
7.647683143615722656e+00 -1.046600437164306641e+01 1.394978404045104980e+00
7.720686435699462891e+00 -1.041480445861816406e+01 1.482394814491271973e+00
7.788919925689697266e+00 -1.036856842041015625e+01 1.559674620628356934e+00
7.864180564880371094e+00 -1.032493495941162109e+01 1.621164321899414062e+00
7.943301677703857422e+00 -1.028515815734863281e+01 1.668238162994384766e+00
8.030104637145996094e+00 -1.025146675109863281e+01 1.699821472167968750e+00
8.117991447448730469e+00 -1.022229671478271484e+01 1.719500064849853516e+00
8.214024543762207031e+00 -1.019522953033447266e+01 1.728647589683532715e+00
8.316548347473144531e+00 -1.017204093933105469e+01 1.724485397338867188e+00
8.427742004394531250e+00 -1.015089035034179688e+01 1.710445761680603027e+00
8.544754981994628906e+00 -1.012896060943603516e+01 1.684212684631347656e+00
8.674235343933105469e+00 -1.010854244232177734e+01 1.646275043487548828e+00
8.814888954162597656e+00 -1.008662700653076172e+01 1.600078225135803223e+00
8.957194328308105469e+00 -1.006234359741210938e+01 1.548564672470092773e+00
9.114921569824218750e+00 -1.003544521331787109e+01 1.485038042068481445e+00
9.275792121887207031e+00 -1.000343036651611328e+01 1.416847944259643555e+00
9.440573692321777344e+00 -9.967387199401855469e+00 1.346218705177307129e+00
9.605665206909179688e+00 -9.923438072204589844e+00 1.274352073669433594e+00
9.764984130859375000e+00 -9.883127212524414062e+00 1.211560130119323730e+00
9.920518875122070312e+00 -9.835307121276855469e+00 1.143832206726074219e+00
1.006618881225585938e+01 -9.781828880310058594e+00 1.083935260772705078e+00
1.020467472076416016e+01 -9.725019454956054688e+00 1.033287525177001953e+00
1.033658599853515625e+01 -9.666234016418457031e+00 9.911280870437622070e-01
1.046147727966308594e+01 -9.606607437133789062e+00 9.600540995597839355e-01
1.057581424713134766e+01 -9.546902656555175781e+00 9.390547275543212891e-01
1.069396972656250000e+01 -9.489979743957519531e+00 9.218276739120483398e-01
1.080468940734863281e+01 -9.436752319335937500e+00 9.064568281173706055e-01
1.090968990325927734e+01 -9.385776519775390625e+00 8.958441615104675293e-01
1.101411437988281250e+01 -9.335051536560058594e+00 8.826533555984497070e-01
1.110844135284423828e+01 -9.284885406494140625e+00 8.703961372375488281e-01
1.119333076477050781e+01 -9.222495079040527344e+00 8.514211177825927734e-01
1.127002429962158203e+01 -9.160344123840332031e+00 8.275837302207946777e-01
1.135011672973632812e+01 -9.143446922302246094e+00 8.093327283859252930e-01
1.144150066375732422e+01 -9.124269485473632812e+00 8.230242133140563965e-01
1.161561870574951172e+01 -9.298372268676757812e+00 8.846278786659240723e-01
1.170106887817382812e+01 -9.291224479675292969e+00 8.676204085350036621e-01
1.178021717071533203e+01 -9.268405914306640625e+00 8.426503539085388184e-01
1.184668636322021484e+01 -9.209185600280761719e+00 8.127526044845581055e-01
1.192690181732177734e+01 -9.206199645996093750e+00 7.576258182525634766e-01
1.198994636535644531e+01 -9.153445243835449219e+00 7.086435556411743164e-01
1.204860591888427734e+01 -9.098311424255371094e+00 6.517915129661560059e-01
1.210089588165283203e+01 -9.034860610961914062e+00 5.880299210548400879e-01
1.197332382202148438e+01 -8.812317848205566406e+00 4.112329185009002686e-01
1.205157947540283203e+01 -8.789481163024902344e+00 3.439434468746185303e-01
1.212545680999755859e+01 -8.761047363281250000e+00 2.666246294975280762e-01
1.233383178710937500e+01 -8.836504936218261719e+00 2.606301307678222656e-01
1.235310363769531250e+01 -8.756512641906738281e+00 1.362889707088470459e-01
1.235605812072753906e+01 -8.678297042846679688e+00 -5.046712700277566910e-03
1.248565673828125000e+01 -8.704175949096679688e+00 -8.003674447536468506e-02
1.256212520599365234e+01 -8.685494422912597656e+00 -1.799308657646179199e-01
1.252289295196533203e+01 -8.626133918762207031e+00 -3.510456979274749756e-01
1.256227111816406250e+01 -8.621739387512207031e+00 -4.683691859245300293e-01
1.265557098388671875e+01 -8.652023315429687500e+00 -5.463657975196838379e-01
1.277197074890136719e+01 -8.712965011596679688e+00 -5.907638669013977051e-01
1.277798080444335938e+01 -8.744928359985351562e+00 -6.978501081466674805e-01
1.277399730682373047e+01 -8.784873008728027344e+00 -7.941130995750427246e-01
1.277876377105712891e+01 -8.844921112060546875e+00 -8.691416382789611816e-01
1.279724121093750000e+01 -8.927305221557617188e+00 -9.166848659515380859e-01
1.280210399627685547e+01 -9.024463653564453125e+00 -9.493396282196044922e-01
1.281080913543701172e+01 -9.135258674621582031e+00 -9.616690278053283691e-01
1.279153060913085938e+01 -9.248071670532226562e+00 -9.752500653266906738e-01
1.275853633880615234e+01 -9.362252235412597656e+00 -9.796194434165954590e-01
1.272467803955078125e+01 -9.492588043212890625e+00 -9.592026472091674805e-01
1.267737770080566406e+01 -9.630368232727050781e+00 -9.384856224060058594e-01
1.260717868804931641e+01 -9.762513160705566406e+00 -9.092915654182434082e-01
1.251461982727050781e+01 -9.889703750610351562e+00 -8.859490752220153809e-01
1.242624473571777344e+01 -1.002494239807128906e+01 -8.563640117645263672e-01
1.232612037658691406e+01 -1.014997196197509766e+01 -8.144057989120483398e-01
1.221612262725830078e+01 -1.026718330383300781e+01 -7.743510007858276367e-01
1.210688400268554688e+01 -1.038078212738037109e+01 -7.276873588562011719e-01
1.199331569671630859e+01 -1.048073291778564453e+01 -6.894366741180419922e-01
1.188205909729003906e+01 -1.056865119934082031e+01 -6.555638909339904785e-01
1.176822948455810547e+01 -1.063541507720947266e+01 -6.230086088180541992e-01
1.165572929382324219e+01 -1.068679809570312500e+01 -5.935612916946411133e-01
1.155200004577636719e+01 -1.071637630462646484e+01 -5.777696371078491211e-01
1.144394969940185547e+01 -1.073052597045898438e+01 -5.544943213462829590e-01
1.133909416198730469e+01 -1.072734260559082031e+01 -5.420277714729309082e-01
1.123982334136962891e+01 -1.070178031921386719e+01 -5.358359813690185547e-01
1.114261531829833984e+01 -1.065467548370361328e+01 -5.310906767845153809e-01
1.105284500122070312e+01 -1.059015941619873047e+01 -5.446270108222961426e-01
1.096749401092529297e+01 -1.050423145294189453e+01 -5.709728002548217773e-01
1.088543033599853516e+01 -1.039318847656250000e+01 -6.168286204338073730e-01
1.080612850189208984e+01 -1.027125263214111328e+01 -6.735370755195617676e-01
1.073320770263671875e+01 -1.014076423645019531e+01 -7.485150694847106934e-01
1.065549182891845703e+01 -1.000598716735839844e+01 -8.478340506553649902e-01
1.057234573364257812e+01 -9.868066787719726562e+00 -9.800378680229187012e-01
1.046634483337402344e+01 -9.731988906860351562e+00 -1.136957287788391113e+00
1.034797286987304688e+01 -9.603211402893066406e+00 -1.322346687316894531e+00
1.019673633575439453e+01 -9.487510681152343750e+00 -1.532194256782531738e+00
1.002484703063964844e+01 -9.380856513977050781e+00 -1.755960345268249512e+00
9.829915046691894531e+00 -9.285259246826171875e+00 -1.986568093299865723e+00
9.632164001464843750e+00 -9.203398704528808594e+00 -2.201974391937255859e+00
9.451495170593261719e+00 -9.141309738159179688e+00 -2.383634090423583984e+00
9.283949851989746094e+00 -9.090145111083984375e+00 -2.540925502777099609e+00
9.135086059570312500e+00 -9.048036575317382812e+00 -2.670259952545166016e+00
9.008581161499023438e+00 -9.012104988098144531e+00 -2.774385690689086914e+00
8.899412155151367188e+00 -8.977215766906738281e+00 -2.856040000915527344e+00
8.803802490234375000e+00 -8.940936088562011719e+00 -2.919107198715209961e+00
8.719418525695800781e+00 -8.902623176574707031e+00 -2.968535423278808594e+00
8.639191627502441406e+00 -8.861320495605468750e+00 -3.007836580276489258e+00
8.561329841613769531e+00 -8.817357063293457031e+00 -3.040336132049560547e+00
8.482147216796875000e+00 -8.770724296569824219e+00 -3.068362712860107422e+00
8.395336151123046875e+00 -8.719647407531738281e+00 -3.096295595169067383e+00
8.298359870910644531e+00 -8.664104461669921875e+00 -3.127869844436645508e+00
8.178208351135253906e+00 -8.600225448608398438e+00 -3.169264078140258789e+00
8.042862892150878906e+00 -8.530099868774414062e+00 -3.220100164413452148e+00
7.877221107482910156e+00 -8.450065612792968750e+00 -3.287805318832397461e+00
7.685045719146728516e+00 -8.363026618957519531e+00 -3.370685338973999023e+00
7.459957122802734375e+00 -8.270250320434570312e+00 -3.474744081497192383e+00
7.203851699829101562e+00 -8.171805381774902344e+00 -3.598443031311035156e+00
6.935009002685546875e+00 -8.078674316406250000e+00 -3.732775926589965820e+00
6.648106575012207031e+00 -7.988436222076416016e+00 -3.880995988845825195e+00
6.348859310150146484e+00 -7.901463031768798828e+00 -4.038006305694580078e+00
6.053798675537109375e+00 -7.823359966278076172e+00 -4.196049690246582031e+00
5.751188755035400391e+00 -7.751334667205810547e+00 -4.360939502716064453e+00
5.448821544647216797e+00 -7.684255123138427734e+00 -4.524253368377685547e+00
5.161068439483642578e+00 -7.618450641632080078e+00 -4.681200981140136719e+00
4.884181976318359375e+00 -7.554961681365966797e+00 -4.829151630401611328e+00
4.629573345184326172e+00 -7.496537208557128906e+00 -4.962220191955566406e+00
4.407554626464843750e+00 -7.434568405151367188e+00 -5.072002887725830078e+00
4.203905105590820312e+00 -7.365130901336669922e+00 -5.165375232696533203e+00
4.032485485076904297e+00 -7.306733608245849609e+00 -5.245366573333740234e+00
3.881072044372558594e+00 -7.245966911315917969e+00 -5.307705879211425781e+00
3.750272274017333984e+00 -7.182301998138427734e+00 -5.352933406829833984e+00
3.645018815994262695e+00 -7.116001605987548828e+00 -5.380024909973144531e+00
3.565505266189575195e+00 -7.057776927947998047e+00 -5.394657611846923828e+00
3.510110855102539062e+00 -7.007903099060058594e+00 -5.396336555480957031e+00
3.480674505233764648e+00 -6.967420578002929688e+00 -5.390266418457031250e+00
3.463634967803955078e+00 -6.931778907775878906e+00 -5.376578807830810547e+00
3.463490486145019531e+00 -6.896562576293945312e+00 -5.354895114898681641e+00
3.476595878601074219e+00 -6.859642028808593750e+00 -5.323756694793701172e+00
3.507476806640625000e+00 -6.817024230957031250e+00 -5.277803421020507812e+00
3.560537815093994141e+00 -6.771864891052246094e+00 -5.218255519866943359e+00
3.641838550567626953e+00 -6.721932411193847656e+00 -5.141678810119628906e+00
3.742387294769287109e+00 -6.672556877136230469e+00 -5.057878017425537109e+00
3.878301620483398438e+00 -6.623234748840332031e+00 -4.955159664154052734e+00
4.039055824279785156e+00 -6.576277256011962891e+00 -4.840588092803955078e+00
4.230326652526855469e+00 -6.524398803710937500e+00 -4.705578327178955078e+00
4.438478469848632812e+00 -6.472887992858886719e+00 -4.563989639282226562e+00
4.667229175567626953e+00 -6.416043758392333984e+00 -4.408671855926513672e+00
4.912065505981445312e+00 -6.354277133941650391e+00 -4.244582176208496094e+00
5.162464141845703125e+00 -6.288237571716308594e+00 -4.077831268310546875e+00
5.415794849395751953e+00 -6.216620445251464844e+00 -3.911836862564086914e+00
5.661386489868164062e+00 -6.134706020355224609e+00 -3.752522706985473633e+00
5.904741764068603516e+00 -6.042292594909667969e+00 -3.596833467483520508e+00
6.140137195587158203e+00 -5.937443256378173828e+00 -3.447596788406372070e+00
6.369693756103515625e+00 -5.816646575927734375e+00 -3.302910566329956055e+00
6.585362911224365234e+00 -5.677334785461425781e+00 -3.166969537734985352e+00
6.788161277770996094e+00 -5.517758369445800781e+00 -3.038215637207031250e+00
6.979031562805175781e+00 -5.341529846191406250e+00 -2.917220830917358398e+00
7.159265518188476562e+00 -5.148407459259033203e+00 -2.803853988647460938e+00
7.326099872589111328e+00 -4.953669548034667969e+00 -2.701625108718872070e+00
7.481949329376220703e+00 -4.771327495574951172e+00 -2.609163999557495117e+00
7.626163482666015625e+00 -4.604988574981689453e+00 -2.526205301284790039e+00
7.760802745819091797e+00 -4.459124565124511719e+00 -2.449708938598632812e+00
7.891255378723144531e+00 -4.335204601287841797e+00 -2.377770185470581055e+00
8.015034675598144531e+00 -4.231258869171142578e+00 -2.309149742126464844e+00
8.140951156616210938e+00 -4.145243167877197266e+00 -2.237902641296386719e+00
8.263131141662597656e+00 -4.075354576110839844e+00 -2.166424512863159180e+00
8.388641357421875000e+00 -4.023235797882080078e+00 -2.090657711029052734e+00
8.525362968444824219e+00 -3.980460882186889648e+00 -2.006232023239135742e+00
8.671761512756347656e+00 -3.948257207870483398e+00 -1.913592457771301270e+00
8.829403877258300781e+00 -3.925272464752197266e+00 -1.808145761489868164e+00
9.001086235046386719e+00 -3.909560680389404297e+00 -1.691905379295349121e+00
9.185898780822753906e+00 -3.897245883941650391e+00 -1.563732624053955078e+00
9.381854057312011719e+00 -3.884482860565185547e+00 -1.425405859947204590e+00
9.583843231201171875e+00 -3.871921062469482422e+00 -1.280978322029113770e+00
9.783904075622558594e+00 -3.856842756271362305e+00 -1.135362982749938965e+00
9.984157562255859375e+00 -3.838845014572143555e+00 -9.838252067565917969e-01
1.016949367523193359e+01 -3.824214696884155273e+00 -8.465491533279418945e-01
1.034512233734130859e+01 -3.810289382934570312e+00 -7.162793874740600586e-01
1.051136779785156250e+01 -3.798451185226440430e+00 -5.842434167861938477e-01
7.784771919250488281e+00 -8.129830360412597656e+00 5.521929740905761719e+00
7.614212989807128906e+00 -8.086809158325195312e+00 5.460385322570800781e+00
7.476210117340087891e+00 -8.028108596801757812e+00 5.374137878417968750e+00
7.346951484680175781e+00 -7.952882289886474609e+00 5.261010169982910156e+00
7.219517230987548828e+00 -7.865537643432617188e+00 5.123283863067626953e+00
7.097222805023193359e+00 -7.771237373352050781e+00 4.969541549682617188e+00
6.983267307281494141e+00 -7.678846359252929688e+00 4.809624671936035156e+00
6.889574050903320312e+00 -7.593866348266601562e+00 4.652167320251464844e+00
6.810914993286132812e+00 -7.517539978027343750e+00 4.502941608428955078e+00
6.749749183654785156e+00 -7.450129985809326172e+00 4.364352226257324219e+00
6.705356121063232422e+00 -7.390993595123291016e+00 4.234677791595458984e+00
6.674576759338378906e+00 -7.337365627288818359e+00 4.111863613128662109e+00
6.656410694122314453e+00 -7.287919521331787109e+00 3.993561267852783203e+00
6.649221420288085938e+00 -7.239701747894287109e+00 3.877487897872924805e+00
6.651122570037841797e+00 -7.191791534423828125e+00 3.757718563079833984e+00
6.659883499145507812e+00 -7.142477989196777344e+00 3.628705024719238281e+00
6.673617839813232422e+00 -7.090912818908691406e+00 3.487232923507690430e+00
6.690567016601562500e+00 -7.033578872680664062e+00 3.326985120773315430e+00
6.709623336791992188e+00 -6.969611167907714844e+00 3.141064643859863281e+00
6.731286048889160156e+00 -6.898477077484130859e+00 2.925829648971557617e+00
6.758493900299072266e+00 -6.812837600708007812e+00 2.679407119750976562e+00
6.789154052734375000e+00 -6.710358142852783203e+00 2.410318136215209961e+00
6.829942226409912109e+00 -6.587940216064453125e+00 2.117381334304809570e+00
6.883537292480468750e+00 -6.447592735290527344e+00 1.814383625984191895e+00
6.954869270324707031e+00 -6.293272972106933594e+00 1.502659082412719727e+00
7.044851779937744141e+00 -6.129806518554687500e+00 1.198797702789306641e+00
7.154189586639404297e+00 -5.964013099670410156e+00 9.070188999176025391e-01
7.283326148986816406e+00 -5.801418781280517578e+00 6.319218277931213379e-01
7.428340435028076172e+00 -5.647487640380859375e+00 3.842828273773193359e-01
7.587013244628906250e+00 -5.495398044586181641e+00 1.580553054809570312e-01
7.749172210693359375e+00 -5.352977752685546875e+00 -3.539427742362022400e-02
7.911292076110839844e+00 -5.217277050018310547e+00 -1.925191432237625122e-01
8.066327095031738281e+00 -5.092055797576904297e+00 -3.226586282253265381e-01
8.213920593261718750e+00 -4.977859973907470703e+00 -4.236283898353576660e-01
8.351443290710449219e+00 -4.876434326171875000e+00 -4.982321560382843018e-01
8.482466697692871094e+00 -4.787970066070556641e+00 -5.507594347000122070e-01
8.612156867980957031e+00 -4.711341381072998047e+00 -5.795038938522338867e-01
8.744503974914550781e+00 -4.643177986145019531e+00 -5.865226387977600098e-01
8.881070137023925781e+00 -4.583189964294433594e+00 -5.737041234970092773e-01
9.022982597351074219e+00 -4.530380249023437500e+00 -5.403361916542053223e-01
9.173673629760742188e+00 -4.481906414031982422e+00 -4.884484708309173584e-01
9.336359024047851562e+00 -4.436871528625488281e+00 -4.174269735813140869e-01
9.506529808044433594e+00 -4.389667510986328125e+00 -3.316834568977355957e-01
9.679141044616699219e+00 -4.347115516662597656e+00 -2.276147007942199707e-01
9.851313591003417969e+00 -4.309114933013916016e+00 -1.121210753917694092e-01
1.001144123077392578e+01 -4.277859210968017578e+00 1.159591414034366608e-02
1.015359306335449219e+01 -4.261533737182617188e+00 1.499591171741485596e-01
1.027822113037109375e+01 -4.264899730682373047e+00 3.182838261127471924e-01
6.756883621215820312e+00 -8.695883750915527344e+00 5.989326477050781250e+00
6.584792137145996094e+00 -8.628033638000488281e+00 5.915787220001220703e+00
6.407201290130615234e+00 -8.567040443420410156e+00 5.841086387634277344e+00
6.209596633911132812e+00 -8.506690979003906250e+00 5.756504058837890625e+00
5.990497112274169922e+00 -8.442866325378417969e+00 5.656713962554931641e+00
5.755136013031005859e+00 -8.374870300292968750e+00 5.545163631439208984e+00
5.519616603851318359e+00 -8.301861763000488281e+00 5.426442146301269531e+00
5.290884971618652344e+00 -8.223592758178710938e+00 5.303933143615722656e+00
5.080132484436035156e+00 -8.143711090087890625e+00 5.185735225677490234e+00
4.895614624023437500e+00 -8.063103675842285156e+00 5.073315620422363281e+00
4.738651275634765625e+00 -7.983061313629150391e+00 4.968693733215332031e+00
4.607411384582519531e+00 -7.904186248779296875e+00 4.871562480926513672e+00
4.505055904388427734e+00 -7.827961444854736328e+00 4.786510944366455078e+00
4.421772956848144531e+00 -7.753291130065917969e+00 4.702267169952392578e+00
4.357083320617675781e+00 -7.678344726562500000e+00 4.620884418487548828e+00
4.306548595428466797e+00 -7.601098537445068359e+00 4.539109706878662109e+00
4.271562099456787109e+00 -7.520656585693359375e+00 4.454850673675537109e+00
4.248928546905517578e+00 -7.434689044952392578e+00 4.363750934600830078e+00
4.241861820220947266e+00 -7.342041492462158203e+00 4.259154796600341797e+00
4.246972560882568359e+00 -7.242549419403076172e+00 4.140182495117187500e+00
4.271502017974853516e+00 -7.132396697998046875e+00 4.002833366394042969e+00
4.311635494232177734e+00 -7.010083198547363281e+00 3.844104051589965820e+00
4.369790077209472656e+00 -6.871407032012939453e+00 3.658886671066284180e+00
4.445849418640136719e+00 -6.719688892364501953e+00 3.444986343383789062e+00
4.538336753845214844e+00 -6.552117824554443359e+00 3.204787731170654297e+00
4.644331455230712891e+00 -6.371561050415039062e+00 2.935406923294067383e+00
4.757328510284423828e+00 -6.177374362945556641e+00 2.648136615753173828e+00
4.888830184936523438e+00 -5.959279537200927734e+00 2.326409101486206055e+00
5.030274868011474609e+00 -5.717919826507568359e+00 1.991636753082275391e+00
5.192588806152343750e+00 -5.441448211669921875e+00 1.649349927902221680e+00
5.379735946655273438e+00 -5.126284122467041016e+00 1.305961132049560547e+00
5.584457397460937500e+00 -4.779573440551757812e+00 9.919890761375427246e-01
5.792550086975097656e+00 -4.418056964874267578e+00 7.119783759117126465e-01
5.995053291320800781e+00 -4.057788848876953125e+00 4.600932002067565918e-01
6.179524898529052734e+00 -3.718207120895385742e+00 2.328018546104431152e-01
6.347755908966064453e+00 -3.408975124359130859e+00 1.651971228420734406e-02
6.499783992767333984e+00 -3.130116701126098633e+00 -1.952317953109741211e-01
6.639079093933105469e+00 -2.882331132888793945e+00 -4.001447260379791260e-01
6.766018390655517578e+00 -2.671355009078979492e+00 -5.837320685386657715e-01
6.883708953857421875e+00 -2.475388765335083008e+00 -7.544606924057006836e-01
6.994997978210449219e+00 -2.301051139831542969e+00 -9.078907370567321777e-01
7.098226070404052734e+00 -2.148119211196899414e+00 -1.039121031761169434e+00
7.194717884063720703e+00 -2.010973691940307617e+00 -1.151478528976440430e+00
7.286254405975341797e+00 -1.887382268905639648e+00 -1.247572183609008789e+00
7.374914169311523438e+00 -1.778227210044860840e+00 -1.323962926864624023e+00
7.461611270904541016e+00 -1.679465293884277344e+00 -1.392766714096069336e+00
7.545125007629394531e+00 -1.593898534774780273e+00 -1.445357918739318848e+00
7.630931377410888672e+00 -1.517241954803466797e+00 -1.486169338226318359e+00
7.719820499420166016e+00 -1.449680685997009277e+00 -1.515714764595031738e+00
7.814314365386962891e+00 -1.390051364898681641e+00 -1.536760210990905762e+00
7.914550304412841797e+00 -1.334761619567871094e+00 -1.550701022148132324e+00
8.020382881164550781e+00 -1.285361647605895996e+00 -1.555833816528320312e+00
8.139024734497070312e+00 -1.239232420921325684e+00 -1.551538705825805664e+00
8.271030426025390625e+00 -1.195026636123657227e+00 -1.540152072906494141e+00
8.415756225585937500e+00 -1.150376915931701660e+00 -1.522201180458068848e+00
8.574480056762695312e+00 -1.106699466705322266e+00 -1.495296716690063477e+00
8.752005577087402344e+00 -1.060723304748535156e+00 -1.460778713226318359e+00
8.945241928100585938e+00 -1.014250755310058594e+00 -1.419009804725646973e+00
9.154507637023925781e+00 -9.666424989700317383e-01 -1.369119286537170410e+00
9.366957664489746094e+00 -9.208602309226989746e-01 -1.313728213310241699e+00
9.575153350830078125e+00 -8.784942030906677246e-01 -1.255201458930969238e+00
9.760939598083496094e+00 -8.417243361473083496e-01 -1.201371312141418457e+00
9.932412147521972656e+00 -8.106554150581359863e-01 -1.148020982742309570e+00
1.008912849426269531e+01 -7.846829891204833984e-01 -1.096556782722473145e+00
1.024273681640625000e+01 -7.675060629844665527e-01 -1.039671421051025391e+00
1.002920866012573242e+00 -7.641232490539550781e+00 7.429535388946533203e+00
9.441381692886352539e-01 -7.525708198547363281e+00 7.350955963134765625e+00
8.869946002960205078e-01 -7.412344932556152344e+00 7.273099422454833984e+00
8.189062476158142090e-01 -7.279847621917724609e+00 7.179681777954101562e+00
7.342474460601806641e-01 -7.118771076202392578e+00 7.067513942718505859e+00
6.298871636390686035e-01 -6.936400413513183594e+00 6.939012527465820312e+00
5.150941610336303711e-01 -6.747251510620117188e+00 6.803346157073974609e+00
3.915241360664367676e-01 -6.556543350219726562e+00 6.662041187286376953e+00
2.630149424076080322e-01 -6.371879100799560547e+00 6.517370223999023438e+00
1.383087188005447388e-01 -6.200722217559814453e+00 6.373126983642578125e+00
1.791421696543693542e-02 -6.052291870117187500e+00 6.236563682556152344e+00
-9.507910907268524170e-02 -5.924677371978759766e+00 6.107767105102539062e+00
-1.972505599260330200e-01 -5.821366786956787109e+00 5.992078781127929688e+00
-2.848834991455078125e-01 -5.736658096313476562e+00 5.888286590576171875e+00
-3.597444891929626465e-01 -5.667120933532714844e+00 5.793378829956054688e+00
-4.195943772792816162e-01 -5.608724594116210938e+00 5.707374095916748047e+00
-4.678604900836944580e-01 -5.557058334350585938e+00 5.627048492431640625e+00
-5.053274035453796387e-01 -5.509689807891845703e+00 5.547738552093505859e+00
-5.317755937576293945e-01 -5.462040424346923828e+00 5.466505050659179688e+00
-5.481051206588745117e-01 -5.411857128143310547e+00 5.381072998046875000e+00
-5.535280108451843262e-01 -5.355729579925537109e+00 5.285358905792236328e+00
-5.476957559585571289e-01 -5.289590358734130859e+00 5.173939228057861328e+00
-5.322238206863403320e-01 -5.211425304412841797e+00 5.042675971984863281e+00
-5.021869540214538574e-01 -5.115772724151611328e+00 4.886859893798828125e+00
-4.510750472545623779e-01 -5.002428054809570312e+00 4.703550815582275391e+00
-3.824291229248046875e-01 -4.866046905517578125e+00 4.483012676239013672e+00
-2.946803271770477295e-01 -4.708426475524902344e+00 4.228332996368408203e+00
-1.845469027757644653e-01 -4.526598930358886719e+00 3.936555385589599609e+00
-5.299073830246925354e-02 -4.322967529296875000e+00 3.611899375915527344e+00
9.173998236656188965e-02 -4.112452030181884766e+00 3.277544021606445312e+00
2.498498111963272095e-01 -3.905949115753173828e+00 2.951371908187866211e+00
4.139097929000854492e-01 -3.720278501510620117e+00 2.654833555221557617e+00
5.830171108245849609e-01 -3.561933517456054688e+00 2.393030405044555664e+00
7.475782632827758789e-01 -3.434054851531982422e+00 2.167455673217773438e+00
8.943821787834167480e-01 -3.331521749496459961e+00 1.975284099578857422e+00
1.030206918716430664e+00 -3.251505374908447266e+00 1.800853371620178223e+00
1.176904916763305664e+00 -3.183531761169433594e+00 1.616000533103942871e+00
6.013851642608642578e+00 1.382877826690673828e-01 1.138669967651367188e+00
6.208274841308593750e+00 1.669624298810958862e-01 1.143071293830871582e+00
6.386525630950927734e+00 1.804470717906951904e-01 1.162698745727539062e+00
6.571385383605957031e+00 1.850091665983200073e-01 1.196949362754821777e+00
6.760204792022705078e+00 1.829768717288970947e-01 1.242012262344360352e+00
6.945762634277343750e+00 1.756680458784103394e-01 1.298727631568908691e+00
7.117603302001953125e+00 1.642135232686996460e-01 1.362688899040222168e+00
7.279086589813232422e+00 1.494718492031097412e-01 1.431497812271118164e+00
7.423683643341064453e+00 1.326616257429122925e-01 1.508693337440490723e+00
7.559183597564697266e+00 1.130610629916191101e-01 1.592915892601013184e+00
7.688693523406982422e+00 9.159655123949050903e-02 1.684866309165954590e+00
7.811705589294433594e+00 6.655443459749221802e-02 1.784207701683044434e+00
7.933930397033691406e+00 3.625320270657539368e-02 1.900465011596679688e+00
8.055401802062988281e+00 4.505342512857168913e-04 2.025019645690917969e+00
8.182327270507812500e+00 -4.090710356831550598e-02 2.165248155593872070e+00
8.309722900390625000e+00 -9.057754278182983398e-02 2.316313266754150391e+00
8.435068130493164062e+00 -1.490676850080490112e-01 2.476433992385864258e+00
8.554327964782714844e+00 -2.136000245809555054e-01 2.633620262145996094e+00
8.670046806335449219e+00 -2.824619710445404053e-01 2.796257495880126953e+00
8.771074295043945312e+00 -3.547209799289703369e-01 2.952140569686889648e+00
8.862078666687011719e+00 -4.258985817432403564e-01 3.098995685577392578e+00
8.942024230957031250e+00 -4.955185651779174805e-01 3.232609033584594727e+00
9.007191658020019531e+00 -5.636235475540161133e-01 3.352687120437622070e+00
9.055268287658691406e+00 -6.416234374046325684e-01 3.459087610244750977e+00
9.104417800903320312e+00 -7.073768377304077148e-01 3.553982019424438477e+00
9.140832901000976562e+00 -7.742214798927307129e-01 3.642419099807739258e+00
9.165378570556640625e+00 -8.404243588447570801e-01 3.722544193267822266e+00
9.179328918457031250e+00 -9.112991690635681152e-01 3.792966365814208984e+00
9.182550430297851562e+00 -9.859692454338073730e-01 3.854007482528686523e+00
9.174878120422363281e+00 -1.060927510261535645e+00 3.912599086761474609e+00
9.151904106140136719e+00 -1.138941049575805664e+00 3.965096712112426758e+00
9.120174407958984375e+00 -1.222077131271362305e+00 4.008179664611816406e+00
9.079935073852539062e+00 -1.307242512702941895e+00 4.049360275268554688e+00
9.031973838806152344e+00 -1.394531488418579102e+00 4.085730075836181641e+00
8.974609375000000000e+00 -1.480033159255981445e+00 4.118666172027587891e+00
8.912953376770019531e+00 -1.566114425659179688e+00 4.150915622711181641e+00
8.851099967956542969e+00 -1.649142742156982422e+00 4.188978195190429688e+00
8.780949592590332031e+00 -1.728604555130004883e+00 4.222870826721191406e+00
8.714869499206542969e+00 -1.806515097618103027e+00 4.258466243743896484e+00
8.652808189392089844e+00 -1.875923633575439453e+00 4.289592266082763672e+00
8.594146728515625000e+00 -1.951111555099487305e+00 4.329955577850341797e+00
8.548184394836425781e+00 -2.029931545257568359e+00 4.377388477325439453e+00
8.498939514160156250e+00 -2.102838516235351562e+00 4.421682834625244141e+00
8.455576896667480469e+00 -2.180847167968750000e+00 4.470629215240478516e+00
8.415601730346679688e+00 -2.267146348953247070e+00 4.520562648773193359e+00
8.372045516967773438e+00 -2.365217208862304688e+00 4.570336341857910156e+00
8.326979637145996094e+00 -2.474402427673339844e+00 4.620378494262695312e+00
8.274279594421386719e+00 -2.598963022232055664e+00 4.668587207794189453e+00
8.206830024719238281e+00 -2.739331007003784180e+00 4.716790199279785156e+00
8.126447677612304688e+00 -2.903949499130249023e+00 4.756980895996093750e+00
8.033252716064453125e+00 -3.080931901931762695e+00 4.796239376068115234e+00
7.922479629516601562e+00 -3.279025793075561523e+00 4.826775074005126953e+00
7.792368412017822266e+00 -3.496447324752807617e+00 4.842181205749511719e+00
7.651248455047607422e+00 -3.715784549713134766e+00 4.844080924987792969e+00
7.503634929656982422e+00 -3.927966117858886719e+00 4.828622817993164062e+00
7.353618621826171875e+00 -4.125683307647705078e+00 4.794410705566406250e+00
7.206091403961181641e+00 -4.305608272552490234e+00 4.746509552001953125e+00
7.068922042846679688e+00 -4.455340385437011719e+00 4.685240268707275391e+00
6.944725990295410156e+00 -4.582633018493652344e+00 4.619742393493652344e+00
6.827355861663818359e+00 -4.685623168945312500e+00 4.543417930603027344e+00
6.722434043884277344e+00 -4.764894485473632812e+00 4.461000442504882812e+00
6.628247261047363281e+00 -4.824736595153808594e+00 4.377318382263183594e+00
6.542481422424316406e+00 -4.866430759429931641e+00 4.289795875549316406e+00
6.468300342559814453e+00 -4.891045570373535156e+00 4.199859619140625000e+00
6.396357059478759766e+00 -4.905720233917236328e+00 4.102420806884765625e+00
6.327002048492431641e+00 -4.905252933502197266e+00 3.996643304824829102e+00
6.259491443634033203e+00 -4.894386768341064453e+00 3.882215499877929688e+00
6.189527511596679688e+00 -4.870806217193603516e+00 3.757043838500976562e+00
6.117470264434814453e+00 -4.830976963043212891e+00 3.619106531143188477e+00
6.041599750518798828e+00 -4.776558876037597656e+00 3.464919090270996094e+00
5.961004257202148438e+00 -4.703994750976562500e+00 3.298697233200073242e+00
5.873585700988769531e+00 -4.608571529388427734e+00 3.115950584411621094e+00
5.782639026641845703e+00 -4.491193294525146484e+00 2.922740697860717773e+00
5.695381164550781250e+00 -4.345314502716064453e+00 2.719754934310913086e+00
5.618263244628906250e+00 -4.172869205474853516e+00 2.518879413604736328e+00
5.559124946594238281e+00 -3.976506233215332031e+00 2.325551271438598633e+00
5.525815963745117188e+00 -3.757750749588012695e+00 2.146156549453735352e+00
5.519113063812255859e+00 -3.520806550979614258e+00 1.989761829376220703e+00
5.539603233337402344e+00 -3.271413803100585938e+00 1.863493323326110840e+00
5.585501194000244141e+00 -3.018064498901367188e+00 1.776314258575439453e+00
5.648659706115722656e+00 -2.770694971084594727e+00 1.727072238922119141e+00
5.721319675445556641e+00 -2.542018175125122070e+00 1.716744780540466309e+00
5.799828529357910156e+00 -2.340789318084716797e+00 1.744204998016357422e+00
5.878160476684570312e+00 -2.168732881546020508e+00 1.804966688156127930e+00
5.957399368286132812e+00 -2.027194738388061523e+00 1.898354887962341309e+00
6.033249855041503906e+00 -1.909397602081298828e+00 2.017090559005737305e+00
6.105443954467773438e+00 -1.811007380485534668e+00 2.155985832214355469e+00
6.176122188568115234e+00 -1.727398514747619629e+00 2.313729763031005859e+00
6.244862079620361328e+00 -1.655185580253601074e+00 2.487629652023315430e+00
6.314761638641357422e+00 -1.588287353515625000e+00 2.681488513946533203e+00
6.386836528778076172e+00 -1.532761693000793457e+00 2.903641939163208008e+00
6.462640762329101562e+00 -1.486637711524963379e+00 3.155346155166625977e+00
6.540465354919433594e+00 -1.455633163452148438e+00 3.441104412078857422e+00
6.610398292541503906e+00 -1.447115182876586914e+00 3.757655382156372070e+00
6.663643360137939453e+00 -1.467411756515502930e+00 4.092386722564697266e+00
6.683413982391357422e+00 -1.523948311805725098e+00 4.432784080505371094e+00
6.653850078582763672e+00 -1.616960644721984863e+00 4.761031627655029297e+00
6.566211223602294922e+00 -1.745043396949768066e+00 5.070649623870849609e+00
6.421774387359619141e+00 -1.903982639312744141e+00 5.353127479553222656e+00
6.229442596435546875e+00 -2.088611364364624023e+00 5.602927207946777344e+00
6.006763935089111328e+00 -2.287774562835693359e+00 5.813667297363281250e+00
5.769649505615234375e+00 -2.491401195526123047e+00 5.976549625396728516e+00
5.536618232727050781e+00 -2.691117525100708008e+00 6.088652133941650391e+00
5.325328826904296875e+00 -2.876158475875854492e+00 6.157136440277099609e+00
5.140523910522460938e+00 -3.039412260055541992e+00 6.187746047973632812e+00
4.978527545928955078e+00 -3.181674242019653320e+00 6.191097259521484375e+00
4.842699050903320312e+00 -3.300684213638305664e+00 6.173581600189208984e+00
4.729682922363281250e+00 -3.398834705352783203e+00 6.138669490814208984e+00
4.635467052459716797e+00 -3.476366281509399414e+00 6.091547489166259766e+00
4.557644844055175781e+00 -3.539889335632324219e+00 6.031742572784423828e+00
4.488066196441650391e+00 -3.586570501327514648e+00 5.959386825561523438e+00
4.429464817047119141e+00 -3.620002746582031250e+00 5.872685909271240234e+00
4.378077983856201172e+00 -3.639185428619384766e+00 5.770772933959960938e+00
4.328659057617187500e+00 -3.646563291549682617e+00 5.651131629943847656e+00
4.284892559051513672e+00 -3.639564990997314453e+00 5.506918907165527344e+00
4.238694190979003906e+00 -3.613528013229370117e+00 5.337382316589355469e+00
4.185365676879882812e+00 -3.568763971328735352e+00 5.137552261352539062e+00
4.121004104614257812e+00 -3.504943847656250000e+00 4.906868457794189453e+00
4.042220592498779297e+00 -3.416321992874145508e+00 4.643770217895507812e+00
3.952983617782592773e+00 -3.299436330795288086e+00 4.350579738616943359e+00
3.862400770187377930e+00 -3.154208898544311523e+00 4.041737079620361328e+00
3.775081634521484375e+00 -2.975102186203002930e+00 3.726890325546264648e+00
3.699453592300415039e+00 -2.764441013336181641e+00 3.411041259765625000e+00
3.643732070922851562e+00 -2.518704175949096680e+00 3.094416856765747070e+00
3.610433578491210938e+00 -2.239561319351196289e+00 2.764394521713256836e+00
3.594176769256591797e+00 -1.907780051231384277e+00 2.383478403091430664e+00
3.544478178024291992e+00 -1.451485037803649902e+00 1.865606307983398438e+00
3.558139085769653320e+00 -1.034690141677856445e+00 1.491428256034851074e+00
3.650476217269897461e+00 -7.325977087020874023e-01 1.239703416824340820e+00
3.759612083435058594e+00 -4.886342883110046387e-01 1.007719874382019043e+00
3.865437984466552734e+00 -2.822348773479461670e-01 7.743889093399047852e-01
3.956185579299926758e+00 -1.089408621191978455e-01 5.471934080123901367e-01
4.027650833129882812e+00 3.492587432265281677e-02 3.407170772552490234e-01
4.081181049346923828e+00 1.549596190452575684e-01 1.595115959644317627e-01
4.119935035705566406e+00 2.584692835807800293e-01 9.674709290266036987e-03
4.140018463134765625e+00 3.487018048763275146e-01 -1.153596416115760803e-01
4.147599697113037109e+00 4.318381249904632568e-01 -2.163241803646087646e-01
4.142918109893798828e+00 5.038881897926330566e-01 -3.045484721660614014e-01
4.127760887145996094e+00 5.656251311302185059e-01 -3.823704719543457031e-01
4.100052356719970703e+00 6.198089718818664551e-01 -4.552369713783264160e-01
4.059800148010253906e+00 6.654550433158874512e-01 -5.235363841056823730e-01
4.005321025848388672e+00 7.045099139213562012e-01 -5.914296507835388184e-01
3.934427738189697266e+00 7.378919124603271484e-01 -6.613972783088684082e-01
3.842422962188720703e+00 7.654884457588195801e-01 -7.343806028366088867e-01
3.723203182220458984e+00 7.833783626556396484e-01 -8.110271692276000977e-01
3.576632261276245117e+00 7.965041995048522949e-01 -8.927656412124633789e-01
3.403454065322875977e+00 8.029703497886657715e-01 -9.749292731285095215e-01
3.196932077407836914e+00 7.970184683799743652e-01 -1.060183525085449219e+00
2.967946767807006836e+00 7.769083380699157715e-01 -1.142595648765563965e+00
2.712418556213378906e+00 7.431313991546630859e-01 -1.222015380859375000e+00
2.442987918853759766e+00 6.971954107284545898e-01 -1.293137550354003906e+00
2.163214683532714844e+00 6.342177987098693848e-01 -1.354583263397216797e+00
1.878019928932189941e+00 5.569589734077453613e-01 -1.404357433319091797e+00
1.597584366798400879e+00 4.703218340873718262e-01 -1.440323591232299805e+00
1.311279296875000000e+00 3.731186687946319580e-01 -1.464549064636230469e+00
1.026396870613098145e+00 2.688332498073577881e-01 -1.475726127624511719e+00
7.521098852157592773e-01 1.615148931741714478e-01 -1.474428653717041016e+00
4.746246039867401123e-01 4.706488922238349915e-02 -1.459932446479797363e+00
1.998627036809921265e-01 -6.818167120218276978e-02 -1.432530283927917480e+00
-7.404636591672897339e-02 -1.823214292526245117e-01 -1.391497969627380371e+00
-3.378586769104003906e-01 -2.932536900043487549e-01 -1.339025259017944336e+00
-6.033346056938171387e-01 -4.025789499282836914e-01 -1.273912072181701660e+00
-8.685979247093200684e-01 -5.124600529670715332e-01 -1.196614146232604980e+00
-1.125363111495971680e+00 -6.181650161743164062e-01 -1.109783291816711426e+00
-1.372242927551269531e+00 -7.221989631652832031e-01 -1.012828946113586426e+00
-1.608417391777038574e+00 -8.256099224090576172e-01 -9.113196134567260742e-01
-1.824481725692749023e+00 -9.242296218872070312e-01 -8.099227547645568848e-01
-2.019557237625122070e+00 -1.019748687744140625e+00 -7.079091668128967285e-01
-2.195415735244750977e+00 -1.108519792556762695e+00 -6.153654456138610840e-01
-2.343902587890625000e+00 -1.194555878639221191e+00 -5.246663093566894531e-01
-2.469166517257690430e+00 -1.277363300323486328e+00 -4.450078010559082031e-01
-2.577604055404663086e+00 -1.354994654655456543e+00 -3.721163868904113770e-01
-2.656398773193359375e+00 -1.428532361984252930e+00 -3.072236776351928711e-01
-2.720943689346313477e+00 -1.499706149101257324e+00 -2.445021867752075195e-01
-2.765737533569335938e+00 -1.569822430610656738e+00 -1.851243376731872559e-01
-2.793646574020385742e+00 -1.635647654533386230e+00 -1.292179077863693237e-01
-2.803478002548217773e+00 -1.699796199798583984e+00 -7.159449905157089233e-02
-2.796350002288818359e+00 -1.762590050697326660e+00 -1.039076130837202072e-02
-2.768156290054321289e+00 -1.825730919837951660e+00 5.721323564648628235e-02
-2.718475580215454102e+00 -1.888628125190734863e+00 1.337512284517288208e-01
-2.642899990081787109e+00 -1.952249169349670410e+00 2.231044322252273560e-01
-2.539843559265136719e+00 -2.014030218124389648e+00 3.227109909057617188e-01
-2.403378248214721680e+00 -2.074459075927734375e+00 4.406978487968444824e-01
-2.236075162887573242e+00 -2.131842613220214844e+00 5.684108138084411621e-01
-2.037796974182128906e+00 -2.188710212707519531e+00 7.106168866157531738e-01
-1.805067658424377441e+00 -2.240759134292602539e+00 8.612048625946044922e-01
-1.540292024612426758e+00 -2.286387205123901367e+00 1.016724228858947754e+00
-1.250890374183654785e+00 -2.320158004760742188e+00 1.168560743331909180e+00
-9.474152326583862305e-01 -2.333726644515991211e+00 1.302267074584960938e+00
-6.337072849273681641e-01 -2.323063135147094727e+00 1.412175536155700684e+00
-3.171996474266052246e-01 -2.278850793838500977e+00 1.483372926712036133e+00
-4.101874772459268570e-03 -2.198943853378295898e+00 1.511438250541687012e+00
3.118816018104553223e-01 -2.087283372879028320e+00 1.498736023902893066e+00
6.208976507186889648e-01 -1.951187968254089355e+00 1.447697401046752930e+00
9.082060456275939941e-01 -1.793298363685607910e+00 1.364401936531066895e+00
1.168683171272277832e+00 -1.617489457130432129e+00 1.257632613182067871e+00
1.403028488159179688e+00 -1.434985756874084473e+00 1.135133147239685059e+00
1.611788630485534668e+00 -1.259822368621826172e+00 1.006717324256896973e+00
1.810874223709106445e+00 -1.092339396476745605e+00 8.695366382598876953e-01
2.029756546020507812e+00 -9.194165468215942383e-01 7.046052217483520508e-01
5.148258686065673828e+00 -1.922695897519588470e-02 -1.421087622642517090e+00
5.259357452392578125e+00 7.392580807209014893e-02 -1.503078460693359375e+00
5.375307083129882812e+00 1.497490257024765015e-01 -1.588082432746887207e+00
5.506041526794433594e+00 2.200075685977935791e-01 -1.679404139518737793e+00
5.652748107910156250e+00 2.880748510360717773e-01 -1.775259852409362793e+00
5.811738967895507812e+00 3.541119694709777832e-01 -1.871956586837768555e+00
5.975070953369140625e+00 4.185062348842620850e-01 -1.966270446777343750e+00
6.137084007263183594e+00 4.767668843269348145e-01 -2.053550481796264648e+00
6.291124820709228516e+00 5.329795479774475098e-01 -2.130962610244750977e+00
6.441559314727783203e+00 5.906875729560852051e-01 -2.201649665832519531e+00
6.588947296142578125e+00 6.494687199592590332e-01 -2.263710498809814453e+00
6.731071949005126953e+00 7.087006568908691406e-01 -2.319652557373046875e+00
6.870527744293212891e+00 7.721121907234191895e-01 -2.368408441543579102e+00
7.010777950286865234e+00 8.406959176063537598e-01 -2.410601854324340820e+00
7.152050495147705078e+00 9.104580879211425781e-01 -2.449786901473999023e+00
7.289880275726318359e+00 9.836414456367492676e-01 -2.482569932937622070e+00
7.433389663696289062e+00 1.062668561935424805e+00 -2.508561849594116211e+00
7.577195644378662109e+00 1.144017100334167480e+00 -2.532000780105590820e+00
7.719918727874755859e+00 1.226929545402526855e+00 -2.546368837356567383e+00
7.867659568786621094e+00 1.313952922821044922e+00 -2.556380748748779297e+00
8.010509490966796875e+00 1.399634718894958496e+00 -2.560330390930175781e+00
8.149791717529296875e+00 1.480643630027770996e+00 -2.558705568313598633e+00
8.296231269836425781e+00 1.566988110542297363e+00 -2.546479701995849609e+00
8.437474250793457031e+00 1.649387001991271973e+00 -2.530694484710693359e+00
8.578702926635742188e+00 1.730120182037353516e+00 -2.509588241577148438e+00
8.718708992004394531e+00 1.809007883071899414e+00 -2.482841014862060547e+00
8.851694107055664062e+00 1.883613228797912598e+00 -2.450958728790283203e+00
8.982165336608886719e+00 1.955329895019531250e+00 -2.413575410842895508e+00
9.111241340637207031e+00 2.024158716201782227e+00 -2.372805833816528320e+00
9.236221313476562500e+00 2.086616992950439453e+00 -2.326373100280761719e+00
9.358849525451660156e+00 2.145587921142578125e+00 -2.278263092041015625e+00
9.471910476684570312e+00 2.197531461715698242e+00 -2.225298643112182617e+00
9.584779739379882812e+00 2.246812582015991211e+00 -2.168515920639038086e+00
9.691802024841308594e+00 2.287574291229248047e+00 -2.109681606292724609e+00
9.797671318054199219e+00 2.328777313232421875e+00 -2.047003030776977539e+00
9.901755332946777344e+00 2.370587348937988281e+00 -1.984284043312072754e+00
1.000042438507080078e+01 2.402736663818359375e+00 -1.915171265602111816e+00
1.009445095062255859e+01 2.431985139846801758e+00 -1.844012618064880371e+00
1.018538761138916016e+01 2.453292131423950195e+00 -1.769099831581115723e+00
1.027402305603027344e+01 2.475302934646606445e+00 -1.694338202476501465e+00
1.035896110534667969e+01 2.490372419357299805e+00 -1.617174148559570312e+00
1.044129467010498047e+01 2.503191709518432617e+00 -1.539327383041381836e+00
1.051974487304687500e+01 2.513723134994506836e+00 -1.462608695030212402e+00
1.059445476531982422e+01 2.517374992370605469e+00 -1.384657025337219238e+00
1.066632175445556641e+01 2.517996788024902344e+00 -1.305209279060363770e+00
1.073345088958740234e+01 2.516443729400634766e+00 -1.228253483772277832e+00
1.079780292510986328e+01 2.513242244720458984e+00 -1.151924848556518555e+00
1.085972595214843750e+01 2.506297588348388672e+00 -1.074883818626403809e+00
1.091861629486083984e+01 2.494632959365844727e+00 -9.953971505165100098e-01
1.097524452209472656e+01 2.481076955795288086e+00 -9.160284399986267090e-01
1.103075504302978516e+01 2.463136672973632812e+00 -8.326801657676696777e-01
1.108181953430175781e+01 2.444677114486694336e+00 -7.527496218681335449e-01
1.113647270202636719e+01 2.421655416488647461e+00 -6.623148918151855469e-01
1.118949794769287109e+01 2.396657466888427734e+00 -5.689966678619384766e-01
1.124317932128906250e+01 2.370157241821289062e+00 -4.706298708915710449e-01
1.129909992218017578e+01 2.341162204742431641e+00 -3.669529557228088379e-01
1.135260772705078125e+01 2.305263042449951172e+00 -2.539599835872650146e-01
1.140841674804687500e+01 2.259497880935668945e+00 -1.249101236462593079e-01
6.079425334930419922e+00 -6.361810207366943359e+00 6.721998214721679688e+00
5.940600872039794922e+00 -6.391531467437744141e+00 6.629382610321044922e+00
5.805203437805175781e+00 -6.410618782043457031e+00 6.545919418334960938e+00
5.657631874084472656e+00 -6.421573162078857422e+00 6.462893009185791016e+00
5.492212772369384766e+00 -6.426892757415771484e+00 6.382520198822021484e+00
5.299854278564453125e+00 -6.424137592315673828e+00 6.304687023162841797e+00
5.090263843536376953e+00 -6.415229797363281250e+00 6.230398178100585938e+00
4.858037471771240234e+00 -6.398460388183593750e+00 6.158214092254638672e+00
4.618473529815673828e+00 -6.377503871917724609e+00 6.090402603149414062e+00
4.385044097900390625e+00 -6.352754116058349609e+00 6.021950721740722656e+00
4.167007446289062500e+00 -6.325163841247558594e+00 5.951495170593261719e+00
3.962293386459350586e+00 -6.293022155761718750e+00 5.882507801055908203e+00
3.775788068771362305e+00 -6.257187366485595703e+00 5.815711498260498047e+00
3.608951091766357422e+00 -6.216886043548583984e+00 5.751539230346679688e+00
3.462483882904052734e+00 -6.176328182220458984e+00 5.683116912841796875e+00
3.330241680145263672e+00 -6.132393360137939453e+00 5.611451625823974609e+00
3.209229469299316406e+00 -6.085944175720214844e+00 5.533639430999755859e+00
3.095993041992187500e+00 -6.036532878875732422e+00 5.446904659271240234e+00
2.992690801620483398e+00 -5.983611583709716797e+00 5.348522663116455078e+00
2.895928621292114258e+00 -5.925088405609130859e+00 5.236135482788085938e+00
2.801941633224487305e+00 -5.857809066772460938e+00 5.106899261474609375e+00
2.712687015533447266e+00 -5.778302669525146484e+00 4.954039573669433594e+00
2.625618457794189453e+00 -5.684421539306640625e+00 4.778327941894531250e+00
2.544031381607055664e+00 -5.570958614349365234e+00 4.577453136444091797e+00
2.465534210205078125e+00 -5.433360576629638672e+00 4.345320701599121094e+00
2.392814874649047852e+00 -5.268626689910888672e+00 4.086603164672851562e+00
2.332714557647705078e+00 -5.072751998901367188e+00 3.805984258651733398e+00
2.291415452957153320e+00 -4.846152305603027344e+00 3.512724399566650391e+00
2.268909215927124023e+00 -4.588354110717773438e+00 3.219228029251098633e+00
2.268631935119628906e+00 -4.296988487243652344e+00 2.931362152099609375e+00
2.293726205825805664e+00 -3.964087963104248047e+00 2.660327434539794922e+00
2.341657400131225586e+00 -3.563321590423583984e+00 2.415109395980834961e+00
2.422698020935058594e+00 -3.076633453369140625e+00 2.217971324920654297e+00
2.577907800674438477e+00 -2.591500997543334961e+00 2.090200662612915039e+00
2.822894811630249023e+00 -2.134421348571777344e+00 2.003813266754150391e+00
3.155366897583007812e+00 -1.672874569892883301e+00 1.965067267417907715e+00
3.641975164413452148e+00 -1.154066562652587891e+00 2.027376413345336914e+00
3.985949516296386719e+00 -7.409099340438842773e-01 2.085935354232788086e+00
4.211475849151611328e+00 -4.215193390846252441e-01 2.171693325042724609e+00
4.391709327697753906e+00 -1.599983274936676025e-01 2.318775892257690430e+00
4.547769069671630859e+00 6.317757815122604370e-02 2.528429031372070312e+00
4.687221527099609375e+00 2.605842649936676025e-01 2.793032884597778320e+00
4.806138992309570312e+00 4.280843138694763184e-01 3.089697122573852539e+00
4.900507450103759766e+00 5.728896856307983398e-01 3.401736736297607422e+00
4.972664833068847656e+00 6.947641968727111816e-01 3.717687368392944336e+00
5.025702953338623047e+00 7.982689738273620605e-01 4.040744304656982422e+00
5.062587738037109375e+00 8.794955611228942871e-01 4.365354537963867188e+00
5.085421085357666016e+00 9.374651312828063965e-01 4.694527149200439453e+00
5.095211982727050781e+00 9.670615196228027344e-01 5.023809909820556641e+00
5.090612411499023438e+00 9.654698967933654785e-01 5.358084678649902344e+00
5.072213172912597656e+00 9.262720346450805664e-01 5.695917606353759766e+00
5.036943435668945312e+00 8.441547751426696777e-01 6.031518936157226562e+00
4.984858512878417969e+00 7.140572071075439453e-01 6.361094474792480469e+00
4.915461540222167969e+00 5.315007567405700684e-01 6.675983905792236328e+00
4.828191757202148438e+00 2.996589243412017822e-01 6.965763568878173828e+00
4.726648330688476562e+00 2.268433012068271637e-02 7.223970413208007812e+00
4.608946323394775391e+00 -2.965824604034423828e-01 7.447653293609619141e+00
4.477543354034423828e+00 -6.462408304214477539e-01 7.633366584777832031e+00
4.334351539611816406e+00 -1.009746432304382324e+00 7.780865192413330078e+00
4.180989265441894531e+00 -1.378537774085998535e+00 7.893042087554931641e+00
4.011219501495361328e+00 -1.749383926391601562e+00 7.969876766204833984e+00
3.834270477294921875e+00 -2.103191852569580078e+00 8.014711380004882812e+00
3.651067256927490234e+00 -2.433493852615356445e+00 8.030596733093261719e+00
3.464385032653808594e+00 -2.743964195251464844e+00 8.018941879272460938e+00
3.277861118316650391e+00 -3.027903079986572266e+00 7.981109619140625000e+00
3.094815254211425781e+00 -3.282336473464965820e+00 7.921240329742431641e+00
2.915410995483398438e+00 -3.510706663131713867e+00 7.835631847381591797e+00
2.742429494857788086e+00 -3.711877584457397461e+00 7.731458663940429688e+00
2.577018022537231445e+00 -3.887194395065307617e+00 7.607829570770263672e+00
2.427146673202514648e+00 -4.030169486999511719e+00 7.466942787170410156e+00
2.283622741699218750e+00 -4.150568008422851562e+00 7.306984424591064453e+00
2.156006336212158203e+00 -4.244834423065185547e+00 7.127939224243164062e+00
2.038206815719604492e+00 -4.319872856140136719e+00 6.930048465728759766e+00
1.935045123100280762e+00 -4.370114803314208984e+00 6.710848808288574219e+00
1.848797798156738281e+00 -4.397349834442138672e+00 6.461923599243164062e+00
1.781480789184570312e+00 -4.398932933807373047e+00 6.188035011291503906e+00
1.734336376190185547e+00 -4.368612289428710938e+00 5.875580310821533203e+00
1.707594871520996094e+00 -4.304836273193359375e+00 5.532873630523681641e+00
1.701963186264038086e+00 -4.203675746917724609e+00 5.162311077117919922e+00
1.715401172637939453e+00 -4.061558723449707031e+00 4.769850254058837891e+00
1.756479620933532715e+00 -3.879647731781005859e+00 4.375586509704589844e+00
1.829079151153564453e+00 -3.649281024932861328e+00 3.991711378097534180e+00
1.937945365905761719e+00 -3.365360975265502930e+00 3.635302066802978516e+00
2.074166059494018555e+00 -3.045758962631225586e+00 3.322140693664550781e+00
2.225481271743774414e+00 -2.700302839279174805e+00 3.055744647979736328e+00
2.385187625885009766e+00 -2.322203159332275391e+00 2.851288795471191406e+00
2.558158874511718750e+00 -1.897529244422912598e+00 2.710454463958740234e+00
2.742568016052246094e+00 -1.440417885780334473e+00 2.634492397308349609e+00
2.922031402587890625e+00 -1.004429578781127930e+00 2.620329856872558594e+00
3.075105667114257812e+00 -6.298781037330627441e-01 2.672312021255493164e+00
3.198505401611328125e+00 -3.261981606483459473e-01 2.784670114517211914e+00
3.292646884918212891e+00 -8.780087530612945557e-02 2.942678689956665039e+00
3.362916946411132812e+00 9.124118089675903320e-02 3.123047828674316406e+00
3.416956901550292969e+00 2.231155633926391602e-01 3.310316324234008789e+00
3.455232858657836914e+00 3.220856487751007080e-01 3.497725963592529297e+00
3.482429027557373047e+00 3.931841552257537842e-01 3.685710668563842773e+00
3.499945163726806641e+00 4.468105733394622803e-01 3.877787828445434570e+00
3.507907867431640625e+00 4.803363978862762451e-01 4.078152656555175781e+00
3.508725881576538086e+00 4.915971159934997559e-01 4.295252799987792969e+00
3.504066944122314453e+00 4.782154560089111328e-01 4.531797409057617188e+00
3.497526168823242188e+00 4.295509457588195801e-01 4.792149066925048828e+00
3.493679761886596680e+00 3.361888527870178223e-01 5.070394992828369141e+00
3.496958017349243164e+00 1.922959387302398682e-01 5.352548122406005859e+00
3.508979082107543945e+00 -6.082298234105110168e-03 5.629398822784423828e+00
3.530688047409057617e+00 -2.535490393638610840e-01 5.885732650756835938e+00
3.559851884841918945e+00 -5.447556376457214355e-01 6.115214824676513672e+00
3.585956096649169922e+00 -8.719322085380554199e-01 6.310655117034912109e+00
3.597331523895263672e+00 -1.224117636680603027e+00 6.472756385803222656e+00
3.575604677200317383e+00 -1.586712002754211426e+00 6.600244998931884766e+00
3.509326457977294922e+00 -1.938760519027709961e+00 6.693146228790283203e+00
3.401725292205810547e+00 -2.271115303039550781e+00 6.756510734558105469e+00
3.259839773178100586e+00 -2.573614835739135742e+00 6.787753582000732422e+00
3.102468490600585938e+00 -2.846951246261596680e+00 6.792591094970703125e+00
2.940443038940429688e+00 -3.082871913909912109e+00 6.771563053131103516e+00
2.783863067626953125e+00 -3.282840013504028320e+00 6.729368686676025391e+00
2.639883279800415039e+00 -3.448887348175048828e+00 6.670009613037109375e+00
2.512411117553710938e+00 -3.582413673400878906e+00 6.593381881713867188e+00
2.399889945983886719e+00 -3.684357643127441406e+00 6.496248245239257812e+00
2.305388450622558594e+00 -3.761656284332275391e+00 6.384527206420898438e+00
2.225994348526000977e+00 -3.815025806427001953e+00 6.253646373748779297e+00
2.159955501556396484e+00 -3.853241205215454102e+00 6.106482982635498047e+00
2.116334676742553711e+00 -3.867443561553955078e+00 5.936535835266113281e+00
2.087037324905395508e+00 -3.865173339843750000e+00 5.747554779052734375e+00
2.069576263427734375e+00 -3.847903013229370117e+00 5.533597469329833984e+00
2.070143222808837891e+00 -3.819602012634277344e+00 5.294558525085449219e+00
2.090295553207397461e+00 -3.781424283981323242e+00 5.028431415557861328e+00
2.129853248596191406e+00 -3.728127717971801758e+00 4.732961654663085938e+00
2.196614027023315430e+00 -3.663758754730224609e+00 4.414293766021728516e+00
2.289643764495849609e+00 -3.590487718582153320e+00 4.073836326599121094e+00
2.410250663757324219e+00 -3.505536079406738281e+00 3.714297771453857422e+00
2.561746120452880859e+00 -3.413829803466796875e+00 3.325372457504272461e+00
2.750207662582397461e+00 -3.309260845184326172e+00 2.889396905899047852e+00
2.949657440185546875e+00 -3.188616275787353516e+00 2.412350416183471680e+00
3.111677169799804688e+00 -3.028055906295776367e+00 1.979868769645690918e+00
3.257091999053955078e+00 -2.841596841812133789e+00 1.622242212295532227e+00
3.404402732849121094e+00 -2.661900520324707031e+00 1.315951585769653320e+00
3.556950330734252930e+00 -2.502705812454223633e+00 1.036732316017150879e+00
3.705795049667358398e+00 -2.360870599746704102e+00 7.654262781143188477e-01
3.845263481140136719e+00 -2.239039421081542969e+00 5.034570097923278809e-01
3.967262983322143555e+00 -2.132370471954345703e+00 2.607363462448120117e-01
4.076107501983642578e+00 -2.045157909393310547e+00 4.371030628681182861e-02
4.166006565093994141e+00 -1.973314762115478516e+00 -1.406750679016113281e-01
4.241229534149169922e+00 -1.908655405044555664e+00 -3.048758208751678467e-01
4.294389247894287109e+00 -1.855299949645996094e+00 -4.467554390430450439e-01
4.326612472534179688e+00 -1.810499548912048340e+00 -5.721321105957031250e-01
4.343088626861572266e+00 -1.778913259506225586e+00 -6.740328669548034668e-01
4.341706275939941406e+00 -1.752971053123474121e+00 -7.595301866531372070e-01
4.327758312225341797e+00 -1.732394099235534668e+00 -8.278049826622009277e-01
4.301124572753906250e+00 -1.718371748924255371e+00 -8.849940896034240723e-01
4.261311054229736328e+00 -1.708992838859558105e+00 -9.308695793151855469e-01
4.203858852386474609e+00 -1.703534722328186035e+00 -9.692058563232421875e-01
4.124515056610107422e+00 -1.705913305282592773e+00 -1.002492070198059082e+00
4.018543720245361328e+00 -1.716104388236999512e+00 -1.031990170478820801e+00
3.884968042373657227e+00 -1.734855771064758301e+00 -1.055185198783874512e+00
3.721631526947021484e+00 -1.768761396408081055e+00 -1.073435902595520020e+00
3.532661199569702148e+00 -1.814954161643981934e+00 -1.082346916198730469e+00
3.318048954010009766e+00 -1.870346546173095703e+00 -1.091852784156799316e+00
3.078081607818603516e+00 -1.933966159820556641e+00 -1.103393077850341797e+00
2.811918497085571289e+00 -2.001605033874511719e+00 -1.118726015090942383e+00
2.528416633605957031e+00 -2.070800065994262695e+00 -1.138585567474365234e+00
2.233067750930786133e+00 -2.137917757034301758e+00 -1.163044571876525879e+00
1.931122899055480957e+00 -2.202206373214721680e+00 -1.189980626106262207e+00
1.625621795654296875e+00 -2.261616230010986328e+00 -1.218366384506225586e+00
1.320544600486755371e+00 -2.314960956573486328e+00 -1.247500658035278320e+00
1.018470168113708496e+00 -2.365199327468872070e+00 -1.277149438858032227e+00
7.204623818397521973e-01 -2.412527561187744141e+00 -1.304299235343933105e+00
4.212411940097808838e-01 -2.458767414093017578e+00 -1.327753305435180664e+00
1.218391358852386475e-01 -2.504455089569091797e+00 -1.345933556556701660e+00
-1.776469945907592773e-01 -2.550521373748779297e+00 -1.359479784965515137e+00
-4.820141494274139404e-01 -2.597226142883300781e+00 -1.363868594169616699e+00
-7.880474328994750977e-01 -2.644239664077758789e+00 -1.361008644104003906e+00
-1.092037796974182129e+00 -2.692217111587524414e+00 -1.353370547294616699e+00
-1.394025683403015137e+00 -2.740370750427246094e+00 -1.339756965637207031e+00
-1.687262296676635742e+00 -2.788035154342651367e+00 -1.321934342384338379e+00
-1.969328284263610840e+00 -2.834037542343139648e+00 -1.300176620483398438e+00
-2.228874683380126953e+00 -2.880013465881347656e+00 -1.276900649070739746e+00
-2.472967386245727539e+00 -2.927005290985107422e+00 -1.254637718200683594e+00
-2.693814992904663086e+00 -2.974943876266479492e+00 -1.235501766204833984e+00
-2.903420448303222656e+00 -3.027812719345092773e+00 -1.222007870674133301e+00
-3.090167760848999023e+00 -3.083965539932250977e+00 -1.215254306793212891e+00
-3.263923883438110352e+00 -3.147005558013916016e+00 -1.213030934333801270e+00
-3.421740055084228516e+00 -3.210334062576293945e+00 -1.217603683471679688e+00
-3.565360307693481445e+00 -3.277511596679687500e+00 -1.227180600166320801e+00
-3.707503318786621094e+00 -3.351245164871215820e+00 -1.240866065025329590e+00
-3.833714723587036133e+00 -3.420302629470825195e+00 -1.255686998367309570e+00
-3.943608522415161133e+00 -3.481562614440917969e+00 -1.270070433616638184e+00
-4.057492256164550781e+00 -3.547781467437744141e+00 -1.285364985466003418e+00
-4.161092758178710938e+00 -3.614165306091308594e+00 -1.302266597747802734e+00
-4.263232707977294922e+00 -3.677762269973754883e+00 -1.317445278167724609e+00
-4.361659049987792969e+00 -3.744560956954956055e+00 -1.332370162010192871e+00
-4.463465213775634766e+00 -3.812013864517211914e+00 -1.351773619651794434e+00
-4.560847759246826172e+00 -3.882214307785034180e+00 -1.368103742599487305e+00
-4.666083335876464844e+00 -3.936764478683471680e+00 -1.378461480140686035e+00
-4.763314723968505859e+00 -4.005730628967285156e+00 -1.399870514869689941e+00
-4.876170158386230469e+00 -4.064640045166015625e+00 -1.413906931877136230e+00
-4.987953662872314453e+00 -4.134943962097167969e+00 -1.415247678756713867e+00
-5.101844787597656250e+00 -4.201841354370117188e+00 -1.428755760192871094e+00
-5.224659919738769531e+00 -4.257638931274414062e+00 -1.441715478897094727e+00
-5.354707717895507812e+00 -4.315457820892333984e+00 -1.452214479446411133e+00
-5.458356380462646484e+00 -4.406517505645751953e+00 -1.464985489845275879e+00
-5.552339076995849609e+00 -4.512631893157958984e+00 -1.471437811851501465e+00
-5.656322956085205078e+00 -4.595030307769775391e+00 -1.534304738044738770e+00
-5.741665363311767578e+00 -4.700293540954589844e+00 -1.585222840309143066e+00
-5.942776679992675781e+00 -4.621947765350341797e+00 -1.385569214820861816e+00
-6.076875209808349609e+00 -4.612075328826904297e+00 -1.374761819839477539e+00
-6.038060665130615234e+00 -4.827778339385986328e+00 -1.798830509185791016e+00
-6.134030818939208984e+00 -4.841315746307373047e+00 -1.861142158508300781e+00
-6.413000583648681641e+00 -4.595097541809082031e+00 -1.415266275405883789e+00
-6.311403274536132812e+00 -4.872482299804687500e+00 -1.960504651069641113e+00
-6.620393753051757812e+00 -4.573503494262695312e+00 -1.482795119285583496e+00
-6.725955486297607422e+00 -4.572474002838134766e+00 -1.562817335128784180e+00
-6.814007282257080078e+00 -4.590114116668701172e+00 -1.613823056221008301e+00
-6.772395610809326172e+00 -4.792314052581787109e+00 -1.981870889663696289e+00
-6.721501827239990234e+00 -4.985755920410156250e+00 -2.079612731933593750e+00
-6.802195072174072266e+00 -5.015153408050537109e+00 -2.077652454376220703e+00
-6.873331069946289062e+00 -5.057306766510009766e+00 -2.068882942199707031e+00
-7.148902416229248047e+00 -4.883898258209228516e+00 -1.759869098663330078e+00
-7.160131931304931641e+00 -4.884391307830810547e+00 -1.482794642448425293e+00
-7.186633586883544922e+00 -4.951258659362792969e+00 -1.449388027191162109e+00
-7.190623760223388672e+00 -5.223186969757080078e+00 -1.882239341735839844e+00
-7.183347702026367188e+00 -5.082730293273925781e+00 -1.340283513069152832e+00
-7.047719001770019531e+00 -5.462773323059082031e+00 -1.931402444839477539e+00
-7.244664192199707031e+00 -5.398588657379150391e+00 -1.673279881477355957e+00
-7.104482650756835938e+00 -5.280764579772949219e+00 -1.197256445884704590e+00
-7.086159706115722656e+00 -5.354191303253173828e+00 -1.170063257217407227e+00
-7.018147468566894531e+00 -5.718388557434082031e+00 -1.728110790252685547e+00
-7.184791564941406250e+00 -5.692312717437744141e+00 -1.511559605598449707e+00
-6.805751323699951172e+00 -5.875206947326660156e+00 -1.646857738494873047e+00
-6.755200862884521484e+00 -5.936702728271484375e+00 -1.584069967269897461e+00
-6.683698177337646484e+00 -5.984827518463134766e+00 -1.488124966621398926e+00
-6.627403259277343750e+00 -6.023639202117919922e+00 -1.361583352088928223e+00
-6.752671241760253906e+00 -5.845579624176025391e+00 -9.395594000816345215e-01
-6.702898502349853516e+00 -5.940456867218017578e+00 -9.148516654968261719e-01
-6.668250083923339844e+00 -6.269523620605468750e+00 -1.251090168952941895e+00
-6.664513587951660156e+00 -6.150801181793212891e+00 -8.954854011535644531e-01
-6.665228843688964844e+00 -6.265010833740234375e+00 -8.887651562690734863e-01
-6.707167148590087891e+00 -6.304070472717285156e+00 -8.028932809829711914e-01
-6.768553256988525391e+00 -6.559000015258789062e+00 -1.013556122779846191e+00
-6.943982601165771484e+00 -6.641737461090087891e+00 -1.079604029655456543e+00
-7.003960132598876953e+00 -6.692271232604980469e+00 -1.027132272720336914e+00
-6.862331867218017578e+00 -6.637380123138427734e+00 -6.753112673759460449e-01
-6.925107479095458984e+00 -6.681817054748535156e+00 -6.261990070343017578e-01
-7.233512878417968750e+00 -6.793069839477539062e+00 -8.724829554557800293e-01
-7.283416271209716797e+00 -6.825317859649658203e+00 -8.034168481826782227e-01
-7.175737857818603516e+00 -6.882498741149902344e+00 -5.993736386299133301e-01
-7.251520156860351562e+00 -6.938839435577392578e+00 -5.696602463722229004e-01
-7.412425041198730469e+00 -6.939121723175048828e+00 -5.786396861076354980e-01
-7.512420177459716797e+00 -6.938069343566894531e+00 -5.332956910133361816e-01
-7.571982860565185547e+00 -6.941545963287353516e+00 -4.487219154834747314e-01
-7.609011173248291016e+00 -6.939531803131103516e+00 -3.414500653743743896e-01
-7.687171459197998047e+00 -6.935316085815429688e+00 -2.682676911354064941e-01
-7.755652427673339844e+00 -6.939370155334472656e+00 -1.865691691637039185e-01
-7.823924541473388672e+00 -6.947046756744384766e+00 -1.042843386530876160e-01
-7.885906696319580078e+00 -6.957027912139892578e+00 -9.643497876822948456e-03
-7.953771114349365234e+00 -6.969979763031005859e+00 8.478095382452011108e-02
-8.018516540527343750e+00 -6.988307952880859375e+00 1.835893690586090088e-01
-8.095720291137695312e+00 -7.006623744964599609e+00 2.788361310958862305e-01
-8.161448478698730469e+00 -7.027494430541992188e+00 3.845795989036560059e-01
-8.228041648864746094e+00 -7.049344539642333984e+00 4.885982573032379150e-01
-8.290803909301757812e+00 -7.067521572113037109e+00 5.918509960174560547e-01
-8.355022430419921875e+00 -7.087419986724853516e+00 6.968923211097717285e-01
-8.417220115661621094e+00 -7.109968662261962891e+00 7.979966402053833008e-01
-8.480189323425292969e+00 -7.132319450378417969e+00 8.966729640960693359e-01
-8.537270545959472656e+00 -7.153737545013427734e+00 9.949816465377807617e-01
-8.597723960876464844e+00 -7.165767192840576172e+00 1.086030483245849609e+00
-8.648669242858886719e+00 -7.187129974365234375e+00 1.177134156227111816e+00
-8.695055007934570312e+00 -7.204360485076904297e+00 1.267499446868896484e+00
-8.738900184631347656e+00 -7.219058036804199219e+00 1.356546998023986816e+00
-8.771910667419433594e+00 -7.232082843780517578e+00 1.446471095085144043e+00
-8.799703598022460938e+00 -7.242824554443359375e+00 1.539262533187866211e+00
-8.818585395812988281e+00 -7.252456188201904297e+00 1.630542159080505371e+00
-8.828780174255371094e+00 -7.261187076568603516e+00 1.723979949951171875e+00
-8.831925392150878906e+00 -7.260169982910156250e+00 1.821855306625366211e+00
-8.824810981750488281e+00 -7.267207622528076172e+00 1.921071648597717285e+00
-8.819891929626464844e+00 -7.266981124877929688e+00 2.018296718597412109e+00
-8.805927276611328125e+00 -7.270119190216064453e+00 2.123969078063964844e+00
-8.790986061096191406e+00 -7.274228572845458984e+00 2.233931779861450195e+00
-8.773334503173828125e+00 -7.277714729309082031e+00 2.350060701370239258e+00
-8.753473281860351562e+00 -7.281590461730957031e+00 2.472000360488891602e+00
-8.733340263366699219e+00 -7.288636207580566406e+00 2.599209308624267578e+00
-8.709120750427246094e+00 -7.288614273071289062e+00 2.726202249526977539e+00
-8.685391426086425781e+00 -7.293830394744873047e+00 2.860065698623657227e+00
-8.657649993896484375e+00 -7.298744201660156250e+00 2.996968984603881836e+00
-8.627507209777832031e+00 -7.304842472076416016e+00 3.135013341903686523e+00
-8.594820976257324219e+00 -7.309342384338378906e+00 3.271200180053710938e+00
-8.561968803405761719e+00 -7.316408157348632812e+00 3.405180931091308594e+00
-8.528174400329589844e+00 -7.319578170776367188e+00 3.536216497421264648e+00
-8.491706848144531250e+00 -7.322362899780273438e+00 3.660876750946044922e+00
-8.454653739929199219e+00 -7.313196659088134766e+00 3.778159856796264648e+00
-8.418931961059570312e+00 -7.308675289154052734e+00 3.892993211746215820e+00
-8.380250930786132812e+00 -7.302436828613281250e+00 4.004390239715576172e+00
-8.339063644409179688e+00 -7.296029090881347656e+00 4.113437175750732422e+00
-8.294852256774902344e+00 -7.282223224639892578e+00 4.216895103454589844e+00
-8.247456550598144531e+00 -7.262261867523193359e+00 4.315164566040039062e+00
-8.198050498962402344e+00 -7.235160350799560547e+00 4.409025669097900391e+00
-8.150397300720214844e+00 -7.196439266204833984e+00 4.495841026306152344e+00
-8.104125976562500000e+00 -7.153641223907470703e+00 4.584591865539550781e+00
-8.044822692871093750e+00 -7.103765010833740234e+00 4.662597179412841797e+00
-7.987291336059570312e+00 -7.045613288879394531e+00 4.737480163574218750e+00
-7.931497573852539062e+00 -6.980559349060058594e+00 4.808477401733398438e+00
-7.874330043792724609e+00 -6.897221088409423828e+00 4.864147186279296875e+00
-7.814278125762939453e+00 -6.817178249359130859e+00 4.921494007110595703e+00
-7.755705833435058594e+00 -6.732876777648925781e+00 4.973871707916259766e+00
-7.702832698822021484e+00 -6.641525268554687500e+00 5.018350124359130859e+00
-7.644747257232666016e+00 -6.542465686798095703e+00 5.054039001464843750e+00
-7.600648403167724609e+00 -6.440133094787597656e+00 5.086664199829101562e+00
-7.550090789794921875e+00 -6.337093353271484375e+00 5.116680145263671875e+00
-7.508849143981933594e+00 -6.230588436126708984e+00 5.129855632781982422e+00
-7.475375652313232422e+00 -6.125884056091308594e+00 5.137230396270751953e+00
-7.438796043395996094e+00 -6.019102573394775391e+00 5.137946605682373047e+00
-7.416427612304687500e+00 -5.908195018768310547e+00 5.121084690093994141e+00
-7.406378269195556641e+00 -5.800011157989501953e+00 5.100268363952636719e+00
-7.392793178558349609e+00 -5.693591117858886719e+00 5.066913604736328125e+00
-7.393589496612548828e+00 -5.587571620941162109e+00 5.027362346649169922e+00
-7.400919437408447266e+00 -5.483912467956542969e+00 4.980982780456542969e+00
-7.420835971832275391e+00 -5.382495403289794922e+00 4.933843135833740234e+00
-7.447145938873291016e+00 -5.280823707580566406e+00 4.874902725219726562e+00
-7.474178791046142578e+00 -5.173480510711669922e+00 4.811309814453125000e+00
-7.524129867553710938e+00 -5.071125030517578125e+00 4.736412525177001953e+00
-7.579948425292968750e+00 -4.970196723937988281e+00 4.663153648376464844e+00
-7.643330574035644531e+00 -4.868122100830078125e+00 4.585957527160644531e+00
-7.714092731475830078e+00 -4.764819145202636719e+00 4.506950855255126953e+00
-7.790490627288818359e+00 -4.662366390228271484e+00 4.427546977996826172e+00
-7.867455482482910156e+00 -4.561145305633544922e+00 4.349396705627441406e+00
-7.947207450866699219e+00 -4.459527969360351562e+00 4.276686668395996094e+00
-8.028978347778320312e+00 -4.364055156707763672e+00 4.203451156616210938e+00
-8.120624542236328125e+00 -4.279705047607421875e+00 4.146701335906982422e+00
-8.202250480651855469e+00 -4.199702739715576172e+00 4.083460807800292969e+00
-8.284916877746582031e+00 -4.122594356536865234e+00 4.030876159667968750e+00
-8.365904808044433594e+00 -4.057703018188476562e+00 3.988446950912475586e+00
-8.444960594177246094e+00 -3.980655193328857422e+00 3.952991485595703125e+00
-8.532197952270507812e+00 -3.930717468261718750e+00 3.920291423797607422e+00
-8.612884521484375000e+00 -3.878711938858032227e+00 3.911924123764038086e+00
-8.692216873168945312e+00 -3.835852861404418945e+00 3.916080474853515625e+00
-8.788434028625488281e+00 -3.836978912353515625e+00 3.910057306289672852e+00
-8.866717338562011719e+00 -3.820540189743041992e+00 3.936530828475952148e+00
-8.936296463012695312e+00 -3.807224750518798828e+00 3.984293699264526367e+00
-9.005153656005859375e+00 -3.810840368270874023e+00 4.036810874938964844e+00
-9.066128730773925781e+00 -3.817650794982910156e+00 4.103360652923583984e+00
-9.107151985168457031e+00 -3.804018497467041016e+00 4.205002784729003906e+00
-9.160225868225097656e+00 -3.828594923019409180e+00 4.297284126281738281e+00
-9.217542648315429688e+00 -3.890639781951904297e+00 4.381947040557861328e+00
-9.261812210083007812e+00 -3.934988260269165039e+00 4.486968040466308594e+00
-9.305530548095703125e+00 -3.993853569030761719e+00 4.595725536346435547e+00
-9.347399711608886719e+00 -4.054685592651367188e+00 4.712821483612060547e+00
-9.403094291687011719e+00 -4.121159553527832031e+00 4.832978248596191406e+00
-9.441497802734375000e+00 -4.188340187072753906e+00 4.968088626861572266e+00
-9.484237670898437500e+00 -4.269930839538574219e+00 5.097162723541259766e+00
-9.524641036987304688e+00 -4.353810787200927734e+00 5.224163055419921875e+00
-9.560492515563964844e+00 -4.439172267913818359e+00 5.348737239837646484e+00
-9.597614288330078125e+00 -4.519160270690917969e+00 5.464751720428466797e+00
-9.619463920593261719e+00 -4.603775501251220703e+00 5.573721885681152344e+00
-9.637370109558105469e+00 -4.687071800231933594e+00 5.674087524414062500e+00
-9.655511856079101562e+00 -4.754864215850830078e+00 5.778493404388427734e+00
-9.678321838378906250e+00 -4.822562217712402344e+00 5.871804237365722656e+00
-9.689468383789062500e+00 -4.879034996032714844e+00 5.963929653167724609e+00
-9.691006660461425781e+00 -4.928476810455322266e+00 6.058187484741210938e+00
-9.718397140502929688e+00 -4.949112415313720703e+00 6.146009922027587891e+00
-9.732343673706054688e+00 -4.959505081176757812e+00 6.239122390747070312e+00
-9.689462661743164062e+00 -4.973969936370849609e+00 6.331226348876953125e+00
-9.599594116210937500e+00 -4.967438220977783203e+00 6.420324802398681641e+00
-9.603196144104003906e+00 -4.926646232604980469e+00 6.495757579803466797e+00
-9.629963874816894531e+00 -4.873589515686035156e+00 6.565144062042236328e+00
-9.874636650085449219e+00 -4.710000991821289062e+00 6.576145648956298828e+00
-9.587348937988281250e+00 -4.747734546661376953e+00 6.692986488342285156e+00
-9.594286918640136719e+00 -4.658908843994140625e+00 6.746202468872070312e+00
-9.676762580871582031e+00 -4.544464588165283203e+00 6.786852359771728516e+00
-9.740251541137695312e+00 -4.390097141265869141e+00 6.798674583435058594e+00
-9.722011566162109375e+00 -4.270338058471679688e+00 6.827751159667968750e+00
-9.685383796691894531e+00 -4.162143707275390625e+00 6.866775035858154297e+00
-9.641706466674804688e+00 -4.053588867187500000e+00 6.906780719757080078e+00
-9.596581459045410156e+00 -3.938539028167724609e+00 6.939453125000000000e+00
-9.566917419433593750e+00 -3.809489488601684570e+00 6.960640907287597656e+00
-9.524530410766601562e+00 -3.680031299591064453e+00 6.982872486114501953e+00
-9.478947639465332031e+00 -3.573451280593872070e+00 7.035435676574707031e+00
-9.419093132019042969e+00 -3.473317384719848633e+00 7.072453975677490234e+00
-9.369965553283691406e+00 -3.386680603027343750e+00 7.139970779418945312e+00
-9.305949211120605469e+00 -3.303586244583129883e+00 7.186736583709716797e+00
-9.227684020996093750e+00 -3.212093830108642578e+00 7.197897434234619141e+00
-9.155053138732910156e+00 -3.142569303512573242e+00 7.245505809783935547e+00
-9.079996109008789062e+00 -3.099240779876708984e+00 7.319771289825439453e+00
-9.004693031311035156e+00 -3.057730197906494141e+00 7.379072666168212891e+00
-8.936206817626953125e+00 -3.059640407562255859e+00 7.480807304382324219e+00
-8.832374572753906250e+00 -3.024454116821289062e+00 7.486289024353027344e+00
-8.746687889099121094e+00 -3.036945343017578125e+00 7.557152271270751953e+00
-8.653016090393066406e+00 -3.051279544830322266e+00 7.604598999023437500e+00
-8.566627502441406250e+00 -3.101936340332031250e+00 7.666296482086181641e+00
-8.469084739685058594e+00 -3.136206388473510742e+00 7.689922809600830078e+00
-8.352537155151367188e+00 -3.131306409835815430e+00 7.676587581634521484e+00
-8.246989250183105469e+00 -3.182130575180053711e+00 7.692096233367919922e+00
-8.143411636352539062e+00 -3.237672567367553711e+00 7.698461055755615234e+00
-8.036920547485351562e+00 -3.301652669906616211e+00 7.695984363555908203e+00
-7.930132389068603516e+00 -3.354724645614624023e+00 7.677701473236083984e+00
-7.821266174316406250e+00 -3.401945114135742188e+00 7.650810241699218750e+00
-7.717700004577636719e+00 -3.447210311889648438e+00 7.612318038940429688e+00
-7.614845275878906250e+00 -3.500274419784545898e+00 7.566724300384521484e+00
-7.509148120880126953e+00 -3.541000843048095703e+00 7.514075756072998047e+00
-7.409937858581542969e+00 -3.585679054260253906e+00 7.452338218688964844e+00
-7.315587520599365234e+00 -3.618923425674438477e+00 7.379263401031494141e+00
-7.224653244018554688e+00 -3.647977352142333984e+00 7.303766727447509766e+00
-7.130262374877929688e+00 -3.666458845138549805e+00 7.233735084533691406e+00
-7.048516750335693359e+00 -3.681099414825439453e+00 7.143993377685546875e+00
-6.963686943054199219e+00 -3.685383081436157227e+00 7.054586410522460938e+00
-6.888186454772949219e+00 -3.674226284027099609e+00 6.960119247436523438e+00
-6.811184406280517578e+00 -3.661138772964477539e+00 6.859175205230712891e+00
-6.740282535552978516e+00 -3.644568204879760742e+00 6.755528450012207031e+00
-6.672715187072753906e+00 -3.611309528350830078e+00 6.648894786834716797e+00
-6.604724884033203125e+00 -3.578671455383300781e+00 6.545012474060058594e+00
-6.539473533630371094e+00 -3.527623653411865234e+00 6.433238506317138672e+00
-6.475938796997070312e+00 -3.471164226531982422e+00 6.325481414794921875e+00
-6.413686275482177734e+00 -3.410906076431274414e+00 6.210054397583007812e+00
-6.354642391204833984e+00 -3.344139099121093750e+00 6.093561649322509766e+00
-6.295042991638183594e+00 -3.263534069061279297e+00 5.979973316192626953e+00
-6.237068653106689453e+00 -3.182766675949096680e+00 5.873641014099121094e+00
-6.182049274444580078e+00 -3.096025943756103516e+00 5.766098499298095703e+00
-6.129597663879394531e+00 -3.009496688842773438e+00 5.664731025695800781e+00
-6.081057548522949219e+00 -2.920906543731689453e+00 5.563801765441894531e+00
-6.033394336700439453e+00 -2.831350803375244141e+00 5.468114852905273438e+00
-5.988162517547607422e+00 -2.741667985916137695e+00 5.374431610107421875e+00
-5.944515228271484375e+00 -2.654363870620727539e+00 5.286105155944824219e+00
-5.900456428527832031e+00 -2.565822362899780273e+00 5.199132442474365234e+00
-5.855401515960693359e+00 -2.476302623748779297e+00 5.113282680511474609e+00
-5.806495189666748047e+00 -2.382949352264404297e+00 5.022905826568603516e+00
-5.754557609558105469e+00 -2.287961483001708984e+00 4.934572219848632812e+00
-5.696220397949218750e+00 -2.190374612808227539e+00 4.842612266540527344e+00
-5.631895065307617188e+00 -2.084353446960449219e+00 4.743597507476806641e+00
-5.557208061218261719e+00 -1.969955086708068848e+00 4.640865325927734375e+00
-5.477184772491455078e+00 -1.853868484497070312e+00 4.534400463104248047e+00
-5.391397953033447266e+00 -1.730799317359924316e+00 4.422164440155029297e+00
-5.302904605865478516e+00 -1.609896421432495117e+00 4.313904762268066406e+00
-5.215332508087158203e+00 -1.493249177932739258e+00 4.210820674896240234e+00
-5.128383159637451172e+00 -1.383099198341369629e+00 4.114274978637695312e+00
-5.037443161010742188e+00 -1.271311402320861816e+00 4.018947601318359375e+00
-4.928479671478271484e+00 -1.154398083686828613e+00 3.918795824050903320e+00
1.972414970397949219e+00 5.358029842376708984e+00 -4.417252540588378906e+00
2.109893798828125000e+00 5.480647563934326172e+00 -4.419131755828857422e+00
2.230770587921142578e+00 5.596869468688964844e+00 -4.419772148132324219e+00
2.357486724853515625e+00 5.733629226684570312e+00 -4.422636032104492188e+00
2.494236230850219727e+00 5.897089958190917969e+00 -4.430371761322021484e+00
2.638931035995483398e+00 6.091741561889648438e+00 -4.446251869201660156e+00
2.788593769073486328e+00 6.315512657165527344e+00 -4.471914768218994141e+00
2.937954902648925781e+00 6.555314064025878906e+00 -4.505734443664550781e+00
3.086422681808471680e+00 6.798538208007812500e+00 -4.544197559356689453e+00
3.238795995712280273e+00 7.046815872192382812e+00 -4.584978103637695312e+00
3.396457910537719727e+00 7.293120861053466797e+00 -4.622180461883544922e+00
3.561532258987426758e+00 7.528247356414794922e+00 -4.647941112518310547e+00
3.731814622879028320e+00 7.754025936126708984e+00 -4.664900302886962891e+00
3.886899948120117188e+00 7.954098701477050781e+00 -4.665191650390625000e+00
4.042919158935546875e+00 8.140700340270996094e+00 -4.657737255096435547e+00
4.189796447753906250e+00 8.308455467224121094e+00 -4.640044689178466797e+00
4.320840358734130859e+00 8.458956718444824219e+00 -4.616741180419921875e+00
4.439414024353027344e+00 8.582675933837890625e+00 -4.590906620025634766e+00
4.539218902587890625e+00 8.687843322753906250e+00 -4.558111190795898438e+00
4.631826400756835938e+00 8.782343864440917969e+00 -4.526510715484619141e+00
4.719755649566650391e+00 8.868438720703125000e+00 -4.495125293731689453e+00
4.797604084014892578e+00 8.940251350402832031e+00 -4.458182811737060547e+00
4.870072841644287109e+00 9.004331588745117188e+00 -4.419814586639404297e+00
4.936497211456298828e+00 9.060506820678710938e+00 -4.378443717956542969e+00
5.003067493438720703e+00 9.114527702331542969e+00 -4.331281661987304688e+00
5.069674968719482422e+00 9.154922485351562500e+00 -4.276041507720947266e+00
5.132956027984619141e+00 9.188198089599609375e+00 -4.214836597442626953e+00
5.198561668395996094e+00 9.212821006774902344e+00 -4.147430896759033203e+00
5.266713619232177734e+00 9.232662200927734375e+00 -4.073479175567626953e+00
5.334051132202148438e+00 9.244448661804199219e+00 -3.992003679275512695e+00
5.401498317718505859e+00 9.247732162475585938e+00 -3.905719995498657227e+00
5.470794200897216797e+00 9.245465278625488281e+00 -3.812968969345092773e+00
5.540048122406005859e+00 9.236797332763671875e+00 -3.715729713439941406e+00
5.610267639160156250e+00 9.221211433410644531e+00 -3.617423772811889648e+00
5.683958530426025391e+00 9.199704170227050781e+00 -3.509524822235107422e+00
5.754825115203857422e+00 9.171752929687500000e+00 -3.398288965225219727e+00
5.822899341583251953e+00 9.135063171386718750e+00 -3.285235404968261719e+00
5.889986991882324219e+00 9.093509674072265625e+00 -3.168734312057495117e+00
5.955916881561279297e+00 9.045315742492675781e+00 -3.052580356597900391e+00
6.020110607147216797e+00 8.990117073059082031e+00 -2.935942173004150391e+00
6.080395221710205078e+00 8.929424285888671875e+00 -2.820646762847900391e+00
6.137573242187500000e+00 8.859803199768066406e+00 -2.706465244293212891e+00
6.191822528839111328e+00 8.786631584167480469e+00 -2.596382856369018555e+00
6.241786479949951172e+00 8.710391998291015625e+00 -2.489864349365234375e+00
6.291196346282958984e+00 8.622086524963378906e+00 -2.380574226379394531e+00
6.337698459625244141e+00 8.528089523315429688e+00 -2.274530649185180664e+00
6.382478713989257812e+00 8.427347183227539062e+00 -2.172199964523315430e+00
6.424991607666015625e+00 8.316111564636230469e+00 -2.073938846588134766e+00
6.467317581176757812e+00 8.194099426269531250e+00 -1.981494665145874023e+00
6.506684780120849609e+00 8.064645767211914062e+00 -1.895809173583984375e+00
6.544245243072509766e+00 7.923293590545654297e+00 -1.819206833839416504e+00
6.581362724304199219e+00 7.764067173004150391e+00 -1.756736516952514648e+00
6.616272926330566406e+00 7.594780445098876953e+00 -1.708284497261047363e+00
6.651617527008056641e+00 7.411997795104980469e+00 -1.675115585327148438e+00
6.673152446746826172e+00 7.215931415557861328e+00 -1.666614413261413574e+00
6.682005882263183594e+00 7.009206295013427734e+00 -1.681682109832763672e+00
6.670342445373535156e+00 6.789806365966796875e+00 -1.725279927253723145e+00
6.642710685729980469e+00 6.571895599365234375e+00 -1.792807459831237793e+00
6.595855712890625000e+00 6.356194019317626953e+00 -1.887025713920593262e+00
6.525037765502929688e+00 6.142883300781250000e+00 -2.007620573043823242e+00
6.432081222534179688e+00 5.934300422668457031e+00 -2.143210887908935547e+00
6.317804813385009766e+00 5.735122680664062500e+00 -2.285323619842529297e+00
6.188549041748046875e+00 5.546576976776123047e+00 -2.424709796905517578e+00
6.046935081481933594e+00 5.378595352172851562e+00 -2.552863359451293945e+00
5.899922847747802734e+00 5.225621223449707031e+00 -2.672025918960571289e+00
5.751335620880126953e+00 5.090718746185302734e+00 -2.776875734329223633e+00
5.610035419464111328e+00 4.976759910583496094e+00 -2.865792989730834961e+00
5.477741718292236328e+00 4.880001544952392578e+00 -2.939631462097167969e+00
5.350429534912109375e+00 4.798254966735839844e+00 -3.001014947891235352e+00
5.231525897979736328e+00 4.729021549224853516e+00 -3.051778554916381836e+00
5.117744445800781250e+00 4.668050289154052734e+00 -3.093676090240478516e+00
5.011672973632812500e+00 4.620890140533447266e+00 -3.122747182846069336e+00
4.913110256195068359e+00 4.582540512084960938e+00 -3.140085697174072266e+00
4.815859794616699219e+00 4.556395530700683594e+00 -3.144599199295043945e+00
4.726234436035156250e+00 4.540932655334472656e+00 -3.139697551727294922e+00
4.638966083526611328e+00 4.536166191101074219e+00 -3.118886947631835938e+00
4.553312301635742188e+00 4.538810729980468750e+00 -3.089009523391723633e+00
4.473102092742919922e+00 4.552828788757324219e+00 -3.044354200363159180e+00
4.394201755523681641e+00 4.576443195343017578e+00 -2.987061977386474609e+00
4.318102359771728516e+00 4.610112190246582031e+00 -2.916631937026977539e+00
4.247401714324951172e+00 4.652807712554931641e+00 -2.829531669616699219e+00
4.180450439453125000e+00 4.705861091613769531e+00 -2.728650093078613281e+00
4.121067047119140625e+00 4.769386291503906250e+00 -2.611940383911132812e+00
4.068796157836914062e+00 4.842001914978027344e+00 -2.479462862014770508e+00
4.026923179626464844e+00 4.923030853271484375e+00 -2.333537817001342773e+00
3.997282505035400391e+00 5.013664722442626953e+00 -2.174664020538330078e+00
3.985849142074584961e+00 5.112414360046386719e+00 -2.005181312561035156e+00
3.991885900497436523e+00 5.216908454895019531e+00 -1.828990578651428223e+00
4.017425060272216797e+00 5.327106475830078125e+00 -1.652614474296569824e+00
4.061189174652099609e+00 5.438199043273925781e+00 -1.480762720108032227e+00
4.122457981109619141e+00 5.552265167236328125e+00 -1.315369844436645508e+00
4.195374011993408203e+00 5.664165019989013672e+00 -1.163345932960510254e+00
4.280613422393798828e+00 5.774852752685546875e+00 -1.018873929977416992e+00
4.373205661773681641e+00 5.884214401245117188e+00 -8.884931206703186035e-01
4.469741344451904297e+00 5.989010810852050781e+00 -7.747065424919128418e-01
4.565794467926025391e+00 6.088673114776611328e+00 -6.764818429946899414e-01
4.661640644073486328e+00 6.179096698760986328e+00 -5.880957841873168945e-01
4.757188796997070312e+00 6.265463829040527344e+00 -5.139441490173339844e-01
4.855408668518066406e+00 6.351866722106933594e+00 -4.511077105998992920e-01
4.946730136871337891e+00 6.431149959564208984e+00 -3.937095999717712402e-01
5.034247398376464844e+00 6.506688594818115234e+00 -3.458736538887023926e-01
5.117761611938476562e+00 6.577665805816650391e+00 -3.071548342704772949e-01
5.204653263092041016e+00 6.640089988708496094e+00 -2.737185060977935791e-01
5.288611412048339844e+00 6.702867031097412109e+00 -2.454701662063598633e-01
5.371615409851074219e+00 6.764459609985351562e+00 -2.252836674451828003e-01
5.454215049743652344e+00 6.824762344360351562e+00 -2.086539119482040405e-01
5.537358283996582031e+00 6.911858558654785156e+00 -1.944328099489212036e-01
5.622508049011230469e+00 6.963444709777832031e+00 -1.758347302675247192e-01
5.705656528472900391e+00 7.013361454010009766e+00 -1.536576598882675171e-01
5.792660236358642578e+00 7.044157981872558594e+00 -1.276838481426239014e-01
5.870980739593505859e+00 7.084033489227294922e+00 -9.316959232091903687e-02
5.964899539947509766e+00 7.091677665710449219e+00 -5.880892649292945862e-02
6.113661766052246094e+00 6.879962921142578125e+00 -8.330978453159332275e-03
6.178057670593261719e+00 6.890408515930175781e+00 4.925712943077087402e-02
6.232367992401123047e+00 6.887259960174560547e+00 1.160518303513526917e-01
6.267901897430419922e+00 6.847121715545654297e+00 2.055646777153015137e-01
6.231566429138183594e+00 7.189034461975097656e+00 2.550670504570007324e-01
6.318088531494140625e+00 7.115647315979003906e+00 3.297956883907318115e-01
6.347034931182861328e+00 6.930568695068359375e+00 4.545267522335052490e-01
6.332162380218505859e+00 6.910827159881591797e+00 5.607634782791137695e-01
6.240272045135498047e+00 7.258421421051025391e+00 6.188904643058776855e-01
6.234385967254638672e+00 7.256098747253417969e+00 7.168882489204406738e-01
6.294983863830566406e+00 7.060043334960937500e+00 8.420355319976806641e-01
6.278612613677978516e+00 7.070002555847167969e+00 9.444977045059204102e-01
6.263097763061523438e+00 7.136629581451416016e+00 1.041391730308532715e+00
6.251625061035156250e+00 7.193129062652587891e+00 1.140555381774902344e+00
6.260807514190673828e+00 7.201426982879638672e+00 1.252616524696350098e+00
6.264823913574218750e+00 7.219080448150634766e+00 1.370438933372497559e+00
6.267826557159423828e+00 7.226394176483154297e+00 1.491916298866271973e+00
6.268047809600830078e+00 7.241067409515380859e+00 1.616326332092285156e+00
6.264488220214843750e+00 7.254610061645507812e+00 1.744429469108581543e+00
6.260260581970214844e+00 7.267236709594726562e+00 1.877063035964965820e+00
6.255906581878662109e+00 7.279664039611816406e+00 2.010627985000610352e+00
6.256892204284667969e+00 7.285542964935302734e+00 2.146168470382690430e+00
6.247829914093017578e+00 7.293086528778076172e+00 2.285994768142700195e+00
6.236723899841308594e+00 7.298178195953369141e+00 2.428500413894653320e+00
6.225898265838623047e+00 7.301396846771240234e+00 2.568994760513305664e+00
6.212260723114013672e+00 7.301033496856689453e+00 2.708742380142211914e+00
6.196527957916259766e+00 7.299139499664306641e+00 2.848205089569091797e+00
6.178773880004882812e+00 7.294541358947753906e+00 2.986317873001098633e+00
6.159032344818115234e+00 7.286651134490966797e+00 3.124110698699951172e+00
6.137399196624755859e+00 7.276805877685546875e+00 3.258730888366699219e+00
6.115308284759521484e+00 7.264109611511230469e+00 3.389607667922973633e+00
6.090425491333007812e+00 7.249361515045166016e+00 3.520104408264160156e+00
6.061242103576660156e+00 7.230795860290527344e+00 3.647480726242065430e+00
6.029294490814208984e+00 7.210140228271484375e+00 3.771699905395507812e+00
5.996148586273193359e+00 7.187030315399169922e+00 3.892693519592285156e+00
5.961565494537353516e+00 7.161203384399414062e+00 4.009535312652587891e+00
5.922529220581054688e+00 7.131622314453125000e+00 4.124833583831787109e+00
5.881621360778808594e+00 7.099547386169433594e+00 4.239113807678222656e+00
5.837961673736572266e+00 7.065361499786376953e+00 4.352012157440185547e+00
5.790956497192382812e+00 7.027202606201171875e+00 4.462317943572998047e+00
5.741298675537109375e+00 6.984893321990966797e+00 4.572442054748535156e+00
5.688718795776367188e+00 6.940888404846191406e+00 4.681042671203613281e+00
5.632599353790283203e+00 6.892594814300537109e+00 4.788228034973144531e+00
5.572677612304687500e+00 6.841956138610839844e+00 4.894034385681152344e+00
5.506854534149169922e+00 6.785003185272216797e+00 5.002288341522216797e+00
5.438237667083740234e+00 6.728198528289794922e+00 5.106487751007080078e+00
5.362981319427490234e+00 6.668071746826171875e+00 5.211271286010742188e+00
5.284609317779541016e+00 6.603044986724853516e+00 5.318569660186767578e+00
5.204122543334960938e+00 6.538258075714111328e+00 5.422355175018310547e+00
5.122971057891845703e+00 6.469410896301269531e+00 5.522087574005126953e+00
5.035124301910400391e+00 6.398619174957275391e+00 5.621286869049072266e+00
4.946805000305175781e+00 6.327803134918212891e+00 5.718221187591552734e+00
4.856260776519775391e+00 6.254908561706542969e+00 5.813072681427001953e+00
4.764364242553710938e+00 6.181479454040527344e+00 5.905300140380859375e+00
4.669663429260253906e+00 6.108110427856445312e+00 5.996290206909179688e+00
4.575668334960937500e+00 6.034780025482177734e+00 6.084735870361328125e+00
4.479492664337158203e+00 5.960447788238525391e+00 6.170938968658447266e+00
4.384238243103027344e+00 5.885808467864990234e+00 6.255455017089843750e+00
4.285632610321044922e+00 5.808721065521240234e+00 6.340240001678466797e+00
4.188741683959960938e+00 5.736081123352050781e+00 6.425437450408935547e+00
4.091798305511474609e+00 5.665049076080322266e+00 6.511927127838134766e+00
3.998497247695922852e+00 5.597187042236328125e+00 6.603174209594726562e+00
3.909345865249633789e+00 5.535124778747558594e+00 6.699997901916503906e+00
3.827844381332397461e+00 5.469696521759033203e+00 6.801544189453125000e+00
3.753303050994873047e+00 5.427524566650390625e+00 6.911128520965576172e+00
3.683048009872436523e+00 5.394217967987060547e+00 7.030108928680419922e+00
3.621544122695922852e+00 5.373817443847656250e+00 7.152260303497314453e+00
3.563233375549316406e+00 5.359588146209716797e+00 7.267138957977294922e+00
3.511100053787231445e+00 5.364280223846435547e+00 7.395745754241943359e+00
3.461915493011474609e+00 5.391003608703613281e+00 7.524564743041992188e+00
3.413397789001464844e+00 5.413893699645996094e+00 7.650365829467773438e+00
3.363641500473022461e+00 5.440837860107421875e+00 7.773871421813964844e+00
3.309810638427734375e+00 5.459402084350585938e+00 7.897247791290283203e+00
3.252468824386596680e+00 5.490630149841308594e+00 8.018769264221191406e+00
3.189074754714965820e+00 5.517750263214111328e+00 8.135713577270507812e+00
3.119230985641479492e+00 5.538838863372802734e+00 8.249793052673339844e+00
3.038099527359008789e+00 5.558548450469970703e+00 8.357504844665527344e+00
2.951052427291870117e+00 5.573122024536132812e+00 8.460080146789550781e+00
2.858175754547119141e+00 5.582557201385498047e+00 8.554586410522460938e+00
2.758524179458618164e+00 5.582802772521972656e+00 8.642107963562011719e+00
2.654923915863037109e+00 5.579792022705078125e+00 8.723596572875976562e+00
2.546888113021850586e+00 5.569008827209472656e+00 8.792780876159667969e+00
2.436081171035766602e+00 5.555773258209228516e+00 8.850975990295410156e+00
2.325695037841796875e+00 5.529631614685058594e+00 8.900283813476562500e+00
2.216533899307250977e+00 5.497654438018798828e+00 8.928180694580078125e+00
2.105607986450195312e+00 5.460057735443115234e+00 8.953168869018554688e+00
1.999016165733337402e+00 5.414731979370117188e+00 8.964541435241699219e+00
1.893815994262695312e+00 5.359070777893066406e+00 8.968255996704101562e+00
1.795886397361755371e+00 5.295847892761230469e+00 8.954071044921875000e+00
1.701265931129455566e+00 5.225775241851806641e+00 8.929188728332519531e+00
1.613845825195312500e+00 5.145940303802490234e+00 8.891930580139160156e+00
1.532600402832031250e+00 5.057156562805175781e+00 8.842757225036621094e+00
1.456553339958190918e+00 4.963086605072021484e+00 8.782323837280273438e+00
1.390408039093017578e+00 4.859828472137451172e+00 8.708786964416503906e+00
1.334561228752136230e+00 4.744341850280761719e+00 8.628546714782714844e+00
1.292191743850708008e+00 4.621538639068603516e+00 8.534126281738281250e+00
1.262345910072326660e+00 4.493535995483398438e+00 8.427806854248046875e+00
1.249814510345458984e+00 4.357582569122314453e+00 8.315528869628906250e+00
1.246971368789672852e+00 4.216840267181396484e+00 8.196794509887695312e+00
1.276485443115234375e+00 4.079388141632080078e+00 8.066668510437011719e+00
1.322354197502136230e+00 3.946698188781738281e+00 7.931921958923339844e+00
1.385844707489013672e+00 3.826219320297241211e+00 7.788701534271240234e+00
1.461465597152709961e+00 3.717780351638793945e+00 7.645657539367675781e+00
1.542776584625244141e+00 3.628081083297729492e+00 7.506233692169189453e+00
1.635264873504638672e+00 3.554936170578002930e+00 7.365071773529052734e+00
1.725072741508483887e+00 3.496961832046508789e+00 7.225381851196289062e+00
1.819813609123229980e+00 3.454594373703002930e+00 7.097738265991210938e+00
1.914574265480041504e+00 3.435397624969482422e+00 6.975102901458740234e+00
2.007043838500976562e+00 3.431828260421752930e+00 6.860266685485839844e+00
2.097372293472290039e+00 3.446157217025756836e+00 6.751406669616699219e+00
2.180516481399536133e+00 3.474677801132202148e+00 6.653097152709960938e+00
2.260075092315673828e+00 3.522342205047607422e+00 6.564080715179443359e+00
2.328583717346191406e+00 3.584417581558227539e+00 6.486073493957519531e+00
2.390861988067626953e+00 3.660239458084106445e+00 6.417185306549072266e+00
2.443255186080932617e+00 3.746952056884765625e+00 6.354131221771240234e+00
2.482995986938476562e+00 3.845945835113525391e+00 6.306879043579101562e+00
2.501260042190551758e+00 3.956239223480224609e+00 6.273532867431640625e+00
2.510848045349121094e+00 4.067886829376220703e+00 6.251219272613525391e+00
2.502430677413940430e+00 4.182409763336181641e+00 6.237852096557617188e+00
2.463912963867187500e+00 4.296611785888671875e+00 6.238113403320312500e+00
2.421428203582763672e+00 4.411550521850585938e+00 6.241192340850830078e+00
2.358816146850585938e+00 4.521448612213134766e+00 6.254870414733886719e+00
2.278602838516235352e+00 4.629126071929931641e+00 6.274524211883544922e+00
2.184406757354736328e+00 4.724709033966064453e+00 6.300923824310302734e+00
2.068794965744018555e+00 4.814382076263427734e+00 6.333701133728027344e+00
1.944979786872863770e+00 4.889142513275146484e+00 6.368279933929443359e+00
1.803707242012023926e+00 4.952419757843017578e+00 6.411317348480224609e+00
1.650212287902832031e+00 5.002603054046630859e+00 6.452566146850585938e+00
1.482155203819274902e+00 5.040083885192871094e+00 6.496719837188720703e+00
1.303522109985351562e+00 5.065337181091308594e+00 6.542298316955566406e+00
1.117011904716491699e+00 5.078257560729980469e+00 6.588873863220214844e+00
9.238800406455993652e-01 5.079627513885498047e+00 6.634898185729980469e+00
7.356598377227783203e-01 5.059988498687744141e+00 6.672087192535400391e+00
5.491356253623962402e-01 5.034031391143798828e+00 6.702621459960937500e+00
3.613997399806976318e-01 4.989200115203857422e+00 6.726139545440673828e+00
1.845322847366333008e-01 4.936982631683349609e+00 6.738421440124511719e+00
1.583268493413925171e-02 4.881781101226806641e+00 6.738740921020507812e+00
-1.382048577070236206e-01 4.819428920745849609e+00 6.723711013793945312e+00
-2.747247517108917236e-01 4.762201786041259766e+00 6.697216033935546875e+00
-4.050608277320861816e-01 4.698871135711669922e+00 6.667662143707275391e+00
-5.242760777473449707e-01 4.636730194091796875e+00 6.628407478332519531e+00
-6.232890486717224121e-01 4.574995517730712891e+00 6.581289291381835938e+00
-7.091081738471984863e-01 4.512403488159179688e+00 6.526036739349365234e+00
-7.778609991073608398e-01 4.446190357208251953e+00 6.470228672027587891e+00
-8.344257473945617676e-01 4.377357482910156250e+00 6.414997577667236328e+00
-8.678858876228332520e-01 4.303772926330566406e+00 6.363376140594482422e+00
-8.793600201606750488e-01 4.226380348205566406e+00 6.312212467193603516e+00
-8.774428963661193848e-01 4.144712448120117188e+00 6.265826702117919922e+00
-8.588276505470275879e-01 4.059415340423583984e+00 6.222552776336669922e+00
-8.211804032325744629e-01 3.972083806991577148e+00 6.190293312072753906e+00
-7.755156755447387695e-01 3.887463569641113281e+00 6.155434608459472656e+00
-7.039934396743774414e-01 3.794117689132690430e+00 6.126674175262451172e+00
-6.149616241455078125e-01 3.703534841537475586e+00 6.094649314880371094e+00
-5.115396976470947266e-01 3.615880489349365234e+00 6.058848381042480469e+00
-3.949823677539825439e-01 3.526607751846313477e+00 6.022243976593017578e+00
-2.588430345058441162e-01 3.444681406021118164e+00 5.982418537139892578e+00
-1.122305765748023987e-01 3.363531827926635742e+00 5.939363956451416016e+00
4.185839369893074036e-02 3.285988569259643555e+00 5.895156860351562500e+00
2.044235765933990479e-01 3.220582246780395508e+00 5.842337608337402344e+00
3.671203553676605225e-01 3.161082744598388672e+00 5.791375637054443359e+00
5.291516780853271484e-01 3.111015081405639648e+00 5.739331722259521484e+00
6.759167909622192383e-01 3.072876453399658203e+00 5.670481681823730469e+00
8.177782297134399414e-01 3.050161600112915039e+00 5.605775356292724609e+00
9.431219100952148438e-01 3.040209054946899414e+00 5.537286758422851562e+00
1.051414132118225098e+00 3.044391393661499023e+00 5.462121963500976562e+00
1.136677026748657227e+00 3.062965393066406250e+00 5.385017395019531250e+00
1.194985747337341309e+00 3.086733818054199219e+00 5.310083866119384766e+00
1.230774164199829102e+00 3.113433837890625000e+00 5.237322807312011719e+00
1.240047574043273926e+00 3.141414880752563477e+00 5.165697574615478516e+00
1.222481966018676758e+00 3.171309709548950195e+00 5.092339515686035156e+00
1.183769226074218750e+00 3.196238279342651367e+00 5.017524242401123047e+00
1.109897732734680176e+00 3.223254203796386719e+00 4.938251018524169922e+00
9.997432827949523926e-01 3.240909814834594727e+00 4.846018314361572266e+00
8.553451895713806152e-01 3.247765779495239258e+00 4.749838829040527344e+00
6.795190572738647461e-01 3.243563175201416016e+00 4.652153968811035156e+00
4.748679995536804199e-01 3.232902526855468750e+00 4.548228263854980469e+00
2.426020205020904541e-01 3.215354681015014648e+00 4.443110942840576172e+00
-4.840897396206855774e-03 3.190375804901123047e+00 4.324116706848144531e+00
-2.570628225803375244e-01 3.151299476623535156e+00 4.190656661987304688e+00
-5.028274059295654297e-01 3.095484733581542969e+00 4.030681133270263672e+00
-7.289940118789672852e-01 3.021096706390380859e+00 3.841719150543212891e+00
-9.439053535461425781e-01 2.930605173110961914e+00 3.626962900161743164e+00
-1.150126814842224121e+00 2.829419612884521484e+00 3.395691633224487305e+00
-1.350604534149169922e+00 2.720267057418823242e+00 3.154520750045776367e+00
-1.543948292732238770e+00 2.606173515319824219e+00 2.913429260253906250e+00
-1.733555078506469727e+00 2.488183736801147461e+00 2.671866655349731445e+00
-1.917683959007263184e+00 2.369511842727661133e+00 2.435067415237426758e+00
-2.101326227188110352e+00 2.252384424209594727e+00 2.203404664993286133e+00
-2.286077737808227539e+00 2.137636899948120117e+00 1.970631003379821777e+00
-2.470828533172607422e+00 2.029611110687255859e+00 1.741954565048217773e+00
-2.654635906219482422e+00 1.931798219680786133e+00 1.517769098281860352e+00
-2.838255167007446289e+00 1.841629981994628906e+00 1.294986367225646973e+00
-3.018415451049804688e+00 1.763926625251770020e+00 1.076823711395263672e+00
-3.193413257598876953e+00 1.696998715400695801e+00 8.665630817413330078e-01
-3.358653783798217773e+00 1.642867326736450195e+00 6.713247895240783691e-01
-3.511242151260375977e+00 1.599710464477539062e+00 4.942209720611572266e-01
-3.648567438125610352e+00 1.565447926521301270e+00 3.358233571052551270e-01
-3.771595954895019531e+00 1.545817732810974121e+00 1.956514120101928711e-01
-3.872458219528198242e+00 1.532477140426635742e+00 7.099524140357971191e-02
-3.952383995056152344e+00 1.530399560928344727e+00 -4.082173854112625122e-02
-4.010022163391113281e+00 1.540881991386413574e+00 -1.385783553123474121e-01
-4.048864364624023438e+00 1.557339549064636230e+00 -2.250333428382873535e-01
-4.072393894195556641e+00 1.583174109458923340e+00 -3.030860424041748047e-01
-4.075562000274658203e+00 1.620009779930114746e+00 -3.704664111137390137e-01
-4.065647602081298828e+00 1.665806770324707031e+00 -4.306676983833312988e-01
-4.037281990051269531e+00 1.726426482200622559e+00 -4.851671457290649414e-01
-3.998404979705810547e+00 1.794958949089050293e+00 -5.340057015419006348e-01
-3.935378313064575195e+00 1.889233708381652832e+00 -5.804247260093688965e-01
-3.852701902389526367e+00 2.003601312637329102e+00 -6.222996115684509277e-01
-3.750045537948608398e+00 2.142717123031616211e+00 -6.592971682548522949e-01
-3.632400989532470703e+00 2.298587799072265625e+00 -6.897437572479248047e-01
-3.495812177658081055e+00 2.479567766189575195e+00 -7.161001563072204590e-01
-3.344627141952514648e+00 2.682218790054321289e+00 -7.370370626449584961e-01
-3.178619861602783203e+00 2.903200626373291016e+00 -7.562603354454040527e-01
-2.999863624572753906e+00 3.144402742385864258e+00 -7.713109850883483887e-01
-2.813632488250732422e+00 3.393553972244262695e+00 -7.835811376571655273e-01
-2.619499206542968750e+00 3.645890474319458008e+00 -7.938162684440612793e-01
-2.416913270950317383e+00 3.899921894073486328e+00 -8.038865923881530762e-01
-2.213747739791870117e+00 4.148542404174804688e+00 -8.097391724586486816e-01
-2.009413480758666992e+00 4.388895034790039062e+00 -8.111139535903930664e-01
-1.807483673095703125e+00 4.621050357818603516e+00 -8.079748749732971191e-01
-1.609154939651489258e+00 4.844081401824951172e+00 -7.984021306037902832e-01
-1.413071036338806152e+00 5.066359519958496094e+00 -7.828085422515869141e-01
-1.221878409385681152e+00 5.290295600891113281e+00 -7.610005140304565430e-01
-1.035876393318176270e+00 5.511249065399169922e+00 -7.326727509498596191e-01
-8.562206029891967773e-01 5.730628490447998047e+00 -6.965252161026000977e-01
-6.853975653648376465e-01 5.948073387145996094e+00 -6.530917286872863770e-01
-5.244192481040954590e-01 6.150633335113525391e+00 -6.032530665397644043e-01
-3.685142695903778076e-01 6.348930358886718750e+00 -5.449436306953430176e-01
-2.216785699129104614e-01 6.533222675323486328e+00 -4.801001846790313721e-01
-8.202221244573593140e-02 6.701921939849853516e+00 -4.112578034400939941e-01
4.832036420702934265e-02 6.848229408264160156e+00 -3.361594080924987793e-01
1.722164154052734375e-01 6.982757091522216797e+00 -2.585638761520385742e-01
2.901582717895507812e-01 7.096959590911865234e+00 -1.759156286716461182e-01
4.029301404953002930e-01 7.193377971649169922e+00 -9.259936958551406860e-02
5.116546154022216797e-01 7.271100521087646484e+00 -7.016981020569801331e-03
6.162451505661010742e-01 7.334019660949707031e+00 8.027108013629913330e-02
7.166047692298889160e-01 7.384116649627685547e+00 1.693720221519470215e-01
8.136397004127502441e-01 7.422014713287353516e+00 2.615006268024444580e-01
9.065501689910888672e-01 7.452224254608154297e+00 3.551009297370910645e-01
9.952355027198791504e-01 7.472183704376220703e+00 4.535981118679046631e-01
1.080183506011962891e+00 7.484236717224121094e+00 5.533938407897949219e-01
1.162998080253601074e+00 7.490809440612792969e+00 6.622824668884277344e-01
1.242392778396606445e+00 7.491494655609130859e+00 7.768250703811645508e-01
1.317420244216918945e+00 7.488188266754150391e+00 8.985064029693603516e-01
1.388865709304809570e+00 7.480819702148437500e+00 1.029274344444274902e+00
1.457397699356079102e+00 7.470313072204589844e+00 1.167786836624145508e+00
1.519356966018676758e+00 7.456120014190673828e+00 1.313933491706848145e+00
1.576934814453125000e+00 7.439189434051513672e+00 1.469437718391418457e+00
1.628980398178100586e+00 7.419462680816650391e+00 1.633484601974487305e+00
1.674922227859497070e+00 7.396636962890625000e+00 1.805253982543945312e+00
1.713923096656799316e+00 7.373078346252441406e+00 1.978517413139343262e+00
1.745199322700500488e+00 7.345568656921386719e+00 2.164587259292602539e+00
1.767513632774353027e+00 7.317410469055175781e+00 2.356422662734985352e+00
1.783432960510253906e+00 7.287050724029541016e+00 2.551070690155029297e+00
1.790199995040893555e+00 7.256406307220458984e+00 2.746655464172363281e+00
1.789187073707580566e+00 7.225368022918701172e+00 2.943605422973632812e+00
1.778835058212280273e+00 7.194789409637451172e+00 3.141852617263793945e+00
1.762249588966369629e+00 7.164751529693603516e+00 3.338683605194091797e+00
1.738399863243103027e+00 7.134966373443603516e+00 3.534962892532348633e+00
1.707599997520446777e+00 7.107378959655761719e+00 3.727655887603759766e+00
1.671164631843566895e+00 7.081027984619140625e+00 3.912772655487060547e+00
1.629564523696899414e+00 7.057291507720947266e+00 4.089710235595703125e+00
1.583801150321960449e+00 7.036338329315185547e+00 4.252517700195312500e+00
1.539189100265502930e+00 7.016889095306396484e+00 4.395592212677001953e+00
1.497002601623535156e+00 6.999969482421875000e+00 4.515220165252685547e+00
1.461300969123840332e+00 6.986088752746582031e+00 4.613889217376708984e+00
1.431229233741760254e+00 6.974684715270996094e+00 4.693021297454833984e+00
1.403433442115783691e+00 6.967349529266357422e+00 4.758556365966796875e+00
1.378860116004943848e+00 6.958800792694091797e+00 4.813093662261962891e+00
1.355634331703186035e+00 6.950566768646240234e+00 4.859741210937500000e+00
1.334429264068603516e+00 6.941524982452392578e+00 4.900522708892822266e+00
3.258828878402709961e+00 1.179868507385253906e+01 -2.606271982192993164e+00
3.258435010910034180e+00 1.184327602386474609e+01 -2.557721376419067383e+00
3.262755155563354492e+00 1.188592720031738281e+01 -2.506937980651855469e+00
3.273268461227416992e+00 1.193338775634765625e+01 -2.452158689498901367e+00
3.288470983505249023e+00 1.198087501525878906e+01 -2.392182588577270508e+00
3.310546875000000000e+00 1.203094959259033203e+01 -2.326192378997802734e+00
3.338669300079345703e+00 1.208482646942138672e+01 -2.252596855163574219e+00
3.377346038818359375e+00 1.214310932159423828e+01 -2.170097589492797852e+00
3.423045873641967773e+00 1.220277976989746094e+01 -2.082236051559448242e+00
3.477499961853027344e+00 1.226498413085937500e+01 -1.987700939178466797e+00
3.537227630615234375e+00 1.232409477233886719e+01 -1.892383217811584473e+00
3.605266332626342773e+00 1.238415622711181641e+01 -1.789984107017517090e+00
3.677879810333251953e+00 1.244479942321777344e+01 -1.684241890907287598e+00
3.752241373062133789e+00 1.250365734100341797e+01 -1.575975060462951660e+00
3.826852798461914062e+00 1.256122016906738281e+01 -1.465541601181030273e+00
3.903380155563354492e+00 1.261588859558105469e+01 -1.354148030281066895e+00
3.979583263397216797e+00 1.267096900939941406e+01 -1.242757201194763184e+00
4.054894924163818359e+00 1.272265911102294922e+01 -1.130523800849914551e+00
4.130441188812255859e+00 1.276969051361083984e+01 -1.018004417419433594e+00
4.195285320281982422e+00 1.281838417053222656e+01 -9.076884388923645020e-01
4.263975620269775391e+00 1.286163425445556641e+01 -7.999325394630432129e-01
4.321031570434570312e+00 1.290298080444335938e+01 -6.972997784614562988e-01
4.382958412170410156e+00 1.293872642517089844e+01 -5.960438251495361328e-01
4.445562839508056641e+00 1.297205448150634766e+01 -4.958517551422119141e-01
4.505571842193603516e+00 1.299319267272949219e+01 -4.018916785717010498e-01
4.576905250549316406e+00 1.300415611267089844e+01 -3.125060498714447021e-01
4.663523674011230469e+00 1.298168849945068359e+01 -2.227303385734558105e-01
4.604770660400390625e+00 1.316002464294433594e+01 -1.335699111223220825e-01
4.626960754394531250e+00 1.322152805328369141e+01 -4.883306846022605896e-02
4.644863605499267578e+00 1.327754116058349609e+01 3.400796651840209961e-02
4.794684410095214844e+00 1.305312061309814453e+01 1.392164677381515503e-01
4.856685638427734375e+00 1.306648159027099609e+01 2.147717326879501343e-01
4.845862865447998047e+00 1.332116317749023438e+01 2.603922188282012939e-01
4.825345039367675781e+00 1.337439918518066406e+01 3.500995934009552002e-01
4.966356277465820312e+00 1.312158966064453125e+01 4.605069458484649658e-01
4.970366954803466797e+00 1.310653591156005859e+01 5.541425943374633789e-01
5.013843536376953125e+00 1.314333629608154297e+01 6.339348554611206055e-01
4.855839729309082031e+00 1.345520877838134766e+01 6.939038038253784180e-01
4.849051952362060547e+00 1.346361255645751953e+01 7.782467007637023926e-01
4.823575496673583984e+00 1.347460174560546875e+01 8.674058914184570312e-01
4.971408843994140625e+00 1.318415069580078125e+01 9.867289662361145020e-01
4.965816020965576172e+00 1.328753948211669922e+01 1.073806166648864746e+00
4.920982837677001953e+00 1.328237438201904297e+01 1.166875123977661133e+00
4.754956722259521484e+00 1.342772197723388672e+01 1.240062713623046875e+00
4.888813495635986328e+00 1.331973648071289062e+01 1.365799307823181152e+00
4.863902568817138672e+00 1.327504158020019531e+01 1.464656591415405273e+00
4.824037551879882812e+00 1.325146675109863281e+01 1.559986114501953125e+00
4.719852447509765625e+00 1.339702606201171875e+01 1.657225131988525391e+00
4.696084499359130859e+00 1.336398887634277344e+01 1.764015436172485352e+00
4.678753852844238281e+00 1.332281875610351562e+01 1.875919461250305176e+00
4.664799690246582031e+00 1.327381515502929688e+01 1.994793415069580078e+00
4.620143890380859375e+00 1.326118659973144531e+01 2.104924201965332031e+00
4.581564426422119141e+00 1.324883937835693359e+01 2.219758272171020508e+00
4.527853488922119141e+00 1.323313808441162109e+01 2.323703765869140625e+00
4.478709697723388672e+00 1.321229839324951172e+01 2.436346769332885742e+00
4.425946712493896484e+00 1.318953227996826172e+01 2.546572923660278320e+00
4.373136997222900391e+00 1.316826915740966797e+01 2.656244993209838867e+00
4.319768905639648438e+00 1.314227962493896484e+01 2.765963554382324219e+00
4.261804103851318359e+00 1.311865711212158203e+01 2.872962713241577148e+00
4.195391178131103516e+00 1.308741283416748047e+01 2.975627660751342773e+00
4.132148742675781250e+00 1.305947780609130859e+01 3.077575922012329102e+00
4.067119121551513672e+00 1.302960968017578125e+01 3.175851821899414062e+00
4.003895282745361328e+00 1.299701786041259766e+01 3.271443367004394531e+00
3.937945365905761719e+00 1.296930694580078125e+01 3.365401029586791992e+00
3.864472627639770508e+00 1.293535900115966797e+01 3.454294204711914062e+00
3.794987440109252930e+00 1.290172863006591797e+01 3.542398452758789062e+00
3.723127841949462891e+00 1.286910533905029297e+01 3.627633094787597656e+00
3.651263952255249023e+00 1.283297920227050781e+01 3.709716081619262695e+00
3.576680660247802734e+00 1.279795646667480469e+01 3.790752887725830078e+00
3.500714540481567383e+00 1.275860691070556641e+01 3.868117809295654297e+00
3.419215202331542969e+00 1.271874332427978516e+01 3.942769050598144531e+00
3.334999322891235352e+00 1.268232536315917969e+01 4.016590118408203125e+00
3.251213073730468750e+00 1.265192222595214844e+01 4.092056751251220703e+00
3.163578510284423828e+00 1.260656642913818359e+01 4.164457321166992188e+00
3.071421861648559570e+00 1.256288909912109375e+01 4.236145019531250000e+00
2.979448318481445312e+00 1.251705265045166016e+01 4.313112258911132812e+00
2.879198551177978516e+00 1.247659873962402344e+01 4.383934497833251953e+00
2.785896778106689453e+00 1.241355419158935547e+01 4.449273109436035156e+00
2.686113357543945312e+00 1.236834239959716797e+01 4.520829677581787109e+00
2.581904172897338867e+00 1.234060382843017578e+01 4.598981857299804688e+00
2.469088554382324219e+00 1.234227371215820312e+01 4.680703639984130859e+00
2.369083404541015625e+00 1.226840400695800781e+01 4.721252918243408203e+00
2.317865848541259766e+00 1.212939739227294922e+01 4.772082805633544922e+00
2.289897918701171875e+00 1.204728984832763672e+01 4.878992080688476562e+00
2.194453954696655273e+00 1.197311115264892578e+01 4.893516063690185547e+00
2.210377931594848633e+00 1.203859710693359375e+01 5.104869365692138672e+00
1.943003296852111816e+00 1.193783760070800781e+01 4.887979984283447266e+00
1.810204863548278809e+00 1.200400733947753906e+01 4.926099300384521484e+00
1.714035272598266602e+00 1.206206226348876953e+01 4.997220993041992188e+00
1.642241239547729492e+00 1.209993362426757812e+01 5.080646991729736328e+00
1.593073606491088867e+00 1.212934684753417969e+01 5.183607578277587891e+00
1.575983405113220215e+00 1.215150356292724609e+01 5.311793804168701172e+00
1.613338828086853027e+00 1.212204456329345703e+01 5.446219444274902344e+00
1.543770670890808105e+00 1.208735561370849609e+01 5.487391948699951172e+00
1.821190237998962402e+00 1.190319824218750000e+01 5.661875724792480469e+00
1.396089911460876465e+00 1.197254848480224609e+01 5.516704082489013672e+00
1.380666375160217285e+00 1.192709732055664062e+01 5.595104217529296875e+00
1.721216320991516113e+00 1.174091243743896484e+01 5.780854701995849609e+00
1.681996583938598633e+00 1.168361282348632812e+01 5.815248489379882812e+00
1.354442834854125977e+00 1.172913169860839844e+01 5.779034137725830078e+00
1.368000030517578125e+00 1.163935470581054688e+01 5.826530456542968750e+00
1.421259045600891113e+00 1.152715969085693359e+01 5.857693195343017578e+00
1.439616799354553223e+00 1.142582035064697266e+01 5.870971202850341797e+00
1.433923602104187012e+00 1.132606029510498047e+01 5.857316970825195312e+00
1.412615299224853516e+00 1.123277568817138672e+01 5.833243370056152344e+00
1.394535541534423828e+00 1.114231395721435547e+01 5.805554389953613281e+00
1.370849013328552246e+00 1.104882049560546875e+01 5.765930175781250000e+00
1.349860072135925293e+00 1.095197963714599609e+01 5.725355148315429688e+00
1.325622797012329102e+00 1.085112953186035156e+01 5.689990997314453125e+00
1.299710512161254883e+00 1.074079418182373047e+01 5.648215770721435547e+00
1.270532011985778809e+00 1.062038707733154297e+01 5.610660552978515625e+00
1.237554311752319336e+00 1.048321819305419922e+01 5.573544502258300781e+00
1.198736310005187988e+00 1.033056259155273438e+01 5.541759490966796875e+00
1.157210826873779297e+00 1.016076946258544922e+01 5.511705875396728516e+00
1.111093759536743164e+00 9.979612350463867188e+00 5.489770889282226562e+00
1.063966631889343262e+00 9.792581558227539062e+00 5.467025279998779297e+00
1.015915751457214355e+00 9.606776237487792969e+00 5.454033374786376953e+00
9.670736789703369141e-01 9.427896499633789062e+00 5.445648193359375000e+00
9.093303084373474121e-01 9.253129959106445312e+00 5.443825721740722656e+00
8.331353068351745605e-01 9.078645706176757812e+00 5.445139884948730469e+00
-2.579680919647216797e+00 4.555661678314208984e+00 3.898031473159790039e+00
-2.704111337661743164e+00 4.417809009552001953e+00 3.847092628479003906e+00
-2.815570831298828125e+00 4.297252178192138672e+00 3.788931608200073242e+00
-2.926058769226074219e+00 4.172640800476074219e+00 3.718003511428833008e+00
-3.040990352630615234e+00 4.038690090179443359e+00 3.634952068328857422e+00
-3.161872148513793945e+00 3.892413377761840820e+00 3.538319826126098633e+00
-3.284317731857299805e+00 3.738517761230468750e+00 3.433240413665771484e+00
-3.409267425537109375e+00 3.581941127777099609e+00 3.321552991867065430e+00
-3.535977840423583984e+00 3.428641319274902344e+00 3.204487562179565430e+00
-3.659582853317260742e+00 3.281995773315429688e+00 3.088484525680541992e+00
-3.788004875183105469e+00 3.142164468765258789e+00 2.968718767166137695e+00
-3.921155929565429688e+00 3.009022712707519531e+00 2.843059062957763672e+00
-4.049689769744873047e+00 2.890169143676757812e+00 2.724311351776123047e+00
-4.187337398529052734e+00 2.775958299636840820e+00 2.594694614410400391e+00
-4.324649333953857422e+00 2.671004772186279297e+00 2.464157104492187500e+00
-4.460156917572021484e+00 2.577632665634155273e+00 2.331799745559692383e+00
-4.595744609832763672e+00 2.493608236312866211e+00 2.191510915756225586e+00
-4.723587512969970703e+00 2.426071882247924805e+00 2.049323797225952148e+00
-4.853731632232666016e+00 2.362550735473632812e+00 1.900787949562072754e+00
-4.974186420440673828e+00 2.308313846588134766e+00 1.745892882347106934e+00
-5.084843635559082031e+00 2.264735937118530273e+00 1.597139477729797363e+00
-5.183893203735351562e+00 2.229657649993896484e+00 1.446714997291564941e+00
-5.271119594573974609e+00 2.203634977340698242e+00 1.300603866577148438e+00
-5.347694396972656250e+00 2.183349847793579102e+00 1.161385655403137207e+00
-5.412470817565917969e+00 2.171762466430664062e+00 1.028752803802490234e+00
-5.463249683380126953e+00 2.172746658325195312e+00 9.031620025634765625e-01
-5.501281738281250000e+00 2.179768800735473633e+00 7.867549061775207520e-01
-5.526257991790771484e+00 2.192807435989379883e+00 6.797380447387695312e-01
-5.541578769683837891e+00 2.215103387832641602e+00 5.825628042221069336e-01
-5.544307231903076172e+00 2.244991302490234375e+00 4.952969849109649658e-01
-5.536263942718505859e+00 2.285091400146484375e+00 4.141948521137237549e-01
-5.516937732696533203e+00 2.333696365356445312e+00 3.431152403354644775e-01
-5.487760066986083984e+00 2.391882658004760742e+00 2.752724289894104004e-01
-5.443964481353759766e+00 2.463977813720703125e+00 2.108922749757766724e-01
-5.389781951904296875e+00 2.549893617630004883e+00 1.528110355138778687e-01
-5.321872234344482422e+00 2.651643991470336914e+00 1.002912074327468872e-01
-5.238246440887451172e+00 2.772063493728637695e+00 4.959235340356826782e-02
-5.140813350677490234e+00 2.911388874053955078e+00 -7.099018548615276814e-04
-5.025777816772460938e+00 3.072103738784790039e+00 -4.920895025134086609e-02
-4.891346931457519531e+00 3.254066467285156250e+00 -9.952268749475479126e-02
-4.737905979156494141e+00 3.457758903503417969e+00 -1.539943665266036987e-01
-4.565995216369628906e+00 3.677385568618774414e+00 -2.064029723405838013e-01
-4.381962299346923828e+00 3.910441398620605469e+00 -2.593234479427337646e-01
-4.196124553680419922e+00 4.151836395263671875e+00 -3.106670975685119629e-01
-4.008478164672851562e+00 4.410258293151855469e+00 -3.586009144783020020e-01
-3.831177711486816406e+00 4.677046775817871094e+00 -4.021654427051544189e-01
-3.662378549575805664e+00 4.949872493743896484e+00 -4.413216114044189453e-01
-3.505883455276489258e+00 5.224371433258056641e+00 -4.720140099525451660e-01
-3.363070726394653320e+00 5.498076915740966797e+00 -4.955018162727355957e-01
-3.227571249008178711e+00 5.774094104766845703e+00 -5.120983123779296875e-01
-3.097701787948608398e+00 6.050085067749023438e+00 -5.224376320838928223e-01
-2.970245838165283203e+00 6.324963569641113281e+00 -5.282533764839172363e-01
-2.845258235931396484e+00 6.595254421234130859e+00 -5.301604270935058594e-01
-2.717226266860961914e+00 6.866148471832275391e+00 -5.290436148643493652e-01
-2.586725950241088867e+00 7.129868507385253906e+00 -5.247628092765808105e-01
-2.454420089721679688e+00 7.385346889495849609e+00 -5.185253024101257324e-01
-2.321645259857177734e+00 7.623533248901367188e+00 -5.093020796775817871e-01
-2.188822746276855469e+00 7.847465991973876953e+00 -4.966602623462677002e-01
-2.061111688613891602e+00 8.049258232116699219e+00 -4.792561829090118408e-01
-1.937365174293518066e+00 8.233078956604003906e+00 -4.590943753719329834e-01
-1.817848682403564453e+00 8.399738311767578125e+00 -4.347700774669647217e-01
-1.708662629127502441e+00 8.546216011047363281e+00 -4.077529907226562500e-01
-1.607316136360168457e+00 8.677467346191406250e+00 -3.778013885021209717e-01
-1.512528657913208008e+00 8.794251441955566406e+00 -3.467081487178802490e-01
-1.427379846572875977e+00 8.896462440490722656e+00 -3.074887394905090332e-01
-1.348500490188598633e+00 8.988817214965820312e+00 -2.686235308647155762e-01
-1.275078773498535156e+00 9.074409484863281250e+00 -2.269993424415588379e-01
-1.201888918876647949e+00 9.154793739318847656e+00 -1.828466057777404785e-01
-1.136445999145507812e+00 9.227606773376464844e+00 -1.319484859704971313e-01
-1.073287725448608398e+00 9.296794891357421875e+00 -7.738829404115676880e-02
-1.013550400733947754e+00 9.355669021606445312e+00 -1.628496497869491577e-02
-9.583731889724731445e-01 9.417538642883300781e+00 5.003178864717483521e-02
-9.040350317955017090e-01 9.478319168090820312e+00 1.191887184977531433e-01
-8.520309329032897949e-01 9.538163185119628906e+00 1.942062377929687500e-01
-7.956436872482299805e-01 9.594408035278320312e+00 2.711568772792816162e-01
-7.628071308135986328e-01 9.660204887390136719e+00 3.514855504035949707e-01
-7.191783785820007324e-01 9.721391677856445312e+00 4.348933994770050049e-01
-6.788926720619201660e-01 9.785388946533203125e+00 5.212582945823669434e-01
-6.411731243133544922e-01 9.847100257873535156e+00 6.079806089401245117e-01
-6.038022637367248535e-01 9.912159919738769531e+00 6.972802281379699707e-01
-5.687528848648071289e-01 9.976920127868652344e+00 7.872629165649414062e-01
-5.312317013740539551e-01 1.003958988189697266e+01 8.803637623786926270e-01
-4.972403645515441895e-01 1.010152530670166016e+01 9.733893275260925293e-01
-4.633505046367645264e-01 1.016166496276855469e+01 1.068578124046325684e+00
-4.279851615428924561e-01 1.022031402587890625e+01 1.165750622749328613e+00
-3.962172567844390869e-01 1.027960777282714844e+01 1.268488407135009766e+00
-3.646678030490875244e-01 1.033683109283447266e+01 1.374189496040344238e+00
-3.332930803298950195e-01 1.039503192901611328e+01 1.482503652572631836e+00
-3.031084835529327393e-01 1.045080852508544922e+01 1.594948172569274902e+00
-2.729802727699279785e-01 1.050552940368652344e+01 1.710025429725646973e+00
-2.432269603013992310e-01 1.056029319763183594e+01 1.832426548004150391e+00
-2.140845656394958496e-01 1.061242961883544922e+01 1.961372971534729004e+00
-1.847727149724960327e-01 1.066396808624267578e+01 2.096098661422729492e+00
-1.558907479047775269e-01 1.071584320068359375e+01 2.234864950180053711e+00
-1.274753808975219727e-01 1.076465511322021484e+01 2.380121946334838867e+00
-1.016677170991897583e-01 1.081167507171630859e+01 2.531287908554077148e+00
-7.743011415004730225e-02 1.085563087463378906e+01 2.687632083892822266e+00
-5.471282079815864563e-02 1.089821434020996094e+01 2.850403070449829102e+00
-3.504463285207748413e-02 1.093665790557861328e+01 3.017612457275390625e+00
-1.830646954476833344e-02 1.097100353240966797e+01 3.186592340469360352e+00
-7.001123391091823578e-03 1.100105381011962891e+01 3.356756210327148438e+00
-7.992872269824147224e-04 1.102696800231933594e+01 3.532762289047241211e+00
-4.208592290524393320e-04 1.104730415344238281e+01 3.708172082901000977e+00
-8.827468380331993103e-03 1.106254386901855469e+01 3.883558511734008789e+00
-2.821512892842292786e-02 1.107119083404541016e+01 4.058781623840332031e+00
-5.750901624560356140e-02 1.107396888732910156e+01 4.233466148376464844e+00
-9.693937003612518311e-02 1.106901836395263672e+01 4.407736778259277344e+00
-1.420275121927261353e-01 1.106411552429199219e+01 4.582777500152587891e+00
-1.954151242971420288e-01 1.104511165618896484e+01 4.752710819244384766e+00
-2.533041536808013916e-01 1.101980209350585938e+01 4.920869827270507812e+00
-3.153614401817321777e-01 1.098553085327148438e+01 5.089468479156494141e+00
-3.794741630554199219e-01 1.094214344024658203e+01 5.252500534057617188e+00
-4.458179175853729248e-01 1.088984584808349609e+01 5.409011363983154297e+00
-5.171680450439453125e-01 1.082663154602050781e+01 5.559112071990966797e+00
-5.932607054710388184e-01 1.075487136840820312e+01 5.694083213806152344e+00
-6.683043837547302246e-01 1.068266582489013672e+01 5.824299335479736328e+00
-7.470674514770507812e-01 1.060537624359130859e+01 5.946166038513183594e+00
-8.263488411903381348e-01 1.052939033508300781e+01 6.054391384124755859e+00
-9.072071909904479980e-01 1.044836616516113281e+01 6.156350135803222656e+00
-9.917017221450805664e-01 1.036377620697021484e+01 6.254271984100341797e+00
-1.073579192161560059e+00 1.027998256683349609e+01 6.343071937561035156e+00
-1.157817363739013672e+00 1.019290256500244141e+01 6.427330017089843750e+00
-1.241204142570495605e+00 1.010347270965576172e+01 6.506692409515380859e+00
-1.329065561294555664e+00 1.000953388214111328e+01 6.583442687988281250e+00
-1.418614506721496582e+00 9.912098884582519531e+00 6.656028270721435547e+00
-1.514140129089355469e+00 9.807770729064941406e+00 6.727892398834228516e+00
-1.614108443260192871e+00 9.698784828186035156e+00 6.794110774993896484e+00
-1.721714377403259277e+00 9.583517074584960938e+00 6.859057426452636719e+00
-1.839727163314819336e+00 9.459302902221679688e+00 6.920589923858642578e+00
-1.968484401702880859e+00 9.325637817382812500e+00 6.977419853210449219e+00
-2.106889486312866211e+00 9.183474540710449219e+00 7.027753353118896484e+00
-2.257599830627441406e+00 9.033674240112304688e+00 7.071082592010498047e+00
-2.418851137161254883e+00 8.873257637023925781e+00 7.105860710144042969e+00
-2.584413290023803711e+00 8.711188316345214844e+00 7.130641937255859375e+00
-2.755642414093017578e+00 8.542779922485351562e+00 7.145626068115234375e+00
-2.931050539016723633e+00 8.367986679077148438e+00 7.147742748260498047e+00
-3.095109701156616211e+00 8.200241088867187500e+00 7.137360572814941406e+00
-3.253577470779418945e+00 8.035182952880859375e+00 7.116338253021240234e+00
-3.391664266586303711e+00 7.872474670410156250e+00 7.084693431854248047e+00
-3.524824857711791992e+00 7.712269306182861328e+00 7.041648864746093750e+00
-3.645708799362182617e+00 7.555291652679443359e+00 6.988578796386718750e+00
-3.747988939285278320e+00 7.404332160949707031e+00 6.922022819519042969e+00
-3.836979866027832031e+00 7.260680675506591797e+00 6.843496799468994141e+00
-3.903805494308471680e+00 7.122372627258300781e+00 6.748558044433593750e+00
-3.952519893646240234e+00 6.991729736328125000e+00 6.637400627136230469e+00
-3.980528593063354492e+00 6.870014667510986328e+00 6.506320953369140625e+00
-3.991870164871215820e+00 6.766333103179931641e+00 6.356310367584228516e+00
-3.982777357101440430e+00 6.676815509796142578e+00 6.186607360839843750e+00
-3.956594944000244141e+00 6.604872703552246094e+00 5.994617462158203125e+00
-3.921212196350097656e+00 6.546703815460205078e+00 5.786331176757812500e+00
-3.875927686691284180e+00 6.503926753997802734e+00 5.562947273254394531e+00
-3.816572904586791992e+00 6.479228496551513672e+00 5.318259716033935547e+00
-3.748999118804931641e+00 6.474941253662109375e+00 5.057071208953857422e+00
-3.671439409255981445e+00 6.498570442199707031e+00 4.779366016387939453e+00
-3.589731693267822266e+00 6.559066772460937500e+00 4.492368698120117188e+00
-3.509909391403198242e+00 6.654535770416259766e+00 4.203625679016113281e+00
-3.437260389328002930e+00 6.783601760864257812e+00 3.927787780761718750e+00
-3.371965169906616211e+00 6.950688838958740234e+00 3.664858341217041016e+00
-3.311455249786376953e+00 7.150593757629394531e+00 3.426230430603027344e+00
-3.260116338729858398e+00 7.376258373260498047e+00 3.216850996017456055e+00
-3.217786312103271484e+00 7.617981910705566406e+00 3.040540933609008789e+00
-3.182248592376708984e+00 7.862864017486572266e+00 2.900889396667480469e+00
-3.153402328491210938e+00 8.106536865234375000e+00 2.799371480941772461e+00
-3.131951570510864258e+00 8.334594726562500000e+00 2.729176759719848633e+00
-3.120149612426757812e+00 8.547085762023925781e+00 2.691351652145385742e+00
-3.113952398300170898e+00 8.738046646118164062e+00 2.680892944335937500e+00
-3.114299058914184570e+00 8.909230232238769531e+00 2.691206693649291992e+00
-3.121246814727783203e+00 9.060751914978027344e+00 2.719731807708740234e+00
-3.133286714553833008e+00 9.194260597229003906e+00 2.767116069793701172e+00
-3.151046752929687500e+00 9.313653945922851562e+00 2.829693555831909180e+00
-3.173051118850708008e+00 9.423686027526855469e+00 2.908887863159179688e+00
-3.198234796524047852e+00 9.522139549255371094e+00 3.003307342529296875e+00
-3.224843502044677734e+00 9.610666275024414062e+00 3.117495775222778320e+00
-3.253413677215576172e+00 9.692942619323730469e+00 3.249973297119140625e+00
-3.285785675048828125e+00 9.764618873596191406e+00 3.408547163009643555e+00
-3.322972536087036133e+00 9.827037811279296875e+00 3.592372417449951172e+00
-3.368356943130493164e+00 9.879688262939453125e+00 3.803071975708007812e+00
-3.425230026245117188e+00 9.908308029174804688e+00 4.042995452880859375e+00
-3.496363878250122070e+00 9.911903381347656250e+00 4.307007312774658203e+00
-3.582308769226074219e+00 9.882525444030761719e+00 4.585089206695556641e+00
-3.682590484619140625e+00 9.811652183532714844e+00 4.868482112884521484e+00
-3.793462276458740234e+00 9.700154304504394531e+00 5.147073268890380859e+00
-3.909493207931518555e+00 9.550939559936523438e+00 5.405551433563232422e+00
-4.030192852020263672e+00 9.359384536743164062e+00 5.646320819854736328e+00
-4.146278381347656250e+00 9.132522583007812500e+00 5.857846736907958984e+00
-4.258496761322021484e+00 8.881940841674804688e+00 6.032884120941162109e+00
-4.366500377655029297e+00 8.612237930297851562e+00 6.172891139984130859e+00
-4.467056274414062500e+00 8.336159706115722656e+00 6.270475864410400391e+00
-4.562300682067871094e+00 8.064121246337890625e+00 6.331959247589111328e+00
-4.649652004241943359e+00 7.807765007019042969e+00 6.360895156860351562e+00
-4.725547790527343750e+00 7.570307731628417969e+00 6.360629558563232422e+00
-4.794199943542480469e+00 7.352625370025634766e+00 6.337868213653564453e+00
-4.849045753479003906e+00 7.156692981719970703e+00 6.292493820190429688e+00
-4.890855789184570312e+00 6.984884262084960938e+00 6.224874019622802734e+00
-4.920892715454101562e+00 6.837275981903076172e+00 6.137778282165527344e+00
-4.934413909912109375e+00 6.715684890747070312e+00 6.032690048217773438e+00
-4.936620712280273438e+00 6.612937927246093750e+00 5.913341522216796875e+00
-4.925053119659423828e+00 6.532532215118408203e+00 5.779024600982666016e+00
-4.901262283325195312e+00 6.469678878784179688e+00 5.629305839538574219e+00
-4.867927074432373047e+00 6.422282695770263672e+00 5.470663070678710938e+00
-4.822174072265625000e+00 6.387878894805908203e+00 5.293694496154785156e+00
-4.772741794586181641e+00 6.367768764495849609e+00 5.096472263336181641e+00
-4.723037242889404297e+00 6.367434501647949219e+00 4.880427360534667969e+00
-4.670575618743896484e+00 6.389633655548095703e+00 4.645485877990722656e+00
-4.620512962341308594e+00 6.430293083190917969e+00 4.397715091705322266e+00
-4.573146820068359375e+00 6.503283023834228516e+00 4.138396263122558594e+00
-4.532817363739013672e+00 6.606160640716552734e+00 3.874975681304931641e+00
-4.501616001129150391e+00 6.738811969757080078e+00 3.619979381561279297e+00
-4.481948852539062500e+00 6.904622554779052734e+00 3.372612953186035156e+00
-4.474961280822753906e+00 7.097910404205322266e+00 3.144020795822143555e+00
-4.476365089416503906e+00 7.315176486968994141e+00 2.942498922348022461e+00
-4.484776020050048828e+00 7.554077148437500000e+00 2.767974138259887695e+00
-4.499699115753173828e+00 7.807183742523193359e+00 2.626346349716186523e+00
-4.515213489532470703e+00 8.063411712646484375e+00 2.519418239593505859e+00
-4.530211448669433594e+00 8.315072059631347656e+00 2.444047689437866211e+00
-4.544819831848144531e+00 8.557954788208007812e+00 2.401413440704345703e+00
-4.558941841125488281e+00 8.785724639892578125e+00 2.384945631027221680e+00
-4.572938442230224609e+00 8.989360809326171875e+00 2.395178318023681641e+00
-4.586947441101074219e+00 9.176961898803710938e+00 2.423586368560791016e+00
-4.602997779846191406e+00 9.345930099487304688e+00 2.471225976943969727e+00
-4.617828369140625000e+00 9.498231887817382812e+00 2.530613660812377930e+00
-4.635500431060791016e+00 9.629497528076171875e+00 2.606230497360229492e+00
-4.656150341033935547e+00 9.747748374938964844e+00 2.694055080413818359e+00
-4.678360462188720703e+00 9.850079536437988281e+00 2.797945499420166016e+00
-4.702000141143798828e+00 9.939874649047851562e+00 2.913458824157714844e+00
-4.726741313934326172e+00 1.001770114898681641e+01 3.043599605560302734e+00
-4.749749660491943359e+00 1.008664417266845703e+01 3.186670064926147461e+00
-4.774730205535888672e+00 1.014111042022705078e+01 3.351954936981201172e+00
-4.801206588745117188e+00 1.018053531646728516e+01 3.537143230438232422e+00
-4.827622413635253906e+00 1.020560932159423828e+01 3.744846105575561523e+00
-4.855340003967285156e+00 1.020645618438720703e+01 3.975181579589843750e+00
-4.882266044616699219e+00 1.018085098266601562e+01 4.226059436798095703e+00
-4.909720420837402344e+00 1.012307739257812500e+01 4.497973918914794922e+00
-4.939947128295898438e+00 1.002643013000488281e+01 4.781271934509277344e+00
-4.974466800689697266e+00 9.885862350463867188e+00 5.073366641998291016e+00
-5.019184112548828125e+00 9.701148033142089844e+00 5.358405113220214844e+00
-5.069615840911865234e+00 9.464392662048339844e+00 5.631126880645751953e+00
-5.131628036499023438e+00 9.180282592773437500e+00 5.876714706420898438e+00
-5.210925102233886719e+00 8.863873481750488281e+00 6.079524993896484375e+00
-5.309976100921630859e+00 8.512026786804199219e+00 6.237826824188232422e+00
-5.430434703826904297e+00 8.138941764831542969e+00 6.342101573944091797e+00
-5.581956386566162109e+00 7.761089324951171875e+00 6.384615898132324219e+00
-5.757189750671386719e+00 7.387049674987792969e+00 6.363235950469970703e+00
-5.938358306884765625e+00 7.036993980407714844e+00 6.287497997283935547e+00
-6.135362625122070312e+00 6.726960659027099609e+00 6.171900272369384766e+00
-6.355826854705810547e+00 6.454813480377197266e+00 6.037580013275146484e+00
-6.587963104248046875e+00 6.208204746246337891e+00 5.900387287139892578e+00
-6.825060844421386719e+00 5.989650726318359375e+00 5.766682147979736328e+00
-7.041361808776855469e+00 5.794639110565185547e+00 5.640727043151855469e+00
-7.234054565429687500e+00 5.621447086334228516e+00 5.520421504974365234e+00
-7.404320716857910156e+00 5.467605590820312500e+00 5.408470630645751953e+00
-7.558310508728027344e+00 5.328674793243408203e+00 5.302574634552001953e+00
-7.695645809173583984e+00 5.204372882843017578e+00 5.203189849853515625e+00
-7.820245742797851562e+00 5.089206695556640625e+00 5.106851577758789062e+00
-7.938498020172119141e+00 4.981226921081542969e+00 5.012880802154541016e+00
-8.048718452453613281e+00 4.881213188171386719e+00 4.924220561981201172e+00
-8.153592109680175781e+00 4.785502433776855469e+00 4.835291862487792969e+00
-8.259060859680175781e+00 4.693119049072265625e+00 4.746520519256591797e+00
-8.360703468322753906e+00 4.604603290557861328e+00 4.658166408538818359e+00
-8.460414886474609375e+00 4.520205974578857422e+00 4.571181297302246094e+00
-8.559624671936035156e+00 4.439194679260253906e+00 4.485399246215820312e+00
-8.659089088439941406e+00 4.359368324279785156e+00 4.399930953979492188e+00
-8.758116722106933594e+00 4.284448623657226562e+00 4.315729141235351562e+00
-8.861565589904785156e+00 4.211032390594482422e+00 4.230969905853271484e+00
-8.966196060180664062e+00 4.139275074005126953e+00 4.145345211029052734e+00
-9.070633888244628906e+00 4.068986892700195312e+00 4.060247898101806641e+00
-9.178632736206054688e+00 4.000386238098144531e+00 3.974148750305175781e+00
-9.286575317382812500e+00 3.935749769210815430e+00 3.889872550964355469e+00
-9.398779869079589844e+00 3.871698617935180664e+00 3.803180456161499023e+00
-9.510262489318847656e+00 3.810535192489624023e+00 3.717982530593872070e+00
-9.626792907714843750e+00 3.749398708343505859e+00 3.629684686660766602e+00
-9.744540214538574219e+00 3.691855192184448242e+00 3.541320085525512695e+00
-9.867036819458007812e+00 3.634721755981445312e+00 3.450809001922607422e+00
-9.991073608398437500e+00 3.580043315887451172e+00 3.359259366989135742e+00
-1.012054157257080078e+01 3.525129795074462891e+00 3.262963533401489258e+00
-1.025316047668457031e+01 3.473632097244262695e+00 3.165348529815673828e+00
-1.039387702941894531e+01 3.422979593276977539e+00 3.061588764190673828e+00
-1.054003143310546875e+01 3.373476982116699219e+00 2.953079462051391602e+00
-1.069300651550292969e+01 3.321867465972900391e+00 2.840382337570190430e+00
-1.085062122344970703e+01 3.268565177917480469e+00 2.725983381271362305e+00
-1.101289844512939453e+01 3.215825796127319336e+00 2.609498500823974609e+00
-1.118255615234375000e+01 3.158581018447875977e+00 2.491301298141479492e+00
-1.135662555694580078e+01 3.097627162933349609e+00 2.376116991043090820e+00
-1.153318023681640625e+01 3.032566308975219727e+00 2.266486406326293945e+00
-1.170496463775634766e+01 2.965298652648925781e+00 2.165663957595825195e+00
-1.188546371459960938e+01 2.892859458923339844e+00 2.070032358169555664e+00
-1.205927944183349609e+01 2.821238756179809570e+00 1.987422466278076172e+00
-1.223792171478271484e+01 2.743164777755737305e+00 1.913548588752746582e+00
-1.241416072845458984e+01 2.662375211715698242e+00 1.851147890090942383e+00
-1.258495235443115234e+01 2.580692768096923828e+00 1.801145792007446289e+00
-1.275284957885742188e+01 2.500295162200927734e+00 1.762646913528442383e+00
-1.290210723876953125e+01 2.425789594650268555e+00 1.721245765686035156e+00
-1.305400180816650391e+01 2.353823423385620117e+00 1.695702910423278809e+00
-1.319515991210937500e+01 2.287451982498168945e+00 1.675563693046569824e+00
-1.332711315155029297e+01 2.223761558532714844e+00 1.658155798912048340e+00
-1.344231796264648438e+01 2.152257442474365234e+00 1.644089460372924805e+00
-1.355385398864746094e+01 2.092034339904785156e+00 1.636915683746337891e+00
-1.366016292572021484e+01 2.038154840469360352e+00 1.634663105010986328e+00
-1.375055885314941406e+01 1.961350679397583008e+00 1.640640974044799805e+00
-1.386469650268554688e+01 1.942512392997741699e+00 1.633239865303039551e+00
-1.397403240203857422e+01 1.909491181373596191e+00 1.632648706436157227e+00
-1.407276344299316406e+01 1.867191553115844727e+00 1.628237605094909668e+00
-1.411549854278564453e+01 1.735098123550415039e+00 1.648882389068603516e+00
-1.427512550354003906e+01 1.775268316268920898e+00 1.609609365463256836e+00
-1.435541725158691406e+01 1.711843609809875488e+00 1.584227681159973145e+00
-1.427226829528808594e+01 1.420750379562377930e+00 1.599722862243652344e+00
-1.453996467590332031e+01 1.594358682632446289e+00 1.501855134963989258e+00
-1.441297626495361328e+01 1.269020080566406250e+00 1.496960997581481934e+00
-1.452406311035156250e+01 1.226899981498718262e+00 1.453397631645202637e+00
-1.480936717987060547e+01 1.399065971374511719e+00 1.335354924201965332e+00
-1.489487743377685547e+01 1.325292944908142090e+00 1.278947830200195312e+00
-1.495271873474121094e+01 1.193514108657836914e+00 1.253902554512023926e+00
-1.475254631042480469e+01 8.356183767318725586e-01 1.218877434730529785e+00
-1.479993724822998047e+01 7.526258826255798340e-01 1.152189731597900391e+00
-1.487984085083007812e+01 6.954308152198791504e-01 1.103253245353698730e+00
-1.527612972259521484e+01 9.706165194511413574e-01 9.954760670661926270e-01
-1.534124851226806641e+01 9.066521525382995605e-01 9.373476505279541016e-01
-1.537808704376220703e+01 8.303834199905395508e-01 8.710227012634277344e-01
-1.508658027648925781e+01 4.400776922702789307e-01 8.472643494606018066e-01
-1.514426803588867188e+01 4.020528495311737061e-01 7.800748944282531738e-01
-1.548174285888671875e+01 6.600898504257202148e-01 6.726032495498657227e-01
-1.518328285217285156e+01 3.373947739601135254e-01 6.242770552635192871e-01
-1.550360393524169922e+01 6.012741923332214355e-01 5.193580389022827148e-01
-1.515205383300781250e+01 3.000248670578002930e-01 4.580776989459991455e-01
-1.512829017639160156e+01 2.970589995384216309e-01 3.750741183757781982e-01
-1.535251331329345703e+01 4.290352761745452881e-01 2.667319476604461670e-01
-1.540255069732666016e+01 5.625242590904235840e-01 1.749946624040603638e-01
-1.540131282806396484e+01 6.861084103584289551e-01 1.042105481028556824e-01
-1.532983493804931641e+01 6.859589219093322754e-01 2.338945120573043823e-02
-1.495124721527099609e+01 4.370425641536712646e-01 -2.330640703439712524e-02
-1.488827133178710938e+01 4.863464832305908203e-01 -9.791179001331329346e-02
-1.515629386901855469e+01 8.590269088745117188e-01 -2.114170491695404053e-01
-1.508655166625976562e+01 8.800553083419799805e-01 -3.054288029670715332e-01
-1.478084850311279297e+01 6.984288692474365234e-01 -3.757483959197998047e-01
-1.494716930389404297e+01 9.658402800559997559e-01 -4.881824553012847900e-01
-1.465628910064697266e+01 8.271220326423645020e-01 -5.584069490432739258e-01
-1.461452674865722656e+01 9.318303465843200684e-01 -6.341179013252258301e-01
-1.453286170959472656e+01 9.159561991691589355e-01 -7.496404647827148438e-01
-1.462852191925048828e+01 1.095756411552429199e+00 -8.343394398689270020e-01
-1.469625854492187500e+01 1.269790530204772949e+00 -9.066095352172851562e-01
-1.468954277038574219e+01 1.321255803108215332e+00 -1.004337668418884277e+00
-1.442894840240478516e+01 9.787197113037109375e-01 -1.168220162391662598e+00
-1.468585681915283203e+01 1.420428752899169922e+00 -1.179196238517761230e+00
-1.437345695495605469e+01 9.984253048896789551e-01 -1.348826885223388672e+00
-1.467442512512207031e+01 1.445894360542297363e+00 -1.385454893112182617e+00
-1.463953113555908203e+01 1.398152351379394531e+00 -1.512732744216918945e+00
-1.459535598754882812e+01 1.407492280006408691e+00 -1.599652528762817383e+00
-1.429207229614257812e+01 1.139922857284545898e+00 -1.656931996345520020e+00
-1.422286605834960938e+01 1.163753032684326172e+00 -1.701772093772888184e+00
-1.449374771118164062e+01 1.669060111045837402e+00 -1.704572439193725586e+00
-1.444339370727539062e+01 1.713096737861633301e+00 -1.737534642219543457e+00
-1.406945228576660156e+01 1.316860318183898926e+00 -1.847114324569702148e+00
-1.416797447204589844e+01 1.547539234161376953e+00 -1.940170407295227051e+00
-1.392264747619628906e+01 1.384312510490417480e+00 -1.891805768013000488e+00
-1.417243957519531250e+01 1.882662773132324219e+00 -1.777881264686584473e+00
-1.410540580749511719e+01 1.922171831130981445e+00 -1.770220279693603516e+00
-1.397769832611083984e+01 1.866658329963684082e+00 -1.891646862030029297e+00
-1.364543342590332031e+01 1.598858952522277832e+00 -1.880394816398620605e+00
-1.368018817901611328e+01 1.753949165344238281e+00 -1.962074518203735352e+00
-1.345990753173828125e+01 1.642136335372924805e+00 -1.699246287345886230e+00
-1.339804363250732422e+01 1.696055412292480469e+00 -1.656711697578430176e+00
-1.335821723937988281e+01 1.782633304595947266e+00 -1.530647993087768555e+00
-1.332506847381591797e+01 1.853429079055786133e+00 -1.806794881820678711e+00
-1.326102256774902344e+01 1.914723038673400879e+00 -1.451156497001647949e+00
-1.352298927307128906e+01 2.219863891601562500e+00 -1.338249683380126953e+00
-1.324547863006591797e+01 2.113605976104736328e+00 -1.358648419380187988e+00
-1.309389877319335938e+01 2.090688705444335938e+00 -1.643183708190917969e+00
-1.307481670379638672e+01 2.198342323303222656e+00 -1.492395997047424316e+00
-1.339088344573974609e+01 2.502428531646728516e+00 -1.340555787086486816e+00
-1.338293838500976562e+01 2.589411735534667969e+00 -1.373446583747863770e+00
-1.336885643005371094e+01 2.673519134521484375e+00 -1.408338785171508789e+00
-1.335339832305908203e+01 2.752875804901123047e+00 -1.447195172309875488e+00
-1.289753055572509766e+01 2.588339328765869141e+00 -1.659057021141052246e+00
-1.290213394165039062e+01 2.684927701950073242e+00 -1.691796541213989258e+00
-1.310782241821289062e+01 2.950261831283569336e+00 -1.532723784446716309e+00
-1.292929744720458984e+01 2.806350708007812500e+00 -1.942803263664245605e+00
-1.288439941406250000e+01 2.901550054550170898e+00 -1.953932762145996094e+00
-1.325280189514160156e+01 3.228542089462280273e+00 -1.772803187370300293e+00
-1.283259582519531250e+01 3.184382438659667969e+00 -1.882549881935119629e+00
-1.282264995574951172e+01 3.224427700042724609e+00 -2.025876283645629883e+00
-1.322101211547851562e+01 3.462389469146728516e+00 -1.996850252151489258e+00
-1.321257114410400391e+01 3.537743091583251953e+00 -2.069134235382080078e+00
-1.313981342315673828e+01 3.678492069244384766e+00 -2.049290418624877930e+00
-1.273759174346923828e+01 3.641551733016967773e+00 -2.188429355621337891e+00
-1.269639873504638672e+01 3.680957555770874023e+00 -2.300568342208862305e+00
-1.270059776306152344e+01 3.815510034561157227e+00 -2.313469171524047852e+00
-1.267279434204101562e+01 3.877298355102539062e+00 -2.395666837692260742e+00
-1.296571254730224609e+01 4.098818302154541016e+00 -2.346031427383422852e+00
-1.312917041778564453e+01 4.136027336120605469e+00 -2.445309162139892578e+00
-1.312728500366210938e+01 4.193703174591064453e+00 -2.519208192825317383e+00
-1.314239692687988281e+01 4.225502967834472656e+00 -2.600545406341552734e+00
-1.276518726348876953e+01 4.257546901702880859e+00 -2.691048145294189453e+00
-1.310140609741210938e+01 4.305690765380859375e+00 -2.757266521453857422e+00
-1.273522090911865234e+01 4.265169620513916016e+00 -2.873027563095092773e+00
-1.275354099273681641e+01 4.266888141632080078e+00 -2.959316730499267578e+00
-1.278328609466552734e+01 4.259028911590576172e+00 -3.046249151229858398e+00
-1.315061473846435547e+01 4.268616199493408203e+00 -3.098586559295654297e+00
-1.315659427642822266e+01 4.215160369873046875e+00 -3.188426256179809570e+00
-1.282112693786621094e+01 4.113353729248046875e+00 -3.317960262298583984e+00
-1.300583553314208984e+01 4.092826366424560547e+00 -3.388121843338012695e+00
-1.303423404693603516e+01 3.980228424072265625e+00 -3.474226951599121094e+00
-1.300082492828369141e+01 3.911517143249511719e+00 -3.579835176467895508e+00
-1.303764343261718750e+01 3.855461597442626953e+00 -3.678336143493652344e+00
-1.307381534576416016e+01 3.800366878509521484e+00 -3.783670902252197266e+00
-1.308191490173339844e+01 3.762497901916503906e+00 -3.896762609481811523e+00
-1.310067844390869141e+01 3.741745471954345703e+00 -4.013463020324707031e+00
-1.311293601989746094e+01 3.729281187057495117e+00 -4.129315376281738281e+00
-1.313314437866210938e+01 3.719162225723266602e+00 -4.239713191986083984e+00
-1.314365577697753906e+01 3.724442005157470703e+00 -4.348259925842285156e+00
-1.315683460235595703e+01 3.742488145828247070e+00 -4.449725151062011719e+00
-1.317472267150878906e+01 3.768391609191894531e+00 -4.544101715087890625e+00
-1.319645881652832031e+01 3.809934139251708984e+00 -4.630631923675537109e+00
-1.322795486450195312e+01 3.857262611389160156e+00 -4.710086822509765625e+00
-1.325968742370605469e+01 3.921209812164306641e+00 -4.780110836029052734e+00
-1.330763149261474609e+01 3.996195793151855469e+00 -4.853163242340087891e+00
-1.336916446685791016e+01 4.084863662719726562e+00 -4.921272277832031250e+00
-1.344324779510498047e+01 4.186964511871337891e+00 -4.987778186798095703e+00
-1.353466224670410156e+01 4.300604820251464844e+00 -5.048071861267089844e+00
-1.364255619049072266e+01 4.427338600158691406e+00 -5.115246772766113281e+00
-1.376684093475341797e+01 4.563951492309570312e+00 -5.178420543670654297e+00
-1.391152858734130859e+01 4.708696365356445312e+00 -5.242786884307861328e+00
-1.406734275817871094e+01 4.861669540405273438e+00 -5.297452926635742188e+00
-1.421836566925048828e+01 5.015357017517089844e+00 -5.345763683319091797e+00
-1.438811969757080078e+01 5.175419330596923828e+00 -5.384231090545654297e+00
-1.455776500701904297e+01 5.332165718078613281e+00 -5.426019668579101562e+00
-1.472690486907958984e+01 5.479114532470703125e+00 -5.444964408874511719e+00
-1.489535331726074219e+01 5.622106552124023438e+00 -5.452758789062500000e+00
-1.505492401123046875e+01 5.737794399261474609e+00 -5.470994472503662109e+00
-1.519516849517822266e+01 5.851971149444580078e+00 -5.463144779205322266e+00
-1.532640647888183594e+01 5.948524475097656250e+00 -5.446408748626708984e+00
-1.538304519653320312e+01 6.093707084655761719e+00 -5.224812507629394531e+00
-1.556876277923583984e+01 6.112369060516357422e+00 -5.571894168853759766e+00
-1.564996337890625000e+01 6.208759307861328125e+00 -5.621712684631347656e+00
-1.572400856018066406e+01 6.302437782287597656e+00 -5.610476493835449219e+00
-1.567849636077880859e+01 6.428754806518554688e+00 -5.181890964508056641e+00
-1.571342277526855469e+01 6.501518249511718750e+00 -5.192322731018066406e+00
-1.581387615203857422e+01 6.539087295532226562e+00 -5.578713893890380859e+00
-1.574727725982666016e+01 6.630959510803222656e+00 -5.251685619354248047e+00
-1.573174858093261719e+01 6.691468715667724609e+00 -5.282475948333740234e+00
-1.574600410461425781e+01 6.692920684814453125e+00 -5.606779575347900391e+00
-1.570035171508789062e+01 6.729691982269287109e+00 -5.618329524993896484e+00
-1.556157970428466797e+01 6.805483818054199219e+00 -5.291038036346435547e+00
-1.555595397949218750e+01 6.771902084350585938e+00 -5.677150249481201172e+00
-1.537874221801757812e+01 6.799871444702148438e+00 -5.284266471862792969e+00
-1.528412437438964844e+01 6.775012016296386719e+00 -5.301480770111083984e+00
-1.528864192962646484e+01 6.671164035797119141e+00 -5.768445014953613281e+00
-1.508039760589599609e+01 6.690886020660400391e+00 -5.421045303344726562e+00
-1.501298809051513672e+01 6.594482421875000000e+00 -5.678906917572021484e+00
-1.486236858367919922e+01 6.527743339538574219e+00 -5.621456623077392578e+00
-1.471466732025146484e+01 6.437428474426269531e+00 -5.637663841247558594e+00
-1.455096912384033203e+01 6.329858779907226562e+00 -5.669144630432128906e+00
-1.436755180358886719e+01 6.226078033447265625e+00 -5.699738502502441406e+00
-1.416423892974853516e+01 6.125721931457519531e+00 -5.733344554901123047e+00
-1.394456291198730469e+01 6.019196987152099609e+00 -5.774445533752441406e+00
-1.372266006469726562e+01 5.910677909851074219e+00 -5.819197177886962891e+00
-1.350349330902099609e+01 5.806285858154296875e+00 -5.878969192504882812e+00
-1.328396892547607422e+01 5.723646163940429688e+00 -5.945052623748779297e+00
-1.306794261932373047e+01 5.662052631378173828e+00 -6.039503574371337891e+00
-1.286209297180175781e+01 5.629521369934082031e+00 -6.155033111572265625e+00
-1.266678810119628906e+01 5.629506111145019531e+00 -6.291459083557128906e+00
-1.247862815856933594e+01 5.653539657592773438e+00 -6.447452068328857422e+00
-1.229967021942138672e+01 5.695676803588867188e+00 -6.609908103942871094e+00
-1.213045406341552734e+01 5.749855041503906250e+00 -6.773939132690429688e+00
-1.197525882720947266e+01 5.809229373931884766e+00 -6.924615383148193359e+00
-1.182901000976562500e+01 5.885302066802978516e+00 -7.076436042785644531e+00
-1.168935680389404297e+01 5.978598594665527344e+00 -7.213967323303222656e+00
-1.155599880218505859e+01 6.092887878417968750e+00 -7.336238861083984375e+00
-1.142093658447265625e+01 6.229969978332519531e+00 -7.442594051361083984e+00
-1.128661155700683594e+01 6.391358852386474609e+00 -7.525781631469726562e+00
-1.114656543731689453e+01 6.573927879333496094e+00 -7.591747760772705078e+00
-1.100954723358154297e+01 6.777135372161865234e+00 -7.640076160430908203e+00
-1.086084175109863281e+01 6.997044086456298828e+00 -7.678104400634765625e+00
-1.070773029327392578e+01 7.225032806396484375e+00 -7.708673000335693359e+00
-1.055212306976318359e+01 7.461975097656250000e+00 -7.736410140991210938e+00
-1.040445709228515625e+01 7.693921566009521484e+00 -7.760450839996337891e+00
-1.026489639282226562e+01 7.915749549865722656e+00 -7.783078670501708984e+00
-1.013717269897460938e+01 8.122123718261718750e+00 -7.805687427520751953e+00
-1.002015304565429688e+01 8.311176300048828125e+00 -7.820881843566894531e+00
-9.932260513305664062e+00 8.482743263244628906e+00 -7.830646991729736328e+00
-9.858574867248535156e+00 8.643296241760253906e+00 -7.830726623535156250e+00
-9.792541503906250000e+00 8.788784980773925781e+00 -7.831076145172119141e+00
-9.734043121337890625e+00 8.927018165588378906e+00 -7.825967311859130859e+00
-9.645235061645507812e+00 9.052285194396972656e+00 -7.800148963928222656e+00
-9.559574127197265625e+00 9.171545982360839844e+00 -7.797755718231201172e+00
-9.484326362609863281e+00 9.269658088684082031e+00 -7.832567214965820312e+00
-9.425534248352050781e+00 9.340554237365722656e+00 -7.895251274108886719e+00
-9.354567527770996094e+00 9.399845123291015625e+00 -7.970984935760498047e+00
-9.320867538452148438e+00 9.432831764221191406e+00 -8.067461967468261719e+00
-9.321118354797363281e+00 9.440292358398437500e+00 -8.183733940124511719e+00
-9.337869644165039062e+00 9.417301177978515625e+00 -8.303074836730957031e+00
-9.360041618347167969e+00 9.368955612182617188e+00 -8.413744926452636719e+00
-9.381079673767089844e+00 9.297227859497070312e+00 -8.512293815612792969e+00
-9.402972221374511719e+00 9.201741218566894531e+00 -8.601470947265625000e+00
-9.393387794494628906e+00 9.106936454772949219e+00 -8.687624931335449219e+00
-9.411437034606933594e+00 8.984988212585449219e+00 -8.768261909484863281e+00
-9.430369377136230469e+00 8.853672981262207031e+00 -8.859720230102539062e+00
-9.448175430297851562e+00 8.713810920715332031e+00 -8.948558807373046875e+00
-9.473769187927246094e+00 8.565533638000488281e+00 -9.047747611999511719e+00
-9.505023956298828125e+00 8.405929565429687500e+00 -9.151217460632324219e+00
-9.548101425170898438e+00 8.228870391845703125e+00 -9.257798194885253906e+00
-9.601671218872070312e+00 8.043871879577636719e+00 -9.366724967956542969e+00
-9.665760993957519531e+00 7.851768493652343750e+00 -9.468347549438476562e+00
-9.736074447631835938e+00 7.654379367828369141e+00 -9.561437606811523438e+00
-9.809895515441894531e+00 7.453816413879394531e+00 -9.645088195800781250e+00
-9.886571884155273438e+00 7.255094051361083984e+00 -9.708092689514160156e+00
-9.964203834533691406e+00 7.056169033050537109e+00 -9.758716583251953125e+00
-1.003451156616210938e+01 6.879745960235595703e+00 -9.797724723815917969e+00
-1.010575675964355469e+01 6.700662136077880859e+00 -9.824618339538574219e+00
-1.017270183563232422e+01 6.531713008880615234e+00 -9.843236923217773438e+00
-1.023568630218505859e+01 6.376310348510742188e+00 -9.852273941040039062e+00
-1.029544353485107422e+01 6.232501029968261719e+00 -9.847388267517089844e+00
-1.035414409637451172e+01 6.092630863189697266e+00 -9.840497016906738281e+00
-1.039838981628417969e+01 5.965211391448974609e+00 -9.833267211914062500e+00
-1.044799423217773438e+01 5.843803882598876953e+00 -9.817967414855957031e+00
-1.048064041137695312e+01 5.723392009735107422e+00 -9.797327041625976562e+00
-1.052028369903564453e+01 5.614424705505371094e+00 -9.772408485412597656e+00
-1.055835437774658203e+01 5.507973670959472656e+00 -9.750556945800781250e+00
-1.058454895019531250e+01 5.413364410400390625e+00 -9.708946228027343750e+00
-1.062549400329589844e+01 5.322467803955078125e+00 -9.660023689270019531e+00
-1.067750549316406250e+01 5.240376949310302734e+00 -9.607205390930175781e+00
-1.070554351806640625e+01 5.139913082122802734e+00 -9.567543029785156250e+00
-1.083507061004638672e+01 5.101360797882080078e+00 -9.483026504516601562e+00
-1.065933895111083984e+01 4.924613475799560547e+00 -9.474660873413085938e+00
-1.066073799133300781e+01 4.832717418670654297e+00 -9.420257568359375000e+00
-1.098879623413085938e+01 4.909335136413574219e+00 -9.254614830017089844e+00
-1.066699314117431641e+01 4.663237094879150391e+00 -9.283090591430664062e+00
-1.105580329895019531e+01 4.760283946990966797e+00 -9.112779617309570312e+00
-1.101512527465820312e+01 4.716941356658935547e+00 -9.005378723144531250e+00
-1.076642417907714844e+01 4.455954074859619141e+00 -9.082675933837890625e+00
-1.077331542968750000e+01 4.374818801879882812e+00 -9.024868965148925781e+00
-1.106931400299072266e+01 4.567048072814941406e+00 -8.752435684204101562e+00
-1.081043338775634766e+01 4.223930835723876953e+00 -8.902249336242675781e+00
-1.084813213348388672e+01 4.146911144256591797e+00 -8.833000183105468750e+00
-1.109131431579589844e+01 4.386764049530029297e+00 -8.526651382446289062e+00
-1.099765205383300781e+01 4.073878765106201172e+00 -8.625317573547363281e+00
-1.107919597625732422e+01 4.308021068572998047e+00 -8.355206489562988281e+00
-1.106253814697265625e+01 4.258579730987548828e+00 -8.276074409484863281e+00
-1.104205608367919922e+01 4.211062908172607422e+00 -8.196355819702148438e+00
-1.101624679565429688e+01 4.168080806732177734e+00 -8.116174697875976562e+00
-1.077324867248535156e+01 3.799755573272705078e+00 -8.318758964538574219e+00
-1.068599033355712891e+01 3.767529964447021484e+00 -8.281417846679687500e+00
-1.060915946960449219e+01 3.738395214080810547e+00 -8.255413055419921875e+00
-1.084661769866943359e+01 4.043091297149658203e+00 -7.832551479339599609e+00
-1.079242229461669922e+01 3.987008571624755859e+00 -7.773003578186035156e+00
-1.053063011169433594e+01 3.658828258514404297e+00 -7.981542587280273438e+00
-1.066757869720458984e+01 3.974456310272216797e+00 -7.637461185455322266e+00
-1.024905490875244141e+01 3.697281599044799805e+00 -8.034628868103027344e+00
-1.052032089233398438e+01 3.914730787277221680e+00 -7.528189659118652344e+00
-1.043501281738281250e+01 3.860963106155395508e+00 -7.490832805633544922e+00
-1.034188747406005859e+01 3.811610937118530273e+00 -7.462539196014404297e+00
-9.965814590454101562e+00 3.711444139480590820e+00 -7.879697322845458984e+00
-9.883073806762695312e+00 3.744445085525512695e+00 -7.867679595947265625e+00
-9.797225952148437500e+00 3.827785253524780273e+00 -7.899504661560058594e+00
-1.000267505645751953e+01 3.802586317062377930e+00 -7.366609573364257812e+00
-9.935176849365234375e+00 3.819574117660522461e+00 -7.346591472625732422e+00
-9.643712997436523438e+00 3.922814130783081055e+00 -7.742008686065673828e+00
-9.600316047668457031e+00 3.980636835098266602e+00 -7.720190048217773438e+00
-9.569244384765625000e+00 4.045150279998779297e+00 -7.707414627075195312e+00
-9.547698020935058594e+00 4.129617214202880859e+00 -7.747240066528320312e+00
-9.773162841796875000e+00 4.125087261199951172e+00 -7.255878448486328125e+00
-9.787156105041503906e+00 4.208703041076660156e+00 -7.248917579650878906e+00
-9.805109977722167969e+00 4.303768157958984375e+00 -7.262089729309082031e+00
-9.616090774536132812e+00 4.455562114715576172e+00 -7.720442295074462891e+00
-9.673905372619628906e+00 4.550300121307373047e+00 -7.681215763092041016e+00
-9.881726264953613281e+00 4.640360355377197266e+00 -7.442154884338378906e+00
-9.936543464660644531e+00 4.747025489807128906e+00 -7.440103530883789062e+00
-9.939675331115722656e+00 4.869599819183349609e+00 -7.447661399841308594e+00
-9.925416946411132812e+00 5.004366397857666016e+00 -7.439678192138671875e+00
-9.872076988220214844e+00 5.157663345336914062e+00 -7.414188385009765625e+00
-9.816950798034667969e+00 5.334801673889160156e+00 -7.384470939636230469e+00
-9.746595382690429688e+00 5.530691146850585938e+00 -7.341845512390136719e+00
-9.682384490966796875e+00 5.759849071502685547e+00 -7.304699897766113281e+00
-9.613623619079589844e+00 6.007524967193603516e+00 -7.269272327423095703e+00
-9.543808937072753906e+00 6.254289627075195312e+00 -7.248630046844482422e+00
-9.466434478759765625e+00 6.515773296356201172e+00 -7.227495193481445312e+00
-9.395851135253906250e+00 6.769474506378173828e+00 -7.218691349029541016e+00
-9.326588630676269531e+00 7.009748458862304688e+00 -7.220621585845947266e+00
-9.260203361511230469e+00 7.228323936462402344e+00 -7.232550621032714844e+00
-9.198292732238769531e+00 7.428836822509765625e+00 -7.250949859619140625e+00
-9.139196395874023438e+00 7.611160278320312500e+00 -7.280415534973144531e+00
-9.085457801818847656e+00 7.778261661529541016e+00 -7.315877914428710938e+00
-9.036222457885742188e+00 7.934043884277343750e+00 -7.354528903961181641e+00
-8.982081413269042969e+00 8.073904037475585938e+00 -7.397123813629150391e+00
-8.923254013061523438e+00 8.190833091735839844e+00 -7.453695297241210938e+00
-8.857008934020996094e+00 8.308641433715820312e+00 -7.512121200561523438e+00
-8.782538414001464844e+00 8.397846221923828125e+00 -7.592750072479248047e+00
-8.703708648681640625e+00 8.472278594970703125e+00 -7.689754009246826172e+00
-8.624642372131347656e+00 8.523183822631835938e+00 -7.803997993469238281e+00
-8.543493270874023438e+00 8.562083244323730469e+00 -7.928978443145751953e+00
-8.466812133789062500e+00 8.588418960571289062e+00 -8.057896614074707031e+00
-8.385896682739257812e+00 8.599134445190429688e+00 -8.193688392639160156e+00
-8.298386573791503906e+00 8.602793693542480469e+00 -8.335236549377441406e+00
-8.213420867919921875e+00 8.582302093505859375e+00 -8.479717254638671875e+00
-8.108316421508789062e+00 8.542839050292968750e+00 -8.626496315002441406e+00
-7.992462635040283203e+00 8.498216629028320312e+00 -8.768341064453125000e+00
-7.865051746368408203e+00 8.441069602966308594e+00 -8.906862258911132812e+00
-7.730351448059082031e+00 8.376683235168457031e+00 -9.037803649902343750e+00
-7.593115806579589844e+00 8.307925224304199219e+00 -9.155043601989746094e+00
-7.455475807189941406e+00 8.234400749206542969e+00 -9.268788337707519531e+00
-7.320145130157470703e+00 8.158801078796386719e+00 -9.374783515930175781e+00
-7.188300132751464844e+00 8.084185600280761719e+00 -9.467728614807128906e+00
-7.064266681671142578e+00 8.011594772338867188e+00 -9.551634788513183594e+00
-6.950970649719238281e+00 7.942400932312011719e+00 -9.626800537109375000e+00
-6.846319198608398438e+00 7.868826866149902344e+00 -9.692519187927246094e+00
-6.747242450714111328e+00 7.801798343658447266e+00 -9.751120567321777344e+00
-6.652652740478515625e+00 7.738229274749755859e+00 -9.801575660705566406e+00
-6.576937675476074219e+00 7.689190864562988281e+00 -9.863241195678710938e+00
-6.497174263000488281e+00 7.627421855926513672e+00 -9.912701606750488281e+00
-6.415912151336669922e+00 7.565585136413574219e+00 -9.945301055908203125e+00
-6.337352275848388672e+00 7.505545616149902344e+00 -9.975288391113281250e+00
-6.261580467224121094e+00 7.447527885437011719e+00 -1.001002788543701172e+01
-6.190422534942626953e+00 7.383438110351562500e+00 -1.004164981842041016e+01
-6.140733242034912109e+00 7.295665264129638672e+00 -1.006119632720947266e+01
-6.091355800628662109e+00 7.208837032318115234e+00 -1.008944511413574219e+01
-6.020038127899169922e+00 7.132148742675781250e+00 -1.008507251739501953e+01
-5.955663204193115234e+00 7.054647922515869141e+00 -1.010887622833251953e+01
-5.907521247863769531e+00 6.966678142547607422e+00 -1.013413906097412109e+01
-5.889379501342773438e+00 6.864247798919677734e+00 -1.020163440704345703e+01
-5.859703063964843750e+00 6.762673377990722656e+00 -1.020543289184570312e+01
-5.700476169586181641e+00 6.725490570068359375e+00 -1.006756973266601562e+01
-5.682391166687011719e+00 6.617229938507080078e+00 -1.006874179840087891e+01
-5.597804069519042969e+00 6.563057422637939453e+00 -1.024876499176025391e+01
-5.680254459381103516e+00 6.387102127075195312e+00 -1.009588718414306641e+01
-5.672925949096679688e+00 6.275762081146240234e+00 -1.006779956817626953e+01
-5.492128372192382812e+00 6.281996250152587891e+00 -1.031858348846435547e+01
-5.636137962341308594e+00 6.078226566314697266e+00 -1.006467819213867188e+01
-5.415153980255126953e+00 6.108359336853027344e+00 -1.034500789642333984e+01
-5.415629863739013672e+00 5.995728492736816406e+00 -1.035961532592773438e+01
-5.549669265747070312e+00 5.805721282958984375e+00 -1.011547279357910156e+01
-5.387487411499023438e+00 5.787745952606201172e+00 -1.031525707244873047e+01
-5.244369506835937500e+00 5.781394004821777344e+00 -1.038547420501708984e+01
-5.395050048828125000e+00 5.594034671783447266e+00 -1.005231761932373047e+01
-5.365113258361816406e+00 5.506134033203125000e+00 -1.001873302459716797e+01
-5.312182426452636719e+00 5.426773071289062500e+00 -1.003539466857910156e+01
-5.079250335693359375e+00 5.451585769653320312e+00 -1.033007526397705078e+01
-5.006655693054199219e+00 5.402925491333007812e+00 -1.031969070434570312e+01
-4.936391830444335938e+00 5.351398944854736328e+00 -1.030373573303222656e+01
-5.061321258544921875e+00 5.212169647216796875e+00 -9.916896820068359375e+00
-4.988916873931884766e+00 5.175976753234863281e+00 -9.889231681823730469e+00
-4.791001796722412109e+00 5.154531478881835938e+00 -1.012490653991699219e+01
-4.672919273376464844e+00 5.169669151306152344e+00 -1.015089321136474609e+01
-4.728698730468750000e+00 5.095818996429443359e+00 -9.847213745117187500e+00
-4.647458553314208984e+00 5.087769031524658203e+00 -9.807307243347167969e+00
-4.575665473937988281e+00 5.094223976135253906e+00 -9.746232986450195312e+00
-4.342769622802734375e+00 5.194744586944580078e+00 -9.978390693664550781e+00
-4.247242450714111328e+00 5.259967327117919922e+00 -9.962011337280273438e+00
-4.176753044128417969e+00 5.295109748840332031e+00 -9.900584220886230469e+00
-4.112971782684326172e+00 5.322047233581542969e+00 -9.824089050292968750e+00
-4.212331771850585938e+00 5.253926753997802734e+00 -9.474058151245117188e+00
-4.138852596282958984e+00 5.293220520019531250e+00 -9.423590660095214844e+00
-3.916277408599853516e+00 5.446541786193847656e+00 -9.607027053833007812e+00
-3.895527601242065430e+00 5.379918575286865234e+00 -9.420172691345214844e+00
-3.764462947845458984e+00 5.558146476745605469e+00 -9.496335029602050781e+00
-3.711839675903320312e+00 5.630299568176269531e+00 -9.417937278747558594e+00
-3.662914514541625977e+00 5.715690612792968750e+00 -9.343884468078613281e+00
-3.690294981002807617e+00 5.671244621276855469e+00 -9.114339828491210938e+00
-3.539464235305786133e+00 5.836575984954833984e+00 -9.195558547973632812e+00
-3.592663764953613281e+00 5.770700931549072266e+00 -8.937403678894042969e+00
-3.555648088455200195e+00 5.862752437591552734e+00 -8.864916801452636719e+00
-3.437939643859863281e+00 6.040050983428955078e+00 -8.914774894714355469e+00
-3.260805845260620117e+00 6.000070095062255859e+00 -8.889612197875976562e+00
-3.230828285217285156e+00 6.054287433624267578e+00 -8.792374610900878906e+00
-3.215911388397216797e+00 6.119366645812988281e+00 -8.691028594970703125e+00
-3.178322792053222656e+00 6.154938220977783203e+00 -8.592542648315429688e+00
-3.134257793426513672e+00 6.167586326599121094e+00 -8.491804122924804688e+00
-3.075721502304077148e+00 6.206497192382812500e+00 -8.413765907287597656e+00
-3.014631271362304688e+00 6.238632678985595703e+00 -8.335173606872558594e+00
-2.949218273162841797e+00 6.268910884857177734e+00 -8.257410049438476562e+00
-2.886866569519042969e+00 6.314628601074218750e+00 -8.179540634155273438e+00
-2.828069686889648438e+00 6.341694831848144531e+00 -8.092319488525390625e+00
-2.764891624450683594e+00 6.372747898101806641e+00 -8.009363174438476562e+00
-2.709429740905761719e+00 6.405713081359863281e+00 -7.913043022155761719e+00
-2.643249034881591797e+00 6.433890342712402344e+00 -7.815680503845214844e+00
-2.578696727752685547e+00 6.467810153961181641e+00 -7.713626384735107422e+00
-2.510208606719970703e+00 6.506028175354003906e+00 -7.605317592620849609e+00
-2.439168453216552734e+00 6.545876026153564453e+00 -7.490130901336669922e+00
-2.361669778823852539e+00 6.590126037597656250e+00 -7.366275310516357422e+00
-2.281673192977905273e+00 6.638090133666992188e+00 -7.235516548156738281e+00
-2.195668697357177734e+00 6.691218852996826172e+00 -7.095219135284423828e+00
-2.104232311248779297e+00 6.748214721679687500e+00 -6.947242736816406250e+00
-2.006078720092773438e+00 6.812929630279541016e+00 -6.786118507385253906e+00
-1.905152678489685059e+00 6.882668972015380859e+00 -6.621014118194580078e+00
-1.800754070281982422e+00 6.960106372833251953e+00 -6.449224948883056641e+00
-1.693003654479980469e+00 7.045081615447998047e+00 -6.273053646087646484e+00
-1.583992719650268555e+00 7.135695934295654297e+00 -6.096941471099853516e+00
-1.474068641662597656e+00 7.234375953674316406e+00 -5.920711040496826172e+00
-1.363402724266052246e+00 7.340244293212890625e+00 -5.746193408966064453e+00
-1.252779841423034668e+00 7.454678058624267578e+00 -5.574201583862304688e+00
-1.144077658653259277e+00 7.576229572296142578e+00 -5.407650947570800781e+00
-1.036746859550476074e+00 7.705113410949707031e+00 -5.246326446533203125e+00
-9.388086199760437012e-01 7.833879947662353516e+00 -5.093396663665771484e+00
-8.374870419502258301e-01 7.970761299133300781e+00 -4.950157165527343750e+00
-7.413169145584106445e-01 8.111810684204101562e+00 -4.811031341552734375e+00
-6.467777490615844727e-01 8.257170677185058594e+00 -4.679687023162841797e+00
-5.549443960189819336e-01 8.402389526367187500e+00 -4.556073188781738281e+00
-4.666547179222106934e-01 8.546889305114746094e+00 -4.441738605499267578e+00
-3.781467974185943604e-01 8.692526817321777344e+00 -4.333000659942626953e+00
-2.941915094852447510e-01 8.833650588989257812e+00 -4.232286453247070312e+00
-2.083948999643325806e-01 8.978528976440429688e+00 -4.134918212890625000e+00
-1.207636669278144836e-01 9.122035980224609375e+00 -4.043032646179199219e+00
-3.125682845711708069e-02 9.264860153198242188e+00 -3.956146478652954102e+00
6.136047095060348511e-02 9.410171508789062500e+00 -3.874049663543701172e+00
1.577395051717758179e-01 9.556965827941894531e+00 -3.795178413391113281e+00
2.604930400848388672e-01 9.708304405212402344e+00 -3.719827413558959961e+00
3.686808049678802490e-01 9.859295845031738281e+00 -3.648567676544189453e+00
4.834447801113128662e-01 1.001522731781005859e+01 -3.580165386199951172e+00
6.006659269332885742e-01 1.017451190948486328e+01 -3.512211084365844727e+00
7.206851840019226074e-01 1.033011150360107422e+01 -3.448860168457031250e+00
8.393617272377014160e-01 1.047818660736083984e+01 -3.389729738235473633e+00
9.520435333251953125e-01 1.061767196655273438e+01 -3.335966587066650391e+00
1.062669515609741211e+00 1.074452495574951172e+01 -3.281880378723144531e+00
1.169668078422546387e+00 1.086152458190917969e+01 -3.236455678939819336e+00
1.270354270935058594e+00 1.096810150146484375e+01 -3.198900699615478516e+00
1.362765669822692871e+00 1.106474399566650391e+01 -3.160799264907836914e+00
1.442859888076782227e+00 1.115683650970458984e+01 -3.129827737808227539e+00
1.506099820137023926e+00 1.124158096313476562e+01 -3.095958948135375977e+00
1.554165124893188477e+00 1.131894016265869141e+01 -3.064569711685180664e+00
1.580947041511535645e+00 1.138815879821777344e+01 -3.030749320983886719e+00
1.595171451568603516e+00 1.144991683959960938e+01 -2.996141195297241211e+00
1.596238732337951660e+00 1.150428867340087891e+01 -2.961381196975708008e+00
1.581315636634826660e+00 1.154925537109375000e+01 -2.923650741577148438e+00
1.547996759414672852e+00 1.159086513519287109e+01 -2.879303455352783203e+00
1.495802164077758789e+00 1.162802982330322266e+01 -2.830933809280395508e+00
1.411532282829284668e+00 1.166461563110351562e+01 -2.776339292526245117e+00
1.299976348876953125e+00 1.169924259185791016e+01 -2.719979763031005859e+00
1.153348803520202637e+00 1.173145484924316406e+01 -2.663553237915039062e+00
9.666397571563720703e-01 1.176560592651367188e+01 -2.599581956863403320e+00
7.345678210258483887e-01 1.181093692779541016e+01 -2.521085739135742188e+00
4.589641988277435303e-01 1.186539173126220703e+01 -2.427971363067626953e+00
1.541649401187896729e-01 1.193246650695800781e+01 -2.324031352996826172e+00
-1.435238867998123169e-01 1.200152492523193359e+01 -2.228851556777954102e+00
-4.012873768806457520e-01 1.206625843048095703e+01 -2.155303955078125000e+00
-6.029073596000671387e-01 1.212254428863525391e+01 -2.109136343002319336e+00
-7.790949940681457520e-01 1.217530059814453125e+01 -2.079300642013549805e+00
2.116316556930541992e+00 -2.223712682723999023e+00 -6.800916671752929688e+00
2.135557889938354492e+00 -2.409335613250732422e+00 -6.840414524078369141e+00
2.153785467147827148e+00 -2.604904651641845703e+00 -6.884210109710693359e+00
2.173933982849121094e+00 -2.842410564422607422e+00 -6.938721656799316406e+00
2.194672107696533203e+00 -3.111367702484130859e+00 -7.001732826232910156e+00
2.213144540786743164e+00 -3.386342048645019531e+00 -7.067728519439697266e+00
2.227929115295410156e+00 -3.633424043655395508e+00 -7.127491950988769531e+00
2.239286661148071289e+00 -3.839126348495483398e+00 -7.177595615386962891e+00
2.247157573699951172e+00 -3.994805574417114258e+00 -7.215899467468261719e+00
2.252255439758300781e+00 -4.106843471527099609e+00 -7.243037223815917969e+00
2.255288600921630859e+00 -4.182884216308593750e+00 -7.261522293090820312e+00
2.257579565048217773e+00 -4.235654354095458984e+00 -7.274585723876953125e+00
2.258692741394042969e+00 -4.270613670349121094e+00 -7.283006668090820312e+00
2.259557485580444336e+00 -4.294997692108154297e+00 -7.289195537567138672e+00
2.260170459747314453e+00 -4.311382770538330078e+00 -7.292969226837158203e+00
2.260403156280517578e+00 -4.321660041809082031e+00 -7.295508861541748047e+00
2.260636568069458008e+00 -4.327608108520507812e+00 -7.296983242034912109e+00
2.260747909545898438e+00 -4.330560684204101562e+00 -7.297711849212646484e+00
2.260792016983032227e+00 -4.331698894500732422e+00 -7.297999382019042969e+00
