4.085518717765808105e-01 -3.869966864585876465e-01 8.266311287879943848e-01
3.484041988849639893e-01 -4.028554260730743408e-01 8.463581204414367676e-01
2.902855277061462402e-01 -4.213430881500244141e-01 8.591881990432739258e-01
2.381998747587203979e-01 -4.291974306106567383e-01 8.712349534034729004e-01
1.892425268888473511e-01 -4.296374320983886719e-01 8.829489350318908691e-01
1.416913270950317383e-01 -4.286513328552246094e-01 8.922900557518005371e-01
9.546780586242675781e-02 -4.281356036663055420e-01 8.986577391624450684e-01
5.144175887107849121e-02 -4.281134903430938721e-01 9.022597074508666992e-01
1.028867065906524658e-02 -4.287037253379821777e-01 9.033865928649902344e-01
-2.752917818725109100e-02 -4.299860596656799316e-01 9.024157524108886719e-01
-6.177113577723503113e-02 -4.319960474967956543e-01 8.997575640678405762e-01
-9.240119904279708862e-02 -4.347180426120758057e-01 8.958137631416320801e-01
-1.195560321211814880e-01 -4.380928277969360352e-01 8.909438848495483398e-01
-1.435173451900482178e-01 -4.420164227485656738e-01 8.854514360427856445e-01
-1.646720767021179199e-01 -4.463540613651275635e-01 8.795744180679321289e-01
-1.834936141967773438e-01 -4.509440362453460693e-01 8.734869956970214844e-01
-2.005101144313812256e-01 -4.556038379669189453e-01 8.673065900802612305e-01
-2.162933498620986938e-01 -4.601376056671142578e-01 8.610984683036804199e-01
-2.314394414424896240e-01 -4.643408656120300293e-01 8.548821210861206055e-01
-2.465554922819137573e-01 -4.679961204528808594e-01 8.486400246620178223e-01
-2.622433602809906006e-01 -4.708885550498962402e-01 8.423137664794921875e-01
-2.790811061859130859e-01 -4.727900326251983643e-01 8.358129858970642090e-01
-2.975983321666717529e-01 -4.734733700752258301e-01 8.290104269981384277e-01
-3.182544410228729248e-01 -4.727107882499694824e-01 8.217412233352661133e-01
-3.414011299610137939e-01 -4.702722430229187012e-01 8.138115406036376953e-01
-3.672544360160827637e-01 -4.659433960914611816e-01 8.049974441528320312e-01
-3.958586752414703369e-01 -4.595331549644470215e-01 7.950630187988281250e-01
-4.270627200603485107e-01 -4.508943259716033936e-01 7.837803959846496582e-01
-4.605160355567932129e-01 -4.399437308311462402e-01 7.709568738937377930e-01
-4.956716895103454590e-01 -4.266865849494934082e-01 7.564709186553955078e-01
-5.318339467048645020e-01 -4.112308621406555176e-01 7.402984499931335449e-01
-5.682125687599182129e-01 -3.937920331954956055e-01 7.225387692451477051e-01
-6.040041446685791016e-01 -3.746845722198486328e-01 7.034134864807128906e-01
-6.384674906730651855e-01 -3.542937636375427246e-01 6.832534670829772949e-01
-6.709857583045959473e-01 -3.330432176589965820e-01 6.624653935432434082e-01
-7.011083960533142090e-01 -3.113525509834289551e-01 6.414878368377685547e-01
-7.285568714141845703e-01 -2.896055281162261963e-01 6.207523941993713379e-01
-7.532162070274353027e-01 -2.681245803833007812e-01 6.006451249122619629e-01
-7.751032710075378418e-01 -2.471591532230377197e-01 5.814871191978454590e-01
-7.943316102027893066e-01 -2.268860042095184326e-01 5.635245442390441895e-01
-8.110765814781188965e-01 -2.074143290519714355e-01 5.469315052032470703e-01
-8.255456089973449707e-01 -1.887984871864318848e-01 5.318171381950378418e-01
-8.379556536674499512e-01 -1.710518151521682739e-01 5.182390809059143066e-01
-8.485164046287536621e-01 -1.541594266891479492e-01 5.062162280082702637e-01
-8.574224710464477539e-01 -1.380882561206817627e-01 4.957402348518371582e-01
-8.648466467857360840e-01 -1.227976381778717041e-01 4.867864549160003662e-01
-8.709388375282287598e-01 -1.082436069846153259e-01 4.793212413787841797e-01
-8.758257031440734863e-01 -9.438482671976089478e-02 4.733085334300994873e-01
-8.796118497848510742e-01 -8.118490874767303467e-02 4.687131345272064209e-01
-8.823823928833007812e-01 -6.861330568790435791e-02 4.655035734176635742e-01
-8.842035531997680664e-01 -5.664670094847679138e-02 4.636543095111846924e-01
-8.851261734962463379e-01 -4.526840150356292725e-02 4.631440341472625732e-01
-8.851874470710754395e-01 -3.446570411324501038e-02 4.639562368392944336e-01
-8.844116330146789551e-01 -2.423118613660335541e-02 4.660782217979431152e-01
-8.828127384185791016e-01 -1.456048805266618729e-02 4.694994688034057617e-01
-8.803958296775817871e-01 -5.451421253383159637e-03 4.742083251476287842e-01
-8.771582245826721191e-01 3.096734872087836266e-03 4.801915585994720459e-01
-8.730919957160949707e-01 1.108531653881072998e-02 4.874294698238372803e-01
-8.681852221488952637e-01 1.851591840386390686e-02 4.958947300910949707e-01
-8.624240159988403320e-01 2.539178915321826935e-02 5.055493116378784180e-01
-8.557949662208557129e-01 3.171674907207489014e-02 5.163418650627136230e-01
-8.482879996299743652e-01 3.749753907322883606e-02 5.282058715820312500e-01
-8.398988246917724609e-01 4.274234175682067871e-02 5.410574674606323242e-01
-8.306323289871215820e-01 4.746153950691223145e-02 5.547948479652404785e-01
-8.205068111419677734e-01 5.166878923773765564e-02 5.692968964576721191e-01
-8.095572590827941895e-01 5.537837743759155273e-02 5.844230651855468750e-01
-7.978384494781494141e-01 5.860850587487220764e-02 6.000156998634338379e-01
-7.854303121566772461e-01 6.137971580028533936e-02 6.158992052078247070e-01
-7.724406719207763672e-01 6.371732801198959351e-02 6.318824887275695801e-01
-7.590079903602600098e-01 6.565031409263610840e-02 6.477630138397216797e-01
-7.453048229217529297e-01 6.721341609954833984e-02 6.633272767066955566e-01
-7.315379977226257324e-01 6.844900548458099365e-02 6.783560514450073242e-01
-7.179501056671142578e-01 6.940748542547225952e-02 6.926257014274597168e-01
-7.048158049583435059e-01 7.014980167150497437e-02 7.059133648872375488e-01
-6.924393773078918457e-01 7.074881345033645630e-02 7.179989218711853027e-01
-6.811477541923522949e-01 7.129037380218505859e-02 7.286668419837951660e-01
-6.712817549705505371e-01 7.187547534704208374e-02 7.377090454101562500e-01
-6.631851792335510254e-01 7.261883467435836792e-02 7.449240684509277344e-01
-6.571900248527526855e-01 7.365016639232635498e-02 7.501179575920104980e-01
-6.536008715629577637e-01 7.511293143033981323e-02 7.531028985977172852e-01
-6.526781320571899414e-01 7.716177403926849365e-02 7.536957263946533203e-01
-6.546184420585632324e-01 7.996028661727905273e-02 7.517186999320983887e-01
-6.595368981361389160e-01 8.367415517568588257e-02 7.470004558563232422e-01
-6.674497723579406738e-01 8.846624940633773804e-02 7.393811941146850586e-01
-6.782605648040771484e-01 9.448764473199844360e-02 7.287212610244750977e-01
-6.917518377304077148e-01 1.018692627549171448e-01 7.149140834808349609e-01
-7.075834274291992188e-01 1.107111945748329163e-01 6.979030966758728027e-01
-7.253028154373168945e-01 1.210720241069793701e-01 6.777000427246093750e-01
-7.443634271621704102e-01 1.329612731933593750e-01 6.544037461280822754e-01
-7.641568779945373535e-01 1.463352888822555542e-01 6.282119750976562500e-01
-7.840487360954284668e-01 1.610938161611557007e-01 5.994300246238708496e-01
-8.034223914146423340e-01 1.770859956741333008e-01 5.684653520584106445e-01
-8.217198848724365234e-01 1.941178143024444580e-01 5.358123779296875000e-01
-8.384730219841003418e-01 2.119639068841934204e-01 5.020300745964050293e-01
-8.533272743225097656e-01 2.303805202245712280e-01 4.677149653434753418e-01
-8.660504221916198730e-01 2.491188943386077881e-01 4.334701597690582275e-01
-8.765295147895812988e-01 2.679360210895538330e-01 3.998830020427703857e-01
-8.847606778144836426e-01 2.866023778915405273e-01 3.675018250942230225e-01
-8.908298015594482422e-01 3.049097955226898193e-01 3.368270099163055420e-01
-8.948916792869567871e-01 3.226718604564666748e-01 3.083043992519378662e-01
-8.971517086029052734e-01 3.397241532802581787e-01 2.823232114315032959e-01
-8.978439569473266602e-01 3.559239208698272705e-01 2.592189013957977295e-01
-8.972154259681701660e-01 3.711477816104888916e-01 2.392775714397430420e-01
-8.955116868019104004e-01 3.852875828742980957e-01 2.227382212877273560e-01
-8.929636478424072266e-01 3.982471525669097900e-01 2.097977697849273682e-01
-8.897791504859924316e-01 4.099373817443847656e-01 2.006101161241531372e-01
-8.861339092254638672e-01 4.202733933925628662e-01 1.952867954969406128e-01
-8.821668624877929688e-01 4.291693568229675293e-01 1.938951313495635986e-01
-8.779757618904113770e-01 4.365372955799102783e-01 1.964526921510696411e-01
-8.736171126365661621e-01 4.422854185104370117e-01 2.029203623533248901e-01
-8.691073656082153320e-01 4.463181495666503906e-01 2.131960988044738770e-01
-8.644278645515441895e-01 4.485395848751068115e-01 2.271051704883575439e-01
-8.595332503318786621e-01 4.488598108291625977e-01 2.443920820951461792e-01
-8.543631434440612793e-01 4.472017288208007812e-01 2.647153735160827637e-01
-8.488564491271972656e-01 4.435118734836578369e-01 2.876455485820770264e-01
-8.429675102233886719e-01 4.377723634243011475e-01 3.126677572727203369e-01
-8.366830945014953613e-01 4.300110042095184326e-01 3.391932249069213867e-01
-8.300358653068542480e-01 4.203115999698638916e-01 3.665768504142761230e-01
-8.231169581413269043e-01 4.088188707828521729e-01 3.941389918327331543e-01
-8.160777688026428223e-01 3.957403600215911865e-01 4.211966097354888916e-01
-8.091284632682800293e-01 3.813402950763702393e-01 4.470914304256439209e-01
-8.025260567665100098e-01 3.659313917160034180e-01 4.712177813053131104e-01
-7.965577840805053711e-01 3.498626947402954102e-01 4.930433630943298340e-01
-7.915185689926147461e-01 3.335022628307342529e-01 5.121275782585144043e-01
-7.876870036125183105e-01 3.172225654125213623e-01 5.281279087066650391e-01
-7.853016257286071777e-01 3.013878464698791504e-01 5.408020019531250000e-01
-7.845410704612731934e-01 2.863411903381347656e-01 5.500037074089050293e-01
-7.855074405670166016e-01 2.723950743675231934e-01 5.556787252426147461e-01
-7.882176041603088379e-01 2.598265409469604492e-01 5.578559041023254395e-01
-7.926001548767089844e-01 2.488693892955780029e-01 5.566408038139343262e-01
-7.985001802444458008e-01 2.397134602069854736e-01 5.522091984748840332e-01
-8.056908845901489258e-01 2.325020134449005127e-01 5.447981953620910645e-01
-8.138906359672546387e-01 2.273306697607040405e-01 5.346987247467041016e-01
-8.227831721305847168e-01 2.242483645677566528e-01 5.222455859184265137e-01
-8.320395350456237793e-01 2.232600748538970947e-01 5.078042745590209961e-01
-8.413391709327697754e-01 2.243305891752243042e-01 4.917563498020172119e-01
-8.503860831260681152e-01 2.273875772953033447e-01 4.744875133037567139e-01
-8.589220643043518066e-01 2.323292046785354614e-01 4.563727676868438721e-01
-8.667333126068115234e-01 2.390303015708923340e-01 4.377645552158355713e-01
-8.736534714698791504e-01 2.473474591970443726e-01 4.189855456352233887e-01
-8.795598149299621582e-01 2.571258842945098877e-01 4.003259539604187012e-01
-8.843703269958496094e-01 2.682026326656341553e-01 3.820425868034362793e-01
-8.880366683006286621e-01 2.804113030433654785e-01 3.643629848957061768e-01
-8.905387520790100098e-01 2.935838103294372559e-01 3.474899530410766602e-01
-8.918786644935607910e-01 3.075520694255828857e-01 3.316087424755096436e-01
-8.920747637748718262e-01 3.221488893032073975e-01 3.168952465057373047e-01
-8.911594152450561523e-01 3.372094035148620605e-01 3.035206496715545654e-01
-8.891743421554565430e-01 3.525683581829071045e-01 2.916583716869354248e-01
-8.861691355705261230e-01 3.680621683597564697e-01 2.814862132072448730e-01
-8.821977376937866211e-01 3.835300505161285400e-01 2.731882929801940918e-01
-8.773177266120910645e-01 3.988109230995178223e-01 2.669523656368255615e-01
-8.715858459472656250e-01 4.137457013130187988e-01 2.629688978195190430e-01
-8.650565147399902344e-01 4.281768798828125000e-01 2.614226043224334717e-01
-8.577780723571777344e-01 4.419481754302978516e-01 2.624852359294891357e-01
-8.497894406318664551e-01 4.549047648906707764e-01 2.663071155548095703e-01
-8.411177396774291992e-01 4.668929576873779297e-01 2.730051875114440918e-01
-8.317756056785583496e-01 4.777628183364868164e-01 2.826518714427947998e-01
-8.217610716819763184e-01 4.873684644699096680e-01 2.952637374401092529e-01
-8.110594153404235840e-01 4.955715239048004150e-01 3.107917904853820801e-01
-7.996451258659362793e-01 5.022462010383605957e-01 3.291147649288177490e-01
-7.874891161918640137e-01 5.072833895683288574e-01 3.500348627567291260e-01
-7.745638489723205566e-01 5.106007456779479980e-01 3.732795715332031250e-01
-7.608531117439270020e-01 5.121467113494873047e-01 3.985076546669006348e-01
-7.463576197624206543e-01 5.119088888168334961e-01 4.253229200839996338e-01
-7.311007380485534668e-01 5.099183320999145508e-01 4.532935917377471924e-01
-7.151319384574890137e-01 5.062517523765563965e-01 4.819703102111816406e-01
-6.985267996788024902e-01 5.010275840759277344e-01 5.109125971794128418e-01
-6.813812255859375000e-01 4.944038689136505127e-01 5.397078394889831543e-01
-6.638065576553344727e-01 4.865674078464508057e-01 5.679904222488403320e-01
-6.459201574325561523e-01 4.777271151542663574e-01 5.954527258872985840e-01
-6.278371810913085938e-01 4.680990874767303467e-01 6.218550801277160645e-01
-6.096624135971069336e-01 4.579018056392669678e-01 6.470221877098083496e-01
-5.914865136146545410e-01 4.473451972007751465e-01 6.708398461341857910e-01
-5.733795166015625000e-01 4.366261661052703857e-01 6.932484507560729980e-01
-5.553910732269287109e-01 4.259234070777893066e-01 7.142339944839477539e-01
-5.375521183013916016e-01 4.153985083103179932e-01 7.338131666183471680e-01
-5.198790431022644043e-01 4.051916003227233887e-01 7.520275712013244629e-01
-5.023755431175231934e-01 3.954255580902099609e-01 7.689327001571655273e-01
-4.850436747074127197e-01 3.862052857875823975e-01 7.845879197120666504e-01
-4.678868949413299561e-01 3.776180446147918701e-01 7.990535497665405273e-01
-4.509205520153045654e-01 3.697376251220703125e-01 8.123822212219238281e-01
-4.341800808906555176e-01 3.626233041286468506e-01 8.246162533760070801e-01
-4.177297353744506836e-01 3.563202321529388428e-01 8.357856869697570801e-01
-4.016722142696380615e-01 3.508613109588623047e-01 8.459052443504333496e-01
-3.861571550369262695e-01 3.462662398815155029e-01 8.549751043319702148e-01
-3.713913261890411377e-01 3.425428867340087891e-01 8.629790544509887695e-01
-3.576455414295196533e-01 3.396852612495422363e-01 8.698871135711669922e-01
-3.452603816986083984e-01 3.376758694648742676e-01 8.756542205810546875e-01
-3.346511721611022949e-01 3.364800214767456055e-01 8.802214860916137695e-01
-3.263040482997894287e-01 3.360483944416046143e-01 8.835140466690063477e-01
-3.207705616950988770e-01 3.363114595413208008e-01 8.854382038116455078e-01
-3.186497986316680908e-01 3.371774554252624512e-01 8.858745098114013672e-01
-3.205613195896148682e-01 3.385275900363922119e-01 8.846691846847534180e-01
-3.271055519580841064e-01 3.402113318443298340e-01 8.816224336624145508e-01
-3.388026952743530273e-01 3.420400619506835938e-01 8.764823079109191895e-01
-3.560212552547454834e-01 3.437881767749786377e-01 8.689410090446472168e-01
-3.788934051990509033e-01 3.451945185661315918e-01 8.586503863334655762e-01
-4.072307646274566650e-01 3.459812402725219727e-01 8.452574014663696289e-01
-4.404605627059936523e-01 3.458785116672515869e-01 8.284700512886047363e-01
-4.776087701320648193e-01 3.446670770645141602e-01 8.081425428390502930e-01
-5.173569917678833008e-01 3.422219455242156982e-01 7.843633294105529785e-01
-5.581735372543334961e-01 3.385519385337829590e-01 7.575123310089111328e-01
-5.985044240951538086e-01 3.338126242160797119e-01 7.282593250274658203e-01
-6.369631886482238770e-01 3.282922804355621338e-01 6.974971294403076172e-01
-6.724843978881835938e-01 3.223664760589599609e-01 6.662166714668273926e-01
-7.043843865394592285e-01 3.164415955543518066e-01 6.353797316551208496e-01
-7.323534488677978516e-01 3.108977973461151123e-01 6.058060526847839355e-01
-7.563822865486145020e-01 3.060538172721862793e-01 5.781149268150329590e-01
-7.766721248626708984e-01 3.021455705165863037e-01 5.527101159095764160e-01
-7.935447692871093750e-01 2.993234097957611084e-01 5.298038125038146973e-01
-8.073724508285522461e-01 2.976663708686828613e-01 5.094550251960754395e-01
-8.185321092605590820e-01 2.971900105476379395e-01 4.916130602359771729e-01
-8.273743391036987305e-01 2.978651821613311768e-01 4.761597514152526855e-01
-8.342112898826599121e-01 2.996277213096618652e-01 4.629415273666381836e-01
-8.393117189407348633e-01 3.023911714553833008e-01 4.517912268638610840e-01
-8.429018855094909668e-01 3.060524463653564453e-01 4.425475597381591797e-01
-8.451694846153259277e-01 3.104975521564483643e-01 4.350631237030029297e-01
-8.462687134742736816e-01 3.156041502952575684e-01 4.292122721672058105e-01
-8.463247418403625488e-01 3.212440907955169678e-01 4.248960018157958984e-01
-8.454378843307495117e-01 3.272851109504699707e-01 4.220417141914367676e-01
-8.436880111694335938e-01 3.335898816585540771e-01 4.206048548221588135e-01
-8.411355614662170410e-01 3.400176763534545898e-01 4.205696582794189453e-01
-8.378253579139709473e-01 3.464236855506896973e-01 4.219471216201782227e-01
-8.337848186492919922e-01 3.526603579521179199e-01 4.247747659683227539e-01
-8.290250301361083984e-01 3.585768043994903564e-01 4.291155636310577393e-01
-8.235390186309814453e-01 3.640209734439849854e-01 4.350542128086090088e-01
-8.172997832298278809e-01 3.688385784626007080e-01 4.426953196525573730e-01
-8.102559447288513184e-01 3.728775084018707275e-01 4.521589875221252441e-01
-8.023307323455810547e-01 3.759850561618804932e-01 4.635739326477050781e-01
-7.934158444404602051e-01 3.780130445957183838e-01 4.770717322826385498e-01
-7.833703756332397461e-01 3.788174986839294434e-01 4.927759468555450439e-01
-7.720172405242919922e-01 3.782596588134765625e-01 5.107925534248352051e-01
-7.591433525085449219e-01 3.762079179286956787e-01 5.311958193778991699e-01
-7.445036172866821289e-01 3.725408315658569336e-01 5.540105700492858887e-01
-7.278265357017517090e-01 3.671459853649139404e-01 5.791997909545898438e-01
-7.088295221328735352e-01 3.599234819412231445e-01 6.066430211067199707e-01
-6.872381567955017090e-01 3.507918715476989746e-01 6.361200809478759766e-01
-6.628115773200988770e-01 3.396898806095123291e-01 6.673017740249633789e-01
-6.353783011436462402e-01 3.265862762928009033e-01 6.997398138046264648e-01
-6.048750281333923340e-01 3.114860355854034424e-01 7.328728437423706055e-01
-5.713842511177062988e-01 2.944411337375640869e-01 7.660447359085083008e-01
-5.351651906967163086e-01 2.755563855171203613e-01 7.985404133796691895e-01
-4.966730773448944092e-01 2.549970448017120361e-01 8.296338319778442383e-01
-4.565523564815521240e-01 2.329840660095214844e-01 8.586491346359252930e-01
-4.156042337417602539e-01 2.097876369953155518e-01 8.850210309028625488e-01
-3.747352957725524902e-01 1.857112944126129150e-01 9.083418250083923340e-01
-3.348812162876129150e-01 1.610701829195022583e-01 9.283916354179382324e-01
-2.969331741333007812e-01 1.361729949712753296e-01 9.451389312744140625e-01
-2.616709172725677490e-01 1.113008931279182434e-01 9.587181210517883301e-01
-2.297139316797256470e-01 8.669689297676086426e-02 9.693890213966369629e-01
-2.014947384595870972e-01 6.255693733692169189e-02 9.774898290634155273e-01
-1.772564798593521118e-01 3.903632611036300659e-02 9.833902120590209961e-01
-1.570682823657989502e-01 1.624894142150878906e-02 9.874539971351623535e-01
-1.408470869064331055e-01 -5.720697343349456787e-03 9.900148510932922363e-01
-1.283922195434570312e-01 -2.681192755699157715e-02 9.913609623908996582e-01
-1.194139868021011353e-01 -4.698115587234497070e-02 9.917323589324951172e-01
-1.135627478361129761e-01 -6.619548797607421875e-02 9.913232326507568359e-01
-1.104586049914360046e-01 -8.443231135606765747e-02 9.902878999710083008e-01
-1.097088605165481567e-01 -1.016752645373344421e-01 9.887498021125793457e-01
-1.109257414937019348e-01 -1.179141849279403687e-01 9.868088960647583008e-01
-1.137405559420585632e-01 -1.331442743539810181e-01 9.845485091209411621e-01
-1.178102865815162659e-01 -1.473672538995742798e-01 9.820405244827270508e-01
-1.228263005614280701e-01 -1.605911105871200562e-01 9.793488979339599609e-01
-1.285144090652465820e-01 -1.728269457817077637e-01 9.765320420265197754e-01
-1.346345245838165283e-01 -1.840921640396118164e-01 9.736445546150207520e-01
-1.409826427698135376e-01 -1.944068968296051025e-01 9.707367420196533203e-01
-1.473861038684844971e-01 -2.037938982248306274e-01 9.678560495376586914e-01
-1.537006646394729614e-01 -2.122770398855209351e-01 9.650464057922363281e-01
-1.598064154386520386e-01 -2.198828160762786865e-01 9.623479247093200684e-01
-1.656054705381393433e-01 -2.266379743814468384e-01 9.597969055175781250e-01
-1.710171252489089966e-01 -2.325700670480728149e-01 9.574258327484130859e-01
-1.759760230779647827e-01 -2.377079874277114868e-01 9.552630186080932617e-01
-1.804278790950775146e-01 -2.420827448368072510e-01 9.533318877220153809e-01
-1.843273490667343140e-01 -2.457257062196731567e-01 9.516524076461791992e-01
-1.876373887062072754e-01 -2.486724257469177246e-01 9.502390623092651367e-01
-1.903262138366699219e-01 -2.509605884552001953e-01 9.491020441055297852e-01
-1.923678666353225708e-01 -2.526298165321350098e-01 9.482471942901611328e-01
-1.937407553195953369e-01 -2.537255883216857910e-01 9.476749300956726074e-01
-1.944288760423660278e-01 -2.542946338653564453e-01 9.473814964294433594e-01
-1.944215893745422363e-01 -2.543890178203582764e-01 9.473575949668884277e-01
-1.937125772237777710e-01 -2.540618479251861572e-01 9.475905895233154297e-01
-1.923060864210128784e-01 -2.533700764179229736e-01 9.480622410774230957e-01
-1.902133226394653320e-01 -2.523725628852844238e-01 9.487502574920654297e-01
-1.874553859233856201e-01 -2.511280775070190430e-01 9.496289491653442383e-01
-1.840651482343673706e-01 -2.496966123580932617e-01 9.506690502166748047e-01
-1.800879687070846558e-01 -2.481367737054824829e-01 9.518384337425231934e-01
-1.755830198526382446e-01 -2.465056478977203369e-01 9.531031847000122070e-01
-1.706257313489913940e-01 -2.448562234640121460e-01 9.544277191162109375e-01
-1.653077751398086548e-01 -2.432391941547393799e-01 9.557761549949645996e-01
-1.597416549921035767e-01 -2.416989058256149292e-01 9.571124911308288574e-01
-1.540569067001342773e-01 -2.402751445770263672e-01 9.584019780158996582e-01
-1.484078317880630493e-01 -2.389997392892837524e-01 9.596115350723266602e-01
-1.429699808359146118e-01 -2.378984838724136353e-01 9.607101082801818848e-01
-1.379443556070327759e-01 -2.369839847087860107e-01 9.616703987121582031e-01
-1.335545331239700317e-01 -2.362602800130844116e-01 9.624678492546081543e-01
-1.300476640462875366e-01 -2.357168644666671753e-01 9.630810618400573730e-01
-1.276958137750625610e-01 -2.353291213512420654e-01 9.634904861450195312e-01
-1.267865002155303955e-01 -2.350558936595916748e-01 9.636772871017456055e-01
-1.276246458292007446e-01 -2.348399758338928223e-01 9.636192321777343750e-01
-1.305253356695175171e-01 -2.346028387546539307e-01 9.632884263992309570e-01
-1.358037739992141724e-01 -2.342513799667358398e-01 9.626441001892089844e-01
-1.437682211399078369e-01 -2.336701601743698120e-01 9.616282582283020020e-01
-1.547082215547561646e-01 -2.327298372983932495e-01 9.601573944091796875e-01
-1.688791066408157349e-01 -2.312845587730407715e-01 9.581165909767150879e-01
-1.864831149578094482e-01 -2.291775643825531006e-01 9.553542137145996094e-01
-2.076536118984222412e-01 -2.262460291385650635e-01 9.516789317131042480e-01
-2.324307262897491455e-01 -2.223282903432846069e-01 9.468612074851989746e-01
-2.607404887676239014e-01 -2.172727584838867188e-01 9.406417608261108398e-01
-2.923744916915893555e-01 -2.109496295452117920e-01 9.327471852302551270e-01
-3.269783258438110352e-01 -2.032626420259475708e-01 9.229136109352111816e-01
-3.640492856502532959e-01 -1.941661387681961060e-01 9.109158515930175781e-01
-4.029481410980224609e-01 -1.836714744567871094e-01 8.966034054756164551e-01
-4.429304003715515137e-01 -1.718596518039703369e-01 8.799300789833068848e-01
-4.831910133361816406e-01 -1.588807702064514160e-01 8.609780669212341309e-01
-5.229182243347167969e-01 -1.449494063854217529e-01 8.399679660797119141e-01
-5.613557100296020508e-01 -1.303324848413467407e-01 8.172473311424255371e-01
-5.978487730026245117e-01 -1.153287887573242188e-01 7.932692170143127441e-01
-6.318823695182800293e-01 -1.002519875764846802e-01 7.685533165931701660e-01
-6.630958318710327148e-01 -8.540791273117065430e-02 7.436460256576538086e-01
-6.912788152694702148e-01 -7.108394801616668701e-02 7.190832495689392090e-01
-7.163547873497009277e-01 -5.753689631819725037e-02 6.953598856925964355e-01
-7.383527755737304688e-01 -4.499088227748870850e-02 6.729123592376708984e-01
-7.573768496513366699e-01 -3.363751620054244995e-02 6.521109938621520996e-01
-7.735766768455505371e-01 -2.364209480583667755e-02 6.332615613937377930e-01
-7.871209979057312012e-01 -1.514926087111234665e-02 6.166124939918518066e-01
-7.981745004653930664e-01 -8.292102254927158356e-03 6.023691892623901367e-01
-8.068822622299194336e-01 -3.198033431544899940e-03 5.907037258148193359e-01
-8.133544325828552246e-01 3.186153207934694365e-06 5.817685723304748535e-01
-8.176548480987548828e-01 1.176354358904063702e-03 5.757075548171997070e-01
-8.197910785675048828e-01 1.740912412060424685e-04 5.726626515388488770e-01
-8.197060823440551758e-01 -3.159497166052460670e-03 5.727756023406982422e-01
-8.172669410705566406e-01 -8.990139700472354889e-03 5.761891007423400879e-01
-8.122581839561462402e-01 -1.748409308493137360e-02 5.830359458923339844e-01
-8.043749332427978516e-01 -2.879480458796024323e-02 5.934237837791442871e-01
-7.932217717170715332e-01 -4.304353147745132446e-02 6.074096560478210449e-01
-7.783213853836059570e-01 -6.028936430811882019e-02 6.249648928642272949e-01
-7.591403722763061523e-01 -8.048895746469497681e-02 6.459314823150634766e-01
-7.351372838020324707e-01 -1.034544110298156738e-01 6.699777841567993164e-01
-7.058444619178771973e-01 -1.288070380687713623e-01 6.965574622154235840e-01
-6.709705591201782227e-01 -1.559475213289260864e-01 7.248992919921875000e-01
-6.305231451988220215e-01 -1.840552836656570435e-01 7.540318965911865234e-01
-5.849081277847290039e-01 -2.121356874704360962e-01 7.828671336174011230e-01
-5.349750518798828125e-01 -2.391095012426376343e-01 8.103260397911071777e-01
-4.819734692573547363e-01 -2.639510929584503174e-01 8.354827165603637695e-01
-4.274098277091979980e-01 -2.858141362667083740e-01 8.576893806457519531e-01
-3.728581964969635010e-01 -3.041335344314575195e-01 8.766296505928039551e-01
-3.197565376758575439e-01 -3.186641335487365723e-01 8.923053741455078125e-01
-2.692703008651733398e-01 -3.294567465782165527e-01 9.049594998359680176e-01
-2.222152352333068848e-01 -3.367964625358581543e-01 9.149800539016723633e-01
-1.790653169155120850e-01 -3.411236107349395752e-01 9.228057265281677246e-01
-1.400053203105926514e-01 -3.429534733295440674e-01 9.288602471351623535e-01
-1.050014644861221313e-01 -3.428228199481964111e-01 9.335133433341979980e-01
-7.387652248144149780e-02 -3.412433862686157227e-01 9.370673298835754395e-01
-4.637144878506660461e-02 -3.386791050434112549e-01 9.397585391998291016e-01
-2.219583466649055481e-02 -3.355350792407989502e-01 9.417662024497985840e-01
-1.056696637533605099e-03 -3.321524262428283691e-01 9.432251453399658203e-01
1.731817051768302917e-02 -3.288077414035797119e-01 9.442380666732788086e-01
3.316992893815040588e-02 -3.257196545600891113e-01 9.448843598365783691e-01
4.670668393373489380e-02 -3.230521082878112793e-01 9.452279806137084961e-01
5.810074508190155029e-02 -3.209202885627746582e-01 9.453223943710327148e-01
6.749445945024490356e-02 -3.193963766098022461e-01 9.452145099639892578e-01
7.500387728214263916e-02 -3.185152113437652588e-01 9.449457526206970215e-01
8.072566986083984375e-02 -3.182761967182159424e-01 9.445547461509704590e-01
8.474238961935043335e-02 -3.186503648757934570e-01 9.440766572952270508e-01
8.712875843048095703e-02 -3.195835947990417480e-01 9.435438513755798340e-01
8.795866370201110840e-02 -3.210007548332214355e-01 9.429855942726135254e-01
8.730763196945190430e-02 -3.228080272674560547e-01 9.424290060997009277e-01
8.525814861059188843e-02 -3.249007165431976318e-01 9.418973326683044434e-01
8.190333843231201172e-02 -3.271635472774505615e-01 9.414116740226745605e-01
7.734768837690353394e-02 -3.294788599014282227e-01 9.409893751144409180e-01
7.170931994915008545e-02 -3.317288458347320557e-01 9.406453371047973633e-01
6.511833518743515015e-02 -3.338022828102111816e-01 9.403913021087646484e-01
5.771683156490325928e-02 -3.355974555015563965e-01 9.402356743812561035e-01
4.965547844767570496e-02 -3.370274305343627930e-01 9.401844143867492676e-01
4.109045118093490601e-02 -3.380232453346252441e-01 9.402403831481933594e-01
3.217926993966102600e-02 -3.385367393493652344e-01 9.404028058052062988e-01
2.307633683085441589e-02 -3.385421633720397949e-01 9.406682252883911133e-01
1.392801944166421890e-02 -3.380360901355743408e-01 9.410300254821777344e-01
4.867712967097759247e-03 -3.370377719402313232e-01 9.414786100387573242e-01
-3.989344462752342224e-03 -3.355872035026550293e-01 9.420006275177001953e-01
-1.254860404878854752e-02 -3.337416052818298340e-01 9.425810575485229492e-01
-2.074160613119602203e-02 -3.315723836421966553e-01 9.432016611099243164e-01
-2.852630801498889923e-02 -3.291610777378082275e-01 9.438428282737731934e-01
-3.589178994297981262e-02 -3.265960216522216797e-01 9.444822669029235840e-01
-4.285664856433868408e-02 -3.239667415618896484e-01 9.450973272323608398e-01
-4.947221651673316956e-02 -3.213625252246856689e-01 9.456631541252136230e-01
-5.582161992788314819e-02 -3.188667893409729004e-01 9.461542963981628418e-01
-6.201943382620811462e-02 -3.165560662746429443e-01 9.465441703796386719e-01
-6.821368634700775146e-02 -3.144977390766143799e-01 9.468041062355041504e-01
-7.458339631557464600e-02 -3.127486407756805420e-01 9.469031691551208496e-01
-8.134087175130844116e-02 -3.113509416580200195e-01 9.468073844909667969e-01
-8.872936666011810303e-02 -3.103350102901458740e-01 9.464772939682006836e-01
-9.702418744564056396e-02 -3.097143173217773438e-01 9.458664655685424805e-01
-1.065293401479721069e-01 -3.094848394393920898e-01 9.449183344841003418e-01
-1.175762414932250977e-01 -3.096253871917724609e-01 9.435612559318542480e-01
-1.305165290832519531e-01 -3.100908398628234863e-01 9.417055249214172363e-01
-1.457147598266601562e-01 -3.108112812042236328e-01 9.392356276512145996e-01
-1.635342538356781006e-01 -3.116891384124755859e-01 9.360055923461914062e-01
-1.843185722827911377e-01 -3.125948309898376465e-01 9.318321347236633301e-01
-2.083669006824493408e-01 -3.133641779422760010e-01 9.264913201332092285e-01
-2.358977347612380981e-01 -3.137992322444915771e-01 9.197186231613159180e-01
-2.670122981071472168e-01 -3.136726319789886475e-01 9.112156629562377930e-01
-3.016491532325744629e-01 -3.127347230911254883e-01 9.006690979003906250e-01
-3.395461738109588623e-01 -3.107310533523559570e-01 8.877807259559631348e-01
-3.802114725112915039e-01 -3.074263930320739746e-01 8.723120093345642090e-01
-4.229189455509185791e-01 -3.026348650455474854e-01 8.541379570960998535e-01
-4.667417407035827637e-01 -2.962519526481628418e-01 8.332988619804382324e-01
-5.106177926063537598e-01 -2.882810235023498535e-01 8.100391626358032227e-01
-5.534500479698181152e-01 -2.788456678390502930e-01 7.848172783851623535e-01
-5.942115783691406250e-01 -2.681873142719268799e-01 7.582797408103942871e-01
-6.320453286170959473e-01 -2.566399574279785156e-01 7.312008142471313477e-01
-6.663256883621215820e-01 -2.445983737707138062e-01 7.044016718864440918e-01
-6.966786980628967285e-01 -2.324729859828948975e-01 6.786715388298034668e-01
-7.229635119438171387e-01 -2.206570357084274292e-01 6.547016501426696777e-01
-7.452278137207031250e-01 -2.094994634389877319e-01 6.330446600914001465e-01
-7.636494636535644531e-01 -1.992912888526916504e-01 6.141030192375183105e-01
-7.784845232963562012e-01 -1.902614682912826538e-01 5.981323719024658203e-01
-7.900196313858032227e-01 -1.825800985097885132e-01 5.852636098861694336e-01
-7.985410094261169434e-01 -1.763652265071868896e-01 5.755237936973571777e-01
-8.043121099472045898e-01 -1.716901659965515137e-01 5.688624382019042969e-01
-8.075618743896484375e-01 -1.685925424098968506e-01 5.651729106903076172e-01
-8.084824681282043457e-01 -1.670783609151840210e-01 5.643055438995361328e-01
-8.072282075881958008e-01 -1.671283543109893799e-01 5.660835504531860352e-01
-8.039210438728332520e-01 -1.687005907297134399e-01 5.703079700469970703e-01
-7.986556291580200195e-01 -1.717325448989868164e-01 5.767644047737121582e-01
-7.915080785751342773e-01 -1.761416941881179810e-01 5.852257013320922852e-01
-7.825413942337036133e-01 -1.818289607763290405e-01 5.954554677009582520e-01
-7.718140482902526855e-01 -1.886798292398452759e-01 6.072092652320861816e-01
-7.593880295753479004e-01 -1.965647339820861816e-01 6.202355623245239258e-01
-7.453347444534301758e-01 -2.053438425064086914e-01 6.342791318893432617e-01
-7.297397851943969727e-01 -2.148692160844802856e-01 6.490848064422607422e-01
-7.127084732055664062e-01 -2.249899804592132568e-01 6.643990874290466309e-01
-6.943695545196533203e-01 -2.355555742979049683e-01 6.799738407135009766e-01
-6.748759150505065918e-01 -2.464207708835601807e-01 6.955711841583251953e-01
-6.544063687324523926e-01 -2.574483454227447510e-01 7.109659910202026367e-01
-6.331651806831359863e-01 -2.685147821903228760e-01 7.259487509727478027e-01
-6.113816499710083008e-01 -2.795112729072570801e-01 7.403283119201660156e-01
-5.893089175224304199e-01 -2.903456389904022217e-01 7.539326548576354980e-01
-5.672193169593811035e-01 -3.009413182735443115e-01 7.666137218475341797e-01
-5.454044342041015625e-01 -3.112386465072631836e-01 7.782444953918457031e-01
-5.241700410842895508e-01 -3.211920559406280518e-01 7.887213826179504395e-01
-5.038331747055053711e-01 -3.307674229145050049e-01 7.979630231857299805e-01
-4.847162067890167236e-01 -3.399384021759033203e-01 8.059106469154357910e-01
-4.671472012996673584e-01 -3.486832976341247559e-01 8.125228881835937500e-01
-4.514509141445159912e-01 -3.569806218147277832e-01 8.177755475044250488e-01
-4.379483163356781006e-01 -3.648039400577545166e-01 8.216564059257507324e-01
-4.269494414329528809e-01 -3.721198439598083496e-01 8.241608142852783203e-01
-4.187530875205993652e-01 -3.788816332817077637e-01 8.252844810485839844e-01
-4.136379957199096680e-01 -3.850247263908386230e-01 8.250209689140319824e-01
-4.118608534336090088e-01 -3.904662132263183594e-01 8.233509063720703125e-01
-4.136461317539215088e-01 -3.950966298580169678e-01 8.202411532402038574e-01
-4.191771447658538818e-01 -3.987824320793151855e-01 8.156365752220153809e-01
-4.285840392112731934e-01 -4.013632535934448242e-01 8.094586730003356934e-01
-4.419246315956115723e-01 -4.026532173156738281e-01 8.016065359115600586e-01
-4.591688215732574463e-01 -4.024476110935211182e-01 7.919595837593078613e-01
-4.801737964153289795e-01 -4.005329608917236328e-01 7.803886532783508301e-01
-5.046678781509399414e-01 -3.967027962207794189e-01 7.667706608772277832e-01
-5.322344899177551270e-01 -3.907799720764160156e-01 7.510109543800354004e-01
-5.623092055320739746e-01 -3.826430737972259521e-01 7.330707311630249023e-01
-5.941916108131408691e-01 -3.722541332244873047e-01 7.129959464073181152e-01
-6.270782351493835449e-01 -3.596848547458648682e-01 6.909412145614624023e-01
-6.601138710975646973e-01 -3.451339304447174072e-01 6.671822667121887207e-01
-6.924524307250976562e-01 -3.289289176464080811e-01 6.421178579330444336e-01
-7.233230471611022949e-01 -3.115152716636657715e-01 6.162483692169189453e-01
-7.520856857299804688e-01 -2.934294641017913818e-01 5.901408791542053223e-01
-7.782667875289916992e-01 -2.752606272697448730e-01 5.643867254257202148e-01
-8.015686273574829102e-01 -2.576144933700561523e-01 5.395576953887939453e-01
-8.218585252761840820e-01 -2.410761862993240356e-01 5.161693692207336426e-01
-8.391383290290832520e-01 -2.261865586042404175e-01 4.946580529212951660e-01
-8.535056710243225098e-01 -2.134273052215576172e-01 4.753701686859130859e-01
-8.651147484779357910e-01 -2.032153308391571045e-01 4.585629999637603760e-01
-8.741380572319030762e-01 -1.959045231342315674e-01 4.444142580032348633e-01
-8.807364702224731445e-01 -1.917923241853713989e-01 4.330346882343292236e-01
-8.850361108779907227e-01 -1.911224573850631714e-01 4.244800209999084473e-01
-8.871116638183593750e-01 -1.940903514623641968e-01 4.187621772289276123e-01
-8.869757056236267090e-01 -2.008409649133682251e-01 4.158569276332855225e-01
-8.845750689506530762e-01 -2.114625126123428345e-01 4.157048463821411133e-01
-8.797912001609802246e-01 -2.259763628244400024e-01 4.182130992412567139e-01
-8.724493384361267090e-01 -2.443197518587112427e-01 4.232491850852966309e-01
-8.623338937759399414e-01 -2.663286328315734863e-01 4.306381940841674805e-01
-8.492138385772705078e-01 -2.917173206806182861e-01 4.401553869247436523e-01
-8.328751921653747559e-01 -3.200680315494537354e-01 4.515256583690643311e-01
-8.131604194641113281e-01 -3.508252799510955811e-01 4.644263386726379395e-01
-7.900064587593078613e-01 -3.833119869232177734e-01 4.784994125366210938e-01
-7.634789943695068359e-01 -4.167577326297760010e-01 4.933687746524810791e-01
-7.337896227836608887e-01 -4.503485560417175293e-01 5.086638927459716797e-01
-7.012946009635925293e-01 -4.832837879657745361e-01 5.240444540977478027e-01
-6.664702892303466797e-01 -5.148371458053588867e-01 5.392216444015502930e-01
-6.298688054084777832e-01 -5.444079041481018066e-01 5.539723038673400879e-01
-5.920673012733459473e-01 -5.715522170066833496e-01 5.681412816047668457e-01
-5.536142587661743164e-01 -5.959951281547546387e-01 5.816365480422973633e-01
-5.149881243705749512e-01 -6.176241040229797363e-01 5.944138169288635254e-01
-4.765670001506805420e-01 -6.364670395851135254e-01 6.064599156379699707e-01
-4.386170208454132080e-01 -6.526612043380737305e-01 6.177770495414733887e-01
-4.012931287288665771e-01 -6.664241552352905273e-01 6.283651590347290039e-01
-3.646484017372131348e-01 -6.780238747596740723e-01 6.382123827934265137e-01
-3.286510705947875977e-01 -6.877554655075073242e-01 6.472872495651245117e-01
-2.932029664516448975e-01 -6.959229111671447754e-01 6.555328965187072754e-01
-2.581611275672912598e-01 -7.028234601020812988e-01 6.628665328025817871e-01
-2.233514487743377686e-01 -7.087386846542358398e-01 6.691811680793762207e-01
-1.885896921157836914e-01 -7.139288783073425293e-01 6.743437647819519043e-01
-1.536928862333297729e-01 -7.186248302459716797e-01 6.782012581825256348e-01
-1.184967234730720520e-01 -7.230247855186462402e-01 6.805834770202636719e-01
-8.286237716674804688e-02 -7.272917628288269043e-01 6.813079118728637695e-01
-4.669672995805740356e-02 -7.315484881401062012e-01 6.801884174346923828e-01
-9.952420368790626526e-03 -7.358758449554443359e-01 6.770433783531188965e-01
2.735420688986778259e-02 -7.403110265731811523e-01 6.717077493667602539e-01
6.514024734497070312e-02 -7.448467016220092773e-01 6.640483736991882324e-01
1.032527014613151550e-01 -7.494339346885681152e-01 6.539783477783203125e-01
1.414684504270553589e-01 -7.539870738983154297e-01 6.414749622344970703e-01
1.795046776533126831e-01 -7.583903074264526367e-01 6.265957355499267578e-01
2.170338630676269531e-01 -7.625116109848022461e-01 6.094852685928344727e-01
2.537058889865875244e-01 -7.662144899368286133e-01 5.903800725936889648e-01
2.891750037670135498e-01 -7.693700194358825684e-01 5.696029663085937500e-01
3.231257498264312744e-01 -7.718706727027893066e-01 5.475448966026306152e-01
3.553015291690826416e-01 -7.736362218856811523e-01 5.246406793594360352e-01
3.855213522911071777e-01 -7.746192812919616699e-01 5.013363957405090332e-01
4.136890172958374023e-01 -7.748005390167236328e-01 4.780642986297607422e-01
4.397970438003540039e-01 -7.741884589195251465e-01 4.552040994167327881e-01
4.639180302619934082e-01 -7.728046178817749023e-01 4.330739974975585938e-01
4.861955344676971436e-01 -7.706829905509948730e-01 4.119000434875488281e-01
5.068244338035583496e-01 -7.678546309471130371e-01 3.918267786502838135e-01
5.260388851165771484e-01 -7.643463015556335449e-01 3.729046583175659180e-01
5.441033244132995605e-01 -7.601681947708129883e-01 3.550996780395507812e-01
5.612960457801818848e-01 -7.553136944770812988e-01 3.383017480373382568e-01
5.779064893722534180e-01 -7.497535347938537598e-01 3.223253786563873291e-01
5.942311286926269531e-01 -7.434318661689758301e-01 3.069177269935607910e-01
6.105755567550659180e-01 -7.362555861473083496e-01 2.917622625827789307e-01
6.272515058517456055e-01 -7.280899882316589355e-01 2.764787077903747559e-01
6.445794105529785156e-01 -7.187486886978149414e-01 2.606102824211120605e-01
6.628904342651367188e-01 -7.079718112945556641e-01 2.436231672763824463e-01
6.825131177902221680e-01 -6.954144835472106934e-01 2.248878329992294312e-01
7.037684321403503418e-01 -6.806109547615051270e-01 2.036635130643844604e-01
7.269317507743835449e-01 -6.629471778869628906e-01 1.790847480297088623e-01
7.521822452545166016e-01 -6.416208148002624512e-01 1.501486897468566895e-01
7.795158624649047852e-01 -6.155996918678283691e-01 1.157237738370895386e-01
8.086054921150207520e-01 -5.836034417152404785e-01 7.459364831447601318e-02
8.386178612709045410e-01 -5.441192388534545898e-01 2.557849325239658356e-02
8.679881095886230469e-01 -4.955379664897918701e-01 -3.222833573818206787e-02
8.942534327507019043e-01 -4.364573657512664795e-01 -9.907481074333190918e-02
9.141053557395935059e-01 -3.662179708480834961e-01 -1.740567088127136230e-01
9.238889217376708984e-01 -2.855863571166992188e-01 -2.546954154968261719e-01
9.206219315528869629e-01 -1.972547024488449097e-01 -3.369657397270202637e-01
9.031921029090881348e-01 -1.057109460234642029e-01 -4.160160124301910400e-01
8.729968667030334473e-01 -1.623701862990856171e-02 -4.874555170536041260e-01
8.335176110267639160e-01 6.647229939699172974e-02 -5.484794974327087402e-01
7.891052961349487305e-01 1.393393427133560181e-01 -5.982452630996704102e-01
7.437579035758972168e-01 2.011133432388305664e-01 -6.374775171279907227e-01
7.004361748695373535e-01 2.519815862178802490e-01 -6.677532792091369629e-01
6.609621644020080566e-01 2.929542362689971924e-01 -6.908739805221557617e-01
6.262326240539550781e-01 3.253735899925231934e-01 -7.084947824478149414e-01
5.965120196342468262e-01 3.505918383598327637e-01 -7.219824790954589844e-01
5.716915130615234375e-01 3.698286414146423340e-01 -7.323903441429138184e-01
5.514649748802185059e-01 3.841140270233154297e-01 -7.405017614364624023e-01
5.354443788528442383e-01 3.942904174327850342e-01 -7.468831539154052734e-01
5.232242941856384277e-01 4.010319113731384277e-01 -7.519373893737792969e-01
5.144109725952148438e-01 4.048802554607391357e-01 -7.559454441070556641e-01
5.086396336555480957e-01 4.062650203704833984e-01 -7.591011524200439453e-01
5.055791735649108887e-01 4.055341780185699463e-01 -7.615324854850769043e-01
5.049254298210144043e-01 4.029701352119445801e-01 -7.633252143859863281e-01
5.064057111740112305e-01 3.988066315650939941e-01 -7.645303010940551758e-01
5.097655653953552246e-01 3.932435214519500732e-01 -7.651788592338562012e-01
5.147703289985656738e-01 3.864533305168151855e-01 -7.652878165245056152e-01
5.211996436119079590e-01 3.785883784294128418e-01 -7.648671269416809082e-01
5.288454890251159668e-01 3.697879612445831299e-01 -7.639235854148864746e-01
5.375085473060607910e-01 3.601781129837036133e-01 -7.624672651290893555e-01
5.470002889633178711e-01 3.498774766921997070e-01 -7.605106234550476074e-01
5.571407675743103027e-01 3.389934301376342773e-01 -7.580749988555908203e-01
5.677611827850341797e-01 3.276267349720001221e-01 -7.551873326301574707e-01
5.787051916122436523e-01 3.158670365810394287e-01 -7.518832683563232422e-01
5.898295640945434570e-01 3.037928342819213867e-01 -7.482051253318786621e-01
6.010084152221679688e-01 2.914705276489257812e-01 -7.442000508308410645e-01
6.121315360069274902e-01 2.789497971534729004e-01 -7.399202585220336914e-01
6.231083869934082031e-01 2.662642002105712891e-01 -7.354177236557006836e-01
6.338666677474975586e-01 2.534266114234924316e-01 -7.307448387145996094e-01
6.443535685539245605e-01 2.404282093048095703e-01 -7.259495258331298828e-01
6.545357704162597656e-01 2.272374033927917480e-01 -7.210728526115417480e-01
6.643950343132019043e-01 2.137960195541381836e-01 -7.161498069763183594e-01
6.739334464073181152e-01 2.000183612108230591e-01 -7.112006545066833496e-01
6.831647753715515137e-01 1.857912391424179077e-01 -7.062347531318664551e-01
6.921175718307495117e-01 1.709695458412170410e-01 -7.012436985969543457e-01
7.008290290832519531e-01 1.553786545991897583e-01 -6.962012648582458496e-01
7.093432545661926270e-01 1.388109773397445679e-01 -6.910598278045654297e-01
7.177076935768127441e-01 1.210272461175918579e-01 -6.857463121414184570e-01
7.259680032730102539e-01 1.017547994852066040e-01 -6.801590919494628906e-01
7.341603636741638184e-01 8.069481700658798218e-02 -6.741638183593750000e-01
7.423054575920104980e-01 5.751948803663253784e-02 -6.675882339477539062e-01
7.503977417945861816e-01 3.188493475317955017e-02 -6.602170467376708984e-01
7.583940625190734863e-01 3.441613167524337769e-03 -6.517871618270874023e-01
7.661994695663452148e-01 -2.814670465886592865e-02 -6.419860124588012695e-01
7.736547589302062988e-01 -6.317704916000366211e-02 -6.304497718811035156e-01
7.805217504501342773e-01 -1.018699333071708679e-01 -6.167724132537841797e-01
7.864767909049987793e-01 -1.443239748477935791e-01 -6.005204319953918457e-01
7.911111712455749512e-01 -1.904655098915100098e-01 -5.812624692916870117e-01
7.939484119415283203e-01 -2.399910837411880493e-01 -5.586145520210266113e-01
7.944812774658203125e-01 -2.923328578472137451e-01 -5.322978496551513672e-01
7.922319769859313965e-01 -3.466402292251586914e-01 -5.022041201591491699e-01
7.868251204490661621e-01 -4.018123447895050049e-01 -4.684582054615020752e-01
7.780654430389404297e-01 -4.565762877464294434e-01 -4.314537942409515381e-01
7.659959197044372559e-01 -5.096135139465332031e-01 -3.918472528457641602e-01
7.509173750877380371e-01 -5.597016811370849609e-01 -3.505096435546875000e-01
7.333586215972900391e-01 -6.058493256568908691e-01 -3.084342777729034424e-01
7.140109539031982422e-01 -6.473779678344726562e-01 -2.666273713111877441e-01
6.936351656913757324e-01 -6.839510798454284668e-01 -2.260116189718246460e-01
6.729741096496582031e-01 -7.155455350875854492e-01 -1.873512715101242065e-01
6.526859402656555176e-01 -7.423834204673767090e-01 -1.512217968702316284e-01
6.333026885986328125e-01 -7.648547887802124023e-01 -1.180037707090377808e-01
6.152155399322509766e-01 -7.834423780441284180e-01 -8.790869265794754028e-02
5.986806154251098633e-01 -7.986611723899841309e-01 -6.100758165121078491e-02
5.838344693183898926e-01 -8.110168576240539551e-01 -3.726745769381523132e-02
5.707170963287353516e-01 -8.209794163703918457e-01 -1.657830178737640381e-02
5.592889785766601562e-01 -8.289718627929687500e-01 1.220757840201258659e-03
5.494536161422729492e-01 -8.353647589683532715e-01 1.632222160696983337e-02
5.410735011100769043e-01 -8.404771685600280762e-01 2.894217707216739655e-02
5.339794754981994629e-01 -8.445831537246704102e-01 3.930789604783058167e-02
5.279861092567443848e-01 -8.479149341583251953e-01 4.765545204281806946e-02
5.228969454765319824e-01 -8.506695032119750977e-01 5.422417446970939636e-02
5.185131430625915527e-01 -8.530142307281494141e-01 5.925308167934417725e-02
5.146397352218627930e-01 -8.550902009010314941e-01 6.298123300075531006e-02
5.110892057418823242e-01 -8.570174574851989746e-01 6.564214825630187988e-02
5.076864957809448242e-01 -8.588964343070983887e-01 6.746312230825424194e-02
5.042719244956970215e-01 -8.608109951019287109e-01 6.866064667701721191e-02
5.007029175758361816e-01 -8.628295063972473145e-01 6.943910568952560425e-02
4.968559145927429199e-01 -8.650065660476684570e-01 6.998466700315475464e-02
4.926268756389617920e-01 -8.673831224441528320e-01 7.046482712030410767e-02
4.879315197467803955e-01 -8.699875473976135254e-01 7.102454453706741333e-02
4.827021062374114990e-01 -8.728376030921936035e-01 7.178588211536407471e-02
4.768873751163482666e-01 -8.759406805038452148e-01 7.284481078386306763e-02
4.704510569572448730e-01 -8.792949318885803223e-01 7.427135854959487915e-02
4.633665084838867188e-01 -8.828920125961303711e-01 7.611297070980072021e-02
4.556170105934143066e-01 -8.867174983024597168e-01 7.839108258485794067e-02
4.471903741359710693e-01 -8.907541036605834961e-01 8.110477775335311890e-02
4.380789399147033691e-01 -8.949811458587646484e-01 8.423526585102081299e-02
4.282752573490142822e-01 -8.993780016899108887e-01 8.774668723344802856e-02
4.177697598934173584e-01 -9.039248228073120117e-01 9.158708900213241577e-02
4.065507948398590088e-01 -9.086030125617980957e-01 9.569215029478073120e-02
3.946016132831573486e-01 -9.133959412574768066e-01 9.998727589845657349e-02
3.818966746330261230e-01 -9.182903766632080078e-01 1.043919026851654053e-01
3.684033453464508057e-01 -9.232753515243530273e-01 1.088191047310829163e-01
3.540779352188110352e-01 -9.283422231674194336e-01 1.131795793771743774e-01
3.388647139072418213e-01 -9.334836006164550781e-01 1.173843964934349060e-01
3.226929903030395508e-01 -9.386933445930480957e-01 1.213431879878044128e-01
3.054765164852142334e-01 -9.439633488655090332e-01 1.249694228172302246e-01
2.871123552322387695e-01 -9.492818713188171387e-01 1.281807571649551392e-01
2.674775719642639160e-01 -9.546313285827636719e-01 1.308998465538024902e-01
2.464293092489242554e-01 -9.599835872650146484e-01 1.330569684505462646e-01
2.238051891326904297e-01 -9.652962684631347656e-01 1.345896571874618530e-01
1.994234770536422729e-01 -9.705078601837158203e-01 1.354427933692932129e-01
1.730846613645553589e-01 -9.755315780639648438e-01 1.355724930763244629e-01
1.445784568786621094e-01 -9.802488088607788086e-01 1.349416375160217285e-01
1.136887520551681519e-01 -9.845028519630432129e-01 1.335251778364181519e-01
8.020678162574768066e-02 -9.880917668342590332e-01 1.313069909811019897e-01
4.394519329071044922e-02 -9.907636046409606934e-01 1.282818615436553955e-01
4.756704904139041901e-03 -9.922139048576354980e-01 1.244544759392738342e-01
-3.743786737322807312e-02 -9.920868873596191406e-01 1.198418810963630676e-01
-8.262705802917480469e-02 -9.899842143058776855e-01 1.144729033112525940e-01
-1.306759566068649292e-01 -9.854819774627685547e-01 1.083928272128105164e-01
-1.813054531812667847e-01 -9.781581163406372070e-01 1.016606166958808899e-01
-2.340711802244186401e-01 -9.676299095153808594e-01 9.435558319091796875e-02
-2.883653640747070312e-01 -9.535986185073852539e-01 8.657416701316833496e-02
-3.434366583824157715e-01 -9.358952641487121582e-01 7.843094319105148315e-02
-3.984251916408538818e-01 -9.145213961601257324e-01 7.005628943443298340e-02
-4.524291455745697021e-01 -8.896709084510803223e-01 6.159176677465438843e-02
-5.045703649520874023e-01 -8.617311120033264160e-01 5.318164080381393433e-02
-5.540637373924255371e-01 -8.312587738037109375e-01 4.496897384524345398e-02
-6.002721786499023438e-01 -7.989355921745300293e-01 3.708525002002716064e-02
-6.427398324012756348e-01 -7.655106782913208008e-01 2.964829094707965851e-02
-6.811987161636352539e-01 -7.317445874214172363e-01 2.276135422289371490e-02
-7.155560851097106934e-01 -6.983602046966552734e-01 1.651072315871715546e-02
-7.458665370941162109e-01 -6.660050749778747559e-01 1.096865348517894745e-02
-7.722936272621154785e-01 -6.352355480194091797e-01 6.200286559760570526e-03
-7.950742840766906738e-01 -6.065078377723693848e-01 2.263833303004503250e-03
-8.144847154617309570e-01 -5.801844596862792969e-01 -7.848719251342117786e-04
-8.308137059211730957e-01 -5.565430521965026855e-01 -2.890245756134390831e-03
-8.443425893783569336e-01 -5.357887744903564453e-01 -3.995583392679691315e-03
-8.553287982940673828e-01 -5.180698037147521973e-01 -4.045111592859029770e-03
-8.639982938766479492e-01 -5.034858584403991699e-01 -2.985073719173669815e-03
-8.705390095710754395e-01 -4.920989871025085449e-01 -7.661985000595450401e-04
-8.750982284545898438e-01 -4.839379489421844482e-01 2.650522859767079353e-03
-8.777817487716674805e-01 -4.790053665637969971e-01 7.290562149137258530e-03
-8.786541223526000977e-01 -4.772774577140808105e-01 1.315909903496503830e-02
-8.777442574501037598e-01 -4.787020087242126465e-01 2.023630030453205109e-02
-8.750471472740173340e-01 -4.831997156143188477e-01 2.847035601735115051e-02
-8.705325722694396973e-01 -4.906589090824127197e-01 3.777478635311126709e-02
-8.641530275344848633e-01 -5.009325742721557617e-01 4.802034422755241394e-02
-8.558552861213684082e-01 -5.138349533081054688e-01 5.903744697570800781e-02
-8.455922603607177734e-01 -5.291385054588317871e-01 7.061305642127990723e-02
-8.333370685577392578e-01 -5.465748310089111328e-01 8.249346166849136353e-02
-8.191003203392028809e-01 -5.658310651779174805e-01 9.439172595739364624e-02
-8.029409646987915039e-01 -5.865582823753356934e-01 1.059958785772323608e-01
-7.849786877632141113e-01 -6.083779335021972656e-01 1.169819831848144531e-01
-7.654020786285400391e-01 -6.308907270431518555e-01 1.270296424627304077e-01
-7.444697618484497070e-01 -6.536915302276611328e-01 1.358387023210525513e-01
-7.225079536437988281e-01 -6.763813495635986328e-01 1.431448012590408325e-01
-6.998957991600036621e-01 -6.985868215560913086e-01 1.487354487180709839e-01
-6.770548820495605469e-01 -7.199666500091552734e-01 1.524619311094284058e-01
-6.544239521026611328e-01 -7.402283549308776855e-01 1.542441248893737793e-01
-6.324404478073120117e-01 -7.591310739517211914e-01 1.540744602680206299e-01
-6.115165948867797852e-01 -7.764916419982910156e-01 1.520138382911682129e-01
-5.920245051383972168e-01 -7.921801209449768066e-01 1.481810063123703003e-01
-5.742790699005126953e-01 -8.061180114746093750e-01 1.427488625049591064e-01
-5.585281848907470703e-01 -8.182734847068786621e-01 1.359217464923858643e-01
-5.449535846710205078e-01 -8.286493420600891113e-01 1.279289424419403076e-01
-5.336669683456420898e-01 -8.372793197631835938e-01 1.190083101391792297e-01
-5.247182846069335938e-01 -8.442176580429077148e-01 1.093953922390937805e-01
-5.181040167808532715e-01 -8.495321869850158691e-01 9.931389987468719482e-02
-5.137771368026733398e-01 -8.532982468605041504e-01 8.896669000387191772e-02
-5.116574168205261230e-01 -8.555928468704223633e-01 7.853293418884277344e-02
-5.116438269615173340e-01 -8.564896583557128906e-01 6.816163659095764160e-02
-5.136239528656005859e-01 -8.560546040534973145e-01 5.797471478581428528e-02
-5.174823403358459473e-01 -8.543430566787719727e-01 4.806275293231010437e-02
-5.231086611747741699e-01 -8.513965606689453125e-01 3.848852589726448059e-02
-5.304018259048461914e-01 -8.472401499748229980e-01 2.929030917584896088e-02
-5.392746329307556152e-01 -8.418807983398437500e-01 2.048153430223464966e-02
-5.496507883071899414e-01 -8.353074789047241211e-01 1.205665618181228638e-02
-5.614693760871887207e-01 -8.274878263473510742e-01 3.992811311036348343e-03
-5.746744275093078613e-01 -8.183735609054565430e-01 -3.745659021660685539e-03
-5.892144441604614258e-01 -8.078989386558532715e-01 -1.120500545948743820e-02
-6.050348877906799316e-01 -7.959854006767272949e-01 -1.843917556107044220e-02
-6.220670938491821289e-01 -7.825484275817871094e-01 -2.550414390861988068e-02
-6.402220726013183594e-01 -7.675038576126098633e-01 -3.245976567268371582e-02
-6.593827605247497559e-01 -7.507762908935546875e-01 -3.936116769909858704e-02
-6.793979406356811523e-01 -7.323101162910461426e-01 -4.626319929957389832e-02
-7.000761628150939941e-01 -7.120828032493591309e-01 -5.321163311600685120e-02
-7.211905717849731445e-01 -6.901119351387023926e-01 -6.024684384465217590e-02
-7.424805164337158203e-01 -6.664683222770690918e-01 -6.739885360002517700e-02
-7.636630535125732422e-01 -6.412801742553710938e-01 -7.468853145837783813e-02
-7.844486236572265625e-01 -6.147317290306091309e-01 -8.212929964065551758e-02
-8.045544028282165527e-01 -5.870614647865295410e-01 -8.972814679145812988e-02
-8.237214684486389160e-01 -5.585511922836303711e-01 -9.748571366071701050e-02
-8.417300581932067871e-01 -5.295101404190063477e-01 -1.054015681147575378e-01
-8.584077954292297363e-01 -5.002592802047729492e-01 -1.134756132960319519e-01
-8.736367821693420410e-01 -4.711104333400726318e-01 -1.217119693756103516e-01
-8.873506784439086914e-01 -4.423545002937316895e-01 -1.301199048757553101e-01
-8.995318412780761719e-01 -4.142463803291320801e-01 -1.387164443731307983e-01
-9.102025628089904785e-01 -3.869974911212921143e-01 -1.475275903940200806e-01
-9.194149971008300781e-01 -3.607718944549560547e-01 -1.565876901149749756e-01
-9.272409081459045410e-01 -3.356902301311492920e-01 -1.659406423568725586e-01
-9.337637424468994141e-01 -3.118280172348022461e-01 -1.756378263235092163e-01
-9.390683770179748535e-01 -2.892247438430786133e-01 -1.857410222291946411e-01
-9.432367086410522461e-01 -2.678862214088439941e-01 -1.963197886943817139e-01
-9.463406205177307129e-01 -2.477951347827911377e-01 -2.074532955884933472e-01
-9.484397768974304199e-01 -2.289123982191085815e-01 -2.192283719778060913e-01
-9.495769143104553223e-01 -2.111846059560775757e-01 -2.317430824041366577e-01
-9.497761726379394531e-01 -1.945474147796630859e-01 -2.451049834489822388e-01
-9.490413665771484375e-01 -1.789276301860809326e-01 -2.594325840473175049e-01
-9.473520517349243164e-01 -1.642489582300186157e-01 -2.748567163944244385e-01
-9.446621537208557129e-01 -1.504315882921218872e-01 -2.915196120738983154e-01
-9.408960938453674316e-01 -1.373940408229827881e-01 -3.095760047435760498e-01
-9.359447360038757324e-01 -1.250571459531784058e-01 -3.291932344436645508e-01
-9.296607971191406250e-01 -1.133442670106887817e-01 -3.505480289459228516e-01
-9.218534231185913086e-01 -1.021847948431968689e-01 -3.738242983818054199e-01
-9.122819304466247559e-01 -9.151683002710342407e-02 -3.992070853710174561e-01
-9.006493687629699707e-01 -8.129002898931503296e-02 -4.268752932548522949e-01
-8.865972161293029785e-01 -7.147274166345596313e-02 -4.569870829582214355e-01
-8.697021007537841797e-01 -6.205624341964721680e-02 -4.896602630615234375e-01
-8.494789600372314453e-01 -5.306354537606239319e-02 -5.249472856521606445e-01
-8.253895640373229980e-01 -4.455780237913131714e-02 -5.628024935722351074e-01
-7.968678474426269531e-01 -3.664990514516830444e-02 -6.030411124229431152e-01
-7.633621096611022949e-01 -2.950777672231197357e-02 -6.452965140342712402e-01
-7.243981361389160156e-01 -2.336001209914684296e-02 -6.889859437942504883e-01
-6.796658635139465332e-01 -1.849222742021083832e-02 -7.332887649536132812e-01
-6.291171908378601074e-01 -1.523493416607379913e-02 -7.771612405776977539e-01
-5.730602145195007324e-01 -1.394094806164503098e-02 -8.193946480751037598e-01
-5.122182369232177734e-01 -1.494895573705434799e-02 -8.587251901626586914e-01
-4.477272033691406250e-01 -1.854399591684341431e-02 -8.939778804779052734e-01
-3.810555636882781982e-01 -2.491912990808486938e-02 -9.242162108421325684e-01
-3.138571083545684814e-01 -3.415194153785705566e-02 -9.488558173179626465e-01
-2.477807700634002686e-01 -4.619404301047325134e-02 -9.677142500877380371e-01
-1.843043565750122070e-01 -6.088510900735855103e-02 -9.809816479682922363e-01
-1.246049702167510986e-01 -7.797253131866455078e-02 -9.891379475593566895e-01
-6.950432807207107544e-02 -9.714019298553466797e-02 -9.928408265113830566e-01
-1.947106979787349701e-02 -1.180395707488059998e-01 -9.928179383277893066e-01
2.533116377890110016e-02 -1.403052806854248047e-01 -9.897841811180114746e-01
6.497915089130401611e-02 -1.635786443948745728e-01 -9.843879938125610352e-01
9.971930086612701416e-02 -1.875129491090774536e-01 -9.771872758865356445e-01
1.299081742763519287e-01 -2.117859125137329102e-01 -9.686436653137207031e-01
1.559627056121826172e-01 -2.361052781343460083e-01 -9.591296911239624023e-01
1.783232092857360840e-01 -2.602106928825378418e-01 -9.489421248435974121e-01
1.974281221628189087e-01 -2.838802933692932129e-01 -9.383144378662109375e-01
2.136974185705184937e-01 -3.069304525852203369e-01 -9.274303317070007324e-01
2.275206595659255981e-01 -3.292181789875030518e-01 -9.164330959320068359e-01
2.392517030239105225e-01 -3.506393730640411377e-01 -9.054338932037353516e-01
2.492057979106903076e-01 -3.711288571357727051e-01 -8.945165276527404785e-01
2.576590478420257568e-01 -3.906558752059936523e-01 -8.837419748306274414e-01
2.648475766181945801e-01 -4.092212021350860596e-01 -8.731516003608703613e-01
2.709728479385375977e-01 -4.268520772457122803e-01 -8.627693653106689453e-01
2.762021124362945557e-01 -4.435969889163970947e-01 -8.526043295860290527e-01
2.806719541549682617e-01 -4.595233798027038574e-01 -8.426514863967895508e-01
2.844921648502349854e-01 -4.747083485126495361e-01 -8.328962922096252441e-01
2.877506017684936523e-01 -4.892393946647644043e-01 -8.233129978179931641e-01
2.905143499374389648e-01 -5.032049417495727539e-01 -8.138710856437683105e-01
2.928360700607299805e-01 -5.166957378387451172e-01 -8.045325279235839844e-01
2.947554886341094971e-01 -5.297974348068237305e-01 -7.952571511268615723e-01
2.963025867938995361e-01 -5.425907969474792480e-01 -7.860025763511657715e-01
2.975016832351684570e-01 -5.551500320434570312e-01 -7.767246365547180176e-01
2.983725666999816895e-01 -5.675380229949951172e-01 -7.673814892768859863e-01
2.989339530467987061e-01 -5.798092484474182129e-01 -7.579311728477478027e-01
2.992027997970581055e-01 -5.920052528381347656e-01 -7.483364343643188477e-01
2.992003560066223145e-01 -6.041575074195861816e-01 -7.385612726211547852e-01
2.989483177661895752e-01 -6.162841320037841797e-01 -7.285766005516052246e-01
2.984731793403625488e-01 -6.283906102180480957e-01 -7.183585166931152344e-01
2.978047728538513184e-01 -6.404724717140197754e-01 -7.078893780708312988e-01
2.969783246517181396e-01 -6.525117158889770508e-01 -6.971602439880371094e-01
2.960335314273834229e-01 -6.644814014434814453e-01 -6.861695647239685059e-01
2.950134873390197754e-01 -6.763448119163513184e-01 -6.749256849288940430e-01
2.939658164978027344e-01 -6.880562305450439453e-01 -6.634475588798522949e-01
2.929392457008361816e-01 -6.995647549629211426e-01 -6.517636775970458984e-01
2.919873595237731934e-01 -7.108135223388671875e-01 -6.399120688438415527e-01
2.911625206470489502e-01 -7.217426300048828125e-01 -6.279426813125610352e-01
2.905176281929016113e-01 -7.322903871536254883e-01 -6.159142255783081055e-01
2.901047468185424805e-01 -7.423956990242004395e-01 -6.038939356803894043e-01
2.899735569953918457e-01 -7.519985437393188477e-01 -5.919573903083801270e-01
2.901687920093536377e-01 -7.610424160957336426e-01 -5.801865458488464355e-01
2.907327115535736084e-01 -7.694753408432006836e-01 -5.686671137809753418e-01
2.917012572288513184e-01 -7.772493958473205566e-01 -5.574887990951538086e-01
2.931033968925476074e-01 -7.843238115310668945e-01 -5.467417240142822266e-01
2.949633896350860596e-01 -7.906628847122192383e-01 -5.365153551101684570e-01
2.972959280014038086e-01 -7.962381243705749512e-01 -5.268965959548950195e-01
3.001105487346649170e-01 -8.010258078575134277e-01 -5.179684758186340332e-01
3.034071624279022217e-01 -8.050088882446289062e-01 -5.098085999488830566e-01
3.071804940700531006e-01 -8.081755638122558594e-01 -5.024861693382263184e-01
3.114158511161804199e-01 -8.105193972587585449e-01 -4.960629642009735107e-01
3.160912096500396729e-01 -8.120393157005310059e-01 -4.905899763107299805e-01
3.211779296398162842e-01 -8.127394914627075195e-01 -4.861063957214355469e-01
3.266391754150390625e-01 -8.126289844512939453e-01 -4.826394915580749512e-01
3.324310779571533203e-01 -8.117245435714721680e-01 -4.802008867263793945e-01
3.385030329227447510e-01 -8.100488781929016113e-01 -4.787864685058593750e-01
3.447973430156707764e-01 -8.076340556144714355e-01 -4.783743321895599365e-01
3.512507677078247070e-01 -8.045215010643005371e-01 -4.789237678050994873e-01
3.577952682971954346e-01 -8.007645606994628906e-01 -4.803734123706817627e-01
3.643594980239868164e-01 -7.964300513267517090e-01 -4.826400578022003174e-01
3.708707392215728760e-01 -7.915991544723510742e-01 -4.856188595294952393e-01
3.772561252117156982e-01 -7.863698005676269531e-01 -4.891833662986755371e-01
3.834473490715026855e-01 -7.808551192283630371e-01 -4.931870996952056885e-01
3.893801271915435791e-01 -7.751863598823547363e-01 -4.974628090858459473e-01
3.949989974498748779e-01 -7.695091962814331055e-01 -5.018281340599060059e-01
4.002594351768493652e-01 -7.639831304550170898e-01 -5.060850977897644043e-01
4.051274359226226807e-01 -7.587784528732299805e-01 -5.100263953208923340e-01
4.095839262008666992e-01 -7.540713548660278320e-01 -5.134368538856506348e-01
4.136208891868591309e-01 -7.500401735305786133e-01 -5.160983800888061523e-01
4.172439277172088623e-01 -7.468596696853637695e-01 -5.177915096282958984e-01
4.204673171043395996e-01 -7.446966767311096191e-01 -5.182991623878479004e-01
4.233127236366271973e-01 -7.437024116516113281e-01 -5.174099802970886230e-01
4.258029758930206299e-01 -7.440119385719299316e-01 -5.149155855178833008e-01
4.279597997665405273e-01 -7.457367777824401855e-01 -5.106144547462463379e-01
4.297964572906494141e-01 -7.489624023437500000e-01 -5.043117403984069824e-01
4.313142299652099609e-01 -7.537443041801452637e-01 -4.958201050758361816e-01
4.324957728385925293e-01 -7.601062059402465820e-01 -4.849597513675689697e-01
4.333034455776214600e-01 -7.680340409278869629e-01 -4.715632200241088867e-01
4.336726963520050049e-01 -7.774745821952819824e-01 -4.554792344570159912e-01
4.335135817527770996e-01 -7.883288264274597168e-01 -4.365817904472351074e-01
4.327088892459869385e-01 -8.004508614540100098e-01 -4.147787690162658691e-01
4.311203062534332275e-01 -8.136433959007263184e-01 -3.900251686573028564e-01
4.285903573036193848e-01 -8.276584148406982422e-01 -3.623421490192413330e-01
4.249563217163085938e-01 -8.421991467475891113e-01 -3.318324089050292969e-01
4.200609922409057617e-01 -8.569306135177612305e-01 -2.986949980258941650e-01
4.137702882289886475e-01 -8.714921474456787109e-01 -2.632406949996948242e-01
4.059888124465942383e-01 -8.855201601982116699e-01 -2.258917987346649170e-01
3.966746032238006592e-01 -8.986722826957702637e-01 -1.871824264526367188e-01
3.858550190925598145e-01 -9.106539487838745117e-01 -1.477339714765548706e-01
3.736265301704406738e-01 -9.212434887886047363e-01 -1.082297489047050476e-01
3.601555228233337402e-01 -9.303093552589416504e-01 -6.937213242053985596e-02
3.456659913063049316e-01 -9.378171563148498535e-01 -3.184437379240989685e-02
3.304204046726226807e-01 -9.438265562057495117e-01 3.731563687324523926e-03
3.147022128105163574e-01 -9.484756588935852051e-01 3.682929277420043945e-02
2.987887859344482422e-01 -9.519619941711425781e-01 6.703393906354904175e-02
2.829359769821166992e-01 -9.545159339904785156e-01 9.405617415904998779e-02
2.673602700233459473e-01 -9.563779234886169434e-01 1.177275627851486206e-01
2.522310614585876465e-01 -9.577777385711669922e-01 1.379900127649307251e-01
2.376618832349777222e-01 -9.589198827743530273e-01 1.548854857683181763e-01
2.237139791250228882e-01 -9.599725008010864258e-01 1.685371696949005127e-01
2.103955000638961792e-01 -9.610640406608581543e-01 1.791360527276992798e-01
1.976685225963592529e-01 -9.622813463211059570e-01 1.869267970323562622e-01
1.854528039693832397e-01 -9.636739492416381836e-01 1.921973675489425659e-01
1.736340671777725220e-01 -9.652567505836486816e-01 1.952705681324005127e-01
1.620732992887496948e-01 -9.670174717903137207e-01 1.964931339025497437e-01
1.506132036447525024e-01 -9.689208865165710449e-01 1.962346583604812622e-01
1.390847414731979370e-01 -9.709168076515197754e-01 1.948743015527725220e-01
1.273199021816253662e-01 -9.729436039924621582e-01 1.927961409091949463e-01
1.151568293571472168e-01 -9.749334454536437988e-01 1.903776675462722778e-01
1.024499833583831787e-01 -9.768143892288208008e-01 1.879829019308090210e-01
8.907956629991531372e-02 -9.785133004188537598e-01 1.859478503465652466e-01
7.495557516813278198e-02 -9.799565076828002930e-01 1.845721602439880371e-01
6.002678722143173218e-02 -9.810711741447448730e-01 1.841087639331817627e-01
4.428207129240036011e-02 -9.817871451377868652e-01 1.847510188817977905e-01
2.775031700730323792e-02 -9.820381402969360352e-01 1.866308301687240601e-01
1.050441060215234756e-02 -9.817647337913513184e-01 1.898096054792404175e-01
-7.352773565798997879e-03 -9.809182286262512207e-01 1.942816674709320068e-01
-2.569171786308288574e-02 -9.794642329216003418e-01 1.999741047620773315e-01
-4.436983168125152588e-02 -9.773867726325988770e-01 2.067520320415496826e-01
-6.324359774589538574e-02 -9.746893048286437988e-01 2.144318819046020508e-01
-8.218352496623992920e-02 -9.713962078094482422e-01 2.227896600961685181e-01
-1.010859161615371704e-01 -9.675506353378295898e-01 2.315759360790252686e-01
-1.198875308036804199e-01 -9.632104635238647461e-01 2.405257225036621094e-01
-1.385682076215744019e-01 -9.584407210350036621e-01 2.493797242641448975e-01
-1.571595370769500732e-01 -9.533080458641052246e-01 2.578851580619812012e-01
-1.757433265447616577e-01 -9.478700160980224609e-01 2.658133506774902344e-01
-1.944526135921478271e-01 -9.421682953834533691e-01 2.729600369930267334e-01
-2.134601771831512451e-01 -9.362198114395141602e-01 2.791544795036315918e-01
-2.329723984003067017e-01 -9.300113320350646973e-01 2.842582464218139648e-01
-2.532193958759307861e-01 -9.234937429428100586e-01 2.881654798984527588e-01
-2.744422554969787598e-01 -9.165785312652587891e-01 2.908009588718414307e-01
-2.968769669532775879e-01 -9.091370105743408203e-01 2.921196818351745605e-01
-3.207401335239410400e-01 -9.009994864463806152e-01 2.921055853366851807e-01
-3.462122380733489990e-01 -8.919597864151000977e-01 2.907660007476806641e-01
-3.734191060066223145e-01 -8.817802667617797852e-01 2.881348431110382080e-01
-4.024133682250976562e-01 -8.702037930488586426e-01 2.842690348625183105e-01
-4.331589341163635254e-01 -8.569670915603637695e-01 2.792503833770751953e-01
-4.655139744281768799e-01 -8.418228626251220703e-01 2.731867432594299316e-01
-4.992242157459259033e-01 -8.245635032653808594e-01 2.662145197391510010e-01
-5.339275598526000977e-01 -8.050466775894165039e-01 2.584979236125946045e-01
-5.691618323326110840e-01 -7.832244038581848145e-01 2.502287626266479492e-01
-6.043915152549743652e-01 -7.591638565063476562e-01 2.416220158338546753e-01
-6.390463709831237793e-01 -7.330576777458190918e-01 2.329081743955612183e-01
-6.725620627403259277e-01 -7.052220702171325684e-01 2.243263274431228638e-01
-7.044245600700378418e-01 -6.760795712471008301e-01 2.161076813936233521e-01
-7.342060804367065430e-01 -6.461290121078491211e-01 2.084675729274749756e-01
-7.615897059440612793e-01 -6.159078478813171387e-01 2.015904039144515991e-01
-7.863786816596984863e-01 -5.859515666961669922e-01 1.956251859664916992e-01
-8.084924817085266113e-01 -5.567594766616821289e-01 1.906802058219909668e-01
-8.279509544372558594e-01 -5.287668704986572266e-01 1.868229210376739502e-01
-8.448516726493835449e-01 -5.023322105407714844e-01 1.840867698192596436e-01
-8.593456149101257324e-01 -4.777316451072692871e-01 1.824761927127838135e-01
-8.716157674789428711e-01 -4.551609456539154053e-01 1.819733530282974243e-01
-8.818577527999877930e-01 -4.347453415393829346e-01 1.825469285249710083e-01
-8.902634382247924805e-01 -4.165533781051635742e-01 1.841586232185363770e-01
-8.970128893852233887e-01 -4.006065726280212402e-01 1.867677867412567139e-01
-9.022657871246337891e-01 -3.868952095508575439e-01 1.903377473354339600e-01
-9.061580896377563477e-01 -3.753885030746459961e-01 1.948360204696655273e-01
-9.088001847267150879e-01 -3.660425543785095215e-01 2.002373635768890381e-01
-9.102772474288940430e-01 -3.588091731071472168e-01 2.065218538045883179e-01
-9.106488227844238281e-01 -3.536402285099029541e-01 2.136758416891098022e-01
-9.099507927894592285e-01 -3.504915237426757812e-01 2.216873168945312500e-01
-9.081969857215881348e-01 -3.493239283561706543e-01 2.305450290441513062e-01
-9.053813815116882324e-01 -3.501038551330566406e-01 2.402331531047821045e-01
-9.014801979064941406e-01 -3.528015911579132080e-01 2.507276237010955811e-01
-8.964547514915466309e-01 -3.573915958404541016e-01 2.619927227497100830e-01
-8.902555704116821289e-01 -3.638452887535095215e-01 2.739739716053009033e-01
-8.828255534172058105e-01 -3.721316456794738770e-01 2.865955233573913574e-01
-8.741064071655273438e-01 -3.822102546691894531e-01 2.997556328773498535e-01
-8.640430569648742676e-01 -3.940293490886688232e-01 3.133213520050048828e-01
-8.525931239128112793e-01 -4.075199961662292480e-01 3.271274864673614502e-01
-8.397328853607177734e-01 -4.225922524929046631e-01 3.409757018089294434e-01
-8.254659175872802734e-01 -4.391350746154785156e-01 3.546356558799743652e-01
-8.098305463790893555e-01 -4.570131599903106689e-01 3.678499162197113037e-01
-7.929075956344604492e-01 -4.760662019252777100e-01 3.803400695323944092e-01
-7.748233079910278320e-01 -4.961132407188415527e-01 3.918170034885406494e-01
-7.557522654533386230e-01 -5.169517397880554199e-01 4.019942581653594971e-01
-7.359128594398498535e-01 -5.383666753768920898e-01 4.106014072895050049e-01
-7.155634760856628418e-01 -5.601304769515991211e-01 4.174001514911651611e-01
-6.949896216392517090e-01 -5.820128321647644043e-01 4.221971929073333740e-01
-6.744918823242187500e-01 -6.037840843200683594e-01 4.248594045639038086e-01
-6.543708443641662598e-01 -6.252209544181823730e-01 4.253205955028533936e-01
-6.349123716354370117e-01 -6.461104750633239746e-01 4.235888421535491943e-01
-6.163727641105651855e-01 -6.662560105323791504e-01 4.197469949722290039e-01
-5.989663600921630859e-01 -6.854807138442993164e-01 4.139511883258819580e-01
-5.828602313995361328e-01 -7.036303281784057617e-01 4.064213931560516357e-01
-5.681691169738769531e-01 -7.205770611763000488e-01 3.974324762821197510e-01
-5.549535155296325684e-01 -7.362232804298400879e-01 3.873009979724884033e-01
-5.432268381118774414e-01 -7.505010366439819336e-01 3.763678371906280518e-01
-5.329585671424865723e-01 -7.633752226829528809e-01 3.649841248989105225e-01
-5.240828394889831543e-01 -7.748402953147888184e-01 3.534962832927703857e-01
-5.165098309516906738e-01 -7.849183082580566406e-01 3.422291278839111328e-01
-5.101321339607238770e-01 -7.936549186706542969e-01 3.314771950244903564e-01
-5.048353672027587891e-01 -8.011137247085571289e-01 3.214935064315795898e-01
-5.005049109458923340e-01 -8.073719739913940430e-01 3.124825358390808105e-01
-4.970348179340362549e-01 -8.125119209289550781e-01 3.045992851257324219e-01
-4.943303763866424561e-01 -8.166187405586242676e-01 2.979453206062316895e-01
-4.923164844512939453e-01 -8.197736144065856934e-01 2.925673723220825195e-01
-4.909401237964630127e-01 -8.220500946044921875e-01 2.884637117385864258e-01
-4.901713430881500244e-01 -8.235140442848205566e-01 2.855811417102813721e-01
-4.900095462799072266e-01 -8.242183327674865723e-01 2.838219404220581055e-01
-4.904831349849700928e-01 -8.242040276527404785e-01 2.830441892147064209e-01
-4.916515946388244629e-01 -8.234999775886535645e-01 2.830662429332733154e-01
-4.936048984527587891e-01 -8.221222758293151855e-01 2.836710810661315918e-01
-4.964607656002044678e-01 -8.200761675834655762e-01 2.846083045005798340e-01
-5.003646016120910645e-01 -8.173533678054809570e-01 2.856023609638214111e-01
-5.054831504821777344e-01 -8.139328956604003906e-01 2.863564789295196533e-01
-5.119954943656921387e-01 -8.097801208496093750e-01 2.865602970123291016e-01
-5.200836658477783203e-01 -8.048439621925354004e-01 2.859005630016326904e-01
-5.299190282821655273e-01 -7.990561127662658691e-01 2.840687036514282227e-01
-5.416477918624877930e-01 -7.923274636268615723e-01 2.807755470275878906e-01
-5.553687214851379395e-01 -7.845510244369506836e-01 2.757632136344909668e-01
-5.711205601692199707e-01 -7.756013870239257812e-01 2.688190937042236328e-01
-5.888617038726806641e-01 -7.653436660766601562e-01 2.597901821136474609e-01
-6.084572076797485352e-01 -7.536438107490539551e-01 2.485980242490768433e-01
-6.296762228012084961e-01 -7.403820753097534180e-01 2.352490723133087158e-01
-6.521946787834167480e-01 -7.254740595817565918e-01 2.198396921157836914e-01
-6.756110787391662598e-01 -7.088854908943176270e-01 2.025609016418457031e-01
-6.994706988334655762e-01 -6.906518340110778809e-01 1.836864203214645386e-01
-7.232988476753234863e-01 -6.708844900131225586e-01 1.635628044605255127e-01
-7.466347217559814453e-01 -6.497743129730224609e-01 1.425825804471969604e-01
-7.690675854682922363e-01 -6.275793313980102539e-01 1.211580485105514526e-01
-7.902568578720092773e-01 -6.046112775802612305e-01 9.969627112150192261e-02
-8.099524378776550293e-01 -5.812087655067443848e-01 7.857137173414230347e-02
-8.279928565025329590e-01 -5.577199459075927734e-01 5.810583010315895081e-02
-8.443018794059753418e-01 -5.344785451889038086e-01 3.856135904788970947e-02
-8.588764071464538574e-01 -5.117869973182678223e-01 2.013356052339076996e-02
-8.717675209045410156e-01 -4.899108111858367920e-01 2.953267423436045647e-03
-8.830665946006774902e-01 -4.690701663494110107e-01 -1.290571130812168121e-02
-8.928876519203186035e-01 -4.494440853595733643e-01 -2.741736918687820435e-02
-9.013577103614807129e-01 -4.311686456203460693e-01 -4.059534519910812378e-02
-9.086045026779174805e-01 -4.143470525741577148e-01 -5.248190462589263916e-02
-9.147519469261169434e-01 -3.990514278411865234e-01 -6.314153224229812622e-02
-9.199136495590209961e-01 -3.853319585323333740e-01 -7.265119254589080811e-02
-9.241918325424194336e-01 -3.732191324234008789e-01 -8.109819889068603516e-02
-9.276759624481201172e-01 -3.627285659313201904e-01 -8.857446163892745972e-02
-9.304410219192504883e-01 -3.538664579391479492e-01 -9.517414867877960205e-02
-9.325489997863769531e-01 -3.466311693191528320e-01 -1.009915322065353394e-01
-9.340487718582153320e-01 -3.410149514675140381e-01 -1.061208248138427734e-01
-9.349769949913024902e-01 -3.370065391063690186e-01 -1.106552705168724060e-01
-9.353572130203247070e-01 -3.345946371555328369e-01 -1.146880239248275757e-01
-9.352020025253295898e-01 -3.337662518024444580e-01 -1.183101460337638855e-01
-9.345129132270812988e-01 -3.345079123973846436e-01 -1.216146647930145264e-01
-9.332799911499023438e-01 -3.368087112903594971e-01 -1.246925443410873413e-01
-9.314823746681213379e-01 -3.406612873077392578e-01 -1.276341080665588379e-01
-9.290885329246520996e-01 -3.460588455200195312e-01 -1.305291056632995605e-01
-9.260560870170593262e-01 -3.529976010322570801e-01 -1.334643661975860596e-01
-9.223324060440063477e-01 -3.614757061004638672e-01 -1.365220993757247925e-01
-9.178537130355834961e-01 -3.714930713176727295e-01 -1.397764086723327637e-01
-9.125475287437438965e-01 -3.830468356609344482e-01 -1.432903707027435303e-01
-9.063322544097900391e-01 -3.961312770843505859e-01 -1.471115648746490479e-01
-8.991210460662841797e-01 -4.107306003570556641e-01 -1.512671113014221191e-01
-8.908237814903259277e-01 -4.268159866333007812e-01 -1.557598412036895752e-01
-8.813530206680297852e-01 -4.443387389183044434e-01 -1.605614274740219116e-01
-8.706308007240295410e-01 -4.632228314876556396e-01 -1.656099110841751099e-01
-8.585957884788513184e-01 -4.833606779575347900e-01 -1.708088964223861694e-01
-8.452146649360656738e-01 -5.046062469482421875e-01 -1.760249733924865723e-01
-8.304910063743591309e-01 -5.267727971076965332e-01 -1.810942590236663818e-01
-8.144766688346862793e-01 -5.496329665184020996e-01 -1.858261972665786743e-01
-7.972779870033264160e-01 -5.729227662086486816e-01 -1.900195926427841187e-01
-7.790591120719909668e-01 -5.963518619537353516e-01 -1.934717893600463867e-01
-7.600426673889160156e-01 -6.196130514144897461e-01 -1.959970742464065552e-01
-7.405005693435668945e-01 -6.423981189727783203e-01 -1.974425911903381348e-01
-7.207437753677368164e-01 -6.644119620323181152e-01 -1.976998299360275269e-01
-7.011027932167053223e-01 -6.853883862495422363e-01 -1.967169046401977539e-01
-6.819106340408325195e-01 -7.051001191139221191e-01 -1.945038437843322754e-01
-6.634854078292846680e-01 -7.233642339706420898e-01 -1.911313533782958984e-01
-6.461126208305358887e-01 -7.400481104850769043e-01 -1.867276281118392944e-01
-6.300373077392578125e-01 -7.550646066665649414e-01 -1.814675331115722656e-01
-6.154545545578002930e-01 -7.683702707290649414e-01 -1.755647212266921997e-01
-6.025103330612182617e-01 -7.799578905105590820e-01 -1.692542433738708496e-01
-5.913046598434448242e-01 -7.898486256599426270e-01 -1.627819091081619263e-01
-5.818973183631896973e-01 -7.980833053588867188e-01 -1.563921123743057251e-01
-5.743169188499450684e-01 -8.047141432762145996e-01 -1.503165662288665771e-01
-5.685695409774780273e-01 -8.097969293594360352e-01 -1.447674632072448730e-01
-5.646457076072692871e-01 -8.133848309516906738e-01 -1.399303078651428223e-01
-5.625319480895996094e-01 -8.155196309089660645e-01 -1.359617859125137329e-01
-5.622139573097229004e-01 -8.162294626235961914e-01 -1.329847574234008789e-01
-5.636795759201049805e-01 -8.155240416526794434e-01 -1.310950517654418945e-01
-5.669250488281250000e-01 -8.133903741836547852e-01 -1.303533464670181274e-01
-5.719494819641113281e-01 -8.097943067550659180e-01 -1.307936906814575195e-01
-5.787551403045654297e-01 -8.046782612800598145e-01 -1.324214637279510498e-01
-5.873420238494873047e-01 -7.979636788368225098e-01 -1.352161020040512085e-01
-5.976993441581726074e-01 -7.895556092262268066e-01 -1.391310691833496094e-01
-6.097990870475769043e-01 -7.793470025062561035e-01 -1.440951079130172729e-01
-6.235857605934143066e-01 -7.672269344329833984e-01 -1.500116884708404541e-01
-6.389675736427307129e-01 -7.530915737152099609e-01 -1.567591130733489990e-01
-6.558075547218322754e-01 -7.368562817573547363e-01 -1.641924530267715454e-01
-6.739174723625183105e-01 -7.184718251228332520e-01 -1.721440255641937256e-01
-6.930578351020812988e-01 -6.979369521141052246e-01 -1.804298907518386841e-01
-7.129389047622680664e-01 -6.753166317939758301e-01 -1.888532042503356934e-01
-7.332314848899841309e-01 -6.507529020309448242e-01 -1.972114443778991699e-01
-7.535823583602905273e-01 -6.244691014289855957e-01 -2.053091824054718018e-01
-7.736329436302185059e-01 -5.967724323272705078e-01 -2.129669189453125000e-01
-7.930421233177185059e-01 -5.680411458015441895e-01 -2.200308740139007568e-01
-8.115056157112121582e-01 -5.387101769447326660e-01 -2.263843715190887451e-01
-8.287739157676696777e-01 -5.092472434043884277e-01 -2.319504767656326294e-01
-8.446620702743530273e-01 -4.801259040832519531e-01 -2.366959601640701294e-01
-8.590533733367919922e-01 -4.518017470836639404e-01 -2.406297028064727783e-01
-8.718956708908081055e-01 -4.246884584426879883e-01 -2.437983006238937378e-01
-8.831929564476013184e-01 -3.991461396217346191e-01 -2.462773770093917847e-01
-8.929935693740844727e-01 -3.754680752754211426e-01 -2.481655776500701904e-01
-9.013762474060058594e-01 -3.538826406002044678e-01 -2.495753616094589233e-01
-9.084385633468627930e-01 -3.345527946949005127e-01 -2.506268322467803955e-01
-9.142852425575256348e-01 -3.175841867923736572e-01 -2.514412403106689453e-01
-9.190197587013244629e-01 -3.030349612236022949e-01 -2.521359324455261230e-01
-9.227375388145446777e-01 -2.909220755100250244e-01 -2.528236508369445801e-01
-9.255216717720031738e-01 -2.812324464321136475e-01 -2.536098957061767578e-01
-9.274398684501647949e-01 -2.739303708076477051e-01 -2.545925974845886230e-01
-9.285431504249572754e-01 -2.689633667469024658e-01 -2.558637261390686035e-01
-9.288649559020996094e-01 -2.662678360939025879e-01 -2.575099468231201172e-01
-9.284203052520751953e-01 -2.657748460769653320e-01 -2.596140801906585693e-01
-9.272073507308959961e-01 -2.674088776111602783e-01 -2.622573971748352051e-01
-9.252063632011413574e-01 -2.710933983325958252e-01 -2.655214667320251465e-01
-9.223791360855102539e-01 -2.767507731914520264e-01 -2.694916129112243652e-01
-9.186716079711914062e-01 -2.843015193939208984e-01 -2.742536962032318115e-01
-9.140110611915588379e-01 -2.936647236347198486e-01 -2.799012959003448486e-01
-9.083077311515808105e-01 -3.047569990158081055e-01 -2.865314781665802002e-01
-9.014534354209899902e-01 -3.174918293952941895e-01 -2.942458391189575195e-01
-8.933219909667968750e-01 -3.317780196666717529e-01 -3.031487166881561279e-01
-8.837688565254211426e-01 -3.475177884101867676e-01 -3.133434355258941650e-01
-8.726310729980468750e-01 -3.646050691604614258e-01 -3.249277770519256592e-01
-8.597303628921508789e-01 -3.829211592674255371e-01 -3.379867076873779297e-01
-8.448731899261474609e-01 -4.023354649543762207e-01 -3.525839745998382568e-01
-8.278576731681823730e-01 -4.226990342140197754e-01 -3.687507808208465576e-01
-8.084809184074401855e-01 -4.438423216342926025e-01 -3.864745199680328369e-01
-7.865518331527709961e-01 -4.655732214450836182e-01 -4.056818783283233643e-01
-7.619065046310424805e-01 -4.876759052276611328e-01 -4.262284040451049805e-01
-7.344314455986022949e-01 -5.099089145660400391e-01 -4.478877484798431396e-01
-7.040882706642150879e-01 -5.320148468017578125e-01 -4.703401625156402588e-01
-6.709416508674621582e-01 -5.537273883819580078e-01 -4.931766688823699951e-01
-6.351827979087829590e-01 -5.747887492179870605e-01 -5.159076452255249023e-01
-5.971479415893554688e-01 -5.949668288230895996e-01 -5.379859209060668945e-01
-5.573211908340454102e-01 -6.140819191932678223e-01 -5.588349699974060059e-01
-5.163207054138183594e-01 -6.320232748985290527e-01 -5.778923034667968750e-01
-4.748657941818237305e-01 -6.487665176391601562e-01 -5.946464538574218750e-01
-4.337301552295684814e-01 -6.643729805946350098e-01 -6.086761355400085449e-01
-3.936857879161834717e-01 -6.789848208427429199e-01 -6.196700930595397949e-01
-3.554450869560241699e-01 -6.928032040596008301e-01 -6.274412274360656738e-01
-3.196223378181457520e-01 -7.060562372207641602e-01 -6.319226622581481934e-01
-2.866896092891693115e-01 -7.189742326736450195e-01 -6.331549286842346191e-01
-2.569752037525177002e-01 -7.317560911178588867e-01 -6.312659978866577148e-01
-2.306551039218902588e-01 -7.445495724678039551e-01 -6.264535784721374512e-01
-2.077659368515014648e-01 -7.574367523193359375e-01 -6.189691424369812012e-01
-1.882232576608657837e-01 -7.704287767410278320e-01 -6.091071963310241699e-01
-1.718412935733795166e-01 -7.834717631340026855e-01 -5.971955060958862305e-01
-1.583567261695861816e-01 -7.964537143707275391e-01 -5.835963487625122070e-01
-1.474463790655136108e-01 -8.092222809791564941e-01 -5.686993002891540527e-01
-1.387495845556259155e-01 -8.216001391410827637e-01 -5.529211163520812988e-01
-1.318841576576232910e-01 -8.334025144577026367e-01 -5.366998910903930664e-01
-1.264592260122299194e-01 -8.444499373435974121e-01 -5.204924345016479492e-01
-1.220907866954803467e-01 -8.545786738395690918e-01 -5.047664046287536621e-01
-1.184070482850074768e-01 -8.636465072631835938e-01 -4.899943470954895020e-01
-1.150575131177902222e-01 -8.715341687202453613e-01 -4.766444563865661621e-01
-1.117144227027893066e-01 -8.781396150588989258e-01 -4.651781916618347168e-01
-1.080735772848129272e-01 -8.833711147308349609e-01 -4.560436010360717773e-01
-1.038541570305824280e-01 -8.871340751647949219e-01 -4.496747851371765137e-01
-9.879554063081741333e-02 -8.893178701400756836e-01 -4.464899301528930664e-01
-9.265200048685073853e-02 -8.897787332534790039e-01 -4.468886256217956543e-01
-8.519190549850463867e-02 -8.883246183395385742e-01 -4.512447714805603027e-01
-7.619462162256240845e-02 -8.846940398216247559e-01 -4.599029421806335449e-01
-6.545019894838333130e-02 -8.785443902015686035e-01 -4.731553792953491211e-01
-5.276814103126525879e-02 -8.694342374801635742e-01 -4.912226200103759766e-01
-3.798773139715194702e-02 -8.568229079246520996e-01 -5.142095088958740234e-01
-2.099237591028213501e-02 -8.400804996490478516e-01 -5.420554280281066895e-01
-1.744242035783827305e-03 -8.185179233551025391e-01 -5.744783878326416016e-01
1.968778111040592194e-02 -7.914588451385498047e-01 -6.109052896499633789e-01
4.309101775288581848e-02 -7.583387494087219238e-01 -6.504347920417785645e-01
6.808748841285705566e-02 -7.188386321067810059e-01 -6.918345689773559570e-01
9.412837773561477661e-02 -6.730247735977172852e-01 -7.336058020591735840e-01
1.205301806330680847e-01 -6.214542984962463379e-01 -7.741233706474304199e-01
1.465422660112380981e-01 -5.651933550834655762e-01 -8.118385672569274902e-01
1.714418232440948486e-01 -5.057343244552612305e-01 -8.454823493957519531e-01
1.946263462305068970e-01 -4.448083639144897461e-01 -8.742231130599975586e-01
2.156781852245330811e-01 -3.841544687747955322e-01 -8.977239131927490234e-01
2.343895882368087769e-01 -3.253120481967926025e-01 -9.160969257354736328e-01
2.507407963275909424e-01 -2.694838345050811768e-01 -9.297889471054077148e-01
2.648625671863555908e-01 -2.174870371818542480e-01 -9.394398331642150879e-01
2.769797146320343018e-01 -1.697747260332107544e-01 -9.457582831382751465e-01
2.873650491237640381e-01 -1.265023201704025269e-01 -9.494305849075317383e-01
2.963022887706756592e-01 -8.760993182659149170e-02 -9.510675072669982910e-01
3.040633499622344971e-01 -5.289011076092720032e-02 -9.511824846267700195e-01
3.108927607536315918e-01 -2.205763570964336395e-02 -9.501889944076538086e-01
3.170053362846374512e-01 5.210292525589466095e-03 -9.484094381332397461e-01
3.225814998149871826e-01 2.924124710261821747e-02 -9.460898637771606445e-01
3.277710080146789551e-01 5.034733563661575317e-02 -9.434147477149963379e-01
3.326947093009948730e-01 6.881510466337203979e-02 -9.405204653739929199e-01
3.374508023262023926e-01 8.490107953548431396e-02 -9.375066161155700684e-01
3.421140015125274658e-01 9.882783889770507812e-02 -9.344469308853149414e-01
3.467442691326141357e-01 1.107886210083961487e-01 -9.313937425613403320e-01
3.513849377632141113e-01 1.209450662136077881e-01 -9.283861517906188965e-01
3.560681343078613281e-01 1.294349133968353271e-01 -9.254523515701293945e-01
3.608163595199584961e-01 1.363705843687057495e-01 -9.226129055023193359e-01
3.656450808048248291e-01 1.418451666831970215e-01 -9.198824167251586914e-01
3.705639243125915527e-01 1.459338814020156860e-01 -9.172707796096801758e-01
3.755789399147033691e-01 1.486961990594863892e-01 -9.147840738296508789e-01
3.806932270526885986e-01 1.501784771680831909e-01 -9.124248027801513672e-01
3.859109282493591309e-01 1.504140049219131470e-01 -9.101913571357727051e-01
3.912362456321716309e-01 1.494244784116744995e-01 -9.080784916877746582e-01
3.966757357120513916e-01 1.472202390432357788e-01 -9.060764908790588379e-01
4.022396802902221680e-01 1.437993496656417847e-01 -9.041708707809448242e-01
4.079429209232330322e-01 1.391485631465911865e-01 -9.023415446281433105e-01
4.138065278530120850e-01 1.332401335239410400e-01 -9.005616307258605957e-01
4.198574721813201904e-01 1.260331422090530396e-01 -8.987966179847717285e-01
4.261280596256256104e-01 1.174696460366249084e-01 -8.970037698745727539e-01
4.326576590538024902e-01 1.074757277965545654e-01 -8.951292037963867188e-01
4.394895732402801514e-01 9.595716744661331177e-02 -8.931075334548950195e-01
4.466708898544311523e-01 8.279967308044433594e-02 -8.908587694168090820e-01
4.542501270771026611e-01 6.786546111106872559e-02 -8.882855176925659180e-01
4.622730612754821777e-01 5.099325254559516907e-02 -8.852701783180236816e-01
4.707788228988647461e-01 3.199621662497520447e-02 -8.816708326339721680e-01
4.797961711883544922e-01 1.066311821341514587e-02 -8.773151636123657227e-01
4.893347322940826416e-01 -1.324074622243642807e-02 -8.719955682754516602e-01
4.993775784969329834e-01 -3.996773436665534973e-02 -8.654621243476867676e-01
5.098693966865539551e-01 -6.978248059749603271e-02 -8.574168682098388672e-01
5.207061767578125000e-01 -1.029428765177726746e-01 -8.475068807601928711e-01
5.317202806472778320e-01 -1.396849453449249268e-01 -8.353212475776672363e-01
5.426661968231201172e-01 -1.801881790161132812e-01 -8.203936219215393066e-01
5.532051920890808105e-01 -2.245391607284545898e-01 -8.022133708000183105e-01
5.629029870033264160e-01 -2.726798653602600098e-01 -7.802473902702331543e-01
5.712256431579589844e-01 -3.243564069271087646e-01 -7.539855241775512695e-01
5.775622725486755371e-01 -3.790648877620697021e-01 -7.230018377304077148e-01
5.812663435935974121e-01 -4.360240101814270020e-01 -6.870317459106445312e-01
5.817167758941650391e-01 -4.941751658916473389e-01 -6.460623145103454590e-01
5.784023404121398926e-01 -5.522379875183105469e-01 -6.004031896591186523e-01
5.710030794143676758e-01 -6.088174581527709961e-01 -5.507238507270812988e-01
5.594528913497924805e-01 -6.625550985336303711e-01 -4.980292916297912598e-01
5.439646244049072266e-01 -7.122830152511596680e-01 -4.435712993144989014e-01
5.249989032745361328e-01 -7.571521401405334473e-01 -3.887118995189666748e-01
5.031958222389221191e-01 -7.966927289962768555e-01 -3.347752988338470459e-01
4.792842864990234375e-01 -8.308102488517761230e-01 -2.829150259494781494e-01
4.539918005466461182e-01 -8.597207665443420410e-01 -2.340334802865982056e-01
4.279756247997283936e-01 -8.838609457015991211e-01 -1.887505650520324707e-01
4.017837047576904297e-01 -9.037902951240539551e-01 -1.474210023880004883e-01
3.758388459682464600e-01 -9.201123714447021484e-01 -1.101743578910827637e-01
3.504453003406524658e-01 -9.334156513214111328e-01 -7.696277648210525513e-02
3.258031308650970459e-01 -9.442375898361206055e-01 -4.761886224150657654e-02
3.020301163196563721e-01 -9.530469179153442383e-01 -2.189503796398639679e-02
2.791833281517028809e-01 -9.602376222610473633e-01 5.031012697145342827e-04
2.572754323482513428e-01 -9.661332964897155762e-01 1.989330165088176727e-02
2.362923622131347656e-01 -9.709924459457397461e-01 3.660223260521888733e-02
2.162068337202072144e-01 -9.750170111656188965e-01 5.095503479242324829e-02
1.969844400882720947e-01 -9.783627390861511230e-01 6.327305734157562256e-02
1.785949766635894775e-01 -9.811461567878723145e-01 7.386531680822372437e-02
1.610143333673477173e-01 -9.834530949592590332e-01 8.303251117467880249e-02
1.442274451255798340e-01 -9.853457212448120117e-01 9.106142818927764893e-02
1.282301247119903564e-01 -9.868687391281127930e-01 9.821963310241699219e-02
1.130263134837150574e-01 -9.880548119544982910e-01 1.047507897019386292e-01
9.862524271011352539e-02 -9.889292120933532715e-01 1.108695417642593384e-01
8.503738045692443848e-02 -9.895139336585998535e-01 1.167514994740486145e-01
7.226489484310150146e-02 -9.898306131362915039e-01 1.225282475352287292e-01
6.030108407139778137e-02 -9.899027347564697266e-01 1.282821446657180786e-01
4.911920428276062012e-02 -9.897571802139282227e-01 1.340451240539550781e-01
3.866864368319511414e-02 -9.894240498542785645e-01 1.398020833730697632e-01
2.887747436761856079e-02 -9.889370799064636230e-01 1.454973071813583374e-01
1.964753493666648865e-02 -9.883320331573486328e-01 1.510423272848129272e-01
1.086103357374668121e-02 -9.876452684402465820e-01 1.563294827938079834e-01
2.379668178036808968e-03 -9.869116544723510742e-01 1.612444669008255005e-01
-5.943605676293373108e-03 -9.861621260643005371e-01 1.656770408153533936e-01
-1.426343992352485657e-02 -9.854224324226379395e-01 1.695262044668197632e-01
-2.274228632450103760e-02 -9.847095608711242676e-01 1.727132648229598999e-01
-3.153729438781738281e-02 -9.840322136878967285e-01 1.751742660999298096e-01
-4.080994054675102234e-02 -9.833878874778747559e-01 1.768693029880523682e-01
-5.071452260017395020e-02 -9.827633500099182129e-01 1.777760088443756104e-01
-6.140557676553726196e-02 -9.821332097053527832e-01 1.778868138790130615e-01
-7.303705811500549316e-02 -9.814602732658386230e-01 1.772042214870452881e-01
-8.575806766748428345e-02 -9.806941747665405273e-01 1.757399737834930420e-01
-9.971670061349868774e-02 -9.797712564468383789e-01 1.735074222087860107e-01
-1.150583997368812561e-01 -9.786139726638793945e-01 1.705180406570434570e-01
-1.319236755371093750e-01 -9.771283268928527832e-01 1.667819768190383911e-01
-1.504455804824829102e-01 -9.752051234245300293e-01 1.622993648052215576e-01
-1.707489639520645142e-01 -9.727159142494201660e-01 1.570623666048049927e-01
-1.929389238357543945e-01 -9.695138931274414062e-01 1.510545015335083008e-01
-2.170991152524948120e-01 -9.654327630996704102e-01 1.442483216524124146e-01
-2.432837635278701782e-01 -9.602873921394348145e-01 1.366054266691207886e-01
-2.715057134628295898e-01 -9.538760185241699219e-01 1.280823498964309692e-01
-3.017283082008361816e-01 -9.459848403930664062e-01 1.186284273862838745e-01
-3.338565230369567871e-01 -9.363939166069030762e-01 1.081956848502159119e-01
-3.677298128604888916e-01 -9.248874783515930176e-01 9.673613309860229492e-02
-4.031143188476562500e-01 -9.112666845321655273e-01 8.421294391155242920e-02
-4.397080838680267334e-01 -8.953613042831420898e-01 7.060389965772628784e-02
-4.771390557289123535e-01 -8.770478367805480957e-01 5.590564012527465820e-02
-5.149827003479003906e-01 -8.562602996826171875e-01 4.013889282941818237e-02
-5.527762174606323242e-01 -8.330026268959045410e-01 2.334752678871154785e-02
-5.900392532348632812e-01 -8.073551058769226074e-01 5.603134166449308395e-03
-6.263042092323303223e-01 -7.794703245162963867e-01 -1.300286967307329178e-02
-6.611300110816955566e-01 -7.495732307434082031e-01 -3.235802799463272095e-02
-6.941293478012084961e-01 -7.179452776908874512e-01 -5.233538523316383362e-02
-7.249830961227416992e-01 -6.849086284637451172e-01 -7.279989868402481079e-02
-7.534444928169250488e-01 -6.508128046989440918e-01 -9.361635893583297729e-02
-7.793468236923217773e-01 -6.160145998001098633e-01 -1.146500706672668457e-01
-8.025961518287658691e-01 -5.808658003807067871e-01 -1.357726752758026123e-01
-8.231672048568725586e-01 -5.457007884979248047e-01 -1.568640768527984619e-01
-8.410905599594116211e-01 -5.108306407928466797e-01 -1.778165102005004883e-01
-8.564448356628417969e-01 -4.765372872352600098e-01 -1.985308229923248291e-01
-8.693454861640930176e-01 -4.430707693099975586e-01 -2.189218252897262573e-01
-8.799355030059814453e-01 -4.106509685516357422e-01 -2.389126718044281006e-01
-8.883770704269409180e-01 -3.794698417186737061e-01 -2.584354579448699951e-01
-8.948443531990051270e-01 -3.496910333633422852e-01 -2.774342298507690430e-01
-8.995187878608703613e-01 -3.214545547962188721e-01 -2.958596348762512207e-01
-9.025844931602478027e-01 -2.948777675628662109e-01 -3.136692941188812256e-01
-9.042239189147949219e-01 -2.700578570365905762e-01 -3.308291137218475342e-01
-9.046155810356140137e-01 -2.470753192901611328e-01 -3.473104834556579590e-01
-9.039310812950134277e-01 -2.259935140609741211e-01 -3.630917072296142578e-01
-9.023335576057434082e-01 -2.068638503551483154e-01 -3.781554102897644043e-01
-8.999758362770080566e-01 -1.897254884243011475e-01 -3.924889862537384033e-01
-8.969995975494384766e-01 -1.746079921722412109e-01 -4.060834050178527832e-01
-8.935329914093017578e-01 -1.615309864282608032e-01 -4.189350008964538574e-01
-8.896910548210144043e-01 -1.505103856325149536e-01 -4.310410320758819580e-01
-8.855758309364318848e-01 -1.415559351444244385e-01 -4.423996508121490479e-01
-8.812739253044128418e-01 -1.346737444400787354e-01 -4.530113041400909424e-01
-8.768595457077026367e-01 -1.298687309026718140e-01 -4.628729820251464844e-01
-8.723939657211303711e-01 -1.271418184041976929e-01 -4.719784855842590332e-01
-8.679265379905700684e-01 -1.264896243810653687e-01 -4.803164005279541016e-01
-8.634961247444152832e-01 -1.279054284095764160e-01 -4.878674149513244629e-01
-8.591347932815551758e-01 -1.313700079917907715e-01 -4.946001172065734863e-01
-8.548675179481506348e-01 -1.368494927883148193e-01 -5.004734992980957031e-01
-8.507187366485595703e-01 -1.442837864160537720e-01 -5.054302811622619629e-01
-8.467147946357727051e-01 -1.535778194665908813e-01 -5.093995928764343262e-01
-8.428880572319030762e-01 -1.645894795656204224e-01 -5.122988820075988770e-01
-8.392822146415710449e-01 -1.771168112754821777e-01 -5.140379071235656738e-01
-8.359585404396057129e-01 -1.908877342939376831e-01 -5.145242214202880859e-01
-8.329973816871643066e-01 -2.055540829896926880e-01 -5.136758685111999512e-01
-8.305018544197082520e-01 -2.206941246986389160e-01 -5.114301443099975586e-01
-8.285944461822509766e-01 -2.358229458332061768e-01 -5.077586770057678223e-01
-8.274102807044982910e-01 -2.504149675369262695e-01 -5.026774406433105469e-01
-8.270874619483947754e-01 -2.639343738555908203e-01 -4.962508678436279297e-01
-8.277484774589538574e-01 -2.758735120296478271e-01 -4.885961711406707764e-01
-8.294855356216430664e-01 -2.857871353626251221e-01 -4.798744320869445801e-01
-8.323442935943603516e-01 -2.933228611946105957e-01 -4.702812731266021729e-01
-8.363128900527954102e-01 -2.982457876205444336e-01 -4.600327908992767334e-01
-8.413200974464416504e-01 -3.004409670829772949e-01 -4.493505358695983887e-01
-8.472397327423095703e-01 -2.999144792556762695e-01 -4.384474158287048340e-01
-8.539015650749206543e-01 -2.967771589756011963e-01 -4.275224208831787109e-01
-8.611086606979370117e-01 -2.912229299545288086e-01 -4.167505800724029541e-01
-8.686525225639343262e-01 -2.835063338279724121e-01 -4.062841832637786865e-01
-8.763298392295837402e-01 -2.739203274250030518e-01 -3.962494730949401855e-01
-8.839539289474487305e-01 -2.627736926078796387e-01 -3.867498636245727539e-01
-8.913632631301879883e-01 -2.503722608089447021e-01 -3.778694570064544678e-01
-8.984257578849792480e-01 -2.370061725378036499e-01 -3.696745336055755615e-01
-9.050396084785461426e-01 -2.229424268007278442e-01 -3.622154593467712402e-01
-9.111306667327880859e-01 -2.084165662527084351e-01 -3.555327057838439941e-01
-9.166499376296997070e-01 -1.936324983835220337e-01 -3.496560156345367432e-01
-9.215691685676574707e-01 -1.787602752447128296e-01 -3.446086347103118896e-01
-9.258754849433898926e-01 -1.639393270015716553e-01 -3.404092192649841309e-01
-9.295684099197387695e-01 -1.492783874273300171e-01 -3.370735049247741699e-01
-9.326546192169189453e-01 -1.348616033792495728e-01 -3.346155881881713867e-01
-9.351461529731750488e-01 -1.207475662231445312e-01 -3.330491483211517334e-01
-9.370557069778442383e-01 -1.069741398096084595e-01 -3.323898911476135254e-01
-9.383955001831054688e-01 -9.355922043323516846e-02 -3.326567113399505615e-01
-9.391741156578063965e-01 -8.050519227981567383e-02 -3.338725566864013672e-01
-9.393957853317260742e-01 -6.779756397008895874e-02 -3.360642194747924805e-01
-9.390571117401123047e-01 -5.540928989648818970e-02 -3.392662703990936279e-01
-9.381469488143920898e-01 -4.329909011721611023e-02 -3.435192108154296875e-01
-9.366434812545776367e-01 -3.141639009118080139e-02 -3.488723635673522949e-01
-9.345126748085021973e-01 -1.969978772103786469e-02 -3.553841114044189453e-01
-9.317064285278320312e-01 -8.079088293015956879e-03 -3.631223440170288086e-01
-9.281591176986694336e-01 3.521531121805310249e-03 -3.721668422222137451e-01
-9.237859845161437988e-01 1.518331188708543777e-02 -3.826078772544860840e-01
-9.184781908988952637e-01 2.698942646384239197e-02 -3.945497274398803711e-01
-9.120995998382568359e-01 3.902153298258781433e-02 -4.081073999404907227e-01
-9.044821858406066895e-01 5.135696008801460266e-02 -4.234081804752349854e-01
-8.954201936721801758e-01 6.406261026859283447e-02 -4.405890703201293945e-01
-8.846647739410400391e-01 7.719089090824127197e-02 -4.597931802272796631e-01
-8.719196915626525879e-01 9.076855331659317017e-02 -4.811623096466064453e-01
-8.568364977836608887e-01 1.047906577587127686e-01 -5.048267841339111328e-01
-8.390153646469116211e-01 1.192057430744171143e-01 -5.308891534805297852e-01
-8.180099725723266602e-01 1.339017599821090698e-01 -5.594014525413513184e-01
-7.933427095413208008e-01 1.486929357051849365e-01 -5.903370380401611328e-01
-7.645343542098999023e-01 1.633005142211914062e-01 -6.235545277595520020e-01
-7.311500310897827148e-01 1.773449629545211792e-01 -6.587627530097961426e-01
-6.928640007972717285e-01 1.903391629457473755e-01 -6.954931020736694336e-01
-6.495441198348999023e-01 2.017010301351547241e-01 -7.330818772315979004e-01
-6.013347506523132324e-01 2.107861191034317017e-01 -7.706916928291320801e-01
-5.487276315689086914e-01 2.169342041015625000e-01 -8.073645234107971191e-01
-4.925868213176727295e-01 2.195395678281784058e-01 -8.421166539192199707e-01
-4.341138601303100586e-01 2.181190699338912964e-01 -8.740532994270324707e-01
-3.747397065162658691e-01 2.123652547597885132e-01 -9.024805426597595215e-01
-3.159740865230560303e-01 2.021730691194534302e-01 -9.269770383834838867e-01
-2.592395544052124023e-01 1.876243054866790771e-01 -9.474133253097534180e-01
-2.057323008775711060e-01 1.689473390579223633e-01 -9.639144539833068848e-01
-1.563478559255599976e-01 1.464653164148330688e-01 -9.767820835113525391e-01
-1.116530820727348328e-01 1.205376312136650085e-01 -9.864097833633422852e-01
-7.191397994756698608e-02 9.151948988437652588e-02 -9.932031631469726562e-01
-3.715384379029273987e-02 5.973660573363304138e-02 -9.975225329399108887e-01
-7.211869116872549057e-03 2.547672577202320099e-02 -9.996493458747863770e-01
1.819183677434921265e-02 -1.101294159889221191e-02 -9.997738599777221680e-01
3.940977156162261963e-02 -4.950858280062675476e-02 -9.979959130287170410e-01
5.682582780718803406e-02 -8.980241417884826660e-02 -9.943370819091796875e-01
7.083715498447418213e-02 -1.316808611154556274e-01 -9.887579083442687988e-01
8.183004707098007202e-02 -1.749173998832702637e-01 -9.811766743659973145e-01
9.017964452505111694e-02 -2.192564606666564941e-01 -9.714906811714172363e-01
9.624048322439193726e-02 -2.644085884094238281e-01 -9.595967531204223633e-01
1.003488451242446899e-01 -3.100478053092956543e-01 -9.454101920127868652e-01
1.028233394026756287e-01 -3.558182120323181152e-01 -9.288814663887023926e-01
1.039644479751586914e-01 -4.013386070728302002e-01 -9.100103378295898438e-01
1.040554717183113098e-01 -4.462172389030456543e-01 -8.888546824455261230e-01
1.033633202314376831e-01 -4.900696575641632080e-01 -8.655331730842590332e-01
1.021354719996452332e-01 -5.325343012809753418e-01 -8.402234911918640137e-01
1.005996838212013245e-01 -5.732886195182800293e-01 -8.131542801856994629e-01
9.896094352006912231e-02 -6.120635867118835449e-01 -7.845922112464904785e-01
9.739926457405090332e-02 -6.486533880233764648e-01 -7.548259496688842773e-01
9.607087075710296631e-02 -6.829175353050231934e-01 -7.241505980491638184e-01
9.510270506143569946e-02 -7.147799730300903320e-01 -6.928527951240539551e-01
9.459673613309860229e-02 -7.442266345024108887e-01 -6.611944437026977539e-01
9.462811797857284546e-02 -7.712920904159545898e-01 -6.294077038764953613e-01
9.524981677532196045e-02 -7.960516810417175293e-01 -5.976865887641906738e-01
9.649171680212020874e-02 -8.186106681823730469e-01 -5.661853551864624023e-01
9.836283326148986816e-02 -8.390930891036987305e-01 -5.350211262702941895e-01
1.008569449186325073e-01 -8.576326966285705566e-01 -5.042757987976074219e-01
1.039504259824752808e-01 -8.743643164634704590e-01 -4.740055799484252930e-01
1.076086163520812988e-01 -8.894203305244445801e-01 -4.442429244518280029e-01
1.117834523320198059e-01 -9.029252529144287109e-01 -4.150065183639526367e-01
1.164186969399452209e-01 -9.149934649467468262e-01 -3.863076269626617432e-01
1.214486286044120789e-01 -9.257295131683349609e-01 -3.581551015377044678e-01
1.268037259578704834e-01 -9.352267980575561523e-01 -3.305627703666687012e-01
1.324088722467422485e-01 -9.435700178146362305e-01 -3.035515546798706055e-01
1.381857544183731079e-01 -9.508365988731384277e-01 -2.771542370319366455e-01
1.440569460391998291e-01 -9.570989012718200684e-01 -2.514146864414215088e-01
1.499445587396621704e-01 -9.624262452125549316e-01 -2.263900488615036011e-01
1.557742208242416382e-01 -9.668868780136108398e-01 -2.021491080522537231e-01
1.614759862422943115e-01 -9.705496430397033691e-01 -1.787702888250350952e-01
1.669829338788986206e-01 -9.734860062599182129e-01 -1.563383042812347412e-01
1.722373813390731812e-01 -9.757691621780395508e-01 -1.349403560161590576e-01
1.771857589483261108e-01 -9.774750471115112305e-01 -1.146636903285980225e-01
1.817822903394699097e-01 -9.786818623542785645e-01 -9.558802098035812378e-02
1.859883964061737061e-01 -9.794682264328002930e-01 -7.778447121381759644e-02
1.897685825824737549e-01 -9.799127578735351562e-01 -6.131022423505783081e-02
1.930948197841644287e-01 -9.800915718078613281e-01 -4.620509594678878784e-02
1.959421634674072266e-01 -9.800770878791809082e-01 -3.248780220746994019e-02
1.982894837856292725e-01 -9.799361824989318848e-01 -2.015569619834423065e-02
2.001177221536636353e-01 -9.797288775444030762e-01 -9.180016815662384033e-03
2.014100849628448486e-01 -9.795069098472595215e-01 4.902380751445889473e-04
2.021522819995880127e-01 -9.793133735656738281e-01 8.933285251259803772e-03
2.023324221372604370e-01 -9.791820645332336426e-01 1.624943688511848450e-02
2.019427865743637085e-01 -9.791373610496520996e-01 2.256175130605697632e-02
2.009814977645874023e-01 -9.791944622993469238e-01 2.801235020160675049e-02
1.994531005620956421e-01 -9.793595671653747559e-01 3.276174888014793396e-02
1.973708271980285645e-01 -9.796310663223266602e-01 3.698186203837394714e-02
1.947609335184097290e-01 -9.799996018409729004e-01 4.085376858711242676e-02
1.916580945253372192e-01 -9.804494976997375488e-01 4.456394538283348083e-02
1.881118118762969971e-01 -9.809595346450805664e-01 4.829547554254531860e-02
1.841837465763092041e-01 -9.815033674240112305e-01 5.222529545426368713e-02
1.799459010362625122e-01 -9.820514917373657227e-01 5.651784688234329224e-02
1.754773110151290894e-01 -9.825721979141235352e-01 6.131508201360702515e-02
1.708670407533645630e-01 -9.830315113067626953e-01 6.673473864793777466e-02
1.662010550498962402e-01 -9.833961725234985352e-01 7.286392152309417725e-02
1.615643948316574097e-01 -9.836340546607971191e-01 7.975654304027557373e-02
1.570329219102859497e-01 -9.837158322334289551e-01 8.742848783731460571e-02
1.526703983545303345e-01 -9.836168289184570312e-01 9.586305916309356689e-02
1.485253572463989258e-01 -9.833174347877502441e-01 1.050105318427085876e-01
1.446262747049331665e-01 -9.828049540519714355e-01 1.147936955094337463e-01
1.409829258918762207e-01 -9.820742607116699219e-01 1.251158714294433594e-01
1.375845670700073242e-01 -9.811273813247680664e-01 1.358658373355865479e-01
1.344035416841506958e-01 -9.799732565879821777e-01 1.469290256500244141e-01
1.313972473144531250e-01 -9.786268472671508789e-01 1.581908911466598511e-01
1.285078227519989014e-01 -9.771085381507873535e-01 1.695426851511001587e-01
1.256719529628753662e-01 -9.754405617713928223e-01 1.808927804231643677e-01
1.228187680244445801e-01 -9.736475348472595215e-01 1.921613663434982300e-01
1.198763921856880188e-01 -9.717526435852050781e-01 2.032892853021621704e-01
1.167708113789558411e-01 -9.697777032852172852e-01 2.142330408096313477e-01
1.134323626756668091e-01 -9.677402377128601074e-01 2.249708473682403564e-01
1.097924187779426575e-01 -9.656538963317871094e-01 2.354955971240997314e-01
1.057857349514961243e-01 -9.635261893272399902e-01 2.458181530237197876e-01
1.013502925634384155e-01 -9.613587856292724609e-01 2.559635639190673828e-01
9.642866998910903931e-02 -9.591461420059204102e-01 2.659704685211181641e-01
9.096462279558181763e-02 -9.568756818771362305e-01 2.758883535861968994e-01
8.490570634603500366e-02 -9.545277953147888184e-01 2.857755720615386963e-01
7.820089906454086304e-02 -9.520749449729919434e-01 2.956990897655487061e-01
7.080177217721939087e-02 -9.494820833206176758e-01 3.057300150394439697e-01
6.266351044178009033e-02 -9.467074275016784668e-01 3.159403800964355469e-01
5.374282225966453552e-02 -9.437014460563659668e-01 3.264035582542419434e-01
4.400363937020301819e-02 -9.404089450836181641e-01 3.371865451335906982e-01
3.341391682624816895e-02 -9.367692470550537109e-01 3.483486473560333252e-01
2.195342816412448883e-02 -9.327181577682495117e-01 3.599373400211334229e-01
9.613685309886932373e-03 -9.281895160675048828e-01 3.719836771488189697e-01
-3.597797825932502747e-03 -9.231185913085937500e-01 3.844984173774719238e-01
-1.765305548906326294e-02 -9.174453020095825195e-01 3.974701166152954102e-01
-3.250221535563468933e-02 -9.111182093620300293e-01 4.108616113662719727e-01
-4.806830734014511108e-02 -9.040992856025695801e-01 4.246101677417755127e-01
-6.424793601036071777e-02 -8.963688611984252930e-01 4.386285841464996338e-01
-8.091059327125549316e-02 -8.879299163818359375e-01 4.528067111968994141e-01
-9.790135174989700317e-02 -8.788112998008728027e-01 4.670182466506958008e-01
-1.150465384125709534e-01 -8.690708279609680176e-01 4.811237752437591553e-01
-1.321575343608856201e-01 -8.587947487831115723e-01 4.949808418750762939e-01
-1.490396261215209961e-01 -8.480959534645080566e-01 5.084491372108459473e-01
-1.654995083808898926e-01 -8.371102213859558105e-01 5.213983654975891113e-01
-1.813555508852005005e-01 -8.259896039962768555e-01 5.337147116661071777e-01
-1.964408755302429199e-01 -8.148967027664184570e-01 5.453020334243774414e-01
-2.106116414070129395e-01 -8.039961457252502441e-01 5.560873150825500488e-01
-2.237518578767776489e-01 -7.934460043907165527e-01 5.660198330879211426e-01
-2.357730567455291748e-01 -7.833943963050842285e-01 5.750689506530761719e-01
-2.466177791357040405e-01 -7.739694714546203613e-01 5.832245945930480957e-01
-2.562591135501861572e-01 -7.652788758277893066e-01 5.904909372329711914e-01
-2.646992206573486328e-01 -7.574025988578796387e-01 5.968883633613586426e-01
-2.719712555408477783e-01 -7.503951191902160645e-01 6.024439930915832520e-01
-2.781365215778350830e-01 -7.442796826362609863e-01 6.071966290473937988e-01
-2.832854986190795898e-01 -7.390508055686950684e-01 6.111899614334106445e-01
-2.875376343727111816e-01 -7.346723079681396484e-01 6.144743561744689941e-01
-2.910416722297668457e-01 -7.310788631439208984e-01 6.171050071716308594e-01
-2.939761579036712646e-01 -7.281775474548339844e-01 6.191408634185791016e-01
-2.965471148490905762e-01 -7.258476018905639648e-01 6.206489205360412598e-01
-2.989942729473114014e-01 -7.239444255828857422e-01 6.216968297958374023e-01
-3.015823066234588623e-01 -7.223017215728759766e-01 6.223571300506591797e-01
-3.046057522296905518e-01 -7.207325100898742676e-01 6.227037310600280762e-01
-3.083793222904205322e-01 -7.190324068069458008e-01 6.228119134902954102e-01
-3.132364451885223389e-01 -7.169855237007141113e-01 6.227477192878723145e-01
-3.195232450962066650e-01 -7.143621444702148438e-01 6.225686073303222656e-01
-3.275844752788543701e-01 -7.109242081642150879e-01 6.223144531250000000e-01
-3.377594649791717529e-01 -7.064269185066223145e-01 6.219964027404785156e-01
-3.503603041172027588e-01 -7.006204724311828613e-01 6.215936541557312012e-01
-3.656645715236663818e-01 -6.932507157325744629e-01 6.210417747497558594e-01
-3.838876187801361084e-01 -6.840677857398986816e-01 6.202270388603210449e-01
-4.051757156848907471e-01 -6.728270053863525391e-01 6.189802885055541992e-01
-4.295772612094879150e-01 -6.593007445335388184e-01 6.170786023139953613e-01
-4.570290744304656982e-01 -6.432883739471435547e-01 6.142511367797851562e-01
-4.873439371585845947e-01 -6.246332526206970215e-01 6.101879477500915527e-01
-5.202043056488037109e-01 -6.032382845878601074e-01 6.045586466789245605e-01
-5.551636219024658203e-01 -5.790838003158569336e-01 5.970388054847717285e-01
-5.916633605957031250e-01 -5.522429347038269043e-01 5.873349308967590332e-01
-6.290628910064697266e-01 -5.228892564773559570e-01 5.752100944519042969e-01
-6.666761040687561035e-01 -4.912922084331512451e-01 5.605131387710571289e-01
-7.038136720657348633e-01 -4.578115344047546387e-01 5.431896448135375977e-01
-7.398298382759094238e-01 -4.228709340095520020e-01 5.232896804809570312e-01
-7.741588950157165527e-01 -3.869329094886779785e-01 5.009601116180419922e-01
-8.063423633575439453e-01 -3.504672348499298096e-01 4.764290153980255127e-01
-8.360414505004882812e-01 -3.139223456382751465e-01 4.499860107898712158e-01
-8.630374670028686523e-01 -2.777026891708374023e-01 4.219568371772766113e-01
-8.872233629226684570e-01 -2.421509921550750732e-01 3.926801085472106934e-01
-9.085844159126281738e-01 -2.075448334217071533e-01 3.624907433986663818e-01
-9.271799325942993164e-01 -1.740964502096176147e-01 3.317044377326965332e-01
-9.431239962577819824e-01 -1.419539451599121094e-01 3.006096482276916504e-01
-9.565677046775817871e-01 -1.112133935093879700e-01 2.694621086120605469e-01
-9.676843285560607910e-01 -8.192785829305648804e-02 2.384845763444900513e-01
-9.766586422920227051e-01 -5.411623045802116394e-02 2.078685909509658813e-01
-9.836796522140502930e-01 -2.777029387652873993e-02 1.777727305889129639e-01
-9.889336228370666504e-01 -2.864027628675103188e-03 1.483309268951416016e-01
-9.926014542579650879e-01 2.064269408583641052e-02 1.196500658988952637e-01
-9.948558211326599121e-01 4.279979690909385681e-02 9.181553870439529419e-02
-9.958589673042297363e-01 6.366505473852157593e-02 6.489596515893936157e-02
-9.957630634307861328e-01 8.330202102661132812e-02 3.894564136862754822e-02
-9.947082996368408203e-01 1.017796248197555542e-01 1.400680746883153915e-02
-9.928241968154907227e-01 1.191742494702339172e-01 -9.884629398584365845e-03
-9.902288317680358887e-01 1.355644762516021729e-01 -3.269736096262931824e-02
-9.870302677154541016e-01 1.510361433029174805e-01 -5.440021306276321411e-02
-9.833261966705322266e-01 1.656818687915802002e-01 -7.496090978384017944e-02
-9.792056679725646973e-01 1.795992702245712280e-01 -9.434152394533157349e-02
-9.747499823570251465e-01 1.928906440734863281e-01 -1.124973073601722717e-01
-9.700337648391723633e-01 2.056627571582794189e-01 -1.293724626302719116e-01
-9.651256203651428223e-01 2.180281877517700195e-01 -1.449007540941238403e-01
-9.600892066955566406e-01 2.301002740859985352e-01 -1.590049117803573608e-01
-9.549840092658996582e-01 2.419951409101486206e-01 -1.715921610593795776e-01
-9.498647451400756836e-01 2.538287937641143799e-01 -1.825592815876007080e-01
-9.447815418243408203e-01 2.657154500484466553e-01 -1.917888969182968140e-01
-9.397784471511840820e-01 2.777657806873321533e-01 -1.991547197103500366e-01
-9.348908066749572754e-01 2.900853753089904785e-01 -2.045227885246276855e-01
-9.301436543464660645e-01 3.027715981006622314e-01 -2.077550590038299561e-01
-9.255470037460327148e-01 3.159114718437194824e-01 -2.087166160345077515e-01
-9.210920333862304688e-01 3.295801579952239990e-01 -2.072836309671401978e-01
-9.167464375495910645e-01 3.438361287117004395e-01 -2.033535689115524292e-01
-9.124519824981689453e-01 3.587181866168975830e-01 -1.968569159507751465e-01
-9.081197381019592285e-01 3.742441833019256592e-01 -1.877756863832473755e-01
-9.036294817924499512e-01 3.904101550579071045e-01 -1.761636435985565186e-01
-8.988350033760070801e-01 4.071825146675109863e-01 -1.621667295694351196e-01
-8.935677409172058105e-01 4.245094656944274902e-01 -1.460422724485397339e-01
-8.876525759696960449e-01 4.423146545886993408e-01 -1.281824409961700439e-01
-8.809231519699096680e-01 4.605067670345306396e-01 -1.091233640909194946e-01
-8.732432126998901367e-01 4.789870381355285645e-01 -8.954156190156936646e-02
-8.645240664482116699e-01 4.976588785648345947e-01 -7.024125009775161743e-02
-8.547423481941223145e-01 5.164288878440856934e-01 -5.212264135479927063e-02
-8.439419269561767578e-01 5.352165699005126953e-01 -3.612683340907096863e-02
-8.322302699089050293e-01 5.539451837539672852e-01 -2.318207360804080963e-02
-8.197605013847351074e-01 5.725320577621459961e-01 -1.413699518889188766e-02
-8.067083358764648438e-01 5.908702611923217773e-01 -9.696867316961288452e-03
-7.932469248771667480e-01 6.088117361068725586e-01 -1.037590112537145615e-02
-7.795271277427673340e-01 6.261522173881530762e-01 -1.645587198436260223e-02
-7.656694650650024414e-01 6.426262259483337402e-01 -2.795949578285217285e-02
-7.517697811126708984e-01 6.579125523567199707e-01 -4.464603960514068604e-02
-7.379055619239807129e-01 6.716673970222473145e-01 -6.601671129465103149e-02
-7.241617441177368164e-01 6.835524439811706543e-01 -9.135533124208450317e-02
-7.106422781944274902e-01 6.932826638221740723e-01 -1.197781041264533997e-01
-6.974833011627197266e-01 7.006607651710510254e-01 -1.503049582242965698e-01
-6.848487257957458496e-01 7.056067585945129395e-01 -1.819373816251754761e-01
-6.729235053062438965e-01 7.081601023674011230e-01 -2.137364149093627930e-01
-6.618918180465698242e-01 7.084731459617614746e-01 -2.448775619268417358e-01
-6.519200801849365234e-01 7.067841291427612305e-01 -2.746933102607727051e-01
-6.431386470794677734e-01 7.033892273902893066e-01 -3.026816844940185547e-01
-6.356311440467834473e-01 6.986087560653686523e-01 -3.285100162029266357e-01
-6.294273734092712402e-01 6.927649378776550293e-01 -3.519912958145141602e-01
-6.245051026344299316e-01 6.861647963523864746e-01 -3.730565607547760010e-01
-6.207924485206604004e-01 6.790867447853088379e-01 -3.917368650436401367e-01
-6.181745529174804688e-01 6.717809438705444336e-01 -4.081307351589202881e-01
-6.165024638175964355e-01 6.644638776779174805e-01 -4.223889410495758057e-01
-6.155959963798522949e-01 6.573271751403808594e-01 -4.346983432769775391e-01
-6.152532100677490234e-01 6.505371928215026855e-01 -4.452693462371826172e-01
-6.152558922767639160e-01 6.442400217056274414e-01 -4.543291032314300537e-01
-6.153713464736938477e-01 6.385650634765625000e-01 -4.621176421642303467e-01
-6.153579354286193848e-01 6.336288452148437500e-01 -4.688807725906372070e-01
-6.149667501449584961e-01 6.295340061187744141e-01 -4.748713970184326172e-01
-6.139426827430725098e-01 6.263724565505981445e-01 -4.803456068038940430e-01
-6.120241284370422363e-01 6.242245435714721680e-01 -4.855616688728332520e-01
-6.089457869529724121e-01 6.231560111045837402e-01 -4.907764494419097900e-01
-6.044340133666992188e-01 6.232183575630187988e-01 -4.962442517280578613e-01
-5.982099175453186035e-01 6.244430541992187500e-01 -5.022107958793640137e-01
-5.899854898452758789e-01 6.268392205238342285e-01 -5.089104175567626953e-01
-5.794669389724731445e-01 6.303865313529968262e-01 -5.165566205978393555e-01
-5.663562417030334473e-01 6.350283026695251465e-01 -5.253376364707946777e-01
-5.503544807434082031e-01 6.406668424606323242e-01 -5.354026556015014648e-01
-5.311723947525024414e-01 6.471521854400634766e-01 -5.468546152114868164e-01
-5.085440278053283691e-01 6.542785763740539551e-01 -5.597342848777770996e-01
-4.822435379028320312e-01 6.617804169654846191e-01 -5.740101933479309082e-01
-4.521146416664123535e-01 6.693304777145385742e-01 -5.895667672157287598e-01
-4.180937409400939941e-01 6.765490770339965820e-01 -6.062005162239074707e-01
-3.802475333213806152e-01 6.830165982246398926e-01 -6.236186623573303223e-01
-3.387945592403411865e-01 6.883020997047424316e-01 -6.414502859115600586e-01
-2.941263020038604736e-01 6.919923424720764160e-01 -6.592694520950317383e-01
-2.468042224645614624e-01 6.937331557273864746e-01 -6.766253709793090820e-01
-1.975430101156234741e-01 6.932613849639892578e-01 -6.930840015411376953e-01
-1.471673846244812012e-01 6.904381513595581055e-01 -7.082633376121520996e-01
-9.655405580997467041e-02 6.852600574493408203e-01 -7.218697071075439453e-01
-4.656596481800079346e-02 6.778582334518432617e-01 -7.337164878845214844e-01
2.006575465202331543e-03 6.684778332710266113e-01 -7.437293529510498047e-01
4.849728941917419434e-02 6.574503779411315918e-01 -7.519354224205017090e-01
9.238684922456741333e-02 6.451561450958251953e-01 -7.584446072578430176e-01
1.333133280277252197e-01 6.319947838783264160e-01 -7.634200453758239746e-01
1.710624247789382935e-01 6.183539032936096191e-01 -7.670567631721496582e-01
2.055487632751464844e-01 6.045940518379211426e-01 -7.695555090904235840e-01
2.367889285087585449e-01 5.910378098487854004e-01 -7.711065411567687988e-01
2.648777365684509277e-01 5.779644250869750977e-01 -7.718788981437683105e-01
2.899616658687591553e-01 5.656129121780395508e-01 -7.720131278038024902e-01
3.122229278087615967e-01 5.541859269142150879e-01 -7.716183066368103027e-01
3.318613469600677490e-01 5.438548326492309570e-01 -7.707723379135131836e-01
3.490839898586273193e-01 5.347645878791809082e-01 -7.695240378379821777e-01
3.640975058078765869e-01 5.270410776138305664e-01 -7.678936719894409180e-01
3.771026134490966797e-01 5.207953453063964844e-01 -7.658758163452148438e-01
3.882911205291748047e-01 5.161273479461669922e-01 -7.634412646293640137e-01
3.978448510169982910e-01 5.131291747093200684e-01 -7.605379223823547363e-01
4.059355258941650391e-01 5.118901729583740234e-01 -7.570896744728088379e-01
4.127248227596282959e-01 5.124955773353576660e-01 -7.529982924461364746e-01
4.183660745620727539e-01 5.150322318077087402e-01 -7.481387853622436523e-01
4.230060279369354248e-01 5.195861458778381348e-01 -7.423584461212158203e-01
4.267861545085906982e-01 5.262440443038940430e-01 -7.354731559753417969e-01
4.298443496227264404e-01 5.350939035415649414e-01 -7.272608280181884766e-01
4.323172867298126221e-01 5.462217926979064941e-01 -7.174562811851501465e-01
4.343416988849639893e-01 5.597068667411804199e-01 -7.057446837425231934e-01
4.360553920269012451e-01 5.756171941757202148e-01 -6.917517185211181641e-01
4.375982284545898438e-01 5.939970016479492188e-01 -6.750373244285583496e-01
4.391075968742370605e-01 6.148520708084106445e-01 -6.550888419151306152e-01
4.407184123992919922e-01 6.381286978721618652e-01 -6.313153505325317383e-01
4.425554275512695312e-01 6.636829972267150879e-01 -6.030502915382385254e-01
4.447223544120788574e-01 6.912410855293273926e-01 -5.695679783821105957e-01
4.472892582416534424e-01 7.203562855720520020e-01 -5.301124453544616699e-01
4.502734541893005371e-01 7.503553032875061035e-01 -4.839635491371154785e-01
4.536240100860595703e-01 7.802998423576354980e-01 -4.305315315723419189e-01
4.572042822837829590e-01 8.089715242385864258e-01 -3.694985806941986084e-01
4.607955515384674072e-01 8.349107503890991211e-01 -3.009842336177825928e-01
4.641078114509582520e-01 8.565382957458496094e-01 -2.257125526666641235e-01
4.668279886245727539e-01 8.723617196083068848e-01 -1.451089680194854736e-01
4.686827361583709717e-01 8.812388777732849121e-01 -6.127348914742469788e-02
4.694983959197998047e-01 8.826279044151306152e-01 2.322119288146495819e-02
4.692434966564178467e-01 8.767242431640625000e-01 1.056659072637557983e-01
4.680277407169342041e-01 8.644309639930725098e-01 1.836006343364715576e-01
4.660567045211791992e-01 8.471724390983581543e-01 2.551276981830596924e-01
4.635724425315856934e-01 8.266249299049377441e-01 3.190482854843139648e-01
4.607895910739898682e-01 8.044566512107849121e-01 3.748633563518524170e-01
4.578557312488555908e-01 7.821403145790100098e-01 4.226402938365936279e-01
4.548329710960388184e-01 7.608587145805358887e-01 4.628401696681976318e-01
4.517000019550323486e-01 7.414801716804504395e-01 4.961594045162200928e-01
4.483616650104522705e-01 7.245856523513793945e-01 5.233999490737915039e-01
4.446693658828735352e-01 7.105074524879455566e-01 5.453882217407226562e-01
4.404359757900238037e-01 6.993828415870666504e-01 5.629207491874694824e-01
4.354516267776489258e-01 6.911992430686950684e-01 5.767369270324707031e-01
4.294998049736022949e-01 6.858224272727966309e-01 5.875180959701538086e-01
4.223639965057373047e-01 6.830319166183471680e-01 5.958825349807739258e-01
4.138432145118713379e-01 6.825395226478576660e-01 6.023899316787719727e-01
4.037557542324066162e-01 6.840062737464904785e-01 6.075497269630432129e-01
3.919501900672912598e-01 6.870619058609008789e-01 6.118178367614746094e-01
3.783118128776550293e-01 6.913139820098876953e-01 6.156014800071716309e-01
3.627702891826629639e-01 6.963624358177185059e-01 6.192551851272583008e-01
3.452993035316467285e-01 7.018131613731384277e-01 6.230784058570861816e-01
3.259314596652984619e-01 7.072856426239013672e-01 6.273083686828613281e-01
3.047523498535156250e-01 7.124269008636474609e-01 6.321185231208801270e-01
2.819091081619262695e-01 7.169241905212402344e-01 6.376103758811950684e-01
2.576099336147308350e-01 7.205095291137695312e-01 6.438191533088684082e-01
2.321190536022186279e-01 7.229731678962707520e-01 6.507154107093811035e-01
2.057593911886215210e-01 7.241659164428710938e-01 6.582149267196655273e-01
1.788969933986663818e-01 7.240116596221923828e-01 6.661853790283203125e-01
1.519351303577423096e-01 7.225019335746765137e-01 6.744676828384399414e-01
1.252911835908889771e-01 7.196948528289794922e-01 6.828919053077697754e-01
9.938499331474304199e-02 7.157098054885864258e-01 6.912900805473327637e-01
7.461494952440261841e-02 7.107098698616027832e-01 6.995170116424560547e-01
5.134006962180137634e-02 7.048914432525634766e-01 7.074547410011291504e-01
2.986037172377109528e-02 6.984643340110778809e-01 7.150216698646545410e-01
1.041094213724136353e-02 6.916340589523315430e-01 7.221731543540954590e-01
-6.852980703115463257e-03 6.845874190330505371e-01 7.288985252380371094e-01
-2.185435593128204346e-02 6.774819493293762207e-01 7.352146506309509277e-01
-3.459944576025009155e-02 6.704356074333190918e-01 7.411605715751647949e-01
-4.516931623220443726e-02 6.635285615921020508e-01 7.467861771583557129e-01
-5.372013151645660400e-02 6.568004488945007324e-01 7.521485090255737305e-01
-6.047390028834342957e-02 6.502581834793090820e-01 7.573025822639465332e-01
-6.571044772863388062e-02 6.438806056976318359e-01 7.622990012168884277e-01
-6.976639479398727417e-02 6.376274228096008301e-01 7.671791911125183105e-01
-7.301950454711914062e-02 6.314513683319091797e-01 7.719698548316955566e-01
-7.588344812393188477e-02 6.252992153167724609e-01 7.766869068145751953e-01
-7.879826426506042480e-02 6.191282272338867188e-01 7.813264727592468262e-01
-8.221940696239471436e-02 6.129047870635986328e-01 7.858674526214599609e-01
-8.660554140806198120e-02 6.066100597381591797e-01 7.902681231498718262e-01
-9.240788221359252930e-02 6.002430915832519531e-01 7.944614887237548828e-01
-1.000573560595512390e-01 5.938159823417663574e-01 7.983552217483520508e-01
-1.099533364176750183e-01 5.873551964759826660e-01 8.018255233764648438e-01
-1.224493384361267090e-01 5.808996558189392090e-01 8.047122359275817871e-01
-1.378432214260101318e-01 5.744916796684265137e-01 8.068199753761291504e-01
-1.563603579998016357e-01 5.681727528572082520e-01 8.079177737236022949e-01
-1.781410723924636841e-01 5.619856119155883789e-01 8.077362775802612305e-01
-2.032304704189300537e-01 5.559630990028381348e-01 8.059791922569274902e-01
-2.315594851970672607e-01 5.501294136047363281e-01 8.023327589035034180e-01
-2.629385292530059814e-01 5.444979071617126465e-01 7.964830994606018066e-01
-2.970497906208038330e-01 5.390794277191162109e-01 7.881336808204650879e-01
-3.334433436393737793e-01 5.338721275329589844e-01 7.770432233810424805e-01
-3.715535402297973633e-01 5.288777947425842285e-01 7.630440592765808105e-01
-4.107142984867095947e-01 5.241014361381530762e-01 7.460774183273315430e-01
-4.501941502094268799e-01 5.195564627647399902e-01 7.262136340141296387e-01
-4.892351329326629639e-01 5.152681469917297363e-01 7.036673426628112793e-01
-5.271009206771850586e-01 5.112809538841247559e-01 6.787903904914855957e-01
-5.631252527236938477e-01 5.076494812965393066e-01 6.520597934722900391e-01
-5.967405438423156738e-01 5.044423937797546387e-01 6.240500807762145996e-01
-6.275116801261901855e-01 5.017322301864624023e-01 5.953938961029052734e-01
-6.551392674446105957e-01 4.995915889739990234e-01 5.667457580566406250e-01
-6.794576048851013184e-01 4.980891048908233643e-01 5.387434959411621094e-01
-7.004157900810241699e-01 4.972823560237884521e-01 5.119844079017639160e-01
-7.180553078651428223e-01 4.972144663333892822e-01 4.870055019855499268e-01
-7.324818968772888184e-01 4.979170858860015869e-01 4.642722904682159424e-01
-7.438388466835021973e-01 4.994060099124908447e-01 4.441817402839660645e-01
-7.522801756858825684e-01 5.016883611679077148e-01 4.270637333393096924e-01
-7.579539418220520020e-01 5.047585964202880859e-01 4.131883978843688965e-01
-7.609799504280090332e-01 5.086029767990112305e-01 4.027809500694274902e-01
-7.614442706108093262e-01 5.131970643997192383e-01 3.960192501544952393e-01
-7.593844532966613770e-01 5.185083150863647461e-01 3.930448293685913086e-01
-7.547878623008728027e-01 5.244907736778259277e-01 3.939602673053741455e-01
-7.475901246070861816e-01 5.310797691345214844e-01 3.988274633884429932e-01
-7.376792430877685547e-01 5.381904244422912598e-01 4.076522290706634521e-01
-7.249062657356262207e-01 5.457090139389038086e-01 4.203720390796661377e-01
-7.091006040573120117e-01 5.534900426864624023e-01 4.368351697921752930e-01
-6.900983452796936035e-01 5.613551139831542969e-01 4.567764103412628174e-01
-6.677746772766113281e-01 5.690939426422119141e-01 4.798009395599365234e-01
-6.420892477035522461e-01 5.764750838279724121e-01 5.053691267967224121e-01
-6.131229400634765625e-01 5.832646489143371582e-01 5.328063964843750000e-01
-5.811185836791992188e-01 5.892510414123535156e-01 5.613238811492919922e-01
-5.464984774589538574e-01 5.942718386650085449e-01 5.900681614875793457e-01
-5.098565220832824707e-01 5.982409715652465820e-01 6.181860566139221191e-01
-4.719215333461761475e-01 6.011599302291870117e-01 6.449005603790283203e-01
-4.334977567195892334e-01 6.031249165534973145e-01 6.695671081542968750e-01
-3.953916132450103760e-01 6.043071150779724121e-01 6.917213797569274902e-01
-3.583404719829559326e-01 6.049274802207946777e-01 7.110941410064697266e-01
-3.229610323905944824e-01 6.052293777465820312e-01 7.275943756103515625e-01
-2.897162437438964844e-01 6.054437756538391113e-01 7.412841916084289551e-01
-2.589093148708343506e-01 6.057717800140380859e-01 7.523340582847595215e-01
-2.306939065456390381e-01 6.063685417175292969e-01 7.609845399856567383e-01
-2.050964534282684326e-01 6.073405146598815918e-01 7.675108909606933594e-01
-1.820480227470397949e-01 6.087464690208435059e-01 7.721956968307495117e-01
-1.614053994417190552e-01 6.106064915657043457e-01 7.753115296363830566e-01
-1.429838091135025024e-01 6.129063963890075684e-01 7.771109342575073242e-01
-1.265706419944763184e-01 6.156094670295715332e-01 7.778205871582031250e-01
-1.119454503059387207e-01 6.186636090278625488e-01 7.776398062705993652e-01
-9.889236837625503540e-02 6.220069527626037598e-01 7.767416238784790039e-01
-8.720660954713821411e-02 6.255726218223571777e-01 7.752766013145446777e-01
-7.670164853334426880e-02 6.292915940284729004e-01 7.733750343322753906e-01
-6.721217930316925049e-02 6.330966949462890625e-01 7.711491584777832031e-01
-5.859677493572235107e-02 6.369197368621826172e-01 7.687000036239624023e-01
-5.073794350028038025e-02 6.406924128532409668e-01 7.661194205284118652e-01
-4.354161396622657776e-02 6.443477272987365723e-01 7.634921073913574219e-01
-3.693594411015510559e-02 6.478173732757568359e-01 7.608997821807861328e-01
-3.086710721254348755e-02 6.510332226753234863e-01 7.584213614463806152e-01
-2.529685758054256439e-02 6.539255976676940918e-01 7.561358213424682617e-01
-2.019939012825489044e-02 6.564261317253112793e-01 7.541197538375854492e-01
-1.555577758699655533e-02 6.584684252738952637e-01 7.524476051330566406e-01
-1.134871132671833038e-02 6.599929332733154297e-01 7.511861324310302734e-01
-7.557861041277647018e-03 6.609495878219604492e-01 7.503922581672668457e-01
-4.156664945185184479e-03 6.613015532493591309e-01 7.501086592674255371e-01
-1.105437404476106167e-03 6.610324978828430176e-01 7.503564357757568359e-01
1.652281265705823898e-03 6.601517200469970703e-01 7.511305212974548340e-01
4.189819097518920898e-03 6.587008237838745117e-01 7.523933053016662598e-01
6.600894033908843994e-03 6.567579507827758789e-01 7.540724873542785645e-01
8.999523706734180450e-03 6.544414758682250977e-01 7.560590505599975586e-01
1.151505857706069946e-02 6.519123315811157227e-01 7.582069039344787598e-01
1.429124176502227783e-02 6.493700742721557617e-01 7.603381872177124023e-01
1.747800968587398529e-02 6.470515727996826172e-01 7.622457742691040039e-01
2.122879959642887115e-02 6.452162265777587891e-01 7.637050747871398926e-01
2.568858116865158081e-02 6.441372632980346680e-01 7.644784450531005859e-01
3.098934330046176910e-02 6.440835595130920410e-01 7.643272280693054199e-01
3.724545985460281372e-02 6.453056931495666504e-01 7.630160450935363770e-01
4.454312846064567566e-02 6.480166912078857422e-01 7.603225111961364746e-01
5.294181406497955322e-02 6.523813009262084961e-01 7.560396194458007812e-01
6.246732175350189209e-02 6.584979891777038574e-01 7.499855756759643555e-01
7.310961186885833740e-02 6.663975119590759277e-01 7.420036196708679199e-01
8.482833951711654663e-02 6.760367155075073242e-01 7.319688200950622559e-01
9.754615277051925659e-02 6.873007416725158691e-01 7.197933197021484375e-01
1.111541464924812317e-01 7.000116705894470215e-01 7.054277658462524414e-01
1.255126297473907471e-01 7.139357924461364746e-01 6.888701915740966797e-01
1.404550820589065552e-01 7.288020849227905273e-01 6.701639890670776367e-01
1.557895839214324951e-01 7.443122863769531250e-01 6.494064927101135254e-01
1.713036745786666870e-01 7.601645588874816895e-01 6.267415881156921387e-01
1.867685317993164062e-01 7.760670185089111328e-01 6.023600101470947266e-01
2.019427567720413208e-01 7.917532920837402344e-01 5.764944553375244141e-01
2.165740728378295898e-01 8.069970607757568359e-01 5.494099855422973633e-01
2.304067760705947876e-01 8.216221928596496582e-01 5.213920474052429199e-01
2.431802749633789062e-01 8.355066776275634766e-01 4.927392601966857910e-01
2.546333372592926025e-01 8.485848903656005859e-01 4.637516438961029053e-01
2.645031809806823730e-01 8.608486652374267578e-01 4.347156584262847900e-01
2.725269496440887451e-01 8.723375797271728516e-01 4.059015810489654541e-01
2.784391343593597412e-01 8.831343650817871094e-01 3.775518834590911865e-01
2.819708585739135742e-01 8.933527469635009766e-01 3.498763144016265869e-01
2.828453779220581055e-01 9.031262993812561035e-01 3.230501413345336914e-01
2.807801663875579834e-01 9.125925898551940918e-01 2.972157895565032959e-01
2.754826247692108154e-01 9.218814969062805176e-01 2.724772989749908447e-01
2.666518688201904297e-01 9.310968518257141113e-01 2.489086389541625977e-01
2.541358470916748047e-01 9.401937723159790039e-01 2.268271148204803467e-01
2.399352937936782837e-01 9.487645030021667480e-01 2.056138962507247925e-01
2.227864265441894531e-01 9.491417407989501953e-01 2.224776297807693481e-01
2.715070247650146484e-01 9.487215280532836914e-01 1.618992537260055542e-01
2.404820919036865234e-01 9.610071182250976562e-01 1.365050524473190308e-01
1.181641817092895508e-01 9.901347160339355469e-01 -7.530282437801361084e-02
9.204114228487014771e-02 9.749801158905029297e-01 -2.023413926362991333e-01
8.827516436576843262e-02 9.547029137611389160e-01 -2.841650843620300293e-01
1.229742243885993958e-01 9.421585202217102051e-01 -3.117927014827728271e-01
1.584597676992416382e-01 9.266001582145690918e-01 -3.410316407680511475e-01
1.905378252267837524e-01 9.099316000938415527e-01 -3.684018552303314209e-01
2.191067785024642944e-01 8.926350474357604980e-01 -3.939478099346160889e-01
2.442207783460617065e-01 8.751090168952941895e-01 -4.177804589271545410e-01
2.660374939441680908e-01 8.576665520668029785e-01 -4.400365650653839111e-01
2.847821414470672607e-01 8.405412435531616211e-01 -4.608573615550994873e-01
3.007219433784484863e-01 8.238941431045532227e-01 -4.803797006607055664e-01
3.141398727893829346e-01 8.078296184539794922e-01 -4.987259209156036377e-01
3.253237009048461914e-01 7.924052476882934570e-01 -5.160022974014282227e-01
3.345553278923034668e-01 7.776458859443664551e-01 -5.322966575622558594e-01
3.421042561531066895e-01 7.635526061058044434e-01 -5.476787686347961426e-01
3.482262790203094482e-01 7.501109838485717773e-01 -5.622027516365051270e-01
3.531603813171386719e-01 7.372983098030090332e-01 -5.759071111679077148e-01
3.571299910545349121e-01 7.250866293907165527e-01 -5.888188481330871582e-01
3.603430986404418945e-01 7.134493589401245117e-01 -6.009515523910522461e-01
3.629932999610900879e-01 7.023615837097167969e-01 -6.123104095458984375e-01
3.652625679969787598e-01 6.918025016784667969e-01 -6.228905320167541504e-01
3.673199117183685303e-01 6.817568540573120117e-01 -6.326797604560852051e-01
3.693254292011260986e-01 6.722157001495361328e-01 -6.416578292846679688e-01
3.714282810688018799e-01 6.631767153739929199e-01 -6.497981548309326172e-01
3.737704455852508545e-01 6.546426415443420410e-01 -6.570681929588317871e-01
3.764849603176116943e-01 6.466231942176818848e-01 -6.634286046028137207e-01
3.796979188919067383e-01 6.391322016716003418e-01 -6.688345074653625488e-01
3.835267424583435059e-01 6.321874260902404785e-01 -6.732357144355773926e-01
3.880818188190460205e-01 6.258085966110229492e-01 -6.765767335891723633e-01
3.934642672538757324e-01 6.200164556503295898e-01 -6.787971258163452148e-01
3.997665047645568848e-01 6.148313879966735840e-01 -6.798301935195922852e-01
4.070706963539123535e-01 6.102703213691711426e-01 -6.796054244041442871e-01
4.154492318630218506e-01 6.063460111618041992e-01 -6.780460476875305176e-01
4.249599277973175049e-01 6.030640006065368652e-01 -6.750723719596862793e-01
4.356498420238494873e-01 6.004224419593811035e-01 -6.705982685089111328e-01
4.475510120391845703e-01 5.984081029891967773e-01 -6.645342111587524414e-01
4.606806635856628418e-01 5.969964861869812012e-01 -6.567865014076232910e-01
4.750391840934753418e-01 5.961496233940124512e-01 -6.472582817077636719e-01
4.906100034713745117e-01 5.958158969879150391e-01 -6.358499526977539062e-01
5.073586702346801758e-01 5.959291458129882812e-01 -6.224594116210937500e-01
5.252318382263183594e-01 5.964067578315734863e-01 -6.069847345352172852e-01
5.441544651985168457e-01 5.971538424491882324e-01 -5.893243551254272461e-01
5.640317797660827637e-01 5.980611443519592285e-01 -5.693777799606323242e-01
5.847454667091369629e-01 5.990077257156372070e-01 -5.470488071441650391e-01
6.061538457870483398e-01 5.998627543449401855e-01 -5.222471952438354492e-01
6.280900835990905762e-01 6.004871129989624023e-01 -4.948920011520385742e-01
6.503614783287048340e-01 6.007367968559265137e-01 -4.649141728878021240e-01
6.727480292320251465e-01 6.004642248153686523e-01 -4.322648346424102783e-01
6.950013637542724609e-01 5.995243191719055176e-01 -3.969176709651947021e-01
7.168445587158203125e-01 5.977768898010253906e-01 -3.588825464248657227e-01
7.379739880561828613e-01 5.950920581817626953e-01 -3.182135820388793945e-01
7.580618858337402344e-01 5.913589596748352051e-01 -2.750211954116821289e-01
7.767651677131652832e-01 5.864915251731872559e-01 -2.294855117797851562e-01
7.937343716621398926e-01 5.804392099380493164e-01 -1.818680167198181152e-01
8.086320757865905762e-01 5.731953978538513184e-01 -1.325186640024185181e-01
8.211514949798583984e-01 5.648068189620971680e-01 -8.187489956617355347e-02
8.310394883155822754e-01 5.553790330886840820e-01 -3.045381791889667511e-02
8.381183147430419922e-01 5.450778007507324219e-01 2.116364426910877228e-02
8.423025608062744141e-01 5.341250300407409668e-01 7.236640155315399170e-02
8.436091542243957520e-01 5.227875113487243652e-01 1.225421875715255737e-01
8.421573042869567871e-01 5.113604068756103516e-01 1.711192727088928223e-01
8.381549715995788574e-01 5.001483559608459473e-01 2.175953686237335205e-01
8.318826556205749512e-01 4.894427359104156494e-01 2.615667879581451416e-01
8.236638903617858887e-01 4.795024693012237549e-01 3.027462065219879150e-01
8.138424158096313477e-01 4.705391228199005127e-01 3.409595489501953125e-01
8.027560710906982422e-01 4.627050161361694336e-01 3.761473298072814941e-01
7.907178401947021484e-01 4.560892879962921143e-01 4.083476662635803223e-01
7.780029773712158203e-01 4.507184326648712158e-01 4.376805126667022705e-01
7.648410201072692871e-01 4.465612471103668213e-01 4.643287956714630127e-01
7.514150738716125488e-01 4.435339570045471191e-01 4.885212779045104980e-01
7.378637194633483887e-01 4.415122866630554199e-01 5.105134248733520508e-01
7.242859005928039551e-01 4.403393864631652832e-01 5.305762290954589844e-01
7.107455134391784668e-01 4.398395717144012451e-01 5.489826798439025879e-01
6.972804069519042969e-01 4.398245215415954590e-01 5.659985542297363281e-01
6.839079260826110840e-01 4.401032924652099609e-01 5.818754434585571289e-01
6.706313490867614746e-01 4.404937326908111572e-01 5.968407988548278809e-01
6.574456095695495605e-01 4.408254027366638184e-01 6.110959053039550781e-01
6.443421244621276855e-01 4.409482181072235107e-01 6.248103380203247070e-01
6.313113570213317871e-01 4.407370984554290771e-01 6.381196379661560059e-01
6.183497905731201172e-01 4.400951266288757324e-01 6.511219143867492676e-01
6.054589152336120605e-01 4.389562606811523438e-01 6.638802289962768555e-01
5.926501154899597168e-01 4.372886717319488525e-01 6.764203906059265137e-01
5.799448490142822266e-01 4.350932538509368896e-01 6.887363791465759277e-01
5.673763751983642578e-01 4.324049949645996094e-01 7.007924318313598633e-01
5.549879670143127441e-01 4.292886555194854736e-01 7.125303745269775391e-01
5.428323745727539062e-01 4.258358776569366455e-01 7.238762378692626953e-01
5.309684276580810547e-01 4.221608340740203857e-01 7.347467541694641113e-01
5.194571018218994141e-01 4.183918535709381104e-01 7.450587749481201172e-01
5.083597302436828613e-01 4.146662354469299316e-01 7.547333240509033203e-01
4.977282881736755371e-01 4.111225605010986328e-01 7.637046575546264648e-01
4.876032471656799316e-01 4.078899025917053223e-01 7.719254493713378906e-01
4.780084788799285889e-01 4.050841629505157471e-01 7.793681025505065918e-01
4.689472019672393799e-01 4.028011560440063477e-01 7.860277891159057617e-01
4.603990614414215088e-01 4.011094272136688232e-01 7.919241189956665039e-01
4.523165524005889893e-01 4.000492990016937256e-01 7.971012592315673828e-01
4.446296393871307373e-01 3.996294438838958740e-01 8.016239404678344727e-01
4.372436106204986572e-01 3.998272418975830078e-01 8.055782318115234375e-01
4.300450682640075684e-01 4.005883336067199707e-01 8.090674877166748047e-01
4.229064285755157471e-01 4.018320739269256592e-01 8.122075796127319336e-01
4.156886935234069824e-01 4.034518301486968994e-01 8.151255249977111816e-01
4.082526266574859619e-01 4.053199589252471924e-01 8.179520964622497559e-01
4.004627466201782227e-01 4.072940349578857422e-01 8.208173513412475586e-01
3.921948969364166260e-01 4.092219769954681396e-01 8.238449096679687500e-01
3.833445608615875244e-01 4.109457731246948242e-01 8.271459937095642090e-01
3.738316595554351807e-01 4.123078584671020508e-01 8.308141827583312988e-01
3.636072278022766113e-01 4.131594002246856689e-01 8.349185585975646973e-01
3.526553809642791748e-01 4.133621454238891602e-01 8.395034074783325195e-01
3.409983813762664795e-01 4.127944409847259521e-01 8.445832133293151855e-01
3.286915719509124756e-01 4.113568365573883057e-01 8.501455187797546387e-01
3.158247172832489014e-01 4.089744389057159424e-01 8.561510443687438965e-01
3.025141358375549316e-01 4.056016504764556885e-01 8.625383973121643066e-01
2.888939380645751953e-01 4.012171924114227295e-01 8.692324161529541016e-01
2.751090526580810547e-01 3.958317339420318604e-01 8.761462569236755371e-01
2.612991929054260254e-01 3.894822299480438232e-01 8.831909298896789551e-01
2.475953549146652222e-01 3.822318315505981445e-01 8.902782797813415527e-01
2.341001927852630615e-01 3.741644620895385742e-01 8.973283171653747559e-01
2.208875715732574463e-01 3.653834462165832520e-01 9.042695760726928711e-01
2.079931199550628662e-01 3.560077846050262451e-01 9.110419154167175293e-01
1.954113394021987915e-01 3.461720943450927734e-01 9.175943136215209961e-01
1.830949634313583374e-01 3.360181450843811035e-01 9.238874316215515137e-01
1.709543615579605103e-01 3.257011473178863525e-01 9.298889040946960449e-01
1.588646918535232544e-01 3.153833746910095215e-01 9.355722069740295410e-01
1.466632336378097534e-01 3.052351772785186768e-01 9.409151673316955566e-01
1.341604590415954590e-01 2.954339683055877686e-01 9.458962678909301758e-01
1.211408153176307678e-01 2.861656248569488525e-01 9.504914879798889160e-01
1.073693335056304932e-01 2.776195406913757324e-01 9.546722769737243652e-01
9.259581565856933594e-02 2.699895203113555908e-01 9.584005475044250488e-01
7.655955106019973755e-02 2.634675204753875732e-01 9.616253972053527832e-01
5.899265781044960022e-02 2.582446634769439697e-01 9.642767310142517090e-01
3.962663188576698303e-02 2.545064091682434082e-01 9.662588238716125488e-01
1.819917745888233185e-02 2.524213790893554688e-01 9.674462676048278809e-01
-5.540622398257255554e-03 2.521426379680633545e-01 9.676742553710937500e-01
-3.181731328368186951e-02 2.537979781627655029e-01 9.667338132858276367e-01
-6.081653013825416565e-02 2.574813365936279297e-01 9.643675684928894043e-01
-9.266500174999237061e-02 2.632423937320709229e-01 9.602690339088439941e-01
-1.274021565914154053e-01 2.710790634155273438e-01 9.540883898735046387e-01
-1.649587601423263550e-01 2.809208631515502930e-01 9.454480409622192383e-01
-2.051251083612442017e-01 2.926214039325714111e-01 9.339681267738342285e-01
-2.475287467241287231e-01 3.059518337249755859e-01 9.193056821823120117e-01
-2.916248440742492676e-01 3.206041753292083740e-01 9.012035131454467773e-01
-3.367026448249816895e-01 3.361986577510833740e-01 8.795463442802429199e-01
-3.819216191768646240e-01 3.523094952106475830e-01 8.544084429740905762e-01
-4.263667762279510498e-01 3.684976696968078613e-01 8.260875940322875977e-01
-4.691224694252014160e-01 3.843498826026916504e-01 7.951095700263977051e-01
-5.093578696250915527e-01 3.995160758495330811e-01 7.621951699256896973e-01
-5.463876724243164062e-01 4.137403368949890137e-01 7.282029390335083008e-01
-5.797221660614013672e-01 4.268715679645538330e-01 6.940481066703796387e-01
-6.090707182884216309e-01 4.388658702373504639e-01 6.606281399726867676e-01
-6.343345642089843750e-01 4.497668743133544922e-01 6.287522315979003906e-01
-6.555626988410949707e-01 4.596901834011077881e-01 5.991013646125793457e-01
-6.729118824005126953e-01 4.687949120998382568e-01 5.722070932388305664e-01
-6.865985393524169922e-01 4.772624671459197998e-01 5.484550595283508301e-01
-6.968637108802795410e-01 4.852774441242218018e-01 5.280972719192504883e-01
-7.039410471916198730e-01 4.930145442485809326e-01 5.112765431404113770e-01
-7.080382108688354492e-01 5.006272196769714355e-01 4.980504214763641357e-01
-7.093256711959838867e-01 5.082417726516723633e-01 4.884131252765655518e-01
-7.079308032989501953e-01 5.159549117088317871e-01 4.823117256164550781e-01
-7.039387226104736328e-01 5.238261818885803223e-01 4.796627759933471680e-01
-6.973946094512939453e-01 5.318791270256042480e-01 4.803597033023834229e-01
-6.883111000061035156e-01 5.400954484939575195e-01 4.842775464057922363e-01
-6.766795516014099121e-01 5.484109520912170410e-01 4.912741184234619141e-01
-6.624770164489746094e-01 5.567165613174438477e-01 5.011893510818481445e-01
-6.456854343414306641e-01 5.648560523986816406e-01 5.138365030288696289e-01
-6.263040900230407715e-01 5.726267695426940918e-01 5.290007591247558594e-01
-6.043676137924194336e-01 5.797867774963378906e-01 5.464312434196472168e-01
-5.799643397331237793e-01 5.860608816146850586e-01 5.658391714096069336e-01
-5.532506108283996582e-01 5.911570787429809570e-01 5.868961215019226074e-01
-5.244629979133605957e-01 5.947859883308410645e-01 6.092358231544494629e-01
-4.939215779304504395e-01 5.966802835464477539e-01 6.324667334556579590e-01
-4.620275795459747314e-01 5.966213941574096680e-01 6.561809182167053223e-01
-4.292506277561187744e-01 5.944577455520629883e-01 6.799733638763427734e-01
-3.961053788661956787e-01 5.901215672492980957e-01 7.034608721733093262e-01
-3.631230592727661133e-01 5.836377739906311035e-01 7.262978553771972656e-01
-3.308217525482177734e-01 5.751217603683471680e-01 7.481924295425415039e-01
-2.996754050254821777e-01 5.647731423377990723e-01 7.689121961593627930e-01
-2.700899541378021240e-01 5.528577566146850586e-01 7.882891297340393066e-01
-2.423860430717468262e-01 5.396900773048400879e-01 8.062155842781066895e-01
-2.167909294366836548e-01 5.256133079528808594e-01 8.226374387741088867e-01
-1.934371441602706909e-01 5.109783411026000977e-01 8.375459313392639160e-01
-1.723684966564178467e-01 4.961329400539398193e-01 8.509647846221923828e-01
-1.535521596670150757e-01 4.814037978649139404e-01 8.629438281059265137e-01
-1.368883848190307617e-01 4.670954048633575439e-01 8.735464811325073242e-01
-1.222269758582115173e-01 4.534786343574523926e-01 8.828463554382324219e-01
-1.093793660402297974e-01 4.407930672168731689e-01 8.909195661544799805e-01
-9.812984615564346313e-02 4.292479753494262695e-01 8.978400230407714844e-01
-8.824645727872848511e-02 4.190193712711334229e-01 9.036787152290344238e-01
-7.949064671993255615e-02 4.102562963962554932e-01 9.084993004798889160e-01
-7.162250578403472900e-02 4.030793905258178711e-01 9.123579859733581543e-01
-6.440708786249160767e-02 3.975853025913238525e-01 9.153019785881042480e-01
-5.761784687638282776e-02 3.938449621200561523e-01 9.173693060874938965e-01
-5.104297772049903870e-02 3.919072449207305908e-01 9.185877442359924316e-01
-4.448495432734489441e-02 3.917944133281707764e-01 9.189766645431518555e-01
-3.776706382632255554e-02 3.935065567493438721e-01 9.185457229614257812e-01
-3.073319606482982635e-02 3.970149457454681396e-01 9.172974228858947754e-01
-2.325153164565563202e-02 4.022614955902099609e-01 9.152294993400573730e-01
-1.521903742104768753e-02 4.091572761535644531e-01 9.123368859291076660e-01
-6.563646253198385239e-03 4.175828397274017334e-01 9.086151123046875000e-01
2.753181615844368935e-03 4.273836612701416016e-01 9.040661454200744629e-01
1.273310557007789612e-02 4.383751749992370605e-01 8.987019062042236328e-01
2.333736047148704529e-02 4.503424763679504395e-01 8.925508856773376465e-01
3.448811173439025879e-02 4.630485773086547852e-01 8.856616616249084473e-01
4.606753587722778320e-02 4.762367308139801025e-01 8.781095743179321289e-01
5.791737884283065796e-02 4.896444082260131836e-01 8.699965476989746094e-01
6.984313577413558960e-02 5.030111670494079590e-01 8.614531755447387695e-01
8.161687850952148438e-02 5.160886645317077637e-01 8.526378273963928223e-01
9.298380464315414429e-02 5.286543369293212891e-01 8.437289595603942871e-01
1.036662012338638306e-01 5.405189394950866699e-01 8.349207043647766113e-01
1.133675873279571533e-01 5.515353679656982422e-01 8.264118432998657227e-01
1.217762827873229980e-01 5.616068840026855469e-01 8.183937072753906250e-01
1.285716742277145386e-01 5.706848502159118652e-01 8.110413551330566406e-01
1.334184706211090088e-01 5.787746906280517578e-01 8.044995069503784180e-01
1.359756290912628174e-01 5.859335660934448242e-01 7.988695502281188965e-01
1.358866691589355469e-01 5.922675728797912598e-01 7.942001223564147949e-01
1.327846795320510864e-01 5.979261398315429688e-01 7.904761433601379395e-01
1.262876093387603760e-01 6.030995249748229980e-01 7.876054644584655762e-01
1.160029694437980652e-01 6.080107688903808594e-01 7.854084372520446777e-01
1.015299186110496521e-01 6.129113435745239258e-01 7.836016416549682617e-01
8.247106522321701050e-02 6.180686354637145996e-01 7.817862033843994141e-01
5.844968557357788086e-02 6.237508654594421387e-01 7.794346809387207031e-01
2.913750149309635162e-02 6.302148103713989258e-01 7.758738398551940918e-01
-5.700876470655202866e-03 6.376796364784240723e-01 7.702805995941162109e-01
-4.614842310547828674e-02 6.462979316711425781e-01 7.616884708404541016e-01
-9.206032752990722656e-02 6.561273336410522461e-01 7.490139007568359375e-01
-1.429805159568786621e-01 6.671004295349121094e-01 7.311180233955383301e-01
-1.980591118335723877e-01 6.790058612823486328e-01 7.069113254547119141e-01
-2.560053765773773193e-01 6.914910078048706055e-01 6.755008697509765625e-01
-3.151078224182128906e-01 7.040935754776000977e-01 6.363641619682312012e-01
-3.733399212360382080e-01 7.163109779357910156e-01 5.895047783851623535e-01
-4.285665750503540039e-01 7.276838421821594238e-01 5.355435609817504883e-01
-4.787922203540802002e-01 7.378873825073242188e-01 4.756891429424285889e-01
-5.224127173423767090e-01 7.467817664146423340e-01 4.115847349166870117e-01
-5.583692193031311035e-01 7.544172406196594238e-01 3.450774550437927246e-01
-5.861926078796386719e-01 7.609955072402954102e-01 2.779640257358551025e-01
-6.059318184852600098e-01 7.668043971061706543e-01 2.117964327335357666e-01
-6.180192828178405762e-01 7.721495032310485840e-01 1.477743983268737793e-01
-6.231209039688110352e-01 7.773030996322631836e-01 8.671946823596954346e-02
-6.219986677169799805e-01 7.824767827987670898e-01 2.911588922142982483e-02
-6.154190897941589355e-01 7.878091931343078613e-01 -2.482053078711032867e-02
-6.040953993797302246e-01 7.933685779571533203e-01 -7.506724447011947632e-02
-5.886552929878234863e-01 7.991667389869689941e-01 -1.217269524931907654e-01
-5.696358680725097656e-01 8.051705956459045410e-01 -1.649704128503799438e-01
-5.474910140037536621e-01 8.113132119178771973e-01 -2.049989402294158936e-01
-5.225973129272460938e-01 8.175094127655029297e-01 -2.420135438442230225e-01
-4.952726364135742188e-01 8.236629366874694824e-01 -2.761960327625274658e-01
-4.657876193523406982e-01 8.296750187873840332e-01 -3.077031373977661133e-01
-4.343794286251068115e-01 8.354499936103820801e-01 -3.366566598415374756e-01
-4.012614190578460693e-01 8.409011363983154297e-01 -3.631453812122344971e-01
-3.666335940361022949e-01 8.459528088569641113e-01 -3.872255682945251465e-01
-3.306870758533477783e-01 8.505439162254333496e-01 -4.089267551898956299e-01
-2.936122715473175049e-01 8.546286821365356445e-01 -4.282542169094085693e-01
-2.556011080741882324e-01 8.581767678260803223e-01 -4.451973438262939453e-01
-2.168492972850799561e-01 8.611720204353332520e-01 -4.597379863262176514e-01
-1.775587201118469238e-01 8.636113405227661133e-01 -4.718562960624694824e-01
-1.379388272762298584e-01 8.655011057853698730e-01 -4.815399646759033203e-01
-9.820864349603652954e-02 8.668546080589294434e-01 -4.887925088405609131e-01
-5.859605222940444946e-02 8.676888346672058105e-01 -4.936422109603881836e-01
-1.933946460485458374e-02 8.680204153060913086e-01 -4.961516559123992920e-01
1.931534335017204285e-02 8.678651452064514160e-01 -4.964243173599243164e-01
5.711414292454719543e-02 8.672351837158203125e-01 -4.946121275424957275e-01
9.380260854959487915e-02 8.661402463912963867e-01 -4.909197688102722168e-01
1.291268318891525269e-01 8.645870685577392578e-01 -4.856082797050476074e-01
1.628491580486297607e-01 8.625822663307189941e-01 -4.789905548095703125e-01
1.947529911994934082e-01 8.601325154304504395e-01 -4.714270234107971191e-01
2.246557921171188354e-01 8.572471737861633301e-01 -4.633108973503112793e-01
2.524179816246032715e-01 8.539382815361022949e-01 -4.550543427467346191e-01
2.779521942138671875e-01 8.502191901206970215e-01 -4.470682740211486816e-01
3.012274801731109619e-01 8.461039066314697266e-01 -4.397386312484741211e-01
3.222683072090148926e-01 8.416050076484680176e-01 -4.334099292755126953e-01
3.411557376384735107e-01 8.367307782173156738e-01 -4.283623397350311279e-01
3.580156266689300537e-01 8.314849138259887695e-01 -4.248031675815582275e-01
3.730110228061676025e-01 8.258651494979858398e-01 -4.228588342666625977e-01
3.863320946693420410e-01 8.198651671409606934e-01 -4.225738048553466797e-01
3.981839120388031006e-01 8.134759664535522461e-01 -4.239178299903869629e-01
4.087769985198974609e-01 8.066886663436889648e-01 -4.267960190773010254e-01
4.183189272880554199e-01 7.994974255561828613e-01 -4.310604929924011230e-01
4.270056486129760742e-01 7.919020652770996094e-01 -4.365287125110626221e-01
4.350201785564422607e-01 7.839089632034301758e-01 -4.429945945739746094e-01
4.425270855426788330e-01 7.755334377288818359e-01 -4.502417743206024170e-01
4.496733248233795166e-01 7.667971253395080566e-01 -4.580568373203277588e-01
4.565874338150024414e-01 7.577298879623413086e-01 -4.662330746650695801e-01
4.633825123310089111e-01 7.483665943145751953e-01 -4.745778143405914307e-01
4.701552391052246094e-01 7.387465834617614746e-01 -4.829156696796417236e-01
4.769937098026275635e-01 7.289116382598876953e-01 -4.910853505134582520e-01
4.839738905429840088e-01 7.189057469367980957e-01 -4.989427626132965088e-01
4.911692738533020020e-01 7.087704539299011230e-01 -5.063567161560058594e-01
4.986477196216583252e-01 6.985484957695007324e-01 -5.132059454917907715e-01
5.064781308174133301e-01 6.882777810096740723e-01 -5.193780660629272461e-01
5.147310495376586914e-01 6.779931783676147461e-01 -5.247639417648315430e-01
5.234816670417785645e-01 6.677254438400268555e-01 -5.292538404464721680e-01
5.328120589256286621e-01 6.574974656105041504e-01 -5.327367186546325684e-01
5.428106784820556641e-01 6.473264098167419434e-01 -5.350936055183410645e-01
5.535778999328613281e-01 6.372179985046386719e-01 -5.361946225166320801e-01
5.652212500572204590e-01 6.271685361862182617e-01 -5.358960032463073730e-01
5.778596401214599609e-01 6.171585321426391602e-01 -5.340352058410644531e-01
5.916210412979125977e-01 6.071529984474182129e-01 -5.304240584373474121e-01
6.066397428512573242e-01 5.970973968505859375e-01 -5.248457193374633789e-01
6.230547428131103516e-01 5.869102478027343750e-01 -5.170484781265258789e-01
6.410017013549804688e-01 5.764828920364379883e-01 -5.067388415336608887e-01
6.606053113937377930e-01 5.656714439392089844e-01 -4.935753047466278076e-01
6.819628477096557617e-01 5.542919635772705078e-01 -4.771656095981597900e-01
7.051243185997009277e-01 5.421189665794372559e-01 -4.570630788803100586e-01
7.300649881362915039e-01 5.288762450218200684e-01 -4.327759742736816406e-01
7.566474080085754395e-01 5.142437219619750977e-01 -4.037796854972839355e-01
7.845764756202697754e-01 4.978658854961395264e-01 -3.695528805255889893e-01
8.133538365364074707e-01 4.793725907802581787e-01 -3.296323120594024658e-01
8.422387242317199707e-01 4.584198296070098877e-01 -2.836988568305969238e-01
8.702386617660522461e-01 4.347494542598724365e-01 -2.316839396953582764e-01
8.961467146873474121e-01 4.082678556442260742e-01 -1.738921701908111572e-01
9.186499118804931641e-01 3.791285455226898193e-01 -1.111036017537117004e-01
9.365075826644897461e-01 3.477991223335266113e-01 -4.460192471742630005e-02
9.487661123275756836e-01 3.150745332241058350e-01 2.389310114085674286e-02
9.549490213394165039e-01 2.820139825344085693e-01 9.241456538438796997e-02
9.551476836204528809e-01 2.498171180486679077e-01 1.590102016925811768e-01
9.499796628952026367e-01 2.196619212627410889e-01 2.220072895288467407e-01
9.404312372207641602e-01 1.925502866506576538e-01 2.802026271820068359e-01
9.276468753814697266e-01 1.692276448011398315e-01 3.329162895679473877e-01
9.127370715141296387e-01 1.501320600509643555e-01 3.799625039100646973e-01
8.966394662857055664e-01 1.354258507490158081e-01 4.215418100357055664e-01
8.800584077835083008e-01 1.250419765710830688e-01 4.581065773963928223e-01
8.634530901908874512e-01 1.187354549765586853e-01 4.902556538581848145e-01
8.470675945281982422e-01 1.161406114697456360e-01 5.186403989791870117e-01
8.309761881828308105e-01 1.168055534362792969e-01 5.439071059226989746e-01
8.151328563690185547e-01 1.202326044440269470e-01 5.666592121124267578e-01
7.994166016578674316e-01 1.258886009454727173e-01 5.874394774436950684e-01
7.836732864379882812e-01 1.332366764545440674e-01 6.067158579826354980e-01
7.677481770515441895e-01 1.417448669672012329e-01 6.248767971992492676e-01
7.515047788619995117e-01 1.509020924568176270e-01 6.422376036643981934e-01
7.348490953445434570e-01 1.602352261543273926e-01 6.590306758880615234e-01
7.177346348762512207e-01 1.693193167448043823e-01 6.754168868064880371e-01
7.001699209213256836e-01 1.777883321046829224e-01 6.914863586425781250e-01
6.822200417518615723e-01 1.853477060794830322e-01 7.072637677192687988e-01
6.640030145645141602e-01 1.917761415243148804e-01 7.227184176445007324e-01
6.456845402717590332e-01 1.969307661056518555e-01 7.377734184265136719e-01
6.274684667587280273e-01 2.007439434528350830e-01 7.523198723793029785e-01
6.095908284187316895e-01 2.032193690538406372e-01 7.662251591682434082e-01
5.923051834106445312e-01 2.044224739074707031e-01 7.793498039245605469e-01
5.758767127990722656e-01 2.044719904661178589e-01 7.915536761283874512e-01
5.605675578117370605e-01 2.035275697708129883e-01 8.027082681655883789e-01
5.466284751892089844e-01 2.017755955457687378e-01 8.127015829086303711e-01
5.342924594879150391e-01 1.994211524724960327e-01 8.214394450187683105e-01
5.237661004066467285e-01 1.966739892959594727e-01 8.288475871086120605e-01
5.152233242988586426e-01 1.937427073717117310e-01 8.348705172538757324e-01
5.088036656379699707e-01 1.908257603645324707e-01 8.394666910171508789e-01
5.046082735061645508e-01 1.881077140569686890e-01 8.426067233085632324e-01
5.026981234550476074e-01 1.857568621635437012e-01 8.442683219909667969e-01
5.030939579010009766e-01 1.839191317558288574e-01 8.444348573684692383e-01
5.057725310325622559e-01 1.827235668897628784e-01 8.430932164192199707e-01
5.106683373451232910e-01 1.822751164436340332e-01 8.402343392372131348e-01
5.176757574081420898e-01 1.826602965593338013e-01 8.358511328697204590e-01
5.266469120979309082e-01 1.839446127414703369e-01 8.299441933631896973e-01
5.373972058296203613e-01 1.861730813980102539e-01 8.225228190422058105e-01
5.497084856033325195e-01 1.893717944622039795e-01 8.136085271835327148e-01
5.633347630500793457e-01 1.935479789972305298e-01 8.032391071319580078e-01
5.780109763145446777e-01 1.986918747425079346e-01 7.914700508117675781e-01
5.934593677520751953e-01 2.047775685787200928e-01 7.783778905868530273e-01
6.094014048576354980e-01 2.117652297019958496e-01 7.640584707260131836e-01
6.255669593811035156e-01 2.196038961410522461e-01 7.486254572868347168e-01
6.417017579078674316e-01 2.282314300537109375e-01 7.322084903717041016e-01
6.575781702995300293e-01 2.375821769237518311e-01 7.149444222450256348e-01
6.729978322982788086e-01 2.475851923227310181e-01 6.969759464263916016e-01
6.877974867820739746e-01 2.581701278686523438e-01 6.784414649009704590e-01
7.018486857414245605e-01 2.692683935165405273e-01 6.594717502593994141e-01
7.150586247444152832e-01 2.808143198490142822e-01 6.401830911636352539e-01
7.273651361465454102e-01 2.927496433258056641e-01 6.206751465797424316e-01
7.387346029281616211e-01 3.050230145454406738e-01 6.010259389877319336e-01
7.491557002067565918e-01 3.175912797451019287e-01 5.812929272651672363e-01
7.586355209350585938e-01 3.304188251495361328e-01 5.615117549896240234e-01
7.671927213668823242e-01 3.434796035289764404e-01 5.416982769966125488e-01
7.748539447784423828e-01 3.567559421062469482e-01 5.218492150306701660e-01
7.816479802131652832e-01 3.702369630336761475e-01 5.019472241401672363e-01
7.876045703887939453e-01 3.839179873466491699e-01 4.819605350494384766e-01
7.927489280700683594e-01 3.978002369403839111e-01 4.618485569953918457e-01
7.970998883247375488e-01 4.118889570236206055e-01 4.415644705295562744e-01
8.006694316864013672e-01 4.261911809444427490e-01 4.210576415061950684e-01
8.034597039222717285e-01 4.407140612602233887e-01 4.002794623374938965e-01
8.054642081260681152e-01 4.554629027843475342e-01 3.791845142841339111e-01
8.066681027412414551e-01 4.704378545284271240e-01 3.577357828617095947e-01
8.070484995841979980e-01 4.856313467025756836e-01 3.359091281890869141e-01
8.065775632858276367e-01 5.010263323783874512e-01 3.136961162090301514e-01
8.052239418029785156e-01 5.165930390357971191e-01 2.911116480827331543e-01
8.029596805572509766e-01 5.322841405868530273e-01 2.681967020034790039e-01
7.997626662254333496e-01 5.480337738990783691e-01 2.450279593467712402e-01
7.956252098083496094e-01 5.637557506561279297e-01 2.217205166816711426e-01
7.905626296997070312e-01 5.793391466140747070e-01 1.984360069036483765e-01
7.846196889877319336e-01 5.946524143218994141e-01 1.753865480422973633e-01
7.778843641281127930e-01 6.095367670059204102e-01 1.528423428535461426e-01
7.704952955245971680e-01 6.238118410110473633e-01 1.311325430870056152e-01
7.626513242721557617e-01 6.372762918472290039e-01 1.106436923146247864e-01
7.546178698539733887e-01 6.497080326080322266e-01 9.182165563106536865e-02
7.467303872108459473e-01 6.608663201332092285e-01 7.516160607337951660e-02
7.393861413002014160e-01 6.704950332641601562e-01 6.119295582175254822e-02
7.330324649810791016e-01 6.783189773559570312e-01 5.046647414565086365e-02
7.281411886215209961e-01 6.840441823005676270e-01 4.351992905139923096e-02
7.251713871955871582e-01 6.873556375503540039e-01 4.085057601332664490e-02
7.245185971260070801e-01 6.879206895828247070e-01 4.287014529109001160e-02
7.264641523361206055e-01 6.853939294815063477e-01 4.984974116086959839e-02
7.311154007911682129e-01 6.794432997703552246e-01 6.186304241418838501e-02
7.383666634559631348e-01 6.697878241539001465e-01 7.873304188251495361e-02
7.478868365287780762e-01 6.562525033950805664e-01 9.998924285173416138e-02
7.591388821601867676e-01 6.388410329818725586e-01 1.248611509799957275e-01
7.714562416076660156e-01 6.177821159362792969e-01 1.523172557353973389e-01
7.841372489929199219e-01 5.935596227645874023e-01 1.811511963605880737e-01
7.965558767318725586e-01 5.668784379959106445e-01 2.101132422685623169e-01
8.082454204559326172e-01 5.385897755622863770e-01 2.380346506834030151e-01
8.189355731010437012e-01 5.095868706703186035e-01 2.639427185058593750e-01
8.285480737686157227e-01 4.807020127773284912e-01 2.871125638484954834e-01
8.371579647064208984e-01 4.526301324367523193e-01 3.070709109306335449e-01
8.449362516403198242e-01 4.258970022201538086e-01 3.235654234886169434e-01
8.521026372909545898e-01 4.008502364158630371e-01 3.365116417407989502e-01
8.588811755180358887e-01 3.776900768280029297e-01 3.459382951259613037e-01
8.654779791831970215e-01 3.564962446689605713e-01 3.519351482391357422e-01
8.720641136169433594e-01 3.372686803340911865e-01 3.546181917190551758e-01
8.787665963172912598e-01 3.199532330036163330e-01 3.541174530982971191e-01
8.856707811355590820e-01 3.044693470001220703e-01 3.505504727363586426e-01
8.928183913230895996e-01 2.907234430313110352e-01 3.440278172492980957e-01
9.002093672752380371e-01 2.786236107349395752e-01 3.346518874168395996e-01
9.078067541122436523e-01 2.680827081203460693e-01 3.225189745426177979e-01
9.155386686325073242e-01 2.590233385562896729e-01 3.077269196510314941e-01
9.233021140098571777e-01 2.513752579689025879e-01 2.903856039047241211e-01
9.309701323509216309e-01 2.450741678476333618e-01 2.706164717674255371e-01
9.383951425552368164e-01 2.400622516870498657e-01 2.485653907060623169e-01
9.454175829887390137e-01 2.362797111272811890e-01 2.244045585393905640e-01
9.518741369247436523e-01 2.336623072624206543e-01 1.983371078968048096e-01
9.576050043106079102e-01 2.321396321058273315e-01 1.705983281135559082e-01
9.624650478363037109e-01 2.316289097070693970e-01 1.414534747600555420e-01
9.663309454917907715e-01 2.320348471403121948e-01 1.111947223544120789e-01
9.691095352172851562e-01 2.332490384578704834e-01 8.013487607240676880e-02
9.707438945770263672e-01 2.351482659578323364e-01 4.859559610486030579e-02
9.712162613868713379e-01 2.375986129045486450e-01 1.690572127699851990e-02
9.705495238304138184e-01 2.404577136039733887e-01 -1.461783889681100845e-02
9.688058495521545410e-01 2.435756325721740723e-01 -4.567370191216468811e-02
9.660825133323669434e-01 2.468007653951644897e-01 -7.598653435707092285e-02
9.625061750411987305e-01 2.499824762344360352e-01 -1.053117141127586365e-01
9.582256674766540527e-01 2.529767751693725586e-01 -1.334401220083236694e-01
9.534062743186950684e-01 2.556430399417877197e-01 -1.601970493793487549e-01
9.482215046882629395e-01 2.578513622283935547e-01 -1.854414194822311401e-01
9.428482651710510254e-01 2.594809830188751221e-01 -2.090619206428527832e-01
9.374598264694213867e-01 2.604227960109710693e-01 -2.309740185737609863e-01
9.322246909141540527e-01 2.605766057968139648e-01 -2.511115670204162598e-01
9.273017644882202148e-01 2.598513364791870117e-01 -2.694229185581207275e-01
9.228385090827941895e-01 2.581677734851837158e-01 -2.858644425868988037e-01
9.189684391021728516e-01 2.554549872875213623e-01 -3.003994524478912354e-01
9.158104062080383301e-01 2.516506314277648926e-01 -3.129906058311462402e-01
9.134673476219177246e-01 2.467014044523239136e-01 -3.235983848571777344e-01
9.120227694511413574e-01 2.405612021684646606e-01 -3.321818113327026367e-01
9.115402102470397949e-01 2.331956773996353149e-01 -3.386947214603424072e-01
9.120594859123229980e-01 2.245790660381317139e-01 -3.430915772914886475e-01
9.135954380035400391e-01 2.146971821784973145e-01 -3.453237116336822510e-01
9.161348938941955566e-01 2.035492956638336182e-01 -3.453469872474670410e-01
9.196344614028930664e-01 1.911508291959762573e-01 -3.431234955787658691e-01
9.240182638168334961e-01 1.775342673063278198e-01 -3.386325538158416748e-01
9.291800856590270996e-01 1.627522110939025879e-01 -3.318676054477691650e-01
9.349817633628845215e-01 1.468826234340667725e-01 -3.228537440299987793e-01
9.412606358528137207e-01 1.300246417522430420e-01 -3.116438686847686768e-01
9.478322863578796387e-01 1.123067364096641541e-01 -2.983303964138031006e-01
9.544993638992309570e-01 9.388027340173721313e-02 -2.830500006675720215e-01
9.610630869865417480e-01 7.491904497146606445e-02 -2.659791409969329834e-01
9.673314690589904785e-01 5.561446398496627808e-02 -2.473396658897399902e-01
9.731311798095703125e-01 3.617166727781295776e-02 -2.273921519517898560e-01
9.783179163932800293e-01 1.679695025086402893e-02 -2.064267098903656006e-01
9.827818274497985840e-01 -2.308797091245651245e-03 -1.847554892301559448e-01
9.864525794982910156e-01 -2.095646224915981293e-02 -1.627023220062255859e-01
9.893003106117248535e-01 -3.898192942142486572e-02 -1.405890285968780518e-01
9.913329482078552246e-01 -5.624649301171302795e-02 -1.187238991260528564e-01
9.925909042358398438e-01 -7.264571636915206909e-02 -9.739528596401214600e-02
9.931409955024719238e-01 -8.810907602310180664e-02 -7.686110585927963257e-02
9.930684566497802734e-01 -1.026004403829574585e-01 -5.734220519661903381e-02
9.924686551094055176e-01 -1.161160618066787720e-01 -3.902612999081611633e-02
9.914405941963195801e-01 -1.286806613206863403e-01 -2.206190116703510284e-02
9.900808930397033691e-01 -1.403452157974243164e-01 -6.561636924743652344e-03
9.884787201881408691e-01 -1.511790007352828979e-01 7.394444197416305542e-03
9.867126941680908203e-01 -1.612689048051834106e-01 1.975824683904647827e-02
9.848487973213195801e-01 -1.707107871770858765e-01 3.050704672932624817e-02
9.829393029212951660e-01 -1.796079725027084351e-01 3.964038565754890442e-02
9.810227751731872559e-01 -1.880650222301483154e-01 4.717860370874404907e-02
9.791246652603149414e-01 -1.961858719587326050e-01 5.316023528575897217e-02
9.772585034370422363e-01 -2.040685117244720459e-01 5.763613060116767883e-02
9.754270911216735840e-01 -2.118044495582580566e-01 6.067024543881416321e-02
9.736248254776000977e-01 -2.194732874631881714e-01 6.233913823962211609e-02
9.718389511108398438e-01 -2.271441072225570679e-01 6.272615492343902588e-02
9.700525403022766113e-01 -2.348693758249282837e-01 6.192206963896751404e-02
9.682457447052001953e-01 -2.426872849464416504e-01 6.002521887421607971e-02
9.663980603218078613e-01 -2.506193816661834717e-01 5.713749676942825317e-02
9.644913673400878906e-01 -2.586677968502044678e-01 5.336065590381622314e-02
9.625110030174255371e-01 -2.668163776397705078e-01 4.880056530237197876e-02
9.604480266571044922e-01 -2.750312983989715576e-01 4.355908557772636414e-02
9.583004713058471680e-01 -2.832604646682739258e-01 3.773220628499984741e-02
9.560750722885131836e-01 -2.914339303970336914e-01 3.141142427921295166e-02
9.537882208824157715e-01 -2.994647920131683350e-01 2.467469684779644012e-02
9.514657258987426758e-01 -3.072515726089477539e-01 1.759018748998641968e-02
9.491426348686218262e-01 -3.146806955337524414e-01 1.020922604948282242e-02
9.468634128570556641e-01 -3.216256499290466309e-01 2.566726412624120712e-03
9.446788430213928223e-01 -3.279536664485931396e-01 -5.321063566952943802e-03
9.426460862159729004e-01 -3.335223793983459473e-01 -1.345889084041118622e-02
9.408242106437683105e-01 -3.381885886192321777e-01 -2.186821959912776947e-02
9.392722249031066895e-01 -3.418066501617431641e-01 -3.059083595871925354e-02
9.380453824996948242e-01 -3.442324101924896240e-01 -3.968524187803268433e-02
9.371911883354187012e-01 -3.453258275985717773e-01 -4.922269657254219055e-02
9.367455244064331055e-01 -3.449539244174957275e-01 -5.928415432572364807e-02
9.367289543151855469e-01 -3.429941236972808838e-01 -6.995628774166107178e-02
9.371429681777954102e-01 -3.393361568450927734e-01 -8.132685720920562744e-02
9.379669427871704102e-01 -3.338877558708190918e-01 -9.347231686115264893e-02
9.391558170318603516e-01 -3.265769779682159424e-01 -1.064612343907356262e-01
9.406385421752929688e-01 -3.173606991767883301e-01 -1.203382834792137146e-01
9.423208236694335938e-01 -3.062235414981842041e-01 -1.351245790719985962e-01
9.440843462944030762e-01 -2.931922376155853271e-01 -1.508082151412963867e-01
9.457941651344299316e-01 -2.783355712890625000e-01 -1.673398613929748535e-01
9.473067522048950195e-01 -2.617683112621307373e-01 -1.846270859241485596e-01
9.484767913818359375e-01 -2.436595112085342407e-01 -2.025384008884429932e-01
9.491705298423767090e-01 -2.242261022329330444e-01 -2.209026515483856201e-01
9.492771029472351074e-01 -2.037362754344940186e-01 -2.395088821649551392e-01
9.487194418907165527e-01 -1.824965178966522217e-01 -2.581209242343902588e-01
9.474624991416931152e-01 -1.608448028564453125e-01 -2.764848470687866211e-01
9.455206990242004395e-01 -1.391334831714630127e-01 -2.943339049816131592e-01
9.429559111595153809e-01 -1.177163049578666687e-01 -3.114112615585327148e-01
9.398759007453918457e-01 -9.693182259798049927e-02 -3.274713754653930664e-01
9.364259243011474609e-01 -7.708770036697387695e-02 -3.422922790050506592e-01
9.327782988548278809e-01 -5.844931676983833313e-02 -3.556801378726959229e-01
9.291183352470397949e-01 -4.123252257704734802e-02 -3.674764335155487061e-01
9.256355166435241699e-01 -2.560039237141609192e-02 -3.775494098663330078e-01
9.225085973739624023e-01 -1.165979169309139252e-02 -3.858004808425903320e-01
9.198980927467346191e-01 5.299358745105564594e-04 -3.921569883823394775e-01
9.179401993751525879e-01 1.096007041633129120e-02 -3.965674042701721191e-01
9.167393445968627930e-01 1.965693198144435883e-02 -3.990021049976348877e-01
9.163705110549926758e-01 2.667903527617454529e-02 -3.994412124156951904e-01
9.168751835823059082e-01 3.210806474089622498e-02 -3.978805243968963623e-01
9.182657599449157715e-01 3.604419529438018799e-02 -3.943206369876861572e-01
9.205258488655090332e-01 3.859340399503707886e-02 -3.887707889080047607e-01
9.236145019531250000e-01 3.986705094575881958e-02 -3.812438547611236572e-01
9.274692535400390625e-01 3.997310623526573181e-02 -3.717565238475799561e-01
9.320114850997924805e-01 3.901264071464538574e-02 -3.603230416774749756e-01
9.371463060379028320e-01 3.707772865891456604e-02 -3.469612002372741699e-01
9.427677392959594727e-01 3.424517065286636353e-02 -3.316870331764221191e-01
9.487599730491638184e-01 3.057751990854740143e-02 -3.145148456096649170e-01
9.549976587295532227e-01 2.612078934907913208e-02 -2.954610288143157959e-01
9.613485336303710938e-01 2.090563438832759857e-02 -2.745396494865417480e-01
9.676722288131713867e-01 1.494657620787620544e-02 -2.517680227756500244e-01
9.738213419914245605e-01 8.242365904152393341e-03 -2.271653711795806885e-01
9.796409606933593750e-01 7.826531655155122280e-04 -2.007562667131423950e-01
9.849681854248046875e-01 -7.456480525434017181e-03 -1.725748330354690552e-01
9.896332025527954102e-01 -1.650253124535083771e-02 -1.426667124032974243e-01
9.934597015380859375e-01 -2.639019861817359924e-02 -1.110922545194625854e-01
9.962661862373352051e-01 -3.715245053172111511e-02 -7.793211191892623901e-02
9.978692531585693359e-01 -4.881789535284042358e-02 -4.328712448477745056e-02
9.980862736701965332e-01 -6.140599772334098816e-02 -7.288548629730939865e-03
9.967406988143920898e-01 -7.492423802614212036e-02 2.990464679896831512e-02
9.936684370040893555e-01 -8.935817331075668335e-02 6.810396909713745117e-02
9.887243509292602539e-01 -1.046715974807739258e-01 1.070885807275772095e-01
9.817911386489868164e-01 -1.207965537905693054e-01 1.466097235679626465e-01
9.727861285209655762e-01 -1.376360207796096802e-01 1.863958984613418579e-01
9.616703391075134277e-01 -1.550571620464324951e-01 2.261579185724258423e-01
9.484546184539794922e-01 -1.728927791118621826e-01 2.655972540378570557e-01
9.332028031349182129e-01 -1.909469515085220337e-01 3.044204711914062500e-01
9.160335063934326172e-01 -2.089966982603073120e-01 3.423490226268768311e-01
8.971186876296997070e-01 -2.268013060092926025e-01 3.791295886039733887e-01
8.766766190528869629e-01 -2.441129237413406372e-01 4.145444333553314209e-01
8.549613952636718750e-01 -2.606893479824066162e-01 4.484218358993530273e-01
8.322581052780151367e-01 -2.762969136238098145e-01 4.806314408779144287e-01
8.088616132736206055e-01 -2.907277345657348633e-01 5.110972523689270020e-01
7.850726842880249023e-01 -3.038083016872406006e-01 5.397790074348449707e-01
7.611814141273498535e-01 -3.154019415378570557e-01 5.666784644126892090e-01
7.374586462974548340e-01 -3.254180550575256348e-01 5.918259024620056152e-01
7.141518592834472656e-01 -3.338122367858886719e-01 6.152694821357727051e-01
6.914729475975036621e-01 -3.405880928039550781e-01 6.370752453804016113e-01
6.696033477783203125e-01 -3.457949459552764893e-01 6.573106646537780762e-01
6.486852169036865234e-01 -3.495258986949920654e-01 6.760467290878295898e-01
6.288282275199890137e-01 -3.519098162651062012e-01 6.933501958847045898e-01
6.101073026657104492e-01 -3.531084060668945312e-01 7.092838287353515625e-01
5.925685167312622070e-01 -3.533055782318115234e-01 7.239044308662414551e-01
5.762306451797485352e-01 -3.527027964591979980e-01 7.372645139694213867e-01
5.610908269882202148e-01 -3.515088856220245361e-01 7.494121789932250977e-01
5.471262931823730469e-01 -3.499365746974945068e-01 7.603928446769714355e-01
5.342993736267089844e-01 -3.481917083263397217e-01 7.702510952949523926e-01
5.225597620010375977e-01 -3.464678227901458740e-01 7.790322899818420410e-01
5.118511319160461426e-01 -3.449460268020629883e-01 7.867786884307861328e-01
5.021091103553771973e-01 -3.437844216823577881e-01 7.935355901718139648e-01
4.932651817798614502e-01 -3.431221246719360352e-01 7.993475794792175293e-01
4.852486252784729004e-01 -3.430732190608978271e-01 8.042602539062500000e-01
4.779875278472900391e-01 -3.437261283397674561e-01 8.083193898200988770e-01
4.714096188545227051e-01 -3.451482355594635010e-01 8.115699291229248047e-01
4.654398560523986816e-01 -3.473819494247436523e-01 8.140586614608764648e-01
4.600062370300292969e-01 -3.504476249217987061e-01 8.158312439918518066e-01
4.550356268882751465e-01 -3.543461859226226807e-01 8.169340491294860840e-01
4.504539370536804199e-01 -3.590587079524993896e-01 8.174155354499816895e-01
4.461876153945922852e-01 -3.645507991313934326e-01 8.173245787620544434e-01
4.421647191047668457e-01 -3.707708418369293213e-01 8.167125582695007324e-01
4.383129179477691650e-01 -3.776533305644989014e-01 8.156346082687377930e-01
4.345636665821075439e-01 -3.851200640201568604e-01 8.141480684280395508e-01
4.308508932590484619e-01 -3.930817544460296631e-01 8.123142123222351074e-01
4.271141886711120605e-01 -4.014378190040588379e-01 8.101983070373535156e-01
4.232993125915527344e-01 -4.100792109966278076e-01 8.078691959381103516e-01
4.193595945835113525e-01 -4.188900887966156006e-01 8.053996562957763672e-01
4.152585864067077637e-01 -4.277479052543640137e-01 8.028649091720581055e-01
4.109705984592437744e-01 -4.365282356739044189e-01 8.003414273262023926e-01
4.064820706844329834e-01 -4.451016485691070557e-01 7.979078292846679688e-01
4.017911553382873535e-01 -4.533409476280212402e-01 7.956417798995971680e-01
3.969112634658813477e-01 -4.611195921897888184e-01 7.936184406280517578e-01
3.918664157390594482e-01 -4.683151543140411377e-01 7.919100522994995117e-01
3.866981863975524902e-01 -4.748101532459259033e-01 7.905820012092590332e-01
3.814568221569061279e-01 -4.804915785789489746e-01 7.896952629089355469e-01
3.762081861495971680e-01 -4.852564930915832520e-01 7.892993688583374023e-01
3.710274398326873779e-01 -4.890092015266418457e-01 7.894356250762939453e-01
3.659994006156921387e-01 -4.916638433933258057e-01 7.901335954666137695e-01
3.612159788608551025e-01 -4.931458532810211182e-01 7.914101481437683105e-01
3.567729294300079346e-01 -4.933924376964569092e-01 7.932698130607604980e-01
3.527680933475494385e-01 -4.923544526100158691e-01 7.957020998001098633e-01
3.492944240570068359e-01 -4.899991452693939209e-01 7.986828088760375977e-01
3.464409112930297852e-01 -4.863096177577972412e-01 8.021731376647949219e-01
3.442838490009307861e-01 -4.812910258769989014e-01 8.061188459396362305e-01
3.428842723369598389e-01 -4.749678075313568115e-01 8.104541301727294922e-01
3.422885239124298096e-01 -4.673893451690673828e-01 8.150986433029174805e-01
3.425180017948150635e-01 -4.586330056190490723e-01 8.199616670608520508e-01
3.435749113559722900e-01 -4.487986266613006592e-01 8.249461054801940918e-01
3.454369902610778809e-01 -4.380123913288116455e-01 8.299508690834045410e-01
3.480604887008666992e-01 -4.264297187328338623e-01 8.348721861839294434e-01
3.513818979263305664e-01 -4.142214059829711914e-01 8.396138548851013184e-01
3.553207218647003174e-01 -4.015794992446899414e-01 8.440859913825988770e-01
3.597816824913024902e-01 -3.887064456939697266e-01 8.482124209403991699e-01
3.646619319915771484e-01 -3.758061528205871582e-01 8.519338965415954590e-01
3.698520362377166748e-01 -3.630836606025695801e-01 8.552074432373046875e-01
3.752428889274597168e-01 -3.507295250892639160e-01 8.580102324485778809e-01
3.807271718978881836e-01 -3.389198482036590576e-01 8.603371977806091309e-01
3.862046599388122559e-01 -3.278065919876098633e-01 8.621999621391296387e-01
3.915812373161315918e-01 -3.175191581249237061e-01 8.636236190795898438e-01
3.967700600624084473e-01 -3.081551790237426758e-01 8.646467328071594238e-01
4.016942977905273438e-01 -2.997863888740539551e-01 8.653148412704467773e-01
4.062833487987518311e-01 -2.924593389034271240e-01 8.656796813011169434e-01
4.104733169078826904e-01 -2.861926555633544922e-01 8.657975196838378906e-01
4.142063558101654053e-01 -2.809857130050659180e-01 8.657252192497253418e-01
4.174275398254394531e-01 -2.768225967884063721e-01 8.655192255973815918e-01
4.200844764709472656e-01 -2.736740112304687500e-01 8.652350306510925293e-01
4.221242964267730713e-01 -2.715012431144714355e-01 8.649266362190246582e-01
4.234966039657592773e-01 -2.702612876892089844e-01 8.646440505981445312e-01
4.241492748260498047e-01 -2.699106037616729736e-01 8.644337654113769531e-01
4.240285158157348633e-01 -2.704045176506042480e-01 8.643386363983154297e-01
4.230827987194061279e-01 -2.717008590698242188e-01 8.643954396247863770e-01
4.212591350078582764e-01 -2.737596333026885986e-01 8.646366000175476074e-01
4.185080826282501221e-01 -2.765441834926605225e-01 8.650863170623779297e-01
4.147823154926300049e-01 -2.800200581550598145e-01 8.657622933387756348e-01
4.100416898727416992e-01 -2.841510176658630371e-01 8.666740655899047852e-01
4.042547941207885742e-01 -2.889009714126586914e-01 8.678215742111206055e-01
3.974014222621917725e-01 -2.942318320274353027e-01 8.691948652267456055e-01
3.894764482975006104e-01 -3.000975549221038818e-01 8.707752823829650879e-01
3.804917633533477783e-01 -3.064489662647247314e-01 8.725336790084838867e-01
3.704817295074462891e-01 -3.132284283638000488e-01 8.744319677352905273e-01
3.595005273818969727e-01 -3.203694522380828857e-01 8.764261007308959961e-01
3.476277887821197510e-01 -3.278005719184875488e-01 8.784655928611755371e-01
3.349683284759521484e-01 -3.354454934597015381e-01 8.804956078529357910e-01
3.216474056243896484e-01 -3.432214558124542236e-01 8.824635148048400879e-01
3.078140914440155029e-01 -3.510493338108062744e-01 8.843160271644592285e-01
2.936326563358306885e-01 -3.588501214981079102e-01 8.860059380531311035e-01
2.792831361293792725e-01 -3.665511906147003174e-01 8.874914646148681641e-01
2.649529576301574707e-01 -3.740881979465484619e-01 8.887395262718200684e-01
2.508331239223480225e-01 -3.814073801040649414e-01 8.897253274917602539e-01
2.371123731136322021e-01 -3.884657621383666992e-01 8.904336094856262207e-01
2.239729911088943481e-01 -3.952351510524749756e-01 8.908565044403076172e-01
2.115844935178756714e-01 -4.016959965229034424e-01 8.909951448440551758e-01
2.001022249460220337e-01 -4.078423082828521729e-01 8.908556103706359863e-01
1.896634548902511597e-01 -4.136773645877838135e-01 8.904486298561096191e-01
1.803876608610153198e-01 -4.192101061344146729e-01 8.897882699966430664e-01
1.723727881908416748e-01 -4.244569540023803711e-01 8.888891339302062988e-01
1.656996458768844604e-01 -4.294374287128448486e-01 8.877652287483215332e-01
1.604269593954086304e-01 -4.341711401939392090e-01 8.864302635192871094e-01
1.565977334976196289e-01 -4.386785328388214111e-01 8.848944902420043945e-01
1.542375385761260986e-01 -4.429783225059509277e-01 8.831653594970703125e-01
1.533542275428771973e-01 -4.470859467983245850e-01 8.812472224235534668e-01
1.539417803287506104e-01 -4.510146975517272949e-01 8.791402578353881836e-01
1.559784859418869019e-01 -4.547725319862365723e-01 8.768424987792968750e-01
1.594278812408447266e-01 -4.583641290664672852e-01 8.743484020233154297e-01
1.642403751611709595e-01 -4.617895483970642090e-01 8.716510534286499023e-01
1.703506112098693848e-01 -4.650446474552154541e-01 8.687427639961242676e-01
1.776800155639648438e-01 -4.681231081485748291e-01 8.656157255172729492e-01
1.861343532800674438e-01 -4.710141420364379883e-01 8.622642755508422852e-01
1.956049352884292603e-01 -4.737050533294677734e-01 8.586863279342651367e-01
2.059689164161682129e-01 -4.761825203895568848e-01 8.548842668533325195e-01
2.170887887477874756e-01 -4.784318804740905762e-01 8.508674502372741699e-01
2.288145124912261963e-01 -4.804398119449615479e-01 8.466531038284301758e-01
2.409843057394027710e-01 -4.821947813034057617e-01 8.422676920890808105e-01
2.534267008304595947e-01 -4.836874008178710938e-01 8.377478122711181641e-01
2.659655213356018066e-01 -4.849117398262023926e-01 8.331404924392700195e-01
2.784190177917480469e-01 -4.858668148517608643e-01 8.285023570060729980e-01
2.906082570552825928e-01 -4.865571856498718262e-01 8.238986730575561523e-01
3.023580312728881836e-01 -4.869921803474426270e-01 8.194011449813842773e-01
3.135032057762145996e-01 -4.871850311756134033e-01 8.150867819786071777e-01
3.238918781280517578e-01 -4.871555566787719727e-01 8.110324144363403320e-01
3.333907425403594971e-01 -4.869278073310852051e-01 8.073115944862365723e-01
3.418859839439392090e-01 -4.865271151065826416e-01 8.039934039115905762e-01
3.492893576622009277e-01 -4.859818518161773682e-01 8.011357784271240234e-01
3.555374741554260254e-01 -4.853234589099884033e-01 7.987829446792602539e-01
3.605942130088806152e-01 -4.845815002918243408e-01 7.969646453857421875e-01
3.644506037235260010e-01 -4.837868511676788330e-01 7.956921458244323730e-01
3.671235144138336182e-01 -4.829697310924530029e-01 7.949594855308532715e-01
3.686555027961730957e-01 -4.821610152721405029e-01 7.947413921356201172e-01
3.691088557243347168e-01 -4.813900589942932129e-01 7.949982881546020508e-01
3.685674965381622314e-01 -4.806872606277465820e-01 7.956743836402893066e-01
3.671290874481201172e-01 -4.800853133201599121e-01 7.967021465301513672e-01
3.649026751518249512e-01 -4.796150922775268555e-01 7.980071306228637695e-01
3.620066046714782715e-01 -4.793103933334350586e-01 7.995078563690185547e-01
3.585616350173950195e-01 -4.792074561119079590e-01 8.011203408241271973e-01
3.546907603740692139e-01 -4.793405234813690186e-01 8.027621507644653320e-01
3.505134284496307373e-01 -4.797472655773162842e-01 8.043525218963623047e-01
3.461453616619110107e-01 -4.804623425006866455e-01 8.058158755302429199e-01
3.416953086853027344e-01 -4.815200269222259521e-01 8.070828318595886230e-01
3.372637927532196045e-01 -4.829509556293487549e-01 8.080912828445434570e-01
3.329433798789978027e-01 -4.847804307937622070e-01 8.087871074676513672e-01
3.288181126117706299e-01 -4.870287477970123291e-01 8.091239929199218750e-01
3.249624967575073242e-01 -4.897072613239288330e-01 8.090649843215942383e-01
3.214460015296936035e-01 -4.928189814090728760e-01 8.085801601409912109e-01
3.183285593986511230e-01 -4.963554441928863525e-01 8.076497912406921387e-01
3.156663179397583008e-01 -5.002968907356262207e-01 8.062615990638732910e-01
3.135097324848175049e-01 -5.046104788780212402e-01 8.044127821922302246e-01
3.119067251682281494e-01 -5.092493891716003418e-01 8.021091818809509277e-01
3.109012544155120850e-01 -5.141528248786926270e-01 7.993667721748352051e-01
3.105350136756896973e-01 -5.192468762397766113e-01 7.962101697921752930e-01
3.108480274677276611e-01 -5.244433879852294922e-01 7.926743626594543457e-01
3.118755221366882324e-01 -5.296414494514465332e-01 7.888051271438598633e-01
3.136498332023620605e-01 -5.347328186035156250e-01 7.846556901931762695e-01
3.161973655223846436e-01 -5.395970344543457031e-01 7.802911400794982910e-01
3.195377588272094727e-01 -5.441111326217651367e-01 7.757826447486877441e-01
3.236812651157379150e-01 -5.481500029563903809e-01 7.712081670761108398e-01
3.286270499229431152e-01 -5.515909194946289062e-01 7.666496634483337402e-01
3.343607783317565918e-01 -5.543202757835388184e-01 7.621889114379882812e-01
3.408524692058563232e-01 -5.562347173690795898e-01 7.579067349433898926e-01
3.480555117130279541e-01 -5.572496056556701660e-01 7.538767457008361816e-01
3.559052348136901855e-01 -5.573030710220336914e-01 7.501631975173950195e-01
3.643174767494201660e-01 -5.563575029373168945e-01 7.468193173408508301e-01
3.731923103332519531e-01 -5.544081330299377441e-01 7.438810467720031738e-01
3.824121952056884766e-01 -5.514822602272033691e-01 7.413691282272338867e-01
3.918479681015014648e-01 -5.476387143135070801e-01 7.392881512641906738e-01
4.013618826866149902e-01 -5.429713129997253418e-01 7.376251816749572754e-01
4.108114540576934814e-01 -5.376026630401611328e-01 7.363541126251220703e-01
4.200548529624938965e-01 -5.316813588142395020e-01 7.354378700256347656e-01
4.289577901363372803e-01 -5.253759622573852539e-01 7.348300814628601074e-01
4.373961985111236572e-01 -5.188664197921752930e-01 7.344809174537658691e-01
4.452613592147827148e-01 -5.123393535614013672e-01 7.343367934226989746e-01
4.524625837802886963e-01 -5.059783458709716797e-01 7.343456745147705078e-01
4.589297175407409668e-01 -4.999573826789855957e-01 7.344563603401184082e-01
4.646115303039550781e-01 -4.944366514682769775e-01 7.346213459968566895e-01
4.694765806198120117e-01 -4.895560443401336670e-01 7.347969412803649902e-01
4.735120832920074463e-01 -4.854336678981781006e-01 7.349424362182617188e-01
4.767188429832458496e-01 -4.821643531322479248e-01 7.350215315818786621e-01
4.791117310523986816e-01 -4.798191189765930176e-01 7.350003719329833984e-01
4.807153940200805664e-01 -4.784464836120605469e-01 7.348480224609375000e-01
4.815626144409179688e-01 -4.780739545822143555e-01 7.345356345176696777e-01
4.816915094852447510e-01 -4.787111282348632812e-01 7.340360283851623535e-01
4.811446666717529297e-01 -4.803499579429626465e-01 7.333238124847412109e-01
4.799687266349792480e-01 -4.829683303833007812e-01 7.323739528656005859e-01
4.782121479511260986e-01 -4.865296781063079834e-01 7.311648726463317871e-01
4.759275615215301514e-01 -4.909875690937042236e-01 7.296740412712097168e-01
4.731696844100952148e-01 -4.962823390960693359e-01 7.278833985328674316e-01
4.699990153312683105e-01 -5.023458600044250488e-01 7.257751226425170898e-01
4.664791226387023926e-01 -5.090980529785156250e-01 7.233370542526245117e-01
4.626809656620025635e-01 -5.164505839347839355e-01 7.205589413642883301e-01
4.586790800094604492e-01 -5.243058800697326660e-01 7.174376249313354492e-01
4.545560777187347412e-01 -5.325587987899780273e-01 7.139746546745300293e-01
4.503972828388214111e-01 -5.410975217819213867e-01 7.101800441741943359e-01
4.462946355342864990e-01 -5.498036146163940430e-01 7.060716748237609863e-01
4.423398971557617188e-01 -5.585590600967407227e-01 7.016745209693908691e-01
4.386280775070190430e-01 -5.672438740730285645e-01 6.970221400260925293e-01
4.352515637874603271e-01 -5.757400393486022949e-01 6.921557784080505371e-01
4.322977364063262939e-01 -5.839350819587707520e-01 6.871232986450195312e-01
4.298484623432159424e-01 -5.917248725891113281e-01 6.819765567779541016e-01
4.279739260673522949e-01 -5.990152955055236816e-01 6.767709851264953613e-01
4.267328381538391113e-01 -6.057260632514953613e-01 6.715616583824157715e-01
4.261670708656311035e-01 -6.117900609970092773e-01 6.664041876792907715e-01
4.263004362583160400e-01 -6.171570420265197754e-01 6.613509058952331543e-01
4.271371662616729736e-01 -6.217939853668212891e-01 6.564495563507080078e-01
4.286591112613677979e-01 -6.256865859031677246e-01 6.517420411109924316e-01
4.308267235755920410e-01 -6.288366913795471191e-01 6.472655534744262695e-01
4.335775971412658691e-01 -6.312639117240905762e-01 6.430523991584777832e-01
4.368282556533813477e-01 -6.330063939094543457e-01 6.391274929046630859e-01
4.404740631580352783e-01 -6.341153979301452637e-01 6.355158686637878418e-01
4.443942904472351074e-01 -6.346578001976013184e-01 6.322365999221801758e-01
4.484531283378601074e-01 -6.347126364707946777e-01 6.293088793754577637e-01
4.525053799152374268e-01 -6.343643069267272949e-01 6.267542839050292969e-01
4.564001560211181641e-01 -6.337059736251831055e-01 6.245924234390258789e-01
4.599863588809967041e-01 -6.328308582305908203e-01 6.228463649749755859e-01
4.631183743476867676e-01 -6.318305730819702148e-01 6.215397119522094727e-01
4.656605720520019531e-01 -6.307874321937561035e-01 6.206990480422973633e-01
4.674957394599914551e-01 -6.297764182090759277e-01 6.203460693359375000e-01
4.685246050357818604e-01 -6.288571953773498535e-01 6.205024123191833496e-01
4.686763584613800049e-01 -6.280711889266967773e-01 6.211835741996765137e-01
4.679072797298431396e-01 -6.274431347846984863e-01 6.223968863487243652e-01
4.662052690982818604e-01 -6.269773244857788086e-01 6.241410374641418457e-01
4.635881185531616211e-01 -6.266605854034423828e-01 6.264044642448425293e-01
4.601081609725952148e-01 -6.264624595642089844e-01 6.291623115539550781e-01
4.558429121971130371e-01 -6.263394951820373535e-01 6.323813199996948242e-01
4.508984088897705078e-01 -6.262390017509460449e-01 6.360152959823608398e-01
4.454010426998138428e-01 -6.261001825332641602e-01 6.400128006935119629e-01
4.394930899143218994e-01 -6.258627772331237793e-01 6.443148255348205566e-01
4.333275854587554932e-01 -6.254670023918151855e-01 6.488592028617858887e-01
4.270621538162231445e-01 -6.248582005500793457e-01 6.535825133323669434e-01
4.208503663539886475e-01 -6.239894032478332520e-01 6.584240794181823730e-01
4.148418009281158447e-01 -6.228213310241699219e-01 6.633248925209045410e-01
4.091728925704956055e-01 -6.213251352310180664e-01 6.682310104370117188e-01
4.039650261402130127e-01 -6.194801926612854004e-01 6.730947494506835938e-01
3.993230760097503662e-01 -6.172751784324645996e-01 6.778734922409057617e-01
3.953337073326110840e-01 -6.147053837776184082e-01 6.825311183929443359e-01
3.920639157295227051e-01 -6.117727756500244141e-01 6.870371699333190918e-01
3.895626962184906006e-01 -6.084847450256347656e-01 6.913662552833557129e-01
3.878615200519561768e-01 -6.048511266708374023e-01 6.954988837242126465e-01
3.869740366935729980e-01 -6.008844971656799316e-01 6.994203925132751465e-01
3.869000971317291260e-01 -5.966002941131591797e-01 7.031190395355224609e-01
3.876232802867889404e-01 -5.920157432556152344e-01 7.065871953964233398e-01
3.891143500804901123e-01 -5.871485471725463867e-01 7.098215222358703613e-01
3.913311660289764404e-01 -5.820205211639404297e-01 7.128198146820068359e-01
3.942184448242187500e-01 -5.766526460647583008e-01 7.155861854553222656e-01
3.977091014385223389e-01 -5.710718035697937012e-01 7.181256413459777832e-01
4.017256796360015869e-01 -5.653052926063537598e-01 7.204487323760986328e-01
4.061782062053680420e-01 -5.593859553337097168e-01 7.225695252418518066e-01
4.109680056571960449e-01 -5.533485412597656250e-01 7.245071530342102051e-01
4.159878492355346680e-01 -5.472350716590881348e-01 7.262836694717407227e-01
4.211225807666778564e-01 -5.410892963409423828e-01 7.279273271560668945e-01
4.262523949146270752e-01 -5.349608063697814941e-01 7.294695377349853516e-01
4.312545359134674072e-01 -5.289052128791809082e-01 7.309437990188598633e-01
4.360066056251525879e-01 -5.229789018630981445e-01 7.323874831199645996e-01
4.403883814811706543e-01 -5.172425508499145508e-01 7.338379621505737305e-01
4.442852437496185303e-01 -5.117591619491577148e-01 7.353319525718688965e-01
4.475937187671661377e-01 -5.065882802009582520e-01 7.369044423103332520e-01
4.502206146717071533e-01 -5.017903447151184082e-01 7.385849952697753906e-01
4.520894587039947510e-01 -4.974187016487121582e-01 7.403982877731323242e-01
4.531424045562744141e-01 -4.935210645198822021e-01 7.423603534698486328e-01
4.533429741859436035e-01 -4.901358783245086670e-01 7.444776892662048340e-01
4.526763260364532471e-01 -4.872903227806091309e-01 7.467477917671203613e-01
4.511522352695465088e-01 -4.850016534328460693e-01 7.491562366485595703e-01
4.488033354282379150e-01 -4.832725524902343750e-01 7.516802549362182617e-01
4.456871747970581055e-01 -4.820950031280517578e-01 7.542859911918640137e-01
4.418794512748718262e-01 -4.814466238021850586e-01 7.569357156753540039e-01
4.374765753746032715e-01 -4.812957048416137695e-01 7.595844864845275879e-01
4.325884580612182617e-01 -4.815986454486846924e-01 7.621876001358032227e-01
4.273358583450317383e-01 -4.823034107685089111e-01 7.647008895874023438e-01
4.218469262123107910e-01 -4.833512306213378906e-01 7.670832872390747070e-01
4.162503182888031006e-01 -4.846782684326171875e-01 7.693001031875610352e-01
4.106751680374145508e-01 -4.862167537212371826e-01 7.713229656219482422e-01
4.052418172359466553e-01 -4.878962635993957520e-01 7.731341123580932617e-01
4.000670313835144043e-01 -4.896467030048370361e-01 7.747209668159484863e-01
3.952523767948150635e-01 -4.913971126079559326e-01 7.760828137397766113e-01
3.908909559249877930e-01 -4.930783510208129883e-01 7.772246003150939941e-01
3.870596587657928467e-01 -4.946223497390747070e-01 7.781603336334228516e-01
3.838239312171936035e-01 -4.959647059440612793e-01 7.789083123207092285e-01
3.812337815761566162e-01 -4.970427751541137695e-01 7.794929146766662598e-01
3.793267905712127686e-01 -4.977969825267791748e-01 7.799419164657592773e-01
3.781246542930603027e-01 -4.981721937656402588e-01 7.802858948707580566e-01
3.776390850543975830e-01 -4.981186091899871826e-01 7.805552482604980469e-01
3.778679072856903076e-01 -4.975903928279876709e-01 7.807814478874206543e-01
3.787977099418640137e-01 -4.965498745441436768e-01 7.809932827949523926e-01
3.804025948047637939e-01 -4.949660301208496094e-01 7.812186479568481445e-01
3.826467990875244141e-01 -4.928177595138549805e-01 7.814807295799255371e-01
3.854821026325225830e-01 -4.900946021080017090e-01 7.817997336387634277e-01
3.888509273529052734e-01 -4.867983758449554443e-01 7.821907401084899902e-01
3.926852047443389893e-01 -4.829440712928771973e-01 7.826641798019409180e-01
3.969077765941619873e-01 -4.785644114017486572e-01 7.832243442535400391e-01
4.014346301555633545e-01 -4.737046360969543457e-01 7.838712334632873535e-01
4.061752557754516602e-01 -4.684282839298248291e-01 7.845996022224426270e-01
4.110387861728668213e-01 -4.628136754035949707e-01 7.853983640670776367e-01
4.159343242645263672e-01 -4.569525420665740967e-01 7.862525582313537598e-01
4.207765758037567139e-01 -4.509493708610534668e-01 7.871414422988891602e-01
4.254914224147796631e-01 -4.449167251586914062e-01 7.880394458770751953e-01
4.300183355808258057e-01 -4.389719367027282715e-01 7.889155745506286621e-01
4.343154728412628174e-01 -4.332321882247924805e-01 7.897341847419738770e-01
4.383623600006103516e-01 -4.278087019920349121e-01 7.904543280601501465e-01
4.421614110469818115e-01 -4.228063225746154785e-01 7.910296916961669922e-01
4.457388818264007568e-01 -4.183152616024017334e-01 7.914096117019653320e-01
4.491446912288665771e-01 -4.144076704978942871e-01 7.915399074554443359e-01
4.524486362934112549e-01 -4.111412763595581055e-01 7.913615703582763672e-01
4.557368457317352295e-01 -4.085498750209808350e-01 7.908166646957397461e-01
4.591086804866790771e-01 -4.066488444805145264e-01 7.898454666137695312e-01
4.626711905002593994e-01 -4.054339528083801270e-01 7.883898615837097168e-01
4.665315151214599609e-01 -4.048832654953002930e-01 7.863954901695251465e-01
4.707943201065063477e-01 -4.049579799175262451e-01 7.838122844696044922e-01
4.755530953407287598e-01 -4.056060612201690674e-01 7.805978655815124512e-01
4.808889627456665039e-01 -4.067642390727996826e-01 7.767165899276733398e-01
4.868612289428710938e-01 -4.083599150180816650e-01 7.721452116966247559e-01
4.935074746608734131e-01 -4.103140234947204590e-01 7.668720483779907227e-01
5.008396506309509277e-01 -4.125440120697021484e-01 7.608988285064697266e-01
5.088405013084411621e-01 -4.149640798568725586e-01 7.542454004287719727e-01
5.174642205238342285e-01 -4.174887239933013916e-01 7.469497919082641602e-01
5.266348123550415039e-01 -4.200363457202911377e-01 7.390705347061157227e-01
5.362488627433776855e-01 -4.225283265113830566e-01 7.306894063949584961e-01
5.461750626564025879e-01 -4.248932301998138428e-01 7.219131588935852051e-01
5.562599301338195801e-01 -4.270687401294708252e-01 7.128725051879882812e-01
5.663313269615173340e-01 -4.290050566196441650e-01 7.037211060523986816e-01
5.762043595314025879e-01 -4.306650161743164062e-01 6.946338415145874023e-01
5.856883525848388672e-01 -4.320262968540191650e-01 6.858005523681640625e-01
5.945950150489807129e-01 -4.330850839614868164e-01 6.774172782897949219e-01
6.027466058731079102e-01 -4.338499307632446289e-01 6.696796417236328125e-01
6.099857687950134277e-01 -4.343483150005340576e-01 6.627660989761352539e-01
6.161859035491943359e-01 -4.346193969249725342e-01 6.568264365196228027e-01
6.212632060050964355e-01 -4.347109198570251465e-01 6.519651412963867188e-01
6.251872777938842773e-01 -4.346780776977539062e-01 6.482251882553100586e-01
6.279983520507812500e-01 -4.345744550228118896e-01 6.455718874931335449e-01
6.298118233680725098e-01 -4.344680011272430420e-01 6.438747048377990723e-01
6.308597326278686523e-01 -4.343651235103607178e-01 6.429175138473510742e-01
