1.609935402870178223e+00 8.284187316894531250e+00 -8.654829025268554688e+00
1.676379680633544922e+00 8.281820297241210938e+00 -8.591217994689941406e+00
1.763996601104736328e+00 8.279379844665527344e+00 -8.507781028747558594e+00
1.895999908447265625e+00 8.265262603759765625e+00 -8.386499404907226562e+00
2.067806482315063477e+00 8.251559257507324219e+00 -8.227620124816894531e+00
2.277725219726562500e+00 8.247133255004882812e+00 -8.029370307922363281e+00
2.490494966506958008e+00 8.260823249816894531e+00 -7.822686672210693359e+00
2.693382501602172852e+00 8.304006576538085938e+00 -7.616773605346679688e+00
2.871575593948364258e+00 8.374460220336914062e+00 -7.424157619476318359e+00
3.027164220809936523e+00 8.462970733642578125e+00 -7.248487472534179688e+00
3.155309677124023438e+00 8.553030014038085938e+00 -7.099274635314941406e+00
3.254851579666137695e+00 8.633679389953613281e+00 -6.981566905975341797e+00
3.335330724716186523e+00 8.703010559082031250e+00 -6.887954235076904297e+00
3.398262023925781250e+00 8.760973930358886719e+00 -6.815267562866210938e+00
3.451315402984619141e+00 8.809639930725097656e+00 -6.758755683898925781e+00
3.496104955673217773e+00 8.850239753723144531e+00 -6.713552474975585938e+00
3.534510135650634766e+00 8.884771347045898438e+00 -6.676048278808593750e+00
3.569032907485961914e+00 8.915443420410156250e+00 -6.641952037811279297e+00
3.599392652511596680e+00 8.942660331726074219e+00 -6.609676837921142578e+00
3.627062082290649414e+00 8.968472480773925781e+00 -6.575650215148925781e+00
3.651967048645019531e+00 8.992494583129882812e+00 -6.540319442749023438e+00
3.675241708755493164e+00 9.016008377075195312e+00 -6.501843929290771484e+00
3.695645809173583984e+00 9.038905143737792969e+00 -6.463656425476074219e+00
3.716550350189208984e+00 9.064159393310546875e+00 -6.418249607086181641e+00
3.739175558090209961e+00 9.092647552490234375e+00 -6.369573593139648438e+00
3.759908914566040039e+00 9.122459411621093750e+00 -6.318070888519287109e+00
3.781443357467651367e+00 9.155452728271484375e+00 -6.263919353485107422e+00
3.801896095275878906e+00 9.193078994750976562e+00 -6.207083225250244141e+00
3.823502540588378906e+00 9.233346939086914062e+00 -6.148524284362792969e+00
3.845701694488525391e+00 9.277845382690429688e+00 -6.089896678924560547e+00
3.867066621780395508e+00 9.326111793518066406e+00 -6.028714179992675781e+00
3.890664577484130859e+00 9.377021789550781250e+00 -5.967751979827880859e+00
3.909570693969726562e+00 9.431512832641601562e+00 -5.904569149017333984e+00
3.928172111511230469e+00 9.490049362182617188e+00 -5.837497234344482422e+00
3.946609497070312500e+00 9.551701545715332031e+00 -5.768352031707763672e+00
3.965270280838012695e+00 9.617938995361328125e+00 -5.694536685943603516e+00
3.984478473663330078e+00 9.688580513000488281e+00 -5.616181850433349609e+00
4.004137516021728516e+00 9.769543647766113281e+00 -5.528394699096679688e+00
4.025922775268554688e+00 9.857443809509277344e+00 -5.432141780853271484e+00
4.046447753906250000e+00 9.956454277038574219e+00 -5.325972080230712891e+00
4.068013668060302734e+00 1.006838893890380859e+01 -5.206186294555664062e+00
4.089139938354492188e+00 1.019507694244384766e+01 -5.072514533996582031e+00
4.109868049621582031e+00 1.034066963195800781e+01 -4.920592784881591797e+00
4.127314567565917969e+00 1.050245761871337891e+01 -4.753930091857910156e+00
4.139043331146240234e+00 1.068436622619628906e+01 -4.571314811706542969e+00
4.140095233917236328e+00 1.088047885894775391e+01 -4.379313468933105469e+00
4.122332572937011719e+00 1.108337593078613281e+01 -4.188401222229003906e+00
4.080807685852050781e+00 1.128639411926269531e+01 -4.006845474243164062e+00
4.004179000854492188e+00 1.149854564666748047e+01 -3.840007305145263672e+00
3.893649101257324219e+00 1.171013164520263672e+01 -3.689573526382446289e+00
3.756322622299194336e+00 1.193525505065917969e+01 -3.550354480743408203e+00
3.604247570037841797e+00 1.217428112030029297e+01 -3.421759366989135742e+00
3.441320419311523438e+00 1.242622280120849609e+01 -3.302809238433837891e+00
3.285871744155883789e+00 1.267843723297119141e+01 -3.196987152099609375e+00
3.147062063217163086e+00 1.291684913635253906e+01 -3.102062702178955078e+00
3.012496232986450195e+00 1.314666557312011719e+01 -3.011598348617553711e+00
2.887794017791748047e+00 1.335791969299316406e+01 -2.925543069839477539e+00
2.774668693542480469e+00 1.354654407501220703e+01 -2.845717668533325195e+00
2.677427053451538086e+00 1.371923065185546875e+01 -2.770076274871826172e+00
2.593263626098632812e+00 1.386767768859863281e+01 -2.701429843902587891e+00
2.518603086471557617e+00 1.399459362030029297e+01 -2.639146804809570312e+00
2.455667257308959961e+00 1.410813713073730469e+01 -2.581816434860229492e+00
2.405606746673583984e+00 1.421536540985107422e+01 -2.528698205947875977e+00
2.367420911788940430e+00 1.431001758575439453e+01 -2.483097791671752930e+00
2.342013120651245117e+00 1.439184665679931641e+01 -2.445979833602905273e+00
2.326619148254394531e+00 1.446136665344238281e+01 -2.416557788848876953e+00
2.318593025207519531e+00 1.451664161682128906e+01 -2.396068572998046875e+00
2.317913532257080078e+00 1.455991172790527344e+01 -2.381802320480346680e+00
2.322655916213989258e+00 1.459334182739257812e+01 -2.373369693756103516e+00
2.333772659301757812e+00 1.461958980560302734e+01 -2.370748758316040039e+00
2.350769519805908203e+00 1.463914871215820312e+01 -2.372868061065673828e+00
2.374883890151977539e+00 1.465381813049316406e+01 -2.380210161209106445e+00
2.407400369644165039e+00 1.466376018524169922e+01 -2.392925024032592773e+00
2.449123859405517578e+00 1.466934871673583984e+01 -2.410769939422607422e+00
2.501633405685424805e+00 1.467147636413574219e+01 -2.435830593109130859e+00
2.565437793731689453e+00 1.466690635681152344e+01 -2.468458652496337891e+00
2.639342308044433594e+00 1.465410804748535156e+01 -2.507427930831909180e+00
2.725115060806274414e+00 1.463127136230468750e+01 -2.552675008773803711e+00
2.818808794021606445e+00 1.460031032562255859e+01 -2.601783752441406250e+00
2.917648077011108398e+00 1.455931663513183594e+01 -2.653615951538085938e+00
3.024826288223266602e+00 1.451036262512207031e+01 -2.707337617874145508e+00
3.141753196716308594e+00 1.445377349853515625e+01 -2.763291597366333008e+00
3.270450830459594727e+00 1.439200019836425781e+01 -2.821050643920898438e+00
3.411169767379760742e+00 1.432421875000000000e+01 -2.881395578384399414e+00
3.556619644165039062e+00 1.424683570861816406e+01 -2.939402580261230469e+00
3.706362724304199219e+00 1.416590499877929688e+01 -2.995502710342407227e+00
3.862401962280273438e+00 1.408011627197265625e+01 -3.050513505935668945e+00
4.023149490356445312e+00 1.398806858062744141e+01 -3.101701498031616211e+00
4.178246498107910156e+00 1.389092731475830078e+01 -3.147603511810302734e+00
4.327530384063720703e+00 1.379285240173339844e+01 -3.184427738189697266e+00
4.474695682525634766e+00 1.369459438323974609e+01 -3.218400716781616211e+00
4.612927436828613281e+00 1.359263420104980469e+01 -3.245538949966430664e+00
4.742775440216064453e+00 1.349076747894287109e+01 -3.268331766128540039e+00
4.860570907592773438e+00 1.339153766632080078e+01 -3.285860061645507812e+00
4.965284347534179688e+00 1.329015350341796875e+01 -3.296041727066040039e+00
5.061518669128417969e+00 1.319439792633056641e+01 -3.304317712783813477e+00
5.148283958435058594e+00 1.310189723968505859e+01 -3.309443473815917969e+00
5.222553253173828125e+00 1.301429843902587891e+01 -3.310980558395385742e+00
5.287685871124267578e+00 1.292782306671142578e+01 -3.308994054794311523e+00
5.345666885375976562e+00 1.284499263763427734e+01 -3.305806875228881836e+00
5.395686149597167969e+00 1.276578617095947266e+01 -3.300813198089599609e+00
5.435252189636230469e+00 1.269007301330566406e+01 -3.293130874633789062e+00
5.466829299926757812e+00 1.261639308929443359e+01 -3.283671855926513672e+00
5.485118865966796875e+00 1.254692173004150391e+01 -3.274129152297973633e+00
5.501626014709472656e+00 1.248605060577392578e+01 -3.258483886718750000e+00
5.508688926696777344e+00 1.242035484313964844e+01 -3.238763570785522461e+00
5.508398532867431641e+00 1.235829830169677734e+01 -3.213472127914428711e+00
5.500453948974609375e+00 1.229772949218750000e+01 -3.182463884353637695e+00
5.485661029815673828e+00 1.223818397521972656e+01 -3.145450115203857422e+00
5.461571693420410156e+00 1.218108844757080078e+01 -3.102516174316406250e+00
5.429429054260253906e+00 1.212795734405517578e+01 -3.049734830856323242e+00
5.385364532470703125e+00 1.207677555084228516e+01 -2.987367630004882812e+00
5.330181598663330078e+00 1.202902221679687500e+01 -2.914320945739746094e+00
5.263345241546630859e+00 1.198851394653320312e+01 -2.830862998962402344e+00
5.183979511260986328e+00 1.195508480072021484e+01 -2.736451625823974609e+00
5.094138145446777344e+00 1.192189121246337891e+01 -2.631212949752807617e+00
4.988949298858642578e+00 1.190388870239257812e+01 -2.512035369873046875e+00
4.872074127197265625e+00 1.189335060119628906e+01 -2.382511377334594727e+00
4.745882511138916016e+00 1.189200592041015625e+01 -2.239235162734985352e+00
4.611898422241210938e+00 1.190291023254394531e+01 -2.085280179977416992e+00
4.475260734558105469e+00 1.192042827606201172e+01 -1.922578692436218262e+00
4.335960865020751953e+00 1.194748115539550781e+01 -1.751344680786132812e+00
4.204540729522705078e+00 1.197742271423339844e+01 -1.575762391090393066e+00
4.068691253662109375e+00 1.202076721191406250e+01 -1.394492268562316895e+00
3.937050819396972656e+00 1.206866073608398438e+01 -1.210177183151245117e+00
3.810970783233642578e+00 1.211987686157226562e+01 -1.022998690605163574e+00
3.694595813751220703e+00 1.217090702056884766e+01 -8.363753557205200195e-01
3.585585832595825195e+00 1.222165298461914062e+01 -6.491994857788085938e-01
3.486249208450317383e+00 1.227044582366943359e+01 -4.656851291656494141e-01
3.401532173156738281e+00 1.231468391418457031e+01 -2.888104021549224854e-01
3.329037189483642578e+00 1.235339832305908203e+01 -1.224132925271987915e-01
3.268160104751586914e+00 1.238634204864501953e+01 3.681081533432006836e-02
3.218290805816650391e+00 1.241336822509765625e+01 1.845300942659378052e-01
3.179557323455810547e+00 1.243424129486083984e+01 3.209019005298614502e-01
3.149085760116577148e+00 1.245035648345947266e+01 4.454067349433898926e-01
3.127328872680664062e+00 1.246127414703369141e+01 5.587531328201293945e-01
3.112687587738037109e+00 1.246791839599609375e+01 6.609234809875488281e-01
3.107990980148315430e+00 1.246933174133300781e+01 7.550389766693115234e-01
3.108253479003906250e+00 1.246820735931396484e+01 8.390312194824218750e-01
3.114875793457031250e+00 1.246458435058593750e+01 9.152964353561401367e-01
3.127638578414916992e+00 1.245763778686523438e+01 9.851583838462829590e-01
3.147476434707641602e+00 1.244748592376708984e+01 1.048578619956970215e+00
3.174499988555908203e+00 1.243426990509033203e+01 1.107213973999023438e+00
3.208483457565307617e+00 1.241849613189697266e+01 1.162362217903137207e+00
3.250855207443237305e+00 1.239966583251953125e+01 1.215004205703735352e+00
3.304125785827636719e+00 1.237778949737548828e+01 1.265590190887451172e+00
3.366353750228881836e+00 1.235212993621826172e+01 1.312908291816711426e+00
3.443088054656982422e+00 1.232283973693847656e+01 1.356835603713989258e+00
3.532102823257446289e+00 1.229064846038818359e+01 1.399744868278503418e+00
3.637473821640014648e+00 1.225499153137207031e+01 1.437927484512329102e+00
3.758914232254028320e+00 1.221745300292968750e+01 1.469213128089904785e+00
3.895768880844116211e+00 1.217870903015136719e+01 1.494921088218688965e+00
4.048740386962890625e+00 1.213934803009033203e+01 1.507386445999145508e+00
4.216825962066650391e+00 1.210087776184082031e+01 1.507777571678161621e+00
4.394884109497070312e+00 1.206313419342041016e+01 1.492387294769287109e+00
4.581306934356689453e+00 1.202758598327636719e+01 1.460757493972778320e+00
4.772698402404785156e+00 1.199426174163818359e+01 1.409439086914062500e+00
4.964928627014160156e+00 1.196242809295654297e+01 1.343309998512268066e+00
5.155084609985351562e+00 1.193327426910400391e+01 1.259931802749633789e+00
5.340902328491210938e+00 1.190498161315917969e+01 1.161093831062316895e+00
5.519717693328857422e+00 1.187765979766845703e+01 1.052161931991577148e+00
5.688990592956542969e+00 1.185198974609375000e+01 9.291784167289733887e-01
5.850025177001953125e+00 1.182680606842041016e+01 7.946669459342956543e-01
5.999270439147949219e+00 1.180029487609863281e+01 6.514398455619812012e-01
6.138015270233154297e+00 1.177229404449462891e+01 5.016963481903076172e-01
6.265041351318359375e+00 1.174159526824951172e+01 3.469942510128021240e-01
6.385103702545166016e+00 1.170748329162597656e+01 1.863550692796707153e-01
6.494260787963867188e+00 1.166844463348388672e+01 2.272919751703739166e-02
6.595309257507324219e+00 1.162445640563964844e+01 -1.425072103738784790e-01
6.687036514282226562e+00 1.157578754425048828e+01 -3.063155710697174072e-01
6.769940376281738281e+00 1.152331542968750000e+01 -4.651989042758941650e-01
6.845202922821044922e+00 1.146650791168212891e+01 -6.188555359840393066e-01
6.911893367767333984e+00 1.140909481048583984e+01 -7.622121572494506836e-01
6.970838546752929688e+00 1.135030555725097656e+01 -8.936192393302917480e-01
7.021393775939941406e+00 1.128386688232421875e+01 -1.011430025100708008e+00
7.068020343780517578e+00 1.122379779815673828e+01 -1.121527314186096191e+00
7.108823299407958984e+00 1.116180610656738281e+01 -1.218912482261657715e+00
7.146064281463623047e+00 1.110269165039062500e+01 -1.305683135986328125e+00
7.180252552032470703e+00 1.104248905181884766e+01 -1.383027434349060059e+00
7.208809375762939453e+00 1.097996425628662109e+01 -1.450872182846069336e+00
7.235239505767822266e+00 1.091901779174804688e+01 -1.505948305130004883e+00
7.258589267730712891e+00 1.085742759704589844e+01 -1.550902962684631348e+00
7.278268337249755859e+00 1.079525184631347656e+01 -1.585165977478027344e+00
7.293360233306884766e+00 1.073379898071289062e+01 -1.607772469520568848e+00
7.302581787109375000e+00 1.067251873016357422e+01 -1.619945287704467773e+00
7.305186271667480469e+00 1.061143207550048828e+01 -1.622611522674560547e+00
7.300338268280029297e+00 1.054932308197021484e+01 -1.613928914070129395e+00
7.282087326049804688e+00 1.048802757263183594e+01 -1.593221783638000488e+00
7.254190921783447266e+00 1.042711925506591797e+01 -1.559717297554016113e+00
7.209764480590820312e+00 1.036449337005615234e+01 -1.510203361511230469e+00
7.146794319152832031e+00 1.030096054077148438e+01 -1.441388607025146484e+00
7.069069862365722656e+00 1.023923301696777344e+01 -1.352681517601013184e+00
6.978563308715820312e+00 1.017628479003906250e+01 -1.241245865821838379e+00
6.879181385040283203e+00 1.010954856872558594e+01 -1.112792253494262695e+00
6.766421318054199219e+00 1.003214550018310547e+01 -9.642860889434814453e-01
6.645228862762451172e+00 9.952970504760742188e+00 -7.950872182846069336e-01
6.511840343475341797e+00 9.862324714660644531e+00 -6.067022681236267090e-01
6.368113040924072266e+00 9.766865730285644531e+00 -4.090079367160797119e-01
6.212882995605468750e+00 9.672319412231445312e+00 -2.012860178947448730e-01
6.050013065338134766e+00 9.586812019348144531e+00 8.793182671070098877e-03
5.881380558013916016e+00 9.515169143676757812e+00 2.186947017908096313e-01
5.709112644195556641e+00 9.459883689880371094e+00 4.293690919876098633e-01
5.536573886871337891e+00 9.423075675964355469e+00 6.412218809127807617e-01
5.358240127563476562e+00 9.405187606811523438e+00 8.564808964729309082e-01
5.181059360504150391e+00 9.407645225524902344e+00 1.070405244827270508e+00
5.007167339324951172e+00 9.429313659667968750e+00 1.283954620361328125e+00
4.836206436157226562e+00 9.462688446044921875e+00 1.498984098434448242e+00
4.671015262603759766e+00 9.511150360107421875e+00 1.713189125061035156e+00
4.515328884124755859e+00 9.559863090515136719e+00 1.925448894500732422e+00
4.376793861389160156e+00 9.606178283691406250e+00 2.124841690063476562e+00
4.261549472808837891e+00 9.642920494079589844e+00 2.311701059341430664e+00
4.162113666534423828e+00 9.671752929687500000e+00 2.480038881301879883e+00
4.080190658569335938e+00 9.687774658203125000e+00 2.631422042846679688e+00
4.016665935516357422e+00 9.694702148437500000e+00 2.765287160873413086e+00
3.968793630599975586e+00 9.685070037841796875e+00 2.882186174392700195e+00
3.934169054031372070e+00 9.666640281677246094e+00 2.977987527847290039e+00
3.910760164260864258e+00 9.642194747924804688e+00 3.055941104888916016e+00
3.897394418716430664e+00 9.614711761474609375e+00 3.117938518524169922e+00
3.895123243331909180e+00 9.584492683410644531e+00 3.166057109832763672e+00
3.901834487915039062e+00 9.554116249084472656e+00 3.202274084091186523e+00
3.920421838760375977e+00 9.523919105529785156e+00 3.228634357452392578e+00
3.950506925582885742e+00 9.495449066162109375e+00 3.245727539062500000e+00
3.994617700576782227e+00 9.468670845031738281e+00 3.254775762557983398e+00
4.059152126312255859e+00 9.444483757019042969e+00 3.255509614944458008e+00
4.145029067993164062e+00 9.424032211303710938e+00 3.246723413467407227e+00
4.261225223541259766e+00 9.410319328308105469e+00 3.224766492843627930e+00
4.398602485656738281e+00 9.405363082885742188e+00 3.186676502227783203e+00
4.552052021026611328e+00 9.410346031188964844e+00 3.129039525985717773e+00
4.717975616455078125e+00 9.430293083190917969e+00 3.058018445968627930e+00
4.902184009552001953e+00 9.458868026733398438e+00 2.965922832489013672e+00
5.098145961761474609e+00 9.493545532226562500e+00 2.855650901794433594e+00
5.300889492034912109e+00 9.528988838195800781e+00 2.732395410537719727e+00
5.507895469665527344e+00 9.565724372863769531e+00 2.599480628967285156e+00
5.715172767639160156e+00 9.600250244140625000e+00 2.457327604293823242e+00
5.920568943023681641e+00 9.636255264282226562e+00 2.307748079299926758e+00
6.117508888244628906e+00 9.669052124023437500e+00 2.154105424880981445e+00
6.304455757141113281e+00 9.697116851806640625e+00 1.998706459999084473e+00
6.479232788085937500e+00 9.722381591796875000e+00 1.837616324424743652e+00
6.639640808105468750e+00 9.742781639099121094e+00 1.677341461181640625e+00
6.788818836212158203e+00 9.759155273437500000e+00 1.513292789459228516e+00
6.924130439758300781e+00 9.771835327148437500e+00 1.349700689315795898e+00
7.049985408782958984e+00 9.779098510742187500e+00 1.183940052986145020e+00
7.162850379943847656e+00 9.782367706298828125e+00 1.018319249153137207e+00
7.264439105987548828e+00 9.780857086181640625e+00 8.530096411705017090e-01
7.357168197631835938e+00 9.776327133178710938e+00 6.892356872558593750e-01
7.439231395721435547e+00 9.766948699951171875e+00 5.274641513824462891e-01
7.510810375213623047e+00 9.754425048828125000e+00 3.716260790824890137e-01
7.577370166778564453e+00 9.738086700439453125e+00 2.158594876527786255e-01
7.637143611907958984e+00 9.718491554260253906e+00 6.510265916585922241e-02
7.688746929168701172e+00 9.695419311523437500e+00 -7.967840880155563354e-02
7.734818935394287109e+00 9.667538642883300781e+00 -2.185581624507904053e-01
7.774158477783203125e+00 9.639573097229003906e+00 -3.497741818428039551e-01
7.809372425079345703e+00 9.607625007629394531e+00 -4.738520383834838867e-01
7.835486888885498047e+00 9.567773818969726562e+00 -5.957254767417907715e-01
7.860162734985351562e+00 9.531043052673339844e+00 -7.075131535530090332e-01
7.875425815582275391e+00 9.488610267639160156e+00 -8.086579442024230957e-01
7.890703678131103516e+00 9.447807312011718750e+00 -9.079552292823791504e-01
7.900256633758544922e+00 9.405619621276855469e+00 -1.000150799751281738e+00
7.899986743927001953e+00 9.360646247863769531e+00 -1.087327003479003906e+00
7.894573211669921875e+00 9.316026687622070312e+00 -1.166783213615417480e+00
7.883183002471923828e+00 9.271235466003417969e+00 -1.239388227462768555e+00
7.859924793243408203e+00 9.224074363708496094e+00 -1.294518470764160156e+00
7.834177494049072266e+00 9.179319381713867188e+00 -1.344298601150512695e+00
7.804654121398925781e+00 9.134944915771484375e+00 -1.384269714355468750e+00
7.769606113433837891e+00 9.092156410217285156e+00 -1.411718368530273438e+00
7.726139545440673828e+00 9.047606468200683594e+00 -1.425475478172302246e+00
7.681566715240478516e+00 9.006920814514160156e+00 -1.432738184928894043e+00
7.633624553680419922e+00 8.968132019042968750e+00 -1.427091956138610840e+00
7.581697463989257812e+00 8.929946899414062500e+00 -1.410778760910034180e+00
7.524394989013671875e+00 8.891434669494628906e+00 -1.378867626190185547e+00
7.464350700378417969e+00 8.855387687683105469e+00 -1.337443947792053223e+00
7.398294925689697266e+00 8.822692871093750000e+00 -1.285406470298767090e+00
7.325476169586181641e+00 8.788662910461425781e+00 -1.223695993423461914e+00
7.250549316406250000e+00 8.756752967834472656e+00 -1.152627944946289062e+00
7.162690639495849609e+00 8.726516723632812500e+00 -1.076566934585571289e+00
7.067641735076904297e+00 8.695407867431640625e+00 -9.912389516830444336e-01
6.956317901611328125e+00 8.665272712707519531e+00 -8.933869004249572754e-01
6.835655689239501953e+00 8.637114524841308594e+00 -7.813245058059692383e-01
6.699140548706054688e+00 8.608151435852050781e+00 -6.550969481468200684e-01
6.548300743103027344e+00 8.581396102905273438e+00 -5.126968026161193848e-01
6.383127689361572266e+00 8.560118675231933594e+00 -3.534539341926574707e-01
6.206468105316162109e+00 8.540623664855957031e+00 -1.784596294164657593e-01
6.023860931396484375e+00 8.525842666625976562e+00 8.753864094614982605e-03
5.839743137359619141e+00 8.515403747558593750e+00 2.041814923286437988e-01
5.655095577239990234e+00 8.509926795959472656e+00 4.085215032100677490e-01
5.472102642059326172e+00 8.507516860961914062e+00 6.136242747306823730e-01
5.293241024017333984e+00 8.503766059875488281e+00 8.202385306358337402e-01
5.117869853973388672e+00 8.504452705383300781e+00 1.026021361351013184e+00
4.943992137908935547e+00 8.507920265197753906e+00 1.231554627418518066e+00
4.776000976562500000e+00 8.504702568054199219e+00 1.434476137161254883e+00
4.609716892242431641e+00 8.501138687133789062e+00 1.633155345916748047e+00
4.444474220275878906e+00 8.495312690734863281e+00 1.827720522880554199e+00
4.286203384399414062e+00 8.486250877380371094e+00 2.010987520217895508e+00
4.127059459686279297e+00 8.470970153808593750e+00 2.192017793655395508e+00
3.973314762115478516e+00 8.454614639282226562e+00 2.362895011901855469e+00
3.825471639633178711e+00 8.437726974487304688e+00 2.524755954742431641e+00
3.683347702026367188e+00 8.418438911437988281e+00 2.674065113067626953e+00
3.547065258026123047e+00 8.396074295043945312e+00 2.808447360992431641e+00
3.418472528457641602e+00 8.367060661315917969e+00 2.925743103027343750e+00
3.294874668121337891e+00 8.332056999206542969e+00 3.030100107192993164e+00
3.174815177917480469e+00 8.286248207092285156e+00 3.114904403686523438e+00
3.062559366226196289e+00 8.234116554260253906e+00 3.188942193984985352e+00
2.957841873168945312e+00 8.180150985717773438e+00 3.252646446228027344e+00
2.857953786849975586e+00 8.123465538024902344e+00 3.307411670684814453e+00
2.766441106796264648e+00 8.069717407226562500e+00 3.361257076263427734e+00
2.684527873992919922e+00 8.015557289123535156e+00 3.401390075683593750e+00
2.606014490127563477e+00 7.962770938873291016e+00 3.442097663879394531e+00
2.533419370651245117e+00 7.915061473846435547e+00 3.477058410644531250e+00
2.466075420379638672e+00 7.869017601013183594e+00 3.507795095443725586e+00
2.399970769882202148e+00 7.826419830322265625e+00 3.534376859664916992e+00
2.341808319091796875e+00 7.785236358642578125e+00 3.559223175048828125e+00
2.282994985580444336e+00 7.742384433746337891e+00 3.585590600967407227e+00
2.223797082901000977e+00 7.699660301208496094e+00 3.607440710067749023e+00
2.169120311737060547e+00 7.661262989044189453e+00 3.616585969924926758e+00
2.121932268142700195e+00 7.628048419952392578e+00 3.655070304870605469e+00
2.068929910659790039e+00 7.588732719421386719e+00 3.675721406936645508e+00
2.016110420227050781e+00 7.548474788665771484e+00 3.694715976715087891e+00
1.963861227035522461e+00 7.511590957641601562e+00 3.715790510177612305e+00
1.910201549530029297e+00 7.470859527587890625e+00 3.733480215072631836e+00
1.858389139175415039e+00 7.427875518798828125e+00 3.753141641616821289e+00
1.806514024734497070e+00 7.385249614715576172e+00 3.770544290542602539e+00
1.749355792999267578e+00 7.346578121185302734e+00 3.785519599914550781e+00
1.693235635757446289e+00 7.300909519195556641e+00 3.795948982238769531e+00
1.636188745498657227e+00 7.261041641235351562e+00 3.825105905532836914e+00
1.581422448158264160e+00 7.215349674224853516e+00 3.847748994827270508e+00
1.524794697761535645e+00 7.174300193786621094e+00 3.865652084350585938e+00
1.463847160339355469e+00 7.122329711914062500e+00 3.888497114181518555e+00
1.402732968330383301e+00 7.073428630828857422e+00 3.908611536026000977e+00
1.339845180511474609e+00 7.025311946868896484e+00 3.932076930999755859e+00
1.270075678825378418e+00 6.968971729278564453e+00 3.935597896575927734e+00
1.208861470222473145e+00 6.915944576263427734e+00 3.966733217239379883e+00
1.146295070648193359e+00 6.871249198913574219e+00 4.006041526794433594e+00
1.078190207481384277e+00 6.814179897308349609e+00 4.030869007110595703e+00
1.008266329765319824e+00 6.757201194763183594e+00 4.058444023132324219e+00
9.363610744476318359e-01 6.699898719787597656e+00 4.088896751403808594e+00
8.656455874443054199e-01 6.634318351745605469e+00 4.116026878356933594e+00
7.894985079765319824e-01 6.575996398925781250e+00 4.147825241088867188e+00
7.161377668380737305e-01 6.513302803039550781e+00 4.184098720550537109e+00
6.390299201011657715e-01 6.448282718658447266e+00 4.215754985809326172e+00
5.634500980377197266e-01 6.384091377258300781e+00 4.252804279327392578e+00
4.887242913246154785e-01 6.321625709533691406e+00 4.288717269897460938e+00
4.123202860355377197e-01 6.255101203918457031e+00 4.327747344970703125e+00
3.327997326850891113e-01 6.186578750610351562e+00 4.365055084228515625e+00
2.568263113498687744e-01 6.121084690093994141e+00 4.406478881835937500e+00
1.822137534618377686e-01 6.056421279907226562e+00 4.449606895446777344e+00
1.061066612601280212e-01 5.989035129547119141e+00 4.492472171783447266e+00
2.926559746265411377e-02 5.921533584594726562e+00 4.534936428070068359e+00
-4.743123799562454224e-02 5.855628967285156250e+00 4.580084800720214844e+00
-1.228027120232582092e-01 5.790715217590332031e+00 4.625692844390869141e+00
-2.010401040315628052e-01 5.723421573638916016e+00 4.673160552978515625e+00
-2.775962948799133301e-01 5.658343791961669922e+00 4.722901344299316406e+00
-3.537584245204925537e-01 5.592619895935058594e+00 4.772634029388427734e+00
-4.313569068908691406e-01 5.527877807617187500e+00 4.823266983032226562e+00
-4.971100687980651855e-01 5.472632884979248047e+00 4.872543811798095703e+00
-5.758789181709289551e-01 5.409562110900878906e+00 4.925272941589355469e+00
-6.481297016143798828e-01 5.348207950592041016e+00 4.980826377868652344e+00
-7.230137586593627930e-01 5.287106513977050781e+00 5.037164211273193359e+00
-7.989404201507568359e-01 5.225920677185058594e+00 5.092921733856201172e+00
-8.729612231254577637e-01 5.165946960449218750e+00 5.150447368621826172e+00
-9.473612308502197266e-01 5.107381343841552734e+00 5.210813045501708984e+00
-1.023296713829040527e+00 5.047287464141845703e+00 5.269098758697509766e+00
-1.097851514816284180e+00 4.991769790649414062e+00 5.327526092529296875e+00
-1.169301271438598633e+00 4.951188087463378906e+00 5.390590190887451172e+00
-1.240332245826721191e+00 4.902109622955322266e+00 5.449615955352783203e+00
-1.310371756553649902e+00 4.850828170776367188e+00 5.511970520019531250e+00
-1.384897947311401367e+00 4.801061630249023438e+00 5.569127082824707031e+00
-1.451299786567687988e+00 4.756933212280273438e+00 5.620123863220214844e+00
-1.512898087501525879e+00 4.720814228057861328e+00 5.686738014221191406e+00
-1.578141093254089355e+00 4.678749084472656250e+00 5.747355937957763672e+00
-1.642347574234008789e+00 4.641104221343994141e+00 5.800917148590087891e+00
-1.708246469497680664e+00 4.620816230773925781e+00 5.857572555541992188e+00
-1.767174243927001953e+00 4.587682247161865234e+00 5.907477855682373047e+00
-1.820941805839538574e+00 4.545800685882568359e+00 5.949689865112304688e+00
-1.869393348693847656e+00 4.508936882019042969e+00 5.996854782104492188e+00
-1.913541436195373535e+00 4.468835353851318359e+00 6.041730880737304688e+00
-1.950358510017395020e+00 4.443763256072998047e+00 6.100879669189453125e+00
-2.004085779190063477e+00 4.407015800476074219e+00 6.129794597625732422e+00
-2.067210912704467773e+00 4.378379821777343750e+00 6.145008563995361328e+00
-2.124588251113891602e+00 4.348141670227050781e+00 6.165418624877929688e+00
-2.080026865005493164e+00 4.324882984161376953e+00 6.300070762634277344e+00
-2.171504020690917969e+00 4.300103187561035156e+00 6.280120372772216797e+00
-2.172244310379028320e+00 4.295343399047851562e+00 6.360844135284423828e+00
-2.258716106414794922e+00 4.287640094757080078e+00 6.344592571258544922e+00
-2.285796165466308594e+00 4.290812969207763672e+00 6.396203517913818359e+00
-2.327296972274780273e+00 4.301191806793212891e+00 6.430103778839111328e+00
-2.356918811798095703e+00 4.316486358642578125e+00 6.478197574615478516e+00
-2.446242332458496094e+00 4.345476627349853516e+00 6.462747573852539062e+00
-2.470930576324462891e+00 4.379685401916503906e+00 6.509493827819824219e+00
-2.481521844863891602e+00 4.413933277130126953e+00 6.582736968994140625e+00
-2.525242805480957031e+00 4.454718112945556641e+00 6.622635841369628906e+00
-2.579996347427368164e+00 4.494087219238281250e+00 6.655296325683593750e+00
-2.630772113800048828e+00 4.501017093658447266e+00 6.713004589080810547e+00
-2.681869268417358398e+00 4.544633388519287109e+00 6.762143611907958984e+00
-2.739529848098754883e+00 4.589354038238525391e+00 6.814245700836181641e+00
-2.801886796951293945e+00 4.631586074829101562e+00 6.874945163726806641e+00
-2.870743036270141602e+00 4.676185131072998047e+00 6.940836429595947266e+00
-2.950181961059570312e+00 4.717355728149414062e+00 7.011892795562744141e+00
-3.029134511947631836e+00 4.768517971038818359e+00 7.091536521911621094e+00
-3.116063833236694336e+00 4.815854549407958984e+00 7.170133113861083984e+00
-3.198653221130371094e+00 4.875957012176513672e+00 7.255652427673339844e+00
-3.292191982269287109e+00 4.938291072845458984e+00 7.346204757690429688e+00
-3.388824939727783203e+00 5.005225181579589844e+00 7.435354709625244141e+00
-3.483646154403686523e+00 5.069079875946044922e+00 7.525359153747558594e+00
-3.575890541076660156e+00 5.133420944213867188e+00 7.610330581665039062e+00
-3.664699792861938477e+00 5.193387508392333984e+00 7.689816474914550781e+00
-3.755016803741455078e+00 5.228832244873046875e+00 7.754250526428222656e+00
-3.839661836624145508e+00 5.277776718139648438e+00 7.817010879516601562e+00
-3.880069017410278320e+00 5.347954273223876953e+00 7.900290012359619141e+00
-3.942744016647338867e+00 5.387280941009521484e+00 7.958060741424560547e+00
-3.997385978698730469e+00 5.416502952575683594e+00 8.017573356628417969e+00
-3.934878349304199219e+00 5.502484798431396484e+00 8.151273727416992188e+00
-3.931220531463623047e+00 5.535500526428222656e+00 8.253161430358886719e+00
-4.261371612548828125e+00 5.297970294952392578e+00 8.189370155334472656e+00
-4.305067062377929688e+00 5.286753654479980469e+00 8.263963699340820312e+00
-3.998792648315429688e+00 5.573825359344482422e+00 8.481072425842285156e+00
-4.367720603942871094e+00 5.283854007720947266e+00 8.408804893493652344e+00
-4.357896804809570312e+00 5.316570281982421875e+00 8.501366615295410156e+00
-4.389409065246582031e+00 5.335247039794921875e+00 8.542184829711914062e+00
-4.207034587860107422e+00 5.528110027313232422e+00 8.672056198120117188e+00
-4.200838565826416016e+00 5.600143909454345703e+00 8.695922851562500000e+00
-4.252591133117675781e+00 5.611782073974609375e+00 8.716090202331542969e+00
-4.286127090454101562e+00 5.651115894317626953e+00 8.724428176879882812e+00
-4.570121288299560547e+00 5.483257770538330078e+00 8.611103057861328125e+00
-4.614590644836425781e+00 5.513694763183593750e+00 8.591238021850585938e+00
-4.318932056427001953e+00 5.832963466644287109e+00 8.699241638183593750e+00
-4.321246147155761719e+00 5.906560420989990234e+00 8.664937973022460938e+00
-4.730642795562744141e+00 5.624731063842773438e+00 8.509831428527832031e+00
-4.349143981933593750e+00 6.028904914855957031e+00 8.578077316284179688e+00
-4.374642372131347656e+00 6.084289073944091797e+00 8.525783538818359375e+00
-4.821969985961914062e+00 5.777839660644531250e+00 8.341226577758789062e+00
-4.833735466003417969e+00 5.846481323242187500e+00 8.283812522888183594e+00
-4.833206653594970703e+00 5.927775859832763672e+00 8.233452796936035156e+00
-4.835673809051513672e+00 6.008850097656250000e+00 8.202714920043945312e+00
-4.663703441619873047e+00 6.243121623992919922e+00 8.247632980346679688e+00
-4.653197288513183594e+00 6.345194816589355469e+00 8.345760345458984375e+00
-4.738952159881591797e+00 6.369222164154052734e+00 8.296524047851562500e+00
-4.813960075378417969e+00 6.403306961059570312e+00 8.296372413635253906e+00
-4.874209403991699219e+00 6.448313713073730469e+00 8.400194168090820312e+00
-5.030637264251708984e+00 6.404757976531982422e+00 8.459550857543945312e+00
-5.127330303192138672e+00 6.414539813995361328e+00 8.383752822875976562e+00
-5.111629009246826172e+00 6.533052921295166016e+00 8.368667602539062500e+00
-5.161999702453613281e+00 6.588027000427246094e+00 8.392497062683105469e+00
-5.222117900848388672e+00 6.638511180877685547e+00 8.403614997863769531e+00
-5.276710510253906250e+00 6.697874069213867188e+00 8.416048049926757812e+00
-5.329977512359619141e+00 6.761220455169677734e+00 8.411177635192871094e+00
-5.391602516174316406e+00 6.816892623901367188e+00 8.419413566589355469e+00
-5.454490661621093750e+00 6.876074790954589844e+00 8.425359725952148438e+00
-5.514093875885009766e+00 6.944831848144531250e+00 8.431125640869140625e+00
-5.559901237487792969e+00 7.019721984863281250e+00 8.465285301208496094e+00
-5.631697654724121094e+00 7.083048343658447266e+00 8.467123985290527344e+00
-5.705280780792236328e+00 7.148295879364013672e+00 8.474069595336914062e+00
-5.785780906677246094e+00 7.210551261901855469e+00 8.477019309997558594e+00
-5.856759071350097656e+00 7.281457901000976562e+00 8.478055000305175781e+00
-5.922147750854492188e+00 7.354060649871826172e+00 8.490777969360351562e+00
-5.992593288421630859e+00 7.423857212066650391e+00 8.500240325927734375e+00
-6.063832283020019531e+00 7.493248462677001953e+00 8.511726379394531250e+00
-6.130643367767333984e+00 7.563786983489990234e+00 8.525611877441406250e+00
-6.195527076721191406e+00 7.633147716522216797e+00 8.540902137756347656e+00
-6.257505416870117188e+00 7.700095176696777344e+00 8.556920051574707031e+00
-6.316159248352050781e+00 7.758832931518554688e+00 8.575778007507324219e+00
-6.371474266052246094e+00 7.821028709411621094e+00 8.594040870666503906e+00
-6.423647880554199219e+00 7.882101535797119141e+00 8.615835189819335938e+00
-6.472589015960693359e+00 7.940063476562500000e+00 8.638512611389160156e+00
-6.519844055175781250e+00 7.997488975524902344e+00 8.661302566528320312e+00
-6.563631057739257812e+00 8.052129745483398438e+00 8.689009666442871094e+00
-6.606675148010253906e+00 8.106369018554687500e+00 8.720242500305175781e+00
-6.648722171783447266e+00 8.160339355468750000e+00 8.755900382995605469e+00
-6.697096824645996094e+00 8.214231491088867188e+00 8.778286933898925781e+00
-6.740530490875244141e+00 8.268528938293457031e+00 8.815855026245117188e+00
-6.786073207855224609e+00 8.326025962829589844e+00 8.855229377746582031e+00
-6.833885669708251953e+00 8.386433601379394531e+00 8.897109985351562500e+00
-6.885750770568847656e+00 8.449557304382324219e+00 8.934597015380859375e+00
-6.938638687133789062e+00 8.511944770812988281e+00 8.977162361145019531e+00
-6.994029998779296875e+00 8.578289985656738281e+00 9.021465301513671875e+00
-7.052071094512939453e+00 8.645884513854980469e+00 9.064672470092773438e+00
-7.111042499542236328e+00 8.715154647827148438e+00 9.107393264770507812e+00
-7.174678802490234375e+00 8.784755706787109375e+00 9.146466255187988281e+00
-7.241353511810302734e+00 8.856293678283691406e+00 9.188190460205078125e+00
-7.304685592651367188e+00 8.925649642944335938e+00 9.228535652160644531e+00
-7.366567611694335938e+00 8.994943618774414062e+00 9.263276100158691406e+00
-7.432679176330566406e+00 9.060204505920410156e+00 9.297796249389648438e+00
-7.477922439575195312e+00 9.129120826721191406e+00 9.304858207702636719e+00
-7.543675422668457031e+00 9.186654090881347656e+00 9.331189155578613281e+00
-7.608955383300781250e+00 9.241200447082519531e+00 9.350670814514160156e+00
-7.669819831848144531e+00 9.296196937561035156e+00 9.362679481506347656e+00
-7.730485439300537109e+00 9.345032691955566406e+00 9.367272377014160156e+00
-7.792417526245117188e+00 9.386896133422851562e+00 9.363600730895996094e+00
-7.837968349456787109e+00 9.438026428222656250e+00 9.347252845764160156e+00
-7.896555900573730469e+00 9.475091934204101562e+00 9.325621604919433594e+00
-7.953869819641113281e+00 9.497257232666015625e+00 9.300179481506347656e+00
-7.999783515930175781e+00 9.523051261901855469e+00 9.262818336486816406e+00
-8.047315597534179688e+00 9.540431976318359375e+00 9.218322753906250000e+00
-8.087924957275390625e+00 9.554920196533203125e+00 9.163717269897460938e+00
-8.129075050354003906e+00 9.561919212341308594e+00 9.103347778320312500e+00
-8.171048164367675781e+00 9.557855606079101562e+00 9.035112380981445312e+00
-8.201716423034667969e+00 9.557080268859863281e+00 8.959102630615234375e+00
-8.222418785095214844e+00 9.552517890930175781e+00 8.873467445373535156e+00
-8.247746467590332031e+00 9.545576095581054688e+00 8.784218788146972656e+00
-8.279016494750976562e+00 9.519658088684082031e+00 8.694813728332519531e+00
-8.301661491394042969e+00 9.497603416442871094e+00 8.598001480102539062e+00
-8.327342033386230469e+00 9.473591804504394531e+00 8.498712539672851562e+00
-8.346377372741699219e+00 9.447696685791015625e+00 8.394210815429687500e+00
-8.364456176757812500e+00 9.420492172241210938e+00 8.286905288696289062e+00
-8.381916046142578125e+00 9.393441200256347656e+00 8.182600021362304688e+00
-8.396708488464355469e+00 9.362057685852050781e+00 8.073592185974121094e+00
-8.410580635070800781e+00 9.332648277282714844e+00 7.965608596801757812e+00
-8.428501129150390625e+00 9.307482719421386719e+00 7.860440731048583984e+00
-8.436208724975585938e+00 9.274999618530273438e+00 7.758073329925537109e+00
-8.442640304565429688e+00 9.243041992187500000e+00 7.659719467163085938e+00
-8.445732116699218750e+00 9.218993186950683594e+00 7.563454627990722656e+00
-8.447774887084960938e+00 9.180796623229980469e+00 7.473596572875976562e+00
-8.447472572326660156e+00 9.149694442749023438e+00 7.385375499725341797e+00
-8.451668739318847656e+00 9.127896308898925781e+00 7.300641536712646484e+00
-8.447677612304687500e+00 9.094575881958007812e+00 7.217494010925292969e+00
-8.437582015991210938e+00 9.064003944396972656e+00 7.136604785919189453e+00
-8.427684783935546875e+00 9.028226852416992188e+00 7.058690071105957031e+00
-8.419393539428710938e+00 8.995878219604492188e+00 6.984189987182617188e+00
-8.405924797058105469e+00 8.957423210144042969e+00 6.912849903106689453e+00
-8.390132904052734375e+00 8.930438995361328125e+00 6.839898586273193359e+00
-8.377690315246582031e+00 8.888848304748535156e+00 6.776212215423583984e+00
-8.369726181030273438e+00 8.839120864868164062e+00 6.716147422790527344e+00
-8.360857009887695312e+00 8.784688949584960938e+00 6.663989067077636719e+00
-8.348993301391601562e+00 8.733312606811523438e+00 6.610465049743652344e+00
-8.336547851562500000e+00 8.679457664489746094e+00 6.560852050781250000e+00
-8.314890861511230469e+00 8.632181167602539062e+00 6.511008262634277344e+00
-8.297218322753906250e+00 8.593984603881835938e+00 6.459912776947021484e+00
-8.278080940246582031e+00 8.564017295837402344e+00 6.409797668457031250e+00
-8.257201194763183594e+00 8.536945343017578125e+00 6.361289024353027344e+00
-8.244452476501464844e+00 8.521877288818359375e+00 6.309554576873779297e+00
-8.226086616516113281e+00 8.518026351928710938e+00 6.256419658660888672e+00
-8.211202621459960938e+00 8.521482467651367188e+00 6.201538085937500000e+00
-8.200881958007812500e+00 8.530705451965332031e+00 6.144830703735351562e+00
-8.200696945190429688e+00 8.542170524597167969e+00 6.084449291229248047e+00
-8.193799972534179688e+00 8.568154335021972656e+00 6.021491050720214844e+00
-8.199730873107910156e+00 8.597833633422851562e+00 5.955165863037109375e+00
-8.203573226928710938e+00 8.627393722534179688e+00 5.884744644165039062e+00
-8.208907127380371094e+00 8.656294822692871094e+00 5.808918952941894531e+00
-8.210330009460449219e+00 8.681142807006835938e+00 5.729067802429199219e+00
-8.210671424865722656e+00 8.691941261291503906e+00 5.639248371124267578e+00
-8.211158752441406250e+00 8.713861465454101562e+00 5.541491985321044922e+00
-8.209547996520996094e+00 8.733010292053222656e+00 5.435663700103759766e+00
-8.207362174987792969e+00 8.750263214111328125e+00 5.321746826171875000e+00
-8.203854560852050781e+00 8.766286849975585938e+00 5.201844215393066406e+00
-8.198940277099609375e+00 8.782286643981933594e+00 5.074844837188720703e+00
-8.192873001098632812e+00 8.795953750610351562e+00 4.949956893920898438e+00
-8.187271118164062500e+00 8.809581756591796875e+00 4.824233531951904297e+00
-8.181674003601074219e+00 8.822443008422851562e+00 4.701376438140869141e+00
-8.173290252685546875e+00 8.829142570495605469e+00 4.584936141967773438e+00
-8.167983055114746094e+00 8.840427398681640625e+00 4.474573135375976562e+00
-8.162528991699218750e+00 8.851623535156250000e+00 4.370488643646240234e+00
-8.157208442687988281e+00 8.861623764038085938e+00 4.275762557983398438e+00
-8.151414871215820312e+00 8.870766639709472656e+00 4.185425281524658203e+00
-8.145108222961425781e+00 8.879988670349121094e+00 4.098962783813476562e+00
-8.138414382934570312e+00 8.890231132507324219e+00 4.017878055572509766e+00
-8.131400108337402344e+00 8.901817321777343750e+00 3.941811323165893555e+00
-8.123271942138671875e+00 8.913813591003417969e+00 3.863474130630493164e+00
-8.113903045654296875e+00 8.928477287292480469e+00 3.783392429351806641e+00
-8.103646278381347656e+00 8.946328163146972656e+00 3.702824354171752930e+00
-8.091906547546386719e+00 8.968914031982421875e+00 3.617671251296997070e+00
-8.079369544982910156e+00 8.996244430541992188e+00 3.527606010437011719e+00
-8.065088272094726562e+00 9.029937744140625000e+00 3.430469751358032227e+00
-8.050110816955566406e+00 9.070166587829589844e+00 3.324028968811035156e+00
-8.031719207763671875e+00 9.116765975952148438e+00 3.217497110366821289e+00
-8.013387680053710938e+00 9.178703308105468750e+00 3.100145816802978516e+00
-7.992408275604248047e+00 9.254669189453125000e+00 2.978015422821044922e+00
-7.972668647766113281e+00 9.346633911132812500e+00 2.852386236190795898e+00
-7.953610897064208984e+00 9.450967788696289062e+00 2.732471466064453125e+00
-7.933904647827148438e+00 9.570370674133300781e+00 2.613839387893676758e+00
-7.915775299072265625e+00 9.696644783020019531e+00 2.502188920974731445e+00
-7.898763179779052734e+00 9.825331687927246094e+00 2.395135879516601562e+00
-7.883187294006347656e+00 9.949537277221679688e+00 2.296890497207641602e+00
-7.868646621704101562e+00 1.007101345062255859e+01 2.203295230865478516e+00
-7.849268913269042969e+00 1.017888355255126953e+01 2.114447116851806641e+00
-7.829964160919189453e+00 1.027682209014892578e+01 2.031651973724365234e+00
-7.811470508575439453e+00 1.036397838592529297e+01 1.954565048217773438e+00
-7.789292812347412109e+00 1.043979358673095703e+01 1.881497859954833984e+00
-7.763503074645996094e+00 1.049728202819824219e+01 1.814561605453491211e+00
-7.736228466033935547e+00 1.054371643066406250e+01 1.754788994789123535e+00
-7.707593917846679688e+00 1.057715320587158203e+01 1.702084183692932129e+00
-7.678749561309814453e+00 1.059884166717529297e+01 1.656251311302185059e+00
-7.649857997894287109e+00 1.060987949371337891e+01 1.616399645805358887e+00
-7.620224952697753906e+00 1.060977554321289062e+01 1.581576347351074219e+00
-7.590463638305664062e+00 1.060016345977783203e+01 1.551240086555480957e+00
-7.560069084167480469e+00 1.058084297180175781e+01 1.523261189460754395e+00
-7.528339862823486328e+00 1.055148696899414062e+01 1.498402476310729980e+00
-7.494822025299072266e+00 1.051035118103027344e+01 1.475480794906616211e+00
-7.461023807525634766e+00 1.045724773406982422e+01 1.454132437705993652e+00
-7.426453113555908203e+00 1.038856601715087891e+01 1.434801936149597168e+00
-7.391507625579833984e+00 1.030635929107666016e+01 1.418366670608520508e+00
-7.359815597534179688e+00 1.020955944061279297e+01 1.405871272087097168e+00
-7.332633495330810547e+00 1.009638881683349609e+01 1.394952654838562012e+00
-7.311548233032226562e+00 9.972281455993652344e+00 1.385319828987121582e+00
-7.296124458312988281e+00 9.836692810058593750e+00 1.380083680152893066e+00
-7.287834167480468750e+00 9.690145492553710938e+00 1.373440980911254883e+00
-7.290160179138183594e+00 9.531344413757324219e+00 1.366127014160156250e+00
-7.295865535736083984e+00 9.370579719543457031e+00 1.357875704765319824e+00
-7.305573940277099609e+00 9.207422256469726562e+00 1.345074892044067383e+00
-7.325247764587402344e+00 9.051091194152832031e+00 1.327234983444213867e+00
-7.349398612976074219e+00 8.904694557189941406e+00 1.302979707717895508e+00
-7.377937316894531250e+00 8.769318580627441406e+00 1.271525979042053223e+00
-7.408612728118896484e+00 8.644800186157226562e+00 1.236614584922790527e+00
-7.441555976867675781e+00 8.537141799926757812e+00 1.195859313011169434e+00
-7.472159385681152344e+00 8.447147369384765625e+00 1.148371219635009766e+00
-7.508970737457275391e+00 8.364872932434082031e+00 1.100502729415893555e+00
-7.544816493988037109e+00 8.295699119567871094e+00 1.050703167915344238e+00
-7.582975387573242188e+00 8.238812446594238281e+00 9.975118041038513184e-01
-7.624492168426513672e+00 8.192893028259277344e+00 9.419873356819152832e-01
-7.667322158813476562e+00 8.154851913452148438e+00 8.851480484008789062e-01
-7.714697837829589844e+00 8.125507354736328125e+00 8.249616026878356934e-01
-7.766774177551269531e+00 8.103510856628417969e+00 7.605559825897216797e-01
-7.824278354644775391e+00 8.088994026184082031e+00 6.927394866943359375e-01
-7.888344764709472656e+00 8.080396652221679688e+00 6.213544011116027832e-01
-7.961418151855468750e+00 8.083966255187988281e+00 5.442208051681518555e-01
-8.043713569641113281e+00 8.094498634338378906e+00 4.615325927734375000e-01
-8.133930206298828125e+00 8.113722801208496094e+00 3.748714625835418701e-01
-8.233903884887695312e+00 8.141878128051757812e+00 2.834841310977935791e-01
-8.341532707214355469e+00 8.179033279418945312e+00 1.866890788078308105e-01
-8.454367637634277344e+00 8.224920272827148438e+00 8.087223023176193237e-02
-8.574684143066406250e+00 8.279201507568359375e+00 -2.544232644140720367e-02
-8.694535255432128906e+00 8.339492797851562500e+00 -1.332446187734603882e-01
-8.811504364013671875e+00 8.402538299560546875e+00 -2.413257807493209839e-01
-8.922915458679199219e+00 8.468442916870117188e+00 -3.496201038360595703e-01
-9.023737907409667969e+00 8.532936096191406250e+00 -4.525725245475769043e-01
-9.112004280090332031e+00 8.594024658203125000e+00 -5.527529716491699219e-01
-9.192394256591796875e+00 8.648520469665527344e+00 -6.468387842178344727e-01
-9.256665229797363281e+00 8.700785636901855469e+00 -7.379772663116455078e-01
-9.313307762145996094e+00 8.747837066650390625e+00 -8.222500085830688477e-01
-9.358963966369628906e+00 8.790511131286621094e+00 -9.030247330665588379e-01
-9.394073486328125000e+00 8.826492309570312500e+00 -9.794247150421142578e-01
-9.419357299804687500e+00 8.857562065124511719e+00 -1.052804350852966309e+00
-9.433537483215332031e+00 8.881398200988769531e+00 -1.120102286338806152e+00
-9.438623428344726562e+00 8.899471282958984375e+00 -1.182028412818908691e+00
-9.435004234313964844e+00 8.913120269775390625e+00 -1.240985512733459473e+00
-9.419688224792480469e+00 8.920441627502441406e+00 -1.296163201332092285e+00
-9.399024963378906250e+00 8.922327041625976562e+00 -1.347359657287597656e+00
-9.369848251342773438e+00 8.920299530029296875e+00 -1.396312713623046875e+00
-9.332042694091796875e+00 8.913619995117187500e+00 -1.442627787590026855e+00
-9.285050392150878906e+00 8.901763916015625000e+00 -1.487729191780090332e+00
-9.227384567260742188e+00 8.885009765625000000e+00 -1.530688047409057617e+00
-9.161729812622070312e+00 8.863886833190917969e+00 -1.571169972419738770e+00
-9.086900711059570312e+00 8.835634231567382812e+00 -1.607731223106384277e+00
-9.001884460449218750e+00 8.803151130676269531e+00 -1.639448046684265137e+00
-8.911179542541503906e+00 8.767449378967285156e+00 -1.667564511299133301e+00
-8.817540168762207031e+00 8.726718902587890625e+00 -1.691554784774780273e+00
-8.714388847351074219e+00 8.685461044311523438e+00 -1.712018370628356934e+00
-8.604198455810546875e+00 8.637698173522949219e+00 -1.722665786743164062e+00
-8.493007659912109375e+00 8.589567184448242188e+00 -1.731829166412353516e+00
-8.382019996643066406e+00 8.538348197937011719e+00 -1.733446240425109863e+00
-8.271326065063476562e+00 8.486500740051269531e+00 -1.730149507522583008e+00
-8.162898063659667969e+00 8.435515403747558594e+00 -1.722702860832214355e+00
-8.059601783752441406e+00 8.383980751037597656e+00 -1.713927745819091797e+00
-7.965611457824707031e+00 8.342700958251953125e+00 -1.703597784042358398e+00
-7.872877120971679688e+00 8.296517372131347656e+00 -1.686993479728698730e+00
-7.784589290618896484e+00 8.250174522399902344e+00 -1.669917106628417969e+00
-7.699644565582275391e+00 8.206606864929199219e+00 -1.650825619697570801e+00
-7.618691444396972656e+00 8.164079666137695312e+00 -1.632969021797180176e+00
-7.541775703430175781e+00 8.122292518615722656e+00 -1.614045500755310059e+00
-7.466436386108398438e+00 8.080647468566894531e+00 -1.596189022064208984e+00
-7.393365383148193359e+00 8.039507865905761719e+00 -1.580462932586669922e+00
-7.319903373718261719e+00 7.995871067047119141e+00 -1.567075371742248535e+00
-7.246485233306884766e+00 7.952375411987304688e+00 -1.557116508483886719e+00
-7.171811580657958984e+00 7.908558845520019531e+00 -1.550203084945678711e+00
-7.096548557281494141e+00 7.864503383636474609e+00 -1.549881339073181152e+00
-7.018056869506835938e+00 7.816417694091796875e+00 -1.553338170051574707e+00
-6.935390949249267578e+00 7.767190456390380859e+00 -1.554730892181396484e+00
-6.851659297943115234e+00 7.716922760009765625e+00 -1.557761669158935547e+00
-6.767135143280029297e+00 7.665333271026611328e+00 -1.566726684570312500e+00
-6.675868034362792969e+00 7.623223781585693359e+00 -1.574595332145690918e+00
-6.587180614471435547e+00 7.571467876434326172e+00 -1.586194157600402832e+00
-6.499956607818603516e+00 7.520954132080078125e+00 -1.599111676216125488e+00
-6.415679454803466797e+00 7.473280906677246094e+00 -1.610472559928894043e+00
-6.334749698638916016e+00 7.424392223358154297e+00 -1.622662782669067383e+00
-6.259711742401123047e+00 7.381815910339355469e+00 -1.649318814277648926e+00
-6.185750484466552734e+00 7.333031177520751953e+00 -1.658900022506713867e+00
-6.112787723541259766e+00 7.293022155761718750e+00 -1.672433614730834961e+00
-6.045742034912109375e+00 7.251121520996093750e+00 -1.675823092460632324e+00
-5.986642360687255859e+00 7.199533462524414062e+00 -1.667712330818176270e+00
-5.934197425842285156e+00 7.129244804382324219e+00 -1.648287653923034668e+00
-5.799980163574218750e+00 7.213621616363525391e+00 -1.648701071739196777e+00
-5.713077068328857422e+00 7.227651119232177734e+00 -1.652905344963073730e+00
-5.659945964813232422e+00 7.185771465301513672e+00 -1.639088988304138184e+00
-5.605790138244628906e+00 7.155751228332519531e+00 -1.635785818099975586e+00
-5.566951751708984375e+00 7.102467060089111328e+00 -1.623454928398132324e+00
-5.612669467926025391e+00 6.920729160308837891e+00 -1.599333643913269043e+00
-5.559805393218994141e+00 6.914941787719726562e+00 -1.612816452980041504e+00
-5.513485431671142578e+00 6.908024311065673828e+00 -1.634451985359191895e+00
-5.470395088195800781e+00 6.913121700286865234e+00 -1.664418935775756836e+00
-5.456849098205566406e+00 6.876239776611328125e+00 -1.696321249008178711e+00
-5.440934658050537109e+00 6.846665382385253906e+00 -1.736082673072814941e+00
-5.398327827453613281e+00 6.850496292114257812e+00 -1.789773344993591309e+00
-5.390023708343505859e+00 6.830539703369140625e+00 -1.852341651916503906e+00
-5.383183956146240234e+00 6.820615291595458984e+00 -1.926638841629028320e+00
-5.380808353424072266e+00 6.809641838073730469e+00 -2.008278131484985352e+00
-5.372292995452880859e+00 6.790849208831787109e+00 -2.088774442672729492e+00
-5.357261180877685547e+00 6.770193576812744141e+00 -2.165212154388427734e+00
-5.330758571624755859e+00 6.743043899536132812e+00 -2.238817930221557617e+00
-5.279368877410888672e+00 6.716857910156250000e+00 -2.307597398757934570e+00
-5.236385822296142578e+00 6.670393466949462891e+00 -2.385581970214843750e+00
-5.189703941345214844e+00 6.627490997314453125e+00 -2.466526031494140625e+00
-5.127091407775878906e+00 6.570103645324707031e+00 -2.549896717071533203e+00
-5.060338497161865234e+00 6.515664577484130859e+00 -2.636897563934326172e+00
-4.991093635559082031e+00 6.455847740173339844e+00 -2.731284141540527344e+00
-4.920372962951660156e+00 6.394554615020751953e+00 -2.828160285949707031e+00
-4.846724510192871094e+00 6.333539485931396484e+00 -2.922122478485107422e+00
-4.770827770233154297e+00 6.270559787750244141e+00 -3.015796899795532227e+00
-4.697779655456542969e+00 6.209231376647949219e+00 -3.106199979782104492e+00
-4.626724720001220703e+00 6.149600028991699219e+00 -3.192244768142700195e+00
-4.558014392852783203e+00 6.092943668365478516e+00 -3.273258447647094727e+00
-4.488053321838378906e+00 6.035682201385498047e+00 -3.351900577545166016e+00
-4.417911529541015625e+00 5.978348731994628906e+00 -3.429565906524658203e+00
-4.347158432006835938e+00 5.921586513519287109e+00 -3.505647659301757812e+00
-4.274485111236572266e+00 5.863700866699218750e+00 -3.582204580307006836e+00
-4.198488712310791016e+00 5.804050922393798828e+00 -3.659848690032958984e+00
-4.117434024810791016e+00 5.741128921508789062e+00 -3.741703271865844727e+00
-4.030337333679199219e+00 5.674412250518798828e+00 -3.828236579895019531e+00
-3.934869289398193359e+00 5.602568149566650391e+00 -3.920801162719726562e+00
-3.833575487136840820e+00 5.527886390686035156e+00 -4.017807006835937500e+00
-3.722930908203125000e+00 5.447763919830322266e+00 -4.122114181518554688e+00
-3.603112459182739258e+00 5.362711906433105469e+00 -4.233698368072509766e+00
-3.475936412811279297e+00 5.274968147277832031e+00 -4.350519180297851562e+00
-3.338530540466308594e+00 5.184157371520996094e+00 -4.473860263824462891e+00
-3.193779706954956055e+00 5.093141555786132812e+00 -4.600060462951660156e+00
-3.042810201644897461e+00 5.002985477447509766e+00 -4.727261543273925781e+00
-2.887786388397216797e+00 4.918790340423583984e+00 -4.850347042083740234e+00
-2.720699548721313477e+00 4.834765434265136719e+00 -4.976839542388916016e+00
-2.544316768646240234e+00 4.753828048706054688e+00 -5.103093624114990234e+00
-2.358671665191650391e+00 4.676686763763427734e+00 -5.228138446807861328e+00
-2.162834167480468750e+00 4.602818965911865234e+00 -5.353158473968505859e+00
-1.958805918693542480e+00 4.533459186553955078e+00 -5.478099346160888672e+00
-1.751357078552246094e+00 4.471081256866455078e+00 -5.600424289703369141e+00
-1.538620471954345703e+00 4.416050910949707031e+00 -5.721448898315429688e+00
-1.327546119689941406e+00 4.368787765502929688e+00 -5.839912891387939453e+00
-1.116067767143249512e+00 4.330077171325683594e+00 -5.954679965972900391e+00
-9.068321585655212402e-01 4.299702644348144531e+00 -6.064928054809570312e+00
-6.900006532669067383e-01 4.276142120361328125e+00 -6.174996852874755859e+00
-4.679460823535919189e-01 4.261808872222900391e+00 -6.283658504486083984e+00
-2.438242882490158081e-01 4.254546642303466797e+00 -6.387815475463867188e+00
-2.427875995635986328e-02 4.254761695861816406e+00 -6.486679553985595703e+00
1.947742700576782227e-01 4.260825634002685547e+00 -6.582625865936279297e+00
4.104842841625213623e-01 4.272178173065185547e+00 -6.674784660339355469e+00
6.167008876800537109e-01 4.292671680450439453e+00 -6.759103298187255859e+00
8.168744444847106934e-01 4.312927722930908203e+00 -6.841309547424316406e+00
9.998116493225097656e-01 4.332051277160644531e+00 -6.916233062744140625e+00
1.163977742195129395e+00 4.351973056793212891e+00 -6.982799530029296875e+00
1.313591241836547852e+00 4.373797893524169922e+00 -7.043387413024902344e+00
1.443260550498962402e+00 4.388968944549560547e+00 -7.097143173217773438e+00
1.551511526107788086e+00 4.397967815399169922e+00 -7.143675327301025391e+00
1.643540382385253906e+00 4.404066562652587891e+00 -7.184945106506347656e+00
1.727513074874877930e+00 4.409661293029785156e+00 -7.223450183868408203e+00
1.801579236984252930e+00 4.412426471710205078e+00 -7.259261608123779297e+00
1.869340777397155762e+00 4.415336132049560547e+00 -7.292707920074462891e+00
1.930484533309936523e+00 4.425601005554199219e+00 -7.320800781250000000e+00
1.985710144042968750e+00 4.436659336090087891e+00 -7.345973014831542969e+00
2.036740303039550781e+00 4.453063488006591797e+00 -7.366746425628662109e+00
2.085176706314086914e+00 4.474764823913574219e+00 -7.383562088012695312e+00
2.132345676422119141e+00 4.501782894134521484e+00 -7.395860671997070312e+00
2.176658868789672852e+00 4.538319110870361328e+00 -7.403041362762451172e+00
2.219107151031494141e+00 4.579792022705078125e+00 -7.406579017639160156e+00
2.260269403457641602e+00 4.628215789794921875e+00 -7.406820774078369141e+00
2.304520845413208008e+00 4.679095745086669922e+00 -7.408297061920166016e+00
2.348770856857299805e+00 4.735794544219970703e+00 -7.397055149078369141e+00
2.394018411636352539e+00 4.800650119781494141e+00 -7.385076522827148438e+00
2.445226907730102539e+00 4.862189292907714844e+00 -7.375984668731689453e+00
2.496345281600952148e+00 4.931205272674560547e+00 -7.363156318664550781e+00
2.549099683761596680e+00 5.003483772277832031e+00 -7.345337390899658203e+00
2.609965324401855469e+00 5.079949855804443359e+00 -7.331565856933593750e+00
2.680243492126464844e+00 5.144477367401123047e+00 -7.331610202789306641e+00
2.751917839050292969e+00 5.216129302978515625e+00 -7.321780204772949219e+00
2.819058656692504883e+00 5.292154312133789062e+00 -7.308456420898437500e+00
2.893883228302001953e+00 5.362900257110595703e+00 -7.299029827117919922e+00
2.962659358978271484e+00 5.437453269958496094e+00 -7.291369915008544922e+00
3.040854454040527344e+00 5.494296073913574219e+00 -7.282763004302978516e+00
3.110088109970092773e+00 5.561845779418945312e+00 -7.277010440826416016e+00
3.177586793899536133e+00 5.625929355621337891e+00 -7.270714759826660156e+00
3.244338035583496094e+00 5.687211990356445312e+00 -7.269266128540039062e+00
3.293814182281494141e+00 5.755719661712646484e+00 -7.221685409545898438e+00
3.349542140960693359e+00 5.813989639282226562e+00 -7.204905509948730469e+00
3.402215242385864258e+00 5.870697021484375000e+00 -7.188206195831298828e+00
3.447503805160522461e+00 5.926851749420166016e+00 -7.161264896392822266e+00
3.511888265609741211e+00 5.962977409362792969e+00 -7.172144889831542969e+00
3.571010112762451172e+00 5.986816406250000000e+00 -7.178765773773193359e+00
3.613995313644409180e+00 6.030874729156494141e+00 -7.151783943176269531e+00
3.638734817504882812e+00 6.075674533843994141e+00 -7.087586402893066406e+00
3.742085218429565430e+00 6.093001365661621094e+00 -7.220849990844726562e+00
3.814831495285034180e+00 6.107269763946533203e+00 -7.241206645965576172e+00
3.861459255218505859e+00 6.141849040985107422e+00 -7.231631278991699219e+00
3.905366182327270508e+00 6.179730415344238281e+00 -7.224016189575195312e+00
3.946801424026489258e+00 6.214295387268066406e+00 -7.208662509918212891e+00
4.011037826538085938e+00 6.209052562713623047e+00 -7.184774875640869141e+00
3.927798271179199219e+00 6.267603397369384766e+00 -6.870316982269287109e+00
3.965100765228271484e+00 6.308976650238037109e+00 -6.865828514099121094e+00
4.013406276702880859e+00 6.334858417510986328e+00 -6.854869842529296875e+00
4.129400253295898438e+00 6.398719787597656250e+00 -7.066914558410644531e+00
4.131642818450927734e+00 6.428879261016845703e+00 -6.946761131286621094e+00
4.203075408935546875e+00 6.458709716796875000e+00 -6.994763851165771484e+00
4.246332168579101562e+00 6.486170291900634766e+00 -6.968370437622070312e+00
4.293284893035888672e+00 6.501145362854003906e+00 -6.932544231414794922e+00
4.357419013977050781e+00 6.521470546722412109e+00 -6.937032699584960938e+00
4.404804706573486328e+00 6.535627365112304688e+00 -6.899120807647705078e+00
4.458813667297363281e+00 6.543026447296142578e+00 -6.863907337188720703e+00
4.515708446502685547e+00 6.547136306762695312e+00 -6.832437992095947266e+00
4.576557159423828125e+00 6.543252944946289062e+00 -6.797342300415039062e+00
4.643514633178710938e+00 6.538047790527343750e+00 -6.761538028717041016e+00
4.714148998260498047e+00 6.532746791839599609e+00 -6.724220752716064453e+00
4.789356708526611328e+00 6.526140213012695312e+00 -6.683221817016601562e+00
4.871307849884033203e+00 6.528794288635253906e+00 -6.629640579223632812e+00
4.962474346160888672e+00 6.518402099609375000e+00 -6.582945823669433594e+00
5.063167095184326172e+00 6.509702205657958984e+00 -6.529492378234863281e+00
5.174214363098144531e+00 6.500179767608642578e+00 -6.468990325927734375e+00
5.296492576599121094e+00 6.491458892822265625e+00 -6.402433872222900391e+00
5.423698425292968750e+00 6.484016418457031250e+00 -6.328196525573730469e+00
5.557046890258789062e+00 6.474726200103759766e+00 -6.248422145843505859e+00
5.690212249755859375e+00 6.466185569763183594e+00 -6.164882183074951172e+00
5.825580120086669922e+00 6.455391407012939453e+00 -6.075704574584960938e+00
5.969384670257568359e+00 6.440153598785400391e+00 -5.975729465484619141e+00
1.083027839660644531e+01 4.777791500091552734e+00 2.405842304229736328e+00
1.081528854370117188e+01 4.866423130035400391e+00 2.546462774276733398e+00
1.079389381408691406e+01 4.960363388061523438e+00 2.671075820922851562e+00
1.076740932464599609e+01 5.066530704498291016e+00 2.786977529525756836e+00
1.073827743530273438e+01 5.184557437896728516e+00 2.891238451004028320e+00
1.070542621612548828e+01 5.308175086975097656e+00 2.990230560302734375e+00
1.066930770874023438e+01 5.434597015380859375e+00 3.081789493560791016e+00
1.063141155242919922e+01 5.558693885803222656e+00 3.163148164749145508e+00
1.059346580505371094e+01 5.668883800506591797e+00 3.236606121063232422e+00
1.055470371246337891e+01 5.764564514160156250e+00 3.305727958679199219e+00
1.051814556121826172e+01 5.841353416442871094e+00 3.367747068405151367e+00
1.048382377624511719e+01 5.897146701812744141e+00 3.423548698425292969e+00
1.045319652557373047e+01 5.937242031097412109e+00 3.473191261291503906e+00
1.042568016052246094e+01 5.961896896362304688e+00 3.519898414611816406e+00
1.040193367004394531e+01 5.971712112426757812e+00 3.562994956970214844e+00
1.038201618194580078e+01 5.966245651245117188e+00 3.606495380401611328e+00
1.036596202850341797e+01 5.947606563568115234e+00 3.651311159133911133e+00
1.035359668731689453e+01 5.912914752960205078e+00 3.697212457656860352e+00
1.034569072723388672e+01 5.860499382019042969e+00 3.747017860412597656e+00
1.034114456176757812e+01 5.788702964782714844e+00 3.803340673446655273e+00
1.034323501586914062e+01 5.695536613464355469e+00 3.860369443893432617e+00
1.035181713104248047e+01 5.582109451293945312e+00 3.919223308563232422e+00
1.036392593383789062e+01 5.451596736907958984e+00 3.977178812026977539e+00
1.037741851806640625e+01 5.316570281982421875e+00 4.041384220123291016e+00
1.039339733123779297e+01 5.171869277954101562e+00 4.100384712219238281e+00
1.040563297271728516e+01 5.032479763031005859e+00 4.163822650909423828e+00
1.041623306274414062e+01 4.901480197906494141e+00 4.229495048522949219e+00
1.042221164703369141e+01 4.786083698272705078e+00 4.295139312744140625e+00
1.042512512207031250e+01 4.685647964477539062e+00 4.362097740173339844e+00
1.042361450195312500e+01 4.604439258575439453e+00 4.426767826080322266e+00
1.041917800903320312e+01 4.541553974151611328e+00 4.489760875701904297e+00
1.041208744049072266e+01 4.495565891265869141e+00 4.552620410919189453e+00
1.040150928497314453e+01 4.466805458068847656e+00 4.615237236022949219e+00
1.038789463043212891e+01 4.452114105224609375e+00 4.677709579467773438e+00
1.037177848815917969e+01 4.454159736633300781e+00 4.744083404541015625e+00
1.035243606567382812e+01 4.478620529174804688e+00 4.812410831451416016e+00
1.033021926879882812e+01 4.527627468109130859e+00 4.885926723480224609e+00
1.030434036254882812e+01 4.608473300933837891e+00 4.966073989868164062e+00
1.027240467071533203e+01 4.723620891571044922e+00 5.050520896911621094e+00
1.023161220550537109e+01 4.885188579559326172e+00 5.138739585876464844e+00
1.017091846466064453e+01 5.085209846496582031e+00 5.228799819946289062e+00
1.009143066406250000e+01 5.311274528503417969e+00 5.319183826446533203e+00
9.991070747375488281e+00 5.564851760864257812e+00 5.416672229766845703e+00
9.864705085754394531e+00 5.837231159210205078e+00 5.526871681213378906e+00
9.713596343994140625e+00 6.117477416992187500e+00 5.654246807098388672e+00
9.540833473205566406e+00 6.398164749145507812e+00 5.785593509674072266e+00
9.355605125427246094e+00 6.677500247955322266e+00 5.907191276550292969e+00
9.161669731140136719e+00 6.954376697540283203e+00 6.014361381530761719e+00
8.971723556518554688e+00 7.218869209289550781e+00 6.101458549499511719e+00
8.785676002502441406e+00 7.464914798736572266e+00 6.164326190948486328e+00
8.619690895080566406e+00 7.686258316040039062e+00 6.213400840759277344e+00
8.470074653625488281e+00 7.874194145202636719e+00 6.246317863464355469e+00
8.330781936645507812e+00 8.037519454956054688e+00 6.272994041442871094e+00
8.207832336425781250e+00 8.168042182922363281e+00 6.291005134582519531e+00
8.090213775634765625e+00 8.274457931518554688e+00 6.300911903381347656e+00
7.984421253204345703e+00 8.366524696350097656e+00 6.302011966705322266e+00
7.889172077178955078e+00 8.433096885681152344e+00 6.296723842620849609e+00
7.807860374450683594e+00 8.477716445922851562e+00 6.283027172088623047e+00
7.738963603973388672e+00 8.503121376037597656e+00 6.263030529022216797e+00
7.687340736389160156e+00 8.508753776550292969e+00 6.238218307495117188e+00
7.649420738220214844e+00 8.496186256408691406e+00 6.207778930664062500e+00
7.623422145843505859e+00 8.465117454528808594e+00 6.168924331665039062e+00
7.610863685607910156e+00 8.413311958312988281e+00 6.126383304595947266e+00
7.610927581787109375e+00 8.340788841247558594e+00 6.076845169067382812e+00
7.625065803527832031e+00 8.243569374084472656e+00 6.022072792053222656e+00
7.652938365936279297e+00 8.124530792236328125e+00 5.964873790740966797e+00
7.694845676422119141e+00 7.983331203460693359e+00 5.907027721405029297e+00
7.746511936187744141e+00 7.822110652923583984e+00 5.849090099334716797e+00
7.805249214172363281e+00 7.634411811828613281e+00 5.787330150604248047e+00
7.872489929199218750e+00 7.419961929321289062e+00 5.722501754760742188e+00
7.946413040161132812e+00 7.183696746826171875e+00 5.656612396240234375e+00
8.030201911926269531e+00 6.918482780456542969e+00 5.585856437683105469e+00
8.123841285705566406e+00 6.640605926513671875e+00 5.514413356781005859e+00
8.229310035705566406e+00 6.357739925384521484e+00 5.445958614349365234e+00
8.340716361999511719e+00 6.072816371917724609e+00 5.386770248413085938e+00
8.457871437072753906e+00 5.793469905853271484e+00 5.343513011932373047e+00
8.584043502807617188e+00 5.513453483581542969e+00 5.318388462066650391e+00
8.718605041503906250e+00 5.238308906555175781e+00 5.318729400634765625e+00
8.855263710021972656e+00 4.978552341461181641e+00 5.335579872131347656e+00
8.992232322692871094e+00 4.743396282196044922e+00 5.373048305511474609e+00
9.122645378112792969e+00 4.536072254180908203e+00 5.420891761779785156e+00
9.251401901245117188e+00 4.363879680633544922e+00 5.482589244842529297e+00
9.364832878112792969e+00 4.224861145019531250e+00 5.550026893615722656e+00
9.464802742004394531e+00 4.121742248535156250e+00 5.619162082672119141e+00
9.546366691589355469e+00 4.054248809814453125e+00 5.687083721160888672e+00
9.619042396545410156e+00 4.011457443237304688e+00 5.756391048431396484e+00
9.682368278503417969e+00 3.998582124710083008e+00 5.825953483581542969e+00
9.743830680847167969e+00 4.010880470275878906e+00 5.895557403564453125e+00
9.795593261718750000e+00 4.050998210906982422e+00 5.964975833892822266e+00
9.841768264770507812e+00 4.112068653106689453e+00 6.035794258117675781e+00
9.881713867187500000e+00 4.195655345916748047e+00 6.107669353485107422e+00
9.913380622863769531e+00 4.303723812103271484e+00 6.180520534515380859e+00
9.935930252075195312e+00 4.436850547790527344e+00 6.254224777221679688e+00
9.949984550476074219e+00 4.599013328552246094e+00 6.330443859100341797e+00
9.944911956787109375e+00 4.789776325225830078e+00 6.402474403381347656e+00
9.924402236938476562e+00 5.006723880767822266e+00 6.475109577178955078e+00
9.881148338317871094e+00 5.252675533294677734e+00 6.543231010437011719e+00
9.814940452575683594e+00 5.522199630737304688e+00 6.606024742126464844e+00
9.724272727966308594e+00 5.804841995239257812e+00 6.662156581878662109e+00
9.608583450317382812e+00 6.091747283935546875e+00 6.717709064483642578e+00
9.471025466918945312e+00 6.373847961425781250e+00 6.771779537200927734e+00
9.313838005065917969e+00 6.648812770843505859e+00 6.826315879821777344e+00
9.133646965026855469e+00 6.915872573852539062e+00 6.882697582244873047e+00
8.938863754272460938e+00 7.165091991424560547e+00 6.940585613250732422e+00
8.723997116088867188e+00 7.398161411285400391e+00 6.998675346374511719e+00
8.495128631591796875e+00 7.611109733581542969e+00 7.053758621215820312e+00
8.252517700195312500e+00 7.799612998962402344e+00 7.097890377044677734e+00
7.999155521392822266e+00 7.963246345520019531e+00 7.125346660614013672e+00
7.755039691925048828e+00 8.105857849121093750e+00 7.127047538757324219e+00
7.533317089080810547e+00 8.216857910156250000e+00 7.103016853332519531e+00
7.339047908782958984e+00 8.301576614379882812e+00 7.063908576965332031e+00
7.164699554443359375e+00 8.363636016845703125e+00 7.015104770660400391e+00
7.016664028167724609e+00 8.398880958557128906e+00 6.966010570526123047e+00
6.889397621154785156e+00 8.413230895996093750e+00 6.921981811523437500e+00
6.780375003814697266e+00 8.405501365661621094e+00 6.884266376495361328e+00
6.684268474578857422e+00 8.385958671569824219e+00 6.850225925445556641e+00
6.600232124328613281e+00 8.355811119079589844e+00 6.818238735198974609e+00
6.525456905364990234e+00 8.317461013793945312e+00 6.787289142608642578e+00
6.461462020874023438e+00 8.262907028198242188e+00 6.755657672882080078e+00
6.407924175262451172e+00 8.197983741760253906e+00 6.722394466400146484e+00
6.361085891723632812e+00 8.124534606933593750e+00 6.682492733001708984e+00
6.321829319000244141e+00 8.037962913513183594e+00 6.640594482421875000e+00
6.292970180511474609e+00 7.939147949218750000e+00 6.592130184173583984e+00
6.276687145233154297e+00 7.827529430389404297e+00 6.536495208740234375e+00
6.273998260498046875e+00 7.701554298400878906e+00 6.469976425170898438e+00
6.291417598724365234e+00 7.561774730682373047e+00 6.393094062805175781e+00
6.334740638732910156e+00 7.402560710906982422e+00 6.304053783416748047e+00
6.403660774230957031e+00 7.224259853363037109e+00 6.207500457763671875e+00
6.495951652526855469e+00 7.025561809539794922e+00 6.105811595916748047e+00
6.607794761657714844e+00 6.810448646545410156e+00 6.003210544586181641e+00
6.734886646270751953e+00 6.580668926239013672e+00 5.897441387176513672e+00
6.869709014892578125e+00 6.344930648803710938e+00 5.797200202941894531e+00
7.010234832763671875e+00 6.106335163116455078e+00 5.700584411621093750e+00
7.147486209869384766e+00 5.861847400665283203e+00 5.608937263488769531e+00
7.287276744842529297e+00 5.608435153961181641e+00 5.526543617248535156e+00
7.417927742004394531e+00 5.350682735443115234e+00 5.458750724792480469e+00
7.544506072998046875e+00 5.087008476257324219e+00 5.408881664276123047e+00
7.665668964385986328e+00 4.822081089019775391e+00 5.381358146667480469e+00
7.782266616821289062e+00 4.553418159484863281e+00 5.374918460845947266e+00
7.891142845153808594e+00 4.291467189788818359e+00 5.390766620635986328e+00
7.995550632476806641e+00 4.033083915710449219e+00 5.426026821136474609e+00
8.092189788818359375e+00 3.784516811370849609e+00 5.478527069091796875e+00
8.173894882202148438e+00 3.556368350982666016e+00 5.542296886444091797e+00
8.242075920104980469e+00 3.348136425018310547e+00 5.614661216735839844e+00
8.295123100280761719e+00 3.165329694747924805e+00 5.688358783721923828e+00
8.336557388305664062e+00 3.001015186309814453e+00 5.765035629272460938e+00
8.364329338073730469e+00 2.864233493804931641e+00 5.838635444641113281e+00
8.387632369995117188e+00 2.747312545776367188e+00 5.913302421569824219e+00
8.406300544738769531e+00 2.652238845825195312e+00 5.987899780273437500e+00
8.422348022460937500e+00 2.579656600952148438e+00 6.059586048126220703e+00
8.439224243164062500e+00 2.526039123535156250e+00 6.129065036773681641e+00
8.454274177551269531e+00 2.498244762420654297e+00 6.196123600006103516e+00
8.471078872680664062e+00 2.486496925354003906e+00 6.258774280548095703e+00
8.489535331726074219e+00 2.492717981338500977e+00 6.320069313049316406e+00
8.509520530700683594e+00 2.515819549560546875e+00 6.382376670837402344e+00
8.529861450195312500e+00 2.558056592941284180e+00 6.445391178131103516e+00
8.548766136169433594e+00 2.620213747024536133e+00 6.512321949005126953e+00
8.565536499023437500e+00 2.699073553085327148e+00 6.581342697143554688e+00
8.576756477355957031e+00 2.796872377395629883e+00 6.651576519012451172e+00
8.580316543579101562e+00 2.908950328826904297e+00 6.725703716278076172e+00
8.572792053222656250e+00 3.042174577713012695e+00 6.801387310028076172e+00
8.553190231323242188e+00 3.197169780731201172e+00 6.883154392242431641e+00
8.519968032836914062e+00 3.374922037124633789e+00 6.962432384490966797e+00
8.469916343688964844e+00 3.575095176696777344e+00 7.040433883666992188e+00
8.403583526611328125e+00 3.794675350189208984e+00 7.111517429351806641e+00
8.325191497802734375e+00 4.036409378051757812e+00 7.175468444824218750e+00
8.230007171630859375e+00 4.299281120300292969e+00 7.225622653961181641e+00
8.124732017517089844e+00 4.557723045349121094e+00 7.258813381195068359e+00
8.001025199890136719e+00 4.821265220642089844e+00 7.276138305664062500e+00
7.863704681396484375e+00 5.075948238372802734e+00 7.278695106506347656e+00
7.712350845336914062e+00 5.319471836090087891e+00 7.270805358886718750e+00
7.546096324920654297e+00 5.544385910034179688e+00 7.254011631011962891e+00
7.362481594085693359e+00 5.758301258087158203e+00 7.230081558227539062e+00
7.163197517395019531e+00 5.954349040985107422e+00 7.199967861175537109e+00
6.952470302581787109e+00 6.133905887603759766e+00 7.167609691619873047e+00
6.735821723937988281e+00 6.294184207916259766e+00 7.128380775451660156e+00
6.513579368591308594e+00 6.433856964111328125e+00 7.083432197570800781e+00
6.293612480163574219e+00 6.552292823791503906e+00 7.031664371490478516e+00
6.081658363342285156e+00 6.646299362182617188e+00 6.971927642822265625e+00
5.886459827423095703e+00 6.713763713836669922e+00 6.906515598297119141e+00
5.707434177398681641e+00 6.753541946411132812e+00 6.837553977966308594e+00
5.548435211181640625e+00 6.760277271270751953e+00 6.768244266510009766e+00
5.407432556152343750e+00 6.744322776794433594e+00 6.704507350921630859e+00
5.283689975738525391e+00 6.708718776702880859e+00 6.647343635559082031e+00
5.175538539886474609e+00 6.661422729492187500e+00 6.595229625701904297e+00
5.082707405090332031e+00 6.607981204986572266e+00 6.547807693481445312e+00
5.004616260528564453e+00 6.549713611602783203e+00 6.503278255462646484e+00
4.940149307250976562e+00 6.489373683929443359e+00 6.460670471191406250e+00
4.885740280151367188e+00 6.428138732910156250e+00 6.418665409088134766e+00
4.846676349639892578e+00 6.362690925598144531e+00 6.378193378448486328e+00
4.816017150878906250e+00 6.296288013458251953e+00 6.339857101440429688e+00
4.795253753662109375e+00 6.224749088287353516e+00 6.299526214599609375e+00
4.783238887786865234e+00 6.149464130401611328e+00 6.259221553802490234e+00
4.780070781707763672e+00 6.067440986633300781e+00 6.216321468353271484e+00
4.787932872772216797e+00 5.975794792175292969e+00 6.170641899108886719e+00
4.803739070892333984e+00 5.876180648803710938e+00 6.121786117553710938e+00
4.833579540252685547e+00 5.764832019805908203e+00 6.067918300628662109e+00
4.872946262359619141e+00 5.642635345458984375e+00 6.009522914886474609e+00
4.922111511230468750e+00 5.508085250854492188e+00 5.944540023803710938e+00
4.983217239379882812e+00 5.364300727844238281e+00 5.875894069671630859e+00
5.057080745697021484e+00 5.211171150207519531e+00 5.804469585418701172e+00
5.140360832214355469e+00 5.050047397613525391e+00 5.728982925415039062e+00
5.235045433044433594e+00 4.883290767669677734e+00 5.652346611022949219e+00
5.339925765991210938e+00 4.712018966674804688e+00 5.577301502227783203e+00
5.453598499298095703e+00 4.540214061737060547e+00 5.506182670593261719e+00
5.572545051574707031e+00 4.368106842041015625e+00 5.440611839294433594e+00
5.692988872528076172e+00 4.198450088500976562e+00 5.383314609527587891e+00
5.813102722167968750e+00 4.028619766235351562e+00 5.332616329193115234e+00
5.933401584625244141e+00 3.859193325042724609e+00 5.291370868682861328e+00
6.054160118103027344e+00 3.688714742660522461e+00 5.258871555328369141e+00
6.170726299285888672e+00 3.524150609970092773e+00 5.237128734588623047e+00
6.284175395965576172e+00 3.360228776931762695e+00 5.225421905517578125e+00
6.393635272979736328e+00 3.198869466781616211e+00 5.222030162811279297e+00
6.499640464782714844e+00 3.044521570205688477e+00 5.226423263549804688e+00
6.599554061889648438e+00 2.893886804580688477e+00 5.242084980010986328e+00
6.694365024566650391e+00 2.750501394271850586e+00 5.262370586395263672e+00
6.783758640289306641e+00 2.615664482116699219e+00 5.287769794464111328e+00
6.863518714904785156e+00 2.488943338394165039e+00 5.317044258117675781e+00
6.940654754638671875e+00 2.367648601531982422e+00 5.350073337554931641e+00
7.009125709533691406e+00 2.254776954650878906e+00 5.385804176330566406e+00
7.066140174865722656e+00 2.148233175277709961e+00 5.424880027770996094e+00
7.118406772613525391e+00 2.049779415130615234e+00 5.461003780364990234e+00
7.168473720550537109e+00 1.951319575309753418e+00 5.499491691589355469e+00
7.208250999450683594e+00 1.864645481109619141e+00 5.532599925994873047e+00
7.244349479675292969e+00 1.773201107978820801e+00 5.567521095275878906e+00
7.271633625030517578e+00 1.684411168098449707e+00 5.601487159729003906e+00
7.288748741149902344e+00 1.595139861106872559e+00 5.629899501800537109e+00
7.302533149719238281e+00 1.505683422088623047e+00 5.658874988555908203e+00
7.318364143371582031e+00 1.418746709823608398e+00 5.680528163909912109e+00
7.315617084503173828e+00 1.332170486450195312e+00 5.700732707977294922e+00
7.312462806701660156e+00 1.242193460464477539e+00 5.717764854431152344e+00
7.298123836517333984e+00 1.157010197639465332e+00 5.732974052429199219e+00
7.275949478149414062e+00 1.073382139205932617e+00 5.741825103759765625e+00
7.252132892608642578e+00 9.918179512023925781e-01 5.746497631072998047e+00
7.223974704742431641e+00 9.119620323181152344e-01 5.748826503753662109e+00
7.195449829101562500e+00 8.322815895080566406e-01 5.750628948211669922e+00
7.160009860992431641e+00 7.526071667671203613e-01 5.752725601196289062e+00
7.130017757415771484e+00 6.765533685684204102e-01 5.752513408660888672e+00
7.091675758361816406e+00 6.041971445083618164e-01 5.744569778442382812e+00
7.058810710906982422e+00 5.306047797203063965e-01 5.740200042724609375e+00
7.016372203826904297e+00 4.604780375957489014e-01 5.736987113952636719e+00
6.981889724731445312e+00 3.902981281280517578e-01 5.735171318054199219e+00
6.944942951202392578e+00 3.230572044849395752e-01 5.731379508972167969e+00
6.907974243164062500e+00 2.581771314144134521e-01 5.729024410247802734e+00
6.871977329254150391e+00 1.947100013494491577e-01 5.721061706542968750e+00
6.834880352020263672e+00 1.326880604028701782e-01 5.716183185577392578e+00
6.798967838287353516e+00 7.251664251089096069e-02 5.712866306304931641e+00
6.760410785675048828e+00 1.485059037804603577e-02 5.707480907440185547e+00
6.724054813385009766e+00 -4.079088941216468811e-02 5.699845790863037109e+00
6.681486129760742188e+00 -9.832955896854400635e-02 5.691709518432617188e+00
6.643950939178466797e+00 -1.530959159135818481e-01 5.685900211334228516e+00
6.600327491760253906e+00 -2.018045783042907715e-01 5.673423290252685547e+00
6.557292461395263672e+00 -2.530103325843811035e-01 5.659811496734619141e+00
6.510334968566894531e+00 -3.008697628974914551e-01 5.646558284759521484e+00
6.462484359741210938e+00 -3.482236564159393311e-01 5.632775306701660156e+00
6.411758422851562500e+00 -3.957032263278961182e-01 5.615580558776855469e+00
6.358476638793945312e+00 -4.449982941150665283e-01 5.598654270172119141e+00
6.298964977264404297e+00 -4.969947040081024170e-01 5.578881740570068359e+00
6.235248088836669922e+00 -5.512367486953735352e-01 5.556533813476562500e+00
6.163983345031738281e+00 -6.088330745697021484e-01 5.533842086791992188e+00
6.089035034179687500e+00 -6.734462380409240723e-01 5.506855964660644531e+00
6.009006977081298828e+00 -7.425623536109924316e-01 5.477447986602783203e+00
5.916227817535400391e+00 -8.231084346771240234e-01 5.444014072418212891e+00
5.813971996307373047e+00 -9.052262306213378906e-01 5.406922340393066406e+00
5.700602054595947266e+00 -9.970542192459106445e-01 5.364087581634521484e+00
5.575320720672607422e+00 -1.097491502761840820e+00 5.316939830780029297e+00
5.437085628509521484e+00 -1.203528881072998047e+00 5.267201423645019531e+00
5.299613475799560547e+00 -1.311832904815673828e+00 5.216669559478759766e+00
5.141395092010498047e+00 -1.429623007774353027e+00 5.158057212829589844e+00
4.976718902587890625e+00 -1.549440145492553711e+00 5.097877979278564453e+00
4.804606914520263672e+00 -1.671053886413574219e+00 5.036476612091064453e+00
4.627898693084716797e+00 -1.792093992233276367e+00 4.976572036743164062e+00
4.444148540496826172e+00 -1.911554813385009766e+00 4.918257236480712891e+00
4.258171081542968750e+00 -2.025971889495849609e+00 4.864679813385009766e+00
4.063513755798339844e+00 -2.138232707977294922e+00 4.816913604736328125e+00
3.867777347564697266e+00 -2.242528200149536133e+00 4.777368068695068359e+00
3.669124364852905273e+00 -2.339271545410156250e+00 4.748474597930908203e+00
3.467094898223876953e+00 -2.427739858627319336e+00 4.730916023254394531e+00
3.265099525451660156e+00 -2.506489038467407227e+00 4.725875377655029297e+00
3.067319393157958984e+00 -2.573148727416992188e+00 4.732936859130859375e+00
2.870874166488647461e+00 -2.627013444900512695e+00 4.755050659179687500e+00
2.675297737121582031e+00 -2.669030427932739258e+00 4.791626453399658203e+00
2.484528064727783203e+00 -2.697754859924316406e+00 4.842217445373535156e+00
2.296833276748657227e+00 -2.714354753494262695e+00 4.906380653381347656e+00
2.121264219284057617e+00 -2.720984697341918945e+00 4.977811336517333984e+00
1.946269869804382324e+00 -2.718599081039428711e+00 5.059443950653076172e+00
1.777018785476684570e+00 -2.708218336105346680e+00 5.146222591400146484e+00
1.615996122360229492e+00 -2.692408323287963867e+00 5.235330104827880859e+00
1.461272239685058594e+00 -2.671460151672363281e+00 5.326340675354003906e+00
1.316077947616577148e+00 -2.648462057113647461e+00 5.416241645812988281e+00
1.183513879776000977e+00 -2.624273061752319336e+00 5.502567768096923828e+00
1.052234530448913574e+00 -2.598034381866455078e+00 5.586780071258544922e+00
9.265152812004089355e-01 -2.570211410522460938e+00 5.671635627746582031e+00
8.059562444686889648e-01 -2.541632652282714844e+00 5.754768371582031250e+00
6.896659135818481445e-01 -2.512842178344726562e+00 5.836234092712402344e+00
5.775273442268371582e-01 -2.483935594558715820e+00 5.915043830871582031e+00
4.752391278743743896e-01 -2.456247091293334961e+00 5.988822460174560547e+00
3.707596063613891602e-01 -2.426486253738403320e+00 6.064476966857910156e+00
2.681240141391754150e-01 -2.396819829940795898e+00 6.139702320098876953e+00
1.688251346349716187e-01 -2.367673635482788086e+00 6.213099956512451172e+00
7.109698653221130371e-02 -2.338000059127807617e+00 6.285525798797607422e+00
-2.428951300680637360e-02 -2.308787822723388672e+00 6.356847763061523438e+00
-1.164589598774909973e-01 -2.280240058898925781e+00 6.424026966094970703e+00
-2.086194604635238647e-01 -2.252220153808593750e+00 6.493611335754394531e+00
-2.989173531532287598e-01 -2.228084087371826172e+00 6.561385631561279297e+00
-3.836096823215484619e-01 -2.199283599853515625e+00 6.625414371490478516e+00
-4.680590927600860596e-01 -2.173375368118286133e+00 6.688388347625732422e+00
-5.514076948165893555e-01 -2.148823022842407227e+00 6.753089427947998047e+00
-6.336551308631896973e-01 -2.124065399169921875e+00 6.815052986145019531e+00
-7.147905230522155762e-01 -2.101019859313964844e+00 6.877369880676269531e+00
-7.960623502731323242e-01 -2.077919244766235352e+00 6.936547279357910156e+00
-8.757735490798950195e-01 -2.056796312332153320e+00 6.993209362030029297e+00
-9.514071345329284668e-01 -2.037801742553710938e+00 7.048441410064697266e+00
-1.030799031257629395e+00 -2.000916481018066406e+00 7.096401214599609375e+00
-1.095860838890075684e+00 -1.977912545204162598e+00 7.159302711486816406e+00
-1.165994882583618164e+00 -1.956872701644897461e+00 7.213765144348144531e+00
-1.236313581466674805e+00 -1.946290731430053711e+00 7.263110160827636719e+00
-1.307701706886291504e+00 -1.943384885787963867e+00 7.314637184143066406e+00
-1.374526739120483398e+00 -1.961338400840759277e+00 7.371714591979980469e+00
-1.439414978027343750e+00 -1.973025083541870117e+00 7.420928478240966797e+00
-1.475389480590820312e+00 -1.985866785049438477e+00 7.498691558837890625e+00
-1.595052957534790039e+00 -1.945489645004272461e+00 7.438884258270263672e+00
-1.684007048606872559e+00 -1.810967922210693359e+00 7.378820896148681641e+00
-1.492126584053039551e+00 -1.866686940193176270e+00 7.745430946350097656e+00
-1.738030910491943359e+00 -1.656569480895996094e+00 7.440327167510986328e+00
-1.749687790870666504e+00 -1.591566443443298340e+00 7.491055965423583984e+00
-1.765225529670715332e+00 -1.542947888374328613e+00 7.546985626220703125e+00
-1.708793997764587402e+00 -1.512781143188476562e+00 7.705060958862304688e+00
-1.742326140403747559e+00 -1.497152209281921387e+00 7.746079921722412109e+00
-1.681310296058654785e+00 -1.643692612648010254e+00 7.950707435607910156e+00
-1.787173151969909668e+00 -1.507439374923706055e+00 7.870151996612548828e+00
-1.830571293830871582e+00 -1.509461760520935059e+00 7.899191379547119141e+00
-1.932235479354858398e+00 -1.480569124221801758e+00 7.835129737854003906e+00
-1.864909529685974121e+00 -1.693743944168090820e+00 8.066774368286132812e+00
-1.920014262199401855e+00 -1.752893805503845215e+00 8.090288162231445312e+00
-1.988169789314270020e+00 -1.822622299194335938e+00 8.093581199645996094e+00
-2.082831144332885742e+00 -1.903411865234375000e+00 8.056902885437011719e+00
-2.184848785400390625e+00 -1.937462449073791504e+00 8.006010055541992188e+00
-2.343712329864501953e+00 -1.645659089088439941e+00 7.869790077209472656e+00
-2.419457674026489258e+00 -1.742921352386474609e+00 7.887265682220458984e+00
-2.465706825256347656e+00 -1.838818311691284180e+00 7.954875946044921875e+00
-2.536118268966674805e+00 -1.785933017730712891e+00 7.997768402099609375e+00
-2.587831258773803711e+00 -1.809508323669433594e+00 8.063011169433593750e+00
-2.607179164886474609e+00 -1.632628083229064941e+00 8.210792541503906250e+00
-2.714054584503173828e+00 -1.695629954338073730e+00 8.191205024719238281e+00
-2.768602132797241211e+00 -1.840931296348571777e+00 8.272539138793945312e+00
-2.826714992523193359e+00 -1.805442690849304199e+00 8.336598396301269531e+00
-2.879507064819335938e+00 -1.797098278999328613e+00 8.413397789001464844e+00
-2.946610927581787109e+00 -1.822028636932373047e+00 8.454978942871093750e+00
-3.031332015991210938e+00 -1.852254033088684082e+00 8.454090118408203125e+00
-3.084560871124267578e+00 -1.838280200958251953e+00 8.512057304382324219e+00
-3.143417358398437500e+00 -1.843364834785461426e+00 8.557597160339355469e+00
-3.197147369384765625e+00 -1.830924630165100098e+00 8.608995437622070312e+00
-3.249518394470214844e+00 -1.792971611022949219e+00 8.655001640319824219e+00
-3.299751996994018555e+00 -1.692297577857971191e+00 8.690157890319824219e+00
-3.365084409713745117e+00 -1.654809951782226562e+00 8.701737403869628906e+00
-3.428828716278076172e+00 -1.680016160011291504e+00 8.728129386901855469e+00
-3.502965927124023438e+00 -1.712537169456481934e+00 8.732789993286132812e+00
-3.578247547149658203e+00 -1.716573953628540039e+00 8.734817504882812500e+00
-3.646920680999755859e+00 -1.698672294616699219e+00 8.750617980957031250e+00
-3.726516485214233398e+00 -1.688615202903747559e+00 8.724409103393554688e+00
-3.805638551712036133e+00 -1.678321123123168945e+00 8.716735839843750000e+00
-3.882532596588134766e+00 -1.667656064033508301e+00 8.715785026550292969e+00
-3.959478616714477539e+00 -1.651800632476806641e+00 8.721431732177734375e+00
-4.034733295440673828e+00 -1.640376448631286621e+00 8.759564399719238281e+00
-4.115513324737548828e+00 -1.625386834144592285e+00 8.757838249206542969e+00
-4.195402145385742188e+00 -1.612207651138305664e+00 8.754904747009277344e+00
-4.276123523712158203e+00 -1.600476980209350586e+00 8.759751319885253906e+00
-4.357850551605224609e+00 -1.588336586952209473e+00 8.767690658569335938e+00
-4.439492702484130859e+00 -1.580750226974487305e+00 8.768198966979980469e+00
-4.521749496459960938e+00 -1.568836212158203125e+00 8.771839141845703125e+00
-4.605082511901855469e+00 -1.557174921035766602e+00 8.776705741882324219e+00
-4.684904098510742188e+00 -1.545220971107482910e+00 8.779609680175781250e+00
-4.769901752471923828e+00 -1.532768487930297852e+00 8.782964706420898438e+00
-4.856039047241210938e+00 -1.520957231521606445e+00 8.782416343688964844e+00
-4.946790218353271484e+00 -1.507865071296691895e+00 8.780784606933593750e+00
-5.037072658538818359e+00 -1.492449402809143066e+00 8.779993057250976562e+00
-5.132054328918457031e+00 -1.478945612907409668e+00 8.780144691467285156e+00
-5.233477115631103516e+00 -1.464852333068847656e+00 8.777299880981445312e+00
-5.340261459350585938e+00 -1.449581503868103027e+00 8.776268959045410156e+00
-5.445060253143310547e+00 -1.436069130897521973e+00 8.768599510192871094e+00
-5.557620525360107422e+00 -1.419693827629089355e+00 8.761306762695312500e+00
-5.675880432128906250e+00 -1.402702331542968750e+00 8.753992080688476562e+00
-5.796149730682373047e+00 -1.385324716567993164e+00 8.743774414062500000e+00
-5.919372081756591797e+00 -1.367787599563598633e+00 8.734366416931152344e+00
-6.040098667144775391e+00 -1.349564433097839355e+00 8.724724769592285156e+00
-6.162094116210937500e+00 -1.331589460372924805e+00 8.709085464477539062e+00
-6.277321338653564453e+00 -1.319320797920227051e+00 8.699278831481933594e+00
-6.391860008239746094e+00 -1.302556395530700684e+00 8.686103820800781250e+00
-6.501146793365478516e+00 -1.286137819290161133e+00 8.672248840332031250e+00
-6.604319572448730469e+00 -1.272143959999084473e+00 8.657460212707519531e+00
-6.702865123748779297e+00 -1.256491065025329590e+00 8.644442558288574219e+00
-6.793405532836914062e+00 -1.244972944259643555e+00 8.629770278930664062e+00
-6.882536888122558594e+00 -1.230223774909973145e+00 8.616476058959960938e+00
-6.966403484344482422e+00 -1.215530872344970703e+00 8.603841781616210938e+00
-7.050957202911376953e+00 -1.211679816246032715e+00 8.590614318847656250e+00
-7.129754543304443359e+00 -1.198652863502502441e+00 8.577764511108398438e+00
-7.207234382629394531e+00 -1.197353124618530273e+00 8.560649871826171875e+00
-7.284288883209228516e+00 -1.192076325416564941e+00 8.546357154846191406e+00
-7.359030723571777344e+00 -1.185704827308654785e+00 8.529855728149414062e+00
-7.432668685913085938e+00 -1.182176828384399414e+00 8.512845993041992188e+00
-7.510166168212890625e+00 -1.187430381774902344e+00 8.495820045471191406e+00
-7.593059062957763672e+00 -1.204656839370727539e+00 8.482487678527832031e+00
-7.656248569488525391e+00 -1.098896265029907227e+00 8.471283912658691406e+00
-7.716168880462646484e+00 -1.026419162750244141e+00 8.436993598937988281e+00
-7.744350433349609375e+00 -1.063539028167724609e+00 8.237190246582031250e+00
-7.831331253051757812e+00 -1.184228301048278809e+00 8.198602676391601562e+00
-7.892979621887207031e+00 -1.113424897193908691e+00 8.169948577880859375e+00
-7.984684467315673828e+00 -1.206415414810180664e+00 8.168888092041015625e+00
-8.028724670410156250e+00 -8.992509841918945312e-01 8.210785865783691406e+00
-8.102584838867187500e+00 -8.550783395767211914e-01 8.244903564453125000e+00
-8.239484786987304688e+00 -1.264098167419433594e+00 8.253791809082031250e+00
-8.320720672607421875e+00 -1.216309428215026855e+00 8.306633949279785156e+00
-8.393973350524902344e+00 -1.207837104797363281e+00 8.317298889160156250e+00
-8.462378501892089844e+00 -1.162389039993286133e+00 8.336688995361328125e+00
-8.464029312133789062e+00 -8.369062542915344238e-01 8.307241439819335938e+00
-8.529584884643554688e+00 -8.495200276374816895e-01 8.303170204162597656e+00
-8.581718444824218750e+00 -8.429583907127380371e-01 8.278915405273437500e+00
-8.634837150573730469e+00 -8.426708579063415527e-01 8.257919311523437500e+00
-8.728589057922363281e+00 -1.088434576988220215e+00 8.237075805664062500e+00
-8.768043518066406250e+00 -1.096291899681091309e+00 8.188979148864746094e+00
-8.801075935363769531e+00 -1.123137712478637695e+00 8.127200126647949219e+00
-8.751479148864746094e+00 -7.682169675827026367e-01 8.022789955139160156e+00
-8.758586883544921875e+00 -7.587577700614929199e-01 7.932043075561523438e+00
-8.762815475463867188e+00 -7.765937447547912598e-01 7.830039501190185547e+00
-8.869982719421386719e+00 -1.134269356727600098e+00 7.804018020629882812e+00
-8.825598716735839844e+00 -9.435087442398071289e-01 7.671777725219726562e+00
-8.940809249877929688e+00 -1.074990749359130859e+00 7.693288803100585938e+00
-8.965797424316406250e+00 -1.004024863243103027e+00 7.618421077728271484e+00
-9.018169403076171875e+00 -9.463621973991394043e-01 7.571390628814697266e+00
-9.138834953308105469e+00 -9.004485011100769043e-01 7.598114967346191406e+00
-9.211059570312500000e+00 -8.872984051704406738e-01 7.564103603363037109e+00
-9.274558067321777344e+00 -8.880895376205444336e-01 7.511464595794677734e+00
-9.335919380187988281e+00 -8.852013945579528809e-01 7.457591056823730469e+00
-9.392028808593750000e+00 -8.771827220916748047e-01 7.401126861572265625e+00
-9.448263168334960938e+00 -8.665124773979187012e-01 7.346531867980957031e+00
-9.500670433044433594e+00 -8.515921831130981445e-01 7.287508964538574219e+00
-9.568329811096191406e+00 -8.607418537139892578e-01 7.246895313262939453e+00
-9.625209808349609375e+00 -8.495860695838928223e-01 7.191401481628417969e+00
-9.681826591491699219e+00 -8.382146954536437988e-01 7.136674404144287109e+00
-9.738966941833496094e+00 -8.262194395065307617e-01 7.080772876739501953e+00
-9.797492027282714844e+00 -8.185615539550781250e-01 7.035363197326660156e+00
-9.857608795166015625e+00 -8.093229532241821289e-01 6.977215290069580078e+00
-9.920153617858886719e+00 -8.002361655235290527e-01 6.916258811950683594e+00
-9.985013008117675781e+00 -7.933842539787292480e-01 6.852747917175292969e+00
-1.005374145507812500e+01 -7.828063964843750000e-01 6.786403656005859375e+00
-1.012517738342285156e+01 -7.723281979560852051e-01 6.716852188110351562e+00
-1.020004272460937500e+01 -7.616186141967773438e-01 6.644059658050537109e+00
-1.027719020843505859e+01 -7.498632669448852539e-01 6.566294670104980469e+00
-1.035706996917724609e+01 -7.421532273292541504e-01 6.487046718597412109e+00
-1.044021320343017578e+01 -7.296633720397949219e-01 6.405259609222412109e+00
-1.052425098419189453e+01 -7.174846529960632324e-01 6.323147773742675781e+00
-1.061120033264160156e+01 -7.062212824821472168e-01 6.240303993225097656e+00
-1.069724273681640625e+01 -6.952071189880371094e-01 6.163752079010009766e+00
-1.077885627746582031e+01 -6.849434375762939453e-01 6.086941719055175781e+00
-1.086005306243896484e+01 -6.760711669921875000e-01 6.015317916870117188e+00
-1.093391418457031250e+01 -6.674135923385620117e-01 5.947517871856689453e+00
-1.100734138488769531e+01 -6.605926752090454102e-01 5.889527797698974609e+00
-1.107701873779296875e+01 -6.558940410614013672e-01 5.841285228729248047e+00
-1.114449214935302734e+01 -6.515762805938720703e-01 5.794491291046142578e+00
-1.121089935302734375e+01 -6.483744382858276367e-01 5.755171298980712891e+00
-1.127598190307617188e+01 -6.460230350494384766e-01 5.719642162322998047e+00
-1.133710670471191406e+01 -6.435418725013732910e-01 5.687872409820556641e+00
-1.139355373382568359e+01 -6.408339142799377441e-01 5.658561229705810547e+00
-1.144374370574951172e+01 -6.379709243774414062e-01 5.624105453491210938e+00
-1.148615169525146484e+01 -6.317602396011352539e-01 5.585876464843750000e+00
-1.152194499969482422e+01 -6.215069293975830078e-01 5.548609256744384766e+00
-1.155437660217285156e+01 -6.131201982498168945e-01 5.506464004516601562e+00
-1.158111858367919922e+01 -6.024857759475708008e-01 5.455181121826171875e+00
-1.160019779205322266e+01 -5.911549925804138184e-01 5.400063037872314453e+00
-1.161688613891601562e+01 -5.792123079299926758e-01 5.339258193969726562e+00
-1.162731838226318359e+01 -5.649647712707519531e-01 5.272601127624511719e+00
-1.163730525970458984e+01 -5.503140687942504883e-01 5.200996875762939453e+00
-1.164542007446289062e+01 -5.357455611228942871e-01 5.126042366027832031e+00
-1.166393375396728516e+01 -5.221300125122070312e-01 5.046415328979492188e+00
-1.168795490264892578e+01 -5.082771778106689453e-01 4.961643218994140625e+00
-1.171755504608154297e+01 -4.940870702266693115e-01 4.871248722076416016e+00
-1.176598930358886719e+01 -4.812654852867126465e-01 4.778369903564453125e+00
-1.179967117309570312e+01 -4.664822816848754883e-01 4.677316188812255859e+00
-1.184200191497802734e+01 -4.514281749725341797e-01 4.570766448974609375e+00
-1.188601303100585938e+01 -4.363780021667480469e-01 4.459941864013671875e+00
-1.193246078491210938e+01 -4.222740530967712402e-01 4.347675800323486328e+00
-1.198184394836425781e+01 -4.124370813369750977e-01 4.236080169677734375e+00
-1.202513790130615234e+01 -3.978114724159240723e-01 4.119869232177734375e+00
-1.208272266387939453e+01 -3.910679519176483154e-01 4.018118381500244141e+00
-1.213028526306152344e+01 -3.810822665691375732e-01 3.908762454986572266e+00
-1.217683792114257812e+01 -3.736226856708526611e-01 3.803719997406005859e+00
-1.222272205352783203e+01 -3.670632839202880859e-01 3.702201366424560547e+00
-1.226756763458251953e+01 -3.643323481082916260e-01 3.605130434036254883e+00
-1.231038188934326172e+01 -3.661795258522033691e-01 3.512489080429077148e+00
-1.235509681701660156e+01 -3.757636845111846924e-01 3.424372911453247070e+00
-1.239971351623535156e+01 -3.873597383499145508e-01 3.339926719665527344e+00
-1.244361209869384766e+01 -4.060936570167541504e-01 3.259379863739013672e+00
-1.249100685119628906e+01 -4.312647283077239990e-01 3.181451797485351562e+00
-1.253728866577148438e+01 -4.666787683963775635e-01 3.109548807144165039e+00
-1.258453464508056641e+01 -5.133429765701293945e-01 3.042462110519409180e+00
-1.263345050811767578e+01 -5.654672980308532715e-01 2.977455854415893555e+00
-1.268483066558837891e+01 -6.337899565696716309e-01 2.918338298797607422e+00
-1.273945331573486328e+01 -7.102301716804504395e-01 2.861898899078369141e+00
-1.279646301269531250e+01 -7.957165241241455078e-01 2.808529853820800781e+00
-1.285699367523193359e+01 -8.893467783927917480e-01 2.754766464233398438e+00
-1.291973495483398438e+01 -9.863054156303405762e-01 2.702283382415771484e+00
-1.298462390899658203e+01 -1.085474252700805664e+00 2.648587703704833984e+00
-1.305159378051757812e+01 -1.184712767601013184e+00 2.593173980712890625e+00
-1.311989688873291016e+01 -1.280841827392578125e+00 2.536092519760131836e+00
-1.318816184997558594e+01 -1.372629642486572266e+00 2.477152585983276367e+00
-1.325575923919677734e+01 -1.458303809165954590e+00 2.413678884506225586e+00
-1.332404041290283203e+01 -1.537441730499267578e+00 2.350742340087890625e+00
-1.338643360137939453e+01 -1.609966874122619629e+00 2.287852764129638672e+00
-1.344670295715332031e+01 -1.670133590698242188e+00 2.223048448562622070e+00
-1.349613380432128906e+01 -1.726736903190612793e+00 2.155018091201782227e+00
-1.355224704742431641e+01 -1.770962834358215332e+00 2.092581272125244141e+00
-1.363293361663818359e+01 -1.788013935089111328e+00 2.041717767715454102e+00
-1.368154811859130859e+01 -1.808557629585266113e+00 1.982309103012084961e+00
-1.372166442871093750e+01 -1.820664048194885254e+00 1.920916795730590820e+00
-1.376350688934326172e+01 -1.817578434944152832e+00 1.865892291069030762e+00
-1.379659271240234375e+01 -1.806978106498718262e+00 1.812288284301757812e+00
-1.382579517364501953e+01 -1.785443544387817383e+00 1.763218998908996582e+00
-1.381587123870849609e+01 -1.777190446853637695e+00 1.702908158302307129e+00
-1.383180427551269531e+01 -1.735107541084289551e+00 1.655472636222839355e+00
-1.385300827026367188e+01 -1.681980729103088379e+00 1.619492411613464355e+00
-1.387518024444580078e+01 -1.612779259681701660e+00 1.596665859222412109e+00
-1.388279342651367188e+01 -1.537153124809265137e+00 1.570958614349365234e+00
-1.388805294036865234e+01 -1.451437234878540039e+00 1.553715348243713379e+00
-1.388677692413330078e+01 -1.356307148933410645e+00 1.542613387107849121e+00
-1.388176727294921875e+01 -1.250219345092773438e+00 1.542658329010009766e+00
-1.386275577545166016e+01 -1.138681650161743164e+00 1.538251280784606934e+00
-1.384132385253906250e+01 -1.019850254058837891e+00 1.547521829605102539e+00
-1.381589412689208984e+01 -8.946568369865417480e-01 1.558072924613952637e+00
-1.378336048126220703e+01 -7.637876272201538086e-01 1.577214717864990234e+00
-1.374111652374267578e+01 -6.279525756835937500e-01 1.596122503280639648e+00
-1.368744373321533203e+01 -4.917084276676177979e-01 1.615163326263427734e+00
-1.362939834594726562e+01 -3.582055866718292236e-01 1.634250998497009277e+00
-1.356352329254150391e+01 -2.331493943929672241e-01 1.649742603302001953e+00
-1.349868488311767578e+01 -1.156518980860710144e-01 1.661990165710449219e+00
-1.342981529235839844e+01 -7.994857616722583771e-03 1.668906092643737793e+00
-1.336383533477783203e+01 9.381333738565444946e-02 1.673528790473937988e+00
-1.330015659332275391e+01 1.856917738914489746e-01 1.671600461006164551e+00
-1.323653030395507812e+01 2.634789049625396729e-01 1.662106156349182129e+00
-1.317354583740234375e+01 3.308122158050537109e-01 1.645373106002807617e+00
-1.311578273773193359e+01 3.891279995441436768e-01 1.620796918869018555e+00
-1.306201076507568359e+01 4.377508461475372314e-01 1.589731574058532715e+00
-1.301226902008056641e+01 4.783115684986114502e-01 1.550770878791809082e+00
-1.297124481201171875e+01 5.100356936454772949e-01 1.505952715873718262e+00
-1.293987751007080078e+01 5.388589501380920410e-01 1.453903317451477051e+00
-1.291161251068115234e+01 5.539237856864929199e-01 1.395741820335388184e+00
-1.288842010498046875e+01 5.645985603332519531e-01 1.329928517341613770e+00
-1.287479686737060547e+01 5.650383830070495605e-01 1.259189724922180176e+00
-1.286855792999267578e+01 5.598981976509094238e-01 1.181769728660583496e+00
-1.287064838409423828e+01 5.478484630584716797e-01 1.100153207778930664e+00
-1.289229774475097656e+01 5.341838002204895020e-01 1.013410568237304688e+00
-1.291448307037353516e+01 5.136777758598327637e-01 9.235036969184875488e-01
-1.295390796661376953e+01 4.928511977195739746e-01 8.324638605117797852e-01
-1.297260379791259766e+01 4.527737200260162354e-01 7.411165237426757812e-01
-1.303713130950927734e+01 4.295924901962280273e-01 6.500641107559204102e-01
-1.306322097778320312e+01 3.821136057376861572e-01 5.646825432777404785e-01
-1.311558914184570312e+01 3.222777247428894043e-01 4.803073108196258545e-01
-1.317571449279785156e+01 2.712346911430358887e-01 3.997215926647186279e-01
-1.323638248443603516e+01 2.150154262781143188e-01 3.239614665508270264e-01
-1.329784679412841797e+01 1.510278135538101196e-01 2.536675631999969482e-01
-1.334930133819580078e+01 8.382293581962585449e-02 1.888225525617599487e-01
-1.339018630981445312e+01 1.145961415022611618e-02 1.305968016386032104e-01
-1.341800785064697266e+01 -6.675804406404495239e-02 7.744947820901870728e-02
-1.343451881408691406e+01 -1.430370360612869263e-01 2.994455955922603607e-02
-1.343634319305419922e+01 -2.177666276693344116e-01 -1.324810180813074112e-02
-1.342649078369140625e+01 -2.866244018077850342e-01 -5.162668228149414062e-02
-1.340559196472167969e+01 -3.480552434921264648e-01 -8.676411956548690796e-02
-1.337340450286865234e+01 -4.010515213012695312e-01 -1.196730956435203552e-01
-1.333048725128173828e+01 -4.478878676891326904e-01 -1.501831263303756714e-01
-1.328693962097167969e+01 -4.780184030532836914e-01 -1.878617256879806519e-01
-1.323109245300292969e+01 -4.954187572002410889e-01 -2.272606343030929565e-01
-1.316841506958007812e+01 -5.030974149703979492e-01 -2.654619812965393066e-01
-1.310405731201171875e+01 -4.992712736129760742e-01 -3.100562393665313721e-01
-1.304376220703125000e+01 -4.845699965953826904e-01 -3.680225014686584473e-01
-1.297051620483398438e+01 -4.585408568382263184e-01 -4.311745762825012207e-01
-1.290054512023925781e+01 -4.229576587677001953e-01 -5.060343742370605469e-01
-1.283203411102294922e+01 -3.862831592559814453e-01 -5.934740304946899414e-01
-1.276449012756347656e+01 -3.521866500377655029e-01 -6.919826865196228027e-01
-1.269606781005859375e+01 -3.324228525161743164e-01 -8.090035915374755859e-01
-1.262435913085937500e+01 -3.051922023296356201e-01 -9.388832449913024902e-01
-1.254895496368408203e+01 -2.818793952465057373e-01 -1.084999918937683105e+00
-1.247009086608886719e+01 -2.616868615150451660e-01 -1.245931267738342285e+00
-1.238629341125488281e+01 -2.428982853889465332e-01 -1.417099714279174805e+00
-1.230168819427490234e+01 -2.287130057811737061e-01 -1.599471926689147949e+00
-1.221485233306884766e+01 -2.096652388572692871e-01 -1.782110452651977539e+00
-1.213035964965820312e+01 -1.920329779386520386e-01 -1.963388919830322266e+00
-1.205019569396972656e+01 -1.759960353374481201e-01 -2.136540651321411133e+00
-1.197149562835693359e+01 -1.588848829269409180e-01 -2.289081573486328125e+00
-1.189997005462646484e+01 -1.452386677265167236e-01 -2.438347578048706055e+00
-1.183435440063476562e+01 -1.316847205162048340e-01 -2.575867891311645508e+00
-1.177486515045166016e+01 -1.188025549054145813e-01 -2.699573040008544922e+00
-1.172165107727050781e+01 -1.177971661090850830e-01 -2.815783023834228516e+00
-1.167428398132324219e+01 -1.095575690269470215e-01 -2.916886568069458008e+00
-1.162923622131347656e+01 -1.005702167749404907e-01 -3.009275197982788086e+00
-1.158557891845703125e+01 -9.352467209100723267e-02 -3.091837406158447266e+00
-1.154865360260009766e+01 -8.611011505126953125e-02 -3.168059110641479492e+00
-1.151329517364501953e+01 -7.448858767747879028e-02 -3.238273859024047852e+00
-1.147990703582763672e+01 -6.242934241890907288e-02 -3.303247928619384766e+00
-1.139509296417236328e+01 -4.981670156121253967e-02 -3.335682392120361328e+00
-1.137420845031738281e+01 -2.148994244635105133e-02 -3.394367933273315430e+00
-1.151476669311523438e+01 -1.892906799912452698e-02 -3.543172836303710938e+00
-1.152069377899169922e+01 -4.281968995928764343e-02 -3.619938611984252930e+00
-1.151454734802246094e+01 -7.168053835630416870e-02 -3.688729763031005859e+00
-1.117785358428955078e+01 -2.207762002944946289e-01 -3.596296310424804688e+00
-1.112877082824707031e+01 -2.236240953207015991e-01 -3.642845869064331055e+00
-1.135116100311279297e+01 -2.567370235919952393e-01 -3.846083164215087891e+00
-1.134992313385009766e+01 -2.343555241823196411e-01 -3.912775754928588867e+00
-1.125594806671142578e+01 -2.665633261203765869e-01 -3.941600799560546875e+00
-1.118809127807617188e+01 -2.740252017974853516e-01 -3.980566024780273438e+00
-1.096774101257324219e+01 -2.180631309747695923e-01 -3.924396038055419922e+00
-1.088479328155517578e+01 -1.167153865098953247e-01 -3.927831649780273438e+00
-1.085056304931640625e+01 -5.492803454399108887e-02 -3.965228796005249023e+00
-1.084458351135253906e+01 1.032514348626136780e-01 -3.989182233810424805e+00
-1.083289241790771484e+01 1.393506228923797607e-01 -4.043393611907958984e+00
-1.088887500762939453e+01 2.431955188512802124e-01 -4.108291149139404297e+00
-1.098657703399658203e+01 3.037565946578979492e-01 -4.205417156219482422e+00
-1.105920410156250000e+01 2.912031710147857666e-01 -4.310054302215576172e+00
-1.098224735260009766e+01 3.126334249973297119e-01 -4.338166236877441406e+00
-1.107143115997314453e+01 2.244535982608795166e-01 -4.476204872131347656e+00
-1.098625469207763672e+01 3.123241942375898361e-03 -4.560284614562988281e+00
-1.097199535369873047e+01 4.847421497106552124e-02 -4.614089965820312500e+00
-1.095400047302246094e+01 1.297764331102371216e-01 -4.660158634185791016e+00
-1.088752269744873047e+01 1.763820350170135498e-01 -4.694983482360839844e+00
-1.082446098327636719e+01 2.195232063531875610e-01 -4.733057975769042969e+00
-1.078259754180908203e+01 1.998859792947769165e-01 -4.798041820526123047e+00
-1.072382736206054688e+01 2.450807243585586548e-01 -4.844692230224609375e+00
-1.069526672363281250e+01 2.347547560930252075e-01 -4.915406227111816406e+00
-1.066972064971923828e+01 2.681276500225067139e-01 -4.990785598754882812e+00
-1.062505435943603516e+01 2.768929004669189453e-01 -5.063529014587402344e+00
-1.058527469635009766e+01 2.832730412483215332e-01 -5.145402908325195312e+00
-1.052656936645507812e+01 2.903118729591369629e-01 -5.221371650695800781e+00
-1.046690559387207031e+01 2.851741313934326172e-01 -5.300693988800048828e+00
-1.040301513671875000e+01 2.862563133239746094e-01 -5.381302833557128906e+00
-1.033422946929931641e+01 2.954185605049133301e-01 -5.458805084228515625e+00
-1.024290180206298828e+01 3.036937713623046875e-01 -5.517300605773925781e+00
-1.017215919494628906e+01 3.019884824752807617e-01 -5.594909667968750000e+00
-1.008218097686767578e+01 3.194743692874908447e-01 -5.659524440765380859e+00
-1.000266170501708984e+01 3.058262169361114502e-01 -5.727995872497558594e+00
-9.916538238525390625e+00 3.016701936721801758e-01 -5.787232398986816406e+00
-9.831576347351074219e+00 2.877766191959381104e-01 -5.841746330261230469e+00
-9.768029212951660156e+00 2.263164967298507690e-01 -5.916181564331054688e+00
-9.708055496215820312e+00 1.654187440872192383e-01 -5.989607810974121094e+00
-9.645192146301269531e+00 1.252583116292953491e-01 -6.056019306182861328e+00
-9.477305412292480469e+00 3.365546166896820068e-01 -6.003963470458984375e+00
-9.513260841369628906e+00 9.624899178743362427e-02 -6.168123245239257812e+00
-9.451090812683105469e+00 1.202765479683876038e-01 -6.210005283355712891e+00
-9.383271217346191406e+00 1.473073661327362061e-01 -6.248503208160400391e+00
-9.278377532958984375e+00 3.319510817527770996e-01 -6.219796657562255859e+00
-9.261917114257812500e+00 2.944990396499633789e-01 -6.294714450836181641e+00
-9.234353065490722656e+00 3.489472568035125732e-01 -6.329709529876708984e+00
-9.226128578186035156e+00 3.761460483074188232e-01 -6.376928329467773438e+00
-9.234771728515625000e+00 3.612817823886871338e-01 -6.446240901947021484e+00
-9.286578178405761719e+00 2.845040857791900635e-01 -6.542355060577392578e+00
-9.308174133300781250e+00 3.106570839881896973e-01 -6.591894149780273438e+00
-9.346357345581054688e+00 3.237062096595764160e-01 -6.645889759063720703e+00
-9.394100189208984375e+00 3.409845530986785889e-01 -6.696551799774169922e+00
-9.365610122680664062e+00 6.090126633644104004e-01 -6.630109786987304688e+00
-9.420543670654296875e+00 6.545776128768920898e-01 -6.665981769561767578e+00
-9.498220443725585938e+00 6.485049128532409668e-01 -6.729816436767578125e+00
-9.581527709960937500e+00 6.527691483497619629e-01 -6.782487869262695312e+00
-9.693078041076660156e+00 5.970861315727233887e-01 -6.855300903320312500e+00
-9.758030891418457031e+00 6.944917440414428711e-01 -6.862055301666259766e+00
-9.814004898071289062e+00 8.033612370491027832e-01 -6.871572017669677734e+00
-9.906693458557128906e+00 8.116723895072937012e-01 -6.921273231506347656e+00
-9.993500709533691406e+00 8.134103417396545410e-01 -6.977797031402587891e+00
-1.007028770446777344e+01 8.573015332221984863e-01 -7.018710136413574219e+00
-1.014504146575927734e+01 9.037988781929016113e-01 -7.063209056854248047e+00
-1.021773147583007812e+01 9.465616345405578613e-01 -7.115081310272216797e+00
-1.028752517700195312e+01 9.869152307510375977e-01 -7.171505451202392578e+00
-1.035376167297363281e+01 1.030428767204284668e+00 -7.229755878448486328e+00
-1.041811370849609375e+01 1.073786020278930664e+00 -7.291267395019531250e+00
-1.048252296447753906e+01 1.116041183471679688e+00 -7.353217124938964844e+00
-1.054043197631835938e+01 1.162320733070373535e+00 -7.414410591125488281e+00
-1.059676933288574219e+01 1.204488277435302734e+00 -7.481228351593017578e+00
-1.065354442596435547e+01 1.243322849273681641e+00 -7.547289848327636719e+00
-1.071097946166992188e+01 1.282345652580261230e+00 -7.610379219055175781e+00
-1.076880359649658203e+01 1.322123885154724121e+00 -7.676223278045654297e+00
-1.082332992553710938e+01 1.360410094261169434e+00 -7.743094444274902344e+00
-1.087815952301025391e+01 1.398917794227600098e+00 -7.808939456939697266e+00
-1.093086910247802734e+01 1.436180233955383301e+00 -7.875085353851318359e+00
-1.098378467559814453e+01 1.472096562385559082e+00 -7.940567970275878906e+00
-1.103610897064208984e+01 1.509051680564880371e+00 -8.007348060607910156e+00
-1.108674049377441406e+01 1.546856880187988281e+00 -8.072964668273925781e+00
-1.114067745208740234e+01 1.583981037139892578e+00 -8.137256622314453125e+00
-1.118941307067871094e+01 1.619488835334777832e+00 -8.202700614929199219e+00
-1.123488807678222656e+01 1.652622103691101074e+00 -8.276255607604980469e+00
-1.128217601776123047e+01 1.686385035514831543e+00 -8.343689918518066406e+00
-1.132671833038330078e+01 1.720263123512268066e+00 -8.410280227661132812e+00
-1.136999797821044922e+01 1.751536965370178223e+00 -8.480986595153808594e+00
-1.141027736663818359e+01 1.782831072807312012e+00 -8.552269935607910156e+00
-1.144677829742431641e+01 1.815712571144104004e+00 -8.625592231750488281e+00
-1.147999572753906250e+01 1.845151305198669434e+00 -8.701649665832519531e+00
-1.151294326782226562e+01 1.868293166160583496e+00 -8.781369209289550781e+00
-1.154012012481689453e+01 1.901939749717712402e+00 -8.860081672668457031e+00
-1.155931949615478516e+01 1.937588334083557129e+00 -8.940096855163574219e+00
-1.156429576873779297e+01 2.000446557998657227e+00 -9.019794464111328125e+00
-1.160189247131347656e+01 2.000507116317749023e+00 -9.113112449645996094e+00
-1.162183761596679688e+01 1.960950255393981934e+00 -9.214324951171875000e+00
-1.161314773559570312e+01 2.038527488708496094e+00 -9.290435791015625000e+00
-1.165615558624267578e+01 1.943562507629394531e+00 -9.399025917053222656e+00
-1.156846427917480469e+01 2.145972013473510742e+00 -9.442316055297851562e+00
-1.165431976318359375e+01 1.900966763496398926e+00 -9.576374053955078125e+00
-1.155762386322021484e+01 2.188151359558105469e+00 -9.608513832092285156e+00
-1.163038921356201172e+01 1.963208317756652832e+00 -9.735297203063964844e+00
-1.151811695098876953e+01 2.210900545120239258e+00 -9.764207839965820312e+00
-1.150089931488037109e+01 2.202082633972167969e+00 -9.837444305419921875e+00
-1.155305576324462891e+01 1.980075120925903320e+00 -9.944355964660644531e+00
-1.149882030487060547e+01 2.055213689804077148e+00 -9.993862152099609375e+00
-1.143283271789550781e+01 2.124138355255126953e+00 -1.002433490753173828e+01
-1.139425945281982422e+01 2.085003852844238281e+00 -1.006844234466552734e+01
-1.135046005249023438e+01 2.053772449493408203e+00 -1.010385417938232422e+01
-1.129251098632812500e+01 2.049749374389648438e+00 -1.012585544586181641e+01
-1.123188114166259766e+01 2.030057430267333984e+00 -1.014005851745605469e+01
-1.117506122589111328e+01 2.001363992691040039e+00 -1.014834690093994141e+01
-1.109965229034423828e+01 1.995929718017578125e+00 -1.014139366149902344e+01
-1.102873039245605469e+01 1.962031006813049316e+00 -1.012933063507080078e+01
-1.095490360260009766e+01 1.911070823669433594e+00 -1.011127853393554688e+01
-1.087336063385009766e+01 1.879556179046630859e+00 -1.007947826385498047e+01
-1.078419494628906250e+01 1.844800591468811035e+00 -1.004231834411621094e+01
-1.069452667236328125e+01 1.800779223442077637e+00 -1.000804901123046875e+01
-1.059457206726074219e+01 1.759241104125976562e+00 -9.964773178100585938e+00
-1.048760128021240234e+01 1.705875158309936523e+00 -9.927000999450683594e+00
-1.036841106414794922e+01 1.657475829124450684e+00 -9.877569198608398438e+00
-1.023737812042236328e+01 1.602200627326965332e+00 -9.828889846801757812e+00
-1.009265899658203125e+01 1.542770743370056152e+00 -9.783014297485351562e+00
-9.937756538391113281e+00 1.477832674980163574e+00 -9.735647201538085938e+00
-9.771379470825195312e+00 1.409662842750549316e+00 -9.691194534301757812e+00
-9.603040695190429688e+00 1.342406034469604492e+00 -9.651010513305664062e+00
-9.433720588684082031e+00 1.277084827423095703e+00 -9.620840072631835938e+00
-9.256875991821289062e+00 1.209693789482116699e+00 -9.590596199035644531e+00
-9.084364891052246094e+00 1.145898699760437012e+00 -9.567094802856445312e+00
-8.914873123168945312e+00 1.084448814392089844e+00 -9.549660682678222656e+00
-8.757516860961914062e+00 1.026832818984985352e+00 -9.536730766296386719e+00
-8.605664253234863281e+00 9.748140573501586914e-01 -9.531069755554199219e+00
-8.465303421020507812e+00 9.271996617317199707e-01 -9.529622077941894531e+00
-8.337101936340332031e+00 8.834273219108581543e-01 -9.530117988586425781e+00
-8.215177536010742188e+00 8.444969058036804199e-01 -9.537259101867675781e+00
-8.106317520141601562e+00 8.103142976760864258e-01 -9.543282508850097656e+00
-8.005478858947753906e+00 7.789965271949768066e-01 -9.551680564880371094e+00
-7.910350799560546875e+00 7.583005428314208984e-01 -9.562376022338867188e+00
-7.824999809265136719e+00 7.343427538871765137e-01 -9.573196411132812500e+00
-7.743953227996826172e+00 7.131848335266113281e-01 -9.582915306091308594e+00
-7.670049667358398438e+00 6.936143636703491211e-01 -9.595796585083007812e+00
-7.601918697357177734e+00 6.745771765708923340e-01 -9.614711761474609375e+00
-7.535054206848144531e+00 6.582595109939575195e-01 -9.629245758056640625e+00
-7.469959259033203125e+00 6.455490589141845703e-01 -9.643200874328613281e+00
-7.405163288116455078e+00 6.329231262207031250e-01 -9.655952453613281250e+00
-7.346314907073974609e+00 6.259152293205261230e-01 -9.684083938598632812e+00
-7.287996768951416016e+00 6.065170764923095703e-01 -9.702379226684570312e+00
-7.232991218566894531e+00 5.806251168251037598e-01 -9.726996421813964844e+00
-7.183273792266845703e+00 5.328708887100219727e-01 -9.754091262817382812e+00
-7.108095169067382812e+00 5.095139741897583008e-01 -9.740492820739746094e+00
-7.057635784149169922e+00 4.604960381984710693e-01 -9.775416374206542969e+00
-6.999262332916259766e+00 4.292450845241546631e-01 -9.800101280212402344e+00
-6.873842716217041016e+00 6.495435237884521484e-01 -9.778400421142578125e+00
-6.824263095855712891e+00 6.813160181045532227e-01 -9.856823921203613281e+00
-6.868637561798095703e+00 5.561486482620239258e-01 -1.008460426330566406e+01
-6.789700508117675781e+00 6.156113743782043457e-01 -1.010321044921875000e+01
-6.637162208557128906e+00 6.626746654510498047e-01 -9.957425117492675781e+00
-6.666203975677490234e+00 2.865349650382995605e-01 -1.006316661834716797e+01
-6.557363510131835938e+00 2.770467996597290039e-01 -9.991234779357910156e+00
-6.571541786193847656e+00 3.019059598445892334e-01 -1.020047187805175781e+01
-6.527792930603027344e+00 3.680130541324615479e-01 -1.029277992248535156e+01
-6.294199943542480469e+00 3.468722403049468994e-01 -9.947958946228027344e+00
-6.226940631866455078e+00 3.606177270412445068e-01 -9.966316223144531250e+00
-6.150293827056884766e+00 5.405879616737365723e-01 -1.000917339324951172e+01
-6.202035427093505859e+00 2.116664052009582520e-01 -1.014920711517333984e+01
-6.028681278228759766e+00 5.216715335845947266e-01 -1.005050945281982422e+01
-6.011531829833984375e+00 6.521237492561340332e-01 -1.020489120483398438e+01
-6.132723331451416016e+00 4.943651854991912842e-01 -1.052740859985351562e+01
-6.086865425109863281e+00 4.738870263099670410e-01 -1.055799293518066406e+01
-5.989651203155517578e+00 5.587010979652404785e-01 -1.053753185272216797e+01
-5.811641693115234375e+00 6.095920801162719727e-01 -1.033134174346923828e+01
-5.770793437957763672e+00 5.914050340652465820e-01 -1.037776565551757812e+01
-5.835022449493408203e+00 5.031650662422180176e-01 -1.060485744476318359e+01
-5.671938896179199219e+00 5.321261286735534668e-01 -1.042690181732177734e+01
-5.782764911651611328e+00 3.639674782752990723e-01 -1.068223094940185547e+01
-5.560251235961914062e+00 4.400549530982971191e-01 -1.040759754180908203e+01
-5.688253879547119141e+00 2.362637817859649658e-01 -1.068456459045410156e+01
-5.497608184814453125e+00 2.352827936410903931e-01 -1.041939067840576172e+01
-5.533554077148437500e+00 9.461338073015213013e-02 -1.056545734405517578e+01
-5.464688777923583984e+00 8.322785049676895142e-02 -1.059246921539306641e+01
-5.396319866180419922e+00 7.349760085344314575e-02 -1.063394260406494141e+01
-5.323629379272460938e+00 5.462757125496864319e-02 -1.066380786895751953e+01
-5.247202873229980469e+00 3.134410083293914795e-02 -1.068993949890136719e+01
-5.165962696075439453e+00 2.242507785558700562e-02 -1.073427581787109375e+01
-5.088262557983398438e+00 -1.250382885336875916e-02 -1.075374412536621094e+01
-5.006874561309814453e+00 -3.883216902613639832e-02 -1.076405143737792969e+01
-4.929844379425048828e+00 -6.960366666316986084e-02 -1.079553890228271484e+01
-4.853331089019775391e+00 -1.029852852225303650e-01 -1.082692146301269531e+01
-4.775603294372558594e+00 -1.344192326068878174e-01 -1.085248851776123047e+01
-4.693490982055664062e+00 -1.587634235620498657e-01 -1.087440109252929688e+01
-4.611600875854492188e+00 -1.784443557262420654e-01 -1.090232753753662109e+01
-4.532577037811279297e+00 -2.008854150772094727e-01 -1.093279552459716797e+01
-4.452885150909423828e+00 -2.221170514822006226e-01 -1.095728969573974609e+01
-4.374311447143554688e+00 -2.491631656885147095e-01 -1.097742557525634766e+01
-4.296116828918457031e+00 -2.617993056774139404e-01 -1.100452995300292969e+01
-4.218309402465820312e+00 -2.841701805591583252e-01 -1.102505683898925781e+01
-4.140689373016357422e+00 -2.984226644039154053e-01 -1.104493999481201172e+01
-4.064544677734375000e+00 -3.128388822078704834e-01 -1.106446933746337891e+01
-3.991044282913208008e+00 -3.324647545814514160e-01 -1.107452678680419922e+01
-3.919365882873535156e+00 -3.506830930709838867e-01 -1.108969974517822266e+01
-3.849443912506103516e+00 -3.654324412345886230e-01 -1.109955501556396484e+01
-3.778776645660400391e+00 -3.856149911880493164e-01 -1.110749912261962891e+01
-3.716615200042724609e+00 -4.082260131835937500e-01 -1.110627174377441406e+01
-3.655662059783935547e+00 -4.288820922374725342e-01 -1.110338592529296875e+01
-3.595508337020874023e+00 -4.500603079795837402e-01 -1.109778118133544922e+01
-3.536960363388061523e+00 -4.738734662532806396e-01 -1.108836555480957031e+01
-3.480099439620971680e+00 -4.987634420394897461e-01 -1.107488536834716797e+01
-3.424110889434814453e+00 -5.253079533576965332e-01 -1.105663967132568359e+01
-3.365058660507202148e+00 -5.531452298164367676e-01 -1.104048442840576172e+01
-3.304907321929931641e+00 -5.846954584121704102e-01 -1.101756191253662109e+01
-3.240341901779174805e+00 -6.210375428199768066e-01 -1.099146938323974609e+01
-3.170147418975830078e+00 -6.576625108718872070e-01 -1.096500968933105469e+01
-3.095241546630859375e+00 -6.973176002502441406e-01 -1.093755245208740234e+01
-3.002395391464233398e+00 -7.408591508865356445e-01 -1.091184139251708984e+01
-2.896983623504638672e+00 -7.911565303802490234e-01 -1.087942409515380859e+01
-2.778203487396240234e+00 -8.472271561622619629e-01 -1.084506797790527344e+01
-2.644421815872192383e+00 -9.081331491470336914e-01 -1.080801391601562500e+01
-2.496832609176635742e+00 -9.735240340232849121e-01 -1.076825141906738281e+01
-2.335708141326904297e+00 -1.042971968650817871e+00 -1.072692871093750000e+01
-2.161329269409179688e+00 -1.117966413497924805e+00 -1.067963600158691406e+01
-1.975308537483215332e+00 -1.193331956863403320e+00 -1.062942504882812500e+01
-1.786525130271911621e+00 -1.265353679656982422e+00 -1.057698726654052734e+01
-1.592962980270385742e+00 -1.331776976585388184e+00 -1.052294063568115234e+01
-1.389951825141906738e+00 -1.392499446868896484e+00 -1.046465682983398438e+01
-1.186387062072753906e+00 -1.440324425697326660e+00 -1.040469646453857422e+01
-9.810963273048400879e-01 -1.472045898437500000e+00 -1.034169864654541016e+01
-7.756639122962951660e-01 -1.486867547035217285e+00 -1.027626323699951172e+01
-5.639072060585021973e-01 -1.483947038650512695e+00 -1.020559787750244141e+01
-3.502181172370910645e-01 -1.462205648422241211e+00 -1.013141250610351562e+01
-1.352872401475906372e-01 -1.426197528839111328e+00 -1.005399417877197266e+01
8.353231847286224365e-02 -1.374140977859497070e+00 -9.971836090087890625e+00
3.045981526374816895e-01 -1.311029195785522461e+00 -9.885527610778808594e+00
5.235992074012756348e-01 -1.237044453620910645e+00 -9.796652793884277344e+00
7.440487146377563477e-01 -1.154887795448303223e+00 -9.704988479614257812e+00
9.598351716995239258e-01 -1.075903773307800293e+00 -9.613258361816406250e+00
1.170669317245483398e+00 -9.853854179382324219e-01 -9.521233558654785156e+00
1.377121925354003906e+00 -8.916327953338623047e-01 -9.428438186645507812e+00
1.584005713462829590e+00 -7.920168638229370117e-01 -9.332739830017089844e+00
1.783716917037963867e+00 -6.965755820274353027e-01 -9.239016532897949219e+00
1.982143998146057129e+00 -5.954447984695434570e-01 -9.143266677856445312e+00
2.179723024368286133e+00 -4.954454004764556885e-01 -9.045667648315429688e+00
2.366938114166259766e+00 -4.012948572635650635e-01 -8.953116416931152344e+00
2.554296731948852539e+00 -3.072195053100585938e-01 -8.858161926269531250e+00
2.732635498046875000e+00 -2.199172824621200562e-01 -8.766089439392089844e+00
2.905137777328491211e+00 -1.372091919183731079e-01 -8.676606178283691406e+00
3.063497543334960938e+00 -6.252792477607727051e-02 -8.592598915100097656e+00
3.207946062088012695e+00 3.668164601549506187e-03 -8.512473106384277344e+00
3.346001386642456055e+00 6.670980155467987061e-02 -8.436035156250000000e+00
3.470460653305053711e+00 1.231527552008628845e-01 -8.366532325744628906e+00
3.583747148513793945e+00 1.752933114767074585e-01 -8.300643920898437500e+00
3.685596704483032227e+00 2.211196720600128174e-01 -8.240395545959472656e+00
3.777481317520141602e+00 2.644974887371063232e-01 -8.185035705566406250e+00
3.855035066604614258e+00 3.021325170993804932e-01 -8.138358116149902344e+00
3.928940057754516602e+00 3.376057147979736328e-01 -8.092716217041015625e+00
3.996323823928833008e+00 3.704428374767303467e-01 -8.049727439880371094e+00
4.061005592346191406e+00 3.999658524990081787e-01 -8.006379127502441406e+00
4.122401714324951172e+00 4.281563460826873779e-01 -7.964111328125000000e+00
4.177843093872070312e+00 4.533281028270721436e-01 -7.922391891479492188e+00
4.235290527343750000e+00 4.770013988018035889e-01 -7.880944728851318359e+00
4.290188312530517578e+00 4.966254830360412598e-01 -7.837752342224121094e+00
4.344802856445312500e+00 5.140630006790161133e-01 -7.792838096618652344e+00
4.400144100189208984e+00 5.286703705787658691e-01 -7.745763778686523438e+00
4.454394817352294922e+00 5.416187644004821777e-01 -7.694597244262695312e+00
4.511640071868896484e+00 5.526145696640014648e-01 -7.641625404357910156e+00
4.570262432098388672e+00 5.621992349624633789e-01 -7.587291240692138672e+00
4.627150058746337891e+00 5.705125927925109863e-01 -7.530170440673828125e+00
4.693316459655761719e+00 5.824927687644958496e-01 -7.474136352539062500e+00
4.753143310546875000e+00 5.883719325065612793e-01 -7.413198471069335938e+00
4.818659305572509766e+00 5.929868221282958984e-01 -7.349573135375976562e+00
4.883388996124267578e+00 5.977410078048706055e-01 -7.285169124603271484e+00
4.949899673461914062e+00 6.015449762344360352e-01 -7.218748092651367188e+00
5.016708850860595703e+00 6.043927669525146484e-01 -7.150961875915527344e+00
5.084849834442138672e+00 6.082519292831420898e-01 -7.082679271697998047e+00
5.154915809631347656e+00 6.093967556953430176e-01 -7.011822700500488281e+00
5.223058700561523438e+00 6.100183725357055664e-01 -6.941460132598876953e+00
5.289693832397460938e+00 6.099472641944885254e-01 -6.872508049011230469e+00
5.358191490173339844e+00 6.077340841293334961e-01 -6.798387050628662109e+00
5.428699016571044922e+00 6.059741377830505371e-01 -6.724925518035888672e+00
5.495146274566650391e+00 6.027719974517822266e-01 -6.652399539947509766e+00
5.560704231262207031e+00 5.989991426467895508e-01 -6.579370498657226562e+00
5.625715255737304688e+00 5.943109989166259766e-01 -6.509281158447265625e+00
5.688796997070312500e+00 5.892944335937500000e-01 -6.437166213989257812e+00
5.752913475036621094e+00 5.843155980110168457e-01 -6.365945339202880859e+00
5.814681529998779297e+00 5.782282352447509766e-01 -6.295478820800781250e+00
5.874900341033935547e+00 5.720834136009216309e-01 -6.226655960083007812e+00
5.929915428161621094e+00 5.658781528472900391e-01 -6.162228584289550781e+00
5.987556934356689453e+00 5.583223700523376465e-01 -6.094509124755859375e+00
6.044208049774169922e+00 5.511196255683898926e-01 -6.028466701507568359e+00
6.097992897033691406e+00 5.435216426849365234e-01 -5.963571071624755859e+00
6.150863647460937500e+00 5.351270437240600586e-01 -5.898632526397705078e+00
6.202650070190429688e+00 5.264829397201538086e-01 -5.835933208465576172e+00
6.252674579620361328e+00 5.182984471321105957e-01 -5.773993968963623047e+00
6.301877498626708984e+00 5.096690654754638672e-01 -5.713316917419433594e+00
6.350414752960205078e+00 5.006334185600280762e-01 -5.652989864349365234e+00
6.396426200866699219e+00 4.919228255748748779e-01 -5.593811988830566406e+00
6.442070007324218750e+00 4.824909269809722900e-01 -5.534690856933593750e+00
6.483453750610351562e+00 4.739356040954589844e-01 -5.479653835296630859e+00
6.530267238616943359e+00 4.634629189968109131e-01 -5.420567989349365234e+00
6.573896884918212891e+00 4.521917104721069336e-01 -5.361559391021728516e+00
6.617336750030517578e+00 4.391231536865234375e-01 -5.301326751708984375e+00
6.660662174224853516e+00 4.279808104038238525e-01 -5.243439674377441406e+00
6.705171108245849609e+00 4.130160808563232422e-01 -5.181826591491699219e+00
6.750095844268798828e+00 3.984680771827697754e-01 -5.119714736938476562e+00
6.795220851898193359e+00 3.831345736980438232e-01 -5.054504871368408203e+00
6.840704441070556641e+00 3.661432862281799316e-01 -4.989251613616943359e+00
6.889284133911132812e+00 3.473822176456451416e-01 -4.918029785156250000e+00
6.940476417541503906e+00 3.271251022815704346e-01 -4.843082904815673828e+00
6.994579315185546875e+00 3.052930235862731934e-01 -4.763391494750976562e+00
7.053283691406250000e+00 2.814590334892272949e-01 -4.678020477294921875e+00
7.115460395812988281e+00 2.555092573165893555e-01 -4.585891723632812500e+00
7.182869911193847656e+00 2.277948409318923950e-01 -4.486437320709228516e+00
7.258096218109130859e+00 1.977511197328567505e-01 -4.377499580383300781e+00
7.339896678924560547e+00 1.663329601287841797e-01 -4.262026786804199219e+00
7.430575847625732422e+00 1.332173347473144531e-01 -4.135847091674804688e+00
7.534492969512939453e+00 9.754430502653121948e-02 -4.000618934631347656e+00
7.648460865020751953e+00 6.712596118450164795e-02 -3.862363576889038086e+00
7.777555942535400391e+00 4.109285026788711548e-02 -3.721083402633666992e+00
7.923321723937988281e+00 2.337132766842842102e-02 -3.579724788665771484e+00
8.082635879516601562e+00 9.546259418129920959e-03 -3.433338880538940430e+00
8.258555412292480469e+00 -1.682331436313688755e-03 -3.276096343994140625e+00
8.438450813293457031e+00 -1.425534207373857498e-02 -3.111456394195556641e+00
8.618155479431152344e+00 -3.034939989447593689e-02 -2.935764789581298828e+00
8.787559509277343750e+00 -4.867685213685035706e-02 -2.754742145538330078e+00
8.942012786865234375e+00 -7.159852236509323120e-02 -2.577636957168579102e+00
9.077393531799316406e+00 -9.622184187173843384e-02 -2.409198522567749023e+00
9.195446014404296875e+00 -1.188630014657974243e-01 -2.250629901885986328e+00
9.296477317810058594e+00 -1.439224928617477417e-01 -2.104732751846313477e+00
9.385010719299316406e+00 -1.698837876319885254e-01 -1.968941330909729004e+00
9.454206466674804688e+00 -1.956791132688522339e-01 -1.843803763389587402e+00
9.508847236633300781e+00 -2.192021310329437256e-01 -1.729911684989929199e+00
9.549232482910156250e+00 -2.412288933992385864e-01 -1.624316692352294922e+00
9.573282241821289062e+00 -2.610257565975189209e-01 -1.528029084205627441e+00
9.587243080139160156e+00 -2.792647480964660645e-01 -1.439165592193603516e+00
9.588524818420410156e+00 -2.966563999652862549e-01 -1.360004663467407227e+00
9.580760955810546875e+00 -3.129011094570159912e-01 -1.291918396949768066e+00
9.560065269470214844e+00 -3.258815407752990723e-01 -1.231017827987670898e+00
9.529734611511230469e+00 -3.359271883964538574e-01 -1.178637027740478516e+00
9.489536285400390625e+00 -3.439091742038726807e-01 -1.134226322174072266e+00
9.442068099975585938e+00 -3.504596650600433350e-01 -1.098356962203979492e+00
9.381763458251953125e+00 -3.542047441005706787e-01 -1.069419503211975098e+00
9.309287071228027344e+00 -3.560693264007568359e-01 -1.050263524055480957e+00
9.228773117065429688e+00 -3.578941822052001953e-01 -1.036860704421997070e+00
9.132816314697265625e+00 -3.584457039833068848e-01 -1.038310885429382324e+00
9.029518127441406250e+00 -3.585110902786254883e-01 -1.049579739570617676e+00
8.918292999267578125e+00 -3.598608672618865967e-01 -1.073291659355163574e+00
8.800176620483398438e+00 -3.639718294143676758e-01 -1.108171820640563965e+00
8.673667907714843750e+00 -3.723792433738708496e-01 -1.157305121421813965e+00
8.548682212829589844e+00 -3.833581507205963135e-01 -1.217378497123718262e+00
8.419161796569824219e+00 -3.971402645111083984e-01 -1.283502340316772461e+00
8.291748046875000000e+00 -4.135467112064361572e-01 -1.360245227813720703e+00
8.166882514953613281e+00 -4.328167140483856201e-01 -1.443694949150085449e+00
8.048666954040527344e+00 -4.545278251171112061e-01 -1.533508181571960449e+00
7.938882350921630859e+00 -4.769721329212188721e-01 -1.627195239067077637e+00
7.837221145629882812e+00 -4.992811381816864014e-01 -1.722513675689697266e+00
7.749924182891845703e+00 -5.294650197029113770e-01 -1.822741150856018066e+00
7.672037601470947266e+00 -5.515524744987487793e-01 -1.918154835700988770e+00
7.601817131042480469e+00 -5.735766291618347168e-01 -2.010220289230346680e+00
7.544664382934570312e+00 -5.945287346839904785e-01 -2.102629423141479492e+00
7.500066280364990234e+00 -6.169880628585815430e-01 -2.195271492004394531e+00
7.467416763305664062e+00 -6.391388773918151855e-01 -2.279843330383300781e+00
7.445463180541992188e+00 -6.616304516792297363e-01 -2.356481313705444336e+00
7.434453487396240234e+00 -6.841292381286621094e-01 -2.424900531768798828e+00
7.432964324951171875e+00 -7.082784771919250488e-01 -2.483422756195068359e+00
7.439779758453369141e+00 -7.325146198272705078e-01 -2.532204151153564453e+00
7.454627513885498047e+00 -7.590614557266235352e-01 -2.569706201553344727e+00
7.480486869812011719e+00 -7.894283533096313477e-01 -2.597355604171752930e+00
7.517864704132080078e+00 -8.241687417030334473e-01 -2.615170717239379883e+00
7.567572116851806641e+00 -8.657648563385009766e-01 -2.623854398727416992e+00
7.632871150970458984e+00 -9.154986739158630371e-01 -2.621669054031372070e+00
7.711660861968994141e+00 -9.697950482368469238e-01 -2.609539985656738281e+00
7.809385299682617188e+00 -1.031618118286132812e+00 -2.584913492202758789e+00
7.923787593841552734e+00 -1.098346471786499023e+00 -2.549366474151611328e+00
8.054733276367187500e+00 -1.168674230575561523e+00 -2.498737096786499023e+00
8.207564353942871094e+00 -1.242406368255615234e+00 -2.439617633819580078e+00
8.385154724121093750e+00 -1.319979310035705566e+00 -2.366978883743286133e+00
8.582973480224609375e+00 -1.402534604072570801e+00 -2.278228521347045898e+00
8.804765701293945312e+00 -1.489065527915954590e+00 -2.173536062240600586e+00
9.045046806335449219e+00 -1.574407219886779785e+00 -2.049715280532836914e+00
9.285801887512207031e+00 -1.658551216125488281e+00 -1.918243169784545898e+00
9.519498825073242188e+00 -1.742850422859191895e+00 -1.773844122886657715e+00
9.734125137329101562e+00 -1.835508346557617188e+00 -1.632304430007934570e+00
9.933513641357421875e+00 -1.945441961288452148e+00 -1.490383982658386230e+00
1.012213420867919922e+01 -2.071478366851806641e+00 -1.346329331398010254e+00
1.029434967041015625e+01 -2.206329107284545898e+00 -1.196285486221313477e+00
1.045561790466308594e+01 -2.343076467514038086e+00 -1.038116097450256348e+00
1.059922218322753906e+01 -2.471643209457397461e+00 -8.811155557632446289e-01
1.072334289550781250e+01 -2.587555885314941406e+00 -7.298857569694519043e-01
1.082890319824218750e+01 -2.688908815383911133e+00 -5.889188051223754883e-01
1.091671752929687500e+01 -2.774119615554809570e+00 -4.595040380954742432e-01
1.098791408538818359e+01 -2.847271680831909180e+00 -3.420763015747070312e-01
1.104698944091796875e+01 -2.909268617630004883e+00 -2.380262762308120728e-01
1.109541034698486328e+01 -2.960563421249389648e+00 -1.436218321323394775e-01
1.113296127319335938e+01 -3.003471851348876953e+00 -5.954940617084503174e-02
1.116064167022705078e+01 -3.035779714584350586e+00 1.477198302745819092e-02
1.118001747131347656e+01 -3.057826519012451172e+00 8.284071087837219238e-02
1.119244956970214844e+01 -3.075116157531738281e+00 1.437716484069824219e-01
1.119648647308349609e+01 -3.084123373031616211e+00 1.998894214630126953e-01
1.119507408142089844e+01 -3.089147567749023438e+00 2.517919838428497314e-01
1.118737506866455078e+01 -3.088719606399536133e+00 3.021720945835113525e-01
1.117175674438476562e+01 -3.081793308258056641e+00 3.513465225696563721e-01
1.114942550659179688e+01 -3.068922281265258789e+00 4.002151787281036377e-01
1.111865425109863281e+01 -3.049594163894653320e+00 4.502127170562744141e-01
1.107840251922607422e+01 -3.024648189544677734e+00 5.031943321228027344e-01
1.102681255340576172e+01 -2.988251924514770508e+00 5.573003292083740234e-01
1.096406555175781250e+01 -2.943246841430664062e+00 6.132170557975769043e-01
1.088902664184570312e+01 -2.888013124465942383e+00 6.708621382713317871e-01
1.080087852478027344e+01 -2.822025060653686523e+00 7.307288646697998047e-01
1.070064830780029297e+01 -2.745246171951293945e+00 7.901192903518676758e-01
1.058483123779296875e+01 -2.655518531799316406e+00 8.492313623428344727e-01
1.045527648925781250e+01 -2.553730487823486328e+00 9.020211100578308105e-01
1.031242656707763672e+01 -2.440850257873535156e+00 9.505991339683532715e-01
1.016005229949951172e+01 -2.320245265960693359e+00 9.881345033645629883e-01
1.000613784790039062e+01 -2.195645570755004883e+00 1.015986919403076172e+00
9.842988014221191406e+00 -2.065290927886962891e+00 1.033455133438110352e+00
9.676993370056152344e+00 -1.935332179069519043e+00 1.038929581642150879e+00
9.509860992431640625e+00 -1.807215213775634766e+00 1.037789583206176758e+00
9.345627784729003906e+00 -1.687910795211791992e+00 1.033035397529602051e+00
9.180714607238769531e+00 -1.573933243751525879e+00 1.025943279266357422e+00
9.009392738342285156e+00 -1.464865684509277344e+00 1.020612120628356934e+00
8.841672897338867188e+00 -1.366665601730346680e+00 1.018423557281494141e+00
8.673165321350097656e+00 -1.289553046226501465e+00 1.020500898361206055e+00
8.510137557983398438e+00 -1.212865471839904785e+00 1.025959491729736328e+00
8.355134010314941406e+00 -1.145600914955139160e+00 1.033786892890930176e+00
8.208060264587402344e+00 -1.084327220916748047e+00 1.043234825134277344e+00
8.075171470642089844e+00 -1.030798912048339844e+00 1.051899194717407227e+00
7.950672149658203125e+00 -9.825803637504577637e-01 1.059562563896179199e+00
7.839172840118408203e+00 -9.382966756820678711e-01 1.067063450813293457e+00
7.741642475128173828e+00 -8.935604095458984375e-01 1.075005054473876953e+00
7.645951747894287109e+00 -8.572617173194885254e-01 1.080038905143737793e+00
7.560530185699462891e+00 -8.239477872848510742e-01 1.083387494087219238e+00
7.483084201812744141e+00 -7.976477146148681641e-01 1.083954930305480957e+00
7.410440921783447266e+00 -7.746068835258483887e-01 1.083799600601196289e+00
7.342280387878417969e+00 -7.570260763168334961e-01 1.082266449928283691e+00
7.278250217437744141e+00 -7.447122931480407715e-01 1.079042673110961914e+00
7.219072341918945312e+00 -7.398908734321594238e-01 1.074484825134277344e+00
7.162788867950439453e+00 -7.426301836967468262e-01 1.069515466690063477e+00
7.109875202178955078e+00 -7.486758232116699219e-01 1.063566088676452637e+00
7.058440685272216797e+00 -7.610023617744445801e-01 1.057191133499145508e+00
7.010419845581054688e+00 -7.808951735496520996e-01 1.050876259803771973e+00
6.965089797973632812e+00 -8.071956634521484375e-01 1.044152379035949707e+00
6.920232295989990234e+00 -8.395334482192993164e-01 1.037842035293579102e+00
6.874823093414306641e+00 -8.813113570213317871e-01 1.034873604774475098e+00
6.831902027130126953e+00 -9.354464411735534668e-01 1.033407211303710938e+00
6.786812305450439453e+00 -9.930186271667480469e-01 1.033513307571411133e+00
6.742516517639160156e+00 -1.058099269866943359e+00 1.037680864334106445e+00
6.695827007293701172e+00 -1.132916808128356934e+00 1.047216057777404785e+00
6.642639636993408203e+00 -1.216243267059326172e+00 1.064161777496337891e+00
6.580146789550781250e+00 -1.302857995033264160e+00 1.087057948112487793e+00
6.515153884887695312e+00 -1.399259448051452637e+00 1.117271065711975098e+00
6.435052394866943359e+00 -1.501502156257629395e+00 1.151635408401489258e+00
6.341155052185058594e+00 -1.613589286804199219e+00 1.197792172431945801e+00
6.232043743133544922e+00 -1.733333706855773926e+00 1.251523494720458984e+00
6.110666275024414062e+00 -1.860266923904418945e+00 1.311163067817687988e+00
5.974866390228271484e+00 -1.990894198417663574e+00 1.380197405815124512e+00
5.831211566925048828e+00 -2.123734951019287109e+00 1.454547405242919922e+00
5.674693584442138672e+00 -2.260071516036987305e+00 1.535474181175231934e+00
5.518192768096923828e+00 -2.388966083526611328e+00 1.614537119865417480e+00
5.347588539123535156e+00 -2.527370452880859375e+00 1.704595565795898438e+00
5.174516677856445312e+00 -2.662442684173583984e+00 1.794934749603271484e+00
4.991669654846191406e+00 -2.795003175735473633e+00 1.888754367828369141e+00
4.808149814605712891e+00 -2.922501802444458008e+00 1.981401920318603516e+00
4.627221584320068359e+00 -3.041070699691772461e+00 2.070908069610595703e+00
4.441008090972900391e+00 -3.156191587448120117e+00 2.161808729171752930e+00
4.254415035247802734e+00 -3.262654304504394531e+00 2.250783205032348633e+00
4.072302818298339844e+00 -3.360918760299682617e+00 2.338035583496093750e+00
3.894732952117919922e+00 -3.449431419372558594e+00 2.422444343566894531e+00
3.722646474838256836e+00 -3.529357671737670898e+00 2.504198312759399414e+00
3.561987161636352539e+00 -3.599748611450195312e+00 2.580430507659912109e+00
3.416839122772216797e+00 -3.658308506011962891e+00 2.649639844894409180e+00
3.290607452392578125e+00 -3.706923007965087891e+00 2.709936857223510742e+00
3.184141874313354492e+00 -3.745589256286621094e+00 2.761389970779418945e+00
3.094591140747070312e+00 -3.776251792907714844e+00 2.804047822952270508e+00
3.014892578125000000e+00 -3.802738189697265625e+00 2.841796636581420898e+00
2.944962263107299805e+00 -3.825144767761230469e+00 2.873870611190795898e+00
2.875783205032348633e+00 -3.846643447875976562e+00 2.904276609420776367e+00
-5.110214710235595703e+00 -7.458857059478759766e+00 -9.232359886169433594e+00
-5.103127479553222656e+00 -7.430990695953369141e+00 -9.221427917480468750e+00
-5.096461772918701172e+00 -7.398319721221923828e+00 -9.216442108154296875e+00
-5.089776515960693359e+00 -7.363384723663330078e+00 -9.207612037658691406e+00
-5.083830356597900391e+00 -7.326359272003173828e+00 -9.190546035766601562e+00
-5.089267253875732422e+00 -7.277812480926513672e+00 -9.203390121459960938e+00
-5.094232559204101562e+00 -7.233951091766357422e+00 -9.209116935729980469e+00
-5.067584991455078125e+00 -7.219619750976562500e+00 -8.979329109191894531e+00
-5.144853591918945312e+00 -7.083727836608886719e+00 -9.223423957824707031e+00
-5.145521640777587891e+00 -7.008596420288085938e+00 -9.263978004455566406e+00
-5.079161167144775391e+00 -7.042804718017578125e+00 -8.848045349121093750e+00
-5.086816310882568359e+00 -6.974556446075439453e+00 -8.820470809936523438e+00
-5.090598106384277344e+00 -6.905049800872802734e+00 -8.787394523620605469e+00
-5.107507705688476562e+00 -6.829658985137939453e+00 -8.756128311157226562e+00
-5.116338729858398438e+00 -6.758695125579833984e+00 -8.743247032165527344e+00
-5.123128890991210938e+00 -6.605924129486083984e+00 -9.244167327880859375e+00
-5.115789890289306641e+00 -6.541346549987792969e+00 -9.217269897460937500e+00
-5.091377258300781250e+00 -6.483296394348144531e+00 -9.210754394531250000e+00
-5.073169231414794922e+00 -6.428845882415771484e+00 -9.223857879638671875e+00
-5.055113315582275391e+00 -6.365335464477539062e+00 -9.182257652282714844e+00
-5.012683868408203125e+00 -6.370698451995849609e+00 -8.740805625915527344e+00
-4.974598407745361328e+00 -6.318821430206298828e+00 -8.749279022216796875e+00
-4.931101322174072266e+00 -6.273979663848876953e+00 -8.755790710449218750e+00
-4.880383968353271484e+00 -6.237541198730468750e+00 -8.758063316345214844e+00
-4.820323467254638672e+00 -6.167082786560058594e+00 -9.139461517333984375e+00
-4.756672859191894531e+00 -6.140273094177246094e+00 -9.108774185180664062e+00
-4.682240962982177734e+00 -6.136476516723632812e+00 -9.123511314392089844e+00
-4.613573074340820312e+00 -6.119187831878662109e+00 -9.071449279785156250e+00
-4.537209987640380859e+00 -6.122550964355468750e+00 -8.988137245178222656e+00
-4.458098411560058594e+00 -6.139738082885742188e+00 -8.929520606994628906e+00
-4.375379085540771484e+00 -6.167592525482177734e+00 -8.899056434631347656e+00
-4.290577411651611328e+00 -6.197947502136230469e+00 -8.882273674011230469e+00
-4.205952167510986328e+00 -6.234140396118164062e+00 -8.863426208496093750e+00
-4.115334987640380859e+00 -6.270125389099121094e+00 -8.847241401672363281e+00
-4.026545047760009766e+00 -6.306805610656738281e+00 -8.846630096435546875e+00
-3.930600166320800781e+00 -6.351428508758544922e+00 -8.825905799865722656e+00
-3.830500364303588867e+00 -6.406490802764892578e+00 -8.820378303527832031e+00
-3.729411125183105469e+00 -6.459948062896728516e+00 -8.809129714965820312e+00
-3.626479387283325195e+00 -6.515402317047119141e+00 -8.800729751586914062e+00
-3.531076669692993164e+00 -6.583356857299804688e+00 -8.804656028747558594e+00
-3.435966491699218750e+00 -6.648097991943359375e+00 -8.805532455444335938e+00
-3.343714714050292969e+00 -6.718253135681152344e+00 -8.809763908386230469e+00
-3.255126953125000000e+00 -6.786333084106445312e+00 -8.815314292907714844e+00
-3.176515579223632812e+00 -6.860171794891357422e+00 -8.826129913330078125e+00
-3.070731401443481445e+00 -6.897176742553710938e+00 -8.827765464782714844e+00
-2.996806859970092773e+00 -6.961531639099121094e+00 -8.841189384460449219e+00
-2.925541162490844727e+00 -7.024614810943603516e+00 -8.862475395202636719e+00
-2.853197813034057617e+00 -7.079701423645019531e+00 -8.877044677734375000e+00
-2.778215169906616211e+00 -7.128426551818847656e+00 -8.889550209045410156e+00
-2.728596448898315430e+00 -7.203729629516601562e+00 -8.910530090332031250e+00
-2.649620771408081055e+00 -7.243065834045410156e+00 -8.925863265991210938e+00
-2.592535972595214844e+00 -7.298134326934814453e+00 -8.952999114990234375e+00
-2.827404260635375977e+00 -7.570941925048828125e+00 -9.121989250183105469e+00
-2.794071197509765625e+00 -7.615307807922363281e+00 -9.160939216613769531e+00
-2.768754720687866211e+00 -7.664605140686035156e+00 -9.201881408691406250e+00
-2.313391208648681641e+00 -7.375794410705566406e+00 -9.081729888916015625e+00
-2.264417648315429688e+00 -7.420916557312011719e+00 -9.121844291687011719e+00
-2.227178335189819336e+00 -7.458127975463867188e+00 -9.167091369628906250e+00
-2.199335575103759766e+00 -7.510586261749267578e+00 -9.217290878295898438e+00
-2.621113300323486328e+00 -7.829516887664794922e+00 -9.437938690185546875e+00
-2.189697027206420898e+00 -7.637461185455322266e+00 -9.336762428283691406e+00
-2.150182962417602539e+00 -7.643159866333007812e+00 -9.392479896545410156e+00
-2.564393758773803711e+00 -7.863672256469726562e+00 -9.614043235778808594e+00
-2.165911912918090820e+00 -7.738873004913330078e+00 -9.544464111328125000e+00
-2.536097526550292969e+00 -7.859635353088378906e+00 -9.739163398742675781e+00
-2.525462150573730469e+00 -7.848305702209472656e+00 -9.801377296447753906e+00
-2.502995014190673828e+00 -7.831126689910888672e+00 -9.860290527343750000e+00
-2.497772932052612305e+00 -7.808010101318359375e+00 -9.918646812438964844e+00
-2.500118017196655273e+00 -7.778500080108642578e+00 -9.973250389099121094e+00
-2.041650056838989258e+00 -7.512977123260498047e+00 -9.849931716918945312e+00
-2.046263456344604492e+00 -7.469087123870849609e+00 -9.894549369812011719e+00
-2.048154115676879883e+00 -7.418665885925292969e+00 -9.938320159912109375e+00
-2.050254583358764648e+00 -7.352620601654052734e+00 -9.956608772277832031e+00
-2.057746410369873047e+00 -7.284919261932373047e+00 -9.970523834228515625e+00
-2.074710130691528320e+00 -7.224544048309326172e+00 -9.988446235656738281e+00
-2.575247287750244141e+00 -7.444196224212646484e+00 -1.023192119598388672e+01
-2.592868804931640625e+00 -7.380992412567138672e+00 -1.024904155731201172e+01
-2.609841346740722656e+00 -7.314675807952880859e+00 -1.026539039611816406e+01
-2.603528976440429688e+00 -7.240996837615966797e+00 -1.027946758270263672e+01
-2.615861177444458008e+00 -7.166648864746093750e+00 -1.028652954101562500e+01
-2.659554481506347656e+00 -7.098246574401855469e+00 -1.028846263885498047e+01
-2.302476644515991211e+00 -6.803736686706542969e+00 -1.005640220642089844e+01
-2.357378244400024414e+00 -6.750259876251220703e+00 -1.007295513153076172e+01
-2.407550811767578125e+00 -6.690067291259765625e+00 -1.008443450927734375e+01
-2.722792387008666992e+00 -6.781376361846923828e+00 -1.029901313781738281e+01
-2.729963779449462891e+00 -6.690146923065185547e+00 -1.028546714782714844e+01
-2.759476423263549805e+00 -6.612985134124755859e+00 -1.028635787963867188e+01
-2.788117408752441406e+00 -6.533862113952636719e+00 -1.028761100769042969e+01
-2.804862499237060547e+00 -6.448343276977539062e+00 -1.028199672698974609e+01
-2.848683357238769531e+00 -6.377033233642578125e+00 -1.030131053924560547e+01
-2.855023622512817383e+00 -6.291709899902343750e+00 -1.030423069000244141e+01
-2.863018989562988281e+00 -6.207069396972656250e+00 -1.031117725372314453e+01
-2.873222351074218750e+00 -6.127409934997558594e+00 -1.032883834838867188e+01
-2.876207351684570312e+00 -6.038192749023437500e+00 -1.031499004364013672e+01
-2.884804725646972656e+00 -5.959933757781982422e+00 -1.035630416870117188e+01
-2.872992515563964844e+00 -5.883931159973144531e+00 -1.038906669616699219e+01
-2.855749368667602539e+00 -5.810649394989013672e+00 -1.043520355224609375e+01
-2.828080415725708008e+00 -5.736546039581298828e+00 -1.047658729553222656e+01
-2.791046142578125000e+00 -5.665656089782714844e+00 -1.052085208892822266e+01
-2.741415977478027344e+00 -5.616247653961181641e+00 -1.059362697601318359e+01
-2.690014839172363281e+00 -5.546773433685302734e+00 -1.063965988159179688e+01
-2.629374265670776367e+00 -5.466484546661376953e+00 -1.065920639038085938e+01
-2.566020488739013672e+00 -5.403203964233398438e+00 -1.071611309051513672e+01
-2.495249986648559570e+00 -5.339358329772949219e+00 -1.075887298583984375e+01
-2.420512914657592773e+00 -5.276633739471435547e+00 -1.079815864562988281e+01
-2.360087633132934570e+00 -5.208894729614257812e+00 -1.083517551422119141e+01
-2.278977632522583008e+00 -5.148292064666748047e+00 -1.085937690734863281e+01
-2.197894096374511719e+00 -5.087243556976318359e+00 -1.088197994232177734e+01
-2.119724750518798828e+00 -5.024425983428955078e+00 -1.089577102661132812e+01
-2.041554450988769531e+00 -4.962025642395019531e+00 -1.090210819244384766e+01
-1.974194049835205078e+00 -4.889021873474121094e+00 -1.090973186492919922e+01
-1.898236155509948730e+00 -4.825817108154296875e+00 -1.090528869628906250e+01
-1.824079751968383789e+00 -4.761127948760986328e+00 -1.089554500579833984e+01
-1.753315687179565430e+00 -4.690919876098632812e+00 -1.087914752960205078e+01
-1.683920025825500488e+00 -4.618203163146972656e+00 -1.085980415344238281e+01
-1.615596175193786621e+00 -4.541409969329833984e+00 -1.083737754821777344e+01
-1.546082139015197754e+00 -4.459251403808593750e+00 -1.081303787231445312e+01
-1.477640032768249512e+00 -4.371147155761718750e+00 -1.078654956817626953e+01
-1.409219384193420410e+00 -4.276757717132568359e+00 -1.075711250305175781e+01
-1.335808277130126953e+00 -4.173303127288818359e+00 -1.072788143157958984e+01
-1.265292406082153320e+00 -4.071756839752197266e+00 -1.069942951202392578e+01
-1.192810654640197754e+00 -3.956325769424438477e+00 -1.066541004180908203e+01
-1.114159584045410156e+00 -3.832626104354858398e+00 -1.062857437133789062e+01
-1.031994342803955078e+00 -3.701863527297973633e+00 -1.059161281585693359e+01
-9.482573866844177246e-01 -3.567217588424682617e+00 -1.055209159851074219e+01
-8.581666350364685059e-01 -3.427312612533569336e+00 -1.051231670379638672e+01
-7.657747864723205566e-01 -3.284728765487670898e+00 -1.047053718566894531e+01
-6.675696372985839844e-01 -3.149400711059570312e+00 -1.042854881286621094e+01
-5.605228543281555176e-01 -3.006358861923217773e+00 -1.038216972351074219e+01
-4.407661855220794678e-01 -2.867056369781494141e+00 -1.033204555511474609e+01
-3.107815086841583252e-01 -2.734982252120971680e+00 -1.027893638610839844e+01
-1.706584542989730835e-01 -2.613770008087158203e+00 -1.022359466552734375e+01
-1.745776087045669556e-02 -2.500080823898315430e+00 -1.016431713104248047e+01
1.432478725910186768e-01 -2.399949789047241211e+00 -1.010349655151367188e+01
3.140128850936889648e-01 -2.311650753021240234e+00 -1.004033374786376953e+01
4.920458197593688965e-01 -2.234459877014160156e+00 -9.974329948425292969e+00
6.792710423469543457e-01 -2.164454221725463867e+00 -9.905814170837402344e+00
8.681451082229614258e-01 -2.103600978851318359e+00 -9.837169647216796875e+00
1.059986233711242676e+00 -2.055902242660522461e+00 -9.767950057983398438e+00
1.252935647964477539e+00 -2.019593000411987305e+00 -9.697842597961425781e+00
1.444939732551574707e+00 -1.992243409156799316e+00 -9.628289222717285156e+00
1.630975484848022461e+00 -1.973096966743469238e+00 -9.560943603515625000e+00
1.820411920547485352e+00 -1.960488438606262207e+00 -9.492256164550781250e+00
2.009301662445068359e+00 -1.957378506660461426e+00 -9.423416137695312500e+00
2.191928625106811523e+00 -1.955885410308837891e+00 -9.354995727539062500e+00
2.374930620193481445e+00 -1.957229256629943848e+00 -9.285537719726562500e+00
2.553732395172119141e+00 -1.960474967956542969e+00 -9.216601371765136719e+00
2.724164962768554688e+00 -1.965643763542175293e+00 -9.149696350097656250e+00
2.883437395095825195e+00 -1.973616480827331543e+00 -9.083451271057128906e+00
3.037209272384643555e+00 -1.976329684257507324e+00 -9.020018577575683594e+00
3.178919315338134766e+00 -1.978533387184143066e+00 -8.960101127624511719e+00
3.310858964920043945e+00 -1.978785395622253418e+00 -8.904410362243652344e+00
3.430116176605224609e+00 -1.975997924804687500e+00 -8.853940010070800781e+00
3.537857294082641602e+00 -1.975699543952941895e+00 -8.802904129028320312e+00
3.638095140457153320e+00 -1.968192338943481445e+00 -8.759389877319335938e+00
3.731995105743408203e+00 -1.960562705993652344e+00 -8.721274375915527344e+00
3.814634323120117188e+00 -1.949922800064086914e+00 -8.685044288635253906e+00
3.894526958465576172e+00 -1.937006711959838867e+00 -8.651393890380859375e+00
3.964435815811157227e+00 -1.935672879219055176e+00 -8.616303443908691406e+00
4.035480022430419922e+00 -1.927398562431335449e+00 -8.583742141723632812e+00
4.104816913604736328e+00 -1.922832727432250977e+00 -8.550803184509277344e+00
4.170265674591064453e+00 -1.923078894615173340e+00 -8.517308235168457031e+00
4.230587482452392578e+00 -1.927561163902282715e+00 -8.480663299560546875e+00
4.288091659545898438e+00 -1.940554261207580566e+00 -8.443592071533203125e+00
4.344347953796386719e+00 -1.958547115325927734e+00 -8.404076576232910156e+00
4.392055034637451172e+00 -1.980572462081909180e+00 -8.357072830200195312e+00
4.449809551239013672e+00 -2.001566410064697266e+00 -8.317059516906738281e+00
4.494395732879638672e+00 -2.036307573318481445e+00 -8.269891738891601562e+00
4.534232139587402344e+00 -2.075020790100097656e+00 -8.218495368957519531e+00
4.575826168060302734e+00 -2.119794607162475586e+00 -8.172574996948242188e+00
4.611823081970214844e+00 -2.166558027267456055e+00 -8.120113372802734375e+00
4.656860828399658203e+00 -2.212225675582885742e+00 -8.077727317810058594e+00
4.698225021362304688e+00 -2.262474775314331055e+00 -8.032195091247558594e+00
4.726437091827392578e+00 -2.326728343963623047e+00 -7.985589981079101562e+00
4.749027729034423828e+00 -2.395609140396118164e+00 -7.941470146179199219e+00
4.762130737304687500e+00 -2.461066007614135742e+00 -7.885657310485839844e+00
4.741094589233398438e+00 -2.526453971862792969e+00 -7.808744907379150391e+00
4.915062427520751953e+00 -2.488701343536376953e+00 -7.783580780029296875e+00
4.936204433441162109e+00 -2.537877321243286133e+00 -7.724924564361572266e+00
4.838679313659667969e+00 -2.609573841094970703e+00 -7.612694740295410156e+00
4.895999908447265625e+00 -2.688953399658203125e+00 -7.602979660034179688e+00
5.028128623962402344e+00 -2.672158718109130859e+00 -7.559058189392089844e+00
5.081042289733886719e+00 -2.724234819412231445e+00 -7.525157928466796875e+00
5.131567001342773438e+00 -2.766014814376831055e+00 -7.475613117218017578e+00
5.161200523376464844e+00 -2.829343318939208984e+00 -7.433690547943115234e+00
4.997582912445068359e+00 -2.972843408584594727e+00 -7.359304428100585938e+00
4.945616722106933594e+00 -2.982687234878540039e+00 -7.247718334197998047e+00
5.002776622772216797e+00 -2.853042602539062500e+00 -7.096112728118896484e+00
5.083033561706542969e+00 -3.126137733459472656e+00 -7.218713283538818359e+00
5.000491142272949219e+00 -2.974132299423217773e+00 -6.998578548431396484e+00
5.346976280212402344e+00 -3.006475687026977539e+00 -7.068161964416503906e+00
5.372484207153320312e+00 -3.094526529312133789e+00 -7.047514915466308594e+00
5.352074146270751953e+00 -3.204531669616699219e+00 -7.023170471191406250e+00
5.392580986022949219e+00 -3.043395757675170898e+00 -6.861959457397460938e+00
5.369259834289550781e+00 -3.266887187957763672e+00 -6.893863201141357422e+00
5.200571060180664062e+00 -3.073440074920654297e+00 -6.651085853576660156e+00
5.132253646850585938e+00 -3.178049087524414062e+00 -6.605336666107177734e+00
5.364796161651611328e+00 -3.414764881134033203e+00 -6.728633880615234375e+00
5.179752349853515625e+00 -3.421315431594848633e+00 -6.592809200286865234e+00
5.229263782501220703e+00 -3.469259023666381836e+00 -6.556401252746582031e+00
5.218034744262695312e+00 -3.458838462829589844e+00 -6.473163127899169922e+00
5.533552169799804688e+00 -3.243739366531372070e+00 -6.393968105316162109e+00
5.555188179016113281e+00 -3.476760625839233398e+00 -6.430584430694580078e+00
5.588248252868652344e+00 -3.359506368637084961e+00 -6.316567420959472656e+00
5.589185237884521484e+00 -3.366904497146606445e+00 -6.246877670288085938e+00
5.535905361175537109e+00 -3.576582193374633789e+00 -6.245422840118408203e+00
5.342628002166748047e+00 -3.533475875854492188e+00 -6.109461784362792969e+00
5.376151084899902344e+00 -3.486365795135498047e+00 -6.026663780212402344e+00
5.549516677856445312e+00 -3.576120138168334961e+00 -6.024739742279052734e+00
5.533633232116699219e+00 -3.594561100006103516e+00 -5.950484275817871094e+00
5.532636165618896484e+00 -3.570721149444580078e+00 -5.864405632019042969e+00
5.539040565490722656e+00 -3.585983753204345703e+00 -5.791184425354003906e+00
5.549717426300048828e+00 -3.607288837432861328e+00 -5.717630863189697266e+00
5.564945220947265625e+00 -3.630670547485351562e+00 -5.641611099243164062e+00
5.577192783355712891e+00 -3.654053688049316406e+00 -5.562722682952880859e+00
5.589616298675537109e+00 -3.678913116455078125e+00 -5.480264663696289062e+00
5.600312709808349609e+00 -3.702229022979736328e+00 -5.394871234893798828e+00
5.611917972564697266e+00 -3.727467060089111328e+00 -5.307558536529541016e+00
5.620853424072265625e+00 -3.753536462783813477e+00 -5.215704917907714844e+00
5.630808353424072266e+00 -3.779564380645751953e+00 -5.123235702514648438e+00
5.641147613525390625e+00 -3.806527376174926758e+00 -5.029399394989013672e+00
5.650845050811767578e+00 -3.833512067794799805e+00 -4.934640884399414062e+00
5.659225940704345703e+00 -3.859867095947265625e+00 -4.839132785797119141e+00
5.668568611145019531e+00 -3.887443542480468750e+00 -4.745385169982910156e+00
5.674652576446533203e+00 -3.914835929870605469e+00 -4.650928020477294922e+00
5.679969787597656250e+00 -3.943426847457885742e+00 -4.555900573730468750e+00
5.685469150543212891e+00 -3.970603227615356445e+00 -4.466545104980468750e+00
5.686322212219238281e+00 -4.000046730041503906e+00 -4.373517036437988281e+00
5.686556339263916016e+00 -4.031051635742187500e+00 -4.279561519622802734e+00
5.684848308563232422e+00 -4.062685966491699219e+00 -4.186755180358886719e+00
5.681357383728027344e+00 -4.095043659210205078e+00 -4.092835426330566406e+00
5.675455093383789062e+00 -4.129627704620361328e+00 -3.996501922607421875e+00
5.665842533111572266e+00 -4.166996479034423828e+00 -3.895808696746826172e+00
5.654939174652099609e+00 -4.205827713012695312e+00 -3.793590307235717773e+00
5.640326499938964844e+00 -4.249119281768798828e+00 -3.681887626647949219e+00
5.622056961059570312e+00 -4.295631885528564453e+00 -3.563529729843139648e+00
5.598449707031250000e+00 -4.346353530883789062e+00 -3.435798645019531250e+00
5.570708274841308594e+00 -4.401517868041992188e+00 -3.296303987503051758e+00
5.536400794982910156e+00 -4.460043907165527344e+00 -3.148267745971679688e+00
5.494342327117919922e+00 -4.523452758789062500e+00 -2.985718965530395508e+00
5.443970680236816406e+00 -4.589297294616699219e+00 -2.810370445251464844e+00
5.384157180786132812e+00 -4.655895233154296875e+00 -2.625544309616088867e+00
5.315376281738281250e+00 -4.720150470733642578e+00 -2.432078838348388672e+00
5.233104705810546875e+00 -4.782041549682617188e+00 -2.231183528900146484e+00
5.137763023376464844e+00 -4.836647987365722656e+00 -2.028151273727416992e+00
5.030343532562255859e+00 -4.883760452270507812e+00 -1.829744815826416016e+00
4.907857894897460938e+00 -4.923095226287841797e+00 -1.634624719619750977e+00
4.771052360534667969e+00 -4.955572605133056641e+00 -1.445612311363220215e+00
4.617779731750488281e+00 -4.982949256896972656e+00 -1.266060829162597656e+00
4.451129436492919922e+00 -5.007952690124511719e+00 -1.096077561378479004e+00
4.271943569183349609e+00 -5.031651973724365234e+00 -9.380348920822143555e-01
4.082862854003906250e+00 -5.056447029113769531e+00 -7.941660881042480469e-01
3.886523246765136719e+00 -5.087135791778564453e+00 -6.647841930389404297e-01
3.692370176315307617e+00 -5.115526199340820312e+00 -5.535492897033691406e-01
3.503664016723632812e+00 -5.144596099853515625e+00 -4.579054415225982666e-01
3.327877998352050781e+00 -5.171949386596679688e+00 -3.817158341407775879e-01
3.166642189025878906e+00 -5.199603557586669922e+00 -3.208296597003936768e-01
3.018019676208496094e+00 -5.229197025299072266e+00 -2.742809951305389404e-01
2.889196872711181641e+00 -5.255743503570556641e+00 -2.395173907279968262e-01
2.772239208221435547e+00 -5.281680107116699219e+00 -2.150133699178695679e-01
2.671615123748779297e+00 -5.309411525726318359e+00 -2.000020295381546021e-01
2.583234786987304688e+00 -5.337124824523925781e+00 -1.903008073568344116e-01
2.511532545089721680e+00 -5.366262912750244141e+00 -1.893784552812576294e-01
2.453024148941040039e+00 -5.398709297180175781e+00 -1.910193413496017456e-01
2.405873775482177734e+00 -5.431555271148681641e+00 -1.964135915040969849e-01
2.368919849395751953e+00 -5.466291427612304688e+00 -2.057586759328842163e-01
2.342068195343017578e+00 -5.504458904266357422e+00 -2.178849130868911743e-01
2.323876380920410156e+00 -5.547198772430419922e+00 -2.332541793584823608e-01
2.315195560455322266e+00 -5.595098495483398438e+00 -2.523572146892547607e-01
2.314036846160888672e+00 -5.651985645294189453e+00 -2.762033641338348389e-01
2.326592683792114258e+00 -5.717204093933105469e+00 -3.044903874397277832e-01
2.348408222198486328e+00 -5.789188861846923828e+00 -3.368788957595825195e-01
2.381971597671508789e+00 -5.871413707733154297e+00 -3.742670416831970215e-01
2.428603887557983398e+00 -5.963059902191162109e+00 -4.153604507446289062e-01
2.486082077026367188e+00 -6.065852642059326172e+00 -4.606600403785705566e-01
2.555622100830078125e+00 -6.173576831817626953e+00 -5.085145235061645508e-01
2.642475843429565430e+00 -6.298114776611328125e+00 -5.598123669624328613e-01
2.743909358978271484e+00 -6.431527137756347656e+00 -6.143964529037475586e-01
2.860897302627563477e+00 -6.577091217041015625e+00 -6.716157197952270508e-01
2.991665840148925781e+00 -6.732090473175048828e+00 -7.296718955039978027e-01
3.137246370315551758e+00 -6.890737056732177734e+00 -7.855537533760070801e-01
3.301418781280517578e+00 -7.049374580383300781e+00 -8.399177193641662598e-01
3.478160142898559570e+00 -7.203946113586425781e+00 -8.896126747131347656e-01
3.670720577239990234e+00 -7.350251674652099609e+00 -9.328731894493103027e-01
3.878040552139282227e+00 -7.491368293762207031e+00 -9.695982336997985840e-01
4.091607093811035156e+00 -7.621726989746093750e+00 -9.960761070251464844e-01
4.314546108245849609e+00 -7.744163036346435547e+00 -1.013404965400695801e+00
4.528893470764160156e+00 -7.851056098937988281e+00 -1.017525792121887207e+00
4.748292922973632812e+00 -7.954195499420166016e+00 -1.012620449066162109e+00
4.957978248596191406e+00 -8.049604415893554688e+00 -9.975878596305847168e-01
5.148917675018310547e+00 -8.131540298461914062e+00 -9.739918112754821777e-01
5.318805217742919922e+00 -8.204535484313964844e+00 -9.464229941368103027e-01
5.467669963836669922e+00 -8.266032218933105469e+00 -9.152103066444396973e-01
5.594038486480712891e+00 -8.316849708557128906e+00 -8.807151913642883301e-01
5.706476688385009766e+00 -8.362164497375488281e+00 -8.472883701324462891e-01
5.800740718841552734e+00 -8.398487091064453125e+00 -8.133912086486816406e-01
5.882449626922607422e+00 -8.427172660827636719e+00 -7.794255018234252930e-01
5.954324245452880859e+00 -8.448339462280273438e+00 -7.438730001449584961e-01
6.020434379577636719e+00 -8.464426040649414062e+00 -7.066941261291503906e-01
6.081401824951171875e+00 -8.475738525390625000e+00 -6.656328439712524414e-01
6.141888141632080078e+00 -8.481638908386230469e+00 -6.182582378387451172e-01
6.202461719512939453e+00 -8.483678817749023438e+00 -5.645362734794616699e-01
6.265389442443847656e+00 -8.481739044189453125e+00 -5.022425651550292969e-01
6.334885597229003906e+00 -8.476956367492675781e+00 -4.292704761028289795e-01
6.411504745483398438e+00 -8.467395782470703125e+00 -3.426172733306884766e-01
6.497405052185058594e+00 -8.453799247741699219e+00 -2.393379062414169312e-01
6.594603538513183594e+00 -8.434934616088867188e+00 -1.173218190670013428e-01
6.702236652374267578e+00 -8.411599159240722656e+00 2.194859459996223450e-02
6.818498134613037109e+00 -8.377152442932128906e+00 1.828648895025253296e-01
6.939727783203125000e+00 -8.330300331115722656e+00 3.567773997783660889e-01
7.058478832244873047e+00 -8.266885757446289062e+00 5.345251560211181641e-01
7.169222354888916016e+00 -8.184681892395019531e+00 7.068632841110229492e-01
7.266146183013916016e+00 -8.090693473815917969e+00 8.722314238548278809e-01
7.355302810668945312e+00 -7.994864940643310547e+00 1.017619132995605469e+00
7.433728218078613281e+00 -7.892395496368408203e+00 1.162566184997558594e+00
7.499227046966552734e+00 -7.802305221557617188e+00 1.291632056236267090e+00
7.553089141845703125e+00 -7.731857299804687500e+00 1.411255955696105957e+00
7.596900939941406250e+00 -7.672258853912353516e+00 1.519591450691223145e+00
7.632295608520507812e+00 -7.628374576568603516e+00 1.611737370491027832e+00
7.658508777618408203e+00 -7.603535175323486328e+00 1.684939622879028320e+00
7.678717613220214844e+00 -7.586320877075195312e+00 1.744181513786315918e+00
7.695732593536376953e+00 -7.577896595001220703e+00 1.789515614509582520e+00
7.706582069396972656e+00 -7.579529762268066406e+00 1.823660969734191895e+00
7.715972900390625000e+00 -7.590075492858886719e+00 1.849157810211181641e+00
7.721208572387695312e+00 -7.608478069305419922e+00 1.867677807807922363e+00
7.725580215454101562e+00 -7.635117053985595703e+00 1.879909038543701172e+00
7.726344108581542969e+00 -7.675517559051513672e+00 1.886644363403320312e+00
7.726117610931396484e+00 -7.726488113403320312e+00 1.890149116516113281e+00
7.723320007324218750e+00 -7.798418045043945312e+00 1.887158632278442383e+00
7.717964649200439453e+00 -7.890869140625000000e+00 1.880831122398376465e+00
7.708765029907226562e+00 -8.007410049438476562e+00 1.863160252571105957e+00
7.693569183349609375e+00 -8.139086723327636719e+00 1.838216423988342285e+00
7.671222686767578125e+00 -8.287933349609375000e+00 1.807317733764648438e+00
7.642768859863281250e+00 -8.449452400207519531e+00 1.778160691261291504e+00
7.610076904296875000e+00 -8.623564720153808594e+00 1.749972224235534668e+00
7.578745365142822266e+00 -8.803582191467285156e+00 1.737303495407104492e+00
7.545910358428955078e+00 -8.984211921691894531e+00 1.736459136009216309e+00
7.518337726593017578e+00 -9.159888267517089844e+00 1.756139397621154785e+00
7.495985984802246094e+00 -9.324183464050292969e+00 1.792848825454711914e+00
7.478866577148437500e+00 -9.473020553588867188e+00 1.842535376548767090e+00
7.465876102447509766e+00 -9.605361938476562500e+00 1.898573637008666992e+00
7.456677913665771484e+00 -9.718570709228515625e+00 1.958725571632385254e+00
7.449439525604248047e+00 -9.813289642333984375e+00 2.020740747451782227e+00
7.442778110504150391e+00 -9.892414093017578125e+00 2.083256721496582031e+00
7.435916900634765625e+00 -9.958647727966308594e+00 2.146035671234130859e+00
7.427954673767089844e+00 -1.001464653015136719e+01 2.209104299545288086e+00
7.417440414428710938e+00 -1.006070899963378906e+01 2.273998022079467773e+00
7.403447151184082031e+00 -1.009744358062744141e+01 2.342846632003784180e+00
7.385466575622558594e+00 -1.012637042999267578e+01 2.416969776153564453e+00
7.362562656402587891e+00 -1.014811134338378906e+01 2.498672723770141602e+00
7.332252979278564453e+00 -1.016200733184814453e+01 2.589106321334838867e+00
7.293326854705810547e+00 -1.016931152343750000e+01 2.695633411407470703e+00
7.243017196655273438e+00 -1.016588497161865234e+01 2.811734437942504883e+00
7.177617073059082031e+00 -1.015165138244628906e+01 2.948112249374389648e+00
7.098128318786621094e+00 -1.012794208526611328e+01 3.099065542221069336e+00
6.998895645141601562e+00 -1.009405136108398438e+01 3.264303445816040039e+00
6.879941463470458984e+00 -1.005676364898681641e+01 3.441685914993286133e+00
6.740743637084960938e+00 -1.001851654052734375e+01 3.627087593078613281e+00
6.575990200042724609e+00 -9.977028846740722656e+00 3.818465709686279297e+00
6.387954235076904297e+00 -9.938330650329589844e+00 4.011817455291748047e+00
6.180055618286132812e+00 -9.904621124267578125e+00 4.202746391296386719e+00
5.950178623199462891e+00 -9.872701644897460938e+00 4.391166210174560547e+00
5.702662944793701172e+00 -9.841253280639648438e+00 4.572036743164062500e+00
5.444732189178466797e+00 -9.806829452514648438e+00 4.739552497863769531e+00
5.176344871520996094e+00 -9.766536712646484375e+00 4.895386219024658203e+00
4.904359817504882812e+00 -9.715975761413574219e+00 5.034194469451904297e+00
4.638674259185791016e+00 -9.657877922058105469e+00 5.151408195495605469e+00
4.374727725982666016e+00 -9.593022346496582031e+00 5.248803615570068359e+00
4.123009204864501953e+00 -9.525591850280761719e+00 5.324479103088378906e+00
3.883745431900024414e+00 -9.455805778503417969e+00 5.380222797393798828e+00
3.665457963943481445e+00 -9.388134956359863281e+00 5.417286872863769531e+00
3.464131355285644531e+00 -9.323430061340332031e+00 5.437717914581298828e+00
3.284622430801391602e+00 -9.262281417846679688e+00 5.446533679962158203e+00
3.124208211898803711e+00 -9.204720497131347656e+00 5.441945552825927734e+00
2.983093261718750000e+00 -9.151302337646484375e+00 5.429156780242919922e+00
2.855820655822753906e+00 -9.101239204406738281e+00 5.407716751098632812e+00
2.747593879699707031e+00 -9.054018974304199219e+00 5.377241134643554688e+00
2.651095390319824219e+00 -9.009704589843750000e+00 5.339245796203613281e+00
2.568781614303588867e+00 -8.968209266662597656e+00 5.292867183685302734e+00
2.502841711044311523e+00 -8.929853439331054688e+00 5.238587379455566406e+00
2.455141067504882812e+00 -8.892138481140136719e+00 5.175497531890869141e+00
2.417869091033935547e+00 -8.860058784484863281e+00 5.104311466217041016e+00
2.393125295639038086e+00 -8.830510139465332031e+00 5.023444652557373047e+00
2.379423379898071289e+00 -8.802264213562011719e+00 4.930130958557128906e+00
2.378731727600097656e+00 -8.777401924133300781e+00 4.825493812561035156e+00
2.387742996215820312e+00 -8.753838539123535156e+00 4.706943988800048828e+00
2.405764341354370117e+00 -8.735129356384277344e+00 4.573281764984130859e+00
2.427913188934326172e+00 -8.717291831970214844e+00 4.422199249267578125e+00
2.454064369201660156e+00 -8.703981399536132812e+00 4.254177570343017578e+00
2.479989767074584961e+00 -8.694838523864746094e+00 4.068639278411865234e+00
2.507349967956542969e+00 -8.695590972900390625e+00 3.865209102630615234e+00
2.533471584320068359e+00 -8.705389976501464844e+00 3.651072740554809570e+00
2.557778358459472656e+00 -8.726371765136718750e+00 3.427114009857177734e+00
2.582660675048828125e+00 -8.759078979492187500e+00 3.199991941452026367e+00
2.610082626342773438e+00 -8.805007934570312500e+00 2.974154710769653320e+00
2.643321752548217773e+00 -8.861170768737792969e+00 2.754174232482910156e+00
2.686349630355834961e+00 -8.928064346313476562e+00 2.542296171188354492e+00
2.742341518402099609e+00 -9.005089759826660156e+00 2.342850923538208008e+00
2.814115285873413086e+00 -9.088965415954589844e+00 2.156881093978881836e+00
2.909972429275512695e+00 -9.177480697631835938e+00 1.985026240348815918e+00
3.023229122161865234e+00 -9.268852233886718750e+00 1.831683635711669922e+00
3.155991077423095703e+00 -9.358074188232421875e+00 1.696827173233032227e+00
3.305425405502319336e+00 -9.440682411193847656e+00 1.579869031906127930e+00
3.468572854995727539e+00 -9.514371871948242188e+00 1.481932401657104492e+00
3.638060569763183594e+00 -9.573508262634277344e+00 1.402932763099670410e+00
3.804237604141235352e+00 -9.617142677307128906e+00 1.341306209564208984e+00
3.963403463363647461e+00 -9.645787239074707031e+00 1.296068549156188965e+00
4.106951713562011719e+00 -9.658540725708007812e+00 1.263427615165710449e+00
4.231447219848632812e+00 -9.660220146179199219e+00 1.242688059806823730e+00
4.334505081176757812e+00 -9.652112007141113281e+00 1.231499671936035156e+00
4.419752597808837891e+00 -9.637844085693359375e+00 1.226071476936340332e+00
4.488217830657958984e+00 -9.618396759033203125e+00 1.225091457366943359e+00
4.542850017547607422e+00 -9.591154098510742188e+00 1.228366136550903320e+00
4.587793350219726562e+00 -9.560385704040527344e+00 1.235652685165405273e+00
4.624111175537109375e+00 -9.522278785705566406e+00 1.246371388435363770e+00
4.653347492218017578e+00 -9.476117134094238281e+00 1.260695338249206543e+00
4.675806045532226562e+00 -9.420603752136230469e+00 1.277829289436340332e+00
4.691816806793212891e+00 -9.351334571838378906e+00 1.300008893013000488e+00
4.699951171875000000e+00 -9.266121864318847656e+00 1.327755331993103027e+00
4.699928283691406250e+00 -9.163022994995117188e+00 1.361956954002380371e+00
4.691147327423095703e+00 -9.038270950317382812e+00 1.401742577552795410e+00
4.669083118438720703e+00 -8.892643928527832031e+00 1.448815226554870605e+00
4.636805057525634766e+00 -8.726768493652343750e+00 1.500165462493896484e+00
4.590455532073974609e+00 -8.540468215942382812e+00 1.556902647018432617e+00
4.533990383148193359e+00 -8.338264465332031250e+00 1.617549777030944824e+00
4.464015960693359375e+00 -8.120080947875976562e+00 1.681081175804138184e+00
4.380967140197753906e+00 -7.894800662994384766e+00 1.745275378227233887e+00
4.279365062713623047e+00 -7.669587135314941406e+00 1.808205723762512207e+00
4.170860290527343750e+00 -7.454455375671386719e+00 1.867202162742614746e+00
4.041062355041503906e+00 -7.244953632354736328e+00 1.923833727836608887e+00
3.897817373275756836e+00 -7.046401023864746094e+00 1.975951671600341797e+00
3.742242097854614258e+00 -6.859915733337402344e+00 2.023989439010620117e+00
3.570947170257568359e+00 -6.683594226837158203e+00 2.066851854324340820e+00
3.389107942581176758e+00 -6.521580219268798828e+00 2.105666875839233398e+00
3.201895713806152344e+00 -6.378672122955322266e+00 2.141904592514038086e+00
3.007621049880981445e+00 -6.253527164459228516e+00 2.177026748657226562e+00
2.809171676635742188e+00 -6.146243572235107422e+00 2.212235212326049805e+00
2.606206178665161133e+00 -6.059118270874023438e+00 2.248294353485107422e+00
2.401765346527099609e+00 -5.991816520690917969e+00 2.287115097045898438e+00
2.193967580795288086e+00 -5.942836761474609375e+00 2.327366352081298828e+00
1.985105037689208984e+00 -5.913071632385253906e+00 2.368264198303222656e+00
1.772010803222656250e+00 -5.899712085723876953e+00 2.409001827239990234e+00
1.558032274246215820e+00 -5.902131080627441406e+00 2.447128772735595703e+00
1.348717689514160156e+00 -5.917582035064697266e+00 2.482612371444702148e+00
1.148955583572387695e+00 -5.941864967346191406e+00 2.514151334762573242e+00
9.617941379547119141e-01 -5.970957756042480469e+00 2.540865659713745117e+00
7.888351678848266602e-01 -6.009603977203369141e+00 2.563935756683349609e+00
6.308764815330505371e-01 -6.046220302581787109e+00 2.582650899887084961e+00
4.869107902050018311e-01 -6.085062026977539062e+00 2.596297740936279297e+00
3.577459752559661865e-01 -6.123950481414794922e+00 2.602795600891113281e+00
2.396817803382873535e-01 -6.158483028411865234e+00 2.602862834930419922e+00
1.394035220146179199e-01 -6.189143657684326172e+00 2.589794397354125977e+00
5.325493961572647095e-02 -6.226465225219726562e+00 2.579409122467041016e+00
-2.155019529163837433e-02 -6.257929801940917969e+00 2.560309171676635742e+00
-8.346450328826904297e-02 -6.286516189575195312e+00 2.535470247268676758e+00
-1.348338574171066284e-01 -6.312522411346435547e+00 2.506340503692626953e+00
-1.728996783494949341e-01 -6.335703849792480469e+00 2.470692157745361328e+00
-2.001250833272933960e-01 -6.357838153839111328e+00 2.432280063629150391e+00
-2.169688045978546143e-01 -6.378701686859130859e+00 2.383837699890136719e+00
-2.255680114030838013e-01 -6.398679733276367188e+00 2.329123735427856445e+00
-2.223191112279891968e-01 -6.419579505920410156e+00 2.265806436538696289e+00
-2.079545408487319946e-01 -6.441098213195800781e+00 2.192259788513183594e+00
-1.827997416257858276e-01 -6.463535785675048828e+00 2.108514547348022461e+00
-1.433433741331100464e-01 -6.491185665130615234e+00 2.014454126358032227e+00
-9.317372739315032959e-02 -6.519878864288330078e+00 1.907390594482421875e+00
-2.980232052505016327e-02 -6.551601409912109375e+00 1.788483381271362305e+00
4.387653991580009460e-02 -6.591556072235107422e+00 1.660075545310974121e+00
1.338688284158706665e-01 -6.636497020721435547e+00 1.517050027847290039e+00
2.340175509452819824e-01 -6.690285205841064453e+00 1.360812306404113770e+00
3.482153415679931641e-01 -6.754044532775878906e+00 1.193484306335449219e+00
4.771082401275634766e-01 -6.829256057739257812e+00 1.012424111366271973e+00
6.199545860290527344e-01 -6.916905879974365234e+00 8.248071670532226562e-01
7.734607458114624023e-01 -7.015927791595458984e+00 6.388580203056335449e-01
9.337220191955566406e-01 -7.127256393432617188e+00 4.617074131965637207e-01
1.100576639175415039e+00 -7.253397941589355469e+00 2.940316796302795410e-01
1.272991061210632324e+00 -7.396285057067871094e+00 1.369184851646423340e-01
1.454017639160156250e+00 -7.559533119201660156e+00 -1.090881880372762680e-02
1.638114333152770996e+00 -7.736781597137451172e+00 -1.466901153326034546e-01
1.825829029083251953e+00 -7.925090312957763672e+00 -2.716054320335388184e-01
2.019870281219482422e+00 -8.124414443969726562e+00 -3.830856084823608398e-01
2.218878746032714844e+00 -8.331766128540039062e+00 -4.839521348476409912e-01
2.422785282135009766e+00 -8.539502143859863281e+00 -5.733917355537414551e-01
2.624522447586059570e+00 -8.750158309936523438e+00 -6.483154892921447754e-01
2.831347942352294922e+00 -8.965492248535156250e+00 -7.122225761413574219e-01
3.039862632751464844e+00 -9.185502052307128906e+00 -7.594125866889953613e-01
3.250120639801025391e+00 -9.397795677185058594e+00 -7.900072932243347168e-01
3.461687088012695312e+00 -9.609683036804199219e+00 -8.036894202232360840e-01
3.666794061660766602e+00 -9.812049865722656250e+00 -7.980812191963195801e-01
3.862163305282592773e+00 -1.000358581542968750e+01 -7.768841385841369629e-01
4.042419910430908203e+00 -1.018033599853515625e+01 -7.421554923057556152e-01
4.203739166259765625e+00 -1.034070014953613281e+01 -6.978846192359924316e-01
4.349745273590087891e+00 -1.048684597015380859e+01 -6.487797498703002930e-01
4.476133823394775391e+00 -1.061594676971435547e+01 -5.973680615425109863e-01
4.589244365692138672e+00 -1.073200702667236328e+01 -5.462303757667541504e-01
4.688920497894287109e+00 -1.083542060852050781e+01 -4.956471621990203857e-01
4.781480312347412109e+00 -1.093165683746337891e+01 -4.457565248012542725e-01
4.864890575408935547e+00 -1.101677703857421875e+01 -3.980622589588165283e-01
4.941559314727783203e+00 -1.109379768371582031e+01 -3.520255684852600098e-01
5.018752574920654297e+00 -1.117084503173828125e+01 -3.014659285545349121e-01
5.095753669738769531e+00 -1.124587059020996094e+01 -2.480500191450119019e-01
5.173493862152099609e+00 -1.132070159912109375e+01 -1.908116340637207031e-01
5.252268314361572266e+00 -1.139567565917968750e+01 -1.284672170877456665e-01
5.331940650939941406e+00 -1.147093868255615234e+01 -5.906420201063156128e-02
5.414793014526367188e+00 -1.154878330230712891e+01 1.675122976303100586e-02
5.500151634216308594e+00 -1.162819194793701172e+01 9.927763044834136963e-02
5.584976196289062500e+00 -1.170688629150390625e+01 1.880879849195480347e-01
5.667902469635009766e+00 -1.178303813934326172e+01 2.787108719348907471e-01
5.747642517089843750e+00 -1.185577774047851562e+01 3.726489841938018799e-01
5.823334693908691406e+00 -1.192432308197021484e+01 4.619017541408538818e-01
5.893198490142822266e+00 -1.198608398437500000e+01 5.497222542762756348e-01
5.955559253692626953e+00 -1.204318237304687500e+01 6.338279247283935547e-01
6.011289119720458984e+00 -1.209234523773193359e+01 7.121412754058837891e-01
6.062689781188964844e+00 -1.213837146759033203e+01 7.833829522132873535e-01
6.112676620483398438e+00 -1.218089866638183594e+01 8.500764369964599609e-01
6.151825904846191406e+00 -1.221254062652587891e+01 9.160841703414916992e-01
6.190769195556640625e+00 -1.224166584014892578e+01 9.759227037429809570e-01
6.223521232604980469e+00 -1.226639270782470703e+01 1.033297896385192871e+00
6.251901149749755859e+00 -1.228630638122558594e+01 1.088044524192810059e+00
6.274219989776611328e+00 -1.230086803436279297e+01 1.140514254570007324e+00
6.288302421569824219e+00 -1.231056594848632812e+01 1.190956234931945801e+00
6.301132678985595703e+00 -1.231844806671142578e+01 1.238211870193481445e+00
6.306281089782714844e+00 -1.232287406921386719e+01 1.283083677291870117e+00
6.305850028991699219e+00 -1.232281112670898438e+01 1.329628825187683105e+00
6.302339076995849609e+00 -1.232037830352783203e+01 1.372039556503295898e+00
6.302818775177001953e+00 -1.232690525054931641e+01 1.413539767265319824e+00
6.295643329620361328e+00 -1.233211421966552734e+01 1.457174658775329590e+00
6.284187793731689453e+00 -1.233250045776367188e+01 1.500883936882019043e+00
6.264419555664062500e+00 -1.233085918426513672e+01 1.541674137115478516e+00
6.249823570251464844e+00 -1.232988834381103516e+01 1.590647220611572266e+00
6.235126018524169922e+00 -1.232948303222656250e+01 1.642780900001525879e+00
6.218045711517333984e+00 -1.232570648193359375e+01 1.701596975326538086e+00
6.201395988464355469e+00 -1.232333374023437500e+01 1.766644597053527832e+00
6.181380748748779297e+00 -1.231869220733642578e+01 1.837751865386962891e+00
6.158833503723144531e+00 -1.231326580047607422e+01 1.917480468750000000e+00
6.132746219635009766e+00 -1.230314922332763672e+01 2.005824565887451172e+00
6.100624561309814453e+00 -1.229061603546142578e+01 2.105753660202026367e+00
6.061388969421386719e+00 -1.227478408813476562e+01 2.220995903015136719e+00
6.011969089508056641e+00 -1.225183677673339844e+01 2.351010560989379883e+00
5.948534965515136719e+00 -1.222248744964599609e+01 2.500495195388793945e+00
5.872261047363281250e+00 -1.218466567993164062e+01 2.670868396759033203e+00
5.773940086364746094e+00 -1.213266372680664062e+01 2.864800453186035156e+00
5.652995586395263672e+00 -1.206780624389648438e+01 3.076894998550415039e+00
5.510082244873046875e+00 -1.198877239227294922e+01 3.301778078079223633e+00
5.338079929351806641e+00 -1.189336204528808594e+01 3.538378477096557617e+00
5.138915538787841797e+00 -1.179119873046875000e+01 3.775401115417480469e+00
4.901951789855957031e+00 -1.167976951599121094e+01 4.010894298553466797e+00
4.633885383605957031e+00 -1.157600688934326172e+01 4.235526084899902344e+00
4.350469112396240234e+00 -1.149455738067626953e+01 4.448792934417724609e+00
4.079248428344726562e+00 -1.143501472473144531e+01 4.632556438446044922e+00
3.837906599044799805e+00 -1.137309169769287109e+01 4.777607440948486328e+00
3.617052793502807617e+00 -1.129195022583007812e+01 4.890387535095214844e+00
3.392094373703002930e+00 -1.117470836639404297e+01 4.980966091156005859e+00
3.161273956298828125e+00 -1.103133392333984375e+01 5.059151649475097656e+00
2.923307895660400391e+00 -1.086739540100097656e+01 5.122615337371826172e+00
2.689694166183471680e+00 -1.069765853881835938e+01 5.173688888549804688e+00
2.457507371902465820e+00 -1.052398872375488281e+01 5.214763641357421875e+00
2.233435869216918945e+00 -1.035190296173095703e+01 5.245189189910888672e+00
2.022222757339477539e+00 -1.018640804290771484e+01 5.267180919647216797e+00
1.822692751884460449e+00 -1.002587699890136719e+01 5.278035163879394531e+00
1.638805150985717773e+00 -9.874447822570800781e+00 5.278571605682373047e+00
1.466457724571228027e+00 -9.734914779663085938e+00 5.268374919891357422e+00
1.305265069007873535e+00 -9.610985755920410156e+00 5.249617576599121094e+00
1.145977973937988281e+00 -9.501503944396972656e+00 5.223269462585449219e+00
9.958612322807312012e-01 -9.402487754821777344e+00 5.189793586730957031e+00
8.449090719223022461e-01 -9.314024925231933594e+00 5.150424003601074219e+00
6.941937208175659180e-01 -9.231128692626953125e+00 5.104223251342773438e+00
5.449499487876892090e-01 -9.156427383422851562e+00 5.055008888244628906e+00
3.928337991237640381e-01 -9.083073616027832031e+00 4.999725818634033203e+00
2.450783699750900269e-01 -9.014817237854003906e+00 4.939644813537597656e+00
9.562224149703979492e-02 -8.945293426513671875e+00 4.875318050384521484e+00
-5.013289675116539001e-02 -8.879298210144042969e+00 4.805381774902343750e+00
-1.945521980524063110e-01 -8.815204620361328125e+00 4.734297752380371094e+00
-3.310406208038330078e-01 -8.751451492309570312e+00 4.656737804412841797e+00
-4.704748690128326416e-01 -8.687000274658203125e+00 4.574213504791259766e+00
-6.070833206176757812e-01 -8.623205184936523438e+00 4.487758159637451172e+00
-7.432954311370849609e-01 -8.556300163269042969e+00 4.397264003753662109e+00
-8.768815994262695312e-01 -8.495123863220214844e+00 4.304236888885498047e+00
-1.006153821945190430e+00 -8.432454109191894531e+00 4.211214065551757812e+00
-1.138108253479003906e+00 -8.365218162536621094e+00 4.110195159912109375e+00
-1.268920183181762695e+00 -8.300929069519042969e+00 4.008234977722167969e+00
-1.398040652275085449e+00 -8.235075950622558594e+00 3.906441450119018555e+00
-1.527601122856140137e+00 -8.172097206115722656e+00 3.802628040313720703e+00
-1.651771426200866699e+00 -8.110269546508789062e+00 3.699762105941772461e+00
-1.778470516204833984e+00 -8.049566268920898438e+00 3.595571041107177734e+00
-1.903426289558410645e+00 -7.985007762908935547e+00 3.489294290542602539e+00
-2.021538734436035156e+00 -7.921041011810302734e+00 3.386619567871093750e+00
-2.137187242507934570e+00 -7.857821464538574219e+00 3.283604145050048828e+00
-2.247675895690917969e+00 -7.794876575469970703e+00 3.182992935180664062e+00
-2.353194952011108398e+00 -7.734491348266601562e+00 3.084359884262084961e+00
-2.451843976974487305e+00 -7.676664352416992188e+00 2.991386175155639648e+00
-2.545036077499389648e+00 -7.621412754058837891e+00 2.905687332153320312e+00
-2.628973960876464844e+00 -7.568445205688476562e+00 2.822255849838256836e+00
-2.707919597625732422e+00 -7.514630794525146484e+00 2.747685432434082031e+00
-2.772661685943603516e+00 -7.466159820556640625e+00 2.670074224472045898e+00
-2.836773872375488281e+00 -7.418633460998535156e+00 2.601676702499389648e+00
-2.893097400665283203e+00 -7.372388362884521484e+00 2.534907341003417969e+00
-2.940737009048461914e+00 -7.329507350921630859e+00 2.469090700149536133e+00
-2.976428270339965820e+00 -7.290833950042724609e+00 2.410078763961791992e+00
-3.001746654510498047e+00 -7.256787300109863281e+00 2.353020906448364258e+00
-3.017625808715820312e+00 -7.229013919830322266e+00 2.296496152877807617e+00
-3.024322986602783203e+00 -7.206556320190429688e+00 2.242596387863159180e+00
-3.022832870483398438e+00 -7.188478469848632812e+00 2.191503286361694336e+00
-3.011769771575927734e+00 -7.177921295166015625e+00 2.139284372329711914e+00
-2.993794918060302734e+00 -7.172992706298828125e+00 2.088817119598388672e+00
-2.964845180511474609e+00 -7.173877716064453125e+00 2.038011789321899414e+00
-2.925450801849365234e+00 -7.179589271545410156e+00 1.987127900123596191e+00
-2.877238035202026367e+00 -7.192572593688964844e+00 1.935663819313049316e+00
-2.815607309341430664e+00 -7.209913730621337891e+00 1.882919907569885254e+00
-2.744354963302612305e+00 -7.232478141784667969e+00 1.828120827674865723e+00
-2.659231424331665039e+00 -7.256167888641357422e+00 1.772407889366149902e+00
-2.562139034271240234e+00 -7.282876491546630859e+00 1.711660981178283691e+00
-2.456041097640991211e+00 -7.310413360595703125e+00 1.644232749938964844e+00
-2.332732677459716797e+00 -7.340062141418457031e+00 1.565258026123046875e+00
-2.191145181655883789e+00 -7.370587348937988281e+00 1.472924828529357910e+00
-2.028717756271362305e+00 -7.405673503875732422e+00 1.370715141296386719e+00
-1.842159152030944824e+00 -7.444477081298828125e+00 1.255037903785705566e+00
-1.634369969367980957e+00 -7.486260890960693359e+00 1.129019618034362793e+00
-1.402184128761291504e+00 -7.532838344573974609e+00 9.936741590499877930e-01
-1.151407003402709961e+00 -7.584807395935058594e+00 8.523814082145690918e-01
-8.830764889717102051e-01 -7.643160820007324219e+00 7.057924866676330566e-01
-6.054354310035705566e-01 -7.708564758300781250e+00 5.589805841445922852e-01
-3.203611671924591064e-01 -7.788018226623535156e+00 4.108386933803558350e-01
-3.553984686732292175e-02 -7.880899906158447266e+00 2.684693336486816406e-01
2.453735917806625366e-01 -7.993034839630126953e+00 1.287259906530380249e-01
5.147545933723449707e-01 -8.128504753112792969e+00 -4.895988851785659790e-03
7.720223069190979004e-01 -8.288217544555664062e+00 -1.300645023584365845e-01
1.018512129783630371e+00 -8.472350120544433594e+00 -2.481771409511566162e-01
1.247812628746032715e+00 -8.677294731140136719e+00 -3.557433784008026123e-01
1.459155797958374023e+00 -8.897622108459472656e+00 -4.496689438819885254e-01
1.659413576126098633e+00 -9.142986297607421875e+00 -5.351200103759765625e-01
1.843977332115173340e+00 -9.401536941528320312e+00 -6.078729033470153809e-01
2.008687019348144531e+00 -9.676871299743652344e+00 -6.662011146545410156e-01
2.155166149139404297e+00 -9.957639694213867188e+00 -7.084555029869079590e-01
2.283205986022949219e+00 -1.023648357391357422e+01 -7.350344061851501465e-01
2.393332958221435547e+00 -1.051237869262695312e+01 -7.449293136596679688e-01
2.489198923110961914e+00 -1.078245449066162109e+01 -7.401108145713806152e-01
2.573090314865112305e+00 -1.103837299346923828e+01 -7.232729792594909668e-01
2.647516727447509766e+00 -1.127471065521240234e+01 -6.962360143661499023e-01
2.713548183441162109e+00 -1.148508167266845703e+01 -6.616446375846862793e-01
2.772512674331665039e+00 -1.167109489440917969e+01 -6.230720877647399902e-01
2.825702667236328125e+00 -1.183204460144042969e+01 -5.818219184875488281e-01
2.873343944549560547e+00 -1.196892642974853516e+01 -5.382801890373229980e-01
2.918536901473999023e+00 -1.208775329589843750e+01 -4.946634769439697266e-01
2.959912776947021484e+00 -1.218634796142578125e+01 -4.516233205795288086e-01
3.000995635986328125e+00 -1.227641296386718750e+01 -4.055212140083312988e-01
3.042517185211181641e+00 -1.235675144195556641e+01 -3.569839298725128174e-01
3.085911273956298828e+00 -1.242853927612304688e+01 -3.041446506977081299e-01
3.131456375122070312e+00 -1.249868869781494141e+01 -2.472358345985412598e-01
3.181996107101440430e+00 -1.256691551208496094e+01 -1.820874214172363281e-01
3.240165233612060547e+00 -1.263485240936279297e+01 -1.049890071153640747e-01
3.306274414062500000e+00 -1.270164871215820312e+01 -1.471925806254148483e-02
3.384559392929077148e+00 -1.277357769012451172e+01 9.400011599063873291e-02
3.476820945739746094e+00 -1.284391021728515625e+01 2.252372205257415771e-01
3.583660364151000977e+00 -1.291072654724121094e+01 3.811389505863189697e-01
3.707962512969970703e+00 -1.296875095367431641e+01 5.691300630569458008e-01
3.845014572143554688e+00 -1.301116943359375000e+01 7.838996648788452148e-01
3.987592697143554688e+00 -1.303427886962890625e+01 1.025061130523681641e+00
4.129103660583496094e+00 -1.303015708923339844e+01 1.295116066932678223e+00
4.254966259002685547e+00 -1.300519847869873047e+01 1.592788338661193848e+00
4.354445934295654297e+00 -1.296606731414794922e+01 1.915374159812927246e+00
4.422068119049072266e+00 -1.291965007781982422e+01 2.256402254104614258e+00
4.458704471588134766e+00 -1.287214469909667969e+01 2.609818935394287109e+00
4.471426963806152344e+00 -1.282750892639160156e+01 2.961870431900024414e+00
4.468048572540283203e+00 -1.278555679321289062e+01 3.299713373184204102e+00
4.453923702239990234e+00 -1.274671459197998047e+01 3.606676101684570312e+00
4.433851718902587891e+00 -1.271041679382324219e+01 3.878522634506225586e+00
4.410269737243652344e+00 -1.267417526245117188e+01 4.108766555786132812e+00
4.380737781524658203e+00 -1.264558887481689453e+01 4.308144092559814453e+00
4.346962928771972656e+00 -1.262148666381835938e+01 4.479657649993896484e+00
4.309068679809570312e+00 -1.260159206390380859e+01 4.623023509979248047e+00
4.272540092468261719e+00 -1.258932590484619141e+01 4.731195449829101562e+00
4.237721920013427734e+00 -1.258163833618164062e+01 4.809583663940429688e+00
4.210502147674560547e+00 -1.257926464080810547e+01 4.865021705627441406e+00
4.191598892211914062e+00 -1.258132171630859375e+01 4.901455402374267578e+00
4.180229663848876953e+00 -1.258759975433349609e+01 4.924639225006103516e+00
4.176625728607177734e+00 -1.260329246520996094e+01 4.934963703155517578e+00
4.180510044097900391e+00 -1.263292503356933594e+01 4.932484149932861328e+00
4.193421840667724609e+00 -1.267224788665771484e+01 4.920918464660644531e+00
4.215408802032470703e+00 -1.272742843627929688e+01 4.897395610809326172e+00
4.242127418518066406e+00 -1.280170059204101562e+01 4.859376430511474609e+00
4.282625675201416016e+00 -1.289941310882568359e+01 4.803750991821289062e+00
4.325639247894287109e+00 -1.301195907592773438e+01 4.726054191589355469e+00
4.369391918182373047e+00 -1.313734626770019531e+01 4.625649929046630859e+00
4.407811164855957031e+00 -1.326467037200927734e+01 4.504325866699218750e+00
4.439819335937500000e+00 -1.340108013153076172e+01 4.359117984771728516e+00
4.462698459625244141e+00 -1.354697704315185547e+01 4.190340995788574219e+00
4.478826522827148438e+00 -1.369909667968750000e+01 3.998344659805297852e+00
4.481040000915527344e+00 -1.385263538360595703e+01 3.789035081863403320e+00
4.469307899475097656e+00 -1.400624465942382812e+01 3.566164493560791016e+00
4.443224430084228516e+00 -1.414804077148437500e+01 3.350442886352539062e+00
4.404202461242675781e+00 -1.428558349609375000e+01 3.134269237518310547e+00
4.353318214416503906e+00 -1.441106605529785156e+01 2.924282073974609375e+00
4.292732238769531250e+00 -1.452445697784423828e+01 2.733222961425781250e+00
4.230558872222900391e+00 -1.462354278564453125e+01 2.559134244918823242e+00
4.167908668518066406e+00 -1.470944976806640625e+01 2.405110120773315430e+00
4.103259563446044922e+00 -1.478622531890869141e+01 2.273322105407714844e+00
4.043775081634521484e+00 -1.485071468353271484e+01 2.155718326568603516e+00
3.988016843795776367e+00 -1.490655803680419922e+01 2.052810907363891602e+00
3.932617187500000000e+00 -1.495588970184326172e+01 1.966805338859558105e+00
3.879909515380859375e+00 -1.500093841552734375e+01 1.896878242492675781e+00
3.828956365585327148e+00 -1.504188156127929688e+01 1.834471106529235840e+00
3.782149314880371094e+00 -1.507511901855468750e+01 1.784905076026916504e+00
3.734196662902832031e+00 -1.511258220672607422e+01 1.745540618896484375e+00
3.686785697937011719e+00 -1.514935779571533203e+01 1.716438293457031250e+00
3.637910127639770508e+00 -1.518747997283935547e+01 1.696896553039550781e+00
3.589783668518066406e+00 -1.522594547271728516e+01 1.685051321983337402e+00
3.537969589233398438e+00 -1.526121139526367188e+01 1.685816407203674316e+00
3.485520362854003906e+00 -1.529635429382324219e+01 1.691786885261535645e+00
3.430994510650634766e+00 -1.533445549011230469e+01 1.702623844146728516e+00
3.374839067459106445e+00 -1.537172889709472656e+01 1.720016479492187500e+00
3.316919088363647461e+00 -1.540656852722167969e+01 1.743026614189147949e+00
3.255183219909667969e+00 -1.543742370605468750e+01 1.769085764884948730e+00
3.192232131958007812e+00 -1.546901512145996094e+01 1.801204085350036621e+00
3.129761457443237305e+00 -1.549789237976074219e+01 1.839509129524230957e+00
3.063391923904418945e+00 -1.552110958099365234e+01 1.881261587142944336e+00
2.994792222976684570e+00 -1.554433441162109375e+01 1.918811678886413574e+00
2.927737474441528320e+00 -1.556344795227050781e+01 1.963694095611572266e+00
2.860398292541503906e+00 -1.558027172088623047e+01 2.011445522308349609e+00
2.792638063430786133e+00 -1.559233856201171875e+01 2.058753967285156250e+00
2.718897104263305664e+00 -1.560677337646484375e+01 2.096799373626708984e+00
2.652979612350463867e+00 -1.560719585418701172e+01 2.147519350051879883e+00
2.586681842803955078e+00 -1.560857200622558594e+01 2.194788217544555664e+00
2.522229194641113281e+00 -1.560503101348876953e+01 2.244576454162597656e+00
2.461318731307983398e+00 -1.559946346282958984e+01 2.299118041992187500e+00
2.401695251464843750e+00 -1.558761215209960938e+01 2.350119113922119141e+00
2.342219829559326172e+00 -1.557704162597656250e+01 2.403834342956542969e+00
2.289156675338745117e+00 -1.556133174896240234e+01 2.460683345794677734e+00
2.236598014831542969e+00 -1.554038143157958984e+01 2.513952732086181641e+00
2.188748836517333984e+00 -1.551853084564208984e+01 2.574022769927978516e+00
2.142817258834838867e+00 -1.549391746520996094e+01 2.629658222198486328e+00
2.099387407302856445e+00 -1.546875190734863281e+01 2.686097145080566406e+00
2.045701980590820312e+00 -1.543658828735351562e+01 2.740394592285156250e+00
2.008866071701049805e+00 -1.540319538116455078e+01 2.807057619094848633e+00
1.973473906517028809e+00 -1.536390113830566406e+01 2.871908187866210938e+00
1.940423846244812012e+00 -1.532093048095703125e+01 2.938418626785278320e+00
1.909166932106018066e+00 -1.527364540100097656e+01 3.007854461669921875e+00
1.879612445831298828e+00 -1.522223567962646484e+01 3.079310417175292969e+00
1.850260257720947266e+00 -1.516574192047119141e+01 3.153723955154418945e+00
1.824594736099243164e+00 -1.510404872894287109e+01 3.231739282608032227e+00
1.802543163299560547e+00 -1.503733062744140625e+01 3.314620733261108398e+00
1.780726194381713867e+00 -1.496687984466552734e+01 3.396424531936645508e+00
1.762939214706420898e+00 -1.488503932952880859e+01 3.487176179885864258e+00
1.746438741683959961e+00 -1.479497337341308594e+01 3.581729412078857422e+00
1.735692977905273438e+00 -1.469689559936523438e+01 3.679547786712646484e+00
1.728634238243103027e+00 -1.458777141571044922e+01 3.782508134841918945e+00
1.726593613624572754e+00 -1.447025299072265625e+01 3.889498710632324219e+00
1.729957938194274902e+00 -1.434275913238525391e+01 3.997650623321533203e+00
1.734921932220458984e+00 -1.421084308624267578e+01 4.106972694396972656e+00
1.747439146041870117e+00 -1.406391143798828125e+01 4.220139503479003906e+00
1.764575242996215820e+00 -1.391079139709472656e+01 4.330509185791015625e+00
1.784250617027282715e+00 -1.375085735321044922e+01 4.439544200897216797e+00
1.806079864501953125e+00 -1.358257579803466797e+01 4.546801567077636719e+00
1.826044678688049316e+00 -1.340632820129394531e+01 4.652845382690429688e+00
1.844144105911254883e+00 -1.322782135009765625e+01 4.753184795379638672e+00
1.853228092193603516e+00 -1.305129051208496094e+01 4.844617366790771484e+00
1.851028084754943848e+00 -1.287109947204589844e+01 4.931607246398925781e+00
1.834937691688537598e+00 -1.268856239318847656e+01 5.013696193695068359e+00
1.803209066390991211e+00 -1.250787925720214844e+01 5.087791919708251953e+00
1.756207823753356934e+00 -1.232930564880371094e+01 5.154774665832519531e+00
1.695100545883178711e+00 -1.215226268768310547e+01 5.214323043823242188e+00
1.620385408401489258e+00 -1.197834777832031250e+01 5.265039443969726562e+00
1.536595582962036133e+00 -1.180868339538574219e+01 5.308930397033691406e+00
1.446249365806579590e+00 -1.164507293701171875e+01 5.345025539398193359e+00
1.351082801818847656e+00 -1.148682212829589844e+01 5.373254776000976562e+00
1.251720309257507324e+00 -1.134179496765136719e+01 5.393418312072753906e+00
1.148722767829895020e+00 -1.119994544982910156e+01 5.407448768615722656e+00
1.041114687919616699e+00 -1.106744766235351562e+01 5.412159919738769531e+00
9.293321371078491211e-01 -1.094525527954101562e+01 5.410207271575927734e+00
8.162370324134826660e-01 -1.082943058013916016e+01 5.402199268341064453e+00
7.031371593475341797e-01 -1.071882343292236328e+01 5.388605117797851562e+00
5.879595875740051270e-01 -1.061813735961914062e+01 5.368752002716064453e+00
4.746753573417663574e-01 -1.052132797241210938e+01 5.346032619476318359e+00
3.565295934677124023e-01 -1.043228244781494141e+01 5.315100193023681641e+00
2.421395480632781982e-01 -1.034553718566894531e+01 5.280004024505615234e+00
1.258137524127960205e-01 -1.025976848602294922e+01 5.239389419555664062e+00
1.046641543507575989e-02 -1.017936420440673828e+01 5.194593906402587891e+00
-1.015539392828941345e-01 -1.010500812530517578e+01 5.145464420318603516e+00
-2.197935730218887329e-01 -1.002938365936279297e+01 5.090202331542968750e+00
-3.377092182636260986e-01 -9.955016136169433594e+00 5.030881404876708984e+00
-4.533264040946960449e-01 -9.885127067565917969e+00 4.969355583190917969e+00
-5.732375979423522949e-01 -9.815757751464843750e+00 4.900865554809570312e+00
-6.913699507713317871e-01 -9.750140190124511719e+00 4.827181339263916016e+00
-8.117811679840087891e-01 -9.687229156494140625e+00 4.751156806945800781e+00
-9.348242282867431641e-01 -9.629806518554687500e+00 4.669020652770996094e+00
-1.055883765220642090e+00 -9.575340270996093750e+00 4.585619449615478516e+00
-1.177528500556945801e+00 -9.521091461181640625e+00 4.497517585754394531e+00
-1.307035565376281738e+00 -9.477495193481445312e+00 4.402848243713378906e+00
-1.437671184539794922e+00 -9.437625885009765625e+00 4.306691646575927734e+00
-1.570276021957397461e+00 -9.401922225952148438e+00 4.208256721496582031e+00
-1.701649665832519531e+00 -9.372017860412597656e+00 4.108458518981933594e+00
-1.836113333702087402e+00 -9.344925880432128906e+00 4.007153511047363281e+00
-1.970191478729248047e+00 -9.324964523315429688e+00 3.904795885086059570e+00
-2.101358652114868164e+00 -9.309469223022460938e+00 3.804675817489624023e+00
-2.232589483261108398e+00 -9.297712326049804688e+00 3.703914880752563477e+00
-2.362472057342529297e+00 -9.289046287536621094e+00 3.604147195816040039e+00
-2.490239143371582031e+00 -9.281994819641113281e+00 3.507501363754272461e+00
-2.607147932052612305e+00 -9.278071403503417969e+00 3.414378166198730469e+00
-2.719615697860717773e+00 -9.276797294616699219e+00 3.324655294418334961e+00
-2.829360008239746094e+00 -9.273305892944335938e+00 3.236920595169067383e+00
-2.930112361907958984e+00 -9.269617080688476562e+00 3.153549671173095703e+00
-3.023062229156494141e+00 -9.265004158020019531e+00 3.076050519943237305e+00
-3.109694719314575195e+00 -9.259654045104980469e+00 3.002259016036987305e+00
-3.190070629119873047e+00 -9.253262519836425781e+00 2.934858560562133789e+00
-3.263627767562866211e+00 -9.250780105590820312e+00 2.867119789123535156e+00
-3.331173419952392578e+00 -9.244293212890625000e+00 2.808834552764892578e+00
-3.396248579025268555e+00 -9.238323211669921875e+00 2.751289844512939453e+00
-3.457100152969360352e+00 -9.233521461486816406e+00 2.695798397064208984e+00
-3.514064550399780273e+00 -9.232904434204101562e+00 2.643655300140380859e+00
-3.567509889602661133e+00 -9.232066154479980469e+00 2.591075420379638672e+00
-3.618113517761230469e+00 -9.233922004699707031e+00 2.539228200912475586e+00
-3.664982318878173828e+00 -9.239337921142578125e+00 2.487875699996948242e+00
-3.709539651870727539e+00 -9.250283241271972656e+00 2.434889554977416992e+00
-3.756283044815063477e+00 -9.261548995971679688e+00 2.382795333862304688e+00
-3.797053098678588867e+00 -9.277635574340820312e+00 2.330846786499023438e+00
-3.833921670913696289e+00 -9.301330566406250000e+00 2.276227474212646484e+00
-3.873960971832275391e+00 -9.326515197753906250e+00 2.219538450241088867e+00
-3.912976980209350586e+00 -9.354642868041992188e+00 2.160958528518676758e+00
-3.952250480651855469e+00 -9.386653900146484375e+00 2.099183320999145508e+00
-3.991967439651489258e+00 -9.419152259826660156e+00 2.036127090454101562e+00
-4.035577774047851562e+00 -9.451247215270996094e+00 1.967898368835449219e+00
-4.082415103912353516e+00 -9.483992576599121094e+00 1.895342111587524414e+00
-4.130829811096191406e+00 -9.515912055969238281e+00 1.819166064262390137e+00
-4.182044506072998047e+00 -9.547995567321777344e+00 1.738101363182067871e+00
-4.234594345092773438e+00 -9.580936431884765625e+00 1.652323722839355469e+00
-4.290916442871093750e+00 -9.613528251647949219e+00 1.561537384986877441e+00
-4.349889278411865234e+00 -9.646155357360839844e+00 1.465640544891357422e+00
-4.412957668304443359e+00 -9.680362701416015625e+00 1.363365054130554199e+00
-4.476357936859130859e+00 -9.713141441345214844e+00 1.258648753166198730e+00
-4.541010856628417969e+00 -9.743514060974121094e+00 1.152351975440979004e+00
-4.604763507843017578e+00 -9.776262283325195312e+00 1.041402339935302734e+00
-4.669724464416503906e+00 -9.809597969055175781e+00 9.263947606086730957e-01
-4.733381748199462891e+00 -9.840888977050781250e+00 8.081119656562805176e-01
-4.799000263214111328e+00 -9.872116088867187500e+00 6.883124113082885742e-01
-4.863934993743896484e+00 -9.902422904968261719e+00 5.682474970817565918e-01
-4.923072814941406250e+00 -9.929749488830566406e+00 4.567764401435852051e-01
-4.983011245727539062e+00 -9.956577301025390625e+00 3.389051556587219238e-01
-5.040338993072509766e+00 -9.981215476989746094e+00 2.225302755832672119e-01
-5.094925403594970703e+00 -1.000398063659667969e+01 1.086151823401451111e-01
-5.150119304656982422e+00 -1.002861881256103516e+01 8.102755236905068159e-05
-5.200265407562255859e+00 -1.005007648468017578e+01 -1.080420091748237610e-01
-5.247718811035156250e+00 -1.007139396667480469e+01 -2.129994332790374756e-01
-5.293679714202880859e+00 -1.009141635894775391e+01 -3.140697181224822998e-01
-5.335992813110351562e+00 -1.011151027679443359e+01 -4.131748080253601074e-01
-5.380655765533447266e+00 -1.012461757659912109e+01 -5.075312256813049316e-01
-5.422896862030029297e+00 -1.013105010986328125e+01 -6.022250056266784668e-01
-5.459888458251953125e+00 -1.014131736755371094e+01 -6.918111443519592285e-01
-5.494380950927734375e+00 -1.014943599700927734e+01 -7.790852189064025879e-01
-5.524425029754638672e+00 -1.016537094116210938e+01 -8.630887269973754883e-01
-5.558338642120361328e+00 -1.016969394683837891e+01 -9.413068890571594238e-01
-5.591931343078613281e+00 -1.017616748809814453e+01 -1.019811749458312988e+00
-5.636793613433837891e+00 -1.018393802642822266e+01 -1.091305017471313477e+00
-5.621114253997802734e+00 -1.023414134979248047e+01 -1.175301671028137207e+00
-5.650701522827148438e+00 -1.030994892120361328e+01 -1.242153525352478027e+00
-5.633938312530517578e+00 -1.035913944244384766e+01 -1.320542693138122559e+00
-5.795242786407470703e+00 -1.032873535156250000e+01 -1.353373169898986816e+00
-5.884164333343505859e+00 -1.015407180786132812e+01 -1.411710619926452637e+00
-5.728178501129150391e+00 -1.001147651672363281e+01 -1.526292204856872559e+00
-5.547728538513183594e+00 -1.030658531188964844e+01 -1.629483819007873535e+00
-5.554441452026367188e+00 -1.014812088012695312e+01 -1.695215821266174316e+00
-5.763488769531250000e+00 -1.043398761749267578e+01 -1.703850030899047852e+00
-5.913978099822998047e+00 -1.002940750122070312e+01 -1.738109111785888672e+00
-5.800415992736816406e+00 -9.993612289428710938e+00 -1.821557879447937012e+00
-6.038119792938232422e+00 -1.016560363769531250e+01 -1.839760899543762207e+00
-5.934389114379882812e+00 -1.042861747741699219e+01 -1.926699280738830566e+00
-5.924178123474121094e+00 -1.044035148620605469e+01 -1.991667151451110840e+00
-6.077734947204589844e+00 -1.023136425018310547e+01 -2.023438453674316406e+00
-6.085035324096679688e+00 -1.022432518005371094e+01 -2.085839986801147461e+00
-5.688621997833251953e+00 -1.038536739349365234e+01 -2.211083173751831055e+00
-5.648745059967041016e+00 -1.031974124908447266e+01 -2.275508403778076172e+00
-5.710446834564208984e+00 -1.038044166564941406e+01 -2.334725379943847656e+00
-5.893641471862792969e+00 -1.043335819244384766e+01 -2.383324384689331055e+00
-5.761449813842773438e+00 -9.981726646423339844e+00 -2.427657365798950195e+00
-5.799248218536376953e+00 -9.969864845275878906e+00 -2.486099720001220703e+00
-5.911082267761230469e+00 -9.945344924926757812e+00 -2.540969848632812500e+00
-6.038875579833984375e+00 -9.986492156982421875e+00 -2.602773904800415039e+00
-6.114337921142578125e+00 -1.013564205169677734e+01 -2.686513423919677734e+00
-6.104683876037597656e+00 -1.021853446960449219e+01 -2.770442962646484375e+00
-6.003806591033935547e+00 -1.031695842742919922e+01 -2.861810207366943359e+00
-6.068420886993408203e+00 -1.026234722137451172e+01 -2.931408643722534180e+00
-5.798104763031005859e+00 -1.027124881744384766e+01 -3.017499208450317383e+00
-6.074844837188720703e+00 -1.006578350067138672e+01 -3.065019130706787109e+00
-5.810392856597900391e+00 -1.023737907409667969e+01 -3.163907766342163086e+00
-5.772242069244384766e+00 -1.020591926574707031e+01 -3.235341310501098633e+00
-5.756733894348144531e+00 -1.003584480285644531e+01 -3.291123867034912109e+00
-5.852256774902343750e+00 -9.917677879333496094e+00 -3.346606016159057617e+00
-5.963983535766601562e+00 -9.895151138305664062e+00 -3.415870666503906250e+00
-6.046365261077880859e+00 -9.926734924316406250e+00 -3.491634845733642578e+00
-6.066300392150878906e+00 -9.940855026245117188e+00 -3.561131238937377930e+00
-6.052524089813232422e+00 -1.017975616455078125e+01 -3.667713165283203125e+00
-6.069903850555419922e+00 -1.016580963134765625e+01 -3.730457782745361328e+00
-6.052075386047363281e+00 -1.018132972717285156e+01 -3.799925565719604492e+00
-5.984843254089355469e+00 -1.020813655853271484e+01 -3.864804744720458984e+00
-5.908581256866455078e+00 -1.021363353729248047e+01 -3.927247047424316406e+00
-5.780764102935791016e+00 -1.017187595367431641e+01 -3.975463628768920898e+00
-5.730637073516845703e+00 -1.011990928649902344e+01 -4.022066593170166016e+00
-5.724552631378173828e+00 -1.009924793243408203e+01 -4.081291198730468750e+00
-5.695272922515869141e+00 -1.004885768890380859e+01 -4.131136417388916016e+00
-5.754562377929687500e+00 -1.007673263549804688e+01 -4.211505889892578125e+00
-5.700476646423339844e+00 -9.880529403686523438e+00 -4.212693691253662109e+00
-5.771054267883300781e+00 -9.754632949829101562e+00 -4.242778301239013672e+00
-5.791679382324218750e+00 -9.732395172119140625e+00 -4.304185390472412109e+00
-5.835945129394531250e+00 -9.714785575866699219e+00 -4.367970466613769531e+00
-5.904363632202148438e+00 -9.716405868530273438e+00 -4.439146041870117188e+00
-5.990998268127441406e+00 -9.863820075988769531e+00 -4.559340000152587891e+00
-5.995944499969482422e+00 -9.781583786010742188e+00 -4.599189758300781250e+00
-6.005737304687500000e+00 -9.727255821228027344e+00 -4.647696018218994141e+00
-6.009300708770751953e+00 -9.701210975646972656e+00 -4.702053546905517578e+00
-5.996350288391113281e+00 -9.662992477416992188e+00 -4.754253864288330078e+00
-5.991602420806884766e+00 -9.650104522705078125e+00 -4.806268692016601562e+00
-5.977589607238769531e+00 -9.643045425415039062e+00 -4.855461120605468750e+00
-5.951832771301269531e+00 -9.639457702636718750e+00 -4.903241157531738281e+00
-5.916181564331054688e+00 -9.642562866210937500e+00 -4.947840690612792969e+00
-5.868217945098876953e+00 -9.650071144104003906e+00 -4.991671562194824219e+00
-5.808844566345214844e+00 -9.661421775817871094e+00 -5.038661956787109375e+00
-5.747408866882324219e+00 -9.670543670654296875e+00 -5.090213775634765625e+00
-5.678924560546875000e+00 -9.686383247375488281e+00 -5.153867721557617188e+00
-5.605442047119140625e+00 -9.695615768432617188e+00 -5.238677501678466797e+00
-5.519032955169677734e+00 -9.701760292053222656e+00 -5.353910923004150391e+00
-5.419218063354492188e+00 -9.700546264648437500e+00 -5.517307281494140625e+00
-5.297492027282714844e+00 -9.690740585327148438e+00 -5.732391834259033203e+00
-5.150939941406250000e+00 -9.679328918457031250e+00 -5.997873306274414062e+00
-4.990287303924560547e+00 -9.671031951904296875e+00 -6.290509223937988281e+00
-4.832188129425048828e+00 -9.672944068908691406e+00 -6.571414947509765625e+00
-4.690929412841796875e+00 -9.688248634338378906e+00 -6.821228981018066406e+00
-4.561118125915527344e+00 -9.723816871643066406e+00 -7.053400993347167969e+00
-4.448088169097900391e+00 -9.779026985168457031e+00 -7.256438732147216797e+00
-4.345671653747558594e+00 -9.853990554809570312e+00 -7.445192337036132812e+00
-4.251285076141357422e+00 -9.945376396179199219e+00 -7.623399734497070312e+00
-4.163306713104248047e+00 -1.004877758026123047e+01 -7.797481536865234375e+00
-4.081954479217529297e+00 -1.015145874023437500e+01 -7.961282253265380859e+00
-4.011597156524658203e+00 -1.024450492858886719e+01 -8.107068061828613281e+00
-3.953037023544311523e+00 -1.032402515411376953e+01 -8.230172157287597656e+00
-3.909473896026611328e+00 -1.038098049163818359e+01 -8.324707984924316406e+00
-3.877908706665039062e+00 -1.042329120635986328e+01 -8.392095565795898438e+00
-3.855053186416625977e+00 -1.045352458953857422e+01 -8.440937042236328125e+00
-3.838336467742919922e+00 -1.047586250305175781e+01 -8.476699829101562500e+00
-3.826463699340820312e+00 -1.049156856536865234e+01 -8.502217292785644531e+00
-3.817567348480224609e+00 -1.050346279144287109e+01 -8.521315574645996094e+00
-3.811120510101318359e+00 -1.051203632354736328e+01 -8.535243034362792969e+00
-3.806497097015380859e+00 -1.051810741424560547e+01 -8.544434547424316406e+00
-3.803398132324218750e+00 -1.052206420898437500e+01 -8.551331520080566406e+00
-3.801389217376708984e+00 -1.052480030059814453e+01 -8.555771827697753906e+00
-3.800217390060424805e+00 -1.052639007568359375e+01 -8.558330535888671875e+00
-3.799614429473876953e+00 -1.052720355987548828e+01 -8.559640884399414062e+00
-3.799417734146118164e+00 -1.052751827239990234e+01 -8.560231208801269531e+00
