-1.224511241912841797e+01 1.462055206298828125e+01 6.070900440216064453e+00
-1.284350872039794922e+01 1.548356437683105469e+01 6.397089481353759766e+00
-1.347302150726318359e+01 1.633827590942382812e+01 6.729781627655029297e+00
-1.406518650054931641e+01 1.715904617309570312e+01 7.046033382415771484e+00
-1.461629009246826172e+01 1.794129562377929688e+01 7.343973159790039062e+00
-1.512324905395507812e+01 1.868116378784179688e+01 7.622035980224609375e+00
-1.558364009857177734e+01 1.937555694580078125e+01 7.878978729248046875e+00
-1.599571895599365234e+01 2.002217864990234375e+01 8.113894462585449219e+00
-1.635844993591308594e+01 2.061951828002929688e+01 8.326215744018554688e+00
-1.667147064208984375e+01 2.116687583923339844e+01 8.515708923339843750e+00
-1.693513107299804688e+01 2.166433143615722656e+01 8.682482719421386719e+00
-1.715039825439453125e+01 2.211266326904296875e+01 8.826941490173339844e+00
-1.731887054443359375e+01 2.251335906982421875e+01 8.949797630310058594e+00
-1.744269561767578125e+01 2.286850547790527344e+01 9.052021026611328125e+00
-1.751251792907714844e+01 2.319957351684570312e+01 9.135389328002929688e+00
-1.748284530639648438e+01 2.358579826354980469e+01 9.203592300415039062e+00
-1.741526031494140625e+01 2.395347595214843750e+01 9.258234977722167969e+00
-1.730572128295898438e+01 2.435259819030761719e+01 9.308092117309570312e+00
-1.717006874084472656e+01 2.472048950195312500e+01 9.344980239868164062e+00
-1.701275062561035156e+01 2.506001663208007812e+01 9.370624542236328125e+00
-1.683817863464355469e+01 2.537414741516113281e+01 9.386763572692871094e+00
-1.665063095092773438e+01 2.566584968566894531e+01 9.395097732543945312e+00
-1.645420455932617188e+01 2.593799400329589844e+01 9.397264480590820312e+00
-1.625271987915039062e+01 2.619328308105468750e+01 9.394794464111328125e+00
-1.607352447509765625e+01 2.638269615173339844e+01 9.385194778442382812e+00
-1.595873260498046875e+01 2.642424392700195312e+01 9.363352775573730469e+00
-1.584550571441650391e+01 2.646108818054199219e+01 9.340994834899902344e+00
-1.573576259613037109e+01 2.649525833129882812e+01 9.319022178649902344e+00
-1.563100337982177734e+01 2.652821731567382812e+01 9.298114776611328125e+00
-1.553228473663330078e+01 2.656082534790039062e+01 9.278716087341308594e+00
-1.544022464752197266e+01 2.659334564208984375e+01 9.261042594909667969e+00
-1.535500717163085938e+01 2.662542343139648438e+01 9.245070457458496094e+00
-1.527639293670654297e+01 2.665610694885253906e+01 9.230550765991210938e+00
-1.520376777648925781e+01 2.668389701843261719e+01 9.217028617858886719e+00
-1.513614273071289062e+01 2.670674324035644531e+01 9.203840255737304688e+00
-1.507219600677490234e+01 2.672211456298828125e+01 9.190143585205078125e+00
-1.501034259796142578e+01 2.672707939147949219e+01 9.174948692321777344e+00
-1.494875717163085938e+01 2.671835517883300781e+01 9.157130241394042969e+00
-1.488542842864990234e+01 2.669238281250000000e+01 9.135464668273925781e+00
-1.481823062896728516e+01 2.664545059204101562e+01 9.108664512634277344e+00
-1.474493598937988281e+01 2.657372474670410156e+01 9.075395584106445312e+00
-1.466333961486816406e+01 2.647342872619628906e+01 9.034335136413574219e+00
-1.457124423980712891e+01 2.634086418151855469e+01 8.984183311462402344e+00
-1.446656703948974609e+01 2.617256546020507812e+01 8.923714637756347656e+00
-1.434736347198486328e+01 2.596535110473632812e+01 8.851794242858886719e+00
-1.421188640594482422e+01 2.571645736694335938e+01 8.767420768737792969e+00
-1.405862522125244141e+01 2.542359352111816406e+01 8.669750213623046875e+00
-1.388637161254882812e+01 2.508503150939941406e+01 8.558126449584960938e+00
-1.364260768890380859e+01 2.464934349060058594e+01 8.408703804016113281e+00
-1.334212207794189453e+01 2.413107109069824219e+01 8.228207588195800781e+00
-1.301646900177001953e+01 2.356146430969238281e+01 8.031035423278808594e+00
-1.266611480712890625e+01 2.294182586669921875e+01 7.817564487457275391e+00
-1.229200172424316406e+01 2.227429771423339844e+01 7.588463306427001953e+00
-1.201558399200439453e+01 2.160125350952148438e+01 7.383820533752441406e+00
-1.230048751831054688e+01 2.108844757080078125e+01 7.357454776763916016e+00
-1.271043205261230469e+01 2.027482414245605469e+01 7.304618358612060547e+00
-1.312184715270996094e+01 1.942501831054687500e+01 7.245050430297851562e+00
-1.353113746643066406e+01 1.854509162902832031e+01 7.179002761840820312e+00
-1.393461227416992188e+01 1.764154434204101562e+01 7.106789112091064453e+00
-1.432859230041503906e+01 1.672124671936035156e+01 7.028799057006835938e+00
-1.465590286254882812e+01 1.591023826599121094e+01 6.954871177673339844e+00
-1.485617160797119141e+01 1.550921916961669922e+01 6.928362846374511719e+00
-1.461831092834472656e+01 1.502628135681152344e+01 6.771190166473388672e+00
-1.430570125579833984e+01 1.452292919158935547e+01 6.590458869934082031e+00
-1.396812629699707031e+01 1.402125835418701172e+01 6.403530597686767578e+00
-1.362135314941406250e+01 1.356720447540283203e+01 6.223562717437744141e+00
-1.327269363403320312e+01 1.315577888488769531e+01 6.051485538482666016e+00
-1.292282581329345703e+01 1.275923728942871094e+01 5.882019519805908203e+00
-1.257388782501220703e+01 1.237736320495605469e+01 5.715682029724121094e+00
-1.223381328582763672e+01 1.201598453521728516e+01 5.555692195892333984e+00
-1.198476028442382812e+01 1.173110866546630859e+01 5.434547424316406250e+00
-1.173694515228271484e+01 1.146171283721923828e+01 5.316770553588867188e+00
-1.149049758911132812e+01 1.120893955230712891e+01 5.202620029449462891e+00
-1.124927520751953125e+01 1.097298908233642578e+01 5.093145370483398438e+00
-1.101467132568359375e+01 1.075323104858398438e+01 4.988584995269775391e+00
-1.078769302368164062e+01 1.054643917083740234e+01 4.888568878173828125e+00
-1.061224937438964844e+01 1.037686729431152344e+01 4.809346675872802734e+00
-1.044832611083984375e+01 1.022568702697753906e+01 4.736754417419433594e+00
-1.028888702392578125e+01 1.008910942077636719e+01 4.668206214904785156e+00
-1.013556861877441406e+01 9.966300964355468750e+00 4.603966712951660156e+00
-9.989069938659667969e+00 9.856435775756835938e+00 4.544055461883544922e+00
-9.849952697753906250e+00 9.758591651916503906e+00 4.488438606262207031e+00
-9.718659400939941406e+00 9.671770095825195312e+00 4.437035083770751953e+00
-9.595495223999023438e+00 9.594912528991699219e+00 4.389717102050781250e+00
-9.481628417968750000e+00 9.525879859924316406e+00 4.346368312835693359e+00
-9.379696846008300781e+00 9.460811614990234375e+00 4.306920051574707031e+00
-9.285855293273925781e+00 9.402716636657714844e+00 4.270958900451660156e+00
-9.199918746948242188e+00 9.350597381591796875e+00 4.238239288330078125e+00
-9.121619224548339844e+00 9.303511619567871094e+00 4.208506584167480469e+00
-9.050611495971679688e+00 9.260581970214843750e+00 4.181497573852539062e+00
-8.986495971679687500e+00 9.221011161804199219e+00 4.156951904296875000e+00
-8.928828239440917969e+00 9.184103012084960938e+00 4.134614944458007812e+00
-8.875932693481445312e+00 9.149437904357910156e+00 4.113967418670654297e+00
-8.827588081359863281e+00 9.116483688354492188e+00 4.094845771789550781e+00
-8.784214019775390625e+00 9.084718704223632812e+00 4.077258110046386719e+00
-8.745401382446289062e+00 9.053856849670410156e+00 4.061040401458740234e+00
-8.710753440856933594e+00 9.023710250854492188e+00 4.046052455902099609e+00
-8.679909706115722656e+00 8.994199752807617188e+00 4.032184123992919922e+00
-8.652535438537597656e+00 8.965326309204101562e+00 4.019347667694091797e+00
-8.628328323364257812e+00 8.937172889709472656e+00 4.007482051849365234e+00
-8.607028007507324219e+00 8.909895896911621094e+00 3.996547937393188477e+00
-8.588404655456542969e+00 8.883698463439941406e+00 3.986526250839233398e+00
-8.572267532348632812e+00 8.858827590942382812e+00 3.977415800094604492e+00
-8.558455467224121094e+00 8.835557937622070312e+00 3.969227790832519531e+00
-8.546836853027343750e+00 8.814170837402343750e+00 3.961983442306518555e+00
-8.537300109863281250e+00 8.794945716857910156e+00 3.955708980560302734e+00
-8.529756546020507812e+00 8.778141021728515625e+00 3.950431585311889648e+00
-8.524127006530761719e+00 8.763984680175781250e+00 3.946175813674926758e+00
-8.520344734191894531e+00 8.752668380737304688e+00 3.942961215972900391e+00
-8.518341064453125000e+00 8.744321823120117188e+00 3.940795421600341797e+00
-8.518052101135253906e+00 8.739023208618164062e+00 3.939677953720092773e+00
-8.518021583557128906e+00 8.736990928649902344e+00 3.939270257949829102e+00
-8.516965866088867188e+00 8.738348007202148438e+00 3.939260959625244141e+00
-8.517115592956542969e+00 8.742621421813964844e+00 3.940140724182128906e+00
-8.518424034118652344e+00 8.749607086181640625e+00 3.941856861114501953e+00
-8.520838737487792969e+00 8.759047508239746094e+00 3.944344758987426758e+00
-8.524305343627929688e+00 8.770629882812500000e+00 3.947529077529907227e+00
-8.528762817382812500e+00 8.783993721008300781e+00 3.951322793960571289e+00
-8.534148216247558594e+00 8.798746109008789062e+00 3.955632448196411133e+00
-8.540406227111816406e+00 8.814479827880859375e+00 3.960362911224365234e+00
-8.547480583190917969e+00 8.830781936645507812e+00 3.965418815612792969e+00
-8.555330276489257812e+00 8.847249984741210938e+00 3.970710039138793945e+00
-8.563924789428710938e+00 8.863512992858886719e+00 3.976155996322631836e+00
-8.573254585266113281e+00 8.879245758056640625e+00 3.981689453125000000e+00
-8.583329200744628906e+00 8.894186019897460938e+00 3.987262010574340820e+00
-8.594185829162597656e+00 8.908149719238281250e+00 3.992846727371215820e+00
-8.605887413024902344e+00 8.921043395996093750e+00 3.998442173004150391e+00
-8.618526458740234375e+00 8.932880401611328125e+00 4.004074573516845703e+00
-8.632231712341308594e+00 8.943786621093750000e+00 4.009803295135498047e+00
-8.647154808044433594e+00 8.954007148742675781e+00 4.015715122222900391e+00
-8.663485527038574219e+00 8.963914871215820312e+00 4.021933555603027344e+00
-8.681432723999023438e+00 8.974002838134765625e+00 4.028609752655029297e+00
-8.701234817504882812e+00 8.984889984130859375e+00 4.035928726196289062e+00
-8.717847824096679688e+00 8.985649108886718750e+00 4.040421485900878906e+00
-8.730717658996582031e+00 8.975298881530761719e+00 4.041750907897949219e+00
-8.748196601867675781e+00 8.972518920898437500e+00 4.045773983001708984e+00
-8.771004676818847656e+00 8.979271888732910156e+00 4.053065299987792969e+00
-8.799848556518554688e+00 8.997563362121582031e+00 4.064204216003417969e+00
-8.834860801696777344e+00 9.018038749694824219e+00 4.077385902404785156e+00
-8.876804351806640625e+00 9.045191764831542969e+00 4.093692302703857422e+00
-8.926729202270507812e+00 9.090503692626953125e+00 4.115657329559326172e+00
-8.985156059265136719e+00 9.156021118164062500e+00 4.143819332122802734e+00
-9.052519798278808594e+00 9.243612289428710938e+00 4.178659439086914062e+00
-9.129155158996582031e+00 9.354925155639648438e+00 4.220588684082031250e+00
-9.220471382141113281e+00 9.471350669860839844e+00 4.267362117767333984e+00
-9.294034957885742188e+00 9.577430725097656250e+00 4.307459354400634766e+00
-9.365021705627441406e+00 9.687117576599121094e+00 4.347591876983642578e+00
-9.434078216552734375e+00 9.808351516723632812e+00 4.389491081237792969e+00
-9.498017311096191406e+00 9.962026596069335938e+00 4.436432361602783203e+00
-9.561717987060546875e+00 1.013026428222656250e+01 4.486176013946533203e+00
-9.624986648559570312e+00 1.031282234191894531e+01 4.538622856140136719e+00
-9.646582603454589844e+00 1.051809597015380859e+01 4.584641456604003906e+00
-9.757438659667968750e+00 1.080968189239501953e+01 4.670973300933837891e+00
-9.919190406799316406e+00 1.112839603424072266e+01 4.775948047637939453e+00
-1.031259059906005859e+01 1.152930164337158203e+01 4.957653999328613281e+00
-1.072066211700439453e+01 1.194875621795654297e+01 5.146843910217285156e+00
-1.112213230133056641e+01 1.241824913024902344e+01 5.344149589538574219e+00
-1.143608188629150391e+01 1.299054050445556641e+01 5.538789749145507812e+00
-1.176551055908203125e+01 1.365259075164794922e+01 5.755130767822265625e+00
-1.233674335479736328e+01 1.460079288482666016e+01 6.090972423553466797e+00
-1.304383277893066406e+01 1.559054470062255859e+01 6.470506191253662109e+00
-1.372324085235595703e+01 1.652882957458496094e+01 6.832680702209472656e+00
-1.428610229492187500e+01 1.725609016418457031e+01 7.122879981994628906e+00
-1.483926486968994141e+01 1.797293281555175781e+01 7.408494472503662109e+00
-1.537807273864746094e+01 1.867499732971191406e+01 7.687448501586914062e+00
-1.585721492767333984e+01 1.933478546142578125e+01 7.942488670349121094e+00
-1.624891471862792969e+01 1.993512725830078125e+01 8.162974357604980469e+00
-1.662212371826171875e+01 2.051465797424316406e+01 8.374532699584960938e+00
-1.697405242919921875e+01 2.107106018066406250e+01 8.575977325439453125e+00
-1.729831123352050781e+01 2.163104438781738281e+01 8.770893096923828125e+00
-1.759588623046875000e+01 2.218148612976074219e+01 8.956954956054687500e+00
-1.786447143554687500e+01 2.270868301391601562e+01 9.130864143371582031e+00
-1.810317039489746094e+01 2.321215629577636719e+01 9.292295455932617188e+00
-1.831084251403808594e+01 2.369177246093750000e+01 9.440921783447265625e+00
-1.846042633056640625e+01 2.419773292541503906e+01 9.579542160034179688e+00
-1.854545593261718750e+01 2.474200820922851562e+01 9.708818435668945312e+00
-1.859603691101074219e+01 2.526787757873535156e+01 9.825469017028808594e+00
-1.861296463012695312e+01 2.577519226074218750e+01 9.929671287536621094e+00
-1.859742736816406250e+01 2.626379966735839844e+01 1.002170562744140625e+01
-1.855096054077148438e+01 2.673349380493164062e+01 1.010193443298339844e+01
-1.847542762756347656e+01 2.718400573730468750e+01 1.017079067230224609e+01
-1.837295532226562500e+01 2.761497306823730469e+01 1.022875881195068359e+01
-1.826715278625488281e+01 2.797126197814941406e+01 1.027116870880126953e+01
-1.820589828491210938e+01 2.813565254211425781e+01 1.028748512268066406e+01
-1.812691307067871094e+01 2.827458953857421875e+01 1.029415893554687500e+01
-1.802044677734375000e+01 2.838216781616210938e+01 1.028748035430908203e+01
-1.782621002197265625e+01 2.842346191406250000e+01 1.024481678009033203e+01
-1.761834335327148438e+01 2.844078063964843750e+01 1.019387435913085938e+01
-1.739986419677734375e+01 2.843559837341308594e+01 1.013573265075683594e+01
-1.717365837097167969e+01 2.840936660766601562e+01 1.007143020629882812e+01
-1.694247817993164062e+01 2.836351203918457031e+01 1.000196743011474609e+01
-1.670887565612792969e+01 2.829942512512207031e+01 9.928285598754882812e+00
-1.647521018981933594e+01 2.821848106384277344e+01 9.851272583007812500e+00
-1.624361801147460938e+01 2.812202262878417969e+01 9.771749496459960938e+00
-1.601603507995605469e+01 2.801140594482421875e+01 9.690490722656250000e+00
-1.579414463043212891e+01 2.788796234130859375e+01 9.608197212219238281e+00
-1.557942295074462891e+01 2.775305747985839844e+01 9.525524139404296875e+00
-1.537312030792236328e+01 2.760807418823242188e+01 9.443070411682128906e+00
-1.517628574371337891e+01 2.745442199707031250e+01 9.361386299133300781e+00
-1.498976039886474609e+01 2.729354476928710938e+01 9.280977249145507812e+00
-1.481420993804931641e+01 2.712695312500000000e+01 9.202313423156738281e+00
-1.465013504028320312e+01 2.695618820190429688e+01 9.125829696655273438e+00
-1.449787330627441406e+01 2.678283882141113281e+01 9.051925659179687500e+00
-1.435764122009277344e+01 2.660854530334472656e+01 8.980981826782226562e+00
-1.422953224182128906e+01 2.643497848510742188e+01 8.913350105285644531e+00
-1.411353111267089844e+01 2.626383399963378906e+01 8.849360466003417969e+00
-1.400954437255859375e+01 2.609679603576660156e+01 8.789319992065429688e+00
-1.391740322113037109e+01 2.593556404113769531e+01 8.733518600463867188e+00
-1.383686256408691406e+01 2.578176879882812500e+01 8.682212829589843750e+00
-1.376763153076171875e+01 2.563699722290039062e+01 8.635639190673828125e+00
-1.370936489105224609e+01 2.550273323059082031e+01 8.593997955322265625e+00
-1.366167068481445312e+01 2.538033676147460938e+01 8.557456016540527344e+00
-1.362410926818847656e+01 2.527100944519042969e+01 8.526133537292480469e+00
-1.359620761871337891e+01 2.517577552795410156e+01 8.500107765197753906e+00
-1.357743072509765625e+01 2.509542655944824219e+01 8.479395866394042969e+00
-1.356720638275146484e+01 2.503052139282226562e+01 8.463957786560058594e+00
-1.356488895416259766e+01 2.498131370544433594e+01 8.453673362731933594e+00
-1.356980037689208984e+01 2.494780540466308594e+01 8.448367118835449219e+00
-1.358116626739501953e+01 2.492963218688964844e+01 8.447764396667480469e+00
-1.359815979003906250e+01 2.492611885070800781e+01 8.451517105102539062e+00
-1.361986351013183594e+01 2.493624877929687500e+01 8.459183692932128906e+00
-1.364529514312744141e+01 2.495865631103515625e+01 8.470239639282226562e+00
-1.367335700988769531e+01 2.499161148071289062e+01 8.484058380126953125e+00
-1.370289611816406250e+01 2.503308486938476562e+01 8.499938964843750000e+00
-1.373264026641845703e+01 2.508070564270019531e+01 8.517081260681152344e+00
-1.376125907897949219e+01 2.513181877136230469e+01 8.534616470336914062e+00
-1.378732395172119141e+01 2.518350601196289062e+01 8.551596641540527344e+00
-1.380934524536132812e+01 2.523262596130371094e+01 8.567015647888183594e+00
-1.382578659057617188e+01 2.527587890625000000e+01 8.579821586608886719e+00
-1.383506870269775391e+01 2.530982017517089844e+01 8.588923454284667969e+00
-1.383558940887451172e+01 2.533094596862792969e+01 8.593214035034179688e+00
-1.382577037811279297e+01 2.533575057983398438e+01 8.591591835021972656e+00
-1.380407238006591797e+01 2.532078742980957031e+01 8.582976341247558594e+00
-1.376902008056640625e+01 2.528273582458496094e+01 8.566328048706054688e+00
-1.371924877166748047e+01 2.521846961975097656e+01 8.540675163269042969e+00
-1.365354347229003906e+01 2.512513160705566406e+01 8.505138397216796875e+00
-1.357085418701171875e+01 2.500019073486328125e+01 8.458946228027343750e+00
-1.347035980224609375e+01 2.484152221679687500e+01 8.401464462280273438e+00
-1.335148620605468750e+01 2.464745903015136719e+01 8.332216262817382812e+00
-1.321394538879394531e+01 2.441683959960937500e+01 8.250898361206054688e+00
-1.305777072906494141e+01 2.414908027648925781e+01 8.157402992248535156e+00
-1.286319637298583984e+01 2.382456016540527344e+01 8.042705535888671875e+00
-1.260984706878662109e+01 2.342335128784179688e+01 7.897556781768798828e+00
-1.233640480041503906e+01 2.298339080810546875e+01 7.739533901214599609e+00
-1.204489231109619141e+01 2.250717735290527344e+01 7.569656372070312500e+00
-1.173781776428222656e+01 2.199795913696289062e+01 7.389218330383300781e+00
-1.141816520690917969e+01 2.145973777770996094e+01 7.199787616729736328e+00
-1.108936023712158203e+01 2.089721488952636719e+01 7.003184318542480469e+00
-1.075522613525390625e+01 2.031571197509765625e+01 6.801455020904541016e+00
-1.041992664337158203e+01 1.972113609313964844e+01 6.596849918365478516e+00
-1.008791255950927734e+01 1.911985588073730469e+01 6.391784667968750000e+00
-9.763827323913574219e+00 1.851861000061035156e+01 6.188799858093261719e+00
-9.452433586120605469e+00 1.792438316345214844e+01 5.990513801574707031e+00
-9.158524513244628906e+00 1.734430313110351562e+01 5.799581050872802734e+00
-8.886827468872070312e+00 1.678548431396484375e+01 5.618638038635253906e+00
-8.641900062561035156e+00 1.625491333007812500e+01 5.450249195098876953e+00
-8.428045272827148438e+00 1.575931358337402344e+01 5.296863079071044922e+00
-8.249211311340332031e+00 1.530501937866210938e+01 5.160756587982177734e+00
-8.108910560607910156e+00 1.489785099029541016e+01 5.043993949890136719e+00
-8.065872192382812500e+00 1.449364852905273438e+01 4.953244686126708984e+00
-8.392857551574707031e+00 1.409141826629638672e+01 4.959628582000732422e+00
-8.734542846679687500e+00 1.375182914733886719e+01 4.982176780700683594e+00
-9.088618278503417969e+00 1.347836494445800781e+01 5.020968914031982422e+00
-9.452542304992675781e+00 1.327357292175292969e+01 5.075841903686523438e+00
-9.823527336120605469e+00 1.313900279998779297e+01 5.146372795104980469e+00
-1.019858264923095703e+01 1.307524204254150391e+01 5.231894016265869141e+00
-1.044236755371093750e+01 1.310427665710449219e+01 5.301343917846679688e+00
-1.065065383911132812e+01 1.320798492431640625e+01 5.376199245452880859e+00
-1.087149429321289062e+01 1.337541484832763672e+01 5.466869354248046875e+00
-1.110255622863769531e+01 1.360333919525146484e+01 5.572109222412109375e+00
-1.134127521514892578e+01 1.388781642913818359e+01 5.690473556518554688e+00
-1.158490753173828125e+01 1.422431945800781250e+01 5.820355415344238281e+00
-1.183056545257568359e+01 1.460782241821289062e+01 5.960010528564453125e+00
-1.207526206970214844e+01 1.503291988372802734e+01 6.107594490051269531e+00
-1.230350685119628906e+01 1.541902160644531250e+01 6.243207454681396484e+00
-1.251328468322753906e+01 1.576628684997558594e+01 6.366354465484619141e+00
-1.271347141265869141e+01 1.613978767395019531e+01 6.492153167724609375e+00
-1.291583824157714844e+01 1.653919982910156250e+01 6.623618125915527344e+00
-1.323632621765136719e+01 1.699286842346191406e+01 6.796638011932373047e+00
-1.354388523101806641e+01 1.746117591857910156e+01 6.969156265258789062e+00
-1.383517074584960938e+01 1.793973922729492188e+01 7.139437198638916016e+00
-1.410717582702636719e+01 1.842437744140625000e+01 7.305871009826660156e+00
-1.435728645324707031e+01 1.891111946105957031e+01 7.466995239257812500e+00
-1.458331012725830078e+01 1.939625549316406250e+01 7.621505260467529297e+00
-1.473964023590087891e+01 1.994507026672363281e+01 7.770317077636718750e+00
-1.486230850219726562e+01 2.049570274353027344e+01 7.910685539245605469e+00
-1.495375537872314453e+01 2.103990554809570312e+01 8.041626930236816406e+00
-1.501394176483154297e+01 2.157415199279785156e+01 8.162435531616210938e+00
-1.504325294494628906e+01 2.209504318237304688e+01 8.272545814514160156e+00
-1.504245090484619141e+01 2.259928131103515625e+01 8.371507644653320312e+00
-1.501541042327880859e+01 2.307765007019042969e+01 8.458520889282226562e+00
-1.503941822052001953e+01 2.336320495605468750e+01 8.520958900451660156e+00
-1.503833484649658203e+01 2.362057495117187500e+01 8.571294784545898438e+00
-1.501310920715332031e+01 2.384846305847167969e+01 8.609519004821777344e+00
-1.496478843688964844e+01 2.404561042785644531e+01 8.635659217834472656e+00
-1.489448070526123047e+01 2.421078300476074219e+01 8.649762153625488281e+00
-1.480330181121826172e+01 2.434272384643554688e+01 8.651871681213378906e+00
-1.469237804412841797e+01 2.444017982482910156e+01 8.642037391662597656e+00
-1.456277370452880859e+01 2.450187110900878906e+01 8.620284080505371094e+00
-1.441551876068115234e+01 2.452651214599609375e+01 8.586629867553710938e+00
-1.425154590606689453e+01 2.451281738281250000e+01 8.541064262390136719e+00
-1.407172489166259766e+01 2.445953369140625000e+01 8.483569145202636719e+00
-1.387684726715087891e+01 2.436547470092773438e+01 8.414116859436035156e+00
-1.366763210296630859e+01 2.422956085205078125e+01 8.332685470581054688e+00
-1.344475078582763672e+01 2.405088233947753906e+01 8.239269256591796875e+00
-1.320883369445800781e+01 2.382872581481933594e+01 8.133893966674804688e+00
-1.296049308776855469e+01 2.356265449523925781e+01 8.016633987426757812e+00
-1.270035648345947266e+01 2.325255012512207031e+01 7.887629508972167969e+00
-1.242909145355224609e+01 2.289868545532226562e+01 7.747107982635498047e+00
-1.214741230010986328e+01 2.250173568725585938e+01 7.595390796661376953e+00
-1.185613632202148438e+01 2.206287956237792969e+01 7.432921886444091797e+00
-1.149042320251464844e+01 2.151965522766113281e+01 7.230464458465576172e+00
-1.107944297790527344e+01 2.090168952941894531e+01 7.001471519470214844e+00
-1.066034698486328125e+01 2.024679756164550781e+01 6.763094425201416016e+00
-1.023496055603027344e+01 1.955873870849609375e+01 6.516549110412597656e+00
-9.805317878723144531e+00 1.884185028076171875e+01 6.263221263885498047e+00
-9.373644828796386719e+00 1.810101699829101562e+01 6.004652976989746094e+00
-9.063127517700195312e+00 1.741255760192871094e+01 5.788063049316406250e+00
-8.828711509704589844e+00 1.675429534912109375e+01 5.597308635711669922e+00
-8.799699783325195312e+00 1.583718490600585938e+01 5.409350395202636719e+00
-9.273259162902832031e+00 1.502976036071777344e+01 5.374366283416748047e+00
-9.746749877929687500e+00 1.422023677825927734e+01 5.338951110839843750e+00
-1.021480369567871094e+01 1.341608333587646484e+01 5.303170204162597656e+00
-1.063007259368896484e+01 1.278808403015136719e+01 5.288233757019042969e+00
-1.108400344848632812e+01 1.249248409271240234e+01 5.348780632019042969e+00
-1.134834766387939453e+01 1.222061538696289062e+01 5.364425659179687500e+00
-1.120977020263671875e+01 1.194035911560058594e+01 5.273073673248291016e+00
-1.103955459594726562e+01 1.168899726867675781e+01 5.179132938385009766e+00
-1.087191200256347656e+01 1.145429992675781250e+01 5.089141845703125000e+00
-1.074057674407958984e+01 1.125822353363037109e+01 5.016240119934082031e+00
-1.064208507537841797e+01 1.109947681427001953e+01 4.959267139434814453e+00
-1.054010295867919922e+01 1.095620155334472656e+01 4.904424190521240234e+00
-1.041934871673583984e+01 1.081863498687744141e+01 4.845796108245849609e+00
-1.030350112915039062e+01 1.070246791839599609e+01 4.792659759521484375e+00
-1.019393444061279297e+01 1.060844993591308594e+01 4.745521545410156250e+00
-1.009198379516601562e+01 1.053708839416503906e+01 4.704830646514892578e+00
-9.998921394348144531e+00 1.048865413665771484e+01 4.670972824096679688e+00
-9.915931701660156250e+00 1.046316909790039062e+01 4.644262313842773438e+00
-9.844082832336425781e+00 1.046043872833251953e+01 4.624939918518066406e+00
-9.773479461669921875e+00 1.047049617767333984e+01 4.608458042144775391e+00
-9.699135780334472656e+00 1.049246692657470703e+01 4.593341350555419922e+00
-9.651072502136230469e+00 1.055467033386230469e+01 4.593008518218994141e+00
-9.676303863525390625e+00 1.069217967987060547e+01 4.626650333404541016e+00
-9.709476470947265625e+00 1.084532833099365234e+01 4.665444374084472656e+00
-9.748639106750488281e+00 1.101112556457519531e+01 4.708291530609130859e+00
-9.878223419189453125e+00 1.122735786437988281e+01 4.784699916839599609e+00
-1.011456108093261719e+01 1.149926280975341797e+01 4.899969577789306641e+00
-1.037219047546386719e+01 1.178903675079345703e+01 5.024320125579833984e+00
-1.064884567260742188e+01 1.209405612945556641e+01 5.156643867492675781e+00
-1.085312557220458984e+01 1.245318317413330078e+01 5.280685901641845703e+00
-1.101986598968505859e+01 1.287702560424804688e+01 5.407641410827636719e+00
-1.122133922576904297e+01 1.338644027709960938e+01 5.560507297515869141e+00
-1.149685478210449219e+01 1.406225776672363281e+01 5.765459537506103516e+00
-1.177779293060302734e+01 1.473548889160156250e+01 5.971321582794189453e+00
-1.208893966674804688e+01 1.526715373992919922e+01 6.157238483428955078e+00
-1.251381206512451172e+01 1.580977439880371094e+01 6.375044822692871094e+00
-1.293001270294189453e+01 1.634027290344238281e+01 6.588200092315673828e+00
-1.333388710021972656e+01 1.685572242736816406e+01 6.795172691345214844e+00
-1.372192382812500000e+01 1.735354995727539062e+01 6.994538307189941406e+00
-1.409082412719726562e+01 1.783156967163085938e+01 7.185005187988281250e+00
-1.443752765655517578e+01 1.828796005249023438e+01 7.365414619445800781e+00
-1.475927162170410156e+01 1.872128295898437500e+01 7.534760951995849609e+00
-1.505362415313720703e+01 1.913045501708984375e+01 7.692195892333984375e+00
-1.530355167388916016e+01 1.950615310668945312e+01 7.831432342529296875e+00
-1.550822544097900391e+01 1.984847259521484375e+01 7.952271938323974609e+00
-1.569022178649902344e+01 2.017103004455566406e+01 8.063295364379882812e+00
-1.582993316650390625e+01 2.050971603393554688e+01 8.166435241699218750e+00
-1.591697978973388672e+01 2.090749740600585938e+01 8.267428398132324219e+00
-1.597439575195312500e+01 2.132961273193359375e+01 8.365459442138671875e+00
-1.600679779052734375e+01 2.173701667785644531e+01 8.454057693481445312e+00
-1.598722839355468750e+01 2.211441230773925781e+01 8.523165702819824219e+00
-1.592439746856689453e+01 2.246680259704589844e+01 8.576044082641601562e+00
-1.583115673065185547e+01 2.280134582519531250e+01 8.617462158203125000e+00
-1.570951843261718750e+01 2.311874198913574219e+01 8.648082733154296875e+00
-1.556180095672607422e+01 2.341962623596191406e+01 8.668637275695800781e+00
-1.539056873321533203e+01 2.370451164245605469e+01 8.679897308349609375e+00
-1.522195434570312500e+01 2.392345046997070312e+01 8.678871154785156250e+00
-1.510003471374511719e+01 2.398799133300781250e+01 8.659687995910644531e+00
-1.496418094635009766e+01 2.403572082519531250e+01 8.633555412292480469e+00
-1.481689643859863281e+01 2.406803894042968750e+01 8.601403236389160156e+00
-1.466068840026855469e+01 2.408628463745117188e+01 8.564148902893066406e+00
-1.449801445007324219e+01 2.409168243408203125e+01 8.522678375244140625e+00
-1.433129119873046875e+01 2.408537101745605469e+01 8.477846145629882812e+00
-1.416283798217773438e+01 2.406835746765136719e+01 8.430456161499023438e+00
-1.399486923217773438e+01 2.404152488708496094e+01 8.381261825561523438e+00
-1.382946300506591797e+01 2.400562095642089844e+01 8.330953598022460938e+00
-1.366857147216796875e+01 2.396127128601074219e+01 8.280164718627929688e+00
-1.351395988464355469e+01 2.390895271301269531e+01 8.229451179504394531e+00
-1.336724662780761719e+01 2.384903144836425781e+01 8.179306030273437500e+00
-1.322985458374023438e+01 2.378173065185546875e+01 8.130147933959960938e+00
-1.310303211212158203e+01 2.370716476440429688e+01 8.082323074340820312e+00
-1.298781394958496094e+01 2.362532424926757812e+01 8.036102294921875000e+00
-1.288505077362060547e+01 2.353610038757324219e+01 7.991686344146728516e+00
-1.279537963867187500e+01 2.343928337097167969e+01 7.949199199676513672e+00
-1.271922492980957031e+01 2.333455467224121094e+01 7.908690929412841797e+00
-1.265679931640625000e+01 2.322151374816894531e+01 7.870136260986328125e+00
-1.260809993743896484e+01 2.309966850280761719e+01 7.833439826965332031e+00
-1.257289409637451172e+01 2.296843910217285156e+01 7.798425674438476562e+00
-1.255073642730712891e+01 2.282717514038085938e+01 7.764849185943603516e+00
-1.254095935821533203e+01 2.267514419555664062e+01 7.732391834259033203e+00
-1.254267406463623047e+01 2.251154136657714844e+01 7.700664043426513672e+00
-1.255477809906005859e+01 2.233550262451171875e+01 7.669205665588378906e+00
-1.255049896240234375e+01 2.212126350402832031e+01 7.625951766967773438e+00
-1.253520298004150391e+01 2.187454414367675781e+01 7.573428630828857422e+00
-1.252071380615234375e+01 2.160748863220214844e+01 7.517117500305175781e+00
-1.250475311279296875e+01 2.131862640380859375e+01 7.456131935119628906e+00
-1.329624366760253906e+01 2.109333419799804688e+01 7.618764400482177734e+00
-1.427108383178710938e+01 2.060060119628906250e+01 7.776735782623291016e+00
-1.528492736816406250e+01 2.007145500183105469e+01 7.937743663787841797e+00
-1.636377143859863281e+01 1.952521514892578125e+01 8.112384796142578125e+00
-1.759927368164062500e+01 1.902025794982910156e+01 8.336104393005371094e+00
-1.854677009582519531e+01 1.852925300598144531e+01 8.487266540527343750e+00
-1.925945091247558594e+01 1.846692085266113281e+01 8.661343574523925781e+00
-1.976916313171386719e+01 1.850850868225097656e+01 8.802791595458984375e+00
-2.015201568603515625e+01 1.847830200195312500e+01 8.896950721740722656e+00
-2.051442527770996094e+01 1.842186164855957031e+01 8.980606079101562500e+00
-2.080403137207031250e+01 1.831313133239746094e+01 9.034940719604492188e+00
-2.103671455383300781e+01 1.816306304931640625e+01 9.066263198852539062e+00
-2.124926948547363281e+01 1.799385261535644531e+01 9.088558197021484375e+00
-2.143123435974121094e+01 1.787520408630371094e+01 9.112798690795898438e+00
-2.155565261840820312e+01 1.797877502441406250e+01 9.165699005126953125e+00
-2.151010131835937500e+01 1.794085502624511719e+01 9.146330833435058594e+00
-2.135030746459960938e+01 1.780783653259277344e+01 9.078390121459960938e+00
-2.116006851196289062e+01 1.764947128295898438e+01 8.997504234313964844e+00
-2.093972015380859375e+01 1.746604347229003906e+01 8.903816223144531250e+00
-2.069003105163574219e+01 1.725819015502929688e+01 8.797654151916503906e+00
-2.041219329833984375e+01 1.702690505981445312e+01 8.679522514343261719e+00
-2.010778045654296875e+01 1.677349662780761719e+01 8.550092697143554688e+00
-1.978658103942871094e+01 1.650611495971679688e+01 8.413524627685546875e+00
-1.946748733520507812e+01 1.624048614501953125e+01 8.277852058410644531e+00
-1.915007019042968750e+01 1.597625350952148438e+01 8.142892837524414062e+00
-1.881810188293457031e+01 1.569990539550781250e+01 8.001745223999023438e+00
-1.847020530700683594e+01 1.541029930114746094e+01 7.853826999664306641e+00
-1.810924720764160156e+01 1.510982036590576172e+01 7.700354576110839844e+00
-1.773818588256835938e+01 1.480093193054199219e+01 7.542586803436279297e+00
-1.735999870300292969e+01 1.448611068725585938e+01 7.381789207458496094e+00
-1.697762870788574219e+01 1.416780662536621094e+01 7.219212532043457031e+00
-1.659393882751464844e+01 1.384840488433837891e+01 7.056075096130371094e+00
-1.621165466308593750e+01 1.353017425537109375e+01 6.893536090850830078e+00
-1.583332633972167969e+01 1.321523475646972656e+01 6.732677936553955078e+00
-1.546127796173095703e+01 1.290552425384521484e+01 6.574490547180175781e+00
-1.509759521484375000e+01 1.260277748107910156e+01 6.419859409332275391e+00
-1.483363914489746094e+01 1.238304710388183594e+01 6.307630538940429688e+00
-1.458805370330810547e+01 1.217860984802246094e+01 6.203212738037109375e+00
-1.435088253021240234e+01 1.198117733001708984e+01 6.102372169494628906e+00
-1.412318325042724609e+01 1.179162979125976562e+01 6.005558490753173828e+00
-1.390577793121337891e+01 1.161065006256103516e+01 5.913122177124023438e+00
-1.369925022125244141e+01 1.143872642517089844e+01 5.825310230255126953e+00
-1.350395965576171875e+01 1.127615737915039062e+01 5.742276668548583984e+00
-1.332005023956298828e+01 1.112306213378906250e+01 5.664082050323486328e+00
-1.314745426177978516e+01 1.097938537597656250e+01 5.590697765350341797e+00
-1.298593997955322266e+01 1.084493350982666016e+01 5.522025108337402344e+00
-1.283510208129882812e+01 1.071936798095703125e+01 5.457891464233398438e+00
-1.267177104949951172e+01 1.058340358734130859e+01 5.388446331024169922e+00
-1.251817417144775391e+01 1.045554256439208984e+01 5.323140144348144531e+00
-1.237442874908447266e+01 1.033588123321533203e+01 5.262022495269775391e+00
-1.223987388610839844e+01 1.022387218475341797e+01 5.204812526702880859e+00
-1.211821937561035156e+01 1.012260150909423828e+01 5.153087615966796875e+00
-1.200400352478027344e+01 1.002752208709716797e+01 5.104525089263916016e+00
-1.189639854431152344e+01 9.937946319580078125e+00 5.058773517608642578e+00
-1.179459476470947266e+01 9.853199958801269531e+00 5.015488147735595703e+00
-1.169317531585693359e+01 9.768774032592773438e+00 4.972366809844970703e+00
-1.157072353363037109e+01 9.666839599609375000e+00 4.920302867889404297e+00
-1.145279407501220703e+01 9.568669319152832031e+00 4.870161533355712891e+00
-1.133888530731201172e+01 9.473845481872558594e+00 4.821729660034179688e+00
-1.122854137420654297e+01 9.381989479064941406e+00 4.774813652038574219e+00
-1.113126277923583984e+01 9.301011085510253906e+00 4.733452796936035156e+00
-1.104214859008789062e+01 9.226827621459960938e+00 4.695563316345214844e+00
-1.095505619049072266e+01 9.154328346252441406e+00 4.658533096313476562e+00
-1.086973190307617188e+01 9.083299636840820312e+00 4.622255325317382812e+00
-1.078597164154052734e+01 9.013573646545410156e+00 4.586641788482666016e+00
-1.070360851287841797e+01 8.945010185241699219e+00 4.551622390747070312e+00
-1.062251758575439453e+01 8.877506256103515625e+00 4.517144203186035156e+00
-1.054260063171386719e+01 8.810979843139648438e+00 4.483165264129638672e+00
-1.046377658843994141e+01 8.745362281799316406e+00 4.449650764465332031e+00
-1.038598632812500000e+01 8.680605888366699219e+00 4.416575431823730469e+00
-1.030916309356689453e+01 8.616655349731445312e+00 4.383912086486816406e+00
-1.023325061798095703e+01 8.553462028503417969e+00 4.351635456085205078e+00
-1.015817737579345703e+01 8.490967750549316406e+00 4.319715976715087891e+00
-1.008386039733886719e+01 8.429101943969726562e+00 4.288117885589599609e+00
-1.001019954681396484e+01 8.367783546447753906e+00 4.256798744201660156e+00
-9.937068939208984375e+00 8.306905746459960938e+00 4.225704669952392578e+00
-9.864318847656250000e+00 8.246345520019531250e+00 4.194773197174072266e+00
-9.791786193847656250e+00 8.185965538024902344e+00 4.163933277130126953e+00
-9.719279289245605469e+00 8.125607490539550781e+00 4.133104801177978516e+00
-9.646585464477539062e+00 8.065093994140625000e+00 4.102197170257568359e+00
-9.573487281799316406e+00 8.004242897033691406e+00 4.071117401123046875e+00
-9.499618530273437500e+00 7.942750930786132812e+00 4.039709568023681641e+00
-9.423812866210937500e+00 7.879646778106689453e+00 4.007478237152099609e+00
-9.346857070922851562e+00 7.815585613250732422e+00 3.974758625030517578e+00
-9.268540382385253906e+00 7.750390052795410156e+00 3.941459655761718750e+00
-9.188661575317382812e+00 7.683895587921142578e+00 3.907496929168701172e+00
-9.107051849365234375e+00 7.615960121154785156e+00 3.872798204421997070e+00
-9.023571014404296875e+00 7.546466350555419922e+00 3.837303638458251953e+00
-8.938122749328613281e+00 7.475335121154785156e+00 3.800972700119018555e+00
-8.850640296936035156e+00 7.402510643005371094e+00 3.763776779174804688e+00
-8.761113166809082031e+00 7.327983856201171875e+00 3.725711584091186523e+00
-8.669566154479980469e+00 7.251775741577148438e+00 3.686787605285644531e+00
-8.576068878173828125e+00 7.173943996429443359e+00 3.647034406661987305e+00
-8.480737686157226562e+00 7.094585895538330078e+00 3.606501579284667969e+00
-8.383725166320800781e+00 7.013827800750732422e+00 3.565253734588623047e+00
-8.285219192504882812e+00 6.931827068328857422e+00 3.523370981216430664e+00
-8.185322761535644531e+00 6.848668098449707031e+00 3.480896949768066406e+00
-8.083401679992675781e+00 6.763823986053466797e+00 3.437561988830566406e+00
-7.980677604675292969e+00 6.678311347961425781e+00 3.393885612487792969e+00
-7.877423763275146484e+00 6.592358112335205078e+00 3.349984169006347656e+00
-7.773915290832519531e+00 6.506192684173583984e+00 3.305974483489990234e+00
-7.670425891876220703e+00 6.420042991638183594e+00 3.261972904205322266e+00
-7.567220211029052734e+00 6.334129810333251953e+00 3.218091964721679688e+00
-7.464545726776123047e+00 6.248658657073974609e+00 3.174436569213867188e+00
-7.362632274627685547e+00 6.163820743560791016e+00 3.131104946136474609e+00
-7.261682033538818359e+00 6.079784870147705078e+00 3.088182926177978516e+00
-7.161870002746582031e+00 5.996696472167968750e+00 3.045744895935058594e+00
-7.063342094421386719e+00 5.914677143096923828e+00 3.003852605819702148e+00
-6.966210365295410156e+00 5.833819866180419922e+00 2.962554216384887695e+00
-6.870555877685546875e+00 5.754192829132080078e+00 2.921883821487426758e+00
-6.776428222656250000e+00 5.675836086273193359e+00 2.881862401962280273e+00
-6.678143024444580078e+00 5.594018936157226562e+00 2.840073585510253906e+00
-6.581489562988281250e+00 5.513559818267822266e+00 2.798978328704833984e+00
-6.486987590789794922e+00 5.434891700744628906e+00 2.758797883987426758e+00
-6.364095687866210938e+00 5.332591056823730469e+00 2.706547021865844727e+00
-6.238787174224853516e+00 5.228278160095214844e+00 2.653268098831176758e+00
-6.114271640777587891e+00 5.124625205993652344e+00 2.600326538085937500e+00
-5.944943904876708984e+00 4.983668804168701172e+00 2.528331756591796875e+00
-5.780075550079345703e+00 4.846424102783203125e+00 2.458232879638671875e+00
-5.695261478424072266e+00 4.775821208953857422e+00 2.422171592712402344e+00
-5.677633285522460938e+00 4.761146545410156250e+00 2.414676427841186523e+00
-5.658580303192138672e+00 4.745285511016845703e+00 2.406575441360473633e+00
-5.638015270233154297e+00 4.728166580200195312e+00 2.397831678390502930e+00
-5.615885257720947266e+00 4.709744453430175781e+00 2.388422489166259766e+00
-5.592174053192138672e+00 4.690006256103515625e+00 2.378340959548950195e+00
-5.566902160644531250e+00 4.668968677520751953e+00 2.367595911026000977e+00
-5.540132045745849609e+00 4.646683692932128906e+00 2.356213569641113281e+00
-5.511961936950683594e+00 4.623233795166015625e+00 2.344236373901367188e+00
-5.482528686523437500e+00 4.598731994628906250e+00 2.331722021102905273e+00
-5.438640117645263672e+00 4.562196731567382812e+00 2.313061237335205078e+00
-5.388098239898681641e+00 4.520123481750488281e+00 2.291571855545043945e+00
-5.337124347686767578e+00 4.477690696716308594e+00 2.269898891448974609e+00
-5.278270721435546875e+00 4.428697586059570312e+00 2.244875192642211914e+00
-5.212771415710449219e+00 4.374172687530517578e+00 2.217026233673095703e+00
-5.147747993469238281e+00 4.320044517517089844e+00 2.189379692077636719e+00
-5.083516597747802734e+00 4.266574859619140625e+00 2.162069559097290039e+00
-5.020398616790771484e+00 4.214032649993896484e+00 2.135233163833618164e+00
-4.958709716796875000e+00 4.162680149078369141e+00 2.109004497528076172e+00
-4.898754596710205078e+00 4.112770080566406250e+00 2.083512544631958008e+00
-4.841575622558593750e+00 4.065171718597412109e+00 2.059201240539550781e+00
-4.795687198638916016e+00 4.026972293853759766e+00 2.039690494537353516e+00
-4.752038478851318359e+00 3.990636825561523438e+00 2.021131753921508789e+00
-4.710766315460205078e+00 3.956279993057250977e+00 2.003583669662475586e+00
-4.671969413757324219e+00 3.923983573913574219e+00 1.987088084220886230e+00
-4.635712623596191406e+00 3.893801689147949219e+00 1.971672415733337402e+00
-4.602020263671875000e+00 3.865754365921020508e+00 1.957347035408020020e+00
-4.570878982543945312e+00 3.839830875396728516e+00 1.944106340408325195e+00
-4.541896820068359375e+00 3.815705060958862305e+00 1.931783795356750488e+00
-4.505872249603271484e+00 3.785716056823730469e+00 1.916466712951660156e+00
-4.472301959991455078e+00 3.757771015167236328e+00 1.902193427085876465e+00
-4.441098213195800781e+00 3.731795310974121094e+00 1.888926148414611816e+00
-4.412142753601074219e+00 3.707691431045532227e+00 1.876614928245544434e+00
-4.385288715362548828e+00 3.685336828231811523e+00 1.865197181701660156e+00
-4.360377788543701172e+00 3.664599657058715820e+00 1.854605436325073242e+00
-4.337230205535888672e+00 3.645330429077148438e+00 1.844763517379760742e+00
-4.315658092498779297e+00 3.627372980117797852e+00 1.835591554641723633e+00
-4.295462608337402344e+00 3.610560894012451172e+00 1.827004671096801758e+00
-4.276446819305419922e+00 3.594731569290161133e+00 1.818919777870178223e+00
-4.258410930633544922e+00 3.579717397689819336e+00 1.811251044273376465e+00
-4.241153240203857422e+00 3.565351486206054688e+00 1.803913593292236328e+00
-4.224483966827392578e+00 3.551475286483764648e+00 1.796826124191284180e+00
-4.208214282989501953e+00 3.537931442260742188e+00 1.789908528327941895e+00
-4.192163467407226562e+00 3.524569988250732422e+00 1.783084034919738770e+00
-4.176160812377929688e+00 3.511248350143432617e+00 1.776279926300048828e+00
-4.160045623779296875e+00 3.497833490371704102e+00 1.769428014755249023e+00
-4.143669128417968750e+00 3.484200716018676758e+00 1.762465119361877441e+00
-4.126891136169433594e+00 3.470233917236328125e+00 1.755331397056579590e+00
-4.109586715698242188e+00 3.455829143524169922e+00 1.747974038124084473e+00
-4.091644287109375000e+00 3.440892696380615234e+00 1.740345120429992676e+00
-4.072964668273925781e+00 3.425343036651611328e+00 1.732402920722961426e+00
-4.048225402832031250e+00 3.404748916625976562e+00 1.721884369850158691e+00
-4.016510963439941406e+00 3.378348588943481445e+00 1.708400130271911621e+00
-3.983266830444335938e+00 3.350674629211425781e+00 1.694265365600585938e+00
-3.948474884033203125e+00 3.321712017059326172e+00 1.679472446441650391e+00
-3.912142753601074219e+00 3.291467428207397461e+00 1.664024829864501953e+00
-3.874309062957763672e+00 3.259972810745239258e+00 1.647938728332519531e+00
-3.835045814514160156e+00 3.227288007736206055e+00 1.631244659423828125e+00
-3.794453144073486328e+00 3.193496942520141602e+00 1.613985419273376465e+00
-3.752676486968994141e+00 3.158720016479492188e+00 1.596222877502441406e+00
-3.709896802902221680e+00 3.123108148574829102e+00 1.578033685684204102e+00
-3.666339635848999023e+00 3.086848974227905273e+00 1.559514164924621582e+00
-3.622275829315185547e+00 3.050168275833129883e+00 1.540779113769531250e+00
-3.578029870986938477e+00 3.013335704803466797e+00 1.521966576576232910e+00
-3.533974409103393555e+00 2.976661920547485352e+00 1.503234982490539551e+00
-3.490536689758300781e+00 2.940502166748046875e+00 1.484766244888305664e+00
-3.448201179504394531e+00 2.905260086059570312e+00 1.466765880584716797e+00
-3.407503128051757812e+00 2.871381044387817383e+00 1.449461936950683594e+00
-3.363654136657714844e+00 2.834878921508789062e+00 1.430818200111389160e+00
-3.301873683929443359e+00 2.783449888229370117e+00 1.404550313949584961e+00
-3.242248296737670898e+00 2.733814954757690430e+00 1.379198789596557617e+00
-3.185550212860107422e+00 2.686616897583007812e+00 1.355091929435729980e+00
-3.132603883743286133e+00 2.642541646957397461e+00 1.332580208778381348e+00
-3.084261417388916016e+00 2.602299213409423828e+00 1.312025904655456543e+00
-3.192212820053100586e+00 2.692162990570068359e+00 1.357924699783325195e+00
-3.403318405151367188e+00 2.867897510528564453e+00 1.447682619094848633e+00
-3.773826360702514648e+00 3.176326036453247070e+00 1.605215311050415039e+00
-4.488522529602050781e+00 4.170010089874267578e+00 1.987511754035949707e+00
-5.601426124572753906e+00 6.425836563110351562e+00 2.722154855728149414e+00
-6.812043190002441406e+00 8.937619209289550781e+00 3.532686710357666016e+00
-7.636857509613037109e+00 1.041347980499267578e+01 4.038606643676757812e+00
-8.341083526611328125e+00 1.159657192230224609e+01 4.455417633056640625e+00
-9.018188476562500000e+00 1.264391613006591797e+01 4.838438987731933594e+00
-9.637724876403808594e+00 1.347849178314208984e+01 5.164562225341796875e+00
-1.014952564239501953e+01 1.425396442413330078e+01 5.450893402099609375e+00
-1.065268039703369141e+01 1.502388954162597656e+01 5.733872413635253906e+00
-1.115607738494873047e+01 1.579005146026611328e+01 6.016175270080566406e+00
-1.165582466125488281e+01 1.654701805114746094e+01 6.295714378356933594e+00
-1.214802455902099609e+01 1.728950881958007812e+01 6.570434093475341797e+00
-1.262884712219238281e+01 1.801252174377441406e+01 6.838347911834716797e+00
-1.309457397460937500e+01 1.871136856079101562e+01 7.097561836242675781e+00
-1.354168510437011719e+01 1.938179206848144531e+01 7.346319198608398438e+00
-1.397619628906250000e+01 2.004791259765625000e+01 7.590934753417968750e+00
-1.439264488220214844e+01 2.066757965087890625e+01 7.821691989898681641e+00
-1.478085708618164062e+01 2.123786735534667969e+01 8.035355567932128906e+00
-1.513767051696777344e+01 2.176864624023437500e+01 8.233037948608398438e+00
-1.546112155914306641e+01 2.225823593139648438e+01 8.413897514343261719e+00
-1.574972724914550781e+01 2.270562362670898438e+01 8.577345848083496094e+00
-1.600249099731445312e+01 2.311042022705078125e+01 8.723046302795410156e+00
-1.621892356872558594e+01 2.347286605834960938e+01 8.850918769836425781e+00
-1.639901542663574219e+01 2.379379081726074219e+01 8.961122512817382812e+00
-1.654324913024902344e+01 2.407458305358886719e+01 9.054059028625488281e+00
-1.665258598327636719e+01 2.431716156005859375e+01 9.130354881286621094e+00
-1.672840499877929688e+01 2.452389335632324219e+01 9.190837860107421875e+00
-1.677251052856445312e+01 2.469755363464355469e+01 9.236524581909179688e+00
-1.678704261779785156e+01 2.484125328063964844e+01 9.268586158752441406e+00
-1.677446556091308594e+01 2.495836257934570312e+01 9.288330078125000000e+00
-1.673749542236328125e+01 2.505245018005371094e+01 9.297168731689453125e+00
-1.667904663085937500e+01 2.512719917297363281e+01 9.296587944030761719e+00
-1.660217094421386719e+01 2.518634986877441406e+01 9.288122177124023438e+00
-1.651000022888183594e+01 2.523360633850097656e+01 9.273317337036132812e+00
-1.640568161010742188e+01 2.527259063720703125e+01 9.253709793090820312e+00
-1.629377365112304688e+01 2.528420257568359375e+01 9.226734161376953125e+00
-1.617627716064453125e+01 2.528742408752441406e+01 9.196647644042968750e+00
-1.606042861938476562e+01 2.530540847778320312e+01 9.169894218444824219e+00
-1.595219707489013672e+01 2.535094642639160156e+01 9.150552749633789062e+00
-1.584614086151123047e+01 2.540293502807617188e+01 9.133048057556152344e+00
-1.574431610107421875e+01 2.546312904357910156e+01 9.118264198303222656e+00
-1.564847087860107422e+01 2.553283882141113281e+01 9.106914520263671875e+00
-1.556004428863525391e+01 2.561296081542968750e+01 9.099553108215332031e+00
-1.539496040344238281e+01 2.565502166748046875e+01 9.064662933349609375e+00
-1.522409915924072266e+01 2.569930839538574219e+01 9.028699874877929688e+00
-1.506550025939941406e+01 2.575552558898925781e+01 8.998289108276367188e+00
-1.491951656341552734e+01 2.582296943664550781e+01 8.973384857177734375e+00
-1.478609180450439453e+01 2.590049362182617188e+01 8.953747749328613281e+00
-1.466480636596679688e+01 2.598651885986328125e+01 8.938955307006835938e+00
-1.455487346649169922e+01 2.607906341552734375e+01 8.928413391113281250e+00
-1.445519351959228516e+01 2.617578315734863281e+01 8.921374320983886719e+00
-1.436438369750976562e+01 2.627399444580078125e+01 8.916946411132812500e+00
-1.428080272674560547e+01 2.637072372436523438e+01 8.914117813110351562e+00
-1.420261859893798828e+01 2.646275138854980469e+01 8.911775588989257812e+00
-1.412783622741699219e+01 2.654665565490722656e+01 8.908724784851074219e+00
-1.405434799194335938e+01 2.661887359619140625e+01 8.903714179992675781e+00
-1.397997283935546875e+01 2.667572784423828125e+01 8.895449638366699219e+00
-1.390250778198242188e+01 2.671351432800292969e+01 8.882628440856933594e+00
-1.381976699829101562e+01 2.672853469848632812e+01 8.863948822021484375e+00
-1.372963047027587891e+01 2.671715927124023438e+01 8.838145256042480469e+00
-1.363007164001464844e+01 2.667590141296386719e+01 8.803999900817871094e+00
-1.351921081542968750e+01 2.660144233703613281e+01 8.760370254516601562e+00
-1.339533901214599609e+01 2.649074363708496094e+01 8.706211090087890625e+00
-1.325695800781250000e+01 2.634106445312500000e+01 8.640591621398925781e+00
-1.310280704498291016e+01 2.615002822875976562e+01 8.562715530395507812e+00
-1.293188190460205078e+01 2.591569519042968750e+01 8.471938133239746094e+00
-1.274346828460693359e+01 2.563658905029296875e+01 8.367782592773437500e+00
-1.253714561462402344e+01 2.531175994873046875e+01 8.249952316284179688e+00
-1.231280517578125000e+01 2.494081115722656250e+01 8.118339538574218750e+00
-1.207066059112548828e+01 2.452394104003906250e+01 7.973041057586669922e+00
-1.181122779846191406e+01 2.406194114685058594e+01 7.814346313476562500e+00
-1.153534507751464844e+01 2.355623435974121094e+01 7.642754554748535156e+00
-1.118167400360107422e+01 2.294792556762695312e+01 7.430644989013671875e+00
-1.078941345214843750e+01 2.227648162841796875e+01 7.196028709411621094e+00
-1.038433456420898438e+01 2.156860160827636719e+01 6.950894355773925781e+00
-9.968994140625000000e+00 2.082863807678222656e+01 6.696767807006835938e+00
-9.546163558959960938e+00 2.006143760681152344e+01 6.435325622558593750e+00
-9.118761062622070312e+00 1.927225112915039062e+01 6.168365001678466797e+00
-8.769181251525878906e+00 1.851327514648437500e+01 5.927692413330078125e+00
-8.490601539611816406e+00 1.780990409851074219e+01 5.716519355773925781e+00
-8.212876319885253906e+00 1.710686111450195312e+01 5.505634307861328125e+00
-7.923909664154052734e+00 1.639494895935058594e+01 5.290066242218017578e+00
-7.634282112121582031e+00 1.568171691894531250e+01 5.074065685272216797e+00
-7.346147537231445312e+00 1.497231483459472656e+01 4.859208583831787109e+00
-7.061606884002685547e+00 1.427174091339111328e+01 4.647027492523193359e+00
-6.782684803009033203e+00 1.358478069305419922e+01 4.438992500305175781e+00
-6.511281013488769531e+00 1.291590309143066406e+01 4.236480236053466797e+00
-6.249148368835449219e+00 1.226920509338378906e+01 4.040753841400146484e+00
-6.001511096954345703e+00 1.165390586853027344e+01 3.854992866516113281e+00
-5.783112049102783203e+00 1.109355163574218750e+01 3.687682628631591797e+00
-5.586638927459716797e+00 1.058393955230712891e+01 3.536085128784179688e+00
-5.446642398834228516e+00 1.023372173309326172e+01 3.430602550506591797e+00
-5.301016807556152344e+00 9.885807991027832031e+00 3.324101686477661133e+00
-5.155458927154541016e+00 9.563040733337402344e+00 3.222563743591308594e+00
-5.074228286743164062e+00 9.152812957763671875e+00 3.120643854141235352e+00
-5.028185367584228516e+00 8.719162940979003906e+00 3.023317098617553711e+00
-5.002871990203857422e+00 8.476435661315917969e+00 2.968960285186767578e+00
-4.990341663360595703e+00 8.282331466674804688e+00 2.927508592605590820e+00
-4.983944416046142578e+00 8.114483833312988281e+00 2.892824411392211914e+00
-4.971707344055175781e+00 7.978514671325683594e+00 2.862883329391479492e+00
-4.956830024719238281e+00 7.865959167480468750e+00 2.836856603622436523e+00
-4.945853233337402344e+00 7.769523143768310547e+00 2.815020084381103516e+00
-4.938510417938232422e+00 7.687652111053466797e+00 2.796998023986816406e+00
-4.934497356414794922e+00 7.618682861328125000e+00 2.782384395599365234e+00
-4.933504104614257812e+00 7.560899734497070312e+00 2.770760059356689453e+00
-4.935211658477783203e+00 7.512547492980957031e+00 2.761696815490722656e+00
-4.939315319061279297e+00 7.471880912780761719e+00 2.754771709442138672e+00
-4.945533752441406250e+00 7.437186717987060547e+00 2.749574184417724609e+00
-4.953613758087158203e+00 7.406813144683837891e+00 2.745712757110595703e+00
-4.963342666625976562e+00 7.379195690155029297e+00 2.742824792861938477e+00
-4.974553585052490234e+00 7.352877616882324219e+00 2.740580081939697266e+00
-4.987127304077148438e+00 7.326525211334228516e+00 2.738684654235839844e+00
-4.995680809020996094e+00 7.299193382263183594e+00 2.735545635223388672e+00
-5.004161357879638672e+00 7.269657135009765625e+00 2.731953859329223633e+00
-5.006279468536376953e+00 7.218602180480957031e+00 2.722466468811035156e+00
-5.005226612091064453e+00 7.152446746826171875e+00 2.709179878234863281e+00
-5.004420757293701172e+00 7.078174591064453125e+00 2.694361925125122070e+00
-5.003853797912597656e+00 6.995306015014648438e+00 2.677915334701538086e+00
-5.003580570220947266e+00 6.903587818145751953e+00 2.659805297851562500e+00
-5.003709316253662109e+00 6.802985668182373047e+00 2.640052795410156250e+00
-5.004394054412841797e+00 6.693677425384521484e+00 2.618733644485473633e+00
-5.005817413330078125e+00 6.576031684875488281e+00 2.595967769622802734e+00
-5.008186817169189453e+00 6.450599670410156250e+00 2.571918010711669922e+00
-5.011713504791259766e+00 6.318081855773925781e+00 2.546777009963989258e+00
-5.016604423522949219e+00 6.179321289062500000e+00 2.520765066146850586e+00
-5.023052215576171875e+00 6.035268783569335938e+00 2.494119405746459961e+00
-5.031226634979248047e+00 5.886982440948486328e+00 2.467092275619506836e+00
-5.041261672973632812e+00 5.735580444335937500e+00 2.439939022064208984e+00
-5.053248882293701172e+00 5.582225799560546875e+00 2.412912130355834961e+00
-5.099285125732421875e+00 5.472529888153076172e+00 2.403373956680297852e+00
-5.148047924041748047e+00 5.364287376403808594e+00 2.394834995269775391e+00
-5.198650836944580078e+00 5.257527828216552734e+00 2.387068510055541992e+00
-5.241128444671630859e+00 5.155713558197021484e+00 2.378150224685668945e+00
-5.283779144287109375e+00 5.057196617126464844e+00 2.369925975799560547e+00
-5.327326297760009766e+00 4.962333679199218750e+00 2.362654447555541992e+00
-5.371303558349609375e+00 4.871708869934082031e+00 2.356328964233398438e+00
-5.415211677551269531e+00 4.785820007324218750e+00 2.350916862487792969e+00
-5.449578762054443359e+00 4.706282615661621094e+00 2.344259500503540039e+00
-5.467408657073974609e+00 4.634273529052734375e+00 2.334758758544921875e+00
-5.481950283050537109e+00 4.598250389099121094e+00 2.331475973129272461e+00
-5.490841865539550781e+00 4.605652332305908203e+00 2.335256576538085938e+00
-5.491417407989501953e+00 4.606131076812744141e+00 2.335501194000244141e+00
-5.492275714874267578e+00 4.606845855712890625e+00 2.335865974426269531e+00
-5.493131160736083984e+00 4.607558250427246094e+00 2.336229801177978516e+00
-5.493684291839599609e+00 4.608018398284912109e+00 2.336464881896972656e+00
-5.493632316589355469e+00 4.607975006103515625e+00 2.336442708969116211e+00
-5.492670536041259766e+00 4.607174396514892578e+00 2.336033821105957031e+00
-5.490496635437011719e+00 4.605364799499511719e+00 2.335109710693359375e+00
-5.486824035644531250e+00 4.602307319641113281e+00 2.333548069000244141e+00
-5.481385707855224609e+00 4.597780227661132812e+00 2.331235885620117188e+00
-5.473930835723876953e+00 4.591574668884277344e+00 2.328066110610961914e+00
-5.464245796203613281e+00 4.583512306213378906e+00 2.323948383331298828e+00
-5.452143669128417969e+00 4.573437690734863281e+00 2.318802595138549805e+00
-5.437478065490722656e+00 4.561229705810546875e+00 2.312567234039306641e+00
-5.420140266418457031e+00 4.546796798706054688e+00 2.305195569992065430e+00
-5.400065422058105469e+00 4.530085563659667969e+00 2.296660184860229492e+00
-5.377234458923339844e+00 4.511079788208007812e+00 2.286952733993530273e+00
-5.351778984069824219e+00 4.489889621734619141e+00 2.276129484176635742e+00
-5.325121402740478516e+00 4.467698574066162109e+00 2.264795303344726562e+00
-5.295980453491210938e+00 4.443439960479736328e+00 2.252405166625976562e+00
-5.264501094818115234e+00 4.417235374450683594e+00 2.239020824432373047e+00
-5.230872154235839844e+00 4.389240741729736328e+00 2.224722385406494141e+00
-5.195316791534423828e+00 4.359642982482910156e+00 2.209604978561401367e+00
-5.153146743774414062e+00 4.324538230895996094e+00 2.191674947738647461e+00
-5.104609966278076172e+00 4.284133911132812500e+00 2.171038150787353516e+00
-5.055510997772216797e+00 4.243261814117431641e+00 2.150162458419799805e+00
-5.006249427795410156e+00 4.202254295349121094e+00 2.129217386245727539e+00
-4.957212924957275391e+00 4.161433696746826172e+00 2.108367919921875000e+00
-4.908775806427001953e+00 4.121112346649169922e+00 2.087773323059082031e+00
-4.861288547515869141e+00 4.081581592559814453e+00 2.067582607269287109e+00
-4.813799858093261719e+00 4.042049884796142578e+00 2.047391414642333984e+00
-4.761887073516845703e+00 3.998835325241088867e+00 2.025319099426269531e+00
-4.712114334106445312e+00 3.957401990890502930e+00 2.004156827926635742e+00
-4.664730548858642578e+00 3.917957305908203125e+00 1.984010100364685059e+00
-4.619925498962402344e+00 3.880659580230712891e+00 1.964959979057312012e+00
-4.577831268310546875e+00 3.845618486404418945e+00 1.947062373161315918e+00
-4.538519382476806641e+00 3.812893390655517578e+00 1.930347800254821777e+00
-4.497052192687988281e+00 3.778373956680297852e+00 1.912716627120971680e+00
-4.451837539672851562e+00 3.740735054016113281e+00 1.893492341041564941e+00
-4.409485340118408203e+00 3.705479145050048828e+00 1.875485062599182129e+00
-4.369869709014892578e+00 3.672501325607299805e+00 1.858641266822814941e+00
-4.332802772521972656e+00 3.641644954681396484e+00 1.842881083488464355e+00
-4.298040390014648438e+00 3.612706899642944336e+00 1.828100800514221191e+00
-4.265288829803466797e+00 3.585442781448364258e+00 1.814175367355346680e+00
-4.234211921691894531e+00 3.559573173522949219e+00 1.800962209701538086e+00
-4.204436779022216797e+00 3.534786939620971680e+00 1.788302421569824219e+00
-4.175568580627441406e+00 3.510755538940429688e+00 1.776028156280517578e+00
-4.147197246551513672e+00 3.487137794494628906e+00 1.763965129852294922e+00
-4.118909358978271484e+00 3.463589668273925781e+00 1.751937866210937500e+00
-4.090300559997558594e+00 3.439774274826049805e+00 1.739773869514465332e+00
-4.060986042022705078e+00 3.415371656417846680e+00 1.727310061454772949e+00
-4.030613899230957031e+00 3.390088081359863281e+00 1.714396238327026367e+00
-3.998871564865112305e+00 3.363664627075195312e+00 1.700900197029113770e+00
-3.965500354766845703e+00 3.335884809494018555e+00 1.686711430549621582e+00
-3.930300712585449219e+00 3.306583166122436523e+00 1.671745300292968750e+00
-3.893134832382202148e+00 3.275644302368164062e+00 1.655943036079406738e+00
-3.853941440582275391e+00 3.243017673492431641e+00 1.639278769493103027e+00
-3.812730789184570312e+00 3.208712100982666016e+00 1.621756792068481445e+00
-3.775260210037231445e+00 3.177519798278808594e+00 1.605824947357177734e+00
-3.738596200942993164e+00 3.146998882293701172e+00 1.590236186981201172e+00
-3.701271295547485352e+00 3.115927696228027344e+00 1.574366331100463867e+00
-3.663471937179565430e+00 3.084461927413940430e+00 1.558294892311096191e+00
-3.625433444976806641e+00 3.052796840667724609e+00 1.542121648788452148e+00
-3.587423086166381836e+00 3.021155118942260742e+00 1.525960445404052734e+00
-3.549740791320800781e+00 2.989786386489868164e+00 1.509938597679138184e+00
-3.512717247009277344e+00 2.958966255187988281e+00 1.494196891784667969e+00
-3.476695775985717773e+00 2.928980350494384766e+00 1.478881359100341797e+00
-3.442035913467407227e+00 2.900127649307250977e+00 1.464144587516784668e+00
-3.409096240997314453e+00 2.872707366943359375e+00 1.450139284133911133e+00
-3.378230333328247070e+00 2.847012996673583984e+00 1.437015771865844727e+00
-3.349774837493896484e+00 2.823325395584106445e+00 1.424916982650756836e+00
-3.324043035507202148e+00 2.801904916763305664e+00 1.413976311683654785e+00
-3.301310539245605469e+00 2.782981157302856445e+00 1.404310941696166992e+00
-3.281816482543945312e+00 2.766753435134887695e+00 1.396022439002990723e+00
-3.265745401382446289e+00 2.753375053405761719e+00 1.389189243316650391e+00
-3.253224372863769531e+00 2.742951869964599609e+00 1.383865594863891602e+00
-3.244321584701538086e+00 2.735540866851806641e+00 1.380080342292785645e+00
-3.239035367965698242e+00 2.731140375137329102e+00 1.377832770347595215e+00
-3.237295866012573242e+00 2.729692459106445312e+00 1.377093195915222168e+00
-3.238962173461914062e+00 2.731079339981079102e+00 1.377801656723022461e+00
-3.243815898895263672e+00 2.735120058059692383e+00 1.379865407943725586e+00
-3.251578569412231445e+00 2.741581916809082031e+00 1.383165836334228516e+00
-3.261897563934326172e+00 2.750171899795532227e+00 1.387553334236145020e+00
-3.274367570877075195e+00 2.760552644729614258e+00 1.392855286598205566e+00
-3.288521528244018555e+00 2.772335052490234375e+00 1.398873209953308105e+00
-3.303852081298828125e+00 2.785096883773803711e+00 1.405391573905944824e+00
-3.319817543029785156e+00 2.798387289047241211e+00 1.412179708480834961e+00
-3.335854291915893555e+00 2.811737060546875000e+00 1.418998241424560547e+00
-3.351382493972778320e+00 2.824663400650024414e+00 1.425600528717041016e+00
-3.365831613540649414e+00 2.836691856384277344e+00 1.431744098663330078e+00
-3.378646373748779297e+00 2.847359418869018555e+00 1.437192678451538086e+00
-3.389300823211669922e+00 2.856228590011596680e+00 1.441722750663757324e+00
-3.397320747375488281e+00 2.862904548645019531e+00 1.445132493972778320e+00
-3.402286529541015625e+00 2.867038488388061523e+00 1.447243928909301758e+00
-3.403857946395874023e+00 2.868346691131591797e+00 1.447912096977233887e+00
-3.401781558990478516e+00 2.866618156433105469e+00 1.447029232978820801e+00
-3.395898580551147461e+00 2.861720800399780273e+00 1.444527864456176758e+00
-3.386155843734741211e+00 2.853610515594482422e+00 1.440385460853576660e+00
-3.372613906860351562e+00 2.842337608337402344e+00 1.434627771377563477e+00
-3.355449676513671875e+00 2.828049421310424805e+00 1.427329897880554199e+00
-3.334956169128417969e+00 2.810989618301391602e+00 1.418616414070129395e+00
-3.311530351638793945e+00 2.791488647460937500e+00 1.408656239509582520e+00
-3.285689353942871094e+00 2.769977331161499023e+00 1.397669076919555664e+00
-3.258032560348510742e+00 2.746954441070556641e+00 1.385909914970397949e+00
-3.229252815246582031e+00 2.722996950149536133e+00 1.373673319816589355e+00
-3.200102329254150391e+00 2.698730468750000000e+00 1.361279129981994629e+00
-3.171389579772949219e+00 2.674828767776489258e+00 1.349071145057678223e+00
-3.143946647644042969e+00 2.651983737945556641e+00 1.337402820587158203e+00
-3.118617773056030273e+00 2.630898952484130859e+00 1.326633572578430176e+00
-3.092948436737060547e+00 2.609530687332153320e+00 1.315719485282897949e+00
-3.065677404403686523e+00 2.586828947067260742e+00 1.304124355316162109e+00
-3.042935609817504883e+00 2.567897558212280273e+00 1.294455051422119141e+00
-3.039644956588745117e+00 2.535184383392333984e+00 1.279789686203002930e+00
-3.046263217926025391e+00 2.502398729324340820e+00 1.265654563903808594e+00
-3.059295892715454102e+00 2.475241184234619141e+00 1.254374384880065918e+00
-3.079010248184204102e+00 2.454313993453979492e+00 1.246230840682983398e+00
-3.105561494827270508e+00 2.440087080001831055e+00 1.241440773010253906e+00
-3.138986825942993164e+00 2.432887315750122070e+00 1.240150809288024902e+00
-3.179214954376220703e+00 2.432893991470336914e+00 1.242436647415161133e+00
-3.226056575775146484e+00 2.440145969390869141e+00 1.248304367065429688e+00
-3.279218912124633789e+00 2.454546451568603516e+00 1.257694602012634277e+00
-3.338306427001953125e+00 2.475869417190551758e+00 1.270484805107116699e+00
-3.402839183807373047e+00 2.503781557083129883e+00 1.286500573158264160e+00
-3.472249746322631836e+00 2.537846088409423828e+00 1.305515885353088379e+00
-3.616192102432250977e+00 2.635177373886108398e+00 1.356761932373046875e+00
-3.840679645538330078e+00 2.800693750381469727e+00 1.442757010459899902e+00
-4.067891597747802734e+00 2.961148262023925781e+00 1.526665925979614258e+00
-4.259407043457031250e+00 3.045486450195312500e+00 1.574860930442810059e+00
-4.457516193389892578e+00 3.135731697082519531e+00 1.626044511795043945e+00
-4.660836696624755859e+00 3.231165885925292969e+00 1.679820418357849121e+00
-4.867975711822509766e+00 3.331072807312011719e+00 1.735792517662048340e+00
-5.077546596527099609e+00 3.434733629226684570e+00 1.793564081192016602e+00
-5.288187503814697266e+00 3.541449308395385742e+00 1.852748632431030273e+00
-5.498592376708984375e+00 3.650541067123413086e+00 1.912971019744873047e+00
-5.707515716552734375e+00 3.761359214782714844e+00 1.973873734474182129e+00
-5.913794040679931641e+00 3.873282670974731445e+00 2.035115480422973633e+00
-6.116351127624511719e+00 3.985715389251708984e+00 2.096371412277221680e+00
-6.323657512664794922e+00 4.128108978271484375e+00 2.171157598495483398e+00
-6.517162322998046875e+00 4.281049251556396484e+00 2.249828100204467773e+00
-6.701766967773437500e+00 4.417334079742431641e+00 2.320622205734252930e+00
-6.879560947418212891e+00 4.549639225006103516e+00 2.389268398284912109e+00
-7.050240039825439453e+00 4.678639888763427734e+00 2.456048250198364258e+00
-7.213351726531982422e+00 4.803813934326171875e+00 2.520705223083496094e+00
-7.368541717529296875e+00 4.924654006958007812e+00 2.582994222640991211e+00
-7.515551090240478516e+00 5.040667057037353516e+00 2.642682790756225586e+00
-7.654197216033935547e+00 5.151360988616943359e+00 2.699542522430419922e+00
-7.784376144409179688e+00 5.256249904632568359e+00 2.753352642059326172e+00
-7.905684471130371094e+00 5.355034351348876953e+00 2.803957700729370117e+00
-8.017331123352050781e+00 5.447657108306884766e+00 2.851287364959716797e+00
-8.110756874084472656e+00 5.527118682861328125e+00 2.891757726669311523e+00
-8.194108009338378906e+00 5.597733974456787109e+00 2.927741289138793945e+00
-8.269491195678710938e+00 5.659217834472656250e+00 2.959231138229370117e+00
-8.336985588073730469e+00 5.711376667022705078e+00 2.986145973205566406e+00
-8.397482872009277344e+00 5.755628108978271484e+00 3.009164333343505859e+00
-8.450939178466796875e+00 5.791544914245605469e+00 3.028094291687011719e+00
-8.497329711914062500e+00 5.818770885467529297e+00 3.042776823043823242e+00
-8.536662101745605469e+00 5.837038516998291016e+00 3.053093671798706055e+00
-8.568969726562500000e+00 5.846182346343994141e+00 3.058974266052246094e+00
-8.594326972961425781e+00 5.846151351928710938e+00 3.060399532318115234e+00
-8.612835884094238281e+00 5.837007999420166016e+00 3.057402849197387695e+00
-8.623062133789062500e+00 5.815828323364257812e+00 3.048609256744384766e+00
-8.626206398010253906e+00 5.784949302673339844e+00 3.035120964050292969e+00
-8.622684478759765625e+00 5.745220184326171875e+00 3.017337083816528320e+00
-8.612743377685546875e+00 5.697193145751953125e+00 2.995516538619995117e+00
-8.596660614013671875e+00 5.641528606414794922e+00 2.969967126846313477e+00
-8.574732780456542969e+00 5.578962326049804688e+00 2.941031455993652344e+00
-8.547272682189941406e+00 5.510295867919921875e+00 2.909082174301147461e+00
-8.514611244201660156e+00 5.436383247375488281e+00 2.874515771865844727e+00
-8.477078437805175781e+00 5.358104705810546875e+00 2.837740421295166016e+00
-8.435018539428710938e+00 5.276356697082519531e+00 2.799172639846801758e+00
-8.388763427734375000e+00 5.192021369934082031e+00 2.759221553802490234e+00
-8.338644981384277344e+00 5.105962753295898438e+00 2.718288898468017578e+00
-8.284994125366210938e+00 5.019009590148925781e+00 2.676759481430053711e+00
-8.228133201599121094e+00 4.931941509246826172e+00 2.634997129440307617e+00
-8.166555404663085938e+00 4.835844039916992188e+00 2.588970899581909180e+00
-8.102108955383300781e+00 4.739437103271484375e+00 2.542644977569580078e+00
-8.035616874694824219e+00 4.645845890045166016e+00 2.497448921203613281e+00
-7.966898441314697266e+00 4.555863380432128906e+00 2.453724145889282227e+00
-7.895631790161132812e+00 4.470245361328125000e+00 2.411786317825317383e+00
-7.823319435119628906e+00 4.388673782348632812e+00 2.371579647064208984e+00
-7.750354766845703125e+00 4.311307430267333984e+00 2.333197832107543945e+00
-7.677165985107421875e+00 4.238194465637207031e+00 2.296685457229614258e+00
-7.604206562042236328e+00 4.169261455535888672e+00 2.262035846710205078e+00
-7.531969547271728516e+00 4.104321002960205078e+00 2.229194641113281250e+00
-7.460986614227294922e+00 4.043076992034912109e+00 2.198060750961303711e+00
-7.391813278198242188e+00 3.985110998153686523e+00 2.168479919433593750e+00
-7.325043201446533203e+00 3.929905414581298828e+00 2.140257596969604492e+00
-7.261299133300781250e+00 3.876824617385864258e+00 2.113147020339965820e+00
-7.201212882995605469e+00 3.825123071670532227e+00 2.086854934692382812e+00
-7.145433425903320312e+00 3.773960590362548828e+00 2.061045408248901367e+00
-7.094609260559082031e+00 3.722388029098510742e+00 2.035336017608642578e+00
-7.049382686614990234e+00 3.669376373291015625e+00 2.009306907653808594e+00
-7.010380268096923828e+00 3.613813161849975586e+00 1.982502222061157227e+00
-6.978188991546630859e+00 3.554526567459106445e+00 1.954435586929321289e+00
-6.953368186950683594e+00 3.490295886993408203e+00 1.924599051475524902e+00
-6.936420917510986328e+00 3.419889450073242188e+00 1.892476081848144531e+00
-6.927790164947509766e+00 3.342065095901489258e+00 1.857541799545288086e+00
-6.927840709686279297e+00 3.255614042282104492e+00 1.819282174110412598e+00
-6.936868190765380859e+00 3.159396171569824219e+00 1.777209043502807617e+00
-6.955060005187988281e+00 3.052347421646118164e+00 1.730862379074096680e+00
-6.982511997222900391e+00 2.933533191680908203e+00 1.679833889007568359e+00
-7.019237041473388672e+00 2.803437709808349609e+00 1.624338507652282715e+00
-7.065070152282714844e+00 2.660481929779052734e+00 1.563668131828308105e+00
-7.119737625122070312e+00 2.504045963287353516e+00 1.497532844543457031e+00
-7.182834148406982422e+00 2.333942651748657227e+00 1.425826668739318848e+00
-7.253409385681152344e+00 2.143115282058715820e+00 1.345372676849365234e+00
-7.329923629760742188e+00 1.917419433593750000e+00 1.249823331832885742e+00
-7.482248306274414062e+00 1.725665450096130371e+00 1.173598051071166992e+00
-7.665143013000488281e+00 1.537805438041687012e+00 1.100831031799316406e+00
-7.853770256042480469e+00 1.338466286659240723e+00 1.023308515548706055e+00
-8.046432495117187500e+00 1.128830909729003906e+00 9.414581656455993652e-01
-8.241343498229980469e+00 9.103391170501708984e-01 8.558154702186584473e-01
-8.436633110046386719e+00 6.846487522125244141e-01 7.670084834098815918e-01
-8.630421638488769531e+00 4.536151885986328125e-01 6.757512092590332031e-01
-8.820824623107910156e+00 2.192529439926147461e-01 5.828286409378051758e-01
-9.003396034240722656e+00 -2.080177143216133118e-02 4.869421422481536865e-01
-9.178964614868164062e+00 -2.599336504936218262e-01 3.910669982433319092e-01
-9.346013069152832031e+00 -4.957398772239685059e-01 2.961798906326293945e-01
-9.503123283386230469e+00 -7.259694337844848633e-01 2.031972706317901611e-01
-9.719639778137207031e+00 -9.157997965812683105e-01 1.314659863710403442e-01
-9.935566902160644531e+00 -1.090472698211669922e+00 6.640976667404174805e-02
-1.013481712341308594e+01 -1.255214214324951172e+00 4.803081043064594269e-03
-1.031653213500976562e+01 -1.408532381057739258e+00 -5.274311825633049011e-02
-1.046952819824218750e+01 -1.516469478607177734e+00 -9.183352440595626831e-02
-1.059600543975830078e+01 -1.585155487060546875e+00 -1.150564923882484436e-01
-1.070544528961181641e+01 -1.645965337753295898e+00 -1.357603371143341064e-01
-1.078531360626220703e+01 -1.723366379737854004e+00 -1.654854416847229004e-01
-1.086614322662353516e+01 -1.781724095344543457e+00 -1.867275238037109375e-01
-1.093399906158447266e+01 -1.828932285308837891e+00 -2.037709653377532959e-01
-1.098724174499511719e+01 -1.865295648574829102e+00 -2.168437391519546509e-01
-1.103340053558349609e+01 -1.870179653167724609e+00 -2.163861393928527832e-01
-1.106290054321289062e+01 -1.871314406394958496e+00 -2.152143418788909912e-01
-1.107648277282714844e+01 -1.869092822074890137e+00 -2.134604454040527344e-01
-1.108310222625732422e+01 -1.862051367759704590e+00 -2.099682688713073730e-01
-1.108447074890136719e+01 -1.850484013557434082e+00 -2.047712802886962891e-01
-1.108223628997802734e+01 -1.834736585617065430e+00 -1.979279816150665283e-01
-1.107795906066894531e+01 -1.815188288688659668e+00 -1.895189434289932251e-01
-1.107306480407714844e+01 -1.792261838912963867e+00 -1.796498000621795654e-01
-1.106436824798583984e+01 -1.770943522453308105e+00 -1.707078665494918823e-01
-1.105679130554199219e+01 -1.747795701026916504e+00 -1.608926653861999512e-01
-1.105280208587646484e+01 -1.721713423728942871e+00 -1.495750546455383301e-01
-1.105474472045898438e+01 -1.692273020744323730e+00 -1.364347487688064575e-01
-1.107101154327392578e+01 -1.654741406440734863e+00 -1.189006045460700989e-01
-1.109148883819580078e+01 -1.615389108657836914e+00 -1.003214716911315918e-01
-1.111684131622314453e+01 -1.575186848640441895e+00 -8.108982443809509277e-02
-1.114694690704345703e+01 -1.534615874290466309e+00 -6.142507493495941162e-02
-1.118155002593994141e+01 -1.494136095046997070e+00 -4.154517874121665955e-02
-1.122029685974121094e+01 -1.454176425933837891e+00 -2.166066318750381470e-02
-1.126274776458740234e+01 -1.415125250816345215e+00 -1.968156779184937477e-03
-1.130840396881103516e+01 -1.377332806587219238e+00 1.734919287264347076e-02
-1.135670852661132812e+01 -1.341087460517883301e+00 3.613229468464851379e-02
-1.140708541870117188e+01 -1.306626915931701660e+00 5.424268916249275208e-02
-1.145698261260986328e+01 -1.277601718902587891e+00 6.992055475711822510e-02
-1.150767803192138672e+01 -1.250808477401733398e+00 8.465567976236343384e-02
-1.155867290496826172e+01 -1.226156353950500488e+00 9.846019744873046875e-02
-1.160947608947753906e+01 -1.203525662422180176e+00 1.113595142960548401e-01
-1.165962982177734375e+01 -1.182741641998291016e+00 1.234042420983314514e-01
-1.170871639251708984e+01 -1.163557052612304688e+00 1.346804797649383545e-01
-1.175637435913085938e+01 -1.145676493644714355e+00 1.452986001968383789e-01
-1.180301475524902344e+01 -1.126203179359436035e+00 1.565639674663543701e-01
-1.183755207061767578e+01 -1.124560356140136719e+00 1.592509150505065918e-01
-1.185972213745117188e+01 -1.135704278945922852e+00 1.555767357349395752e-01
-1.187750816345214844e+01 -1.145673871040344238e+00 1.521738022565841675e-01
-1.189179420471191406e+01 -1.154996752738952637e+00 1.488580256700515747e-01
-1.190260219573974609e+01 -1.163006186485290527e+00 1.459263265132904053e-01
-1.190998458862304688e+01 -1.169036149978637695e+00 1.436763256788253784e-01
-1.191280651092529297e+01 -1.173050403594970703e+00 1.420597136020660400e-01
-1.190807056427001953e+01 -1.175961971282958984e+00 1.405024677515029907e-01
-1.189963817596435547e+01 -1.171011447906494141e+00 1.422149538993835449e-01
-1.187939357757568359e+01 -1.132333517074584961e+00 1.581850200891494751e-01
-1.185668277740478516e+01 -1.087584495544433594e+00 1.767017990350723267e-01
-1.183170795440673828e+01 -1.036599040031433105e+00 1.978505551815032959e-01
-1.180463695526123047e+01 -9.793146848678588867e-01 2.216678112745285034e-01
-1.177401733398437500e+01 -9.185122847557067871e-01 2.468410730361938477e-01
-1.173839092254638672e+01 -8.543001413345336914e-01 2.732391059398651123e-01
-1.170098209381103516e+01 -7.841022610664367676e-01 3.021853268146514893e-01
-1.166189861297607422e+01 -7.081746459007263184e-01 3.335728347301483154e-01
-1.162120056152343750e+01 -6.268770098686218262e-01 3.672449290752410889e-01
-1.157892990112304688e+01 -5.406484603881835938e-01 4.030105471611022949e-01
-1.153510951995849609e+01 -4.500014185905456543e-01 4.406437575817108154e-01
-1.148790645599365234e+01 -3.564245700836181641e-01 4.793815314769744873e-01
-1.143259429931640625e+01 -2.628466486930847168e-01 5.176596641540527344e-01
-1.137450408935546875e+01 -1.674400568008422852e-01 5.565894842147827148e-01
-1.131365299224853516e+01 -7.099092751741409302e-02 5.958244204521179199e-01
-1.125008964538574219e+01 2.567068859934806824e-02 6.349992752075195312e-01
-1.118391704559326172e+01 1.216741353273391724e-01 6.737345457077026367e-01
-1.111528015136718750e+01 2.161346673965454102e-01 7.116475105285644531e-01
-1.104438877105712891e+01 3.081300258636474609e-01 7.483409643173217773e-01
-1.097152137756347656e+01 3.967566490173339844e-01 7.834315896034240723e-01
-1.089702415466308594e+01 4.811099767684936523e-01 8.165385127067565918e-01
-1.082131481170654297e+01 5.603055357933044434e-01 8.472937941551208496e-01
-1.073432445526123047e+01 6.370569467544555664e-01 8.763269782066345215e-01
-1.064223289489746094e+01 7.086741924285888672e-01 9.027984738349914551e-01
-1.055067062377929688e+01 7.727154493331909180e-01 9.259471893310546875e-01
-1.046050453186035156e+01 8.284503817558288574e-01 9.454984664916992188e-01
-1.037264156341552734e+01 8.752198815345764160e-01 9.612124562263488770e-01
-1.028801918029785156e+01 9.124637246131896973e-01 9.728946089744567871e-01
-1.020758533477783203e+01 9.397155642509460449e-01 9.803917407989501953e-01
-1.013227558135986328e+01 9.566210508346557617e-01 9.836004972457885742e-01
-1.006300163269042969e+01 9.629366397857666016e-01 9.824647903442382812e-01
-1.000062179565429688e+01 9.585348963737487793e-01 9.769768118858337402e-01
-9.945930480957031250e+00 9.433934688568115234e-01 9.671720862388610840e-01
-9.899628639221191406e+00 9.176192879676818848e-01 9.531369805335998535e-01
-9.862308502197265625e+00 8.814152479171752930e-01 9.349955916404724121e-01
-9.834439277648925781e+00 8.350871205329895020e-01 9.129096865653991699e-01
-9.816348075866699219e+00 7.790396809577941895e-01 8.870769739151000977e-01
-9.808210372924804688e+00 7.137572765350341797e-01 8.577218651771545410e-01
-9.810041427612304688e+00 6.398061513900756836e-01 8.250953555107116699e-01
-9.821686744689941406e+00 5.578011274337768555e-01 7.894614338874816895e-01
-9.842818260192871094e+00 4.684171080589294434e-01 7.510999441146850586e-01
-9.872948646545410156e+00 3.723676800727844238e-01 7.102988362312316895e-01
-9.911430358886718750e+00 2.703890204429626465e-01 6.673474907875061035e-01
-9.957465171813964844e+00 1.632351130247116089e-01 6.225341558456420898e-01
-1.001010894775390625e+01 5.166587233543395996e-02 5.761417746543884277e-01
-1.006832313537597656e+01 -6.355897337198257446e-02 5.284474492073059082e-01
-1.013095664978027344e+01 -1.816872656345367432e-01 4.797188043594360352e-01
-1.019679546356201172e+01 -3.019877076148986816e-01 4.302107393741607666e-01
-1.026010990142822266e+01 -4.222264885902404785e-01 3.805868327617645264e-01
-1.030773162841796875e+01 -5.377261042594909668e-01 3.321697115898132324e-01
-1.035092926025390625e+01 -6.571909189224243164e-01 2.817468345165252686e-01
-1.039176082611083984e+01 -7.759152650833129883e-01 2.315174192190170288e-01
-1.042982101440429688e+01 -8.934493660926818848e-01 1.816572844982147217e-01
-1.046429157257080078e+01 -1.009240984916687012e+00 1.323649883270263672e-01
-1.049446678161621094e+01 -1.122749805450439453e+00 8.383883535861968994e-02
-1.051974582672119141e+01 -1.233453512191772461e+00 3.627669811248779297e-02
-1.053968048095703125e+01 -1.340826511383056641e+00 -1.011466328054666519e-02
-1.055395412445068359e+01 -1.444357156753540039e+00 -5.512637645006179810e-02
-1.056126308441162109e+01 -1.520261287689208984e+00 -8.830627053976058960e-02
-1.057206439971923828e+01 -1.582192420959472656e+00 -1.151037216186523438e-01
-1.057676029205322266e+01 -1.640629887580871582e+00 -1.407010406255722046e-01
-1.057548999786376953e+01 -1.695082187652587891e+00 -1.648734956979751587e-01
-1.056852626800537109e+01 -1.745050311088562012e+00 -1.873842775821685791e-01
-1.055626773834228516e+01 -1.790043234825134277e+00 -2.079933583736419678e-01
-1.053922653198242188e+01 -1.829586863517761230e+00 -2.264619022607803345e-01
-1.051800727844238281e+01 -1.863222479820251465e+00 -2.425530254840850830e-01
-1.049328708648681641e+01 -1.890529990196228027e+00 -2.560416460037231445e-01
-1.046581363677978516e+01 -1.911122679710388184e+00 -2.667148709297180176e-01
-1.043635654449462891e+01 -1.924674987792968750e+00 -2.743847966194152832e-01
-1.040569782257080078e+01 -1.930926084518432617e+00 -2.788909375667572021e-01
-1.037753582000732422e+01 -1.928647875785827637e+00 -2.794806659221649170e-01
-1.035111141204833984e+01 -1.918271541595458984e+00 -2.763877213001251221e-01
-1.032450103759765625e+01 -1.900717496871948242e+00 -2.701282799243927002e-01
-1.029831981658935547e+01 -1.876073837280273438e+00 -2.607070207595825195e-01
-1.026958560943603516e+01 -1.846560359001159668e+00 -2.492752224206924438e-01
-1.023884677886962891e+01 -1.812425613403320312e+00 -2.359115183353424072e-01
-1.021014213562011719e+01 -1.771971344947814941e+00 -2.196357250213623047e-01
-1.018392944335937500e+01 -1.725601553916931152e+00 -2.006000876426696777e-01
-1.016114330291748047e+01 -1.672040581703186035e+00 -1.781875193119049072e-01
-1.014229679107666016e+01 -1.611178874969482422e+00 -1.523201018571853638e-01
-1.013208770751953125e+01 -1.544633150100708008e+00 -1.234467402100563049e-01
-1.013730525970458984e+01 -1.462158918380737305e+00 -8.664797991514205933e-02
-1.013866138458251953e+01 -1.394957304000854492e+00 -5.682810023427009583e-02
-1.013883113861083984e+01 -1.335141062736511230e+00 -3.034440055489540100e-02
-1.014133262634277344e+01 -1.276038050651550293e+00 -4.043782595545053482e-03
-1.014750385284423828e+01 -1.215298891067504883e+00 2.318897843360900879e-02
-1.015675449371337891e+01 -1.153861403465270996e+00 5.090587586164474487e-02
-1.016844177246093750e+01 -1.092669963836669922e+00 7.865186780691146851e-02
-1.018188285827636719e+01 -1.032649278640747070e+00 1.059791594743728638e-01
-1.019636631011962891e+01 -9.746962785720825195e-01 1.324506402015686035e-01
-1.021119880676269531e+01 -9.196283817291259766e-01 1.576648354530334473e-01
-1.021608638763427734e+01 -8.765587210655212402e-01 1.770045459270477295e-01
-1.021483993530273438e+01 -8.422626256942749023e-01 1.921130567789077759e-01
-1.021102619171142578e+01 -8.129675984382629395e-01 2.048623263835906982e-01
-1.020481109619140625e+01 -7.871896624565124512e-01 2.159189432859420776e-01
-1.019353771209716797e+01 -7.695145010948181152e-01 2.231020927429199219e-01
-1.017843818664550781e+01 -7.583248615264892578e-01 2.271977066993713379e-01
-1.015960979461669922e+01 -7.532499432563781738e-01 2.283753156661987305e-01
-1.013061618804931641e+01 -7.542753815650939941e-01 2.262763082981109619e-01
-1.009236335754394531e+01 -7.608854770660400391e-01 2.211800366640090942e-01
-1.005076313018798828e+01 -7.722053527832031250e-01 2.138092219829559326e-01
-1.000607299804687500e+01 -7.875919342041015625e-01 2.044634670019149780e-01
-9.958576202392578125e+00 -8.063556551933288574e-01 1.934636235237121582e-01
-9.908579826354980469e+00 -8.277868628501892090e-01 1.811413317918777466e-01
-9.856374740600585938e+00 -8.511860966682434082e-01 1.678225398063659668e-01
-9.802238464355468750e+00 -8.758892416954040527e-01 1.538170427083969116e-01
-9.746407508850097656e+00 -9.012776613235473633e-01 1.394122689962387085e-01
-9.689062118530273438e+00 -9.268164634704589844e-01 1.248548999428749084e-01
-9.630333900451660156e+00 -9.520622491836547852e-01 1.103487238287925720e-01
-9.570272445678710938e+00 -9.766668081283569336e-01 9.605078399181365967e-02
-9.508865356445312500e+00 -1.000392913818359375e+00 8.206525444984436035e-02
-9.447177886962890625e+00 -1.022497653961181641e+00 6.878139823675155640e-02
-9.385077476501464844e+00 -1.042934417724609375e+00 5.621224269270896912e-02
-9.320363998413085938e+00 -1.062814354896545410e+00 4.374149441719055176e-02
-9.252838134765625000e+00 -1.082232117652893066e+00 3.131546452641487122e-02
-9.182306289672851562e+00 -1.101310491561889648e+00 1.886932738125324249e-02
-9.108591079711914062e+00 -1.120179414749145508e+00 6.335136480629444122e-03
-9.031548500061035156e+00 -1.138953804969787598e+00 -6.346069276332855225e-03
-8.951076507568359375e+00 -1.157690763473510742e+00 -1.920519024133682251e-02
-8.867217063903808594e+00 -1.176344156265258789e+00 -3.221980854868888855e-02
-8.782338142395019531e+00 -1.193562388420104980e+00 -4.465689510107040405e-02
-8.694545745849609375e+00 -1.210178256034851074e+00 -5.699271336197853088e-02
-8.604134559631347656e+00 -1.225768804550170898e+00 -6.902334839105606079e-02
-8.511557579040527344e+00 -1.239717483520507812e+00 -8.045025914907455444e-02
-8.417463302612304688e+00 -1.251186490058898926e+00 -9.086570143699645996e-02
-8.333281517028808594e+00 -1.254213690757751465e+00 -9.698234498500823975e-02
-8.269661903381347656e+00 -1.243064641952514648e+00 -9.565799683332443237e-02
-8.241641998291015625e+00 -1.200605988502502441e+00 -7.845610380172729492e-02
-8.206294059753417969e+00 -1.155634284019470215e+00 -6.055775284767150879e-02
-8.154053688049316406e+00 -1.113760232925415039e+00 -4.498898610472679138e-02
-8.083469390869140625e+00 -1.074927806854248047e+00 -3.180744126439094543e-02
-7.991280555725097656e+00 -1.032859086990356445e+00 -1.841941848397254944e-02
-7.877020835876464844e+00 -9.889503717422485352e-01 -5.469421390444040298e-03
-7.741989135742187500e+00 -9.490499496459960938e-01 4.527943674474954605e-03
-7.647685050964355469e+00 -8.623073101043701172e-01 3.756825253367424011e-02
-7.620694160461425781e+00 -7.218086123466491699e-01 9.822041541337966919e-02
-7.609961509704589844e+00 -5.554986596107482910e-01 1.712189018726348877e-01
-7.602989196777343750e+00 -3.701074719429016113e-01 2.528760433197021484e-01
-7.613271713256835938e+00 -1.562194824218750000e-01 3.481246829032897949e-01
-7.574488639831542969e+00 2.535781823098659515e-02 4.262887239456176758e-01
-7.522204399108886719e+00 2.027854621410369873e-01 5.018500089645385742e-01
-7.461413383483886719e+00 4.185926914215087891e-01 5.939151644706726074e-01
-7.653163433074951172e+00 9.774318337440490723e-01 8.521341085433959961e-01
-7.726443767547607422e+00 2.230241775512695312e+00 1.250878214836120605e+00
-7.102319717407226562e+00 4.808161735534667969e+00 2.054690122604370117e+00
-6.392323017120361328e+00 7.733190536499023438e+00 2.973669290542602539e+00
-6.901573181152343750e+00 1.007933807373046875e+01 3.780642986297607422e+00
-7.754304409027099609e+00 1.164016246795654297e+01 4.310572147369384766e+00
-8.312820434570312500e+00 1.241079902648925781e+01 4.608166217803955078e+00
-8.874672889709472656e+00 1.316199493408203125e+01 4.902809143066406250e+00
-9.338516235351562500e+00 1.384568119049072266e+01 5.158548831939697266e+00
-9.750908851623535156e+00 1.448540401458740234e+01 5.392190456390380859e+00
-1.015939331054687500e+01 1.510566711425781250e+01 5.620982170104980469e+00
-1.056031608581542969e+01 1.570200634002685547e+01 5.843091964721679688e+00
-1.095016098022460938e+01 1.627053451538085938e+01 6.056835651397705078e+00
-1.132562351226806641e+01 1.680800628662109375e+01 6.260710716247558594e+00
-1.169681453704833984e+01 1.735132980346679688e+01 6.464620113372802734e+00
-1.205339622497558594e+01 1.787580680847167969e+01 6.661003112792968750e+00
-1.238562870025634766e+01 1.835820579528808594e+01 6.842743873596191406e+00
-1.269139862060546875e+01 1.879767799377441406e+01 7.009123802185058594e+00
-1.296905231475830078e+01 1.919417190551757812e+01 7.159698963165283203e+00
-1.321740150451660156e+01 1.954838752746582031e+01 7.294297218322753906e+00
-1.343574714660644531e+01 1.986174774169921875e+01 7.413015842437744141e+00
-1.362384223937988281e+01 2.013630294799804688e+01 7.516193389892578125e+00
-1.378190708160400391e+01 2.037468719482421875e+01 7.604404926300048828e+00
-1.391057586669921875e+01 2.057997894287109375e+01 7.678422451019287109e+00
-1.401086711883544922e+01 2.075565147399902344e+01 7.739194393157958984e+00
-1.408415412902832031e+01 2.090544509887695312e+01 7.787817001342773438e+00
-1.413210010528564453e+01 2.103328132629394531e+01 7.825494766235351562e+00
-1.415662479400634766e+01 2.114315795898437500e+01 7.853517055511474609e+00
-1.415982151031494141e+01 2.123904800415039062e+01 7.873212337493896484e+00
-1.414395523071289062e+01 2.132483100891113281e+01 7.885934829711914062e+00
-1.411135768890380859e+01 2.140419578552246094e+01 7.893021583557128906e+00
-1.406439781188964844e+01 2.148057174682617188e+01 7.895764350891113281e+00
-1.400545024871826172e+01 2.155707359313964844e+01 7.895398616790771484e+00
-1.393682384490966797e+01 2.163645172119140625e+01 7.893067359924316406e+00
-1.387625503540039062e+01 2.176757812500000000e+01 7.903019905090332031e+00
-1.381334495544433594e+01 2.191489410400390625e+01 7.915545463562011719e+00
-1.374749088287353516e+01 2.207224655151367188e+01 7.929274559020996094e+00
-1.368027496337890625e+01 2.224010848999023438e+01 7.944714546203613281e+00
-1.355875110626220703e+01 2.238731384277343750e+01 7.941892623901367188e+00
-1.335396957397460938e+01 2.249618148803710938e+01 7.909762382507324219e+00
-1.315169525146484375e+01 2.261468696594238281e+01 7.880183696746826172e+00
-1.295355701446533203e+01 2.274223899841308594e+01 7.853465080261230469e+00
-1.276091289520263672e+01 2.287789916992187500e+01 7.829777717590332031e+00
-1.257486629486083984e+01 2.302044677734375000e+01 7.809169769287109375e+00
-1.239627838134765625e+01 2.316841125488281250e+01 7.791577339172363281e+00
-1.222577190399169922e+01 2.332010841369628906e+01 7.776832103729248047e+00
-1.206376743316650391e+01 2.347373771667480469e+01 7.764689922332763672e+00
-1.191048526763916016e+01 2.362737655639648438e+01 7.754829883575439453e+00
-1.176597881317138672e+01 2.377908134460449219e+01 7.746883869171142578e+00
-1.163014984130859375e+01 2.392688560485839844e+01 7.740439891815185547e+00
-1.150278949737548828e+01 2.406891059875488281e+01 7.735073566436767578e+00
-1.138358116149902344e+01 2.420333671569824219e+01 7.730343341827392578e+00
-1.127212810516357422e+01 2.432848358154296875e+01 7.725816249847412109e+00
-1.116798686981201172e+01 2.444284439086914062e+01 7.721079826354980469e+00
-1.107067584991455078e+01 2.454508399963378906e+01 7.715744972229003906e+00
-1.097969722747802734e+01 2.463409423828125000e+01 7.709464073181152344e+00
-1.089455413818359375e+01 2.470898628234863281e+01 7.701931953430175781e+00
-1.081476879119873047e+01 2.476911354064941406e+01 7.692896842956542969e+00
-1.073988342285156250e+01 2.481406784057617188e+01 7.682159423828125000e+00
-1.066949272155761719e+01 2.484370613098144531e+01 7.669584274291992188e+00
-1.060321712493896484e+01 2.485810089111328125e+01 7.655086994171142578e+00
-1.054074192047119141e+01 2.485757446289062500e+01 7.638648509979248047e+00
-1.048180770874023438e+01 2.484265899658203125e+01 7.620306491851806641e+00
-1.042619228363037109e+01 2.481408500671386719e+01 7.600145339965820312e+00
-1.037373733520507812e+01 2.477276039123535156e+01 7.578303337097167969e+00
-1.032432651519775391e+01 2.471974945068359375e+01 7.554957866668701172e+00
-1.027788352966308594e+01 2.465624046325683594e+01 7.530324459075927734e+00
-1.023435688018798828e+01 2.458350563049316406e+01 7.504639148712158203e+00
-1.019372844696044922e+01 2.450290107727050781e+01 7.478163719177246094e+00
-1.015599727630615234e+01 2.441580200195312500e+01 7.451168060302734375e+00
-1.012114810943603516e+01 2.432358741760253906e+01 7.423920154571533203e+00
-1.008917999267578125e+01 2.422762298583984375e+01 7.396687984466552734e+00
-1.006006145477294922e+01 2.412921524047851562e+01 7.369720458984375000e+00
-1.003374767303466797e+01 2.402959060668945312e+01 7.343246936798095703e+00
-1.001015377044677734e+01 2.392987251281738281e+01 7.317466259002685547e+00
-9.989164352416992188e+00 2.383107948303222656e+01 7.292547702789306641e+00
-9.970620155334472656e+00 2.373407173156738281e+01 7.268620014190673828e+00
-9.954303741455078125e+00 2.363957977294921875e+01 7.245769977569580078e+00
-9.939965248107910156e+00 2.354815864562988281e+01 7.224040985107421875e+00
-9.927299499511718750e+00 2.346021461486816406e+01 7.203432559967041016e+00
-9.915962219238281250e+00 2.337598228454589844e+01 7.183902263641357422e+00
-9.905563354492187500e+00 2.329554557800292969e+01 7.165363311767578125e+00
-9.895691871643066406e+00 2.321883773803710938e+01 7.147695541381835938e+00
-9.885896682739257812e+00 2.314562797546386719e+01 7.130736351013183594e+00
-9.875737190246582031e+00 2.307559394836425781e+01 7.114305973052978516e+00
-9.864759445190429688e+00 2.300828552246093750e+01 7.098197937011718750e+00
-9.852520942687988281e+00 2.294316673278808594e+01 7.082190990447998047e+00
-9.838605880737304688e+00 2.287963676452636719e+01 7.066057682037353516e+00
-9.822642326354980469e+00 2.281705856323242188e+01 7.049576282501220703e+00
-9.804297447204589844e+00 2.275476264953613281e+01 7.032527923583984375e+00
-9.783313751220703125e+00 2.269210052490234375e+01 7.014717102050781250e+00
-9.759496688842773438e+00 2.262844085693359375e+01 6.995969772338867188e+00
-9.732729911804199219e+00 2.256319999694824219e+01 6.976140499114990234e+00
-9.702983856201171875e+00 2.249588012695312500e+01 6.955122947692871094e+00
-9.670318603515625000e+00 2.242605018615722656e+01 6.932848453521728516e+00
-9.634880065917968750e+00 2.235340118408203125e+01 6.909294605255126953e+00
-9.596910476684570312e+00 2.227773094177246094e+01 6.884484291076660156e+00
-9.575684547424316406e+00 2.221009445190429688e+01 6.865632057189941406e+00
-9.563546180725097656e+00 2.214611244201660156e+01 6.849874973297119141e+00
-9.551389694213867188e+00 2.208143997192382812e+01 6.833977222442626953e+00
-9.537953376770019531e+00 2.201391220092773438e+01 6.817183017730712891e+00
-9.523406028747558594e+00 2.194372558593750000e+01 6.799575328826904297e+00
-9.507939338684082031e+00 2.187117767333984375e+01 6.781263351440429688e+00
-9.491767883300781250e+00 2.179668045043945312e+01 6.762383460998535156e+00
-9.475128173828125000e+00 2.172073554992675781e+01 6.743096351623535156e+00
-9.458258628845214844e+00 2.164393997192382812e+01 6.723581314086914062e+00
-9.441403388977050781e+00 2.156693267822265625e+01 6.704029083251953125e+00
-9.424810409545898438e+00 2.149044418334960938e+01 6.684647083282470703e+00
-9.408710479736328125e+00 2.141520309448242188e+01 6.665639877319335938e+00
-9.393325805664062500e+00 2.134197235107421875e+01 6.647214889526367188e+00
-9.378858566284179688e+00 2.127149963378906250e+01 6.629571914672851562e+00
-9.361637115478515625e+00 2.120343780517578125e+01 6.611683368682861328e+00
-9.344683647155761719e+00 2.113925743103027344e+01 6.594628334045410156e+00
-9.329659461975097656e+00 2.107998466491699219e+01 6.579042434692382812e+00
-9.316654205322265625e+00 2.102611351013183594e+01 6.565046787261962891e+00
-9.305719375610351562e+00 2.097804069519042969e+01 6.552732944488525391e+00
-9.296838760375976562e+00 2.093600082397460938e+01 6.542142868041992188e+00
-9.289940834045410156e+00 2.090006828308105469e+01 6.533272266387939453e+00
-9.284893035888671875e+00 2.087014579772949219e+01 6.526067256927490234e+00
-9.281494140625000000e+00 2.084592437744140625e+01 6.520415306091308594e+00
-9.279477119445800781e+00 2.082689094543457031e+01 6.516144275665283203e+00
-9.278497695922851562e+00 2.081229972839355469e+01 6.513018608093261719e+00
-9.278149604797363281e+00 2.080118179321289062e+01 6.510740756988525391e+00
-9.277948379516601562e+00 2.079232788085937500e+01 6.508946895599365234e+00
-9.277348518371582031e+00 2.078429222106933594e+01 6.507209300994873047e+00
-9.271409988403320312e+00 2.077520751953125000e+01 6.503870010375976562e+00
-9.258909225463867188e+00 2.076316642761230469e+01 6.498233795166015625e+00
-9.245913505554199219e+00 2.074639892578125000e+01 6.491538047790527344e+00
-9.235713958740234375e+00 2.072403907775878906e+01 6.484473705291748047e+00
-9.231440544128417969e+00 2.069504928588867188e+01 6.477654457092285156e+00
-9.217834472656250000e+00 2.065139579772949219e+01 6.465511798858642578e+00
-9.193682670593261719e+00 2.059028434753417969e+01 6.447177886962890625e+00
-9.159175872802734375e+00 2.050944519042968750e+01 6.422256946563720703e+00
-9.134007453918457031e+00 2.041398048400878906e+01 6.396900653839111328e+00
-9.089887619018554688e+00 2.029414749145507812e+01 6.361796855926513672e+00
-9.018241882324218750e+00 2.012745475769042969e+01 6.310280799865722656e+00
-8.935349464416503906e+00 1.993209075927734375e+01 6.250184059143066406e+00
-8.840718269348144531e+00 1.970642471313476562e+01 6.181058883666992188e+00
-8.733998298645019531e+00 1.944921875000000000e+01 6.102570056915283203e+00
-8.615020751953125000e+00 1.915971565246582031e+01 6.014524459838867188e+00
-8.483804702758789062e+00 1.883766746520996094e+01 5.916877746582031250e+00
-8.352952003479003906e+00 1.850149536132812500e+01 5.816548824310302734e+00
-8.224362373352050781e+00 1.815422058105468750e+01 5.714627265930175781e+00
-8.086343765258789062e+00 1.777923393249511719e+01 5.604790687561035156e+00
-7.939498424530029297e+00 1.737820053100585938e+01 5.487523555755615234e+00
-7.784615516662597656e+00 1.695332908630371094e+01 5.363466262817382812e+00
-7.622678279876708984e+00 1.650734710693359375e+01 5.233412742614746094e+00
-7.454842090606689453e+00 1.604348564147949219e+01 5.098300933837890625e+00
-7.282434463500976562e+00 1.556541919708251953e+01 4.959198951721191406e+00
-7.106942653656005859e+00 1.507721996307373047e+01 4.817298889160156250e+00
-6.929981708526611328e+00 1.458329677581787109e+01 4.673888206481933594e+00
-6.753281116485595703e+00 1.408831024169921875e+01 4.530336856842041016e+00
-6.585483074188232422e+00 1.360652065277099609e+01 4.391708374023437500e+00
-6.423253536224365234e+00 1.313567924499511719e+01 4.256689071655273438e+00
-6.267629623413085938e+00 1.267953300476074219e+01 4.126287460327148438e+00
-6.120458126068115234e+00 1.224287223815917969e+01 4.001927852630615234e+00
-5.983538627624511719e+00 1.183030033111572266e+01 3.884986400604248047e+00
-5.858587741851806641e+00 1.144614696502685547e+01 3.776763200759887695e+00
-5.747202873229980469e+00 1.109438800811767578e+01 3.678458452224731445e+00
-5.650833606719970703e+00 1.077857017517089844e+01 3.591148376464843750e+00
-5.570756435394287109e+00 1.050176620483398438e+01 3.515771150588989258e+00
-5.508046627044677734e+00 1.026650619506835938e+01 3.453105211257934570e+00
-5.463556289672851562e+00 1.007474994659423828e+01 3.403759241104125977e+00
-5.437895774841308594e+00 9.927862167358398438e+00 3.368160724639892578e+00
-5.454963207244873047e+00 9.833078384399414062e+00 3.353981494903564453e+00
-5.551808357238769531e+00 9.800716400146484375e+00 3.372937679290771484e+00
-5.717876911163330078e+00 9.854938507080078125e+00 3.427021741867065430e+00
-5.960946083068847656e+00 9.999432563781738281e+00 3.518992900848388672e+00
-6.193266868591308594e+00 1.018124103546142578e+01 3.615492105484008789e+00
-6.412087917327880859e+00 1.039730167388916016e+01 3.715198516845703125e+00
-6.630924224853515625e+00 1.064861774444580078e+01 3.821842908859252930e+00
-6.904022693634033203e+00 1.092369174957275391e+01 3.947346925735473633e+00
-7.115586280822753906e+00 1.115815067291259766e+01 4.048774242401123047e+00
-7.388490200042724609e+00 1.148117923736572266e+01 4.183659076690673828e+00
-7.688785076141357422e+00 1.185218048095703125e+01 4.335140228271484375e+00
-7.993603706359863281e+00 1.224362373352050781e+01 4.491825103759765625e+00
-8.299571037292480469e+00 1.265096187591552734e+01 4.651936054229736328e+00
-8.603370666503906250e+00 1.306972789764404297e+01 4.813727855682373047e+00
-8.901782989501953125e+00 1.349558448791503906e+01 4.975505828857421875e+00
-9.191756248474121094e+00 1.392439365386962891e+01 5.135657787322998047e+00
-9.470450401306152344e+00 1.435227680206298828e+01 5.292678833007812500e+00
-9.735280990600585938e+00 1.477564716339111328e+01 5.445188045501708984e+00
-9.983963966369628906e+00 1.519126701354980469e+01 5.591949939727783203e+00
-1.021453952789306641e+01 1.559624481201171875e+01 5.731884956359863281e+00
-1.042540073394775391e+01 1.598808097839355469e+01 5.864080905914306641e+00
-1.061530399322509766e+01 1.636466026306152344e+01 5.987796783447265625e+00
-1.078338718414306641e+01 1.672426795959472656e+01 6.102469444274902344e+00
-1.092915630340576172e+01 1.706556320190429688e+01 6.207706451416015625e+00
-1.105247783660888672e+01 1.738757896423339844e+01 6.303282260894775391e+00
-1.115357685089111328e+01 1.768971252441406250e+01 6.389137744903564453e+00
-1.123298835754394531e+01 1.797167778015136719e+01 6.465355873107910156e+00
-1.129156112670898438e+01 1.823349189758300781e+01 6.532163143157958984e+00
-1.133039760589599609e+01 1.847544860839843750e+01 6.589904308319091797e+00
-1.135082626342773438e+01 1.869807243347167969e+01 6.639029979705810547e+00
-1.135437583923339844e+01 1.890209960937500000e+01 6.680084705352783203e+00
-1.134270286560058594e+01 1.908841133117675781e+01 6.713675498962402344e+00
-1.131758213043212891e+01 1.925803375244140625e+01 6.740468502044677734e+00
-1.128084754943847656e+01 1.941208076477050781e+01 6.761161327362060547e+00
-1.123434734344482422e+01 1.955172157287597656e+01 6.776466846466064453e+00
-1.117991256713867188e+01 1.967813491821289062e+01 6.787096977233886719e+00
-1.111932182312011719e+01 1.979249572753906250e+01 6.793746948242187500e+00
-1.105425357818603516e+01 1.989592170715332031e+01 6.797075748443603516e+00
-1.098626899719238281e+01 1.998945236206054688e+01 6.797695636749267578e+00
-1.091678237915039062e+01 2.007402229309082031e+01 6.796161174774169922e+00
-1.084702491760253906e+01 2.015042304992675781e+01 6.792948246002197266e+00
-1.077803421020507812e+01 2.021928024291992188e+01 6.788452625274658203e+00
-1.071063995361328125e+01 2.028104591369628906e+01 6.782979488372802734e+00
-1.064544296264648438e+01 2.033595466613769531e+01 6.776732921600341797e+00
-1.058282852172851562e+01 2.038404655456542969e+01 6.769819736480712891e+00
-1.052293872833251953e+01 2.042510604858398438e+01 6.762236595153808594e+00
-1.046569538116455078e+01 2.045871162414550781e+01 6.753879070281982422e+00
-1.041078948974609375e+01 2.048418045043945312e+01 6.744532585144042969e+00
-1.035771942138671875e+01 2.050062942504882812e+01 6.733892440795898438e+00
-1.030578231811523438e+01 2.050694465637207031e+01 6.721554756164550781e+00
-1.025411605834960938e+01 2.050181198120117188e+01 6.707036495208740234e+00
-1.020170497894287109e+01 2.048373985290527344e+01 6.689779281616210938e+00
-1.014743614196777344e+01 2.045111083984375000e+01 6.669172763824462891e+00
-1.009010982513427734e+01 2.040218353271484375e+01 6.644561767578125000e+00
-1.002848815917968750e+01 2.033516120910644531e+01 6.615268707275390625e+00
-9.961323738098144531e+00 2.024823379516601562e+01 6.580611228942871094e+00
-9.887420654296875000e+00 2.013964080810546875e+01 6.539931297302246094e+00
-9.805644035339355469e+00 2.000770950317382812e+01 6.492602348327636719e+00
-9.714988708496093750e+00 1.985093498229980469e+01 6.438066482543945312e+00
-9.614591598510742188e+00 1.966802787780761719e+01 6.375843048095703125e+00
-9.503789901733398438e+00 1.945798683166503906e+01 6.305563449859619141e+00
-9.382143020629882812e+00 1.922014999389648438e+01 6.226981163024902344e+00
-9.249460220336914062e+00 1.895424652099609375e+01 6.139993190765380859e+00
-9.105823516845703125e+00 1.866044807434082031e+01 6.044655323028564453e+00
-8.948827743530273438e+00 1.833668518066406250e+01 5.939931392669677734e+00
-8.721958160400390625e+00 1.792836380004882812e+01 5.800307750701904297e+00
-8.490092277526855469e+00 1.750050735473632812e+01 5.655535221099853516e+00
-8.285674095153808594e+00 1.709193229675292969e+01 5.521731853485107422e+00
-8.076251029968261719e+00 1.666511154174804688e+01 5.383031368255615234e+00
-7.863983154296875000e+00 1.622349548339843750e+01 5.240677356719970703e+00
-7.651258945465087891e+00 1.577098751068115234e+01 5.096061706542968750e+00
-7.440669536590576172e+00 1.531188678741455078e+01 4.950707435607910156e+00
-7.234951972961425781e+00 1.485082721710205078e+01 4.806241989135742188e+00
-7.036937236785888672e+00 1.439269447326660156e+01 4.664365768432617188e+00
-6.847637653350830078e+00 1.394202709197998047e+01 4.526237010955810547e+00
-6.690608024597167969e+00 1.351604175567626953e+01 4.401399135589599609e+00
-6.555319786071777344e+00 1.311122512817382812e+01 4.286409378051757812e+00
-6.426764965057373047e+00 1.272216701507568359e+01 4.176279544830322266e+00
-6.306542396545410156e+00 1.235311222076416016e+01 4.072262763977050781e+00
-6.196175098419189453e+00 1.200809478759765625e+01 3.975549459457397461e+00
-6.097083091735839844e+00 1.169087314605712891e+01 3.887251615524291992e+00
-6.049883365631103516e+00 1.142794895172119141e+01 3.823200225830078125e+00
-6.038132190704345703e+00 1.121222972869873047e+01 3.777700901031494141e+00
-6.050986289978027344e+00 1.104055690765380859e+01 3.747298002243041992e+00
-6.092216968536376953e+00 1.091559886932373047e+01 3.733501911163330078e+00
-6.161536693572998047e+00 1.083835506439208984e+01 3.736434221267700195e+00
-6.258198738098144531e+00 1.080914592742919922e+01 3.755962610244750977e+00
-6.381020069122314453e+00 1.082762145996093750e+01 3.791708946228027344e+00
-6.528401374816894531e+00 1.089279270172119141e+01 3.843060493469238281e+00
-6.698361396789550781e+00 1.100306129455566406e+01 3.909185171127319336e+00
-6.888574600219726562e+00 1.115627861022949219e+01 3.989052057266235352e+00
-7.096425533294677734e+00 1.134979820251464844e+01 4.081457138061523438e+00
-7.319057941436767578e+00 1.158054447174072266e+01 4.185048103332519531e+00
-7.536948680877685547e+00 1.183366012573242188e+01 4.291799068450927734e+00
-7.753550052642822266e+00 1.211383914947509766e+01 4.403535842895507812e+00
-7.976616859436035156e+00 1.242112636566162109e+01 4.522294044494628906e+00
-8.203247070312500000e+00 1.275159645080566406e+01 4.646543979644775391e+00
-8.430580139160156250e+00 1.310123348236083984e+01 4.774746894836425781e+00
-8.655835151672363281e+00 1.346599292755126953e+01 4.905380725860595703e+00
-8.876372337341308594e+00 1.384185791015625000e+01 5.036965370178222656e+00
-9.089725494384765625e+00 1.422488594055175781e+01 5.168080806732177734e+00
-9.293637275695800781e+00 1.461125183105468750e+01 5.297383785247802734e+00
-9.486073493957519531e+00 1.499727249145507812e+01 5.423618793487548828e+00
-9.665267944335937500e+00 1.537945079803466797e+01 5.545635700225830078e+00
-9.829702377319335938e+00 1.575447177886962891e+01 5.662385463714599609e+00
-9.978129386901855469e+00 1.611922454833984375e+01 5.772930622100830078e+00
-1.010957336425781250e+01 1.647081947326660156e+01 5.876448154449462891e+00
-1.022330570220947266e+01 1.680656814575195312e+01 5.972217559814453125e+00
-1.031884670257568359e+01 1.712399864196777344e+01 6.059628486633300781e+00
-1.039594459533691406e+01 1.742084312438964844e+01 6.138168334960937500e+00
-1.045455455780029297e+01 1.769503974914550781e+01 6.207420349121093750e+00
-1.049482154846191406e+01 1.794472503662109375e+01 6.267055034637451172e+00
-1.051706504821777344e+01 1.816823005676269531e+01 6.316829204559326172e+00
-1.052175331115722656e+01 1.836408424377441406e+01 6.356574535369873047e+00
-1.050948619842529297e+01 1.853102111816406250e+01 6.386199951171875000e+00
-1.048098468780517578e+01 1.866797065734863281e+01 6.405682086944580078e+00
-1.043706989288330078e+01 1.877407646179199219e+01 6.415068626403808594e+00
-1.037867069244384766e+01 1.884872627258300781e+01 6.414481639862060547e+00
-1.030679702758789062e+01 1.889153861999511719e+01 6.404109954833984375e+00
-1.022254562377929688e+01 1.890239524841308594e+01 6.384216785430908203e+00
-1.012710285186767578e+01 1.888147163391113281e+01 6.355147361755371094e+00
-1.002173423767089844e+01 1.882924270629882812e+01 6.317325115203857422e+00
-9.907789230346679688e+00 1.874649810791015625e+01 6.271259784698486328e+00
-9.786701202392578125e+00 1.863437652587890625e+01 6.217548847198486328e+00
-9.659990310668945312e+00 1.849436759948730469e+01 6.156882762908935547e+00
-9.518496513366699219e+00 1.831782531738281250e+01 6.085166454315185547e+00
-9.331319808959960938e+00 1.807520103454589844e+01 5.988509654998779297e+00
-9.146772384643554688e+00 1.781446456909179688e+01 5.888978004455566406e+00
-8.967258453369140625e+00 1.753911781311035156e+01 5.787888050079345703e+00
-8.795177459716796875e+00 1.725292015075683594e+01 5.686608314514160156e+00
-8.645505905151367188e+00 1.697474479675292969e+01 5.592764854431152344e+00
-8.514519691467285156e+00 1.670165443420410156e+01 5.504807472229003906e+00
-8.394176483154296875e+00 1.642587471008300781e+01 5.419103622436523438e+00
-8.286278724670410156e+00 1.615144538879394531e+01 5.336919307708740234e+00
-8.192473411560058594e+00 1.588242244720458984e+01 5.259483337402343750e+00
-8.114237785339355469e+00 1.562281608581542969e+01 5.187969684600830078e+00
-8.052826881408691406e+00 1.537650775909423828e+01 5.123470306396484375e+00
-8.009250640869140625e+00 1.514718151092529297e+01 5.066974163055419922e+00
-7.984236240386962891e+00 1.493824481964111328e+01 5.019341468811035156e+00
-7.978210449218750000e+00 1.475275802612304688e+01 4.981285095214843750e+00
-7.991268157958984375e+00 1.459337711334228516e+01 4.953352928161621094e+00
-8.023167610168457031e+00 1.446228694915771484e+01 4.935911178588867188e+00
-8.090401649475097656e+00 1.438129901885986328e+01 4.937561511993408203e+00
-8.184130668640136719e+00 1.434220981597900391e+01 4.954380035400390625e+00
-8.296289443969726562e+00 1.433755493164062500e+01 4.982789516448974609e+00
-8.424811363220214844e+00 1.436671352386474609e+01 5.022127151489257812e+00
-8.567300796508789062e+00 1.442843341827392578e+01 5.071521282196044922e+00
-8.694332122802734375e+00 1.449477291107177734e+01 5.117782115936279297e+00
-8.805624961853027344e+00 1.456585311889648438e+01 5.160860061645507812e+00
-8.922785758972167969e+00 1.466278362274169922e+01 5.210556507110595703e+00
-9.043452262878417969e+00 1.478293704986572266e+01 5.265737056732177734e+00
-9.165163993835449219e+00 1.492324256896972656e+01 5.325154304504394531e+00
-9.285403251647949219e+00 1.508021640777587891e+01 5.387464523315429688e+00
-9.401643753051757812e+00 1.525004386901855469e+01 5.451257705688476562e+00
-9.511395454406738281e+00 1.542863559722900391e+01 5.515077590942382812e+00
-9.612245559692382812e+00 1.561170101165771484e+01 5.577450275421142578e+00
-9.701910972595214844e+00 1.579482078552246094e+01 5.636909008026123047e+00
-9.778263092041015625e+00 1.597353172302246094e+01 5.692019939422607422e+00
-9.839379310607910156e+00 1.614339256286621094e+01 5.741406917572021484e+00
-9.883570671081542969e+00 1.630007362365722656e+01 5.783776283264160156e+00
-9.909400939941406250e+00 1.643942451477050781e+01 5.817936420440673828e+00
-9.915721893310546875e+00 1.655754280090332031e+01 5.842820644378662109e+00
-9.901687622070312500e+00 1.665085601806640625e+01 5.857503414154052734e+00
-9.866765022277832031e+00 1.671616935729980469e+01 5.861217975616455078e+00
-9.810746192932128906e+00 1.675074005126953125e+01 5.853370666503906250e+00
-9.733746528625488281e+00 1.675230598449707031e+01 5.833546638488769531e+00
-9.636210441589355469e+00 1.671916007995605469e+01 5.801526069641113281e+00
-9.518898010253906250e+00 1.665015792846679688e+01 5.757282733917236328e+00
-9.382879257202148438e+00 1.654474830627441406e+01 5.700987815856933594e+00
-9.229507446289062500e+00 1.640300178527832031e+01 5.633009433746337891e+00
-9.060419082641601562e+00 1.622560310363769531e+01 5.553910255432128906e+00
-8.873000144958496094e+00 1.600947570800781250e+01 5.462400913238525391e+00
-8.620117187500000000e+00 1.570849704742431641e+01 5.337087154388427734e+00
-8.357787132263183594e+00 1.537752532958984375e+01 5.203404903411865234e+00
-8.134456634521484375e+00 1.507361984252929688e+01 5.085242748260498047e+00
-7.908947944641113281e+00 1.474851131439208984e+01 4.962340831756591797e+00
-7.682827949523925781e+00 1.440466690063476562e+01 4.835594177246093750e+00
-7.458951950073242188e+00 1.404639148712158203e+01 4.706595897674560547e+00
-7.240164756774902344e+00 1.367826366424560547e+01 4.576990127563476562e+00
-7.029243469238281250e+00 1.330506134033203125e+01 4.448443412780761719e+00
-6.828876018524169922e+00 1.293168354034423828e+01 4.322621345520019531e+00
-6.641618251800537109e+00 1.256307125091552734e+01 4.201164722442626953e+00
-6.469862937927246094e+00 1.220413780212402344e+01 4.085664272308349609e+00
-6.315807342529296875e+00 1.185968303680419922e+01 3.977639436721801758e+00
-6.181432247161865234e+00 1.153432846069335938e+01 3.878516912460327148e+00
-6.068471908569335938e+00 1.123244762420654297e+01 3.789609909057617188e+00
-5.978393077850341797e+00 1.095809936523437500e+01 3.712100505828857422e+00
-5.912384986877441406e+00 1.071498107910156250e+01 3.647026777267456055e+00
-5.871346950531005859e+00 1.050638294219970703e+01 3.595270872116088867e+00
-5.940931320190429688e+00 1.035855674743652344e+01 3.584390640258789062e+00
-6.073863983154296875e+00 1.026076412200927734e+01 3.599913358688354492e+00
-6.209990024566650391e+00 1.019828891754150391e+01 3.623217582702636719e+00
-6.347624778747558594e+00 1.017209720611572266e+01 3.654052019119262695e+00
-6.484996795654296875e+00 1.018268013000488281e+01 3.692050218582153320e+00
-6.620277881622314453e+00 1.023008155822753906e+01 3.736743450164794922e+00
-6.751593112945556641e+00 1.031389808654785156e+01 3.787561655044555664e+00
-6.877046585083007812e+00 1.043330478668212891e+01 3.843846797943115234e+00
-6.994730472564697266e+00 1.058706474304199219e+01 3.904857158660888672e+00
-7.102758884429931641e+00 1.077356815338134766e+01 3.969782590866088867e+00
-7.199292182922363281e+00 1.099085712432861328e+01 4.037757396697998047e+00
-7.282569885253906250e+00 1.123666763305664062e+01 4.107876300811767578e+00
-7.433389663696289062e+00 1.150770092010498047e+01 4.200614452362060547e+00
-7.663921356201171875e+00 1.185586452484130859e+01 4.329364299774169922e+00
-7.901773452758789062e+00 1.223238849639892578e+01 4.465605735778808594e+00
-8.144475936889648438e+00 1.263379001617431641e+01 4.608007907867431641e+00
-8.389538764953613281e+00 1.305637741088867188e+01 4.755194187164306641e+00
-8.634469985961914062e+00 1.349628448486328125e+01 4.905752182006835938e+00
-8.876803398132324219e+00 1.394948482513427734e+01 5.058245658874511719e+00
-9.114128112792968750e+00 1.441184139251708984e+01 5.211230754852294922e+00
-9.344111442565917969e+00 1.487913322448730469e+01 5.363266468048095703e+00
-9.564511299133300781e+00 1.534706497192382812e+01 5.512922286987304688e+00
-9.773194313049316406e+00 1.581131172180175781e+01 5.658790111541748047e+00
-9.968154907226562500e+00 1.626753044128417969e+01 5.799490928649902344e+00
-1.014752388000488281e+01 1.671139526367187500e+01 5.933686256408691406e+00
-1.030958080291748047e+01 1.713862800598144531e+01 6.060083389282226562e+00
-1.045275688171386719e+01 1.754500961303710938e+01 6.177443027496337891e+00
-1.057564544677734375e+01 1.792642593383789062e+01 6.284588336944580078e+00
-1.067701435089111328e+01 1.827889823913574219e+01 6.380414962768554688e+00
-1.075580024719238281e+01 1.859860610961914062e+01 6.463892459869384766e+00
-1.081111717224121094e+01 1.888193511962890625e+01 6.534079551696777344e+00
-1.084227085113525391e+01 1.912551689147949219e+01 6.590131759643554688e+00
-1.084875869750976562e+01 1.932627487182617188e+01 6.631311893463134766e+00
-1.083026790618896484e+01 1.948144149780273438e+01 6.656994819641113281e+00
-1.078669166564941406e+01 1.958862876892089844e+01 6.666682720184326172e+00
-1.071814346313476562e+01 1.964587020874023438e+01 6.660017967224121094e+00
-1.062493610382080078e+01 1.965164566040039062e+01 6.636784076690673828e+00
-1.050760459899902344e+01 1.960492706298828125e+01 6.596918106079101562e+00
-1.032267475128173828e+01 1.946208763122558594e+01 6.520473957061767578e+00
-1.008938407897949219e+01 1.924098968505859375e+01 6.415993690490722656e+00
-9.832916259765625000e+00 1.896566200256347656e+01 6.294787406921386719e+00
-9.555238723754882812e+00 1.863786888122558594e+01 6.157718181610107422e+00
-9.258530616760253906e+00 1.825997352600097656e+01 6.005818843841552734e+00
-8.945155143737792969e+00 1.783491897583007812e+01 5.840286254882812500e+00
-8.617632865905761719e+00 1.736618614196777344e+01 5.662464618682861328e+00
-8.286044120788574219e+00 1.686651802062988281e+01 5.477495670318603516e+00
-7.997959613800048828e+00 1.639321136474609375e+01 5.309085845947265625e+00
-7.704525470733642578e+00 1.589018440246582031e+01 5.133431911468505859e+00
-7.408070564270019531e+00 1.536200332641601562e+01 4.952041149139404297e+00
-7.110908031463623047e+00 1.481346893310546875e+01 4.766461849212646484e+00
-6.883333683013916016e+00 1.428952312469482422e+01 4.603913784027099609e+00
-6.687849998474121094e+00 1.377591323852539062e+01 4.451788425445556641e+00
-6.487998008728027344e+00 1.325139904022216797e+01 4.296376705169677734e+00
-6.286718845367431641e+00 1.272106361389160156e+01 4.139446735382080078e+00
-6.099751949310302734e+00 1.221122837066650391e+01 3.990290403366088867e+00
-5.927670478820800781e+00 1.172505950927734375e+01 3.849680900573730469e+00
-5.757670402526855469e+00 1.124522209167480469e+01 3.710860490798950195e+00
-5.590796470642089844e+00 1.077530860900878906e+01 3.574809789657592773e+00
-5.423370361328125000e+00 1.039331340789794922e+01 3.455905675888061523e+00
-5.260218143463134766e+00 1.003709697723388672e+01 3.343189477920532227e+00
-5.102831840515136719e+00 9.695917129516601562e+00 3.234937429428100586e+00
-4.974772930145263672e+00 9.379171371459960938e+00 3.139159440994262695e+00
-4.863328456878662109e+00 9.094972610473632812e+00 3.054126262664794922e+00
-4.750412464141845703e+00 8.833566665649414062e+00 2.973191499710083008e+00
-4.705096721649169922e+00 8.518164634704589844e+00 2.899311542510986328e+00
-4.734422206878662109e+00 8.182288169860839844e+00 2.840920448303222656e+00
-4.683471202850341797e+00 7.940887451171875000e+00 2.780121088027954102e+00
-4.593020439147949219e+00 7.760244846343994141e+00 2.720944166183471680e+00
-4.565770149230957031e+00 7.613402366638183594e+00 2.684939146041870117e+00
-4.550631999969482422e+00 7.480135917663574219e+00 2.654770851135253906e+00
-4.527513027191162109e+00 7.364783763885498047e+00 2.626039266586303711e+00
-4.502603530883789062e+00 7.260874271392822266e+00 2.599090099334716797e+00
-4.479715824127197266e+00 7.163917541503906250e+00 2.574036836624145508e+00
-4.460562229156494141e+00 7.070844650268554688e+00 2.550723791122436523e+00
-4.445197582244873047e+00 6.980335712432861328e+00 2.528905630111694336e+00
-4.430983543395996094e+00 6.893951416015625000e+00 2.508199691772460938e+00
-4.417682170867919922e+00 6.810774803161621094e+00 2.488363265991210938e+00
-4.405014991760253906e+00 6.730027198791503906e+00 2.469170093536376953e+00
-4.392673969268798828e+00 6.651105880737304688e+00 2.450421571731567383e+00
-4.380327224731445312e+00 6.573593616485595703e+00 2.431948661804199219e+00
-4.367631912231445312e+00 6.497274875640869141e+00 2.413619279861450195e+00
-4.354245662689208984e+00 6.422143936157226562e+00 2.395343065261840820e+00
-4.339841365814208984e+00 6.348413944244384766e+00 2.377075910568237305e+00
-4.324118614196777344e+00 6.276506423950195312e+00 2.358822822570800781e+00
-4.306821346282958984e+00 6.207048892974853516e+00 2.340639591217041016e+00
-4.287747383117675781e+00 6.140855789184570312e+00 2.322633981704711914e+00
-4.266763210296630859e+00 6.078917503356933594e+00 2.304965734481811523e+00
-4.243813991546630859e+00 6.022373199462890625e+00 2.287844657897949219e+00
-4.218933105468750000e+00 5.972487449645996094e+00 2.271528244018554688e+00
-4.192245960235595703e+00 5.930618762969970703e+00 2.256315946578979492e+00
-4.163979053497314453e+00 5.898191928863525391e+00 2.242547750473022461e+00
-4.134565830230712891e+00 5.876782894134521484e+00 2.230646848678588867e+00
-4.105213165283203125e+00 5.868697166442871094e+00 2.221382141113281250e+00
-4.075676441192626953e+00 5.874535560607910156e+00 2.214807748794555664e+00
-4.046539306640625000e+00 5.895633220672607422e+00 2.211338996887207031e+00
-4.021246433258056641e+00 5.930248260498046875e+00 2.211533784866333008e+00
-3.999406576156616211e+00 5.980608463287353516e+00 2.215728282928466797e+00
-4.071317672729492188e+00 6.075288772583007812e+00 2.253151416778564453e+00
-4.211899280548095703e+00 6.207646369934082031e+00 2.315938949584960938e+00
-4.366132259368896484e+00 6.366154193878173828e+00 2.387439012527465820e+00
-4.508191108703613281e+00 6.568027496337890625e+00 2.464285135269165039e+00
-4.657212257385253906e+00 6.908223152160644531e+00 2.570156097412109375e+00
-4.864914894104003906e+00 7.426835060119628906e+00 2.726459503173828125e+00
-5.158468246459960938e+00 7.902710914611816406e+00 2.896804809570312500e+00
-5.577853679656982422e+00 8.357550621032714844e+00 3.095912218093872070e+00
-6.013008117675781250e+00 8.836620330810546875e+00 3.303908109664916992e+00
-6.480992317199707031e+00 9.361460685729980469e+00 3.529489755630493164e+00
-6.976087570190429688e+00 1.006385612487792969e+01 3.797080516815185547e+00
-7.422201633453369141e+00 1.075133132934570312e+01 4.048930168151855469e+00
-7.876507282257080078e+00 1.146023082733154297e+01 4.307135105133056641e+00
-8.324367523193359375e+00 1.217230701446533203e+01 4.564279556274414062e+00
-8.761095046997070312e+00 1.288199424743652344e+01 4.818043708801269531e+00
-9.182150840759277344e+00 1.358385467529296875e+01 5.066170692443847656e+00
-9.583247184753417969e+00 1.427268600463867188e+01 5.306517124176025391e+00
-9.960421562194824219e+00 1.494358158111572266e+01 5.537080764770507812e+00
-1.031011867523193359e+01 1.559202671051025391e+01 5.756045341491699219e+00
-1.061843013763427734e+01 1.620773506164550781e+01 5.957750797271728516e+00
-1.089166355133056641e+01 1.679224205017089844e+01 6.144147872924804688e+00
-1.114158248901367188e+01 1.735042953491210938e+01 6.319272994995117188e+00
-1.136665439605712891e+01 1.787978935241699219e+01 6.482231616973876953e+00
-1.155740451812744141e+01 1.837347793579101562e+01 6.629201889038085938e+00
-1.169682312011718750e+01 1.882058715820312500e+01 6.753588676452636719e+00
-1.179907226562500000e+01 1.922836112976074219e+01 6.860522270202636719e+00
-1.186509799957275391e+01 1.959670639038085938e+01 6.950229167938232422e+00
-1.189636707305908203e+01 1.992605400085449219e+01 7.023179531097412109e+00
-1.189482879638671875e+01 2.021736717224121094e+01 7.080071449279785156e+00
-1.186284065246582031e+01 2.047203826904296875e+01 7.121795177459716797e+00
-1.180311584472656250e+01 2.069188308715820312e+01 7.149417877197265625e+00
-1.171865463256835938e+01 2.087905883789062500e+01 7.164147853851318359e+00
-1.161267280578613281e+01 2.103600502014160156e+01 7.167305469512939453e+00
-1.148851490020751953e+01 2.116538238525390625e+01 7.160288810729980469e+00
-1.134959983825683594e+01 2.127000236511230469e+01 7.144544601440429688e+00
-1.119933509826660156e+01 2.135275268554687500e+01 7.121531486511230469e+00
-1.104104804992675781e+01 2.141653442382812500e+01 7.092689990997314453e+00
-1.087794399261474609e+01 2.146422195434570312e+01 7.059423923492431641e+00
-1.064151573181152344e+01 2.149530220031738281e+01 7.003720760345458984e+00
-1.039850997924804688e+01 2.151525497436523438e+01 6.944108963012695312e+00
-1.016259956359863281e+01 2.152695083618164062e+01 6.884728431701660156e+00
-9.936594009399414062e+00 2.153250503540039062e+01 6.826730251312255859e+00
-9.722839355468750000e+00 2.153371429443359375e+01 6.771079540252685547e+00
-9.523212432861328125e+00 2.153202056884765625e+01 6.718552589416503906e+00
-9.339108467102050781e+00 2.152848815917968750e+01 6.669722557067871094e+00
-9.171431541442871094e+00 2.152379417419433594e+01 6.624958515167236328e+00
-9.020607948303222656e+00 2.151820182800292969e+01 6.584424972534179688e+00
-8.886601448059082031e+00 2.151156425476074219e+01 6.548081874847412109e+00
-8.768939971923828125e+00 2.150333786010742188e+01 6.515700817108154297e+00
-8.666757583618164062e+00 2.149259948730468750e+01 6.486871719360351562e+00
-8.578823089599609375e+00 2.147806167602539062e+01 6.461021900177001953e+00
-8.503602981567382812e+00 2.145812797546386719e+01 6.437434196472167969e+00
-8.439294815063476562e+00 2.143089866638183594e+01 6.415265083312988281e+00
-8.383904457092285156e+00 2.139427185058593750e+01 6.393579483032226562e+00
-8.335291862487792969e+00 2.134595489501953125e+01 6.371366500854492188e+00
-8.291239738464355469e+00 2.128355216979980469e+01 6.347575664520263672e+00
-8.249502182006835938e+00 2.120461082458496094e+01 6.321136951446533203e+00
-8.210365295410156250e+00 2.110904312133789062e+01 6.292109012603759766e+00
-8.165907859802246094e+00 2.098927116394042969e+01 6.256928443908691406e+00
-8.091502189636230469e+00 2.082236289978027344e+01 6.204647541046142578e+00
-8.006872177124023438e+00 2.062591171264648438e+01 6.143883705139160156e+00
-8.007159233093261719e+00 2.043434524536132812e+01 6.106282234191894531e+00
-8.015356063842773438e+00 2.021743202209472656e+01 6.065763950347900391e+00
-8.014645576477050781e+00 1.996899986267089844e+01 6.016717910766601562e+00
-8.014294624328613281e+00 1.970273399353027344e+01 5.964257717132568359e+00
-8.013518333435058594e+00 1.941877746582031250e+01 5.908207416534423828e+00
-8.002430915832519531e+00 1.910502052307128906e+01 5.843600749969482422e+00
-7.980323314666748047e+00 1.876233100891113281e+01 5.770421504974365234e+00
-7.943687438964843750e+00 1.839197731018066406e+01 5.688003540039062500e+00
-7.821754932403564453e+00 1.799635314941406250e+01 5.578313827514648438e+00
-7.692786693572998047e+00 1.758040237426757812e+01 5.462786674499511719e+00
-7.556829452514648438e+00 1.714566421508789062e+01 5.341737270355224609e+00
-7.415229320526123047e+00 1.669567680358886719e+01 5.216213703155517578e+00
-7.269526481628417969e+00 1.623441886901855469e+01 5.087399959564208984e+00
-7.121411323547363281e+00 1.576623153686523438e+01 4.956593036651611328e+00
-6.972695350646972656e+00 1.529576492309570312e+01 4.825181007385253906e+00
-6.825295925140380859e+00 1.482791328430175781e+01 4.694627285003662109e+00
-6.681176662445068359e+00 1.436772060394287109e+01 4.566437721252441406e+00
-6.542324542999267578e+00 1.392029953002929688e+01 4.442136764526367188e+00
-6.410707950592041016e+00 1.349074649810791016e+01 4.323242187500000000e+00
-6.288241386413574219e+00 1.308405494689941406e+01 4.211236000061035156e+00
-6.176730155944824219e+00 1.270501327514648438e+01 4.107532501220703125e+00
-6.077863216400146484e+00 1.235814094543457031e+01 4.013461589813232422e+00
-5.993154048919677734e+00 1.204758834838867188e+01 3.930235624313354492e+00
-5.923921108245849609e+00 1.177708244323730469e+01 3.858932256698608398e+00
-5.871269702911376953e+00 1.154985618591308594e+01 3.800476312637329102e+00
-5.836058139801025391e+00 1.136859321594238281e+01 3.755619764328002930e+00
-5.949611186981201172e+00 1.131218242645263672e+01 3.774214744567871094e+00
-6.114068984985351562e+00 1.132440376281738281e+01 3.819617271423339844e+00
-6.291651725769042969e+00 1.138754272460937500e+01 3.878465652465820312e+00
-6.490637302398681641e+00 1.150347137451171875e+01 3.953292131423950195e+00
-6.709539413452148438e+00 1.167073822021484375e+01 4.043423175811767578e+00
-6.962392807006835938e+00 1.190678501129150391e+01 4.155958652496337891e+00
-7.265620231628417969e+00 1.223154544830322266e+01 4.299112319946289062e+00
-7.579542160034179688e+00 1.259845447540283203e+01 4.453351974487304688e+00
-7.899981975555419922e+00 1.300244808197021484e+01 4.616589069366455078e+00
-8.222700119018554688e+00 1.343801403045654297e+01 4.786631584167480469e+00
-8.481283187866210938e+00 1.383865070343017578e+01 4.933035373687744141e+00
-8.721341133117675781e+00 1.424674034118652344e+01 5.076061725616455078e+00
-8.955662727355957031e+00 1.467232894897460938e+01 5.221029758453369141e+00
-9.181346893310546875e+00 1.510985946655273438e+01 5.366088390350341797e+00
-9.395658493041992188e+00 1.555366802215576172e+01 5.509407997131347656e+00
-9.596052169799804688e+00 1.599803447723388672e+01 5.649198532104492188e+00
-9.780205726623535156e+00 1.643725967407226562e+01 5.783731937408447266e+00
-9.946032524108886719e+00 1.686571884155273438e+01 5.911355972290039062e+00
-1.009171295166015625e+01 1.727793502807617188e+01 6.030518054962158203e+00
-1.021568679809570312e+01 1.766862297058105469e+01 6.139770507812500000e+00
-1.031668376922607422e+01 1.803275299072265625e+01 6.237792968750000000e+00
-1.039370250701904297e+01 1.836560630798339844e+01 6.323394298553466797e+00
-1.044603347778320312e+01 1.866282653808593750e+01 6.395532131195068359e+00
-1.047325706481933594e+01 1.892047500610351562e+01 6.453322887420654297e+00
-1.047522068023681641e+01 1.913505935668945312e+01 6.496039867401123047e+00
-1.045206737518310547e+01 1.930361557006835938e+01 6.523137569427490234e+00
-1.040420913696289062e+01 1.942372512817382812e+01 6.534246921539306641e+00
-1.033232593536376953e+01 1.949354362487792969e+01 6.529183864593505859e+00
-1.023736953735351562e+01 1.951187515258789062e+01 6.507962226867675781e+00
-7.190231800079345703e+00 1.925617027282714844e+01 5.660971641540527344e+00
-7.141259193420410156e+00 1.896219635009765625e+01 5.590349674224853516e+00
-7.084425926208496094e+00 1.863557243347167969e+01 5.511251449584960938e+00
-7.019200801849365234e+00 1.827618217468261719e+01 5.423514842987060547e+00
-6.945070743560791016e+00 1.788428497314453125e+01 5.327056407928466797e+00
-6.861565113067626953e+00 1.746052742004394531e+01 5.221880435943603516e+00
-6.768263339996337891e+00 1.700594902038574219e+01 5.108081340789794922e+00
-6.664835453033447266e+00 1.652202796936035156e+01 4.985864162445068359e+00
-6.534504413604736328e+00 1.602227592468261719e+01 4.853498935699462891e+00
-6.370416164398193359e+00 1.552359008789062500e+01 4.712517738342285156e+00
-6.198283195495605469e+00 1.500290107727050781e+01 4.565105438232421875e+00
-6.018767356872558594e+00 1.446309280395507812e+01 4.412002563476562500e+00
-5.840495586395263672e+00 1.391816043853759766e+01 4.258216857910156250e+00
-5.658295154571533203e+00 1.336314773559570312e+01 4.101421833038330078e+00
-5.471766948699951172e+00 1.279975032806396484e+01 3.941846370697021484e+00
-5.281894683837890625e+00 1.223157405853271484e+01 3.780456066131591797e+00
-5.058818817138671875e+00 1.159433937072753906e+01 3.596802949905395508e+00
-4.848236560821533203e+00 1.097241020202636719e+01 3.419426202774047852e+00
-4.714447021484375000e+00 1.045047092437744141e+01 3.281793117523193359e+00
-4.600872993469238281e+00 1.005273246765136719e+01 3.173872947692871094e+00
-4.466529846191406250e+00 9.662097930908203125e+00 3.061919689178466797e+00
-4.320349693298339844e+00 9.253134727478027344e+00 2.943266868591308594e+00
-4.177314758300781250e+00 8.858971595764160156e+00 2.828346967697143555e+00
-4.026636123657226562e+00 8.491424560546875000e+00 2.716663122177124023e+00
-3.878434181213378906e+00 8.144335746765136719e+00 2.609650850296020508e+00
-3.738961935043334961e+00 7.817138195037841797e+00 2.508832931518554688e+00
-3.623041868209838867e+00 7.508802890777587891e+00 2.417882680892944336e+00
-3.640410423278808594e+00 7.180057525634765625e+00 2.357767820358276367e+00
-3.621832609176635742e+00 6.914109230041503906e+00 2.300605058670043945e+00
-3.601931095123291016e+00 6.681873798370361328e+00 2.249726533889770508e+00
-3.566413879394531250e+00 6.484012603759765625e+00 2.201525926589965820e+00
-3.528732776641845703e+00 6.308920383453369141e+00 2.157237529754638672e+00
-3.492942571640014648e+00 6.152876853942871094e+00 2.117189884185791016e+00
-3.459429025650024414e+00 6.015094280242919922e+00 2.081329107284545898e+00
-3.428528547286987305e+00 5.894612789154052734e+00 2.049554109573364258e+00
-3.400521755218505859e+00 5.790324687957763672e+00 2.021720647811889648e+00
-3.370506286621093750e+00 5.689731121063232422e+00 1.994088888168334961e+00
-3.336365938186645508e+00 5.586513519287109375e+00 1.964862108230590820e+00
-3.306401252746582031e+00 5.497333526611328125e+00 1.939488053321838379e+00
-3.280437707901000977e+00 5.420328617095947266e+00 1.917554855346679688e+00
-3.258254051208496094e+00 5.353657245635986328e+00 1.898642063140869141e+00
-3.239578247070312500e+00 5.295523166656494141e+00 1.882325530052185059e+00
-3.224106311798095703e+00 5.244217872619628906e+00 1.868189811706542969e+00
-3.211499214172363281e+00 5.198132038116455078e+00 1.855829596519470215e+00
-3.201395273208618164e+00 5.155785560607910156e+00 1.844859361648559570e+00
-3.193416118621826172e+00 5.115842342376708984e+00 1.834917306900024414e+00
-3.190829515457153320e+00 5.082183837890625000e+00 1.827621221542358398e+00
-3.199259757995605469e+00 5.062125205993652344e+00 1.825880408287048340e+00
-3.208524227142333984e+00 5.041237831115722656e+00 1.824194669723510742e+00
-3.218323707580566406e+00 5.018947601318359375e+00 1.822372794151306152e+00
-3.228351831436157227e+00 4.994808197021484375e+00 1.820247054100036621e+00
-3.238297700881958008e+00 4.968500614166259766e+00 1.817673563957214355e+00
-3.247856855392456055e+00 4.939827442169189453e+00 1.814533591270446777e+00
-3.256727933883666992e+00 4.908695220947265625e+00 1.810729980468750000e+00
-3.264625549316406250e+00 4.875111579895019531e+00 1.806189775466918945e+00
-3.271276712417602539e+00 4.839165687561035156e+00 1.800859093666076660e+00
-3.276430845260620117e+00 4.801019668579101562e+00 1.794704318046569824e+00
-3.279860019683837891e+00 4.760888576507568359e+00 1.787708163261413574e+00
-3.281364440917968750e+00 4.719035148620605469e+00 1.779869914054870605e+00
-3.280848503112792969e+00 4.674994945526123047e+00 1.771073460578918457e+00
-3.278924465179443359e+00 4.621689796447753906e+00 1.760086536407470703e+00
-3.274645328521728516e+00 4.567746162414550781e+00 1.748358368873596191e+00
-3.267944574356079102e+00 4.513492107391357422e+00 1.735935926437377930e+00
-3.258791446685791016e+00 4.459228992462158203e+00 1.722870588302612305e+00
-3.247199773788452148e+00 4.405228614807128906e+00 1.709219336509704590e+00
-3.233219385147094727e+00 4.351720333099365234e+00 1.695040225982666016e+00
-3.219712018966674805e+00 4.301255226135253906e+00 1.681583404541015625e+00
-3.207673549652099609e+00 4.254003524780273438e+00 1.669142603874206543e+00
-3.196553707122802734e+00 4.209326267242431641e+00 1.657448291778564453e+00
-3.183378458023071289e+00 4.165451049804687500e+00 1.645374417304992676e+00
-3.168272733688354492e+00 4.122341632843017578e+00 1.632946252822875977e+00
-3.151379585266113281e+00 4.079922199249267578e+00 1.620186567306518555e+00
-3.132868051528930664e+00 4.038107872009277344e+00 1.607122659683227539e+00
-3.112924814224243164e+00 3.996795177459716797e+00 1.593783140182495117e+00
-3.091747045516967773e+00 3.955886363983154297e+00 1.580200314521789551e+00
-3.073231220245361328e+00 3.922393560409545898e+00 1.568771958351135254e+00
-3.046473741531372070e+00 3.881011724472045898e+00 1.553637266159057617e+00
-3.019153356552124023e+00 3.839777469635009766e+00 1.538384318351745605e+00
-2.991497039794921875e+00 3.798663854598999023e+00 1.523067355155944824e+00
-2.963719606399536133e+00 3.757668495178222656e+00 1.507741928100585938e+00
-2.936018228530883789e+00 3.716812133789062500e+00 1.492463707923889160e+00
-2.908573389053344727e+00 3.676142454147338867e+00 1.477289319038391113e+00
-2.881536006927490234e+00 3.635731697082519531e+00 1.462272405624389648e+00
-2.855035543441772461e+00 3.595678091049194336e+00 1.447466015815734863e+00
-2.829171180725097656e+00 3.556104898452758789e+00 1.432920455932617188e+00
-2.804016351699829102e+00 3.517152309417724609e+00 1.418682575225830078e+00
-2.779613256454467773e+00 3.478977918624877930e+00 1.404794216156005859e+00
-2.756938457489013672e+00 3.442558050155639648e+00 1.391702890396118164e+00
-2.736775159835815430e+00 3.408738613128662109e+00 1.379779458045959473e+00
-2.716024160385131836e+00 3.369519710540771484e+00 1.366640567779541016e+00
-2.696064472198486328e+00 3.331857919692993164e+00 1.354014754295349121e+00
-2.670151948928833008e+00 3.287324905395507812e+00 1.338481187820434570e+00
-2.638877630233764648e+00 3.236988544464111328e+00 1.320404410362243652e+00
-2.608145236968994141e+00 3.188821077346801758e+00 1.302895784378051758e+00
-2.577847003936767578e+00 3.142970561981201172e+00 1.285956382751464844e+00
-2.547858715057373047e+00 3.099536657333374023e+00 1.269573330879211426e+00
-2.518051862716674805e+00 3.058582305908203125e+00 1.253725290298461914e+00
-2.488296985626220703e+00 3.020127058029174805e+00 1.238382458686828613e+00
-2.458467721939086914e+00 2.984134912490844727e+00 1.223504543304443359e+00
-2.427490711212158203e+00 2.947391033172607422e+00 1.208178758621215820e+00
-2.392501592636108398e+00 2.900709867477416992e+00 1.189849495887756348e+00
-2.357400417327880859e+00 2.856930017471313477e+00 1.172061681747436523e+00
-2.322168827056884766e+00 2.815936803817749023e+00 1.154787659645080566e+00
-2.286817312240600586e+00 2.777559280395507812e+00 1.137996912002563477e+00
-2.251380681991577148e+00 2.741557598114013672e+00 1.121650934219360352e+00
-2.215919971466064453e+00 2.707630872726440430e+00 1.105706930160522461e+00
-2.180525302886962891e+00 2.675431966781616211e+00 1.090119957923889160e+00
-2.145310163497924805e+00 2.644550561904907227e+00 1.074839115142822266e+00
-2.110413312911987305e+00 2.614545822143554688e+00 1.059813737869262695e+00
-2.075994968414306641e+00 2.584941148757934570e+00 1.044992327690124512e+00
-2.042228221893310547e+00 2.555237770080566406e+00 1.030321836471557617e+00
-2.009300947189331055e+00 2.524937868118286133e+00 1.015753507614135742e+00
-1.977404356002807617e+00 2.493537187576293945e+00 1.001238107681274414e+00
-1.946732759475708008e+00 2.460560321807861328e+00 9.867330193519592285e-01
-1.917474508285522461e+00 2.425561666488647461e+00 9.721998572349548340e-01
-1.889806628227233887e+00 2.388139486312866211e+00 9.576057791709899902e-01
-1.863893270492553711e+00 2.347947597503662109e+00 9.429257512092590332e-01
-1.839875340461730957e+00 2.304708003997802734e+00 9.281418919563293457e-01
-1.817869544029235840e+00 2.258211851119995117e+00 9.132437109947204590e-01
-1.797966837882995605e+00 2.208330154418945312e+00 8.982294201850891113e-01
-1.780228376388549805e+00 2.155013799667358398e+00 8.831055760383605957e-01
-1.764682292938232422e+00 2.098292112350463867e+00 8.678851723670959473e-01
-1.751328349113464355e+00 2.038281440734863281e+00 8.525910377502441406e-01
-1.740136027336120605e+00 1.975159883499145508e+00 8.372502923011779785e-01
-1.731046676635742188e+00 1.909187197685241699e+00 8.218985795974731445e-01
-1.723974943161010742e+00 1.840672254562377930e+00 8.065744638442993164e-01
-1.718815803527832031e+00 1.769984006881713867e+00 7.913228869438171387e-01
-1.721465587615966797e+00 1.700154185295104980e+00 7.782818675041198730e-01
-1.737798094749450684e+00 1.634236216545104980e+00 7.695876955986022949e-01
-1.755880236625671387e+00 1.567569136619567871e+00 7.612037062644958496e-01
-1.774179816246032715e+00 1.511723756790161133e+00 7.550048232078552246e-01
-1.786494731903076172e+00 1.521975278854370117e+00 7.602409124374389648e-01
-1.799564480781555176e+00 1.532855153083801270e+00 7.657979130744934082e-01
-1.813152551651000977e+00 1.544166564941406250e+00 7.715752720832824707e-01
-1.827651143074035645e+00 1.556235909461975098e+00 7.777398228645324707e-01
-1.844676256179809570e+00 1.570408344268798828e+00 7.849785685539245605e-01
-1.861492514610290527e+00 1.584407091140747070e+00 7.921285033226013184e-01
-1.877924203872680664e+00 1.598085641860961914e+00 7.991149425506591797e-01
-1.893815159797668457e+00 1.611314058303833008e+00 8.058714866638183594e-01
-1.909029245376586914e+00 1.623978853225708008e+00 8.123401999473571777e-01
-1.923446059226989746e+00 1.635980129241943359e+00 8.184699416160583496e-01
-1.936963558197021484e+00 1.647232890129089355e+00 8.242173194885253906e-01
-1.952343106269836426e+00 1.654004454612731934e+00 8.280871510505676270e-01
-1.976649641990661621e+00 1.647035717964172363e+00 8.263821005821228027e-01
-1.999860644340515137e+00 1.639089107513427734e+00 8.241821527481079102e-01
-2.021817445755004883e+00 1.630249619483947754e+00 8.215157389640808105e-01
-2.042375326156616211e+00 1.620598554611206055e+00 8.184108138084411621e-01
-2.061411142349243164e+00 1.610209941864013672e+00 8.148930668830871582e-01
-2.078813076019287109e+00 1.599148154258728027e+00 8.109846115112304688e-01
-2.094491720199584961e+00 1.587466359138488770e+00 8.067040443420410156e-01
-2.108373403549194336e+00 1.575203537940979004e+00 8.020643591880798340e-01
-2.120407104492187500e+00 1.562398672103881836e+00 7.970798611640930176e-01
-2.130555868148803711e+00 1.549066424369812012e+00 7.917550206184387207e-01
-2.138807296752929688e+00 1.535227179527282715e+00 7.860980629920959473e-01
-2.145167112350463867e+00 1.520884394645690918e+00 7.801109552383422852e-01
-2.149660587310791016e+00 1.506045222282409668e+00 7.737982869148254395e-01
-2.152337551116943359e+00 1.490711808204650879e+00 7.671636343002319336e-01
-2.153263568878173828e+00 1.474887609481811523e+00 7.602126002311706543e-01
-2.152527570724487305e+00 1.458584308624267578e+00 7.529550790786743164e-01
-2.150231838226318359e+00 1.441814899444580078e+00 7.454028129577636719e-01
-2.146502971649169922e+00 1.424607276916503906e+00 7.375752329826354980e-01
-2.141478061676025391e+00 1.406999468803405762e+00 7.294970154762268066e-01
-2.135311841964721680e+00 1.389044046401977539e+00 7.212001681327819824e-01
-2.128166198730468750e+00 1.370812535285949707e+00 7.127255797386169434e-01
-2.120216369628906250e+00 1.352387666702270508e+00 7.041197419166564941e-01
-2.111640930175781250e+00 1.333871960639953613e+00 6.954382061958312988e-01
-2.102619409561157227e+00 1.315382599830627441e+00 6.867430806159973145e-01
-2.093335628509521484e+00 1.297049403190612793e+00 6.781020760536193848e-01
-2.083964586257934570e+00 1.279011368751525879e+00 6.695868372917175293e-01
-2.074675559997558594e+00 1.261413574218750000e+00 6.612710356712341309e-01
-2.065625429153442383e+00 1.244405865669250488e+00 6.532300710678100586e-01
-2.056962728500366211e+00 1.228135228157043457e+00 6.455371975898742676e-01
-2.048810482025146484e+00 1.212738156318664551e+00 6.382599472999572754e-01
-2.041282176971435547e+00 1.198340415954589844e+00 6.314604282379150391e-01
-2.034466028213500977e+00 1.185052871704101562e+00 6.251927018165588379e-01
-2.028429985046386719e+00 1.172960519790649414e+00 6.194981336593627930e-01
-2.023220539093017578e+00 1.162123799324035645e+00 6.144062876701354980e-01
-2.018863201141357422e+00 1.152575016021728516e+00 6.099328994750976562e-01
-2.015362024307250977e+00 1.144314527511596680e+00 6.060780882835388184e-01
-2.012698888778686523e+00 1.137306571006774902e+00 6.028253436088562012e-01
-2.010840654373168945e+00 1.131489038467407227e+00 6.001451015472412109e-01
-2.009736776351928711e+00 1.126762747764587402e+00 5.979906916618347168e-01
-2.009321212768554688e+00 1.123000383377075195e+00 5.963019132614135742e-01
-2.009519338607788086e+00 1.120049476623535156e+00 5.950070619583129883e-01
-2.010245084762573242e+00 1.117732167243957520e+00 5.940226316452026367e-01
-2.011405467987060547e+00 1.115854740142822266e+00 5.932575464248657227e-01
-2.012906551361083984e+00 1.114208102226257324e+00 5.926139354705810547e-01
-2.014648675918579102e+00 1.112578511238098145e+00 5.919915437698364258e-01
-2.016537666320800781e+00 1.110748052597045898e+00 5.912885665893554688e-01
-2.018478155136108398e+00 1.108508229255676270e+00 5.904073715209960938e-01
-2.020380973815917969e+00 1.105655074119567871e+00 5.892525315284729004e-01
-2.022164583206176758e+00 1.102006077766418457e+00 5.877387523651123047e-01
-2.023753643035888672e+00 1.097395777702331543e+00 5.857884287834167480e-01
-2.025081872940063477e+00 1.091690182685852051e+00 5.833384990692138672e-01
-2.026098489761352539e+00 1.084781408309936523e+00 5.803384184837341309e-01
-2.026758432388305664e+00 1.076594352722167969e+00 5.767524242401123047e-01
-2.027036428451538086e+00 1.067097783088684082e+00 5.725650191307067871e-01
-2.026913166046142578e+00 1.056288123130798340e+00 5.677738189697265625e-01
-2.026388883590698242e+00 1.044204235076904297e+00 5.623958110809326172e-01
-2.025477647781372070e+00 1.030924201011657715e+00 5.564664602279663086e-01
-2.024205923080444336e+00 1.016551733016967773e+00 5.500331521034240723e-01
-2.022616863250732422e+00 1.001231193542480469e+00 5.431622266769409180e-01
-2.020768404006958008e+00 9.851269721984863281e-01 5.359297394752502441e-01
-2.018726348876953125e+00 9.684312939643859863e-01 5.284243822097778320e-01
-2.016573190689086914e+00 9.513480663299560547e-01 5.207413434982299805e-01
-2.014398813247680664e+00 9.340985417366027832e-01 5.129835009574890137e-01
-2.012300491333007812e+00 9.168980121612548828e-01 5.052515864372253418e-01
-2.010377883911132812e+00 8.999666571617126465e-01 4.976487755775451660e-01
-2.008733034133911133e+00 8.835114836692810059e-01 4.902724921703338623e-01
-2.007462263107299805e+00 8.677179813385009766e-01 4.832103252410888672e-01
-2.006656408309936523e+00 8.527571558952331543e-01 4.765430390834808350e-01
-2.006392002105712891e+00 8.387660384178161621e-01 4.703356027603149414e-01
-2.006732463836669922e+00 8.258535265922546387e-01 4.646399915218353271e-01
-2.007722377777099609e+00 8.140908479690551758e-01 4.594900906085968018e-01
-2.009383201599121094e+00 8.035168051719665527e-01 4.549043476581573486e-01
-2.011713266372680664e+00 7.941268682479858398e-01 4.508806765079498291e-01
-2.014690876007080078e+00 7.858883142471313477e-01 4.474032819271087646e-01
-2.018263578414916992e+00 7.787283062934875488e-01 4.444370865821838379e-01
-2.022358894348144531e+00 7.725492119789123535e-01 4.419346153736114502e-01
-2.026882886886596680e+00 7.672241330146789551e-01 4.398345053195953369e-01
-2.031725645065307617e+00 7.626092433929443359e-01 4.380667507648468018e-01
-2.036761522293090820e+00 7.585450410842895508e-01 4.365537464618682861e-01
-2.041854143142700195e+00 7.548687458038330078e-01 4.352156519889831543e-01
-2.046869993209838867e+00 7.514153122901916504e-01 4.339717626571655273e-01
-2.051670312881469727e+00 7.480274438858032227e-01 4.327447414398193359e-01
-2.056130409240722656e+00 7.445607185363769531e-01 4.314634799957275391e-01
-2.060132265090942383e+00 7.408888339996337891e-01 4.300653636455535889e-01
-2.063579082489013672e+00 7.369084358215332031e-01 4.284993112087249756e-01
-2.066394567489624023e+00 7.325400710105895996e-01 4.267256557941436768e-01
-2.068525791168212891e+00 7.277336716651916504e-01 4.247193634510040283e-01
-2.069942474365234375e+00 7.224643230438232422e-01 4.224675297737121582e-01
-2.070647239685058594e+00 7.167363166809082031e-01 4.199723899364471436e-01
-2.070659399032592773e+00 7.105752229690551758e-01 4.172461628913879395e-01
-2.070027351379394531e+00 7.040281295776367188e-01 4.143126606941223145e-01
-2.068820953369140625e+00 6.971601247787475586e-01 4.112044870853424072e-01
-2.067128181457519531e+00 6.900507211685180664e-01 4.079618155956268311e-01
-2.065049409866333008e+00 6.827828288078308105e-01 4.046271443367004395e-01
-2.062694787979125977e+00 6.754446029663085938e-01 4.012456536293029785e-01
-2.060184717178344727e+00 6.681218743324279785e-01 3.978622257709503174e-01
-2.057638168334960938e+00 6.608924269676208496e-01 3.945181071758270264e-01
-2.055173397064208984e+00 6.538260579109191895e-01 3.912506997585296631e-01
-2.052900314331054688e+00 6.469768285751342773e-01 3.880902826786041260e-01
-2.050921201705932617e+00 6.403811573982238770e-01 3.850587308406829834e-01
-2.049329042434692383e+00 6.340644955635070801e-01 3.821727335453033447e-01
-2.048200607299804688e+00 6.280286908149719238e-01 3.794372975826263428e-01
-2.047603845596313477e+00 6.222610473632812500e-01 3.768507242202758789e-01
-2.047587156295776367e+00 6.167328953742980957e-01 3.744030296802520752e-01
-2.048189640045166016e+00 6.114002466201782227e-01 3.720771074295043945e-01
-2.049442052841186523e+00 6.062055826187133789e-01 3.698489964008331299e-01
-2.051356792449951172e+00 6.010871529579162598e-01 3.676922917366027832e-01
-2.053946733474731445e+00 5.959746837615966797e-01 3.655764460563659668e-01
-2.057217121124267578e+00 5.907980203628540039e-01 3.634709417819976807e-01
-2.061172008514404297e+00 5.854867100715637207e-01 3.613446056842803955e-01
-2.065814495086669922e+00 5.799765586853027344e-01 3.591693043708801270e-01
-2.071150302886962891e+00 5.742094516754150391e-01 3.569195270538330078e-01
-2.077190876007080078e+00 5.681405067443847656e-01 3.545763194561004639e-01
-2.083948612213134766e+00 5.617361068725585938e-01 3.521252274513244629e-01
-2.091090917587280273e+00 5.499979853630065918e-01 3.473353087902069092e-01
-2.098932504653930664e+00 5.370220541954040527e-01 3.420372009277343750e-01
-2.107513427734375000e+00 5.229154229164123535e-01 3.362806439399719238e-01
-2.117904186248779297e+00 5.081591606140136719e-01 3.303392827510833740e-01
-2.129322767257690430e+00 4.924170374870300293e-01 3.240198791027069092e-01
-2.141586780548095703e+00 4.756519794464111328e-01 3.172956407070159912e-01
-2.154720306396484375e+00 4.579416513442993164e-01 3.102024793624877930e-01
-2.168740272521972656e+00 4.393809437751770020e-01 3.027832210063934326e-01
-2.183653593063354492e+00 4.200835824012756348e-01 2.950885891914367676e-01
-2.199457168579101562e+00 4.001741409301757812e-01 2.871735990047454834e-01
-2.216136693954467773e+00 3.797881603240966797e-01 2.790974378585815430e-01
-2.233663320541381836e+00 3.590649962425231934e-01 2.709200084209442139e-01
-2.251988887786865234e+00 3.381543159484863281e-01 2.627050280570983887e-01
-2.271056175231933594e+00 3.171982169151306152e-01 2.545119225978851318e-01
-2.290786027908325195e+00 2.963479757308959961e-01 2.464033812284469604e-01
-2.311088800430297852e+00 2.757446169853210449e-01 2.384365499019622803e-01
-2.331856489181518555e+00 2.555312812328338623e-01 2.306687831878662109e-01
-2.352973461151123047e+00 2.358408272266387939e-01 2.231521904468536377e-01
-2.374310255050659180e+00 2.168039083480834961e-01 2.159373760223388672e-01
-2.395734071731567383e+00 1.985452473163604736e-01 2.090718746185302734e-01
-2.417104721069335938e+00 1.811843812465667725e-01 2.026007920503616333e-01
-2.438291072845458984e+00 1.648354828357696533e-01 1.965671181678771973e-01
-2.459158658981323242e+00 1.496085226535797119e-01 1.910118609666824341e-01
-2.479584932327270508e+00 1.356082856655120850e-01 1.859745532274246216e-01
-2.499458789825439453e+00 1.229389682412147522e-01 1.814949214458465576e-01
-2.518688440322875977e+00 1.116926372051239014e-01 1.776086241006851196e-01
-2.537198305130004883e+00 1.019628345966339111e-01 1.743526458740234375e-01
-2.554934740066528320e+00 9.383474290370941162e-02 1.717616319656372070e-01
-2.571872949600219727e+00 8.737842738628387451e-02 1.698652356863021851e-01
-2.588007688522338867e+00 8.266101777553558350e-02 1.686929464340209961e-01
-2.603363513946533203e+00 7.972752302885055542e-02 1.682659685611724854e-01
-2.617989063262939453e+00 7.860440760850906372e-02 1.685988306999206543e-01
-2.631958484649658203e+00 7.929986715316772461e-02 1.696993410587310791e-01
-2.645369529724121094e+00 8.178938925266265869e-02 1.715621352195739746e-01
-2.658338308334350586e+00 8.602093160152435303e-02 1.741709411144256592e-01
-2.670994997024536133e+00 9.190197288990020752e-02 1.774920225143432617e-01
-2.683487653732299805e+00 9.930422157049179077e-02 1.814771592617034912e-01
-2.695964813232421875e+00 1.080518662929534912e-01 1.860567927360534668e-01
-2.709116935729980469e+00 1.181697919964790344e-01 1.912812143564224243e-01
-2.723306894302368164e+00 1.294851005077362061e-01 1.970944851636886597e-01
-2.737877607345581055e+00 1.413137912750244141e-01 2.031565904617309570e-01
-2.752936124801635742e+00 1.532828509807586670e-01 2.093085348606109619e-01
-2.768569707870483398e+00 1.649633198976516724e-01 2.153653055429458618e-01
-2.784828186035156250e+00 1.758812367916107178e-01 2.211200594902038574e-01
-2.801738023757934570e+00 1.855167597532272339e-01 2.263442724943161011e-01
-2.819285869598388672e+00 1.933153122663497925e-01 2.307916134595870972e-01
-2.837418317794799805e+00 1.986905783414840698e-01 2.341995686292648315e-01
-2.856041669845581055e+00 2.010318189859390259e-01 2.362925559282302856e-01
-2.875023126602172852e+00 1.997223645448684692e-01 2.367901206016540527e-01
-2.894190073013305664e+00 1.941407471895217896e-01 2.354073673486709595e-01
-2.913332462310791016e+00 1.836834996938705444e-01 2.318653166294097900e-01
-2.932208776473999023e+00 1.677738726139068604e-01 2.258949130773544312e-01
-2.950548171997070312e+00 1.458818912506103516e-01 2.172464281320571899e-01
-2.968058824539184570e+00 1.175360903143882751e-01 2.056943476200103760e-01
-2.984434604644775391e+00 8.233675360679626465e-02 1.910446882247924805e-01
-2.999360322952270508e+00 3.997942805290222168e-02 1.731446087360382080e-01
-3.012524604797363281e+00 -9.739015251398086548e-03 1.518866270780563354e-01
-3.023620367050170898e+00 -6.690828502178192139e-02 1.272135376930236816e-01
-3.032360792160034180e+00 -1.314914077520370483e-01 9.912551194429397583e-02
-3.038482904434204102e+00 -2.033181488513946533e-01 6.768292188644409180e-02
-3.043696165084838867e+00 -2.811990976333618164e-01 3.350922465324401855e-02
-3.046573877334594727e+00 -3.652549982070922852e-01 -3.529998706653714180e-03
-3.055094957351684570e+00 -4.460626244544982910e-01 -3.881133720278739929e-02
-3.075268268585205078e+00 -5.164711475372314453e-01 -6.882887333631515503e-02
-3.093911647796630859e+00 -5.895198583602905273e-01 -1.001017764210700989e-01
-3.110815286636352539e+00 -6.645208597183227539e-01 -1.323374956846237183e-01
-3.125794410705566406e+00 -7.407353520393371582e-01 -1.652194857597351074e-01
-3.138699531555175781e+00 -8.173946142196655273e-01 -1.984159648418426514e-01
-3.149415016174316406e+00 -8.937072157859802246e-01 -2.315833270549774170e-01
-3.157194137573242188e+00 -9.694771766662597656e-01 -2.646771073341369629e-01
-3.157407522201538086e+00 -1.047932505607604980e+00 -2.993887662887573242e-01
-3.156224489212036133e+00 -1.122988939285278320e+00 -3.326752781867980957e-01
-3.153798341751098633e+00 -1.193853735923767090e+00 -3.641772270202636719e-01
-3.153279781341552734e+00 -1.253299713134765625e+00 -3.905170261859893799e-01
-3.151738643646240234e+00 -1.307604908943176270e+00 -4.146395027637481689e-01
-3.149392127990722656e+00 -1.356284856796264648e+00 -4.363180398941040039e-01
-3.146483898162841797e+00 -1.398949265480041504e+00 -4.553659856319427490e-01
-3.143270492553710938e+00 -1.435306668281555176e+00 -4.716398417949676514e-01
-3.140027046203613281e+00 -1.465165138244628906e+00 -4.850390553474426270e-01
-3.137027263641357422e+00 -1.488428592681884766e+00 -4.955055117607116699e-01
-3.134544610977172852e+00 -1.505096673965454102e+00 -5.030236244201660156e-01
-3.132842063903808594e+00 -1.515263557434082031e+00 -5.076199769973754883e-01
-3.132165431976318359e+00 -1.519104361534118652e+00 -5.093582868576049805e-01
-3.131399154663085938e+00 -1.517858743667602539e+00 -5.088505148887634277e-01
-3.127938508987426758e+00 -1.513915657997131348e+00 -5.073016285896301270e-01
-3.125766515731811523e+00 -1.504855990409851074e+00 -5.034151673316955566e-01
-3.125117540359497070e+00 -1.491046786308288574e+00 -4.973401427268981934e-01
-3.126182079315185547e+00 -1.472909450531005859e+00 -4.892522990703582764e-01
-3.129111289978027344e+00 -1.450903892517089844e+00 -4.793465733528137207e-01
-3.134013175964355469e+00 -1.425526142120361328e+00 -4.678364098072052002e-01
-3.140949964523315430e+00 -1.397302985191345215e+00 -4.549514353275299072e-01
-3.149944782257080078e+00 -1.366776227951049805e+00 -4.409300684928894043e-01
-3.160977840423583984e+00 -1.334508299827575684e+00 -4.260224997997283936e-01
-3.173981666564941406e+00 -1.301069855690002441e+00 -4.104849696159362793e-01
-3.188862323760986328e+00 -1.267033219337463379e+00 -3.945761620998382568e-01
-3.205481767654418945e+00 -1.232967495918273926e+00 -3.785558640956878662e-01
-3.223668336868286133e+00 -1.199436783790588379e+00 -3.626834452152252197e-01
-3.243221282958984375e+00 -1.166992068290710449e+00 -3.472141623497009277e-01
-3.263906478881835938e+00 -1.136169314384460449e+00 -3.323984146118164062e-01
-3.285463094711303711e+00 -1.107485175132751465e+00 -3.184798061847686768e-01
-3.307595491409301758e+00 -1.081435680389404297e+00 -3.056946098804473877e-01
-3.329980611801147461e+00 -1.058487415313720703e+00 -2.942676544189453125e-01
-3.352266073226928711e+00 -1.039084911346435547e+00 -2.844156324863433838e-01
-3.368599891662597656e+00 -1.018602252006530762e+00 -2.744233310222625732e-01
-3.383467912673950195e+00 -1.001941084861755371e+00 -2.662054598331451416e-01
-3.397161245346069336e+00 -9.901401996612548828e-01 -2.602055370807647705e-01
-3.409231901168823242e+00 -9.835444688796997070e-01 -2.566013336181640625e-01
-3.419192075729370117e+00 -9.824632406234741211e-01 -2.555575370788574219e-01
-3.426517724990844727e+00 -9.871580600738525391e-01 -2.572197616100311279e-01
-3.430648088455200195e+00 -9.978449344635009766e-01 -2.617153227329254150e-01
-3.430990219116210938e+00 -1.014682054519653320e+00 -2.691479325294494629e-01
-3.426912784576416016e+00 -1.037773013114929199e+00 -2.795991897583007812e-01
-3.417762279510498047e+00 -1.067152023315429688e+00 -2.931213378906250000e-01
-3.402858495712280273e+00 -1.102780461311340332e+00 -3.097359538078308105e-01
-3.381508827209472656e+00 -1.144541263580322266e+00 -3.294304311275482178e-01
-3.353014230728149414e+00 -1.192229986190795898e+00 -3.521540462970733643e-01
-3.316680669784545898e+00 -1.245552659034729004e+00 -3.778159916400909424e-01
-3.271831989288330078e+00 -1.304115772247314453e+00 -4.062805473804473877e-01
-3.217822551727294922e+00 -1.367425203323364258e+00 -4.373655915260314941e-01
-3.154051303863525391e+00 -1.434884071350097656e+00 -4.708410799503326416e-01
-3.079980373382568359e+00 -1.505788683891296387e+00 -5.064260959625244141e-01
-2.995146751403808594e+00 -1.579341769218444824e+00 -5.437940359115600586e-01
-2.899647474288940430e+00 -1.654272794723510742e+00 -5.823770761489868164e-01
-2.805542945861816406e+00 -1.718813180923461914e+00 -6.162821054458618164e-01
-2.726803779602050781e+00 -1.742446780204772949e+00 -6.312102079391479492e-01
-2.634138107299804688e+00 -1.730763792991638184e+00 -6.312977075576782227e-01
-2.536057472229003906e+00 -1.703715443611145020e+00 -6.248918771743774414e-01
-2.433239936828613281e+00 -1.659566283226013184e+00 -6.111862063407897949e-01
-2.326448678970336914e+00 -1.596724033355712891e+00 -5.894325375556945801e-01
-2.216524124145507812e+00 -1.513783216476440430e+00 -5.589612126350402832e-01
-2.104370832443237305e+00 -1.409560203552246094e+00 -5.191970467567443848e-01
-2.051470041275024414e+00 -1.267275929450988770e+00 -4.592249095439910889e-01
-2.064209938049316406e+00 -1.078432798385620117e+00 -3.749214410781860352e-01
-2.145929336547851562e+00 -7.702981233596801758e-01 -2.339061647653579712e-01
-2.607462882995605469e+00 -9.581688046455383301e-02 9.080394357442855835e-02
-3.077213048934936523e+00 2.599481105804443359e+00 1.037819385528564453e+00
-3.644450187683105469e+00 5.671147346496582031e+00 2.062058687210083008e+00
-4.818687915802001953e+00 7.861408233642578125e+00 2.799843072891235352e+00
-5.762046337127685547e+00 9.370272636413574219e+00 3.343248367309570312e+00
-6.433175563812255859e+00 1.020125007629394531e+01 3.682153701782226562e+00
-7.107557296752929688e+00 1.102508068084716797e+01 4.020503520965576172e+00
-7.593345165252685547e+00 1.167043590545654297e+01 4.274442195892333984e+00
-7.953441143035888672e+00 1.220669364929199219e+01 4.474061012268066406e+00
-8.308086395263671875e+00 1.272410392761230469e+01 4.668547630310058594e+00
-8.654628753662109375e+00 1.321949863433837891e+01 4.856586456298828125e+00
-8.990525245666503906e+00 1.369008922576904297e+01 5.036962509155273438e+00
-9.313388824462890625e+00 1.413351631164550781e+01 5.208589076995849609e+00
-9.625985145568847656e+00 1.456275177001953125e+01 5.374740123748779297e+00
-9.931409835815429688e+00 1.499157905578613281e+01 5.538935661315917969e+00
-1.021674537658691406e+01 1.538550567626953125e+01 5.691014766693115234e+00
-1.048046112060546875e+01 1.574385738372802734e+01 5.830444335937500000e+00
-1.072134208679199219e+01 1.606653785705566406e+01 5.956887722015380859e+00
-1.093850612640380859e+01 1.635400581359863281e+01 6.070205211639404297e+00
-1.113139629364013672e+01 1.660725402832031250e+01 6.170445442199707031e+00
-1.129978179931640625e+01 1.682776641845703125e+01 6.257841110229492188e+00
-1.144375801086425781e+01 1.701747703552246094e+01 6.332795619964599609e+00
-1.156371021270751953e+01 1.717871284484863281e+01 6.395869731903076172e+00
-1.166030883789062500e+01 1.731412506103515625e+01 6.447758197784423828e+00
-1.173447227478027344e+01 1.742662811279296875e+01 6.489275455474853516e+00
-1.178734397888183594e+01 1.751933479309082031e+01 6.521332263946533203e+00
-1.182025146484375000e+01 1.759547615051269531e+01 6.544911384582519531e+00
-1.183468437194824219e+01 1.765833473205566406e+01 6.561048030853271484e+00
-1.183223819732666016e+01 1.771117973327636719e+01 6.570801258087158203e+00
-1.181460762023925781e+01 1.775720214843750000e+01 6.575243473052978516e+00
-1.178352642059326172e+01 1.779946327209472656e+01 6.575428485870361328e+00
-1.174074935913085938e+01 1.784082984924316406e+01 6.572380065917968750e+00
-1.168801593780517578e+01 1.788394546508789062e+01 6.567072391510009766e+00
-1.162703037261962891e+01 1.793118858337402344e+01 6.560418605804443359e+00
-1.155942821502685547e+01 1.798463630676269531e+01 6.553255558013916016e+00
-1.148676013946533203e+01 1.804605102539062500e+01 6.546334266662597656e+00
-1.141294384002685547e+01 1.812425804138183594e+01 6.542415618896484375e+00
-1.134247589111328125e+01 1.824033927917480469e+01 6.546821594238281250e+00
-1.117240238189697266e+01 1.831155014038085938e+01 6.516359806060791016e+00
-1.100088310241699219e+01 1.839384078979492188e+01 6.487699508666992188e+00
-1.082925510406494141e+01 1.848729896545410156e+01 6.461206912994384766e+00
-1.065866947174072266e+01 1.859167289733886719e+01 6.437133312225341797e+00
-1.049009704589843750e+01 1.870639991760253906e+01 6.415622711181640625e+00
-1.032432079315185547e+01 1.883061027526855469e+01 6.396708488464355469e+00
-1.012370681762695312e+01 1.896139144897460938e+01 6.369977474212646484e+00
-9.823835372924804688e+00 1.909436035156250000e+01 6.317725181579589844e+00
-9.529575347900390625e+00 1.923257064819335938e+01 6.267971038818359375e+00
-9.241806030273437500e+00 1.937411880493164062e+01 6.220570087432861328e+00
-8.961217880249023438e+00 1.951687049865722656e+01 6.175283908843994141e+00
-8.688324928283691406e+00 1.965849685668945312e+01 6.131788253784179688e+00
-8.423467636108398438e+00 1.979648208618164062e+01 6.089677810668945312e+00
-8.153720855712890625e+00 1.991625404357910156e+01 6.042706012725830078e+00
-7.839228630065917969e+00 1.997874450683593750e+01 5.972769737243652344e+00
-7.535696506500244141e+00 2.003182601928710938e+01 5.903848648071289062e+00
-7.242490768432617188e+00 2.007217597961425781e+01 5.835123538970947266e+00
-6.958850383758544922e+00 2.009644508361816406e+01 5.765736579895019531e+00
-6.683892250061035156e+00 2.010126686096191406e+01 5.694794654846191406e+00
-6.474881649017333984e+00 2.010517311096191406e+01 5.640915393829345703e+00
-6.487593173980712891e+00 2.016376304626464844e+01 5.655762195587158203e+00
-6.504652976989746094e+00 2.019289588928222656e+01 5.665952682495117188e+00
-6.524836063385009766e+00 2.018972587585449219e+01 5.670605659484863281e+00
-6.546821594238281250e+00 2.015165519714355469e+01 5.668866634368896484e+00
-6.566211700439453125e+00 2.007530593872070312e+01 5.658920288085937500e+00
-6.581112384796142578e+00 1.996943855285644531e+01 5.641994953155517578e+00
-6.593313694000244141e+00 1.982207870483398438e+01 5.616202831268310547e+00
-6.621716976165771484e+00 1.966018867492675781e+01 5.591789245605468750e+00
-6.650648117065429688e+00 1.946356391906738281e+01 5.560682296752929688e+00
-6.673169136047363281e+00 1.922453689575195312e+01 5.519559860229492188e+00
-6.687860488891601562e+00 1.894359207153320312e+01 5.468146324157714844e+00
-6.693406581878662109e+00 1.862182807922363281e+01 5.406313419342041016e+00
-6.688609600067138672e+00 1.826099967956542969e+01 5.334093093872070312e+00
-6.672424316406250000e+00 1.786349868774414062e+01 5.251682758331298828e+00
-6.641753196716308594e+00 1.743562316894531250e+01 5.159510612487792969e+00
-6.593150138854980469e+00 1.698505020141601562e+01 5.058186531066894531e+00
-6.531799316406250000e+00 1.650789451599121094e+01 4.948301315307617188e+00
-6.444563865661621094e+00 1.600825691223144531e+01 4.827226161956787109e+00
-6.274124622344970703e+00 1.548868179321289062e+01 4.680475711822509766e+00
-6.099618434906005859e+00 1.495833396911621094e+01 4.530543327331542969e+00
-5.925680637359619141e+00 1.442738819122314453e+01 4.380641937255859375e+00
-5.762728691101074219e+00 1.391487598419189453e+01 4.237238407135009766e+00
-5.600746631622314453e+00 1.340872097015380859e+01 4.095338344573974609e+00
-5.424886226654052734e+00 1.287810516357421875e+01 3.944999217987060547e+00
-5.250879287719726562e+00 1.235357475280761719e+01 3.796341419219970703e+00
-5.101037502288818359e+00 1.188824844360351562e+01 3.665646076202392578e+00
-4.967563629150390625e+00 1.146951961517333984e+01 3.548394441604614258e+00
-4.852105617523193359e+00 1.110251998901367188e+01 3.446027040481567383e+00
-4.756045341491699219e+00 1.079163551330566406e+01 3.359768152236938477e+00
-4.680454254150390625e+00 1.054043102264404297e+01 3.290598392486572266e+00
-4.626086711883544922e+00 1.035158538818359375e+01 3.239242315292358398e+00
-4.574690341949462891e+00 1.018581485748291016e+01 3.193201303482055664e+00
-4.512597084045410156e+00 1.004425716400146484e+01 3.149125814437866211e+00
-4.373135566711425781e+00 9.950728416442871094e+00 3.094267368316650391e+00
-4.237663269042968750e+00 9.914370536804199219e+00 3.051696538925170898e+00
-4.107216835021972656e+00 9.935591697692871094e+00 3.021763801574707031e+00
-3.986661195755004883e+00 1.000839424133300781e+01 3.004562139511108398e+00
-3.877207279205322266e+00 1.013122940063476562e+01 3.000102996826171875e+00
-3.779901504516601562e+00 1.030197715759277344e+01 3.008243322372436523e+00
-3.695602178573608398e+00 1.051799297332763672e+01 3.028687953948974609e+00
-3.624996900558471680e+00 1.077618503570556641e+01 3.061007499694824219e+00
-3.568582296371459961e+00 1.107306766510009766e+01 3.104646921157836914e+00
-3.526673793792724609e+00 1.140482807159423828e+01 3.158938646316528320e+00
-3.499412059783935547e+00 1.176740646362304688e+01 3.223120927810668945e+00
-3.486773014068603516e+00 1.215655422210693359e+01 3.296352148056030273e+00
-3.488571643829345703e+00 1.256791114807128906e+01 3.377726078033447266e+00
-3.510780096054077148e+00 1.300364971160888672e+01 3.469231843948364258e+00
-3.551406621932983398e+00 1.345775032043457031e+01 3.569164514541625977e+00
-3.604157447814941406e+00 1.391989040374755859e+01 3.673848152160644531e+00
-3.668244838714599609e+00 1.438571357727050781e+01 3.782220363616943359e+00
-3.742826461791992188e+00 1.485107040405273438e+01 3.893244266510009766e+00
-3.827021598815917969e+00 1.531203460693359375e+01 4.005918025970458984e+00
-3.919913768768310547e+00 1.576495265960693359e+01 4.119283199310302734e+00
-4.020576953887939453e+00 1.620645713806152344e+01 4.232435703277587891e+00
-4.128067970275878906e+00 1.663349342346191406e+01 4.344527721405029297e+00
-4.241447925567626953e+00 1.704333686828613281e+01 4.454778194427490234e+00
-4.359778881072998047e+00 1.743358230590820312e+01 4.562468051910400391e+00
-4.482159614562988281e+00 1.780266380310058594e+01 4.667054653167724609e+00
-4.608620643615722656e+00 1.816678810119628906e+01 4.771733283996582031e+00
-4.737260341644287109e+00 1.850580215454101562e+01 4.872043132781982422e+00
-4.867180347442626953e+00 1.881844329833984375e+01 4.967500686645507812e+00
-4.992583274841308594e+00 1.911085891723632812e+01 5.057798862457275391e+00
-5.114628314971923828e+00 1.937943077087402344e+01 5.142530441284179688e+00
-5.235417366027832031e+00 1.961948204040527344e+01 5.221323966979980469e+00
-5.354205608367919922e+00 1.983074951171875000e+01 5.293932914733886719e+00
-5.470261096954345703e+00 2.001322555541992188e+01 5.360165119171142578e+00
-5.582867145538330078e+00 2.016712951660156250e+01 5.419876098632812500e+00
-5.691342830657958984e+00 2.029290008544921875e+01 5.472974300384521484e+00
-5.799983024597167969e+00 2.039636993408203125e+01 5.521728515625000000e+00
-5.906052112579345703e+00 2.047615242004394531e+01 5.565152645111083984e+00
-6.005951881408691406e+00 2.053009414672851562e+01 5.601881504058837891e+00
-6.099054336547851562e+00 2.055927467346191406e+01 5.631962776184082031e+00
-6.184801578521728516e+00 2.056491851806640625e+01 5.655492305755615234e+00
-6.262718200683593750e+00 2.054841423034667969e+01 5.672618389129638672e+00
-6.332397460937500000e+00 2.051128196716308594e+01 5.683533668518066406e+00
-6.393531322479248047e+00 2.045516586303710938e+01 5.688480854034423828e+00
-6.445910930633544922e+00 2.038181877136230469e+01 5.687749862670898438e+00
-6.489428997039794922e+00 2.029310226440429688e+01 5.681680202484130859e+00
-6.524086475372314453e+00 2.019094467163085938e+01 5.670649528503417969e+00
-6.549999237060546875e+00 2.007735443115234375e+01 5.655084609985351562e+00
-6.567396163940429688e+00 1.995437049865722656e+01 5.635444641113281250e+00
-6.576610088348388672e+00 1.982405090332031250e+01 5.612223148345947266e+00
-6.578094005584716797e+00 1.968844985961914062e+01 5.585941791534423828e+00
-6.572393894195556641e+00 1.954958915710449219e+01 5.557141304016113281e+00
-6.560145854949951172e+00 1.940941810607910156e+01 5.526370525360107422e+00
-6.542074203491210938e+00 1.926978683471679688e+01 5.494183540344238281e+00
-6.518963336944580078e+00 1.913242530822753906e+01 5.461125373840332031e+00
-6.491652965545654297e+00 1.899890136718750000e+01 5.427723884582519531e+00
-6.461006164550781250e+00 1.887056922912597656e+01 5.394471168518066406e+00
-6.427907943725585938e+00 1.874857902526855469e+01 5.361824989318847656e+00
-6.393236160278320312e+00 1.863381958007812500e+01 5.330189704895019531e+00
-6.357833385467529297e+00 1.852689743041992188e+01 5.299903869628906250e+00
-6.322497367858886719e+00 1.842812156677246094e+01 5.271238327026367188e+00
-6.287960052490234375e+00 1.833749198913574219e+01 5.244383811950683594e+00
-6.254867076873779297e+00 1.825468063354492188e+01 5.219444274902343750e+00
-6.223765373229980469e+00 1.817903327941894531e+01 5.196434974670410156e+00
-6.195083141326904297e+00 1.810957908630371094e+01 5.175275325775146484e+00
-6.169128894805908203e+00 1.804504203796386719e+01 5.155797004699707031e+00
-6.146079063415527344e+00 1.798385047912597656e+01 5.137735366821289062e+00
-6.125969409942626953e+00 1.792418861389160156e+01 5.120743274688720703e+00
-6.108701705932617188e+00 1.786400604248046875e+01 5.104392051696777344e+00
-6.094040393829345703e+00 1.780108833312988281e+01 5.088184356689453125e+00
-6.081613063812255859e+00 1.773308944702148438e+01 5.071561813354492188e+00
-6.070932865142822266e+00 1.765760040283203125e+01 5.053922176361083984e+00
-6.061395168304443359e+00 1.757219505310058594e+01 5.034631729125976562e+00
-6.052292823791503906e+00 1.747450828552246094e+01 5.013039112091064453e+00
-6.042835235595703125e+00 1.736230278015136719e+01 4.988498210906982422e+00
-6.032168865203857422e+00 1.723350906372070312e+01 4.960379123687744141e+00
-6.019395828247070312e+00 1.708632278442382812e+01 4.928091526031494141e+00
-6.003588199615478516e+00 1.691924285888671875e+01 4.891098022460937500e+00
-5.983825683593750000e+00 1.673113250732421875e+01 4.848934173583984375e+00
-5.959205627441406250e+00 1.652125549316406250e+01 4.801219463348388672e+00
-5.928884506225585938e+00 1.628934097290039062e+01 4.747679710388183594e+00
-5.892084121704101562e+00 1.603557777404785156e+01 4.688148975372314453e+00
-5.848123073577880859e+00 1.576065444946289062e+01 4.622584342956542969e+00
-5.796438217163085938e+00 1.546576976776123047e+01 4.551074504852294922e+00
-5.736610889434814453e+00 1.515260887145996094e+01 4.473841190338134766e+00
-5.668364048004150391e+00 1.482334804534912109e+01 4.391239643096923828e+00
-5.591591358184814453e+00 1.448060417175292969e+01 4.303757667541503906e+00
-5.506366252899169922e+00 1.412742710113525391e+01 4.212013721466064453e+00
-5.402769565582275391e+00 1.376675891876220703e+01 4.113993167877197266e+00
-5.289706707000732422e+00 1.340270423889160156e+01 4.012831211090087891e+00
-5.177359580993652344e+00 1.303965568542480469e+01 3.912054300308227539e+00
-5.066938400268554688e+00 1.268177318572998047e+01 3.812797307968139648e+00
-4.959671497344970703e+00 1.233329677581787109e+01 3.716214656829833984e+00
-4.844549655914306641e+00 1.200839805603027344e+01 3.622215509414672852e+00
-4.716852188110351562e+00 1.170778083801269531e+01 3.529704093933105469e+00
-4.584427356719970703e+00 1.143301486968994141e+01 3.441040754318237305e+00
-4.451441764831542969e+00 1.118370723724365234e+01 3.357238054275512695e+00
-4.319374561309814453e+00 1.096313476562500000e+01 3.279326677322387695e+00
-4.189746379852294922e+00 1.077422809600830078e+01 3.208280801773071289e+00
-4.064073562622070312e+00 1.061949157714843750e+01 3.144989728927612305e+00
-3.943851709365844727e+00 1.050098323822021484e+01 3.090249300003051758e+00
-3.830522298812866211e+00 1.042026424407958984e+01 3.044742822647094727e+00
-3.725448131561279297e+00 1.037837600708007812e+01 3.009032011032104492e+00
-3.629893302917480469e+00 1.037581443786621094e+01 2.983544588088989258e+00
-3.544990301132202148e+00 1.041252708435058594e+01 2.968566417694091797e+00
-3.471729516983032227e+00 1.048790836334228516e+01 2.964237451553344727e+00
-3.410938262939453125e+00 1.060080814361572266e+01 2.970547676086425781e+00
-3.363273143768310547e+00 1.074955654144287109e+01 2.987340211868286133e+00
-3.329196214675903320e+00 1.093197250366210938e+01 3.014307498931884766e+00
-3.308989048004150391e+00 1.114542293548583984e+01 3.051004409790039062e+00
-3.302734136581420898e+00 1.138685035705566406e+01 3.096852064132690430e+00
-3.310315370559692383e+00 1.165281295776367188e+01 3.151142358779907227e+00
-3.331433773040771484e+00 1.193955802917480469e+01 3.213059663772583008e+00
-3.365596771240234375e+00 1.224306869506835938e+01 3.281685113906860352e+00
-3.412139177322387695e+00 1.255912399291992188e+01 3.356014251708984375e+00
-3.470226764678955078e+00 1.288337326049804688e+01 3.434973478317260742e+00
-3.538872957229614258e+00 1.321140670776367188e+01 3.517437458038330078e+00
-3.616949796676635742e+00 1.353879833221435547e+01 3.602241516113281250e+00
-3.703209638595581055e+00 1.386121082305908203e+01 3.688205242156982422e+00
-3.796297311782836914e+00 1.417442703247070312e+01 3.774145603179931641e+00
-3.894773721694946289e+00 1.447443580627441406e+01 3.858897447586059570e+00
-3.997134923934936523e+00 1.475748920440673828e+01 3.941330432891845703e+00
-4.101829528808593750e+00 1.502014732360839844e+01 4.020361900329589844e+00
-4.207291603088378906e+00 1.525933170318603516e+01 4.094977855682373047e+00
-4.311947822570800781e+00 1.547238731384277344e+01 4.164243698120117188e+00
-4.414257049560546875e+00 1.565709972381591797e+01 4.227321624755859375e+00
-4.512725830078125000e+00 1.581173992156982422e+01 4.283481121063232422e+00
-4.605930805206298828e+00 1.593508434295654297e+01 4.332108974456787109e+00
-4.692540645599365234e+00 1.602642059326171875e+01 4.372717380523681641e+00
-4.771343708038330078e+00 1.608558082580566406e+01 4.404956340789794922e+00
-4.841266155242919922e+00 1.611290550231933594e+01 4.428612232208251953e+00
-4.901393890380859375e+00 1.610926628112792969e+01 4.443617820739746094e+00
-4.950983524322509766e+00 1.607603263854980469e+01 4.450047016143798828e+00
-4.989484310150146484e+00 1.601504516601562500e+01 4.448118209838867188e+00
-5.016548156738281250e+00 1.592856597900390625e+01 4.438186645507812500e+00
-5.032038211822509766e+00 1.581928062438964844e+01 4.420742511749267578e+00
-5.036027908325195312e+00 1.569018936157226562e+01 4.396396636962890625e+00
-5.028808593750000000e+00 1.554460334777832031e+01 4.365876197814941406e+00
-5.010879516601562500e+00 1.538604259490966797e+01 4.330003261566162109e+00
-4.982946872711181641e+00 1.521819114685058594e+01 4.289687633514404297e+00
-4.945901393890380859e+00 1.504483032226562500e+01 4.245906352996826172e+00
-4.900798797607421875e+00 1.486974525451660156e+01 4.199678897857666016e+00
-4.848848342895507812e+00 1.469666194915771484e+01 4.152054786682128906e+00
-4.791382312774658203e+00 1.452919673919677734e+01 4.104093551635742188e+00
-4.729823112487792969e+00 1.437074565887451172e+01 4.056834697723388672e+00
-4.665660858154296875e+00 1.422444248199462891e+01 4.011284828186035156e+00
-4.600426197052001953e+00 1.409309673309326172e+01 3.968395948410034180e+00
-4.535644531250000000e+00 1.397911834716796875e+01 3.929041862487792969e+00
-4.472822189331054688e+00 1.388449001312255859e+01 3.894005298614501953e+00
-4.413407325744628906e+00 1.381071090698242188e+01 3.863960266113281250e+00
-4.358762264251708984e+00 1.375876235961914062e+01 3.839455842971801758e+00
-4.310144901275634766e+00 1.372910881042480469e+01 3.820912361145019531e+00
-4.273920536041259766e+00 1.372714138031005859e+01 3.811054229736328125e+00
-4.250500679016113281e+00 1.375163650512695312e+01 3.809748411178588867e+00
-4.235749721527099609e+00 1.379626369476318359e+01 3.814668893814086914e+00
-4.230140209197998047e+00 1.385917758941650391e+01 3.825575828552246094e+00
-4.233949661254882812e+00 1.393807029724121094e+01 3.842087984085083008e+00
-4.247258663177490234e+00 1.403017234802246094e+01 3.863681793212890625e+00
-4.269944667816162109e+00 1.413234329223632812e+01 3.889708042144775391e+00
-4.301678180694580078e+00 1.424110031127929688e+01 3.919394731521606445e+00
-4.341928958892822266e+00 1.435269641876220703e+01 3.951866865158081055e+00
-4.389967441558837891e+00 1.446318435668945312e+01 3.986157178878784180e+00
-4.444876670837402344e+00 1.456849193572998047e+01 4.021224975585937500e+00
-4.505554199218750000e+00 1.466449165344238281e+01 4.055970668792724609e+00
-4.570741176605224609e+00 1.474708747863769531e+01 4.089258670806884766e+00
-4.639018058776855469e+00 1.481228733062744141e+01 4.119933605194091797e+00
-4.708851337432861328e+00 1.485628604888916016e+01 4.146845340728759766e+00
-4.778594493865966797e+00 1.487553501129150391e+01 4.168866157531738281e+00
-4.846524238586425781e+00 1.486682033538818359e+01 4.184913158416748047e+00
-4.910875320434570312e+00 1.482733726501464844e+01 4.193972587585449219e+00
-4.969857692718505859e+00 1.475472831726074219e+01 4.195113658905029297e+00
-5.021708488464355469e+00 1.464716720581054688e+01 4.187516212463378906e+00
-5.064712524414062500e+00 1.450339221954345703e+01 4.170482635498046875e+00
-5.097245693206787109e+00 1.432274436950683594e+01 4.143459796905517578e+00
-5.122212886810302734e+00 1.410980319976806641e+01 4.108107566833496094e+00
-5.146480560302734375e+00 1.387376976013183594e+01 4.068030357360839844e+00
-5.157671928405761719e+00 1.360416507720947266e+01 4.017931938171386719e+00
-5.154748916625976562e+00 1.330277156829833984e+01 3.957890987396240234e+00
-5.136899948120117188e+00 1.297198295593261719e+01 3.888166427612304688e+00
-5.103554725646972656e+00 1.261474514007568359e+01 3.809187889099121094e+00
-5.054402351379394531e+00 1.223453426361083984e+01 3.721558570861816406e+00
-4.971776962280273438e+00 1.183448696136474609e+01 3.621276140213012695e+00
-4.829783916473388672e+00 1.139309787750244141e+01 3.497340440750122070e+00
-4.659215927124023438e+00 1.089262390136718750e+01 3.354313373565673828e+00
-4.457661628723144531e+00 1.029824829101562500e+01 3.184716224670410156e+00
-4.309686183929443359e+00 9.778261184692382812e+00 3.043758153915405273e+00
-4.256136894226074219e+00 9.576221466064453125e+00 2.990020990371704102e+00
-4.204680919647216797e+00 9.409950256347656250e+00 2.943865776062011719e+00
-4.109897613525390625e+00 9.164467811584472656e+00 2.870803594589233398e+00
-4.000701904296875000e+00 8.885863304138183594e+00 2.787458896636962891e+00
-3.889111518859863281e+00 8.611750602722167969e+00 2.704371690750122070e+00
-3.780807733535766602e+00 8.359536170959472656e+00 2.626450300216674805e+00
-3.677200078964233398e+00 8.132479667663574219e+00 2.554704666137695312e+00
-3.579659700393676758e+00 7.933542728424072266e+00 2.490076065063476562e+00
-3.493891477584838867e+00 7.767362594604492188e+00 2.434967756271362305e+00
-3.416468143463134766e+00 7.641301155090332031e+00 2.389931440353393555e+00
-3.288821697235107422e+00 7.546947002410888672e+00 2.338000297546386719e+00
-3.165869951248168945e+00 7.486428260803222656e+00 2.293950796127319336e+00
-3.049180030822753906e+00 7.460673332214355469e+00 2.258375883102416992e+00
-2.940244436264038086e+00 7.470174312591552734e+00 2.231762409210205078e+00
-2.825567722320556641e+00 7.518180370330810547e+00 2.211220979690551758e+00
-2.713539361953735352e+00 7.602757453918457031e+00 2.198564291000366211e+00
-2.603311300277709961e+00 7.722455024719238281e+00 2.193285703659057617e+00
-2.491232395172119141e+00 7.875776290893554688e+00 2.194136381149291992e+00
-2.430137872695922852e+00 8.078101158142089844e+00 2.217955112457275391e+00
-2.381052017211914062e+00 8.311048507690429688e+00 2.250936031341552734e+00
-2.344502210617065430e+00 8.571583747863769531e+00 2.292620658874511719e+00
-2.337445259094238281e+00 8.862507820129394531e+00 2.347993373870849609e+00
-2.381461143493652344e+00 9.188068389892578125e+00 2.423531293869018555e+00
-2.430884122848510742e+00 9.540547370910644531e+00 2.505777359008789062e+00
-2.505556583404541016e+00 9.968424797058105469e+00 2.609453916549682617e+00
-2.577312469482421875e+00 1.039815616607666016e+01 2.712732791900634766e+00
-2.644663572311401367e+00 1.082369613647460938e+01 2.814035177230834961e+00
-2.706211566925048828e+00 1.123902130126953125e+01 2.911811828613281250e+00
-2.760661602020263672e+00 1.163820934295654297e+01 3.004558801651000977e+00
-2.813865661621093750e+00 1.201815891265869141e+01 3.093195915222167969e+00
-2.932058334350585938e+00 1.239860630035400391e+01 3.198923110961914062e+00
-3.072734832763671875e+00 1.275638771057128906e+01 3.306070804595947266e+00
-3.228663444519042969e+00 1.308520412445068359e+01 3.411509990692138672e+00
-3.386732816696166992e+00 1.337787055969238281e+01 3.510398626327514648e+00
-3.544887304306030273e+00 1.363011264801025391e+01 3.601359367370605469e+00
-3.701081275939941406e+00 1.383818626403808594e+01 3.683120489120483398e+00
-3.853305578231811523e+00 1.399893856048583984e+01 3.754536867141723633e+00
-3.999616861343383789e+00 1.410985183715820312e+01 3.814604997634887695e+00
-4.138159275054931641e+00 1.416909408569335938e+01 3.862479448318481445e+00
-4.267173767089843750e+00 1.417553138732910156e+01 3.897477388381958008e+00
-4.385047912597656250e+00 1.412876796722412109e+01 3.919099330902099609e+00
-4.490303039550781250e+00 1.402913665771484375e+01 3.927024126052856445e+00
-4.581638336181640625e+00 1.387770366668701172e+01 3.921121358871459961e+00
-4.651010036468505859e+00 1.368627166748046875e+01 3.901609420776367188e+00
-4.702237606048583984e+00 1.345043945312500000e+01 3.868620634078979492e+00
-4.736456871032714844e+00 1.317063140869140625e+01 3.822536230087280273e+00
-4.753260135650634766e+00 1.285044384002685547e+01 3.763956785202026367e+00
-4.752460002899169922e+00 1.249398612976074219e+01 3.693641185760498047e+00
-4.734105587005615234e+00 1.210585212707519531e+01 3.612505674362182617e+00
-4.698473930358886719e+00 1.169101333618164062e+01 3.521601200103759766e+00
-4.646057128906250000e+00 1.125476360321044922e+01 3.422096490859985352e+00
-4.591396808624267578e+00 1.080811882019042969e+01 3.319961309432983398e+00
-4.513761997222900391e+00 1.036391544342041016e+01 3.212299108505249023e+00
-4.407622337341308594e+00 9.947132110595703125e+00 3.102577209472656250e+00
-4.299099922180175781e+00 9.583820343017578125e+00 3.002748489379882812e+00
-4.193244934082031250e+00 9.227241516113281250e+00 2.904941797256469727e+00
-4.072019100189208984e+00 8.890444755554199219e+00 2.807006359100341797e+00
-3.949165821075439453e+00 8.566819190979003906e+00 2.711236476898193359e+00
-3.828299045562744141e+00 8.258075714111328125e+00 2.618912458419799805e+00
-3.707157611846923828e+00 7.967455863952636719e+00 2.530081272125244141e+00
-3.579702138900756836e+00 7.697837829589843750e+00 2.443729877471923828e+00
-3.459018945693969727e+00 7.452144145965576172e+00 2.363854169845581055e+00
-3.346381902694702148e+00 7.232730865478515625e+00 2.291251182556152344e+00
-3.242956638336181641e+00 7.041598796844482422e+00 2.226618766784667969e+00
-3.149792194366455078e+00 6.880396366119384766e+00 2.170555591583251953e+00
-3.069233655929565430e+00 6.751029014587402344e+00 2.124049663543701172e+00
-3.002346992492675781e+00 6.654547691345214844e+00 2.087585926055908203e+00
-2.946062088012695312e+00 6.589891433715820312e+00 2.060153484344482422e+00
-2.896705389022827148e+00 6.557115554809570312e+00 2.040802478790283203e+00
-2.775476932525634766e+00 6.552559375762939453e+00 2.008210420608520508e+00
-2.663796901702880859e+00 6.580539703369140625e+00 1.984513759613037109e+00
-2.565783739089965820e+00 6.641203403472900391e+00 1.970818519592285156e+00
-2.478054285049438477e+00 6.732644557952880859e+00 1.965865254402160645e+00
-2.401390314102172852e+00 6.853783130645751953e+00 1.969645738601684570e+00
-2.336444377899169922e+00 7.003332138061523438e+00 1.982077598571777344e+00
-2.283729076385498047e+00 7.179822921752929688e+00 2.003005981445312500e+00
-2.221711397171020508e+00 7.386348247528076172e+00 2.027409553527832031e+00
-2.201780796051025391e+00 7.642354488372802734e+00 2.072548627853393555e+00
-2.193710327148437500e+00 7.920704841613769531e+00 2.125183105468750000e+00
-2.197064161300659180e+00 8.219052314758300781e+00 2.184737443923950195e+00
-2.211459159851074219e+00 8.535037994384765625e+00 2.250648021697998047e+00
-2.243804693222045898e+00 8.885007858276367188e+00 2.327935457229614258e+00
-2.340892791748046875e+00 9.302852630615234375e+00 2.435499668121337891e+00
-2.444762468338012695e+00 9.731321334838867188e+00 2.546926498413085938e+00
-2.511897087097167969e+00 1.018100070953369141e+01 2.652920007705688477e+00
-2.567588090896606445e+00 1.064155769348144531e+01 2.758061170578002930e+00
-2.623266935348510742e+00 1.110358333587646484e+01 2.863487958908081055e+00
-2.678399324417114258e+00 1.156402969360351562e+01 2.968461275100708008e+00
-2.732554912567138672e+00 1.201991271972656250e+01 3.072281599044799805e+00
-2.785392522811889648e+00 1.246828269958496094e+01 3.174279689788818359e+00
-2.836676597595214844e+00 1.290625000000000000e+01 3.273825645446777344e+00
-2.904063701629638672e+00 1.333074855804443359e+01 3.374933004379272461e+00
-3.003487825393676758e+00 1.374171924591064453e+01 3.481756210327148438e+00
-3.132355213165283203e+00 1.413965320587158203e+01 3.593713521957397461e+00
-3.268906354904174805e+00 1.452157878875732422e+01 3.704531192779541016e+00
-3.408297777175903320e+00 1.488053798675537109e+01 3.811574697494506836e+00
-3.546383857727050781e+00 1.521038818359375000e+01 3.912551879882812500e+00
-3.682583570480346680e+00 1.550881767272949219e+01 4.006855964660644531e+00
-3.816503524780273438e+00 1.577729129791259766e+01 4.094672679901123047e+00
-3.947878837585449219e+00 1.601987075805664062e+01 4.176731586456298828e+00
-4.075571060180664062e+00 1.622461318969726562e+01 4.250384807586669922e+00
-4.198938369750976562e+00 1.638969802856445312e+01 4.315108776092529297e+00
-4.324931144714355469e+00 1.652150726318359375e+01 4.373973846435546875e+00
-4.448590278625488281e+00 1.661422729492187500e+01 4.424541473388671875e+00
-4.567598819732666016e+00 1.666512298583984375e+01 4.465667247772216797e+00
-4.675482749938964844e+00 1.668140220642089844e+01 4.497076034545898438e+00
-4.775428771972656250e+00 1.665648651123046875e+01 4.518308162689208984e+00
-4.867665767669677734e+00 1.658839225769042969e+01 4.529031276702880859e+00
-4.951261997222900391e+00 1.647710800170898438e+01 4.529001235961914062e+00
-5.025271415710449219e+00 1.632298088073730469e+01 4.518038749694824219e+00
-5.088754177093505859e+00 1.612672042846679688e+01 4.496037006378173828e+00
-5.140806198120117188e+00 1.588939952850341797e+01 4.462971687316894531e+00
-5.180561542510986328e+00 1.561246204376220703e+01 4.418899059295654297e+00
-5.207223892211914062e+00 1.529769706726074219e+01 4.363963603973388672e+00
-5.220092773437500000e+00 1.494724750518798828e+01 4.298403739929199219e+00
-5.218579769134521484e+00 1.456357192993164062e+01 4.222548484802246094e+00
-5.202229976654052734e+00 1.414942646026611328e+01 4.136821746826171875e+00
-5.170744895935058594e+00 1.370783615112304688e+01 4.041739463806152344e+00
-5.124001502990722656e+00 1.324206256866455078e+01 3.937911987304687500e+00
-5.035833835601806641e+00 1.275435829162597656e+01 3.818940401077270508e+00
-4.887334823608398438e+00 1.224746036529541016e+01 3.680419683456420898e+00
-4.731111526489257812e+00 1.172745513916015625e+01 3.537301540374755859e+00
-4.614340782165527344e+00 1.121398448944091797e+01 3.405783891677856445e+00
-4.502497673034667969e+00 1.069869422912597656e+01 3.275196790695190430e+00
-4.385622978210449219e+00 1.018160152435302734e+01 3.142939567565917969e+00
-4.279719352722167969e+00 9.673259735107421875e+00 3.015271663665771484e+00
-4.164195537567138672e+00 9.188724517822265625e+00 2.889770984649658203e+00
-4.037226676940917969e+00 8.816053390502929688e+00 2.783278703689575195e+00
-3.909563302993774414e+00 8.456264495849609375e+00 2.679138422012329102e+00
-3.782414197921752930e+00 8.107591629028320312e+00 2.577318906784057617e+00
-3.656762599945068359e+00 7.772160530090332031e+00 2.478495121002197266e+00
-3.532359361648559570e+00 7.451958656311035156e+00 2.382993221282958984e+00
-3.396543741226196289e+00 7.148648262023925781e+00 2.287829399108886719e+00
-3.270093917846679688e+00 6.866042137145996094e+00 2.199186325073242188e+00
-3.168398857116699219e+00 6.622290134429931641e+00 2.124657392501831055e+00
-3.077091693878173828e+00 6.411296367645263672e+00 2.059287071228027344e+00
-2.991047620773315430e+00 6.219578742980957031e+00 1.999084115028381348e+00
-2.911049365997314453e+00 6.048410892486572266e+00 1.944503545761108398e+00
-2.837848424911499023e+00 5.899003028869628906e+00 1.895979523658752441e+00
-2.772148847579956055e+00 5.772492885589599609e+00 1.853920459747314453e+00
-2.714605569839477539e+00 5.669939517974853516e+00 1.818705677986145020e+00
-2.665810823440551758e+00 5.592314720153808594e+00 1.790680885314941406e+00
-2.626286983489990234e+00 5.540480136871337891e+00 1.770152449607849121e+00
-2.598389387130737305e+00 5.519876480102539062e+00 1.758806228637695312e+00
-2.579485177993774414e+00 5.523771286010742188e+00 1.754629492759704590e+00
-2.569319009780883789e+00 5.551346778869628906e+00 1.757394909858703613e+00
-2.526654720306396484e+00 5.601388454437255859e+00 1.756081938743591309e+00
-2.463215589523315430e+00 5.702794551849365234e+00 1.759439349174499512e+00
-2.409780979156494141e+00 5.844594478607177734e+00 1.773357033729553223e+00
-2.362828016281127930e+00 6.016850471496582031e+00 1.794959306716918945e+00
-2.322375774383544922e+00 6.218300819396972656e+00 1.824002981185913086e+00
-2.288344144821166992e+00 6.447245597839355469e+00 1.860132932662963867e+00
-2.260548830032348633e+00 6.701517581939697266e+00 1.902874708175659180e+00
-2.253143072128295898e+00 6.981982231140136719e+00 1.956098914146423340e+00
-2.272859334945678711e+00 7.287230491638183594e+00 2.021288394927978516e+00
-2.299347162246704102e+00 7.608778953552246094e+00 2.091454744338989258e+00
-2.349658250808715820e+00 7.968618392944335938e+00 2.175380468368530273e+00
-2.381450414657592773e+00 8.343194007873535156e+00 2.257362365722656250e+00
-2.392221212387084961e+00 8.721001625061035156e+00 2.334484100341796875e+00
-2.396719932556152344e+00 9.094873428344726562e+00 2.409191608428955078e+00
-2.400074481964111328e+00 9.535261154174804688e+00 2.496682167053222656e+00
-2.456368923187255859e+00 9.995020866394042969e+00 2.601824283599853516e+00
-2.499568223953247070e+00 1.042401027679443359e+01 2.697490692138671875e+00
-2.518985271453857422e+00 1.081120681762695312e+01 2.778719425201416016e+00
-2.513744592666625977e+00 1.114943790435791016e+01 2.843870878219604492e+00
-2.483459234237670898e+00 1.143201828002929688e+01 2.891528844833374023e+00
-2.428260803222656250e+00 1.165292263031005859e+01 2.920543432235717773e+00
-2.363952159881591797e+00 1.181260585784912109e+01 2.935135364532470703e+00
-2.327142238616943359e+00 1.192007255554199219e+01 2.946646928787231445e+00
-2.279635667800903320e+00 1.195717620849609375e+01 2.941523313522338867e+00
-2.220965862274169922e+00 1.192093563079833984e+01 2.919055938720703125e+00
-2.160505771636962891e+00 1.181172657012939453e+01 2.881769657135009766e+00
-2.095508813858032227e+00 1.162851905822753906e+01 2.828742980957031250e+00
-2.016211032867431641e+00 1.137008190155029297e+01 2.757181644439697266e+00
-1.923296213150024414e+00 1.103888416290283203e+01 2.667749881744384766e+00
-1.818005919456481934e+00 1.064332485198974609e+01 2.562424182891845703e+00
-1.701694607734680176e+00 1.018971347808837891e+01 2.442799329757690430e+00
-1.575593233108520508e+00 9.678050994873046875e+00 2.309197902679443359e+00
-1.441531658172607422e+00 9.116190910339355469e+00 2.163642168045043945e+00
-1.301532864570617676e+00 8.513075828552246094e+00 2.008420705795288086e+00
-1.158116221427917480e+00 7.878889560699462891e+00 1.846194386482238770e+00
-1.013278722763061523e+00 7.223809719085693359e+00 1.679487466812133789e+00
-8.688890337944030762e-01 6.558202266693115234e+00 1.510826945304870605e+00
-7.272264957427978516e-01 5.892949581146240234e+00 1.342949271202087402e+00
-5.903229713439941406e-01 5.238544940948486328e+00 1.178449511528015137e+00
-4.653116166591644287e-01 4.605995178222656250e+00 1.021357297897338867e+00
-3.483262360095977783e-01 4.003172397613525391e+00 8.722100853919982910e-01
-2.401915788650512695e-01 3.437708616256713867e+00 7.327245473861694336e-01
-1.415553838014602661e-01 2.915455579757690430e+00 6.042209863662719727e-01
-5.290144309401512146e-02 2.440879583358764648e+00 4.877042472362518311e-01
1.853301934897899628e-02 2.012558937072753906e+00 3.847870528697967529e-01
