5.295767307281494141e+00 7.026715278625488281e+00 8.897415399551391602e-01
5.374180316925048828e+00 7.046629905700683594e+00 9.047237634658813477e-01
5.428544044494628906e+00 7.038239479064941406e+00 9.178925752639770508e-01
5.459540367126464844e+00 7.003354072570800781e+00 9.292632341384887695e-01
5.468159675598144531e+00 6.944068908691406250e+00 9.388722181320190430e-01
5.455658435821533203e+00 6.862705230712890625e+00 9.467762708663940430e-01
5.469283103942871094e+00 6.878745079040527344e+00 9.557743072509765625e-01
5.471193313598632812e+00 6.893736839294433594e+00 9.636018276214599609e-01
5.457353591918945312e+00 6.895322799682617188e+00 9.700120687484741211e-01
5.429280281066894531e+00 6.885077476501464844e+00 9.750893115997314453e-01
5.388587474822998047e+00 6.864597320556640625e+00 9.789285659790039062e-01
5.336951255798339844e+00 6.835470199584960938e+00 9.816315174102783203e-01
5.276072978973388672e+00 6.799250125885009766e+00 9.833025932312011719e-01
5.203886508941650391e+00 6.757053852081298828e+00 9.852939844131469727e-01
5.117569923400878906e+00 6.709856986999511719e+00 9.891980886459350586e-01
5.027356147766113281e+00 6.659856796264648438e+00 9.922986030578613281e-01
4.936126708984375000e+00 6.625072479248046875e+00 9.967267513275146484e-01
4.850326538085937500e+00 6.629243850708007812e+00 9.992158412933349609e-01
4.769025802612304688e+00 6.644601821899414062e+00 9.983361959457397461e-01
4.706162452697753906e+00 6.662734031677246094e+00 9.918005466461181641e-01
4.652753829956054688e+00 6.654591560363769531e+00 9.900391101837158203e-01
4.608833789825439453e+00 6.623383998870849609e+00 9.925897121429443359e-01
4.566863059997558594e+00 6.594343185424804688e+00 9.944813251495361328e-01
4.524641036987304688e+00 6.563131332397460938e+00 9.943182468414306641e-01
4.484663963317871094e+00 6.533982753753662109e+00 9.931137561798095703e-01
4.449209213256835938e+00 6.510869026184082031e+00 9.918247461318969727e-01
4.418701648712158203e+00 6.494537353515625000e+00 9.905289411544799805e-01
4.393466949462890625e+00 6.485671997070312500e+00 9.893066883087158203e-01
4.373738288879394531e+00 6.484895706176757812e+00 9.882360696792602539e-01
4.359663963317871094e+00 6.492768287658691406e+00 9.873965978622436523e-01
4.351310729980468750e+00 6.509787559509277344e+00 9.868664741516113281e-01
4.343272209167480469e+00 6.526664733886718750e+00 9.840146303176879883e-01
4.337875843048095703e+00 6.548080444335937500e+00 9.801186323165893555e-01
4.336030006408691406e+00 6.576200962066650391e+00 9.757728576660156250e-01
4.333329677581787109e+00 6.615755558013916016e+00 9.738405942916870117e-01
4.318871498107910156e+00 6.633975982666015625e+00 9.736742973327636719e-01
4.326197624206542969e+00 6.525489330291748047e+00 9.985666275024414062e-01
4.335970878601074219e+00 6.474702835083007812e+00 1.035839438438415527e+00
4.351858139038085938e+00 6.426980972290039062e+00 1.076122045516967773e+00
4.365508079528808594e+00 6.362882614135742188e+00 1.122020125389099121e+00
4.388087272644042969e+00 6.349336624145507812e+00 1.171447873115539551e+00
4.255824565887451172e+00 6.751202583312988281e+00 1.269983768463134766e+00
4.028313636779785156e+00 7.532024383544921875e+00 1.412273764610290527e+00
3.798359632492065430e+00 8.346894264221191406e+00 1.560136914253234863e+00
3.671623945236206055e+00 9.152544021606445312e+00 1.736242771148681641e+00
3.798994779586791992e+00 9.951044082641601562e+00 1.881852746009826660e+00
3.977085351943969727e+00 1.077145957946777344e+01 2.024221181869506836e+00
4.240263462066650391e+00 1.165030193328857422e+01 2.166407108306884766e+00
4.502231597900390625e+00 1.251589488983154297e+01 2.307872295379638672e+00
4.763867378234863281e+00 1.337469577789306641e+01 2.448903560638427734e+00
4.950352668762207031e+00 1.408757495880126953e+01 2.611012458801269531e+00
5.154586791992187500e+00 1.479572391510009766e+01 2.765056848526000977e+00
5.420952796936035156e+00 1.550041198730468750e+01 2.899893999099731445e+00
5.666790008544921875e+00 1.613377189636230469e+01 3.012793064117431641e+00
5.860526561737060547e+00 1.662541198730468750e+01 3.094179153442382812e+00
6.110569000244140625e+00 1.712903976440429688e+01 3.139645814895629883e+00
6.426268577575683594e+00 1.764681243896484375e+01 3.143642902374267578e+00
7.011042594909667969e+00 1.825242996215820312e+01 3.126341819763183594e+00
7.805729866027832031e+00 1.893926429748535156e+01 3.084227800369262695e+00
8.567910194396972656e+00 1.958027076721191406e+01 3.037478446960449219e+00
9.293795585632324219e+00 2.017150306701660156e+01 2.986139297485351562e+00
9.979997634887695312e+00 2.070947456359863281e+01 2.930275201797485352e+00
1.062355232238769531e+01 2.119118881225585938e+01 2.869979143142700195e+00
1.122190093994140625e+01 2.161413955688476562e+01 2.805366754531860352e+00
1.177291584014892578e+01 2.197633743286132812e+01 2.736585378646850586e+00
1.227487468719482422e+01 2.227631568908691406e+01 2.663812398910522461e+00
1.271512317657470703e+01 2.249365806579589844e+01 2.588358640670776367e+00
1.310442638397216797e+01 2.264799308776855469e+01 2.509340047836303711e+00
1.344303607940673828e+01 2.274077987670898438e+01 2.426958799362182617e+00
1.373075485229492188e+01 2.277255249023437500e+01 2.341540098190307617e+00
1.396772480010986328e+01 2.274433898925781250e+01 2.253440618515014648e+00
1.412319278717041016e+01 2.266876983642578125e+01 2.183491945266723633e+00
1.421192169189453125e+01 2.254275131225585938e+01 2.122968435287475586e+00
1.419945812225341797e+01 2.238860893249511719e+01 2.094031572341918945e+00
1.412759304046630859e+01 2.218909835815429688e+01 2.071851015090942383e+00
1.401089954376220703e+01 2.194085693359375000e+01 2.048813581466674805e+00
1.385183429718017578e+01 2.164694595336914062e+01 2.025052309036254883e+00
1.378262519836425781e+01 2.138262367248535156e+01 1.985345244407653809e+00
1.381081295013427734e+01 2.115400505065917969e+01 1.929268717765808105e+00
1.381596755981445312e+01 2.089622879028320312e+01 1.871586680412292480e+00
1.379886531829833984e+01 2.061180686950683594e+01 1.812701582908630371e+00
1.376047229766845703e+01 2.030338287353515625e+01 1.753005385398864746e+00
1.372479152679443359e+01 1.997576141357421875e+01 1.691446661949157715e+00
1.368595981597900391e+01 1.962754631042480469e+01 1.628891587257385254e+00
1.361220264434814453e+01 1.925110054016113281e+01 1.570163607597351074e+00
1.343815326690673828e+01 1.877422142028808594e+01 1.498505711555480957e+00
1.320108318328857422e+01 1.815679931640625000e+01 1.403478264808654785e+00
1.283520126342773438e+01 1.743092727661132812e+01 1.351509928703308105e+00
1.241555309295654297e+01 1.667560768127441406e+01 1.306481242179870605e+00
1.199215221405029297e+01 1.591990566253662109e+01 1.261156678199768066e+00
1.154721355438232422e+01 1.514299488067626953e+01 1.225557923316955566e+00
1.120603275299072266e+01 1.449823188781738281e+01 1.194775462150573730e+00
1.088700008392333984e+01 1.388578128814697266e+01 1.168319344520568848e+00
1.057300853729248047e+01 1.328668022155761719e+01 1.142405867576599121e+00
1.027069568634033203e+01 1.272552204132080078e+01 1.131803870201110840e+00
9.985016822814941406e+00 1.219917774200439453e+01 1.137521862983703613e+00
9.795000076293945312e+00 1.180881786346435547e+01 1.110661864280700684e+00
9.622988700866699219e+00 1.148693752288818359e+01 1.074139237403869629e+00
9.448778152465820312e+00 1.118178272247314453e+01 1.043852448463439941e+00
9.273783683776855469e+00 1.088808155059814453e+01 1.017702698707580566e+00
9.104964256286621094e+00 1.060705184936523438e+01 9.932953119277954102e-01
8.943630218505859375e+00 1.033926486968994141e+01 9.702869653701782227e-01
8.789860725402832031e+00 1.008508205413818359e+01 9.487303495407104492e-01
8.643620491027832031e+00 9.844786643981933594e+00 9.286645650863647461e-01
8.504799842834472656e+00 9.618620872497558594e+00 9.101153612136840820e-01
8.373243331909179688e+00 9.406826019287109375e+00 8.931020498275756836e-01
8.248787879943847656e+00 9.209675788879394531e+00 8.776360750198364258e-01
8.131286621093750000e+00 9.027498245239257812e+00 8.637284040451049805e-01
8.020651817321777344e+00 8.860709190368652344e+00 8.513883352279663086e-01
7.911311626434326172e+00 8.694300651550292969e+00 8.408695459365844727e-01
7.807818412780761719e+00 8.541377067565917969e+00 8.319984674453735352e-01
7.710856437683105469e+00 8.408373832702636719e+00 8.252228498458862305e-01
7.620285034179687500e+00 8.296551704406738281e+00 8.207693099975585938e-01
7.540142536163330078e+00 8.204826354980468750e+00 8.172762393951416016e-01
7.471128463745117188e+00 8.134339332580566406e+00 8.147552013397216797e-01
7.414047241210937500e+00 8.086326599121093750e+00 8.132282495498657227e-01
7.367968082427978516e+00 8.063185691833496094e+00 8.134464025497436523e-01
7.331111907958984375e+00 8.067892074584960938e+00 8.165282011032104492e-01
7.307040214538574219e+00 8.100148200988769531e+00 8.215025663375854492e-01
7.296755790710449219e+00 8.161156654357910156e+00 8.284200429916381836e-01
7.294884681701660156e+00 8.250639915466308594e+00 8.396292924880981445e-01
7.303129196166992188e+00 8.369665145874023438e+00 8.548920154571533203e-01
7.326976776123046875e+00 8.519907951354980469e+00 8.725565671920776367e-01
7.367238044738769531e+00 8.701827049255371094e+00 8.926166296005249023e-01
7.424592018127441406e+00 8.915602684020996094e+00 9.150539636611938477e-01
7.499567031860351562e+00 9.161114692687988281e+00 9.398292303085327148e-01
7.592519283294677734e+00 9.437925338745117188e+00 9.668873548507690430e-01
7.694083213806152344e+00 9.718647003173828125e+00 9.965645074844360352e-01
7.821801185607910156e+00 1.001449584960937500e+01 1.039098858833312988e+00
7.985068321228027344e+00 1.036551952362060547e+01 1.090135693550109863e+00
8.267666816711425781e+00 1.093608188629150391e+01 1.113064646720886230e+00
8.584413528442382812e+00 1.160253429412841797e+01 1.125295042991638184e+00
8.886253356933593750e+00 1.234147930145263672e+01 1.151185631752014160e+00
9.348635673522949219e+00 1.339321804046630859e+01 1.214819073677062988e+00
9.743383407592773438e+00 1.442203044891357422e+01 1.320795655250549316e+00
1.008679485321044922e+01 1.543710613250732422e+01 1.443099141120910645e+00
1.045527935028076172e+01 1.639444351196289062e+01 1.572355866432189941e+00
1.082828426361083984e+01 1.721053314208984375e+01 1.694983124732971191e+00
1.101603412628173828e+01 1.778033638000488281e+01 1.790090441703796387e+00
1.121300029754638672e+01 1.834198951721191406e+01 1.880527853965759277e+00
1.142118072509765625e+01 1.888971900939941406e+01 1.963539004325866699e+00
1.163936901092529297e+01 1.941930961608886719e+01 2.038357019424438477e+00
1.186628627777099609e+01 1.992673110961914062e+01 2.104282379150390625e+00
1.208732223510742188e+01 2.038534736633300781e+01 2.161990642547607422e+00
1.231311321258544922e+01 2.081222343444824219e+01 2.209779500961303711e+00
1.254461002349853516e+01 2.120814704895019531e+01 2.246974229812622070e+00
1.278037071228027344e+01 2.157015609741210938e+01 2.273219585418701172e+00
1.301887893676757812e+01 2.189555549621582031e+01 2.288269758224487305e+00
1.326947498321533203e+01 2.218800926208496094e+01 2.290684461593627930e+00
1.353001594543457031e+01 2.244512748718261719e+01 2.280483961105346680e+00
1.375664329528808594e+01 2.264171409606933594e+01 2.262742280960083008e+00
1.396769905090332031e+01 2.278745079040527344e+01 2.235254049301147461e+00
1.419486713409423828e+01 2.289980697631835938e+01 2.194343328475952148e+00
1.440756702423095703e+01 2.296912193298339844e+01 2.147251367568969727e+00
1.456331920623779297e+01 2.301494407653808594e+01 2.119871854782104492e+00
1.470295715332031250e+01 2.301604270935058594e+01 2.086046934127807617e+00
1.482513332366943359e+01 2.297236061096191406e+01 2.046112775802612305e+00
1.492855834960937500e+01 2.288415718078613281e+01 2.000465154647827148e+00
1.501202106475830078e+01 2.275204467773437500e+01 1.949552416801452637e+00
1.507441806793212891e+01 2.257695007324218750e+01 1.893875479698181152e+00
1.511473751068115234e+01 2.236013984680175781e+01 1.833977103233337402e+00
1.513211345672607422e+01 2.210319900512695312e+01 1.770434737205505371e+00
1.517121791839599609e+01 2.181210327148437500e+01 1.701032042503356934e+00
1.519106960296630859e+01 2.148541641235351562e+01 1.628914237022399902e+00
1.516685771942138672e+01 2.111528968811035156e+01 1.562421679496765137e+00
1.510157775878906250e+01 2.069343566894531250e+01 1.498613715171813965e+00
1.501143169403076172e+01 2.024269485473632812e+01 1.433680891990661621e+00
1.488858890533447266e+01 1.975841712951660156e+01 1.366294503211975098e+00
1.466675567626953125e+01 1.928363037109375000e+01 1.320155739784240723e+00
1.436967945098876953e+01 1.872499275207519531e+01 1.271625161170959473e+00
1.388982677459716797e+01 1.790718078613281250e+01 1.209758877754211426e+00
1.332593822479248047e+01 1.700513458251953125e+01 1.167124152183532715e+00
1.276620483398437500e+01 1.606908416748046875e+01 1.126597285270690918e+00
1.232892513275146484e+01 1.523515796661376953e+01 1.097693562507629395e+00
1.188203716278076172e+01 1.443900203704833984e+01 1.087148308753967285e+00
1.139844131469726562e+01 1.367257785797119141e+01 1.100503563880920410e+00
1.098412036895751953e+01 1.303381633758544922e+01 1.105908274650573730e+00
1.053373813629150391e+01 1.241832447052001953e+01 1.130759358406066895e+00
1.006915664672851562e+01 1.182514667510986328e+01 1.162976145744323730e+00
9.706962585449218750e+00 1.136387634277343750e+01 1.124594569206237793e+00
9.341745376586914062e+00 1.092111492156982422e+01 1.088497281074523926e+00
8.974631309509277344e+00 1.049628162384033203e+01 1.056068301200866699e+00
8.609554290771484375e+00 1.009140014648437500e+01 1.026712775230407715e+00
8.248389244079589844e+00 9.707932472229003906e+00 1.000502228736877441e+00
7.892838478088378906e+00 9.346942901611328125e+00 9.774566888809204102e-01
7.544402122497558594e+00 9.009089469909667969e+00 9.575439691543579102e-01
7.214235305786132812e+00 8.701870918273925781e+00 9.459098577499389648e-01
6.981563568115234375e+00 8.465529441833496094e+00 9.339984655380249023e-01
6.779012680053710938e+00 8.263750076293945312e+00 9.227414131164550781e-01
6.585373401641845703e+00 8.081881523132324219e+00 9.136027097702026367e-01
6.401050567626953125e+00 7.919035434722900391e+00 9.063960313796997070e-01
6.226271152496337891e+00 7.774069309234619141e+00 9.009138345718383789e-01
6.061085700988769531e+00 7.645631790161132812e+00 8.969318866729736328e-01
5.906144142150878906e+00 7.529969215393066406e+00 8.946706056594848633e-01
5.771835327148437500e+00 7.393918991088867188e+00 9.003084897994995117e-01
5.645765304565429688e+00 7.271284103393554688e+00 9.063613414764404297e-01
5.527462959289550781e+00 7.160220623016357422e+00 9.126000404357910156e-01
5.416362762451171875e+00 7.058834075927734375e+00 9.188129901885986328e-01
5.311841011047363281e+00 6.965224266052246094e+00 9.248076677322387695e-01
5.213224887847900391e+00 6.877516746520996094e+00 9.304112195968627930e-01
5.119814872741699219e+00 6.793904304504394531e+00 9.354743957519531250e-01
5.033521175384521484e+00 6.719388961791992188e+00 9.400304555892944336e-01
4.981275558471679688e+00 6.723063945770263672e+00 9.456237554550170898e-01
4.931181907653808594e+00 6.723703384399414062e+00 9.503220319747924805e-01
4.882749557495117188e+00 6.720463275909423828e+00 9.540857076644897461e-01
4.834293365478515625e+00 6.709300994873046875e+00 9.572273492813110352e-01
4.783626556396484375e+00 6.684849739074707031e+00 9.602319002151489258e-01
4.733485221862792969e+00 6.655185699462890625e+00 9.623048305511474609e-01
4.683615684509277344e+00 6.620227336883544922e+00 9.634869098663330078e-01
4.633835792541503906e+00 6.580067634582519531e+00 9.638330936431884766e-01
4.584042549133300781e+00 6.534969806671142578e+00 9.634119272232055664e-01
4.534211158752441406e+00 6.485353469848632812e+00 9.623020887374877930e-01
4.481641292572021484e+00 6.431505203247070312e+00 9.614969491958618164e-01
4.427080631256103516e+00 6.374167442321777344e+00 9.608832597732543945e-01
4.372752189636230469e+00 6.314337730407714844e+00 9.598944187164306641e-01
4.320281028747558594e+00 6.258452415466308594e+00 9.576452970504760742e-01
4.271130561828613281e+00 6.212029457092285156e+00 9.534187316894531250e-01
4.224303245544433594e+00 6.178232192993164062e+00 9.506458044052124023e-01
4.180532455444335938e+00 6.156668663024902344e+00 9.491231441497802734e-01
4.161498546600341797e+00 6.124005317687988281e+00 9.460468292236328125e-01
4.144642353057861328e+00 6.091340065002441406e+00 9.434877634048461914e-01
4.129398345947265625e+00 6.061760902404785156e+00 9.409829378128051758e-01
4.116032600402832031e+00 6.035846710205078125e+00 9.385563135147094727e-01
4.104804039001464844e+00 6.014095306396484375e+00 9.362174272537231445e-01
4.095968246459960938e+00 5.996922016143798828e+00 9.339627027511596680e-01
4.089760780334472656e+00 5.984646797180175781e+00 9.317747354507446289e-01
4.086400032043457031e+00 5.977493286132812500e+00 9.296233654022216797e-01
4.086076736450195312e+00 5.975573539733886719e+00 9.274672269821166992e-01
4.088950157165527344e+00 5.978896141052246094e+00 9.252532720565795898e-01
4.095142364501953125e+00 5.987360000610351562e+00 9.229204654693603516e-01
4.104739189147949219e+00 6.000759601593017578e+00 9.204008579254150391e-01
4.117784023284912109e+00 6.018791198730468750e+00 9.176224470138549805e-01
4.134269237518310547e+00 6.041053771972656250e+00 9.145100116729736328e-01
4.154147148132324219e+00 6.067067146301269531e+00 9.109889268875122070e-01
4.177318096160888672e+00 6.096274852752685547e+00 9.069882631301879883e-01
4.207513809204101562e+00 6.116578102111816406e+00 9.047803878784179688e-01
4.255938529968261719e+00 6.120508670806884766e+00 9.037400484085083008e-01
4.324693679809570312e+00 6.159891128540039062e+00 9.026992321014404297e-01
4.400942325592041016e+00 6.213544368743896484e+00 9.011740684509277344e-01
4.487300872802734375e+00 6.291011810302734375e+00 8.955507278442382812e-01
4.578203201293945312e+00 6.370314121246337891e+00 8.894073963165283203e-01
4.672759056091308594e+00 6.450333595275878906e+00 8.827521800994873047e-01
4.770016670227050781e+00 6.529963493347167969e+00 8.756053447723388672e-01
4.869113445281982422e+00 6.600775241851806641e+00 8.677864074707031250e-01
4.969001770019531250e+00 6.663255691528320312e+00 8.593859672546386719e-01
5.068540573120117188e+00 6.722524642944335938e+00 8.506418466567993164e-01
5.166698932647705078e+00 6.777813911437988281e+00 8.416273593902587891e-01
5.262469291687011719e+00 6.828451633453369141e+00 8.324284553527832031e-01
5.386637210845947266e+00 6.955069541931152344e+00 8.250280618667602539e-01
5.533669948577880859e+00 7.145424365997314453e+00 8.192535638809204102e-01
5.674211978912353516e+00 7.326314449310302734e+00 8.135151863098144531e-01
5.826812744140625000e+00 7.437103748321533203e+00 8.199021816253662109e-01
5.971596717834472656e+00 7.531457901000976562e+00 8.272503614425659180e-01
6.105067253112792969e+00 7.615117549896240234e+00 8.342036008834838867e-01
6.225042343139648438e+00 7.687374591827392578e+00 8.410807847976684570e-01
6.331051826477050781e+00 7.748005867004394531e+00 8.476455211639404297e-01
6.423021316528320312e+00 7.796999931335449219e+00 8.535954952239990234e-01
6.500263214111328125e+00 7.834321022033691406e+00 8.589192628860473633e-01
6.562282085418701172e+00 7.860074996948242188e+00 8.636130094528198242e-01
6.608769416809082031e+00 7.874497413635253906e+00 8.676772117614746094e-01
6.639600753784179688e+00 7.877942085266113281e+00 8.711160421371459961e-01
6.654834747314453125e+00 7.870859146118164062e+00 8.739383220672607422e-01
6.654705047607421875e+00 7.853792667388916016e+00 8.761519193649291992e-01
6.639605522155761719e+00 7.827350616455078125e+00 8.777670860290527344e-01
6.610085964202880859e+00 7.792208194732666016e+00 8.787945508956909180e-01
6.566828727722167969e+00 7.749071121215820312e+00 8.792431354522705078e-01
6.510645866394042969e+00 7.698684692382812500e+00 8.791226148605346680e-01
6.442450523376464844e+00 7.641805171966552734e+00 8.784403800964355469e-01
6.363246917724609375e+00 7.579189300537109375e+00 8.772034645080566406e-01
6.274106979370117188e+00 7.511590003967285156e+00 8.754183053970336914e-01
6.176159858703613281e+00 7.439741134643554688e+00 8.730918169021606445e-01
6.070566177368164062e+00 7.364347934722900391e+00 8.702276945114135742e-01
5.957523822784423828e+00 7.285876274108886719e+00 8.671877384185791016e-01
5.838913917541503906e+00 7.205103397369384766e+00 8.637218475341796875e-01
5.716006755828857422e+00 7.122641086578369141e+00 8.597990274429321289e-01
5.589904785156250000e+00 7.039017677307128906e+00 8.554348945617675781e-01
5.461661338806152344e+00 6.954707145690917969e+00 8.506513833999633789e-01
5.332266807556152344e+00 6.870126724243164062e+00 8.454707860946655273e-01
5.202781677246093750e+00 6.785212993621826172e+00 8.400044441223144531e-01
5.091259956359863281e+00 6.649294853210449219e+00 8.446705341339111328e-01
4.981025695800781250e+00 6.514193534851074219e+00 8.489865064620971680e-01
4.882061004638671875e+00 6.404663085937500000e+00 8.534724712371826172e-01
4.819411754608154297e+00 6.384097099304199219e+00 8.595585823059082031e-01
4.758554458618164062e+00 6.360568046569824219e+00 8.650521039962768555e-01
4.699630260467529297e+00 6.330556869506835938e+00 8.698253631591796875e-01
4.642563343048095703e+00 6.300140380859375000e+00 8.740451335906982422e-01
4.587344646453857422e+00 6.269176959991455078e+00 8.777017593383789062e-01
4.533931255340576172e+00 6.237546920776367188e+00 8.807983398437500000e-01
4.482245922088623047e+00 6.205154895782470703e+00 8.833440542221069336e-01
4.432194709777832031e+00 6.171934127807617188e+00 8.853582143783569336e-01
4.383670806884765625e+00 6.137860774993896484e+00 8.868665695190429688e-01
4.336565017700195312e+00 6.102951526641845703e+00 8.879001140594482422e-01
4.290781497955322266e+00 6.067283630371093750e+00 8.884980678558349609e-01
4.246237754821777344e+00 6.030985355377197266e+00 8.887015581130981445e-01
4.202888965606689453e+00 5.994258403778076172e+00 8.885593414306640625e-01
4.164407730102539062e+00 5.973565101623535156e+00 8.853403329849243164e-01
4.127145290374755859e+00 5.952988624572753906e+00 8.818908929824829102e-01
4.091159820556640625e+00 5.932757854461669922e+00 8.783012628555297852e-01
4.066065311431884766e+00 5.927837371826171875e+00 8.734476566314697266e-01
4.048250198364257812e+00 5.915502548217773438e+00 8.709869384765625000e-01
4.033508300781250000e+00 5.898289203643798828e+00 8.698579072952270508e-01
4.019675731658935547e+00 5.883690834045410156e+00 8.687707185745239258e-01
4.006897926330566406e+00 5.872533321380615234e+00 8.678117990493774414e-01
3.995349168777465820e+00 5.865690708160400391e+00 8.670674562454223633e-01
3.985233545303344727e+00 5.864085674285888672e+00 8.666284084320068359e-01
3.976779222488403320e+00 5.868671417236328125e+00 8.665812015533447266e-01
3.970241785049438477e+00 5.880419731140136719e+00 8.670192956924438477e-01
3.965891361236572266e+00 5.900303840637207031e+00 8.680303096771240234e-01
3.964015245437622070e+00 5.929283618927001953e+00 8.697030544281005859e-01
3.956445932388305664e+00 5.957768917083740234e+00 8.623661994934082031e-01
3.931836128234863281e+00 5.937051296234130859e+00 8.395631313323974609e-01
3.934653520584106445e+00 5.891413688659667969e+00 8.437972068786621094e-01
3.954385519027709961e+00 5.864322662353515625e+00 8.481911420822143555e-01
3.982748746871948242e+00 5.843666553497314453e+00 8.540531396865844727e-01
3.999919176101684570e+00 5.834432601928710938e+00 8.740493059158325195e-01
3.893100500106811523e+00 5.926890850067138672e+00 9.569566249847412109e-01
3.712284803390502930e+00 6.277187824249267578e+00 1.072371602058410645e+00
3.413368463516235352e+00 6.934074401855468750e+00 1.221919655799865723e+00
3.203160047531127930e+00 7.678700447082519531e+00 1.427957653999328613e+00
3.325537443161010742e+00 8.557171821594238281e+00 1.597398996353149414e+00
3.561108589172363281e+00 9.471919059753417969e+00 1.768691062927246094e+00
3.812982082366943359e+00 1.042814731597900391e+01 1.944643259048461914e+00
4.079870700836181641e+00 1.142039012908935547e+01 2.124142408370971680e+00
4.345798969268798828e+00 1.228728961944580078e+01 2.317245960235595703e+00
4.660032272338867188e+00 1.315204238891601562e+01 2.504999160766601562e+00
4.980996608734130859e+00 1.403157806396484375e+01 2.693387508392333984e+00
5.268168449401855469e+00 1.481704425811767578e+01 2.859770298004150391e+00
5.508143901824951172e+00 1.547243404388427734e+01 2.996643066406250000e+00
5.747816085815429688e+00 1.612373542785644531e+01 3.130138635635375977e+00
5.985467910766601562e+00 1.676635932922363281e+01 3.259326457977294922e+00
6.219424247741699219e+00 1.739585113525390625e+01 3.383329629898071289e+00
6.448073863983154297e+00 1.800794029235839844e+01 3.501325845718383789e+00
6.669908523559570312e+00 1.859861183166503906e+01 3.612561464309692383e+00
6.883537769317626953e+00 1.916413879394531250e+01 3.716352701187133789e+00
7.087702751159667969e+00 1.970115280151367188e+01 3.812093496322631836e+00
7.281297683715820312e+00 2.020664596557617188e+01 3.899253368377685547e+00
7.463372707366943359e+00 2.067800331115722656e+01 3.977372169494628906e+00
7.643795490264892578e+00 2.112791061401367188e+01 4.044338703155517578e+00
7.906786918640136719e+00 2.159793663024902344e+01 4.063436985015869141e+00
8.280405044555664062e+00 2.209680747985839844e+01 4.019098281860351562e+00
8.623585700988769531e+00 2.254592132568359375e+01 3.971622943878173828e+00
8.935518264770507812e+00 2.294413185119628906e+01 3.921086788177490234e+00
9.230047225952148438e+00 2.330299568176269531e+01 3.871870756149291992e+00
9.776138305664062500e+00 2.373547363281250000e+01 3.827464818954467773e+00
1.030629348754882812e+01 2.411186408996582031e+01 3.772932767868041992e+00
1.078456592559814453e+01 2.441901588439941406e+01 3.715311765670776367e+00
1.121272087097167969e+01 2.465883445739746094e+01 3.654346704483032227e+00
1.159894275665283203e+01 2.484389877319335938e+01 3.589164495468139648e+00
1.194489765167236328e+01 2.497533226013183594e+01 3.519530057907104492e+00
1.225244045257568359e+01 2.505441856384277344e+01 3.445201158523559570e+00
1.252354717254638672e+01 2.508254432678222656e+01 3.365935564041137695e+00
1.276022434234619141e+01 2.506116676330566406e+01 3.281511545181274414e+00
1.296444225311279297e+01 2.499176979064941406e+01 3.191739797592163086e+00
1.313807964324951172e+01 2.487586212158203125e+01 3.096474409103393555e+00
1.328286361694335938e+01 2.471495246887207031e+01 2.995643377304077148e+00
1.340033245086669922e+01 2.451053237915039062e+01 2.889233827590942383e+00
1.349181461334228516e+01 2.426411247253417969e+01 2.777331113815307617e+00
1.355840396881103516e+01 2.397722434997558594e+01 2.660117387771606445e+00
1.362589263916015625e+01 2.366451454162597656e+01 2.534473180770874023e+00
1.393843936920166016e+01 2.345546722412109375e+01 2.367590188980102539e+00
1.424660587310791016e+01 2.322064018249511719e+01 2.194051027297973633e+00
1.443461132049560547e+01 2.301182365417480469e+01 2.087198019027709961e+00
1.458999538421630859e+01 2.278975486755371094e+01 1.991083979606628418e+00
1.473333072662353516e+01 2.254517936706542969e+01 1.892310976982116699e+00
1.483464336395263672e+01 2.228897476196289062e+01 1.810138583183288574e+00
1.489869594573974609e+01 2.201274681091308594e+01 1.739300131797790527e+00
1.494868564605712891e+01 2.171464538574218750e+01 1.681665301322937012e+00
1.500031089782714844e+01 2.140040397644042969e+01 1.622151255607604980e+00
1.503379249572753906e+01 2.106984329223632812e+01 1.562375426292419434e+00
1.498951148986816406e+01 2.073123741149902344e+01 1.515747427940368652e+00
1.487670040130615234e+01 2.037825202941894531e+01 1.481282591819763184e+00
1.474789524078369141e+01 2.001314353942871094e+01 1.446883082389831543e+00
1.460371780395507812e+01 1.963862037658691406e+01 1.412908196449279785e+00
1.441577911376953125e+01 1.920638084411621094e+01 1.384667515754699707e+00
1.421480274200439453e+01 1.877142143249511719e+01 1.357548594474792480e+00
1.400322055816650391e+01 1.833893966674804688e+01 1.331757187843322754e+00
1.378294658660888672e+01 1.791292572021484375e+01 1.307619214057922363e+00
1.338634681701660156e+01 1.721677970886230469e+01 1.276705622673034668e+00
1.302536106109619141e+01 1.658679962158203125e+01 1.266975760459899902e+00
1.272195243835449219e+01 1.606076622009277344e+01 1.265499472618103027e+00
1.243605518341064453e+01 1.558848285675048828e+01 1.262658953666687012e+00
1.214128017425537109e+01 1.512968349456787109e+01 1.261875987052917480e+00
1.184404277801513672e+01 1.469311332702636719e+01 1.262288928031921387e+00
1.155825996398925781e+01 1.429636287689208984e+01 1.260587334632873535e+00
1.128754138946533203e+01 1.394411277770996094e+01 1.256792664527893066e+00
1.103582477569580078e+01 1.364114093780517578e+01 1.250836491584777832e+00
1.081227970123291016e+01 1.339852046966552734e+01 1.241567492485046387e+00
1.060785865783691406e+01 1.320402812957763672e+01 1.231417059898376465e+00
1.041987705230712891e+01 1.305408954620361328e+01 1.229149222373962402e+00
1.026885509490966797e+01 1.297338008880615234e+01 1.232035756111145020e+00
1.014920902252197266e+01 1.295262622833251953e+01 1.235130429267883301e+00
1.011945915222167969e+01 1.308184242248535156e+01 1.233623147010803223e+00
1.012832260131835938e+01 1.327841854095458984e+01 1.231759190559387207e+00
1.017672824859619141e+01 1.354897403717041016e+01 1.235957980155944824e+00
1.027957916259765625e+01 1.390859699249267578e+01 1.264649748802185059e+00
1.044439029693603516e+01 1.435664081573486328e+01 1.301793217658996582e+00
1.059900856018066406e+01 1.494426441192626953e+01 1.364265322685241699e+00
1.078179264068603516e+01 1.558498096466064453e+01 1.430193066596984863e+00
1.094360160827636719e+01 1.625591468811035156e+01 1.529883027076721191e+00
1.119249629974365234e+01 1.694552993774414062e+01 1.626229166984558105e+00
1.124884796142578125e+01 1.729476356506347656e+01 1.685302853584289551e+00
1.130492782592773438e+01 1.763269233703613281e+01 1.742606282234191895e+00
1.137548255920410156e+01 1.797738838195800781e+01 1.797676444053649902e+00
1.145932865142822266e+01 1.832536888122558594e+01 1.850100159645080566e+00
1.153446292877197266e+01 1.868319702148437500e+01 1.912445425987243652e+00
1.158505249023437500e+01 1.903682327270507812e+01 1.989208579063415527e+00
1.164653873443603516e+01 1.937499046325683594e+01 2.059524059295654297e+00
1.172268962860107422e+01 1.970284461975097656e+01 2.122543334960937500e+00
1.181279277801513672e+01 2.001809120178222656e+01 2.177921295166015625e+00
1.191615486145019531e+01 2.031870269775390625e+01 2.225372552871704102e+00
1.203210735321044922e+01 2.060289764404296875e+01 2.264670610427856445e+00
1.215998744964599609e+01 2.086914253234863281e+01 2.295644760131835938e+00
1.229913616180419922e+01 2.111610794067382812e+01 2.318168401718139648e+00
1.244887924194335938e+01 2.134266853332519531e+01 2.332172393798828125e+00
1.260850811004638672e+01 2.154784965515136719e+01 2.337623596191406250e+00
1.277725887298583984e+01 2.173083305358886719e+01 2.334541320800781250e+00
1.295428657531738281e+01 2.189090538024902344e+01 2.322990179061889648e+00
1.313864612579345703e+01 2.202745437622070312e+01 2.303077459335327148e+00
1.332927417755126953e+01 2.213993644714355469e+01 2.274962663650512695e+00
1.352496623992919922e+01 2.222787284851074219e+01 2.238849878311157227e+00
1.372435474395751953e+01 2.229082489013671875e+01 2.194998502731323242e+00
1.392591762542724609e+01 2.232841110229492188e+01 2.143724679946899414e+00
1.412796497344970703e+01 2.234029388427734375e+01 2.085403203964233398e+00
1.427753925323486328e+01 2.235140228271484375e+01 2.052446126937866211e+00
1.440689945220947266e+01 2.233686637878417969e+01 2.022619485855102539e+00
1.450935077667236328e+01 2.229431533813476562e+01 1.998593688011169434e+00
1.460034465789794922e+01 2.222660446166992188e+01 1.971822619438171387e+00
1.467841625213623047e+01 2.213362121582031250e+01 1.942486643791198730e+00
1.474212360382080078e+01 2.201539039611816406e+01 1.910786032676696777e+00
1.479008293151855469e+01 2.187213516235351562e+01 1.876950144767761230e+00
1.482102108001708984e+01 2.170427894592285156e+01 1.841227889060974121e+00
1.483379745483398438e+01 2.151249122619628906e+01 1.803899168968200684e+00
1.484865474700927734e+01 2.129961395263671875e+01 1.763948798179626465e+00
1.485043811798095703e+01 2.105872154235839844e+01 1.720372557640075684e+00
1.480770015716552734e+01 2.079442787170410156e+01 1.678053259849548340e+00
1.468256855010986328e+01 2.052844619750976562e+01 1.657409071922302246e+00
1.451672649383544922e+01 2.020753288269042969e+01 1.639694094657897949e+00
1.433163356781005859e+01 1.986997795104980469e+01 1.621660828590393066e+00
1.412879276275634766e+01 1.951885032653808594e+01 1.603502154350280762e+00
1.390523242950439453e+01 1.914675140380859375e+01 1.586072087287902832e+00
1.366363525390625000e+01 1.875851440429687500e+01 1.569503188133239746e+00
1.341082572937011719e+01 1.836787414550781250e+01 1.553399920463562012e+00
1.314958858489990234e+01 1.797906684875488281e+01 1.537953734397888184e+00
1.288621711730957031e+01 1.760696601867675781e+01 1.528131365776062012e+00
1.262243938446044922e+01 1.725139999389648438e+01 1.522053122520446777e+00
1.235891246795654297e+01 1.690840721130371094e+01 1.516133427619934082e+00
1.209887886047363281e+01 1.658200073242187500e+01 1.510443329811096191e+00
1.184556865692138672e+01 1.627602005004882812e+01 1.505053400993347168e+00
1.160213565826416016e+01 1.599405193328857422e+01 1.500025391578674316e+00
1.137159252166748047e+01 1.573937129974365234e+01 1.495416522026062012e+00
1.114259815216064453e+01 1.549100589752197266e+01 1.490145087242126465e+00
1.090324211120605469e+01 1.522702503204345703e+01 1.483091950416564941e+00
1.069742679595947266e+01 1.501955223083496094e+01 1.477613329887390137e+00
1.052717876434326172e+01 1.487020778656005859e+01 1.473738551139831543e+00
1.039395236968994141e+01 1.477977657318115234e+01 1.471473813056945801e+00
1.029862117767333984e+01 1.474817562103271484e+01 1.470803380012512207e+00
1.024146842956542969e+01 1.477448558807373047e+01 1.471688866615295410e+00
1.022218608856201172e+01 1.485697460174560547e+01 1.474073767662048340e+00
1.024423122406005859e+01 1.500809764862060547e+01 1.485175013542175293e+00
1.024965286254882812e+01 1.512384414672851562e+01 1.495317339897155762e+00
1.027999019622802734e+01 1.527213764190673828e+01 1.506547331809997559e+00
1.034675502777099609e+01 1.548497104644775391e+01 1.525481343269348145e+00
1.039867591857910156e+01 1.575566577911376953e+01 1.567982792854309082e+00
1.046984577178955078e+01 1.604834747314453125e+01 1.611027121543884277e+00
1.055979442596435547e+01 1.635902214050292969e+01 1.653367400169372559e+00
1.066623592376708984e+01 1.668337059020996094e+01 1.694638133049011230e+00
1.078672981262207031e+01 1.701710319519042969e+01 1.734518408775329590e+00
1.089521503448486328e+01 1.733210754394531250e+01 1.767111897468566895e+00
1.101032543182373047e+01 1.764594078063964844e+01 1.797251820564270020e+00
1.111555957794189453e+01 1.792674446105957031e+01 1.830955624580383301e+00
1.120876979827880859e+01 1.817203712463378906e+01 1.867115855216979980e+00
1.130159091949462891e+01 1.840416526794433594e+01 1.901250958442687988e+00
1.139710617065429688e+01 1.862951850891113281e+01 1.932776808738708496e+00
1.148735713958740234e+01 1.884904479980468750e+01 1.965440630912780762e+00
1.156316661834716797e+01 1.906466484069824219e+01 2.003880500793457031e+00
1.163886547088623047e+01 1.926706314086914062e+01 2.038155794143676758e+00
1.171283721923828125e+01 1.945520210266113281e+01 2.068461656570434570e+00
1.178365612030029297e+01 1.962835502624511719e+01 2.095025539398193359e+00
1.185012722015380859e+01 1.978610229492187500e+01 2.118102312088012695e+00
1.191129589080810547e+01 1.992830848693847656e+01 2.137957334518432617e+00
1.195558452606201172e+01 2.005897903442382812e+01 2.161972761154174805e+00
1.198852825164794922e+01 2.017634201049804688e+01 2.186499118804931641e+00
1.201464939117431641e+01 2.027928733825683594e+01 2.208703517913818359e+00
1.203402614593505859e+01 2.036856460571289062e+01 2.228806257247924805e+00
1.204700374603271484e+01 2.044503974914550781e+01 2.246976137161254883e+00
1.205420398712158203e+01 2.050966835021972656e+01 2.263320446014404297e+00
1.205648803710937500e+01 2.056346511840820312e+01 2.277876853942871094e+00
1.205492496490478516e+01 2.060745048522949219e+01 2.290618896484375000e+00
1.205077362060546875e+01 2.064262390136718750e+01 2.301451206207275391e+00
1.204543399810791016e+01 2.066992950439453125e+01 2.310209035873413086e+00
1.204039859771728516e+01 2.069022178649902344e+01 2.316671133041381836e+00
1.203722286224365234e+01 2.070424079895019531e+01 2.320554494857788086e+00
1.203746891021728516e+01 2.071258163452148438e+01 2.321533203125000000e+00
1.204266357421875000e+01 2.071569252014160156e+01 2.319241285324096680e+00
1.205424213409423828e+01 2.071382522583007812e+01 2.313286066055297852e+00
1.207351016998291016e+01 2.070706367492675781e+01 2.303260087966918945e+00
1.210160541534423828e+01 2.069529533386230469e+01 2.288751363754272461e+00
1.213944339752197266e+01 2.067821311950683594e+01 2.269363164901733398e+00
1.218769931793212891e+01 2.065533447265625000e+01 2.244722127914428711e+00
1.224675559997558594e+01 2.062598991394042969e+01 2.214491367340087891e+00
1.231671714782714844e+01 2.058936882019042969e+01 2.178385257720947266e+00
1.236287975311279297e+01 2.055994415283203125e+01 2.158092021942138672e+00
1.240871620178222656e+01 2.052590942382812500e+01 2.138201236724853516e+00
1.245922374725341797e+01 2.048349761962890625e+01 2.114915609359741211e+00
1.251332855224609375e+01 2.043147850036621094e+01 2.088195323944091797e+00
1.256973743438720703e+01 2.036857223510742188e+01 2.058039903640747070e+00
1.262696933746337891e+01 2.029349136352539062e+01 2.024498939514160156e+00
1.268337917327880859e+01 2.020497322082519531e+01 1.987668871879577637e+00
1.273719406127929688e+01 2.010181999206542969e+01 1.947702527046203613e+00
1.276890087127685547e+01 1.997969627380371094e+01 1.913869023323059082e+00
1.279046058654785156e+01 1.984017372131347656e+01 1.879279017448425293e+00
1.280412006378173828e+01 1.968319892883300781e+01 1.842075228691101074e+00
1.280621242523193359e+01 1.950451469421386719e+01 1.803088068962097168e+00
1.274919795989990234e+01 1.923698806762695312e+01 1.765279650688171387e+00
1.267394351959228516e+01 1.894421195983886719e+01 1.724855542182922363e+00
1.260373497009277344e+01 1.862657737731933594e+01 1.682463049888610840e+00
1.250114822387695312e+01 1.833341407775878906e+01 1.645587086677551270e+00
1.235134220123291016e+01 1.802726364135742188e+01 1.625627636909484863e+00
1.218018436431884766e+01 1.770214271545410156e+01 1.606941342353820801e+00
1.199261951446533203e+01 1.736161613464355469e+01 1.588903546333312988e+00
1.179393291473388672e+01 1.702289199829101562e+01 1.578819394111633301e+00
1.157854938507080078e+01 1.666805076599121094e+01 1.567977070808410645e+00
1.134715270996093750e+01 1.629868507385253906e+01 1.556433081626892090e+00
1.110062122344970703e+01 1.591653633117675781e+01 1.544256329536437988e+00
1.084000110626220703e+01 1.552346611022949219e+01 1.531520485877990723e+00
1.046175289154052734e+01 1.494499874114990234e+01 1.509950280189514160e+00
1.006534385681152344e+01 1.432666873931884766e+01 1.494363188743591309e+00
9.683719635009765625e+00 1.373336505889892578e+01 1.484275460243225098e+00
9.321748733520507812e+00 1.318546962738037109e+01 1.473682999610900879e+00
8.967217445373535156e+00 1.266191387176513672e+01 1.462723374366760254e+00
8.597827911376953125e+00 1.212809276580810547e+01 1.454080462455749512e+00
8.218165397644042969e+00 1.158977794647216797e+01 1.446984887123107910e+00
7.845309734344482422e+00 1.106709480285644531e+01 1.432980179786682129e+00
7.632548332214355469e+00 1.069434833526611328e+01 1.366290211677551270e+00
7.430052280426025391e+00 1.033947944641113281e+01 1.301273465156555176e+00
7.227652072906494141e+00 9.991963386535644531e+00 1.238009572029113770e+00
7.028756141662597656e+00 9.660944938659667969e+00 1.184412360191345215e+00
6.843476295471191406e+00 9.367349624633789062e+00 1.150610327720642090e+00
6.661754608154296875e+00 9.040116310119628906e+00 1.122791647911071777e+00
6.484425544738769531e+00 8.682587623596191406e+00 1.100800514221191406e+00
6.311887264251708984e+00 8.337152481079101562e+00 1.079958438873291016e+00
6.144783020019531250e+00 8.004985809326171875e+00 1.060274958610534668e+00
5.983645439147949219e+00 7.687025070190429688e+00 1.041746497154235840e+00
5.828894615173339844e+00 7.383962154388427734e+00 1.024355649948120117e+00
5.680839538574218750e+00 7.096256256103515625e+00 1.008074998855590820e+00
5.539678573608398438e+00 6.824131965637207031e+00 9.928646087646484375e-01
5.405501365661621094e+00 6.567594051361083984e+00 9.786784648895263672e-01
5.278307914733886719e+00 6.326444625854492188e+00 9.654599428176879883e-01
5.157997131347656250e+00 6.100296974182128906e+00 9.531480073928833008e-01
5.058245658874511719e+00 5.924025535583496094e+00 9.424998760223388672e-01
4.986917495727539062e+00 5.833552360534667969e+00 9.362263679504394531e-01
4.921837806701660156e+00 5.777128219604492188e+00 9.336731433868408203e-01
4.860773563385009766e+00 5.726105690002441406e+00 9.313311576843261719e-01
4.803497314453125000e+00 5.680156230926513672e+00 9.291689395904541016e-01
4.749751091003417969e+00 5.638905525207519531e+00 9.271538257598876953e-01
4.699262142181396484e+00 5.601944923400878906e+00 9.252549409866333008e-01
4.651736259460449219e+00 5.568837165832519531e+00 9.234430789947509766e-01
4.606878280639648438e+00 5.539126396179199219e+00 9.216902256011962891e-01
4.563591003417968750e+00 5.508870124816894531e+00 9.199527502059936523e-01
4.519472122192382812e+00 5.468387603759765625e+00 9.181586503982543945e-01
4.476375579833984375e+00 5.428237915039062500e+00 9.164487123489379883e-01
4.434468269348144531e+00 5.389037132263183594e+00 9.147493839263916016e-01
4.393770217895507812e+00 5.351037502288818359e+00 9.130083322525024414e-01
4.357597351074218750e+00 5.315030574798583984e+00 9.101358652114868164e-01
4.335608482360839844e+00 5.283843994140625000e+00 9.031326770782470703e-01
4.310286521911621094e+00 5.252503395080566406e+00 8.973275423049926758e-01
4.282002925872802734e+00 5.220838546752929688e+00 8.925386667251586914e-01
4.253975391387939453e+00 5.188988685607910156e+00 8.876550197601318359e-01
4.226134777069091797e+00 5.156801700592041016e+00 8.826615810394287109e-01
4.198429107666015625e+00 5.124155998229980469e+00 8.775441646575927734e-01
4.170827388763427734e+00 5.090968132019042969e+00 8.722943067550659180e-01
4.144910812377929688e+00 5.064208030700683594e+00 8.657019138336181641e-01
4.119815826416015625e+00 5.040049552917480469e+00 8.584191799163818359e-01
4.094859600067138672e+00 5.015420913696289062e+00 8.509780168533325195e-01
4.070068836212158203e+00 4.990349769592285156e+00 8.433878421783447266e-01
4.045477390289306641e+00 4.964886188507080078e+00 8.356608152389526367e-01
4.021129131317138672e+00 4.939096450805664062e+00 8.278157711029052734e-01
3.997069597244262695e+00 4.913059711456298828e+00 8.198738098144531250e-01
3.973348855972290039e+00 4.886871814727783203e+00 8.118603229522705078e-01
3.950015068054199219e+00 4.860634326934814453e+00 8.038020133972167969e-01
3.927115201950073242e+00 4.834459304809570312e+00 7.957299947738647461e-01
3.904692888259887695e+00 4.808460235595703125e+00 7.876753807067871094e-01
3.887030839920043945e+00 4.770177364349365234e+00 7.822327613830566406e-01
3.870623111724853516e+00 4.730200767517089844e+00 7.773001194000244141e-01
3.854699134826660156e+00 4.690977096557617188e+00 7.724323272705078125e-01
3.839271306991577148e+00 4.652630329132080078e+00 7.676569223403930664e-01
3.824333429336547852e+00 4.615271568298339844e+00 7.629988193511962891e-01
3.809875726699829102e+00 4.579003334045410156e+00 7.584816217422485352e-01
3.795878410339355469e+00 4.543915748596191406e+00 7.541255950927734375e-01
3.784206390380859375e+00 4.513966560363769531e+00 7.477527856826782227e-01
3.768215417861938477e+00 4.492388725280761719e+00 7.442083358764648438e-01
3.752009630203247070e+00 4.471890449523925781e+00 7.412451505661010742e-01
3.736282587051391602e+00 4.452264308929443359e+00 7.384999990463256836e-01
3.720990657806396484e+00 4.433504581451416016e+00 7.359746694564819336e-01
3.706091642379760742e+00 4.415596008300781250e+00 7.336685657501220703e-01
3.691538333892822266e+00 4.398516654968261719e+00 7.315764427185058594e-01
3.675075054168701172e+00 4.379660606384277344e+00 7.294461727142333984e-01
3.656073093414306641e+00 4.358310222625732422e+00 7.272009849548339844e-01
3.637222051620483398e+00 4.337609767913818359e+00 7.251272201538085938e-01
3.618540048599243164e+00 4.317578315734863281e+00 7.232140302658081055e-01
3.600051641464233398e+00 4.298236846923828125e+00 7.214474678039550781e-01
3.581790447235107422e+00 4.279603004455566406e+00 7.198131084442138672e-01
3.563794851303100586e+00 4.261693954467773438e+00 7.182936668395996094e-01
3.546111345291137695e+00 4.244528770446777344e+00 7.168729305267333984e-01
3.528788805007934570e+00 4.228120326995849609e+00 7.155340909957885742e-01
3.511882543563842773e+00 4.212483406066894531e+00 7.142599821090698242e-01
3.495445728302001953e+00 4.197628021240234375e+00 7.130348682403564453e-01
3.479531049728393555e+00 4.183556556701660156e+00 7.118433713912963867e-01
3.464189052581787109e+00 4.170269966125488281e+00 7.106729745864868164e-01
3.449464797973632812e+00 4.157761096954345703e+00 7.095128297805786133e-01
3.434741735458374023e+00 4.146600723266601562e+00 7.091113328933715820e-01
3.419147253036499023e+00 4.137583732604980469e+00 7.105129957199096680e-01
3.404480457305908203e+00 4.129059791564941406e+00 7.116326093673706055e-01
3.390749454498291016e+00 4.120984077453613281e+00 7.124623060226440430e-01
3.377945661544799805e+00 4.113304615020751953e+00 7.130017280578613281e-01
3.366042375564575195e+00 4.105967521667480469e+00 7.132576704025268555e-01
3.354997873306274414e+00 4.098916053771972656e+00 7.132431268692016602e-01
3.344754457473754883e+00 4.092091560363769531e+00 7.129790782928466797e-01
3.335239648818969727e+00 4.085437774658203125e+00 7.124934196472167969e-01
3.326370239257812500e+00 4.078898906707763672e+00 7.118179798126220703e-01
3.318053722381591797e+00 4.072427749633789062e+00 7.109922170639038086e-01
3.310191869735717773e+00 4.065979480743408203e+00 7.100573778152465820e-01
3.302681207656860352e+00 4.059517860412597656e+00 7.090594768524169922e-01
3.295420885086059570e+00 4.053015708923339844e+00 7.080456018447875977e-01
3.288309812545776367e+00 4.046457767486572266e+00 7.070634365081787109e-01
3.281253814697265625e+00 4.039831161499023438e+00 7.061597108840942383e-01
3.274165391921997070e+00 4.033138751983642578e+00 7.053790092468261719e-01
3.266969442367553711e+00 4.026387691497802734e+00 7.047617435455322266e-01
3.259597539901733398e+00 4.019588470458984375e+00 7.043424844741821289e-01
3.251997232437133789e+00 4.012759685516357422e+00 7.041494846343994141e-01
3.244127035140991211e+00 4.005915641784667969e+00 7.042016983032226562e-01
3.235960721969604492e+00 3.999068975448608398e+00 7.045084238052368164e-01
3.230324506759643555e+00 3.993537902832031250e+00 7.053204774856567383e-01
3.225183248519897461e+00 3.988380908966064453e+00 7.064441442489624023e-01
3.218530416488647461e+00 3.980345249176025391e+00 7.066062688827514648e-01
3.209233045578002930e+00 3.966764450073242188e+00 7.046934366226196289e-01
3.199484586715698242e+00 3.952659606933593750e+00 7.027264833450317383e-01
3.189327955245971680e+00 3.938040256500244141e+00 7.006751298904418945e-01
3.178820133209228516e+00 3.922910690307617188e+00 6.985046863555908203e-01
3.168021917343139648e+00 3.907266616821289062e+00 6.961750984191894531e-01
3.156994104385375977e+00 3.891088247299194336e+00 6.936392784118652344e-01
3.145798444747924805e+00 3.874341487884521484e+00 6.908469200134277344e-01
3.134492635726928711e+00 3.856974601745605469e+00 6.877417564392089844e-01
3.123126029968261719e+00 3.838916301727294922e+00 6.842645406723022461e-01
3.111738443374633789e+00 3.820075988769531250e+00 6.803532838821411133e-01
3.100357532501220703e+00 3.800343513488769531e+00 6.759446859359741211e-01
3.091207265853881836e+00 3.773047208786010742e+00 6.723073720932006836e-01
3.085818290710449219e+00 3.733503580093383789e+00 6.703048944473266602e-01
3.080754518508911133e+00 3.691681623458862305e+00 6.678141355514526367e-01
3.075971364974975586e+00 3.647449970245361328e+00 6.647739410400390625e-01
3.071406126022338867e+00 3.600680112838745117e+00 6.611272096633911133e-01
3.066978216171264648e+00 3.551255702972412109e+00 6.568237543106079102e-01
3.062589406967163086e+00 3.499085426330566406e+00 6.518206596374511719e-01
3.058130502700805664e+00 3.444100618362426758e+00 6.460841298103332520e-01
3.062162637710571289e+00 3.400013208389282227e+00 6.364820003509521484e-01
3.069327592849731445e+00 3.358563423156738281e+00 6.248737573623657227e-01
3.077254772186279297e+00 3.316275119781494141e+00 6.120586395263671875e-01
3.085715055465698242e+00 3.273122787475585938e+00 5.980840921401977539e-01
3.094775199890136719e+00 3.225061893463134766e+00 5.826464295387268066e-01
3.105509996414184570e+00 3.166529655456542969e+00 5.646589398384094238e-01
3.119199037551879883e+00 3.098664522171020508e+00 5.466717481613159180e-01
3.134795665740966797e+00 3.018704414367675781e+00 5.274325013160705566e-01
3.156172037124633789e+00 2.956904172897338867e+00 5.079663395881652832e-01
3.184533834457397461e+00 2.909180879592895508e+00 4.865134358406066895e-01
3.212011098861694336e+00 2.860269308090209961e+00 4.647111892700195312e-01
3.238168954849243164e+00 2.810543060302734375e+00 4.427785873413085938e-01
3.262582063674926758e+00 2.760400533676147461e+00 4.209437966346740723e-01
3.284839868545532227e+00 2.710262298583984375e+00 3.994401693344116211e-01
3.304558992385864258e+00 2.660565853118896484e+00 3.785018324851989746e-01
3.321381092071533203e+00 2.611752986907958984e+00 3.583597540855407715e-01
3.334990739822387695e+00 2.564267396926879883e+00 3.392372727394104004e-01
3.345108270645141602e+00 2.518542289733886719e+00 3.213475942611694336e-01
3.351502656936645508e+00 2.474998474121093750e+00 3.048888444900512695e-01
3.353993177413940430e+00 2.434028148651123047e+00 2.900428175926208496e-01
3.352451562881469727e+00 2.395998239517211914e+00 2.769713401794433594e-01
3.346803426742553711e+00 2.361236810684204102e+00 2.658147215843200684e-01
3.337033271789550781e+00 2.330033779144287109e+00 2.566908597946166992e-01
3.323180437088012695e+00 2.302631378173828125e+00 2.496941536664962769e-01
3.305342912673950195e+00 2.279227018356323242e+00 2.448959797620773315e-01
3.283670186996459961e+00 2.259964942932128906e+00 2.423454970121383667e-01
3.258369684219360352e+00 2.244943618774414062e+00 2.420702427625656128e-01
3.230270147323608398e+00 2.233861923217773438e+00 2.440515011548995972e-01
3.199876070022583008e+00 2.226600170135498047e+00 2.482696622610092163e-01
3.166270256042480469e+00 2.223873615264892578e+00 2.547624707221984863e-01
3.128484964370727539e+00 2.232295751571655273e+00 2.662311792373657227e-01
3.088440179824829102e+00 2.245470762252807617e+00 2.801205515861511230e-01
3.048473119735717773e+00 2.260974407196044922e+00 2.957759499549865723e-01
3.007475614547729492e+00 2.279429197311401367e+00 3.131510019302368164e-01
2.965933561325073242e+00 2.300488710403442383e+00 3.321226239204406738e-01
2.924345731735229492e+00 2.323792219161987305e+00 3.525701165199279785e-01
2.883219480514526367e+00 2.348972797393798828e+00 3.743792176246643066e-01
2.843063592910766602e+00 2.375667572021484375e+00 3.974425792694091797e-01
2.804387331008911133e+00 2.403521537780761719e+00 4.216629266738891602e-01
2.767691373825073242e+00 2.432195186614990234e+00 4.469534158706665039e-01
2.733461618423461914e+00 2.461370468139648438e+00 4.732405543327331543e-01
2.701941728591918945e+00 2.471931695938110352e+00 4.992662668228149414e-01
2.672581911087036133e+00 2.381731033325195312e+00 5.197782516479492188e-01
2.646952390670776367e+00 2.283091068267822266e+00 5.409682989120483398e-01
2.642461061477661133e+00 2.229410648345947266e+00 5.453431606292724609e-01
2.609874963760375977e+00 2.198299884796142578e+00 5.822095870971679688e-01
2.538664340972900391e+00 2.434992790222167969e+00 6.420323848724365234e-01
2.493490934371948242e+00 2.853313446044921875e+00 7.235512733459472656e-01
2.493634700775146484e+00 3.549169301986694336e+00 8.175215721130371094e-01
2.409380674362182617e+00 4.465220928192138672e+00 9.568675756454467773e-01
2.501870393753051758e+00 5.572306632995605469e+00 1.128850936889648438e+00
2.726445913314819336e+00 6.441904544830322266e+00 1.364970326423645020e+00
2.911928892135620117e+00 7.268054962158203125e+00 1.583126544952392578e+00
3.174229621887207031e+00 8.160494804382324219e+00 1.744945287704467773e+00
3.501626253128051758e+00 9.119915008544921875e+00 1.882641792297363281e+00
3.957300901412963867e+00 1.011167335510253906e+01 2.034102916717529297e+00
4.285748481750488281e+00 1.101031589508056641e+01 2.224642515182495117e+00
4.620816707611083984e+00 1.192685413360595703e+01 2.417346954345703125e+00
4.960502147674560547e+00 1.285594558715820312e+01 2.611057519912719727e+00
5.271846771240234375e+00 1.371173667907714844e+01 2.788850069046020508e+00
5.500846862792968750e+00 1.435363197326660156e+01 2.923087120056152344e+00
5.728328704833984375e+00 1.499190044403076172e+01 3.054969072341918945e+00
5.952723503112792969e+00 1.562242889404296875e+01 3.183674812316894531e+00
6.172479629516601562e+00 1.624118614196777344e+01 3.308426856994628906e+00
6.404111862182617188e+00 1.684601211547851562e+01 3.419192552566528320e+00
6.633664608001708984e+00 1.743202972412109375e+01 3.521786928176879883e+00
6.856267452239990234e+00 1.799548912048339844e+01 3.617452144622802734e+00
7.070524215698242188e+00 1.853328132629394531e+01 3.705783843994140625e+00
7.275166511535644531e+00 1.904265403747558594e+01 3.786464929580688477e+00
7.556987762451171875e+00 1.957243156433105469e+01 3.824838876724243164e+00
7.832155227661132812e+00 2.007242774963378906e+01 3.853245019912719727e+00
8.088030815124511719e+00 2.053425598144531250e+01 3.876302003860473633e+00
8.323721885681152344e+00 2.095670318603515625e+01 3.894181489944458008e+00
8.538634300231933594e+00 2.133906936645507812e+01 3.907106161117553711e+00
8.732433319091796875e+00 2.168114662170410156e+01 3.915344715118408203e+00
8.905061721801757812e+00 2.198320388793945312e+01 3.919202089309692383e+00
9.112681388854980469e+00 2.227068901062011719e+01 3.893568515777587891e+00
9.301707267761230469e+00 2.250771522521972656e+01 3.863058805465698242e+00
9.463734626770019531e+00 2.270597839355468750e+01 3.832513570785522461e+00
9.599978446960449219e+00 2.286741638183593750e+01 3.802157878875732422e+00
9.721978187561035156e+00 2.300353431701660156e+01 3.780576467514038086e+00
9.853657722473144531e+00 2.313678932189941406e+01 3.782355070114135742e+00
9.964020729064941406e+00 2.323991584777832031e+01 3.781759977340698242e+00
1.005461788177490234e+01 2.331542587280273438e+01 3.779109477996826172e+00
1.012709140777587891e+01 2.336590576171875000e+01 3.774713277816772461e+00
1.018315315246582031e+01 2.339399147033691406e+01 3.768857240676879883e+00
1.025410175323486328e+01 2.340449333190917969e+01 3.755360841751098633e+00
1.032643985748291016e+01 2.339883613586425781e+01 3.737788915634155273e+00
1.038293838500976562e+01 2.337806892395019531e+01 3.720475912094116211e+00
1.042570781707763672e+01 2.334453392028808594e+01 3.703489065170288086e+00
1.045683288574218750e+01 2.330041313171386719e+01 3.686846494674682617e+00
1.047830486297607422e+01 2.324768257141113281e+01 3.670519590377807617e+00
1.049202632904052734e+01 2.318810081481933594e+01 3.654431581497192383e+00
1.049977016448974609e+01 2.312316131591796875e+01 3.638451814651489258e+00
1.050319004058837891e+01 2.305413246154785156e+01 3.622407197952270508e+00
1.050378227233886719e+01 2.298198509216308594e+01 3.606068849563598633e+00
1.050290012359619141e+01 2.290743064880371094e+01 3.589165449142456055e+00
1.050172519683837891e+01 2.283091354370117188e+01 3.571382999420166016e+00
1.050127315521240234e+01 2.275259971618652344e+01 3.552365779876708984e+00
1.050238704681396484e+01 2.267240715026855469e+01 3.531729698181152344e+00
1.050573635101318359e+01 2.259001350402832031e+01 3.509059429168701172e+00
1.051181507110595703e+01 2.250487327575683594e+01 3.483925104141235352e+00
1.052094364166259766e+01 2.241624259948730469e+01 3.455882072448730469e+00
1.053327465057373047e+01 2.232320594787597656e+01 3.424489974975585938e+00
1.054879760742187500e+01 2.222470855712890625e+01 3.389310359954833984e+00
1.056735610961914062e+01 2.211958694458007812e+01 3.349927186965942383e+00
1.058863735198974609e+01 2.200662231445312500e+01 3.305960416793823242e+00
1.061220550537109375e+01 2.188455009460449219e+01 3.257059097290039062e+00
1.063751125335693359e+01 2.175214004516601562e+01 3.202936649322509766e+00
1.066389751434326172e+01 2.160820007324218750e+01 3.143362283706665039e+00
1.068144512176513672e+01 2.144437217712402344e+01 3.080518245697021484e+00
1.066252803802490234e+01 2.123846244812011719e+01 3.021169424057006836e+00
1.063594722747802734e+01 2.101318550109863281e+01 2.957780122756958008e+00
1.060071754455566406e+01 2.076789665222167969e+01 2.890497684478759766e+00
1.055596256256103516e+01 2.050229454040527344e+01 2.819543123245239258e+00
1.050094890594482422e+01 2.021644783020019531e+01 2.745216846466064453e+00
1.051121044158935547e+01 1.995077896118164062e+01 2.657510042190551758e+00
1.062429904937744141e+01 1.972608947753906250e+01 2.551696062088012695e+00
1.065599346160888672e+01 1.952460098266601562e+01 2.493183851242065430e+00
1.068098545074462891e+01 1.931351661682128906e+01 2.434525489807128906e+00
1.070179939270019531e+01 1.909264564514160156e+01 2.374237775802612305e+00
1.071810626983642578e+01 1.886336708068847656e+01 2.312741279602050781e+00
1.072967720031738281e+01 1.862731552124023438e+01 2.250495433807373047e+00
1.070236778259277344e+01 1.832457542419433594e+01 2.198513746261596680e+00
1.064512538909912109e+01 1.799355888366699219e+01 2.140824794769287109e+00
1.058481502532958984e+01 1.768307304382324219e+01 2.083369493484497070e+00
1.052840328216552734e+01 1.742365074157714844e+01 2.027452230453491211e+00
1.046974563598632812e+01 1.716825103759765625e+01 1.973286509513854980e+00
1.040972042083740234e+01 1.691955375671386719e+01 1.921360850334167480e+00
1.034171009063720703e+01 1.666689872741699219e+01 1.873054623603820801e+00
1.027532386779785156e+01 1.642887687683105469e+01 1.829332947731018066e+00
1.021529293060302734e+01 1.621602630615234375e+01 1.793283343315124512e+00
1.015753269195556641e+01 1.601914215087890625e+01 1.760074973106384277e+00
1.010303401947021484e+01 1.584042453765869141e+01 1.729945302009582520e+00
1.004965305328369141e+01 1.568133449554443359e+01 1.704731583595275879e+00
1.000281429290771484e+01 1.554433345794677734e+01 1.682182431221008301e+00
9.965309143066406250e+00 1.543115901947021484e+01 1.661351799964904785e+00
9.935461044311523438e+00 1.534251117706298828e+01 1.643572449684143066e+00
9.909816741943359375e+00 1.527846622467041016e+01 1.631010174751281738e+00
9.891707420349121094e+00 1.523988819122314453e+01 1.622114300727844238e+00
9.881421089172363281e+00 1.522680664062500000e+01 1.616842865943908691e+00
9.879084587097167969e+00 1.523889064788818359e+01 1.615121483802795410e+00
9.889121055603027344e+00 1.528555583953857422e+01 1.621275782585144043e+00
9.909731864929199219e+00 1.536209392547607422e+01 1.633532404899597168e+00
9.938519477844238281e+00 1.546244716644287109e+01 1.649623751640319824e+00
9.974927902221679688e+00 1.558477497100830078e+01 1.669235587120056152e+00
1.001828193664550781e+01 1.572698402404785156e+01 1.692024111747741699e+00
1.006817531585693359e+01 1.588961505889892578e+01 1.717642426490783691e+00
1.013136005401611328e+01 1.612817955017089844e+01 1.746124863624572754e+00
1.019900131225585938e+01 1.638001823425292969e+01 1.776651978492736816e+00
1.025565624237060547e+01 1.662380599975585938e+01 1.806974053382873535e+00
1.029745197296142578e+01 1.685466384887695312e+01 1.835384249687194824e+00
1.034101200103759766e+01 1.708924293518066406e+01 1.864774584770202637e+00
1.036777114868164062e+01 1.729229354858398438e+01 1.900349497795104980e+00
1.038469982147216797e+01 1.747508049011230469e+01 1.939426779747009277e+00
1.040271759033203125e+01 1.765615844726562500e+01 1.978126168251037598e+00
1.042147254943847656e+01 1.783373451232910156e+01 2.016079902648925781e+00
1.044062519073486328e+01 1.800616455078125000e+01 2.052951812744140625e+00
1.042348861694335938e+01 1.818823623657226562e+01 2.111546516418457031e+00
1.040968894958496094e+01 1.836075973510742188e+01 2.166208028793334961e+00
1.039993953704833984e+01 1.852213478088378906e+01 2.216059684753417969e+00
1.039391040802001953e+01 1.867141532897949219e+01 2.260930538177490234e+00
1.039121437072753906e+01 1.880786705017089844e+01 2.300738573074340820e+00
1.039140129089355469e+01 1.893095207214355469e+01 2.335484743118286133e+00
1.039396572113037109e+01 1.904034996032714844e+01 2.365251302719116211e+00
1.039835357666015625e+01 1.913591194152832031e+01 2.390194177627563477e+00
1.040395832061767578e+01 1.921767616271972656e+01 2.410543680191040039e+00
1.041013813018798828e+01 1.928584098815917969e+01 2.426593542098999023e+00
1.041622352600097656e+01 1.934076499938964844e+01 2.438689708709716797e+00
1.042152690887451172e+01 1.938294410705566406e+01 2.447233200073242188e+00
1.042535209655761719e+01 1.941298866271972656e+01 2.452655792236328125e+00
1.042701053619384766e+01 1.943162918090820312e+01 2.455425262451171875e+00
1.042583179473876953e+01 1.943968772888183594e+01 2.456027984619140625e+00
1.042118453979492188e+01 1.943804740905761719e+01 2.454957008361816406e+00
1.041248035430908203e+01 1.942767333984375000e+01 2.452709436416625977e+00
1.039920616149902344e+01 1.940955352783203125e+01 2.449764966964721680e+00
1.038092136383056641e+01 1.938471412658691406e+01 2.446586847305297852e+00
1.035728359222412109e+01 1.935418891906738281e+01 2.443604230880737305e+00
1.032805347442626953e+01 1.931899833679199219e+01 2.441207408905029297e+00
1.029310798645019531e+01 1.928013992309570312e+01 2.439733266830444336e+00
1.025245285034179688e+01 1.923856925964355469e+01 2.439465284347534180e+00
1.020622539520263672e+01 1.919518089294433594e+01 2.440620899200439453e+00
1.015470218658447266e+01 1.915080451965332031e+01 2.443344354629516602e+00
1.009829807281494141e+01 1.910615921020507812e+01 2.447706460952758789e+00
1.003756618499755859e+01 1.906188774108886719e+01 2.453700542449951172e+00
9.973197937011718750e+00 1.901850128173828125e+01 2.461234092712402344e+00
9.906010627746582031e+00 1.897638893127441406e+01 2.470139026641845703e+00
9.836944580078125000e+00 1.893581199645996094e+01 2.480162858963012695e+00
9.767039299011230469e+00 1.889687538146972656e+01 2.490974426269531250e+00
9.697436332702636719e+00 1.885956573486328125e+01 2.502176046371459961e+00
9.629343032836914062e+00 1.882370376586914062e+01 2.513294935226440430e+00
9.564023017883300781e+00 1.878897285461425781e+01 2.523805618286132812e+00
9.502773284912109375e+00 1.875492095947265625e+01 2.533126354217529297e+00
9.446892738342285156e+00 1.872096443176269531e+01 2.540642976760864258e+00
9.397664070129394531e+00 1.868639564514160156e+01 2.545706272125244141e+00
9.356326103210449219e+00 1.865040779113769531e+01 2.547659635543823242e+00
9.324046134948730469e+00 1.861210441589355469e+01 2.545844316482543945e+00
9.301887512207031250e+00 1.857052421569824219e+01 2.539617061614990234e+00
9.290792465209960938e+00 1.852465820312500000e+01 2.528364896774291992e+00
9.291550636291503906e+00 1.847348594665527344e+01 2.511526346206665039e+00
9.304780960083007812e+00 1.841599082946777344e+01 2.488598108291625977e+00
9.330906867980957031e+00 1.835119438171386719e+01 2.459156751632690430e+00
9.370143890380859375e+00 1.827819442749023438e+01 2.422871112823486328e+00
9.422487258911132812e+00 1.819618034362792969e+01 2.379513978958129883e+00
9.487695693969726562e+00 1.810445976257324219e+01 2.328975200653076172e+00
9.549644470214843750e+00 1.800950622558593750e+01 2.281213998794555664e+00
9.584724426269531250e+00 1.791141128540039062e+01 2.249521255493164062e+00
9.611568450927734375e+00 1.777869606018066406e+01 2.218490123748779297e+00
9.639759063720703125e+00 1.763153839111328125e+01 2.183929681777954102e+00
9.652975082397460938e+00 1.745423316955566406e+01 2.142276763916015625e+00
9.665298461914062500e+00 1.726119804382324219e+01 2.097824811935424805e+00
9.672468185424804688e+00 1.704867553710937500e+01 2.051796913146972656e+00
9.656288146972656250e+00 1.682078742980957031e+01 2.015402793884277344e+00
9.638261795043945312e+00 1.658272933959960938e+01 1.977393984794616699e+00
9.618220329284667969e+00 1.633643341064453125e+01 1.938102364540100098e+00
9.598966598510742188e+00 1.609065628051757812e+01 1.900776267051696777e+00
9.587032318115234375e+00 1.586267471313476562e+01 1.872336268424987793e+00
9.566548347473144531e+00 1.567457008361816406e+01 1.845236420631408691e+00
9.543449401855468750e+00 1.548898601531982422e+01 1.817986607551574707e+00
9.518601417541503906e+00 1.530331420898437500e+01 1.790620684623718262e+00
9.492287635803222656e+00 1.511953830718994141e+01 1.763376355171203613e+00
9.464856147766113281e+00 1.493970203399658203e+01 1.736491799354553223e+00
9.436716079711914062e+00 1.476586627960205078e+01 1.710203766822814941e+00
9.408324241638183594e+00 1.460007381439208984e+01 1.684746623039245605e+00
9.380167961120605469e+00 1.444430065155029297e+01 1.660342097282409668e+00
9.352749824523925781e+00 1.430042457580566406e+01 1.637205004692077637e+00
9.326572418212890625e+00 1.417017745971679688e+01 1.615534186363220215e+00
9.276001930236816406e+00 1.406162166595458984e+01 1.610765576362609863e+00
9.229558944702148438e+00 1.396913051605224609e+01 1.606678366661071777e+00
9.189444541931152344e+00 1.389339351654052734e+01 1.602378487586975098e+00
9.156205177307128906e+00 1.383524227142333984e+01 1.597881913185119629e+00
9.130272865295410156e+00 1.379525852203369141e+01 1.593213200569152832e+00
9.111965179443359375e+00 1.377376556396484375e+01 1.588403344154357910e+00
9.101477622985839844e+00 1.377083492279052734e+01 1.583487391471862793e+00
9.098881721496582031e+00 1.378627872467041016e+01 1.578509926795959473e+00
9.104135513305664062e+00 1.381966876983642578e+01 1.573516726493835449e+00
9.109099388122558594e+00 1.388852691650390625e+01 1.572497248649597168e+00
9.104030609130859375e+00 1.401359176635742188e+01 1.580188155174255371e+00
9.104941368103027344e+00 1.415659999847412109e+01 1.588582158088684082e+00
9.124967575073242188e+00 1.434577560424804688e+01 1.610849738121032715e+00
9.152007102966308594e+00 1.455198001861572266e+01 1.634964346885681152e+00
9.184676170349121094e+00 1.477044773101806641e+01 1.659666419029235840e+00
9.222554206848144531e+00 1.499861717224121094e+01 1.684701323509216309e+00
9.265196800231933594e+00 1.523392581939697266e+01 1.709819674491882324e+00
9.312151908874511719e+00 1.547383499145507812e+01 1.734780430793762207e+00
9.362969398498535156e+00 1.571585941314697266e+01 1.759355664253234863e+00
9.417208671569824219e+00 1.595760631561279297e+01 1.783331751823425293e+00
9.469525337219238281e+00 1.619179344177246094e+01 1.805331110954284668e+00
9.506390571594238281e+00 1.642559432983398438e+01 1.824689269065856934e+00
9.488660812377929688e+00 1.664516830444335938e+01 1.875870108604431152e+00
9.435009956359863281e+00 1.681767082214355469e+01 1.942276597023010254e+00
9.393895149230957031e+00 1.698341178894042969e+01 2.002692937850952148e+00
9.362378120422363281e+00 1.713483428955078125e+01 2.056881904602050781e+00
9.343854904174804688e+00 1.727556800842285156e+01 2.104043483734130859e+00
9.340023040771484375e+00 1.740666580200195312e+01 2.143597841262817383e+00
9.351165771484375000e+00 1.752709770202636719e+01 2.175154209136962891e+00
9.377389907836914062e+00 1.763589859008789062e+01 2.198396682739257812e+00
9.418605804443359375e+00 1.773214149475097656e+01 2.213084220886230469e+00
9.474529266357421875e+00 1.781496238708496094e+01 2.219050168991088867e+00
9.544664382934570312e+00 1.788353538513183594e+01 2.216209650039672852e+00
9.628302574157714844e+00 1.793708038330078125e+01 2.204550504684448242e+00
9.724529266357421875e+00 1.797485733032226562e+01 2.184148550033569336e+00
9.832207679748535156e+00 1.799616813659667969e+01 2.155149936676025391e+00
9.950005531311035156e+00 1.800037765502929688e+01 2.117785692214965820e+00
1.003414630889892578e+01 1.799196815490722656e+01 2.096550703048706055e+00
1.009650039672851562e+01 1.798244285583496094e+01 2.086681127548217773e+00
1.015796947479248047e+01 1.795609855651855469e+01 2.073177337646484375e+00
1.021727561950683594e+01 1.791235542297363281e+01 2.056123256683349609e+00
1.027306938171386719e+01 1.785072517395019531e+01 2.035633325576782227e+00
1.032397556304931641e+01 1.777079010009765625e+01 2.011846303939819336e+00
1.032594013214111328e+01 1.760555076599121094e+01 1.990302443504333496e+00
1.030152797698974609e+01 1.739750480651855469e+01 1.964206337928771973e+00
1.026444149017333984e+01 1.716497802734375000e+01 1.935721755027770996e+00
1.021373939514160156e+01 1.690855026245117188e+01 1.905079245567321777e+00
1.014857578277587891e+01 1.662897300720214844e+01 1.872522234916687012e+00
1.006822204589843750e+01 1.632717514038085938e+01 1.838313698768615723e+00
9.981592178344726562e+00 1.602587699890136719e+01 1.812251687049865723e+00
9.885640144348144531e+00 1.572042655944824219e+01 1.792014956474304199e+00
9.773197174072265625e+00 1.539662933349609375e+01 1.771016716957092285e+00
9.644071578979492188e+00 1.505588817596435547e+01 1.749475836753845215e+00
9.492232322692871094e+00 1.474021244049072266e+01 1.729385018348693848e+00
9.322438240051269531e+00 1.442038059234619141e+01 1.709613204002380371e+00
9.151755332946777344e+00 1.409358310699462891e+01 1.686888337135314941e+00
9.034888267517089844e+00 1.378767204284667969e+01 1.650659680366516113e+00
8.873772621154785156e+00 1.348380374908447266e+01 1.636249661445617676e+00
8.711608886718750000e+00 1.317781448364257812e+01 1.623580574989318848e+00
8.570092201232910156e+00 1.289973068237304688e+01 1.616563439369201660e+00
8.448173522949218750e+00 1.266209220886230469e+01 1.608376383781433105e+00
8.397315025329589844e+00 1.254730892181396484e+01 1.593442797660827637e+00
8.341964721679687500e+00 1.243206214904785156e+01 1.577233195304870605e+00
8.278300285339355469e+00 1.231015872955322266e+01 1.560337185859680176e+00
8.118688583374023438e+00 1.202192020416259766e+01 1.539778113365173340e+00
7.943564414978027344e+00 1.171336746215820312e+01 1.518455386161804199e+00
7.765851020812988281e+00 1.140764427185058594e+01 1.496901154518127441e+00
7.586465358734130859e+00 1.110602569580078125e+01 1.475225090980529785e+00
7.406259059906005859e+00 1.080964183807373047e+01 1.453532338142395020e+00
7.225998401641845703e+00 1.051945304870605469e+01 1.431913733482360840e+00
7.046369075775146484e+00 1.023625850677490234e+01 1.410454392433166504e+00
6.867972373962402344e+00 9.960696220397949219e+00 1.389227628707885742e+00
6.691317081451416016e+00 9.693243980407714844e+00 1.368298649787902832e+00
6.516817092895507812e+00 9.434214591979980469e+00 1.347719311714172363e+00
6.346219062805175781e+00 9.185394287109375000e+00 1.326556444168090820e+00
6.204386711120605469e+00 8.974854469299316406e+00 1.287780523300170898e+00
6.063924312591552734e+00 8.771121025085449219e+00 1.250536441802978516e+00
5.921540260314941406e+00 8.569842338562011719e+00 1.215925931930541992e+00
5.766041278839111328e+00 8.381196022033691406e+00 1.191274523735046387e+00
5.613352775573730469e+00 8.199028015136718750e+00 1.167521715164184570e+00
5.463726997375488281e+00 8.022899627685546875e+00 1.144482612609863281e+00
5.317116737365722656e+00 7.852516174316406250e+00 1.122133255004882812e+00
5.175260543823242188e+00 7.682210922241210938e+00 1.101539969444274902e+00
5.039764881134033203e+00 7.506663799285888672e+00 1.083696365356445312e+00
4.906852722167968750e+00 7.336456298828125000e+00 1.066351890563964844e+00
4.776417732238769531e+00 7.171302795410156250e+00 1.049476027488708496e+00
4.648884296417236328e+00 6.950312614440917969e+00 1.039990901947021484e+00
4.523651123046875000e+00 6.731546401977539062e+00 1.031175971031188965e+00
4.400599479675292969e+00 6.518343925476074219e+00 1.022593140602111816e+00
4.279651641845703125e+00 6.310507774353027344e+00 1.014212846755981445e+00
4.160741329193115234e+00 6.107845306396484375e+00 1.006009578704833984e+00
4.043816566467285156e+00 5.910187244415283203e+00 9.979603290557861328e-01
3.937422990798950195e+00 5.739329338073730469e+00 9.905551671981811523e-01
3.858517408370971680e+00 5.638552188873291016e+00 9.847872257232666016e-01
3.780950069427490234e+00 5.540900230407714844e+00 9.790868759155273438e-01
3.704719781875610352e+00 5.446256160736083984e+00 9.734410047531127930e-01
3.629829883575439453e+00 5.354504585266113281e+00 9.678393602371215820e-01
3.556381940841674805e+00 5.266713142395019531e+00 9.624191522598266602e-01
3.486470937728881836e+00 5.211713790893554688e+00 9.607193470001220703e-01
3.417941331863403320e+00 5.158920288085937500e+00 9.590020179748535156e-01
3.352272987365722656e+00 5.112052440643310547e+00 9.571132659912109375e-01
3.292264223098754883e+00 5.078275680541992188e+00 9.547582864761352539e-01
3.233904123306274414e+00 5.046812534332275391e+00 9.523856639862060547e-01
3.177256345748901367e+00 5.017572402954101562e+00 9.500036239624023438e-01
3.122391223907470703e+00 4.990449905395507812e+00 9.476220607757568359e-01
3.081591367721557617e+00 4.963689327239990234e+00 9.462537765502929688e-01
3.051860332489013672e+00 4.914580345153808594e+00 9.499055147171020508e-01
3.025040864944458008e+00 4.869538784027099609e+00 9.527175426483154297e-01
3.011839628219604492e+00 4.839607238769531250e+00 9.493221044540405273e-01
2.999220371246337891e+00 4.811883926391601562e+00 9.460703134536743164e-01
2.986960172653198242e+00 4.786452770233154297e+00 9.429787397384643555e-01
2.973647832870483398e+00 4.762009143829345703e+00 9.398604631423950195e-01
2.954693078994750977e+00 4.733442306518554688e+00 9.359658956527709961e-01
2.936462879180908203e+00 4.708931922912597656e+00 9.325228333473205566e-01
2.918906927108764648e+00 4.688926696777343750e+00 9.296121001243591309e-01
2.901980400085449219e+00 4.673907756805419922e+00 9.273219108581542969e-01
2.885645627975463867e+00 4.664376258850097656e+00 9.257442355155944824e-01
2.869868993759155273e+00 4.660850048065185547e+00 9.249751567840576172e-01
2.854631662368774414e+00 4.663855552673339844e+00 9.251129031181335449e-01
2.839921951293945312e+00 4.673911571502685547e+00 9.262553453445434570e-01
2.825418949127197266e+00 4.691133975982666016e+00 9.284405708312988281e-01
2.799743890762329102e+00 4.702227592468261719e+00 9.297126531600952148e-01
2.771571397781372070e+00 4.718089103698730469e+00 9.317117929458618164e-01
2.733034849166870117e+00 4.732096672058105469e+00 9.296411275863647461e-01
2.659797906875610352e+00 4.736520290374755859e+00 9.128255844116210938e-01
2.670909166336059570e+00 4.724136352539062500e+00 9.363560676574707031e-01
2.677428483963012695e+00 4.845502853393554688e+00 9.813568592071533203e-01
2.636785745620727539e+00 5.127830982208251953e+00 1.052622199058532715e+00
2.577078104019165039e+00 5.660101413726806641e+00 1.138958334922790527e+00
2.650262594223022461e+00 6.243696212768554688e+00 1.260113358497619629e+00
2.847450494766235352e+00 6.787438392639160156e+00 1.368360042572021484e+00
3.071081399917602539e+00 7.388905048370361328e+00 1.470574855804443359e+00
3.255770444869995117e+00 8.031368255615234375e+00 1.606150031089782715e+00
3.450610876083374023e+00 8.698994636535644531e+00 1.745122194290161133e+00
3.653664827346801758e+00 9.387113571166992188e+00 1.886465907096862793e+00
4.017389774322509766e+00 1.009272861480712891e+01 1.990810394287109375e+00
4.413190841674804688e+00 1.081080150604248047e+01 2.089889526367187500e+00
4.671658515930175781e+00 1.126502132415771484e+01 2.158236742019653320e+00
4.985826492309570312e+00 1.186668682098388672e+01 2.230944871902465820e+00
5.175109386444091797e+00 1.238033390045166016e+01 2.336509466171264648e+00
5.365390777587890625e+00 1.289019870758056641e+01 2.438612937927246094e+00
5.555322647094726562e+00 1.339289474487304688e+01 2.536602973937988281e+00
5.743562221527099609e+00 1.388509654998779297e+01 2.629863500595092773e+00
5.928808212280273438e+00 1.436361598968505859e+01 2.717825412750244141e+00
6.109798431396484375e+00 1.482541942596435547e+01 2.799970149993896484e+00
6.285352706909179688e+00 1.526768970489501953e+01 2.875840425491333008e+00
6.454364776611328125e+00 1.568786525726318359e+01 2.945046186447143555e+00
6.615846633911132812e+00 1.608366966247558594e+01 3.007266759872436523e+00
6.783621788024902344e+00 1.646170234680175781e+01 3.056495428085327148e+00
7.013307094573974609e+00 1.685315895080566406e+01 3.070485353469848633e+00
7.225824356079101562e+00 1.721110343933105469e+01 3.079888105392456055e+00
7.420467376708984375e+00 1.753451728820800781e+01 3.084793090820312500e+00
7.596754074096679688e+00 1.782279586791992188e+01 3.085331916809082031e+00
7.754433631896972656e+00 1.807577323913574219e+01 3.081686019897460938e+00
7.893485546112060547e+00 1.829368782043457031e+01 3.074079990386962891e+00
8.014090538024902344e+00 1.847718429565429688e+01 3.062776088714599609e+00
8.116648674011230469e+00 1.862726974487304688e+01 3.048070430755615234e+00
8.201743125915527344e+00 1.874531364440917969e+01 3.030293226242065430e+00
8.270138740539550781e+00 1.883298110961914062e+01 3.009798288345336914e+00
8.323143959045410156e+00 1.889255714416503906e+01 2.987074375152587891e+00
8.414065361022949219e+00 1.897106933593750000e+01 2.978427886962890625e+00
8.488009452819824219e+00 1.902277183532714844e+01 2.967171907424926758e+00
8.546254158020019531e+00 1.905019378662109375e+01 2.953699111938476562e+00
8.597679138183593750e+00 1.905653762817382812e+01 2.936772584915161133e+00
8.674376487731933594e+00 1.904679489135742188e+01 2.910096645355224609e+00
8.736322402954101562e+00 1.902062034606933594e+01 2.883106708526611328e+00
8.785057067871093750e+00 1.898072052001953125e+01 2.856157302856445312e+00
8.822141647338867188e+00 1.892975234985351562e+01 2.829574584960937500e+00
8.849125862121582031e+00 1.887026786804199219e+01 2.803654909133911133e+00
8.867530822753906250e+00 1.880467033386230469e+01 2.778656005859375000e+00
8.878824234008789062e+00 1.873519325256347656e+01 2.754801988601684570e+00
8.884405136108398438e+00 1.866388130187988281e+01 2.732272863388061523e+00
8.885565757751464844e+00 1.859253501892089844e+01 2.711212396621704102e+00
8.882776260375976562e+00 1.852147483825683594e+01 2.691791057586669922e+00
8.877625465393066406e+00 1.845291137695312500e+01 2.674017429351806641e+00
8.871355056762695312e+00 1.838842201232910156e+01 2.657881975173950195e+00
8.864747047424316406e+00 1.832877159118652344e+01 2.643364429473876953e+00
8.859143257141113281e+00 1.827471351623535156e+01 2.630270004272460938e+00
8.861674308776855469e+00 1.822891998291015625e+01 2.617127656936645508e+00
8.866635322570800781e+00 1.818914222717285156e+01 2.605068922042846680e+00
8.874052047729492188e+00 1.815502929687500000e+01 2.593974351882934570e+00
8.883734703063964844e+00 1.812599754333496094e+01 2.583715915679931641e+00
8.895268440246582031e+00 1.810118675231933594e+01 2.574159145355224609e+00
8.908041000366210938e+00 1.807952499389648438e+01 2.565162181854248047e+00
8.921257972717285156e+00 1.805973625183105469e+01 2.556582450866699219e+00
8.933955192565917969e+00 1.804036140441894531e+01 2.548274755477905273e+00
8.945021629333496094e+00 1.801978683471679688e+01 2.540094375610351562e+00
8.953217506408691406e+00 1.799627685546875000e+01 2.531901121139526367e+00
8.957196235656738281e+00 1.796799278259277344e+01 2.523558139801025391e+00
8.955524444580078125e+00 1.793303108215332031e+01 2.514940500259399414e+00
8.946703910827636719e+00 1.788944816589355469e+01 2.505925893783569336e+00
8.929200172424316406e+00 1.783529281616210938e+01 2.496413946151733398e+00
8.901455879211425781e+00 1.776863861083984375e+01 2.486308574676513672e+00
8.861922264099121094e+00 1.768762397766113281e+01 2.475537061691284180e+00
8.809074401855468750e+00 1.759046363830566406e+01 2.464041948318481445e+00
8.741442680358886719e+00 1.747550010681152344e+01 2.451790094375610352e+00
8.657626152038574219e+00 1.734122085571289062e+01 2.438765287399291992e+00
8.556319236755371094e+00 1.718629646301269531e+01 2.424979686737060547e+00
8.422098159790039062e+00 1.697719573974609375e+01 2.414780855178833008e+00
8.299005508422851562e+00 1.674963188171386719e+01 2.394573926925659180e+00
8.216710090637207031e+00 1.652766609191894531e+01 2.363434076309204102e+00
8.129182815551757812e+00 1.628622245788574219e+01 2.328918933868408203e+00
8.031563758850097656e+00 1.602071189880371094e+01 2.291801452636718750e+00
7.925770759582519531e+00 1.573504543304443359e+01 2.251952171325683594e+00
7.811818122863769531e+00 1.542991924285888672e+01 2.209529161453247070e+00
7.689806938171386719e+00 1.510629940032958984e+01 2.164727687835693359e+00
7.559921264648437500e+00 1.476542568206787109e+01 2.117782831192016602e+00
7.422451496124267578e+00 1.440878868103027344e+01 2.068958044052124023e+00
7.276126861572265625e+00 1.403783893585205078e+01 2.019417524337768555e+00
7.101832389831542969e+00 1.367272567749023438e+01 1.984006285667419434e+00
6.921631813049316406e+00 1.329776859283447266e+01 1.947527289390563965e+00
6.736496925354003906e+00 1.291444683074951172e+01 1.909983277320861816e+00
6.547336578369140625e+00 1.252492237091064453e+01 1.871570229530334473e+00
6.355115890502929688e+00 1.213142013549804688e+01 1.832485795021057129e+00
6.163303852081298828e+00 1.174182128906250000e+01 1.795419335365295410e+00
5.974628925323486328e+00 1.136226940155029297e+01 1.762293696403503418e+00
5.785736560821533203e+00 1.098502826690673828e+01 1.728944182395935059e+00
5.643687248229980469e+00 1.068677330017089844e+01 1.695951461791992188e+00
5.542129039764404297e+00 1.045760536193847656e+01 1.663406014442443848e+00
5.441175460815429688e+00 1.023323535919189453e+01 1.631084442138671875e+00
5.341319084167480469e+00 1.001468563079833984e+01 1.599118947982788086e+00
5.224335670471191406e+00 9.799784660339355469e+00 1.577554583549499512e+00
5.106986999511718750e+00 9.592010498046875000e+00 1.557848215103149414e+00
4.992613792419433594e+00 9.392500877380371094e+00 1.538548946380615234e+00
4.881713867187500000e+00 9.201787948608398438e+00 1.519675254821777344e+00
4.728710174560546875e+00 8.918314933776855469e+00 1.481791973114013672e+00
4.552999019622802734e+00 8.584411621093750000e+00 1.432923078536987305e+00
4.385619163513183594e+00 8.268192291259765625e+00 1.386024832725524902e+00
4.226816177368164062e+00 7.969579696655273438e+00 1.341067552566528320e+00
4.069604873657226562e+00 7.692336082458496094e+00 1.302073478698730469e+00
3.907922029495239258e+00 7.446907997131347656e+00 1.278304457664489746e+00
3.772725820541381836e+00 7.236124992370605469e+00 1.259258508682250977e+00
3.654183149337768555e+00 7.047576427459716797e+00 1.235329627990722656e+00
3.560385465621948242e+00 6.890085697174072266e+00 1.200615167617797852e+00
3.472705125808715820e+00 6.742037773132324219e+00 1.167675256729125977e+00
3.383047342300415039e+00 6.600825309753417969e+00 1.139533519744873047e+00
3.297288179397583008e+00 6.458190441131591797e+00 1.113896489143371582e+00
3.225632429122924805e+00 6.262457847595214844e+00 1.098703622817993164e+00
3.179780244827270508e+00 6.132438182830810547e+00 1.085650801658630371e+00
3.135925054550170898e+00 6.011754989624023438e+00 1.072407007217407227e+00
3.102637529373168945e+00 5.897908210754394531e+00 1.058767914772033691e+00
3.077324390411376953e+00 5.807232379913330078e+00 1.046341180801391602e+00
3.055003881454467773e+00 5.724375724792480469e+00 1.034446358680725098e+00
3.033915281295776367e+00 5.644311428070068359e+00 1.022870421409606934e+00
3.013755083084106445e+00 5.566693782806396484e+00 1.011615753173828125e+00
2.989355325698852539e+00 5.500954627990722656e+00 1.002428054809570312e+00
2.956447839736938477e+00 5.455017566680908203e+00 9.967709779739379883e-01
2.924546003341674805e+00 5.410022735595703125e+00 9.912927150726318359e-01
2.893674612045288086e+00 5.366037368774414062e+00 9.860200881958007812e-01
2.866488218307495117e+00 5.315738677978515625e+00 9.825314283370971680e-01
2.841917276382446289e+00 5.263213634490966797e+00 9.801220893859863281e-01
2.818474054336547852e+00 5.214187622070312500e+00 9.777969121932983398e-01
2.796451807022094727e+00 5.169493675231933594e+00 9.755978584289550781e-01
2.776217937469482422e+00 5.130098342895507812e+00 9.735764265060424805e-01
2.758209466934204102e+00 5.097090721130371094e+00 9.717917442321777344e-01
2.744547128677368164e+00 5.072836875915527344e+00 9.716776609420776367e-01
2.734697580337524414e+00 5.057815551757812500e+00 9.723881483078002930e-01
2.727287769317626953e+00 5.051913261413574219e+00 9.723364114761352539e-01
2.722777605056762695e+00 5.056348323822021484e+00 9.714583158493041992e-01
2.721644163131713867e+00 5.072330474853515625e+00 9.696931838989257812e-01
2.727949619293212891e+00 5.103629112243652344e+00 9.700031280517578125e-01
2.741635560989379883e+00 5.150957107543945312e+00 9.718806743621826172e-01
2.762315988540649414e+00 5.214707374572753906e+00 9.745639562606811523e-01
2.773506641387939453e+00 5.295422554016113281e+00 9.884436130523681641e-01
2.755159139633178711e+00 5.415235519409179688e+00 1.024450659751892090e+00
2.731813669204711914e+00 5.648360252380371094e+00 1.075177073478698730e+00
2.724892854690551758e+00 5.904166698455810547e+00 1.130496859550476074e+00
2.713904619216918945e+00 6.142124652862548828e+00 1.199195623397827148e+00
2.877470731735229492e+00 6.591231346130371094e+00 1.266415715217590332e+00
3.072037458419799805e+00 7.097834110260009766e+00 1.350945830345153809e+00
3.271056413650512695e+00 7.639912128448486328e+00 1.445365667343139648e+00
3.446410417556762695e+00 8.221229553222656250e+00 1.564900159835815430e+00
3.634363412857055664e+00 8.829091072082519531e+00 1.687033891677856445e+00
3.833867311477661133e+00 9.459685325622558594e+00 1.810907006263732910e+00
4.067592620849609375e+00 1.008012866973876953e+01 1.923537492752075195e+00
4.318703174591064453e+00 1.051496601104736328e+01 1.989043354988098145e+00
4.573075294494628906e+00 1.095425605773925781e+01 2.053487062454223633e+00
4.890291213989257812e+00 1.154045009613037109e+01 2.123205184936523438e+00
5.201289653778076172e+00 1.213869857788085938e+01 2.187813043594360352e+00
5.427423477172851562e+00 1.266417407989501953e+01 2.271460533142089844e+00
5.608373641967773438e+00 1.314690971374511719e+01 2.363108873367309570e+00
5.787767410278320312e+00 1.362025737762451172e+01 2.450775384902954102e+00
5.964391708374023438e+00 1.408141613006591797e+01 2.534066200256347656e+00
6.137097358703613281e+00 1.452780914306640625e+01 2.612651824951171875e+00
6.304810523986816406e+00 1.495711612701416016e+01 2.686274528503417969e+00
6.466555595397949219e+00 1.536730098724365234e+01 2.754748106002807617e+00
6.621534347534179688e+00 1.575666713714599609e+01 2.817920446395874023e+00
6.846869468688964844e+00 1.616913223266601562e+01 2.845228433609008789e+00
7.058498859405517578e+00 1.655501747131347656e+01 2.869358777999877930e+00
7.255793571472167969e+00 1.691346549987792969e+01 2.890418291091918945e+00
7.438317775726318359e+00 1.724395942687988281e+01 2.908533334732055664e+00
7.605823516845703125e+00 1.754631805419921875e+01 2.923852920532226562e+00
7.758236885070800781e+00 1.782066726684570312e+01 2.936530351638793945e+00
7.895644187927246094e+00 1.806739616394042969e+01 2.946729421615600586e+00
8.018284797668457031e+00 1.828715705871582031e+01 2.954611063003540039e+00
8.132339477539062500e+00 1.848578262329101562e+01 2.962102651596069336e+00
8.268801689147949219e+00 1.869046974182128906e+01 2.978645563125610352e+00
8.388655662536621094e+00 1.886838722229003906e+01 2.992307186126708984e+00
8.492678642272949219e+00 1.902087020874023438e+01 3.003237962722778320e+00
8.581730842590332031e+00 1.914932441711425781e+01 3.011575222015380859e+00
8.656733512878417969e+00 1.925517272949218750e+01 3.017436981201171875e+00
8.708186149597167969e+00 1.933151054382324219e+01 3.023579120635986328e+00
8.742327690124511719e+00 1.938050460815429688e+01 3.028893709182739258e+00
8.787537574768066406e+00 1.941494941711425781e+01 3.026952743530273438e+00
8.824685096740722656e+00 1.943447303771972656e+01 3.022130966186523438e+00
8.855062484741210938e+00 1.944010543823242188e+01 3.014313220977783203e+00
8.879930496215820312e+00 1.943273353576660156e+01 3.003340721130371094e+00
8.900490760803222656e+00 1.941309165954589844e+01 2.989025115966796875e+00
8.917879104614257812e+00 1.938175010681152344e+01 2.971147537231445312e+00
8.933126449584960938e+00 1.933911895751953125e+01 2.949471235275268555e+00
8.947154998779296875e+00 1.928544616699218750e+01 2.923742532730102539e+00
8.960760116577148438e+00 1.922083854675292969e+01 2.893713712692260742e+00
8.974603652954101562e+00 1.914525794982910156e+01 2.859135150909423828e+00
8.989197731018066406e+00 1.905856513977050781e+01 2.819778442382812500e+00
8.984703063964843750e+00 1.894452857971191406e+01 2.780589103698730469e+00
8.967164993286132812e+00 1.880748558044433594e+01 2.739924669265747070e+00
8.945337295532226562e+00 1.865400505065917969e+01 2.695455312728881836e+00
8.918995857238769531e+00 1.848367309570312500e+01 2.647170066833496094e+00
8.887845993041992188e+00 1.829617500305175781e+01 2.595108032226562500e+00
8.851530075073242188e+00 1.809131240844726562e+01 2.539365768432617188e+00
8.809657096862792969e+00 1.786907196044921875e+01 2.480112791061401367e+00
8.788767814636230469e+00 1.760634422302246094e+01 2.418628215789794922e+00
8.821642875671386719e+00 1.737296295166015625e+01 2.364485502243041992e+00
8.805919647216796875e+00 1.714127349853515625e+01 2.323649644851684570e+00
8.780095100402832031e+00 1.689417839050292969e+01 2.283584833145141602e+00
8.729828834533691406e+00 1.663036727905273438e+01 2.251952648162841797e+00
8.674786567687988281e+00 1.635442924499511719e+01 2.218464136123657227e+00
8.614948272705078125e+00 1.606800460815429688e+01 2.183359622955322266e+00
8.562040328979492188e+00 1.579946804046630859e+01 2.158551454544067383e+00
8.505122184753417969e+00 1.552573108673095703e+01 2.133205413818359375e+00
8.443601608276367188e+00 1.524720287322998047e+01 2.106752157211303711e+00
8.377797126770019531e+00 1.496634197235107422e+01 2.079452037811279297e+00
8.308156013488769531e+00 1.468579769134521484e+01 2.051584243774414062e+00
8.235219955444335938e+00 1.440835571289062500e+01 2.023449897766113281e+00
8.159644126892089844e+00 1.413689899444580078e+01 1.995360493659973145e+00
8.082175254821777344e+00 1.387435626983642578e+01 1.967638134956359863e+00
8.001375198364257812e+00 1.363881015777587891e+01 1.941266179084777832e+00
7.919978141784667969e+00 1.342065811157226562e+01 1.916020035743713379e+00
7.840039253234863281e+00 1.321490192413330078e+01 1.891869425773620605e+00
7.762524604797363281e+00 1.302392482757568359e+01 1.869097113609313965e+00
7.688381195068359375e+00 1.284991931915283203e+01 1.847970604896545410e+00
7.618519783020019531e+00 1.269486141204833984e+01 1.828732848167419434e+00
7.553794384002685547e+00 1.256045341491699219e+01 1.811595559120178223e+00
7.494987487792968750e+00 1.244810771942138672e+01 1.796742081642150879e+00
7.442777633666992188e+00 1.235889816284179688e+01 1.784316420555114746e+00
7.397356510162353516e+00 1.229612922668457031e+01 1.774542212486267090e+00
7.356214046478271484e+00 1.228007602691650391e+01 1.768361687660217285e+00
7.322472095489501953e+00 1.229183769226074219e+01 1.764979720115661621e+00
7.296379089355468750e+00 1.233061218261718750e+01 1.764370322227478027e+00
7.278039932250976562e+00 1.239520549774169922e+01 1.766468405723571777e+00
7.267430305480957031e+00 1.248407459259033203e+01 1.771172404289245605e+00
7.264389038085937500e+00 1.259534549713134766e+01 1.778346896171569824e+00
7.268631935119628906e+00 1.272686672210693359e+01 1.787825703620910645e+00
7.279755592346191406e+00 1.287624835968017578e+01 1.799418330192565918e+00
7.297244071960449219e+00 1.304089832305908203e+01 1.812908530235290527e+00
7.320494651794433594e+00 1.321809291839599609e+01 1.828063845634460449e+00
7.348810672760009766e+00 1.340498828887939453e+01 1.844637274742126465e+00
7.381685256958007812e+00 1.359926700592041016e+01 1.862622618675231934e+00
7.427206516265869141e+00 1.381827831268310547e+01 1.890673756599426270e+00
7.475018978118896484e+00 1.403756046295166016e+01 1.919027686119079590e+00
7.524144172668457031e+00 1.425409507751464844e+01 1.947330355644226074e+00
7.573585033416748047e+00 1.446496486663818359e+01 1.975243687629699707e+00
7.622352600097656250e+00 1.466738986968994141e+01 2.002442359924316406e+00
7.669464588165283203e+00 1.485874080657958984e+01 2.028619289398193359e+00
7.710756301879882812e+00 1.503604030609130859e+01 2.055180788040161133e+00
7.743519783020019531e+00 1.519672298431396484e+01 2.082802295684814453e+00
7.773087501525878906e+00 1.533974456787109375e+01 2.107928037643432617e+00
7.798632144927978516e+00 1.546323490142822266e+01 2.130314111709594727e+00
7.811677932739257812e+00 1.557778835296630859e+01 2.156432151794433594e+00
7.821374416351318359e+00 1.566615200042724609e+01 2.177475929260253906e+00
7.827276229858398438e+00 1.572663879394531250e+01 2.193052530288696289e+00
7.828637599945068359e+00 1.575827026367187500e+01 2.203068494796752930e+00
7.824885368347167969e+00 1.576043510437011719e+01 2.207507610321044922e+00
7.815282821655273438e+00 1.573252964019775391e+01 2.206337213516235352e+00
7.799288272857666016e+00 1.567432117462158203e+01 2.199593782424926758e+00
7.773290157318115234e+00 1.559070682525634766e+01 2.190034866333007812e+00
7.733103275299072266e+00 1.548781108856201172e+01 2.181002616882324219e+00
7.683445930480957031e+00 1.535785770416259766e+01 2.168178796768188477e+00
7.624160289764404297e+00 1.520120716094970703e+01 2.151586771011352539e+00
7.548137664794921875e+00 1.501725864410400391e+01 2.135007619857788086e+00
7.459516525268554688e+00 1.480745601654052734e+01 2.116328001022338867e+00
7.360388755798339844e+00 1.457307243347167969e+01 2.094588279724121094e+00
7.251002788543701172e+00 1.431525516510009766e+01 2.069878816604614258e+00
7.131701469421386719e+00 1.403533363342285156e+01 2.042313098907470703e+00
7.002912044525146484e+00 1.373480033874511719e+01 2.012023687362670898e+00
6.865146636962890625e+00 1.341530132293701172e+01 1.979164004325866699e+00
6.719001770019531250e+00 1.307862663269042969e+01 1.943909525871276855e+00
6.565137863159179688e+00 1.272667121887207031e+01 1.906448483467102051e+00
6.408238887786865234e+00 1.237043094635009766e+01 1.870945811271667480e+00
6.249311447143554688e+00 1.201247787475585938e+01 1.837839245796203613e+00
6.085065841674804688e+00 1.164558410644531250e+01 1.803244471549987793e+00
5.916325569152832031e+00 1.127180290222167969e+01 1.767355322837829590e+00
5.818928718566894531e+00 1.101465606689453125e+01 1.731058359146118164e+00
5.739388465881347656e+00 1.078816223144531250e+01 1.694070100784301758e+00
5.658333778381347656e+00 1.056155776977539062e+01 1.656420588493347168e+00
5.576142311096191406e+00 1.033600521087646484e+01 1.618319272994995117e+00
5.493187904357910156e+00 1.011261081695556641e+01 1.579974532127380371e+00
5.409840583801269531e+00 9.892419815063476562e+00 1.541589975357055664e+00
5.326457977294921875e+00 9.676389694213867188e+00 1.503361821174621582e+00
5.243381977081298828e+00 9.465400695800781250e+00 1.465478539466857910e+00
5.158267974853515625e+00 9.278168678283691406e+00 1.428900957107543945e+00
5.074171066284179688e+00 9.096837997436523438e+00 1.392980337142944336e+00
4.986090660095214844e+00 8.912333488464355469e+00 1.357008218765258789e+00
4.803584098815917969e+00 8.577073097229003906e+00 1.307346343994140625e+00
4.642852306365966797e+00 8.273985862731933594e+00 1.263040304183959961e+00
4.478073120117187500e+00 8.008734703063964844e+00 1.238700628280639648e+00
4.312497138977050781e+00 7.758413314819335938e+00 1.219788312911987305e+00
4.154471397399902344e+00 7.520763874053955078e+00 1.201364994049072266e+00
4.006392478942871094e+00 7.300709247589111328e+00 1.183501124382019043e+00
3.874704599380493164e+00 7.111683845520019531e+00 1.166308164596557617e+00
3.763365983963012695e+00 6.934411048889160156e+00 1.148842096328735352e+00
3.666055440902709961e+00 6.768062591552734375e+00 1.131504178047180176e+00
3.573653936386108398e+00 6.611493110656738281e+00 1.114861011505126953e+00
3.485999107360839844e+00 6.464297294616699219e+00 1.098907828330993652e+00
3.388391256332397461e+00 6.329293727874755859e+00 1.092723011970520020e+00
3.291762113571166992e+00 6.203466415405273438e+00 1.089307188987731934e+00
3.207748651504516602e+00 6.093746662139892578e+00 1.080703973770141602e+00
3.158166170120239258e+00 6.012609958648681641e+00 1.070735216140747070e+00
3.126849412918090820e+00 5.945722579956054688e+00 1.063681483268737793e+00
3.097548723220825195e+00 5.883069992065429688e+00 1.056936264038085938e+00
3.070134401321411133e+00 5.824265003204345703e+00 1.050450921058654785e+00
3.044472455978393555e+00 5.768923282623291016e+00 1.044179677963256836e+00
3.020229101181030273e+00 5.716422557830810547e+00 1.038145661354064941e+00
2.991213321685791016e+00 5.658986091613769531e+00 1.034288406372070312e+00
2.963761091232299805e+00 5.604179859161376953e+00 1.030460596084594727e+00
2.937700510025024414e+00 5.551620960235595703e+00 1.026643633842468262e+00
2.912867307662963867e+00 5.500955581665039062e+00 1.022825837135314941e+00
2.889098882675170898e+00 5.451849937438964844e+00 1.018997073173522949e+00
2.869136571884155273e+00 5.407461166381835938e+00 1.014421820640563965e+00
2.851733922958374023e+00 5.366213321685791016e+00 1.009379625320434570e+00
2.834907770156860352e+00 5.325678825378417969e+00 1.004341006278991699e+00
2.818559885025024414e+00 5.285711288452148438e+00 9.993106126785278320e-01
2.802604436874389648e+00 5.246206283569335938e+00 9.942951202392578125e-01
2.790133714675903320e+00 5.209549427032470703e+00 9.919190406799316406e-01
2.782509803771972656e+00 5.176837921142578125e+00 9.933699369430541992e-01
2.773821115493774414e+00 5.143114089965820312e+00 9.950326681137084961e-01
2.765006780624389648e+00 5.109637260437011719e+00 9.967442750930786133e-01
2.755922555923461914e+00 5.076632022857666016e+00 9.983578324317932129e-01
2.740086793899536133e+00 5.039705276489257812e+00 9.984095096588134766e-01
2.724769830703735352e+00 5.004380226135253906e+00 9.984886646270751953e-01
2.710133314132690430e+00 4.971142292022705078e+00 9.985879659652709961e-01
2.696376562118530273e+00 4.940557479858398438e+00 9.986968040466308594e-01
2.683743238449096680e+00 4.913280963897705078e+00 9.988012313842773438e-01
2.672035694122314453e+00 4.887853622436523438e+00 9.986918568611145020e-01
2.670862197875976562e+00 4.878020286560058594e+00 9.962816834449768066e-01
2.670553684234619141e+00 4.872985839843750000e+00 9.944561123847961426e-01
2.670655488967895508e+00 4.872494697570800781e+00 9.932761788368225098e-01
2.671267271041870117e+00 4.877171993255615234e+00 9.928172826766967773e-01
2.672499179840087891e+00 4.887655258178710938e+00 9.931561350822448730e-01
2.674473047256469727e+00 4.904585838317871094e+00 9.943697452545166016e-01
2.677314519882202148e+00 4.928593635559082031e+00 9.965323805809020996e-01
2.687276840209960938e+00 4.966333866119384766e+00 9.965634942054748535e-01
2.695765972137451172e+00 5.006321430206298828e+00 9.957266449928283691e-01
2.712815523147583008e+00 5.065093994140625000e+00 9.947856664657592773e-01
2.732286214828491211e+00 5.139099597930908203e+00 9.935400485992431641e-01
2.721984148025512695e+00 5.228072166442871094e+00 1.002369880676269531e+00
2.717475175857543945e+00 5.334519863128662109e+00 1.016253829002380371e+00
2.731606483459472656e+00 5.467876911163330078e+00 1.045840382575988770e+00
2.739058494567871094e+00 5.622609138488769531e+00 1.082354784011840820e+00
2.742701530456542969e+00 5.862279891967773438e+00 1.125243425369262695e+00
2.789203405380249023e+00 6.170422554016113281e+00 1.135185241699218750e+00
2.866039037704467773e+00 6.499796867370605469e+00 1.166258692741394043e+00
3.019622564315795898e+00 6.928142070770263672e+00 1.213425636291503906e+00
3.239703893661499023e+00 7.479544639587402344e+00 1.298646569252014160e+00
3.476654767990112305e+00 8.065998077392578125e+00 1.390562057495117188e+00
3.682447433471679688e+00 8.684659004211425781e+00 1.508878707885742188e+00
3.887063264846801758e+00 9.324107170104980469e+00 1.634654521942138672e+00
4.086287498474121094e+00 9.916600227355957031e+00 1.750452399253845215e+00
4.295246124267578125e+00 1.034844398498535156e+01 1.826673030853271484e+00
4.540885448455810547e+00 1.077572441101074219e+01 1.889841675758361816e+00
4.786712646484375000e+00 1.120252895355224609e+01 1.951785087585449219e+00
5.031014919281005859e+00 1.162602233886718750e+01 2.012147188186645508e+00
5.308798789978027344e+00 1.213836383819580078e+01 2.073858022689819336e+00
5.535243511199951172e+00 1.265272998809814453e+01 2.154691934585571289e+00
5.705383300781250000e+00 1.311293220520019531e+01 2.245344638824462891e+00
5.871221065521240234e+00 1.355926227569580078e+01 2.331711292266845703e+00
6.031767845153808594e+00 1.398922061920166016e+01 2.413348913192749023e+00
6.186114311218261719e+00 1.440050411224365234e+01 2.489853143692016602e+00
6.333454132080078125e+00 1.479103183746337891e+01 2.560858249664306641e+00
6.482481479644775391e+00 1.516441440582275391e+01 2.622354030609130859e+00
6.701405525207519531e+00 1.555907249450683594e+01 2.647087097167968750e+00
6.904465675354003906e+00 1.592395877838134766e+01 2.668200016021728516e+00
7.090848922729492188e+00 1.625763893127441406e+01 2.685623884201049805e+00
7.259900093078613281e+00 1.655892181396484375e+01 2.699298620223999023e+00
7.411116123199462891e+00 1.682686042785644531e+01 2.709164619445800781e+00
7.544147491455078125e+00 1.706073188781738281e+01 2.715161800384521484e+00
7.658782958984375000e+00 1.726002883911132812e+01 2.717229366302490234e+00
7.754940986633300781e+00 1.742445182800292969e+01 2.715310096740722656e+00
7.832668304443359375e+00 1.755388832092285156e+01 2.709347724914550781e+00
7.918392181396484375e+00 1.767096900939941406e+01 2.707292318344116211e+00
8.007749557495117188e+00 1.777197074890136719e+01 2.707687854766845703e+00
8.076465606689453125e+00 1.783619117736816406e+01 2.702997446060180664e+00
8.133416175842285156e+00 1.786495018005371094e+01 2.691425800323486328e+00
8.207213401794433594e+00 1.786120796203613281e+01 2.666918516159057617e+00
8.261096000671386719e+00 1.782324409484863281e+01 2.637725353240966797e+00
8.296038627624511719e+00 1.775231742858886719e+01 2.603920936584472656e+00
8.313054084777832031e+00 1.764987564086914062e+01 2.565621852874755859e+00
8.313202857971191406e+00 1.751755714416503906e+01 2.522994041442871094e+00
8.297579765319824219e+00 1.735719680786132812e+01 2.476254224777221680e+00
8.267309188842773438e+00 1.717083549499511719e+01 2.425681352615356445e+00
8.223542213439941406e+00 1.696070289611816406e+01 2.371609449386596680e+00
8.167454719543457031e+00 1.672924804687500000e+01 2.314436435699462891e+00
8.100252151489257812e+00 1.647910308837890625e+01 2.254616022109985352e+00
8.188516616821289062e+00 1.628419303894042969e+01 2.171286821365356445e+00
8.224432945251464844e+00 1.605154800415039062e+01 2.118872880935668945e+00
8.186997413635253906e+00 1.580983066558837891e+01 2.088918209075927734e+00
8.139651298522949219e+00 1.555676364898681641e+01 2.057618856430053711e+00
8.088913917541503906e+00 1.529967498779296875e+01 2.025334119796752930e+00
8.035428047180175781e+00 1.504151916503906250e+01 1.992450118064880371e+00
7.983139991760253906e+00 1.479275417327880859e+01 1.962653994560241699e+00
7.937512397766113281e+00 1.456721210479736328e+01 1.941125512123107910e+00
7.890397071838378906e+00 1.434771060943603516e+01 1.919410824775695801e+00
7.842405796051025391e+00 1.413684749603271484e+01 1.897798180580139160e+00
7.794171333312988281e+00 1.393712711334228516e+01 1.876577734947204590e+00
7.746335983276367188e+00 1.375089740753173828e+01 1.856033921241760254e+00
7.699551582336425781e+00 1.358032608032226562e+01 1.836438059806823730e+00
7.654455184936523438e+00 1.342735481262207031e+01 1.818046927452087402e+00
7.611667633056640625e+00 1.329367065429687500e+01 1.801098465919494629e+00
7.571780204772949219e+00 1.318067264556884766e+01 1.785803914070129395e+00
7.535338401794433594e+00 1.308944797515869141e+01 1.772348523139953613e+00
7.502840995788574219e+00 1.302076244354248047e+01 1.760888457298278809e+00
7.474711418151855469e+00 1.297503757476806641e+01 1.751544833183288574e+00
7.451310157775878906e+00 1.295236492156982422e+01 1.744409680366516113e+00
7.432910442352294922e+00 1.295249652862548828e+01 1.739536166191101074e+00
7.419707298278808594e+00 1.297486686706542969e+01 1.736950755119323730e+00
7.411799907684326172e+00 1.301860904693603516e+01 1.736641287803649902e+00
7.409210681915283203e+00 1.308258247375488281e+01 1.738569140434265137e+00
7.411859512329101562e+00 1.316539478302001953e+01 1.742667555809020996e+00
7.419591426849365234e+00 1.326544666290283203e+01 1.748843073844909668e+00
7.432171344757080078e+00 1.338095855712890625e+01 1.756980299949645996e+00
7.449290752410888672e+00 1.351001644134521484e+01 1.766945958137512207e+00
7.470577239990234375e+00 1.365059757232666016e+01 1.778587937355041504e+00
7.495602130889892578e+00 1.380062580108642578e+01 1.791745781898498535e+00
7.530431270599365234e+00 1.397285747528076172e+01 1.812795042991638184e+00
7.569539070129394531e+00 1.415378093719482422e+01 1.836538434028625488e+00
7.610613822937011719e+00 1.433730316162109375e+01 1.861030697822570801e+00
7.653003692626953125e+00 1.452119255065917969e+01 1.885999560356140137e+00
7.696053504943847656e+00 1.470330715179443359e+01 1.911184191703796387e+00
7.739110469818115234e+00 1.488161754608154297e+01 1.936334013938903809e+00
7.781524658203125000e+00 1.505420017242431641e+01 1.961210846900939941e+00
7.822660446166992188e+00 1.521925926208496094e+01 1.985588192939758301e+00
7.861903190612792969e+00 1.537512588500976562e+01 2.009251594543457031e+00
7.896156311035156250e+00 1.553174114227294922e+01 2.035623311996459961e+00
7.919629096984863281e+00 1.568103694915771484e+01 2.063691616058349609e+00
7.925459861755371094e+00 1.580755901336669922e+01 2.094158411026000977e+00
7.931793689727783203e+00 1.591787719726562500e+01 2.121187448501586914e+00
7.938109874725341797e+00 1.601091194152832031e+01 2.144629240036010742e+00
7.943878650665283203e+00 1.608569717407226562e+01 2.164358377456665039e+00
7.948558807373046875e+00 1.614135551452636719e+01 2.180265426635742188e+00
7.951600074768066406e+00 1.617709159851074219e+01 2.192262887954711914e+00
7.952453613281250000e+00 1.619221115112304688e+01 2.200274705886840820e+00
7.950566291809082031e+00 1.618607902526855469e+01 2.204241752624511719e+00
7.945397377014160156e+00 1.615816116333007812e+01 2.204118967056274414e+00
7.936426162719726562e+00 1.610800933837890625e+01 2.199875354766845703e+00
7.923138141632080078e+00 1.603526496887207031e+01 2.191495180130004883e+00
7.904974937438964844e+00 1.593965721130371094e+01 2.179016828536987305e+00
7.858823776245117188e+00 1.580929088592529297e+01 2.167239904403686523e+00
7.802600383758544922e+00 1.566181850433349609e+01 2.154286861419677734e+00
7.734729766845703125e+00 1.550392436981201172e+01 2.142216444015502930e+00
7.657754421234130859e+00 1.532364749908447266e+01 2.127184152603149414e+00
7.571642398834228516e+00 1.512130165100097656e+01 2.109188795089721680e+00
7.476441383361816406e+00 1.489736080169677734e+01 2.088248491287231445e+00
7.372260093688964844e+00 1.465246868133544922e+01 2.064413070678710938e+00
7.259285926818847656e+00 1.438744640350341797e+01 2.037752628326416016e+00
7.137779235839843750e+00 1.410327816009521484e+01 2.008368730545043945e+00
7.008075714111328125e+00 1.380112552642822266e+01 1.976386904716491699e+00
6.870584964752197266e+00 1.348231410980224609e+01 1.941961646080017090e+00
6.728288650512695312e+00 1.315400505065917969e+01 1.907770514488220215e+00
6.583752632141113281e+00 1.282240772247314453e+01 1.876042962074279785e+00
6.433127403259277344e+00 1.247912311553955078e+01 1.842533707618713379e+00
6.277044296264648438e+00 1.212592506408691406e+01 1.807454228401184082e+00
6.116184234619140625e+00 1.176467418670654297e+01 1.771030306816101074e+00
5.951275348663330078e+00 1.139729404449462891e+01 1.733504176139831543e+00
5.836839675903320312e+00 1.111282920837402344e+01 1.695614218711853027e+00
5.753849506378173828e+00 1.088117313385009766e+01 1.657436847686767578e+00
5.669549465179443359e+00 1.064995193481445312e+01 1.618928909301757812e+00
5.584310531616210938e+00 1.042041015625000000e+01 1.580345988273620605e+00
5.498521804809570312e+00 1.019375228881835938e+01 1.541938304901123047e+00
5.412566184997558594e+00 9.971128463745117188e+00 1.503947734832763672e+00
5.326833724975585938e+00 9.753616333007812500e+00 1.466603875160217285e+00
5.241699695587158203e+00 9.542212486267089844e+00 1.430122733116149902e+00
5.157540798187255859e+00 9.337821006774902344e+00 1.394700407981872559e+00
5.074710369110107422e+00 9.141240119934082031e+00 1.360511183738708496e+00
4.993549823760986328e+00 8.953154563903808594e+00 1.327710270881652832e+00
4.914380073547363281e+00 8.774138450622558594e+00 1.296422123908996582e+00
4.833021163940429688e+00 8.603900909423828125e+00 1.269124031066894531e+00
4.742451667785644531e+00 8.441566467285156250e+00 1.249757766723632812e+00
4.597160339355468750e+00 8.175379753112792969e+00 1.213279247283935547e+00
4.439152240753173828e+00 7.917201042175292969e+00 1.190158247947692871e+00
4.287355422973632812e+00 7.682800292968750000e+00 1.173871040344238281e+00
4.136660575866699219e+00 7.465807437896728516e+00 1.161316394805908203e+00
3.995353937149047852e+00 7.263827323913574219e+00 1.149592280387878418e+00
3.864972352981567383e+00 7.079834938049316406e+00 1.138686180114746094e+00
3.748854875564575195e+00 6.920644760131835938e+00 1.128600478172302246e+00
3.641221284866333008e+00 6.774047851562500000e+00 1.119216918945312500e+00
3.541836261749267578e+00 6.639518737792968750e+00 1.110478281974792480e+00
3.450369596481323242e+00 6.516409397125244141e+00 1.102317333221435547e+00
3.366394996643066406e+00 6.403951644897460938e+00 1.094663023948669434e+00
3.296758413314819336e+00 6.301939487457275391e+00 1.086981296539306641e+00
3.236843824386596680e+00 6.209053039550781250e+00 1.079442858695983887e+00
3.182134389877319336e+00 6.123919486999511719e+00 1.072209715843200684e+00
3.122487306594848633e+00 6.047639846801757812e+00 1.071188926696777344e+00
3.065753221511840820e+00 5.977220535278320312e+00 1.070996403694152832e+00
3.034573554992675781e+00 5.924324035644531250e+00 1.074322104454040527e+00
3.012206792831420898e+00 5.880546092987060547e+00 1.075161337852478027e+00
2.995138168334960938e+00 5.843260765075683594e+00 1.072996020317077637e+00
2.978498220443725586e+00 5.806634902954101562e+00 1.070934295654296875e+00
2.962054014205932617e+00 5.770159721374511719e+00 1.068894505500793457e+00
2.945600748062133789e+00 5.733407020568847656e+00 1.066802859306335449e+00
2.928968667984008789e+00 5.696041107177734375e+00 1.064597487449645996e+00
2.912027597427368164e+00 5.657832622528076172e+00 1.062230348587036133e+00
2.894691705703735352e+00 5.618662834167480469e+00 1.059665203094482422e+00
2.876918554306030273e+00 5.578533649444580078e+00 1.056882977485656738e+00
2.856748342514038086e+00 5.535160064697265625e+00 1.054525136947631836e+00
2.833625555038452148e+00 5.488040924072265625e+00 1.052804946899414062e+00
2.812347173690795898e+00 5.443213462829589844e+00 1.050381302833557129e+00
2.794662237167358398e+00 5.403069496154785156e+00 1.046895384788513184e+00
2.777112245559692383e+00 5.363845825195312500e+00 1.043331980705261230e+00
2.759967565536499023e+00 5.326274871826171875e+00 1.039758086204528809e+00
2.743544816970825195e+00 5.291194915771484375e+00 1.036251187324523926e+00
2.728205442428588867e+00 5.259526729583740234e+00 1.032896876335144043e+00
2.714344739913940430e+00 5.232266902923583984e+00 1.029787898063659668e+00
2.700443029403686523e+00 5.209135055541992188e+00 1.027319550514221191e+00
2.687451362609863281e+00 5.191560268402099609e+00 1.025516271591186523e+00
2.678117513656616211e+00 5.182204246520996094e+00 1.024130225181579590e+00
2.673003435134887695e+00 5.182223796844482422e+00 1.023247122764587402e+00
2.672664403915405273e+00 5.192747116088867188e+00 1.022949218750000000e+00
2.674756288528442383e+00 5.217527866363525391e+00 1.025558948516845703e+00
2.673200130462646484e+00 5.263696670532226562e+00 1.036279320716857910e+00
2.676111221313476562e+00 5.324991226196289062e+00 1.049198865890502930e+00
2.683738470077514648e+00 5.402157306671142578e+00 1.064429044723510742e+00
2.690640926361083984e+00 5.491923332214355469e+00 1.082915544509887695e+00
2.722093820571899414e+00 5.621266841888427734e+00 1.089719414710998535e+00
2.772298336029052734e+00 5.783655166625976562e+00 1.088995814323425293e+00
2.819528818130493164e+00 5.953305244445800781e+00 1.091695189476013184e+00
2.852948904037475586e+00 6.135100364685058594e+00 1.102342844009399414e+00
2.942481756210327148e+00 6.386404037475585938e+00 1.113833427429199219e+00
3.011737346649169922e+00 6.675797939300537109e+00 1.136914968490600586e+00
3.112657308578491211e+00 7.018658161163330078e+00 1.169952034950256348e+00
3.277219057083129883e+00 7.447879791259765625e+00 1.217237234115600586e+00
3.453510761260986328e+00 7.900522232055664062e+00 1.266332507133483887e+00
3.625814437866210938e+00 8.451609611511230469e+00 1.371985077857971191e+00
3.774258375167846680e+00 8.889145851135253906e+00 1.461353778839111328e+00
3.914934158325195312e+00 9.267743110656738281e+00 1.538834810256958008e+00
4.061227798461914062e+00 9.652503013610839844e+00 1.615807533264160156e+00
4.210810661315917969e+00 1.003949642181396484e+01 1.691417574882507324e+00
4.403961658477783203e+00 1.042253398895263672e+01 1.752902746200561523e+00
4.618494510650634766e+00 1.080585384368896484e+01 1.808449387550354004e+00
4.831533908843994141e+00 1.118535518646240234e+01 1.862381577491760254e+00
5.041681766510009766e+00 1.155860042572021484e+01 1.914369821548461914e+00
5.272494792938232422e+00 1.198769378662109375e+01 1.966320395469665527e+00
5.490729808807373047e+00 1.246119689941406250e+01 2.029400348663330078e+00
5.638214111328125000e+00 1.286598110198974609e+01 2.105360984802246094e+00
5.781705856323242188e+00 1.325455760955810547e+01 2.176463127136230469e+00
5.920451164245605469e+00 1.362493991851806641e+01 2.242378234863281250e+00
6.053766250610351562e+00 1.397537803649902344e+01 2.302829504013061523e+00
6.181056022644042969e+00 1.430439376831054688e+01 2.357604503631591797e+00
6.301815986633300781e+00 1.461077308654785156e+01 2.406551361083984375e+00
6.469362258911132812e+00 1.492486667633056641e+01 2.428528785705566406e+00
6.633760452270507812e+00 1.521713542938232422e+01 2.442939758300781250e+00
6.783701419830322266e+00 1.548074626922607422e+01 2.454150199890136719e+00
6.919021606445312500e+00 1.571558284759521484e+01 2.462248802185058594e+00
7.039726257324218750e+00 1.592182826995849609e+01 2.467343091964721680e+00
7.145972251892089844e+00 1.609995269775390625e+01 2.469564199447631836e+00
7.238058090209960938e+00 1.625068855285644531e+01 2.469058990478515625e+00
7.316413402557373047e+00 1.637501716613769531e+01 2.465987682342529297e+00
7.381591796875000000e+00 1.647414398193359375e+01 2.460530519485473633e+00
7.434246063232421875e+00 1.654946136474609375e+01 2.452873468399047852e+00
7.475127696990966797e+00 1.660253906250000000e+01 2.443216085433959961e+00
7.505058288574218750e+00 1.663508224487304688e+01 2.431763648986816406e+00
7.525368213653564453e+00 1.664894294738769531e+01 2.418630123138427734e+00
7.581484317779541016e+00 1.666313362121582031e+01 2.403525590896606445e+00
7.641569614410400391e+00 1.667143440246582031e+01 2.389994144439697266e+00
7.691680431365966797e+00 1.666551208496093750e+01 2.375359058380126953e+00
7.733191490173339844e+00 1.664754104614257812e+01 2.359850406646728516e+00
7.767458438873291016e+00 1.661966133117675781e+01 2.343692541122436523e+00
7.795785427093505859e+00 1.658394050598144531e+01 2.327092409133911133e+00
7.819412708282470703e+00 1.654234313964843750e+01 2.310240983963012695e+00
7.839509963989257812e+00 1.649669075012207031e+01 2.293304681777954102e+00
7.857158660888671875e+00 1.644865417480468750e+01 2.276424884796142578e+00
7.873344421386718750e+00 1.639971733093261719e+01 2.259712457656860352e+00
7.888941764831542969e+00 1.635114479064941406e+01 2.243241786956787109e+00
7.904719352722167969e+00 1.630397224426269531e+01 2.227050542831420898e+00
7.921318054199218750e+00 1.625898170471191406e+01 2.211135625839233398e+00
7.939260482788085938e+00 1.621669578552246094e+01 2.195451736450195312e+00
7.958936214447021484e+00 1.617735862731933594e+01 2.179908990859985352e+00
7.980601310729980469e+00 1.614093017578125000e+01 2.164374589920043945e+00
8.013574600219726562e+00 1.609499359130859375e+01 2.149572134017944336e+00
8.067234992980957031e+00 1.605502510070800781e+01 2.132513761520385742e+00
8.122971534729003906e+00 1.601644134521484375e+01 2.114792346954345703e+00
8.181183815002441406e+00 1.597824192047119141e+01 2.096067905426025391e+00
8.224089622497558594e+00 1.594719409942626953e+01 2.082962989807128906e+00
8.252936363220214844e+00 1.592817211151123047e+01 2.079378843307495117e+00
8.282826423645019531e+00 1.590723705291748047e+01 2.075046062469482422e+00
8.313370704650878906e+00 1.588283252716064453e+01 2.069768667221069336e+00
8.344090461730957031e+00 1.585330104827880859e+01 2.063344717025756836e+00
8.374421119689941406e+00 1.581691074371337891e+01 2.055571317672729492e+00
8.403731346130371094e+00 1.577191162109375000e+01 2.046251058578491211e+00
8.431321144104003906e+00 1.571657657623291016e+01 2.035197973251342773e+00
8.456438064575195312e+00 1.564924907684326172e+01 2.022243499755859375e+00
8.478288650512695312e+00 1.556838035583496094e+01 2.007239103317260742e+00
8.496059417724609375e+00 1.547259235382080078e+01 1.990068793296813965e+00
8.508934974670410156e+00 1.536071395874023438e+01 1.970645308494567871e+00
8.525589942932128906e+00 1.525337123870849609e+01 1.958410143852233887e+00
8.536459922790527344e+00 1.512992954254150391e+01 1.944550395011901855e+00
8.540650367736816406e+00 1.498964786529541016e+01 1.928921341896057129e+00
8.537460327148437500e+00 1.483239650726318359e+01 1.911533236503601074e+00
8.526265144348144531e+00 1.465836238861083984e+01 1.892428755760192871e+00
8.506551742553710938e+00 1.446808338165283203e+01 1.871678948402404785e+00
8.477926254272460938e+00 1.426245212554931641e+01 1.849394440650939941e+00
8.440135955810546875e+00 1.404270839691162109e+01 1.825713276863098145e+00
8.393082618713378906e+00 1.381043910980224609e+01 1.800806879997253418e+00
8.334402084350585938e+00 1.358387947082519531e+01 1.775590062141418457e+00
8.262876510620117188e+00 1.337503719329833984e+01 1.750718235969543457e+00
8.183146476745605469e+00 1.315794563293457031e+01 1.725196957588195801e+00
8.095871925354003906e+00 1.293475627899169922e+01 1.699269652366638184e+00
8.001881599426269531e+00 1.270782089233398438e+01 1.673195481300354004e+00
7.956413269042968750e+00 1.256654357910156250e+01 1.648265004158020020e+00
7.929544448852539062e+00 1.246014118194580078e+01 1.626134753227233887e+00
7.894310474395751953e+00 1.235038471221923828e+01 1.604328036308288574e+00
7.851076602935791016e+00 1.223850822448730469e+01 1.583075165748596191e+00
7.797420501708984375e+00 1.212665653228759766e+01 1.564372658729553223e+00
7.725184917449951172e+00 1.201869010925292969e+01 1.553759932518005371e+00
7.649273872375488281e+00 1.191186714172363281e+01 1.542837977409362793e+00
7.570646286010742188e+00 1.180746555328369141e+01 1.531708121299743652e+00
7.490293502807617188e+00 1.170672702789306641e+01 1.520468831062316895e+00
7.409219741821289062e+00 1.161082553863525391e+01 1.509222388267517090e+00
7.328428268432617188e+00 1.152084922790527344e+01 1.498064637184143066e+00
7.248889446258544922e+00 1.143776988983154297e+01 1.487089037895202637e+00
7.171531677246093750e+00 1.136244487762451172e+01 1.476386666297912598e+00
7.097211837768554688e+00 1.129557323455810547e+01 1.466037154197692871e+00
7.026716232299804688e+00 1.123771095275878906e+01 1.456116557121276855e+00
6.960734367370605469e+00 1.118924999237060547e+01 1.446690440177917480e+00
6.891953468322753906e+00 1.117660140991210938e+01 1.443443417549133301e+00
6.826097965240478516e+00 1.121737098693847656e+01 1.450054764747619629e+00
6.766222953796386719e+00 1.127052974700927734e+01 1.457894682884216309e+00
6.712674617767333984e+00 1.133500385284423828e+01 1.466817259788513184e+00
6.665675163269042969e+00 1.140960407257080078e+01 1.476670384407043457e+00
6.625332832336425781e+00 1.149304866790771484e+01 1.487301707267761230e+00
6.590790271759033203e+00 1.158419704437255859e+01 1.499053835868835449e+00
6.570789337158203125e+00 1.170284366607666016e+01 1.514030814170837402e+00
6.608016490936279297e+00 1.190987205505371094e+01 1.530198693275451660e+00
6.651169776916503906e+00 1.212111377716064453e+01 1.546900629997253418e+00
6.699325561523437500e+00 1.233416080474853516e+01 1.563953518867492676e+00
6.761903762817382812e+00 1.257030200958251953e+01 1.591549754142761230e+00
6.827109336853027344e+00 1.280276966094970703e+01 1.618661046028137207e+00
6.893872261047363281e+00 1.302933597564697266e+01 1.644993185997009277e+00
6.961293697357177734e+00 1.324830436706542969e+01 1.670397400856018066e+00
7.028538703918457031e+00 1.345824909210205078e+01 1.694763541221618652e+00
7.078857898712158203e+00 1.367127609252929688e+01 1.729563117027282715e+00
7.118029594421386719e+00 1.388735008239746094e+01 1.771281123161315918e+00
7.155423164367675781e+00 1.408564853668212891e+01 1.808717370033264160e+00
7.183470726013183594e+00 1.425907039642333984e+01 1.840409874916076660e+00
7.212678909301757812e+00 1.441907596588134766e+01 1.869236826896667480e+00
7.242391109466552734e+00 1.456592082977294922e+01 1.895424008369445801e+00
7.272020339965820312e+00 1.470003509521484375e+01 1.919220328330993652e+00
7.301041603088378906e+00 1.482197284698486328e+01 1.940878272056579590e+00
7.320050239562988281e+00 1.491613101959228516e+01 1.963430285453796387e+00
7.337679862976074219e+00 1.499960803985595703e+01 1.984336256980895996e+00
7.355196952819824219e+00 1.507601928710937500e+01 2.003344297409057617e+00
7.372208595275878906e+00 1.514582633972167969e+01 2.020714282989501953e+00
7.388401985168457031e+00 1.520947933197021484e+01 2.036675930023193359e+00
7.403525829315185547e+00 1.526736545562744141e+01 2.051416397094726562e+00
7.417407035827636719e+00 1.531980991363525391e+01 2.065082311630249023e+00
7.433102607727050781e+00 1.536860466003417969e+01 2.077335119247436523e+00
7.447664737701416016e+00 1.541244697570800781e+01 2.088616132736206055e+00
7.458432197570800781e+00 1.545003128051757812e+01 2.099282026290893555e+00
7.465657234191894531e+00 1.548132801055908203e+01 2.109243154525756836e+00
7.469499111175537109e+00 1.550611019134521484e+01 2.118370056152343750e+00
7.471179008483886719e+00 1.552452373504638672e+01 2.126347064971923828e+00
7.475337028503417969e+00 1.553825473785400391e+01 2.132338523864746094e+00
7.478216648101806641e+00 1.554471778869628906e+01 2.136628627777099609e+00
7.479828357696533203e+00 1.554307270050048828e+01 2.138946294784545898e+00
7.480150222778320312e+00 1.553236293792724609e+01 2.138997316360473633e+00
7.478356361389160156e+00 1.551015567779541016e+01 2.136707782745361328e+00
7.465368270874023438e+00 1.545902729034423828e+01 2.134538650512695312e+00
7.449309825897216797e+00 1.539287471771240234e+01 2.129616498947143555e+00
7.429889678955078125e+00 1.531037998199462891e+01 2.121667623519897461e+00
7.406778335571289062e+00 1.521027660369873047e+01 2.110437631607055664e+00
7.376430988311767578e+00 1.508813571929931641e+01 2.094940662384033203e+00
7.333263397216796875e+00 1.493761157989501953e+01 2.073746919631958008e+00
7.284191608428955078e+00 1.476524829864501953e+01 2.048456430435180664e+00
7.228806495666503906e+00 1.457033920288085938e+01 2.018971681594848633e+00
7.166339397430419922e+00 1.435237407684326172e+01 1.985451102256774902e+00
7.076744079589843750e+00 1.410792827606201172e+01 1.958367228507995605e+00
6.974990844726562500e+00 1.385559272766113281e+01 1.932787299156188965e+00
6.861499786376953125e+00 1.359341335296630859e+01 1.908026814460754395e+00
6.738853454589843750e+00 1.331036376953125000e+01 1.880486130714416504e+00
6.607239246368408203e+00 1.300736713409423828e+01 1.850268483161926270e+00
6.467880249023437500e+00 1.268774414062500000e+01 1.818436980247497559e+00
6.327178955078125000e+00 1.236658954620361328e+01 1.791131138801574707e+00
6.179027557373046875e+00 1.203056812286376953e+01 1.761884570121765137e+00
6.024094581604003906e+00 1.168172550201416016e+01 1.730900406837463379e+00
5.863175392150878906e+00 1.132236194610595703e+01 1.698413968086242676e+00
5.769618988037109375e+00 1.107232761383056641e+01 1.665344357490539551e+00
5.688682556152343750e+00 1.084404277801513672e+01 1.631466865539550781e+00
5.604947090148925781e+00 1.061361217498779297e+01 1.596935391426086426e+00
5.518913269042968750e+00 1.038292026519775391e+01 1.562060117721557617e+00
5.431153774261474609e+00 1.015392875671386719e+01 1.527163267135620117e+00
5.342295169830322266e+00 9.928650856018066406e+00 1.492572546005249023e+00
5.253022670745849609e+00 9.709127426147460938e+00 1.458616018295288086e+00
5.164063930511474609e+00 9.497398376464843750e+00 1.425619721412658691e+00
5.076177597045898438e+00 9.295474052429199219e+00 1.393899679183959961e+00
4.990147113800048828e+00 9.105305671691894531e+00 1.363762021064758301e+00
4.897891998291015625e+00 8.927300453186035156e+00 1.340203762054443359e+00
4.803121566772460938e+00 8.763699531555175781e+00 1.321943759918212891e+00
4.713182926177978516e+00 8.617207527160644531e+00 1.305741310119628906e+00
4.628949642181396484e+00 8.489304542541503906e+00 1.291746258735656738e+00
4.539903640747070312e+00 8.356167793273925781e+00 1.275289654731750488e+00
4.439177036285400391e+00 8.201972007751464844e+00 1.253237485885620117e+00
4.355072975158691406e+00 8.088743209838867188e+00 1.237311840057373047e+00
4.288408279418945312e+00 8.017578125000000000e+00 1.227630019187927246e+00
4.239805698394775391e+00 7.989119529724121094e+00 1.224238991737365723e+00
4.208963871002197266e+00 8.003730773925781250e+00 1.227539062500000000e+00
4.193079471588134766e+00 8.061877250671386719e+00 1.239198088645935059e+00
4.198742866516113281e+00 8.161175727844238281e+00 1.255206584930419922e+00
4.225702762603759766e+00 8.300439834594726562e+00 1.275361299514770508e+00
4.233884334564208984e+00 8.407819747924804688e+00 1.289817214012145996e+00
4.244309425354003906e+00 8.519869804382324219e+00 1.303551793098449707e+00
4.265080928802490234e+00 8.650240898132324219e+00 1.318428516387939453e+00
4.290723800659179688e+00 8.797375679016113281e+00 1.333757638931274414e+00
4.300483703613281250e+00 8.959599494934082031e+00 1.348025918006896973e+00
4.326541900634765625e+00 9.190071105957031250e+00 1.394010066986083984e+00
4.401060581207275391e+00 9.467928886413574219e+00 1.452498078346252441e+00
4.507652759552001953e+00 9.772863388061523438e+00 1.516418933868408203e+00
4.618959903717041016e+00 1.008418369293212891e+01 1.580270886421203613e+00
4.733884811401367188e+00 1.039921283721923828e+01 1.643563985824584961e+00
4.851341724395751953e+00 1.071534252166748047e+01 1.705835461616516113e+00
4.970265865325927734e+00 1.103005886077880859e+01 1.766649961471557617e+00
5.089631557464599609e+00 1.134096908569335938e+01 1.825604915618896484e+00
5.252158641815185547e+00 1.175919246673583984e+01 1.890607953071594238e+00
5.471764564514160156e+00 1.217518424987792969e+01 1.936082839965820312e+00
5.675642967224121094e+00 1.256996059417724609e+01 1.977462172508239746e+00
5.857208251953125000e+00 1.293870162963867188e+01 2.020427465438842773e+00
5.961564540863037109e+00 1.323569393157958984e+01 2.078562736511230469e+00
6.061333656311035156e+00 1.351860523223876953e+01 2.132777214050292969e+00
6.156095981597900391e+00 1.378609561920166016e+01 2.182773113250732422e+00
6.288046360015869141e+00 1.406177520751953125e+01 2.211615085601806641e+00
6.415725708007812500e+00 1.432068634033203125e+01 2.235191345214843750e+00
6.532856941223144531e+00 1.455847454071044922e+01 2.255651473999023438e+00
6.639096260070800781e+00 1.477435302734375000e+01 2.272857904434204102e+00
6.734185218811035156e+00 1.496768093109130859e+01 2.286676883697509766e+00
6.817940711975097656e+00 1.513794517517089844e+01 2.296969652175903320e+00
6.890237331390380859e+00 1.528473949432373047e+01 2.303601026535034180e+00
6.951006889343261719e+00 1.540776252746582031e+01 2.306432962417602539e+00
7.000216484069824219e+00 1.550677108764648438e+01 2.305333614349365234e+00
7.037871360778808594e+00 1.558160305023193359e+01 2.300171852111816406e+00
7.089895725250244141e+00 1.565437412261962891e+01 2.298717260360717773e+00
7.151891708374023438e+00 1.571290397644042969e+01 2.293965578079223633e+00
7.235275268554687500e+00 1.575002670288085938e+01 2.278012275695800781e+00
7.310232162475585938e+00 1.576361751556396484e+01 2.257339715957641602e+00
7.376992225646972656e+00 1.575380802154541016e+01 2.231886148452758789e+00
7.435729026794433594e+00 1.572076606750488281e+01 2.201622962951660156e+00
7.486536026000976562e+00 1.566470336914062500e+01 2.166555166244506836e+00
7.529428482055664062e+00 1.558588123321533203e+01 2.126730680465698242e+00
7.564358234405517578e+00 1.548463058471679688e+01 2.082247495651245117e+00
7.703072547912597656e+00 1.542841053009033203e+01 2.024226665496826172e+00
7.786535263061523438e+00 1.536754322052001953e+01 2.001124858856201172e+00
7.842778205871582031e+00 1.527171421051025391e+01 1.986210465431213379e+00
7.886123657226562500e+00 1.515243816375732422e+01 1.969467282295227051e+00
7.907407760620117188e+00 1.499814891815185547e+01 1.945969223976135254e+00
7.923019409179687500e+00 1.482665538787841797e+01 1.919840216636657715e+00
7.936527252197265625e+00 1.464784240722656250e+01 1.895171999931335449e+00
7.953379631042480469e+00 1.447601318359375000e+01 1.877961277961730957e+00
7.963646888732910156e+00 1.429062271118164062e+01 1.858803391456604004e+00
7.966960906982421875e+00 1.409294795989990234e+01 1.837851881980895996e+00
7.963038444519042969e+00 1.388447284698486328e+01 1.815286278724670410e+00
7.951673507690429688e+00 1.366688442230224609e+01 1.791319727897644043e+00
7.932762145996093750e+00 1.344205951690673828e+01 1.766188502311706543e+00
7.906320571899414062e+00 1.321207046508789062e+01 1.740156531333923340e+00
7.872484207153320312e+00 1.297913932800292969e+01 1.713508725166320801e+00
7.831514358520507812e+00 1.274563980102539062e+01 1.686547398567199707e+00
7.783807754516601562e+00 1.251405429840087891e+01 1.659587025642395020e+00
7.725471973419189453e+00 1.231662368774414062e+01 1.634250760078430176e+00
7.661452293395996094e+00 1.212704849243164062e+01 1.609599471092224121e+00
7.630627632141113281e+00 1.200227069854736328e+01 1.586031317710876465e+00
7.620654582977294922e+00 1.191982269287109375e+01 1.565440535545349121e+00
7.587506294250488281e+00 1.184184837341308594e+01 1.555541157722473145e+00
7.543334960937500000e+00 1.176327800750732422e+01 1.547859787940979004e+00
7.493310928344726562e+00 1.168380451202392578e+01 1.539759278297424316e+00
7.438154697418212891e+00 1.160445499420166016e+01 1.531354308128356934e+00
7.378655433654785156e+00 1.152625751495361328e+01 1.522759079933166504e+00
7.315655231475830078e+00 1.145021343231201172e+01 1.514087080955505371e+00
7.250030040740966797e+00 1.137729644775390625e+01 1.505447983741760254e+00
7.182670593261718750e+00 1.130840587615966797e+01 1.496943354606628418e+00
7.114470958709716797e+00 1.124438095092773438e+01 1.488669037818908691e+00
7.048192024230957031e+00 1.119250583648681641e+01 1.482068181037902832e+00
6.974780082702636719e+00 1.119364070892333984e+01 1.485829472541809082e+00
6.902980804443359375e+00 1.120648193359375000e+01 1.491091370582580566e+00
6.833600997924804688e+00 1.123060512542724609e+01 1.497732043266296387e+00
6.767376899719238281e+00 1.126542663574218750e+01 1.505610108375549316e+00
6.704943656921386719e+00 1.131022357940673828e+01 1.514569163322448730e+00
6.646857738494873047e+00 1.136416053771972656e+01 1.524443507194519043e+00
6.650074958801269531e+00 1.151086807250976562e+01 1.533365368843078613e+00
6.667796134948730469e+00 1.167877483367919922e+01 1.542571425437927246e+00
6.693326950073242188e+00 1.185643291473388672e+01 1.552094817161560059e+00
6.709197998046875000e+00 1.204567432403564453e+01 1.571589827537536621e+00
6.729952812194824219e+00 1.224036884307861328e+01 1.591978907585144043e+00
6.755477905273437500e+00 1.243808555603027344e+01 1.612719655036926270e+00
6.790854454040527344e+00 1.264962196350097656e+01 1.639300704002380371e+00
6.833676338195800781e+00 1.286896800994873047e+01 1.669765591621398926e+00
6.863389015197753906e+00 1.308113193511962891e+01 1.707335829734802246e+00
6.893540382385253906e+00 1.328663063049316406e+01 1.744208216667175293e+00
1.826443314552307129e+00 2.491518020629882812e+00 5.968272686004638672e-01
1.826641321182250977e+00 2.499219894409179688e+00 5.967770814895629883e-01
1.827173709869384766e+00 2.507261037826538086e+00 5.967866778373718262e-01
1.828042984008789062e+00 2.515587806701660156e+00 5.968562960624694824e-01
1.829246282577514648e+00 2.524142026901245117e+00 5.969856977462768555e-01
1.830774784088134766e+00 2.532857418060302734e+00 5.971732735633850098e-01
1.832616806030273438e+00 2.541669368743896484e+00 5.974171757698059082e-01
1.834751129150390625e+00 2.550506591796875000e+00 5.977143645286560059e-01
1.837156176567077637e+00 2.559296846389770508e+00 5.980604887008666992e-01
1.839803218841552734e+00 2.567968130111694336e+00 5.984513163566589355e-01
1.842659711837768555e+00 2.576446533203125000e+00 5.988807082176208496e-01
1.845689892768859863e+00 2.584660291671752930e+00 5.993429422378540039e-01
1.848853707313537598e+00 2.592538833618164062e+00 5.998312234878540039e-01
1.852108955383300781e+00 2.600013732910156250e+00 6.003384590148925781e-01
1.855410099029541016e+00 2.607018470764160156e+00 6.008572578430175781e-01
1.858710646629333496e+00 2.613493680953979492e+00 6.013803482055664062e-01
1.861962914466857910e+00 2.619382143020629883e+00 6.019003987312316895e-01
1.865118026733398438e+00 2.624633789062500000e+00 6.024106144905090332e-01
1.868127584457397461e+00 2.629205465316772461e+00 6.029042601585388184e-01
1.870945453643798828e+00 2.633060455322265625e+00 6.033758521080017090e-01
1.873524665832519531e+00 2.636168956756591797e+00 6.038196682929992676e-01
1.875822424888610840e+00 2.638513326644897461e+00 6.042314171791076660e-01
1.877798557281494141e+00 2.640079498291015625e+00 6.046078205108642578e-01
1.879416823387145996e+00 2.640865564346313477e+00 6.049460768699645996e-01
1.880645394325256348e+00 2.640877723693847656e+00 6.052439212799072266e-01
1.880423188209533691e+00 2.639626502990722656e+00 6.057523488998413086e-01
1.879441738128662109e+00 2.637481212615966797e+00 6.062977313995361328e-01
1.877963423728942871e+00 2.634606599807739258e+00 6.068125367164611816e-01
1.875982165336608887e+00 2.631041526794433594e+00 6.072974801063537598e-01
1.873498320579528809e+00 2.626830577850341797e+00 6.077529788017272949e-01
1.870517253875732422e+00 2.622020721435546875e+00 6.081802248954772949e-01
1.867050170898437500e+00 2.616666316986083984e+00 6.085807085037231445e-01
1.863113880157470703e+00 2.610822677612304688e+00 6.089560985565185547e-01
1.858729362487792969e+00 2.604547977447509766e+00 6.093086004257202148e-01
1.853921651840209961e+00 2.597901582717895508e+00 6.096406579017639160e-01
1.848718881607055664e+00 2.590943336486816406e+00 6.099534630775451660e-01
1.843153238296508789e+00 2.583733320236206055e+00 6.102502942085266113e-01
1.837256193161010742e+00 2.576330661773681641e+00 6.105324625968933105e-01
1.831063032150268555e+00 2.568795680999755859e+00 6.108030676841735840e-01
1.824606418609619141e+00 2.561184406280517578e+00 6.110640168190002441e-01
1.817921638488769531e+00 2.553555011749267578e+00 6.113173961639404297e-01
1.811040878295898438e+00 2.545962572097778320e+00 6.115658283233642578e-01
1.803997039794921875e+00 2.538464546203613281e+00 6.118111610412597656e-01
1.796819925308227539e+00 2.531113147735595703e+00 6.120554804801940918e-01
1.789538979530334473e+00 2.523964881896972656e+00 6.123015284538269043e-01
1.782182574272155762e+00 2.517072916030883789e+00 6.125506162643432617e-01
1.774776220321655273e+00 2.510489940643310547e+00 6.128053665161132812e-01
1.767345428466796875e+00 2.504270553588867188e+00 6.130672693252563477e-01
1.759914159774780273e+00 2.498465776443481445e+00 6.133382320404052734e-01
1.752506732940673828e+00 2.493127822875976562e+00 6.136195659637451172e-01
1.745146870613098145e+00 2.488304853439331055e+00 6.139131784439086914e-01
1.737858057022094727e+00 2.484042882919311523e+00 6.142197251319885254e-01
1.730664134025573730e+00 2.480383634567260742e+00 6.145401000976562500e-01
1.723588705062866211e+00 2.477364540100097656e+00 6.148751378059387207e-01
1.716657876968383789e+00 2.475014686584472656e+00 6.152251958847045898e-01
1.709894657135009766e+00 2.473357439041137695e+00 6.155901551246643066e-01
1.703325271606445312e+00 2.472407341003417969e+00 6.159703135490417480e-01
1.696974396705627441e+00 2.472168922424316406e+00 6.163652539253234863e-01
1.690866470336914062e+00 2.472636222839355469e+00 6.167741417884826660e-01
1.685026168823242188e+00 2.473793745040893555e+00 6.171969175338745117e-01
1.679476022720336914e+00 2.475617408752441406e+00 6.176332831382751465e-01
1.674237132072448730e+00 2.478069305419921875e+00 6.180824041366577148e-01
1.669329404830932617e+00 2.481106519699096680e+00 6.185441017150878906e-01
1.664768457412719727e+00 2.484675884246826172e+00 6.190184950828552246e-01
1.660569548606872559e+00 2.488719463348388672e+00 6.195058226585388184e-01
1.656742095947265625e+00 2.493172883987426758e+00 6.200066804885864258e-01
1.652607917785644531e+00 2.496163368225097656e+00 6.217370629310607910e-01
1.648742914199829102e+00 2.499133110046386719e+00 6.236823797225952148e-01
1.645268082618713379e+00 2.502334833145141602e+00 6.256283521652221680e-01
1.642182588577270508e+00 2.505717992782592773e+00 6.275683641433715820e-01
1.639480590820312500e+00 2.509231805801391602e+00 6.294965744018554688e-01
1.637151002883911133e+00 2.512830734252929688e+00 6.314087510108947754e-01
1.635176420211791992e+00 2.516472578048706055e+00 6.333024501800537109e-01
1.633536338806152344e+00 2.520123243331909180e+00 6.351763010025024414e-01
1.632202386856079102e+00 2.523752689361572266e+00 6.370309591293334961e-01
1.631142377853393555e+00 2.527335166931152344e+00 6.388667821884155273e-01
1.630321145057678223e+00 2.530854225158691406e+00 6.406867504119873047e-01
1.629697799682617188e+00 2.534298419952392578e+00 6.424931287765502930e-01
1.629228949546813965e+00 2.537659645080566406e+00 6.442891359329223633e-01
1.628868103027343750e+00 2.540934324264526367e+00 6.460772752761840820e-01
1.628569364547729492e+00 2.544125556945800781e+00 6.478598713874816895e-01
1.628282546997070312e+00 2.547232866287231445e+00 6.496381163597106934e-01
1.627959966659545898e+00 2.550260305404663086e+00 6.514117121696472168e-01
1.627555131912231445e+00 2.553209066390991211e+00 6.531789898872375488e-01
1.627022504806518555e+00 2.556079149246215820e+00 6.549360156059265137e-01
1.626462221145629883e+00 2.558986186981201172e+00 6.569299697875976562e-01
1.625811576843261719e+00 2.561902999877929688e+00 6.591098904609680176e-01
1.625285148620605469e+00 2.566333293914794922e+00 6.612145900726318359e-01
1.624562263488769531e+00 2.570980787277221680e+00 6.632521748542785645e-01
1.623541951179504395e+00 2.575482606887817383e+00 6.652120351791381836e-01
1.622203350067138672e+00 2.579777479171752930e+00 6.670777797698974609e-01
1.620528459548950195e+00 2.583791494369506836e+00 6.688292622566223145e-01
1.618507623672485352e+00 2.587443351745605469e+00 6.704451441764831543e-01
1.616134166717529297e+00 2.590641975402832031e+00 6.719036102294921875e-01
1.613412141799926758e+00 2.593294620513916016e+00 6.731818914413452148e-01
1.610349535942077637e+00 2.595305919647216797e+00 6.742583513259887695e-01
1.606961965560913086e+00 2.596583843231201172e+00 6.751109361648559570e-01
1.603272080421447754e+00 2.597039222717285156e+00 6.757212877273559570e-01
1.599307537078857422e+00 2.596595287322998047e+00 6.760722994804382324e-01
1.595103502273559570e+00 2.595185756683349609e+00 6.761504411697387695e-01
1.590698361396789551e+00 2.592757701873779297e+00 6.759457588195800781e-01
1.586136937141418457e+00 2.589279890060424805e+00 6.754528880119323730e-01
1.581465959548950195e+00 2.584736108779907227e+00 6.746713519096374512e-01
1.576736450195312500e+00 2.579136371612548828e+00 6.736047863960266113e-01
1.572000145912170410e+00 2.572510242462158203e+00 6.722629666328430176e-01
1.567310690879821777e+00 2.564911842346191406e+00 6.706595420837402344e-01
1.563215255737304688e+00 2.558565139770507812e+00 6.687793135643005371e-01
1.559878110885620117e+00 2.554058313369750977e+00 6.666384935379028320e-01
1.556848764419555664e+00 2.549328565597534180e+00 6.642998456954956055e-01
1.554162263870239258e+00 2.544456481933593750e+00 6.617974042892456055e-01
1.551844954490661621e+00 2.539523839950561523e+00 6.591659188270568848e-01
1.549919128417968750e+00 2.534618616104125977e+00 6.564443707466125488e-01
1.548396944999694824e+00 2.529824733734130859e+00 6.536721587181091309e-01
1.547284126281738281e+00 2.525227069854736328e+00 6.508905291557312012e-01
1.546860694885253906e+00 2.521142482757568359e+00 6.486431956291198730e-01
1.546871066093444824e+00 2.517436504364013672e+00 6.465363502502441406e-01
1.547252178192138672e+00 2.514133453369140625e+00 6.445272564888000488e-01
1.547971487045288086e+00 2.511280536651611328e+00 6.426438093185424805e-01
1.548990249633789062e+00 2.508913040161132812e+00 6.409124732017517090e-01
1.550262689590454102e+00 2.507052898406982422e+00 6.393558382987976074e-01
1.551735639572143555e+00 2.505707740783691406e+00 6.379937529563903809e-01
1.553353548049926758e+00 2.504873991012573242e+00 6.368436217308044434e-01
1.555054545402526855e+00 2.504531145095825195e+00 6.359189152717590332e-01
1.556774258613586426e+00 2.504648685455322266e+00 6.352303028106689453e-01
1.558449983596801758e+00 2.505187034606933594e+00 6.347850561141967773e-01
1.560014963150024414e+00 2.506094217300415039e+00 6.345875859260559082e-01
1.561407327651977539e+00 2.507314682006835938e+00 6.346399188041687012e-01
1.562567591667175293e+00 2.508787155151367188e+00 6.349411606788635254e-01
1.563441872596740723e+00 2.510449647903442383e+00 6.354891657829284668e-01
1.563983678817749023e+00 2.512242078781127930e+00 6.362794041633605957e-01
1.564153790473937988e+00 2.514106750488281250e+00 6.373055577278137207e-01
1.563923001289367676e+00 2.515995025634765625e+00 6.385610103607177734e-01
1.563274025917053223e+00 2.517866134643554688e+00 6.400381326675415039e-01
1.562199711799621582e+00 2.519691228866577148e+00 6.417285203933715820e-01
1.560706019401550293e+00 2.521453142166137695e+00 6.436237096786499023e-01
1.558811664581298828e+00 2.523149967193603516e+00 6.457152366638183594e-01
1.556547284126281738e+00 2.524795532226562500e+00 6.479953527450561523e-01
1.553955316543579102e+00 2.526414155960083008e+00 6.504557132720947266e-01
1.551088333129882812e+00 2.528047323226928711e+00 6.530884504318237305e-01
1.548011302947998047e+00 2.529748678207397461e+00 6.558865308761596680e-01
1.544794082641601562e+00 2.531580209732055664e+00 6.588421463966369629e-01
1.541567564010620117e+00 2.533662080764770508e+00 6.620436310768127441e-01
1.538719296455383301e+00 2.536325454711914062e+00 6.660287380218505859e-01
1.535994052886962891e+00 2.539368629455566406e+00 6.701833009719848633e-01
1.533474445343017578e+00 2.542868614196777344e+00 6.744953989982604980e-01
1.531240105628967285e+00 2.546900749206542969e+00 6.789524555206298828e-01
1.529701471328735352e+00 2.552989244461059570e+00 6.835163831710815430e-01
1.529466152191162109e+00 2.563543796539306641e+00 6.881330013275146484e-01
1.529662370681762695e+00 2.574560165405273438e+00 6.928494572639465332e-01
1.530335783958435059e+00 2.586065053939819336e+00 6.976458430290222168e-01
1.531520366668701172e+00 2.598070859909057617e+00 7.024988532066345215e-01
1.533235788345336914e+00 2.610572814941406250e+00 7.073829770088195801e-01
1.535486221313476562e+00 2.623548507690429688e+00 7.122699618339538574e-01
1.538259983062744141e+00 2.636957645416259766e+00 7.171294093132019043e-01
1.541526317596435547e+00 2.650738477706909180e+00 7.219285964965820312e-01
1.545240402221679688e+00 2.664807081222534180e+00 7.266334295272827148e-01
1.549338102340698242e+00 2.679059743881225586e+00 7.312082648277282715e-01
1.553740143775939941e+00 2.693373203277587891e+00 7.356171607971191406e-01
1.558353304862976074e+00 2.707611083984375000e+00 7.398250699043273926e-01
1.563071012496948242e+00 2.721621990203857422e+00 7.437976002693176270e-01
1.567777395248413086e+00 2.735246896743774414e+00 7.475033402442932129e-01
1.572349429130554199e+00 2.748323917388916016e+00 7.509133815765380859e-01
1.576660871505737305e+00 2.760692119598388672e+00 7.540051937103271484e-01
1.580585002899169922e+00 2.772199630737304688e+00 7.567598819732666016e-01
1.583998441696166992e+00 2.782708644866943359e+00 7.591671347618103027e-01
1.586786389350891113e+00 2.792102813720703125e+00 7.612237930297851562e-01
1.588844776153564453e+00 2.800291061401367188e+00 7.629362940788269043e-01
1.590086460113525391e+00 2.807216644287109375e+00 7.643205523490905762e-01
1.590442657470703125e+00 2.812861442565917969e+00 7.654025554656982422e-01
1.589867830276489258e+00 2.817246913909912109e+00 7.662194967269897461e-01
1.588341236114501953e+00 2.820440769195556641e+00 7.668200135231018066e-01
1.585870027542114258e+00 2.822560310363769531e+00 7.672635912895202637e-01
1.582491874694824219e+00 2.823773622512817383e+00 7.676203846931457520e-01
1.578272461891174316e+00 2.824295282363891602e+00 7.679726481437683105e-01
1.573311090469360352e+00 2.824393749237060547e+00 7.684113383293151855e-01
1.567736744880676270e+00 2.824381589889526367e+00 7.690371274948120117e-01
1.561707139015197754e+00 2.824617862701416016e+00 7.699592113494873047e-01
1.555407524108886719e+00 2.825500965118408203e+00 7.712936401367187500e-01
1.549049496650695801e+00 2.827465057373046875e+00 7.731629610061645508e-01
1.542863845825195312e+00 2.830972671508789062e+00 7.756929397583007812e-01
1.537102341651916504e+00 2.836509466171264648e+00 7.790123820304870605e-01
1.532028079032897949e+00 2.844573497772216797e+00 7.832509279251098633e-01
1.527913570404052734e+00 2.855669260025024414e+00 7.885364294052124023e-01
1.525058269500732422e+00 2.860075950622558594e+00 7.941908836364746094e-01
1.523826360702514648e+00 2.818918704986572266e+00 7.972390651702880859e-01
1.524383306503295898e+00 2.776555061340332031e+00 8.012439012527465820e-01
1.529949426651000977e+00 2.774775505065917969e+00 8.113756179809570312e-01
1.538761615753173828e+00 2.786162853240966797e+00 8.243169188499450684e-01
1.563335418701171875e+00 2.826325416564941406e+00 8.370602726936340332e-01
1.625612854957580566e+00 2.955361366271972656e+00 8.485581874847412109e-01
1.678850889205932617e+00 3.146440029144287109e+00 8.708596825599670410e-01
1.705653429031372070e+00 3.557094097137451172e+00 9.307886958122253418e-01
1.679061055183410645e+00 4.081015586853027344e+00 1.005363583564758301e+00
1.649597644805908203e+00 4.661127567291259766e+00 1.096191048622131348e+00
1.739603281021118164e+00 5.139335632324218750e+00 1.246860384941101074e+00
1.897941827774047852e+00 5.688835144042968750e+00 1.352264761924743652e+00
2.055923938751220703e+00 6.249081611633300781e+00 1.446556448936462402e+00
2.220316886901855469e+00 6.834452629089355469e+00 1.544469952583312988e+00
2.471129179000854492e+00 7.449064254760742188e+00 1.628542184829711914e+00
2.676626205444335938e+00 7.986317634582519531e+00 1.731553077697753906e+00
2.870576620101928711e+00 8.524736404418945312e+00 1.841039657592773438e+00
3.066023111343383789e+00 9.072463989257812500e+00 1.952601671218872070e+00
3.226899385452270508e+00 9.547155380249023438e+00 2.052705764770507812e+00
3.343453645706176758e+00 9.926405906677246094e+00 2.137647867202758789e+00
3.456480026245117188e+00 1.030299663543701172e+01 2.222614526748657227e+00
3.564873218536376953e+00 1.067409324645996094e+01 2.307101964950561523e+00
3.667595148086547852e+00 1.103694820404052734e+01 2.390619039535522461e+00
3.763696432113647461e+00 1.138894557952880859e+01 2.472691535949707031e+00
3.852330923080444336e+00 1.172764301300048828e+01 2.552869558334350586e+00
3.932769536972045898e+00 1.205081272125244141e+01 2.630735397338867188e+00
4.004416465759277344e+00 1.235648059844970703e+01 2.705906867980957031e+00
4.066810607910156250e+00 1.264294338226318359e+01 2.778048038482666016e+00
4.107561588287353516e+00 1.288657665252685547e+01 2.841843843460083008e+00
4.138198852539062500e+00 1.310783290863037109e+01 2.901922941207885742e+00
4.159937381744384766e+00 1.330823516845703125e+01 2.958617210388183594e+00
4.172921180725097656e+00 1.348741149902343750e+01 3.011810541152954102e+00
4.177411556243896484e+00 1.364528083801269531e+01 3.061434745788574219e+00
4.173775672912597656e+00 1.378204250335693359e+01 3.107469081878662109e+00
4.162474155426025391e+00 1.389816856384277344e+01 3.149941682815551758e+00
4.144047737121582031e+00 1.399436473846435547e+01 3.188921689987182617e+00
4.119102001190185547e+00 1.407156181335449219e+01 3.224520683288574219e+00
4.088286876678466797e+00 1.413087368011474609e+01 3.256886959075927734e+00
4.052288055419921875e+00 1.417357158660888672e+01 3.286198377609252930e+00
4.011807441711425781e+00 1.420105838775634766e+01 3.312664031982421875e+00
3.967547893524169922e+00 1.421481895446777344e+01 3.336509227752685547e+00
3.920195341110229492e+00 1.421639823913574219e+01 3.357978582382202148e+00
3.870406866073608398e+00 1.420736217498779297e+01 3.377327919006347656e+00
3.818805217742919922e+00 1.418926525115966797e+01 3.394812822341918945e+00
3.765958547592163086e+00 1.416362857818603516e+01 3.410690546035766602e+00
3.712375402450561523e+00 1.413188743591308594e+01 3.425207138061523438e+00
3.658492326736450195e+00 1.409539508819580078e+01 3.438601016998291016e+00
3.604679107666015625e+00 1.405537796020507812e+01 3.451087713241577148e+00
3.551226139068603516e+00 1.401291847229003906e+01 3.462859869003295898e+00
3.498344421386718750e+00 1.396894645690917969e+01 3.474084854125976562e+00
3.446168661117553711e+00 1.392422294616699219e+01 3.484900474548339844e+00
3.394752979278564453e+00 1.387933063507080078e+01 3.495409250259399414e+00
3.344087600708007812e+00 1.383467674255371094e+01 3.505678653717041016e+00
3.294090032577514648e+00 1.379047775268554688e+01 3.515741586685180664e+00
3.244619846343994141e+00 1.374678421020507812e+01 3.525596141815185547e+00
3.195981264114379883e+00 1.370110321044921875e+01 3.534915924072265625e+00
3.147650957107543945e+00 1.365457344055175781e+01 3.543798446655273438e+00
3.099161386489868164e+00 1.360781002044677734e+01 3.552260637283325195e+00
3.050236225128173828e+00 1.356030178070068359e+01 3.560173273086547852e+00
3.000592708587646484e+00 1.351144218444824219e+01 3.567377567291259766e+00
2.949954271316528320e+00 1.346056079864501953e+01 3.573703050613403320e+00
2.898064136505126953e+00 1.340694236755371094e+01 3.578956604003906250e+00
2.844698667526245117e+00 1.334986686706542969e+01 3.582945346832275391e+00
2.789673089981079102e+00 1.328862667083740234e+01 3.585468769073486328e+00
2.732863187789916992e+00 1.322256374359130859e+01 3.586330413818359375e+00
2.674193143844604492e+00 1.315108394622802734e+01 3.585347890853881836e+00
2.613670587539672852e+00 1.307370662689208984e+01 3.582352399826049805e+00
2.551366567611694336e+00 1.299006175994873047e+01 3.577200412750244141e+00
2.480241060256958008e+00 1.289160537719726562e+01 3.567513465881347656e+00
2.406995773315429688e+00 1.278575611114501953e+01 3.555242776870727539e+00
2.332531690597534180e+00 1.267330837249755859e+01 3.540534019470214844e+00
2.257273912429809570e+00 1.255459308624267578e+01 3.523393154144287109e+00
2.181714296340942383e+00 1.243012619018554688e+01 3.503879785537719727e+00
2.106412172317504883e+00 1.230059814453125000e+01 3.482093334197998047e+00
2.031981229782104492e+00 1.216688728332519531e+01 3.458185434341430664e+00
1.959073781967163086e+00 1.203002071380615234e+01 3.432353258132934570e+00
1.866945505142211914e+00 1.187362384796142578e+01 3.409862041473388672e+00
1.768651366233825684e+00 1.166195011138916016e+01 3.382443666458129883e+00
1.725857853889465332e+00 1.149502086639404297e+01 3.350535154342651367e+00
1.716944217681884766e+00 1.139477634429931641e+01 3.328649044036865234e+00
1.709948062896728516e+00 1.131841564178466797e+01 3.313044309616088867e+00
1.706785559654235840e+00 1.124307346343994141e+01 3.296808481216430664e+00
1.705775260925292969e+00 1.116859722137451172e+01 3.279903411865234375e+00
1.705238461494445801e+00 1.109487056732177734e+01 3.262306451797485352e+00
1.705293416976928711e+00 1.102318572998046875e+01 3.244463920593261719e+00
1.707266807556152344e+00 1.095760440826416016e+01 3.228060245513916016e+00
1.709299564361572266e+00 1.089484500885009766e+01 3.211537599563598633e+00
1.711350202560424805e+00 1.083574581146240234e+01 3.195181846618652344e+00
1.713384270668029785e+00 1.078110218048095703e+01 3.179275274276733398e+00
1.715372562408447266e+00 1.073163223266601562e+01 3.164085626602172852e+00
1.717290759086608887e+00 1.068797683715820312e+01 3.149865388870239258e+00
1.719121336936950684e+00 1.065068721771240234e+01 3.136850357055664062e+00
1.720856785774230957e+00 1.062021732330322266e+01 3.125247955322265625e+00
1.722493767738342285e+00 1.059692382812500000e+01 3.115243911743164062e+00
1.724036216735839844e+00 1.058105468750000000e+01 3.106993675231933594e+00
1.725494027137756348e+00 1.057275867462158203e+01 3.100623607635498047e+00
1.726886272430419922e+00 1.057208251953125000e+01 3.096229314804077148e+00
1.729549884796142578e+00 1.058200454711914062e+01 3.095219850540161133e+00
1.736464977264404297e+00 1.060266208648681641e+01 3.097360372543334961e+00
1.744381070137023926e+00 1.063130760192871094e+01 3.101840734481811523e+00
1.752630829811096191e+00 1.066713619232177734e+01 3.108483076095581055e+00
1.770501136779785156e+00 1.072077178955078125e+01 3.119420766830444336e+00
1.788536906242370605e+00 1.078053760528564453e+01 3.132316350936889648e+00
1.806049823760986328e+00 1.084483432769775391e+01 3.147069692611694336e+00
1.833308219909667969e+00 1.093702697753906250e+01 3.161584854125976562e+00
1.860010862350463867e+00 1.103275585174560547e+01 3.177575826644897461e+00
1.885444164276123047e+00 1.113003444671630859e+01 3.194949626922607422e+00
1.909350752830505371e+00 1.122787952423095703e+01 3.213531494140625000e+00
1.931494235992431641e+00 1.132534313201904297e+01 3.233139038085937500e+00
1.954655766487121582e+00 1.143163776397705078e+01 3.256481409072875977e+00
1.979904651641845703e+00 1.154469585418701172e+01 3.283023834228515625e+00
2.029466390609741211e+00 1.165452003479003906e+01 3.303333282470703125e+00
2.073987960815429688e+00 1.175810146331787109e+01 3.323583602905273438e+00
2.111858129501342773e+00 1.185452938079833984e+01 3.343903303146362305e+00
2.142892360687255859e+00 1.194303798675537109e+01 3.364120244979858398e+00
2.166939496994018555e+00 1.202287960052490234e+01 3.384056806564331055e+00
2.182050943374633789e+00 1.209146404266357422e+01 3.403095722198486328e+00
2.190339803695678711e+00 1.215031719207763672e+01 3.421585321426391602e+00
2.192008495330810547e+00 1.219900989532470703e+01 3.439405679702758789e+00
2.186966657638549805e+00 1.223679828643798828e+01 3.456360578536987305e+00
2.175126075744628906e+00 1.226292800903320312e+01 3.472249031066894531e+00
2.156389236450195312e+00 1.227662944793701172e+01 3.486864089965820312e+00
2.130169868469238281e+00 1.227663326263427734e+01 3.499878168106079102e+00
2.094362497329711914e+00 1.226012516021728516e+01 3.510594129562377930e+00
2.050595998764038086e+00 1.222809696197509766e+01 3.519209623336791992e+00
1.998782873153686523e+00 1.217982101440429688e+01 3.525504112243652344e+00
1.938848614692687988e+00 1.211460876464843750e+01 3.529266357421875000e+00
1.870954036712646484e+00 1.203202056884765625e+01 3.530353069305419922e+00
1.800795793533325195e+00 1.193641853332519531e+01 3.530306577682495117e+00
1.723066806793212891e+00 1.182281684875488281e+01 3.527316808700561523e+00
1.650466561317443848e+00 1.170849514007568359e+01 3.521624565124511719e+00
1.599375247955322266e+00 1.161044216156005859e+01 3.508674144744873047e+00
1.546270012855529785e+00 1.149963092803955078e+01 3.492925405502319336e+00
1.504977941513061523e+00 1.139067649841308594e+01 3.477896451950073242e+00
1.467806935310363770e+00 1.127114868164062500e+01 3.458959817886352539e+00
1.437591075897216797e+00 1.113929462432861328e+01 3.434595108032226562e+00
1.406594038009643555e+00 1.099498558044433594e+01 3.406550645828247070e+00
1.375038385391235352e+00 1.083883571624755859e+01 3.374886989593505859e+00
1.344501256942749023e+00 1.067471027374267578e+01 3.341069459915161133e+00
1.315879464149475098e+00 1.050503444671630859e+01 3.305907011032104492e+00
1.287577748298645020e+00 1.032663249969482422e+01 3.267698049545288086e+00
1.265774965286254883e+00 1.014744567871093750e+01 3.222524166107177734e+00
1.252253293991088867e+00 9.970522880554199219e+00 3.169548988342285156e+00
1.239246368408203125e+00 9.785593986511230469e+00 3.112975358963012695e+00
1.226961612701416016e+00 9.595846176147460938e+00 3.054198741912841797e+00
1.215519309043884277e+00 9.403485298156738281e+00 2.994081497192382812e+00
1.204978585243225098e+00 9.209997177124023438e+00 2.933089494705200195e+00
1.195384621620178223e+00 9.016906738281250000e+00 2.871711492538452148e+00
1.186765432357788086e+00 8.825757026672363281e+00 2.810448646545410156e+00
1.179138183593750000e+00 8.638096809387207031e+00 2.749807834625244141e+00
1.172503352165222168e+00 8.455450057983398438e+00 2.690297365188598633e+00
1.166854143142700195e+00 8.279308319091796875e+00 2.632417201995849609e+00
1.162170886993408203e+00 8.111104011535644531e+00 2.576655387878417969e+00
1.158419370651245117e+00 7.952195167541503906e+00 2.523480176925659180e+00
1.155560612678527832e+00 7.803849220275878906e+00 2.473334074020385742e+00
1.153546214103698730e+00 7.667223930358886719e+00 2.426627397537231445e+00
1.152319669723510742e+00 7.543356895446777344e+00 2.383734941482543945e+00
1.151815056800842285e+00 7.433147430419921875e+00 2.344989061355590820e+00
1.151969432830810547e+00 7.337352752685546875e+00 2.310677766799926758e+00
1.152704596519470215e+00 7.256574630737304688e+00 2.281041860580444336e+00
1.153945446014404297e+00 7.191252708435058594e+00 2.256268262863159180e+00
1.155612945556640625e+00 7.141662120819091797e+00 2.236492872238159180e+00
1.157622337341308594e+00 7.107912540435791016e+00 2.221799135208129883e+00
1.159891366958618164e+00 7.089945793151855469e+00 2.212215185165405273e+00
1.162333488464355469e+00 7.087545871734619141e+00 2.207718372344970703e+00
1.164865016937255859e+00 7.100339889526367188e+00 2.208233833312988281e+00
1.167404890060424805e+00 7.127807617187500000e+00 2.213638067245483398e+00
1.165794134140014648e+00 7.169125556945800781e+00 2.224359989166259766e+00
1.141579627990722656e+00 7.222741127014160156e+00 2.242882490158081055e+00
1.133368492126464844e+00 7.307412147521972656e+00 2.254302263259887695e+00
1.179776310920715332e+00 7.485176086425781250e+00 2.281551122665405273e+00
1.259310245513916016e+00 7.719461917877197266e+00 2.319675683975219727e+00
1.415419101715087891e+00 8.040079116821289062e+00 2.355894804000854492e+00
1.630480051040649414e+00 8.371222496032714844e+00 2.381508111953735352e+00
1.842333436012268066e+00 8.705204963684082031e+00 2.409328699111938477e+00
2.043048620223999023e+00 9.032691001892089844e+00 2.437570810317993164e+00
2.140752553939819336e+00 9.275639533996582031e+00 2.484224081039428711e+00
2.227973699569702148e+00 9.510765075683593750e+00 2.532919168472290039e+00
2.309526681900024414e+00 9.740410804748535156e+00 2.581738233566284180e+00
2.384736776351928711e+00 9.962534904479980469e+00 2.630190610885620117e+00
2.452994108200073242e+00 1.017520046234130859e+01 2.677796602249145508e+00
2.513754844665527344e+00 1.037659168243408203e+01 2.724091291427612305e+00
2.560257673263549805e+00 1.055029392242431641e+01 2.765536546707153320e+00
2.597926139831542969e+00 1.070523262023925781e+01 2.804087877273559570e+00
2.627625942230224609e+00 1.084572505950927734e+01 2.840357542037963867e+00
2.649141073226928711e+00 1.097067737579345703e+01 2.873987436294555664e+00
2.662319183349609375e+00 1.107912921905517578e+01 2.904644727706909180e+00
2.667069673538208008e+00 1.117025852203369141e+01 2.932019472122192383e+00
2.663360357284545898e+00 1.124337100982666016e+01 2.955828905105590820e+00
2.651229143142700195e+00 1.129792404174804688e+01 2.975818395614624023e+00
2.630768060684204102e+00 1.133349704742431641e+01 2.991763353347778320e+00
2.602135658264160156e+00 1.134982204437255859e+01 3.003473043441772461e+00
2.565552949905395508e+00 1.134676361083984375e+01 3.010791540145874023e+00
2.521306037902832031e+00 1.132434463500976562e+01 3.013602018356323242e+00
2.473793268203735352e+00 1.128620338439941406e+01 3.013056039810180664e+00
2.429374456405639648e+00 1.123776149749755859e+01 3.010929584503173828e+00
2.377217292785644531e+00 1.116979026794433594e+01 3.003780126571655273e+00
2.317831516265869141e+00 1.108289909362792969e+01 2.991645097732543945e+00
2.251796960830688477e+00 1.097786426544189453e+01 2.974611759185791016e+00
2.179762363433837891e+00 1.085563278198242188e+01 2.952813386917114258e+00
2.102433681488037109e+00 1.071732139587402344e+01 2.926430940628051758e+00
2.034427165985107422e+00 1.059980106353759766e+01 2.909274339675903320e+00
1.981479406356811523e+00 1.049431610107421875e+01 2.898023366928100586e+00
1.936630487442016602e+00 1.037883281707763672e+01 2.881290912628173828e+00
1.916521310806274414e+00 1.025567245483398438e+01 2.855692386627197266e+00
1.896166086196899414e+00 1.012417888641357422e+01 2.826965808868408203e+00
1.871008396148681641e+00 9.977267265319824219e+00 2.796392202377319336e+00
1.839523315429687500e+00 9.836033821105957031e+00 2.768392562866210938e+00
1.808236598968505859e+00 9.693320274353027344e+00 2.736619710922241211e+00
1.776939272880554199e+00 9.545949935913085938e+00 2.703161716461181641e+00
1.746018052101135254e+00 9.395525932312011719e+00 2.668368339538574219e+00
1.716910839080810547e+00 9.244955062866210938e+00 2.632854223251342773e+00
1.703589081764221191e+00 9.112049102783203125e+00 2.600222587585449219e+00
1.690460443496704102e+00 8.979552268981933594e+00 2.567067384719848633e+00
1.677746176719665527e+00 8.848975181579589844e+00 2.533736944198608398e+00
1.665672779083251953e+00 8.721820831298828125e+00 2.500582933425903320e+00
1.654463887214660645e+00 8.599553108215332031e+00 2.467954397201538086e+00
1.644343495368957520e+00 8.483586311340332031e+00 2.436192274093627930e+00
1.635520219802856445e+00 8.375244140625000000e+00 2.405619859695434570e+00
1.628194928169250488e+00 8.275753974914550781e+00 2.376546621322631836e+00
1.622542262077331543e+00 8.186220169067382812e+00 2.349257707595825195e+00
1.618708968162536621e+00 8.107596397399902344e+00 2.324008941650390625e+00
1.616820335388183594e+00 8.040688514709472656e+00 2.301028490066528320e+00
1.616959095001220703e+00 7.986127853393554688e+00 2.280513048171997070e+00
1.619175314903259277e+00 7.944368362426757812e+00 2.262620210647583008e+00
1.623479604721069336e+00 7.915681362152099609e+00 2.247472524642944336e+00
1.629844427108764648e+00 7.900158405303955078e+00 2.235156297683715820e+00
1.638201236724853516e+00 7.897711753845214844e+00 2.225721597671508789e+00
1.648445487022399902e+00 7.908075332641601562e+00 2.219179391860961914e+00
1.660437226295471191e+00 7.930830001831054688e+00 2.215509653091430664e+00
1.684635400772094727e+00 7.978022575378417969e+00 2.217181444168090820e+00
1.719129085540771484e+00 8.050576210021972656e+00 2.221745252609252930e+00
1.774126052856445312e+00 8.176034927368164062e+00 2.222994804382324219e+00
1.830312967300415039e+00 8.311184883117675781e+00 2.226816892623901367e+00
1.887007117271423340e+00 8.454295158386230469e+00 2.233084917068481445e+00
1.935181260108947754e+00 8.595124244689941406e+00 2.239655733108520508e+00
1.983335733413696289e+00 8.746849060058593750e+00 2.251941680908203125e+00
2.027240753173828125e+00 8.898534774780273438e+00 2.269582986831665039e+00
2.054559946060180664e+00 9.024489402770996094e+00 2.293491125106811523e+00
2.080208539962768555e+00 9.151119232177734375e+00 2.318697690963745117e+00
2.117079496383666992e+00 9.278270721435546875e+00 2.342076539993286133e+00
2.164412498474121094e+00 9.432476997375488281e+00 2.376775979995727539e+00
2.219238996505737305e+00 9.592698097229003906e+00 2.415221929550170898e+00
2.269266605377197266e+00 9.747108459472656250e+00 2.453262567520141602e+00
2.314475536346435547e+00 9.895018577575683594e+00 2.490690469741821289e+00
2.354905605316162109e+00 1.003585624694824219e+01 2.527316808700561523e+00
2.386906385421752930e+00 1.016228485107421875e+01 2.561416864395141602e+00
2.414377450942993164e+00 1.028088092803955078e+01 2.594408273696899414e+00
2.437909841537475586e+00 1.039215564727783203e+01 2.626327514648437500e+00
2.457673549652099609e+00 1.049588394165039062e+01 2.657044649124145508e+00
2.473845720291137695e+00 1.059188175201416016e+01 2.686436414718627930e+00
2.486598730087280273e+00 1.067999267578125000e+01 2.714381456375122070e+00
2.496099710464477539e+00 1.076007175445556641e+01 2.740760803222656250e+00
2.503019809722900391e+00 1.082940769195556641e+01 2.765148878097534180e+00
2.506976366043090820e+00 1.089031124114990234e+01 2.787717103958129883e+00
2.508031606674194336e+00 1.094278240203857422e+01 2.808365106582641602e+00
2.506250143051147461e+00 1.098662948608398438e+01 2.826961278915405273e+00
2.501672744750976562e+00 1.102163887023925781e+01 2.843376398086547852e+00
2.494304895401000977e+00 1.104756259918212891e+01 2.857474565505981445e+00
2.484133958816528320e+00 1.106413650512695312e+01 2.869116067886352539e+00
2.471114635467529297e+00 1.107106304168701172e+01 2.878165960311889648e+00
2.455192327499389648e+00 1.106804752349853516e+01 2.884485244750976562e+00
2.436296939849853516e+00 1.105477905273437500e+01 2.887942552566528320e+00
2.414353609085083008e+00 1.103095722198486328e+01 2.888411521911621094e+00
2.389288902282714844e+00 1.099629974365234375e+01 2.885779619216918945e+00
2.360471487045288086e+00 1.094990253448486328e+01 2.879765748977661133e+00
2.323783397674560547e+00 1.088685131072998047e+01 2.869005918502807617e+00
2.283285379409790039e+00 1.081173610687255859e+01 2.854725837707519531e+00
2.238977432250976562e+00 1.072447490692138672e+01 2.836884737014770508e+00
2.190904617309570312e+00 1.062509441375732422e+01 2.815470933914184570e+00
2.139149188995361328e+00 1.051370525360107422e+01 2.790505170822143555e+00
2.086124658584594727e+00 1.039519596099853516e+01 2.763768911361694336e+00
2.048389911651611328e+00 1.030344200134277344e+01 2.747785329818725586e+00
2.017793893814086914e+00 1.021079349517822266e+01 2.732121944427490234e+00
1.987180471420288086e+00 1.010557556152343750e+01 2.713711023330688477e+00
1.955390691757202148e+00 9.990452766418457031e+00 2.692740678787231445e+00
1.936569452285766602e+00 9.868123054504394531e+00 2.666268110275268555e+00
1.922081112861633301e+00 9.738331794738769531e+00 2.636243581771850586e+00
1.891596198081970215e+00 9.580157279968261719e+00 2.615099191665649414e+00
1.849576830863952637e+00 9.402992248535156250e+00 2.590867280960083008e+00
1.805094957351684570e+00 9.217888832092285156e+00 2.564450740814208984e+00
1.759347558021545410e+00 9.026835441589355469e+00 2.536219835281372070e+00
1.724054336547851562e+00 8.856614112854003906e+00 2.502573728561401367e+00
1.699722886085510254e+00 8.703486442565917969e+00 2.466497659683227539e+00
1.684793353080749512e+00 8.559078216552734375e+00 2.431681632995605469e+00
1.668447136878967285e+00 8.411243438720703125e+00 2.395747423171997070e+00
1.650677323341369629e+00 8.260672569274902344e+00 2.358883142471313477e+00
1.631503224372863770e+00 8.108078002929687500e+00 2.321284532546997070e+00
1.610961914062500000e+00 7.954168319702148438e+00 2.283146619796752930e+00
1.589118123054504395e+00 7.799654006958007812e+00 2.244664430618286133e+00
1.566054344177246094e+00 7.645231246948242188e+00 2.206029891967773438e+00
1.549883127212524414e+00 7.496734619140625000e+00 2.168918371200561523e+00
1.538380384445190430e+00 7.353301048278808594e+00 2.133074283599853516e+00
1.526030063629150391e+00 7.211894989013671875e+00 2.097610235214233398e+00
1.516236662864685059e+00 7.076832771301269531e+00 2.060354471206665039e+00
1.511119604110717773e+00 6.950900077819824219e+00 2.020020961761474609e+00
1.504593372344970703e+00 6.827474117279052734e+00 1.981006741523742676e+00
1.496769189834594727e+00 6.706927299499511719e+00 1.943400502204895020e+00
1.487770318984985352e+00 6.589581012725830078e+00 1.907272934913635254e+00
1.477730035781860352e+00 6.475707054138183594e+00 1.872672200202941895e+00
1.466789126396179199e+00 6.365528106689453125e+00 1.839628219604492188e+00
1.455093860626220703e+00 6.259212970733642578e+00 1.808152198791503906e+00
1.448405981063842773e+00 6.140170097351074219e+00 1.768598318099975586e+00
1.446254372596740723e+00 6.010310173034667969e+00 1.722006320953369141e+00
1.443008542060852051e+00 5.886852264404296875e+00 1.678253650665283203e+00
1.438840031623840332e+00 5.769675254821777344e+00 1.637233138084411621e+00
1.428791761398315430e+00 5.675603866577148438e+00 1.606395959854125977e+00
1.417776823043823242e+00 5.588689804077148438e+00 1.578583717346191406e+00
1.406609296798706055e+00 5.506484031677246094e+00 1.552664875984191895e+00
1.395411610603332520e+00 5.428791999816894531e+00 1.528515458106994629e+00
1.384292364120483398e+00 5.355383872985839844e+00 1.506003737449645996e+00
1.373351812362670898e+00 5.286005496978759766e+00 1.484989285469055176e+00
1.362678289413452148e+00 5.220379352569580078e+00 1.465329408645629883e+00
1.352142214775085449e+00 5.157627582550048828e+00 1.446884989738464355e+00
1.335799455642700195e+00 5.094245910644531250e+00 1.431739330291748047e+00
1.320103883743286133e+00 5.034048080444335938e+00 1.417472124099731445e+00
1.305040478706359863e+00 4.976622581481933594e+00 1.403949379920959473e+00
1.290571689605712891e+00 4.921558856964111328e+00 1.391044735908508301e+00
1.276653647422790527e+00 4.868440628051757812e+00 1.378630399703979492e+00
1.263242959976196289e+00 4.816855907440185547e+00 1.366579771041870117e+00
1.250294804573059082e+00 4.766398906707763672e+00 1.354765534400939941e+00
1.237762570381164551e+00 4.716668128967285156e+00 1.343063950538635254e+00
1.225602388381958008e+00 4.667276859283447266e+00 1.331352114677429199e+00
1.213773250579833984e+00 4.617851257324218750e+00 1.319509387016296387e+00
1.202236533164978027e+00 4.568034648895263672e+00 1.307421922683715820e+00
1.190955996513366699e+00 4.517493247985839844e+00 1.294978976249694824e+00
1.181640744209289551e+00 4.468759536743164062e+00 1.282467007637023926e+00
1.172884941101074219e+00 4.419306278228759766e+00 1.269482731819152832e+00
1.164603829383850098e+00 4.368789672851562500e+00 1.255928397178649902e+00
1.156781792640686035e+00 4.317013740539550781e+00 1.241733670234680176e+00
1.149404644966125488e+00 4.263822555541992188e+00 1.226839542388916016e+00
1.141809105873107910e+00 4.213472843170166016e+00 1.213213920593261719e+00
1.133990406990051270e+00 4.165844917297363281e+00 1.200804591178894043e+00
1.126543998718261719e+00 4.116842746734619141e+00 1.187724947929382324e+00
1.119461178779602051e+00 4.066498756408691406e+00 1.173981070518493652e+00
1.112735986709594727e+00 4.014903545379638672e+00 1.159595370292663574e+00
1.106364130973815918e+00 3.962209224700927734e+00 1.144613862037658691e+00
1.100346565246582031e+00 3.908637046813964844e+00 1.129102826118469238e+00
1.094689369201660156e+00 3.854479789733886719e+00 1.113150954246520996e+00
1.092192649841308594e+00 3.803448915481567383e+00 1.097251057624816895e+00
1.095695972442626953e+00 3.759374618530273438e+00 1.081924676895141602e+00
1.099756360054016113e+00 3.716213703155517578e+00 1.066583991050720215e+00
1.104304075241088867e+00 3.674439191818237305e+00 1.051396727561950684e+00
1.109266281127929688e+00 3.634580135345458984e+00 1.036549568176269531e+00
1.114573359489440918e+00 3.597228288650512695e+00 1.022247910499572754e+00
1.120155930519104004e+00 3.563026428222656250e+00 1.008713722229003906e+00
1.128887176513671875e+00 3.531720161437988281e+00 9.962803721427917480e-01
1.135502576828002930e+00 3.502163410186767578e+00 9.858464598655700684e-01
1.142719626426696777e+00 3.479604005813598633e+00 9.765013456344604492e-01
1.150535941123962402e+00 3.464991807937622070e+00 9.684580564498901367e-01
1.158959269523620605e+00 3.459280967712402344e+00 9.619287252426147461e-01
1.168009877204895020e+00 3.463412284851074219e+00 9.571221470832824707e-01
1.172747254371643066e+00 3.473299980163574219e+00 9.547168612480163574e-01
1.162020206451416016e+00 3.482111930847167969e+00 9.522320032119750977e-01
1.152897834777832031e+00 3.515104532241821289e+00 9.578021764755249023e-01
1.160158634185791016e+00 3.530067920684814453e+00 9.727299213409423828e-01
1.168197870254516602e+00 3.555664539337158203e+00 9.912203550338745117e-01
1.176264762878417969e+00 3.592295885086059570e+00 1.013445019721984863e+00
1.185254573822021484e+00 3.644082546234130859e+00 1.039299845695495605e+00
1.207252383232116699e+00 3.760234832763671875e+00 1.066604018211364746e+00
1.230653047561645508e+00 3.894155979156494141e+00 1.097447872161865234e+00
1.238535761833190918e+00 4.209318637847900391e+00 1.140590786933898926e+00
1.293151617050170898e+00 4.604741096496582031e+00 1.201410651206970215e+00
1.449006557464599609e+00 5.140507698059082031e+00 1.282874941825866699e+00
1.631675481796264648e+00 5.711146831512451172e+00 1.366121649742126465e+00
1.905222296714782715e+00 6.249108791351318359e+00 1.431965112686157227e+00
2.067527532577514648e+00 6.699532985687255859e+00 1.530234098434448242e+00
2.233806371688842773e+00 7.163492679595947266e+00 1.631537318229675293e+00
2.367516279220581055e+00 7.557486534118652344e+00 1.722057819366455078e+00
2.470987319946289062e+00 7.886624813079833984e+00 1.802514672279357910e+00
2.573406934738159180e+00 8.217237472534179688e+00 1.883666396141052246e+00
2.673918962478637695e+00 8.547132492065429688e+00 1.965032815933227539e+00
2.771685361862182617e+00 8.874125480651855469e+00 2.046137809753417969e+00
2.865895986557006836e+00 9.196074485778808594e+00 2.126512527465820312e+00
2.955782651901245117e+00 9.510916709899902344e+00 2.205705404281616211e+00
3.040632247924804688e+00 9.816691398620605469e+00 2.283285140991210938e+00
3.119801044464111328e+00 1.011156749725341797e+01 2.358844041824340820e+00
3.192718744277954102e+00 1.039387416839599609e+01 2.432007074356079102e+00
3.254701375961303711e+00 1.065438938140869141e+01 2.500687122344970703e+00
3.301011323928833008e+00 1.088381481170654297e+01 2.562768220901489258e+00
3.340887069702148438e+00 1.109861278533935547e+01 2.621957540512084961e+00
3.374163627624511719e+00 1.129797935485839844e+01 2.678048849105834961e+00
3.400762319564819336e+00 1.148130798339843750e+01 2.730874538421630859e+00
3.420692205429077148e+00 1.164820194244384766e+01 2.780308485031127930e+00
3.434045314788818359e+00 1.179846668243408203e+01 2.826260805130004883e+00
3.440992593765258789e+00 1.193210315704345703e+01 2.868683576583862305e+00
3.441782712936401367e+00 1.204931163787841797e+01 2.907568693161010742e+00
3.436728477478027344e+00 1.215046405792236328e+01 2.942943811416625977e+00
3.426209688186645508e+00 1.223610210418701172e+01 2.974872827529907227e+00
3.410653829574584961e+00 1.230691623687744141e+01 3.003449201583862305e+00
3.390533924102783203e+00 1.236372756958007812e+01 3.028801679611206055e+00
3.366357564926147461e+00 1.240746402740478516e+01 3.051081180572509766e+00
3.338656902313232422e+00 1.243914508819580078e+01 3.070462703704833984e+00
3.307973623275756836e+00 1.245985221862792969e+01 3.087141752243041992e+00
3.274857997894287109e+00 1.247070884704589844e+01 3.101325035095214844e+00
3.239848375320434570e+00 1.247285747528076172e+01 3.113233566284179688e+00
3.203469753265380859e+00 1.246743297576904297e+01 3.123090505599975586e+00
3.166216135025024414e+00 1.245554161071777344e+01 3.131123781204223633e+00
3.128551483154296875e+00 1.243824672698974609e+01 3.137559175491333008e+00
3.090891122817993164e+00 1.241653347015380859e+01 3.142614603042602539e+00
3.053604364395141602e+00 1.239130306243896484e+01 3.146493196487426758e+00
3.017009496688842773e+00 1.236332511901855469e+01 3.149388074874877930e+00
2.981694936752319336e+00 1.233164882659912109e+01 3.151275873184204102e+00
2.947513818740844727e+00 1.229842376708984375e+01 3.152502775192260742e+00
2.914595365524291992e+00 1.226406383514404297e+01 3.153197288513183594e+00
2.882994890213012695e+00 1.222882747650146484e+01 3.153460741043090820e+00
2.852704286575317383e+00 1.219284915924072266e+01 3.153370857238769531e+00
2.823651075363159180e+00 1.215611934661865234e+01 3.152976989746093750e+00
2.795709848403930664e+00 1.211850547790527344e+01 3.152297019958496094e+00
2.768693447113037109e+00 1.207974720001220703e+01 3.151324987411499023e+00
2.742371082305908203e+00 1.203947925567626953e+01 3.150026082992553711e+00
2.716475009918212891e+00 1.199723529815673828e+01 3.148338794708251953e+00
2.690701723098754883e+00 1.195246601104736328e+01 3.146179676055908203e+00
2.664731025695800781e+00 1.190455722808837891e+01 3.143440246582031250e+00
2.638231277465820312e+00 1.185285091400146484e+01 3.139996290206909180e+00
2.610865116119384766e+00 1.179666042327880859e+01 3.135705709457397461e+00
2.582304239273071289e+00 1.173528861999511719e+01 3.130414247512817383e+00
2.552242517471313477e+00 1.166804695129394531e+01 3.123956203460693359e+00
2.520392656326293945e+00 1.159428405761718750e+01 3.116165876388549805e+00
2.486510276794433594e+00 1.151339340209960938e+01 3.106872081756591797e+00
2.450383901596069336e+00 1.142482852935791016e+01 3.095908641815185547e+00
2.411859273910522461e+00 1.132812976837158203e+01 3.083113908767700195e+00
2.370830059051513672e+00 1.122292423248291016e+01 3.068337678909301758e+00
2.327246665954589844e+00 1.110894966125488281e+01 3.051444768905639648e+00
2.281122922897338867e+00 1.098604869842529297e+01 3.032315492630004883e+00
2.232528924942016602e+00 1.085418605804443359e+01 3.010851144790649414e+00
2.181590795516967773e+00 1.071345043182373047e+01 2.986973047256469727e+00
2.128502130508422852e+00 1.056404972076416016e+01 2.960630893707275391e+00
2.070029020309448242e+00 1.040229129791259766e+01 2.930703401565551758e+00
1.997609615325927734e+00 1.022157573699951172e+01 2.898999929428100586e+00
1.874155879020690918e+00 9.991328239440917969e+00 2.873131990432739258e+00
1.748322963714599609e+00 9.753034591674804688e+00 2.844922780990600586e+00
1.620736122131347656e+00 9.507616996765136719e+00 2.814413309097290039e+00
1.492067098617553711e+00 9.256095886230468750e+00 2.781664609909057617e+00
1.374901890754699707e+00 9.016143798828125000e+00 2.752867460250854492e+00
1.272599935531616211e+00 8.792272567749023438e+00 2.725303411483764648e+00
1.174396514892578125e+00 8.569806098937988281e+00 2.695440530776977539e+00
1.077155351638793945e+00 8.344740867614746094e+00 2.663607358932495117e+00
1.034267187118530273e+00 8.155885696411132812e+00 2.627584457397460938e+00
1.014053106307983398e+00 7.984152793884277344e+00 2.586085557937622070e+00
1.005270123481750488e+00 7.819446086883544922e+00 2.534565448760986328e+00
9.987741708755493164e-01 7.654378890991210938e+00 2.481107950210571289e+00
9.934018850326538086e-01 7.488242149353027344e+00 2.426729440689086914e+00
9.891157150268554688e-01 7.321619510650634766e+00 2.371659517288208008e+00
9.858634471893310547e-01 7.155077934265136719e+00 2.316128253936767578e+00
9.835773706436157227e-01 6.989172458648681641e+00 2.260366439819335938e+00
9.821776151657104492e-01 6.824432373046875000e+00 2.204603195190429688e+00
9.815773963928222656e-01 6.661374092102050781e+00 2.149065732955932617e+00
9.816719293594360352e-01 6.500486373901367188e+00 2.093976020812988281e+00
9.823578596115112305e-01 6.342239379882812500e+00 2.039551019668579102e+00
9.835236072540283203e-01 6.187086105346679688e+00 1.986001610755920410e+00
9.850538969039916992e-01 6.035455703735351562e+00 1.933530807495117188e+00
9.868342876434326172e-01 5.887772560119628906e+00 1.882338643074035645e+00
9.885935783386230469e-01 5.744955539703369141e+00 1.832845091819763184e+00
9.797021150588989258e-01 5.642276763916015625e+00 1.800786852836608887e+00
9.712005853652954102e-01 5.543181419372558594e+00 1.769863486289978027e+00
9.780868291854858398e-01 5.403103828430175781e+00 1.714338898658752441e+00
9.874581098556518555e-01 5.260572433471679688e+00 1.656390905380249023e+00
9.797111749649047852e-01 5.121115207672119141e+00 1.608243823051452637e+00
9.709916114807128906e-01 4.989065647125244141e+00 1.563387274742126465e+00
9.624156355857849121e-01 4.865167617797851562e+00 1.521527171134948730e+00
9.540230631828308105e-01 4.749909877777099609e+00 1.482815980911254883e+00
9.458734989166259766e-01 4.643785476684570312e+00 1.447394490242004395e+00
9.380503892898559570e-01 4.547291278839111328e+00 1.415395379066467285e+00
9.306406378746032715e-01 4.460882663726806641e+00 1.386942028999328613e+00
9.209504127502441406e-01 4.377188682556152344e+00 1.362268567085266113e+00
9.125029444694519043e-01 4.306151390075683594e+00 1.341331958770751953e+00
9.054710268974304199e-01 4.248305797576904297e+00 1.324223875999450684e+00
8.994497060775756836e-01 4.204395294189453125e+00 1.310897707939147949e+00
8.894932866096496582e-01 4.176893234252929688e+00 1.300314068794250488e+00
8.810533881187438965e-01 4.164211750030517578e+00 1.293665647506713867e+00
8.743176460266113281e-01 4.166747093200683594e+00 1.290994763374328613e+00
8.694698214530944824e-01 4.184831619262695312e+00 1.292329907417297363e+00
8.666863441467285156e-01 4.218726158142089844e+00 1.297684311866760254e+00
8.659544587135314941e-01 4.268108844757080078e+00 1.307062268257141113e+00
8.647618889808654785e-01 4.325549125671386719e+00 1.320975542068481445e+00
8.755855560302734375e-01 4.424129009246826172e+00 1.345373511314392090e+00
8.737462162971496582e-01 4.539264678955078125e+00 1.384101510047912598e+00
8.985531330108642578e-01 4.724275588989257812e+00 1.454978823661804199e+00
9.682731628417968750e-01 4.971448898315429688e+00 1.533750057220458984e+00
1.181800365447998047e+00 5.319005012512207031e+00 1.570394992828369141e+00
1.433549046516418457e+00 5.755824089050292969e+00 1.615279316902160645e+00
1.695659637451171875e+00 6.216223239898681641e+00 1.663512349128723145e+00
1.955427765846252441e+00 6.678438663482666016e+00 1.713356852531433105e+00
2.147443056106567383e+00 7.034422397613525391e+00 1.755526900291442871e+00
2.253402948379516602e+00 7.324897766113281250e+00 1.814474225044250488e+00
2.345755815505981445e+00 7.610485076904296875e+00 1.878698587417602539e+00
2.437370777130126953e+00 7.900318145751953125e+00 1.944343090057373047e+00
2.527549982070922852e+00 8.192500114440917969e+00 2.011021137237548828e+00
2.615588426589965820e+00 8.485098838806152344e+00 2.078339576721191406e+00
2.700786352157592773e+00 8.776165962219238281e+00 2.145899772644042969e+00
2.782459974288940430e+00 9.063765525817871094e+00 2.213305711746215820e+00
2.859946966171264648e+00 9.345977783203125000e+00 2.280158281326293945e+00
2.932615518569946289e+00 9.620935440063476562e+00 2.346066236495971680e+00
2.999871969223022461e+00 9.886826515197753906e+00 2.410640001296997070e+00
3.056855916976928711e+00 1.013397789001464844e+01 2.471705198287963867e+00
3.100008726119995117e+00 1.035510540008544922e+01 2.527614831924438477e+00
3.137022495269775391e+00 1.056364536285400391e+01 2.581395149230957031e+00
3.167587041854858398e+00 1.075829219818115234e+01 2.632728099822998047e+00
3.191440820693969727e+00 1.093784713745117188e+01 2.681304931640625000e+00
3.208379507064819336e+00 1.110122776031494141e+01 2.726831674575805664e+00
3.218259334564208984e+00 1.124746608734130859e+01 2.769024848937988281e+00
3.220988512039184570e+00 1.137572574615478516e+01 2.807620763778686523e+00
3.216538906097412109e+00 1.148529434204101562e+01 2.842374086380004883e+00
3.204932451248168945e+00 1.157559108734130859e+01 2.873058319091796875e+00
3.186251401901245117e+00 1.164617824554443359e+01 2.899471521377563477e+00
3.160629987716674805e+00 1.169675064086914062e+01 2.921438217163085938e+00
3.128256082534790039e+00 1.172714328765869141e+01 2.938808679580688477e+00
3.089368104934692383e+00 1.173733806610107422e+01 2.951468706130981445e+00
3.044247865676879883e+00 1.172744750976562500e+01 2.959330081939697266e+00
2.993817090988159180e+00 1.169486141204833984e+01 2.962002754211425781e+00
2.937874555587768555e+00 1.164275932312011719e+01 2.959804296493530273e+00
2.876738548278808594e+00 1.157206344604492188e+01 2.952809333801269531e+00
2.810845136642456055e+00 1.148347854614257812e+01 2.941085100173950195e+00
2.740649938583374023e+00 1.137782955169677734e+01 2.924739122390747070e+00
2.666637182235717773e+00 1.125605869293212891e+01 2.903916597366333008e+00
2.589299917221069336e+00 1.111921024322509766e+01 2.878801345825195312e+00
2.509151458740234375e+00 1.096843242645263672e+01 2.849613428115844727e+00
2.426708936691284180e+00 1.080495452880859375e+01 2.816603899002075195e+00
2.342488527297973633e+00 1.063007068634033203e+01 2.780055761337280273e+00
2.257001161575317383e+00 1.044513893127441406e+01 2.740279197692871094e+00
2.170747995376586914e+00 1.025156021118164062e+01 2.697607755661010742e+00
2.092794895172119141e+00 1.005491065979003906e+01 2.654901742935180664e+00
2.032485723495483398e+00 9.866969108581542969e+00 2.615289449691772461e+00
1.992947101593017578e+00 9.700268745422363281e+00 2.582924127578735352e+00
1.972833752632141113e+00 9.547968864440917969e+00 2.553310155868530273e+00
1.942748546600341797e+00 9.377539634704589844e+00 2.527793884277343750e+00
1.900344371795654297e+00 9.182544708251953125e+00 2.504313707351684570e+00
1.857877373695373535e+00 8.986198425292968750e+00 2.479408025741577148e+00
1.822436094284057617e+00 8.810764312744140625e+00 2.448521375656127930e+00
1.792808294296264648e+00 8.654188156127929688e+00 2.412434339523315430e+00
1.763347506523132324e+00 8.498460769653320312e+00 2.376136064529418945e+00
1.734272718429565430e+00 8.344659805297851562e+00 2.339915037155151367e+00
1.707869410514831543e+00 8.196256637573242188e+00 2.304537534713745117e+00
1.694326996803283691e+00 8.066044807434082031e+00 2.272631406784057617e+00
1.681022167205810547e+00 7.939660549163818359e+00 2.241389989852905273e+00
1.668110132217407227e+00 7.817840576171875000e+00 2.211020708084106445e+00
1.655738592147827148e+00 7.701238155364990234e+00 2.181709051132202148e+00
1.644055008888244629e+00 7.590431213378906250e+00 2.153620004653930664e+00
1.633190751075744629e+00 7.485912799835205078e+00 2.126894474029541016e+00
1.623272061347961426e+00 7.388096809387207031e+00 2.101649284362792969e+00
1.614403367042541504e+00 7.297317028045654297e+00 2.077980756759643555e+00
1.606678605079650879e+00 7.213834285736083984e+00 2.055960655212402344e+00
1.600171089172363281e+00 7.137846946716308594e+00 2.035643577575683594e+00
1.594939708709716797e+00 7.069489479064941406e+00 2.017064571380615234e+00
1.591023206710815430e+00 7.008845329284667969e+00 2.000241756439208984e+00
1.588446259498596191e+00 6.955959320068359375e+00 1.985180139541625977e+00
1.587214112281799316e+00 6.910835266113281250e+00 1.971874713897705078e+00
1.587318420410156250e+00 6.873458385467529297e+00 1.960309386253356934e+00
1.588738679885864258e+00 6.843791007995605469e+00 1.950463891029357910e+00
1.591437339782714844e+00 6.821782588958740234e+00 1.942313909530639648e+00
1.595371723175048828e+00 6.807377338409423828e+00 1.935830354690551758e+00
1.600488305091857910e+00 6.800517559051513672e+00 1.930985808372497559e+00
1.606726646423339844e+00 6.801137924194335938e+00 1.927753448486328125e+00
1.614018321037292480e+00 6.809177398681640625e+00 1.926108002662658691e+00
1.622293591499328613e+00 6.824569702148437500e+00 1.926025748252868652e+00
1.631479501724243164e+00 6.847243309020996094e+00 1.927484393119812012e+00
1.641496896743774414e+00 6.877116203308105469e+00 1.930465340614318848e+00
1.652273416519165039e+00 6.914097785949707031e+00 1.934949040412902832e+00
1.663729667663574219e+00 6.958076000213623047e+00 1.940916776657104492e+00
1.675787210464477539e+00 7.008910655975341797e+00 1.948349833488464355e+00
1.688376188278198242e+00 7.066441535949707031e+00 1.957224249839782715e+00
1.701416969299316406e+00 7.130463600158691406e+00 1.967516183853149414e+00
1.714875459671020508e+00 7.200786113739013672e+00 1.979202866554260254e+00
1.743021726608276367e+00 7.294151306152343750e+00 1.995653390884399414e+00
1.771913290023803711e+00 7.393771171569824219e+00 2.013534069061279297e+00
1.818332791328430176e+00 7.536936759948730469e+00 2.027325391769409180e+00
1.870381474494934082e+00 7.696971893310546875e+00 2.040719032287597656e+00
1.922799348831176758e+00 7.861954689025878906e+00 2.055263042449951172e+00
1.971240520477294922e+00 8.026829719543457031e+00 2.069953441619873047e+00
2.015359878540039062e+00 8.190579414367675781e+00 2.084734201431274414e+00
2.058804273605346680e+00 8.356219291687011719e+00 2.100494384765625000e+00
2.097878932952880859e+00 8.550439834594726562e+00 2.125388622283935547e+00
2.160937547683715820e+00 8.765223503112792969e+00 2.161592006683349609e+00
2.213926553726196289e+00 8.948272705078125000e+00 2.203119516372680664e+00
2.287148714065551758e+00 9.148074150085449219e+00 2.251773595809936523e+00
2.356649160385131836e+00 9.343334197998046875e+00 2.300107002258300781e+00
2.416097640991210938e+00 9.521948814392089844e+00 2.345361948013305664e+00
2.469595432281494141e+00 9.690996170043945312e+00 2.389112710952758789e+00
2.519295930862426758e+00 9.853964805603027344e+00 2.432116270065307617e+00
2.565142869949340820e+00 1.001027202606201172e+01 2.474205255508422852e+00
2.607118368148803711e+00 1.015942287445068359e+01 2.515229463577270508e+00
2.645247220993041992e+00 1.030100917816162109e+01 2.555057287216186523e+00
2.679579019546508789e+00 1.043470096588134766e+01 2.593571424484252930e+00
2.710199356079101562e+00 1.056025314331054688e+01 2.630672931671142578e+00
2.737213134765625000e+00 1.067749786376953125e+01 2.666280746459960938e+00
2.760741472244262695e+00 1.078633785247802734e+01 2.700329303741455078e+00
2.780921936035156250e+00 1.088674449920654297e+01 2.732770919799804688e+00
2.797900915145874023e+00 1.097874832153320312e+01 2.763571023941040039e+00
2.811823129653930664e+00 1.106243419647216797e+01 2.792708396911621094e+00
2.823056936264038086e+00 1.113688564300537109e+01 2.820048809051513672e+00
2.832103013992309570e+00 1.120053577423095703e+01 2.845389366149902344e+00
2.838505983352661133e+00 1.125643825531005859e+01 2.869080305099487305e+00
2.842394828796386719e+00 1.130483341217041016e+01 2.891145467758178711e+00
2.843877792358398438e+00 1.134595966339111328e+01 2.911607980728149414e+00
2.843050003051757812e+00 1.138006877899169922e+01 2.930495977401733398e+00
2.839993715286254883e+00 1.140741062164306641e+01 2.947847127914428711e+00
2.834765672683715820e+00 1.142822265625000000e+01 2.963688850402832031e+00
2.827408075332641602e+00 1.144272327423095703e+01 2.978055715560913086e+00
2.817945718765258789e+00 1.145110988616943359e+01 2.990974187850952148e+00
2.806381702423095703e+00 1.145354747772216797e+01 3.002470254898071289e+00
2.792706966400146484e+00 1.145017147064208984e+01 3.012563705444335938e+00
2.776895046234130859e+00 1.144106769561767578e+01 3.021265745162963867e+00
2.758905172348022461e+00 1.142628955841064453e+01 3.028579235076904297e+00
2.738687515258789062e+00 1.140584468841552734e+01 3.034502267837524414e+00
2.716180086135864258e+00 1.137968730926513672e+01 3.039017915725708008e+00
2.691317319869995117e+00 1.134773349761962891e+01 3.042104482650756836e+00
2.664031505584716797e+00 1.130985355377197266e+01 3.043726921081542969e+00
2.634251594543457031e+00 1.126588058471679688e+01 3.043843030929565430e+00
2.601917266845703125e+00 1.121560764312744141e+01 3.042397737503051758e+00
2.566965341567993164e+00 1.115879917144775391e+01 3.039333581924438477e+00
2.529352664947509766e+00 1.109519386291503906e+01 3.034578561782836914e+00
2.489043474197387695e+00 1.102452373504638672e+01 3.028060913085937500e+00
2.446024179458618164e+00 1.094650650024414062e+01 3.019700288772583008e+00
2.400302648544311523e+00 1.086087322235107422e+01 3.009416341781616211e+00
2.351912260055541992e+00 1.076737213134765625e+01 2.997128248214721680e+00
2.300908803939819336e+00 1.066577720642089844e+01 2.982760667800903320e+00
2.247386693954467773e+00 1.055590724945068359e+01 2.966238737106323242e+00
2.191470623016357422e+00 1.043763542175292969e+01 2.947496652603149414e+00
2.131096363067626953e+00 1.030832576751708984e+01 2.925783395767211914e+00
2.066925525665283203e+00 1.016853046417236328e+01 2.901202917098999023e+00
2.000706911087036133e+00 1.002010250091552734e+01 2.874205350875854492e+00
1.932678937911987305e+00 9.863197326660156250e+00 2.844776391983032227e+00
1.858417391777038574e+00 9.693284988403320312e+00 2.811793565750122070e+00
1.782607078552246094e+00 9.515174865722656250e+00 2.776325702667236328e+00
1.657205581665039062e+00 9.288808822631835938e+00 2.747643947601318359e+00
1.517505645751953125e+00 9.044025421142578125e+00 2.719249963760375977e+00
1.377238392829895020e+00 8.792657852172851562e+00 2.688730001449584961e+00
1.237113356590270996e+00 8.535705566406250000e+00 2.656152963638305664e+00
1.097873210906982422e+00 8.274255752563476562e+00 2.621600389480590820e+00
9.602628946304321289e-01 8.009472846984863281e+00 2.585178613662719727e+00
8.361409902572631836e-01 7.751929283142089844e+00 2.549128770828247070e+00
8.026623129844665527e-01 7.567998886108398438e+00 2.499796152114868164e+00
8.044666647911071777e-01 7.413971424102783203e+00 2.450241804122924805e+00
7.992384433746337891e-01 7.255949974060058594e+00 2.400363922119140625e+00
7.895614504814147949e-01 7.094757080078125000e+00 2.350012063980102539e+00
7.802137136459350586e-01 6.931332588195800781e+00 2.298722982406616211e+00
7.712460160255432129e-01 6.766436576843261719e+00 2.246734142303466797e+00
7.627143263816833496e-01 6.600835323333740234e+00 2.194284200668334961e+00
7.546647191047668457e-01 6.435298442840576172e+00 2.141614675521850586e+00
7.471410036087036133e-01 6.270580291748046875e+00 2.088965654373168945e+00
7.401841878890991211e-01 6.107421875000000000e+00 2.036571979522705078e+00
7.338247895240783691e-01 5.946536064147949219e+00 1.984664082527160645e+00
7.280923128128051758e-01 5.788608551025390625e+00 1.933464407920837402e+00
7.230064868927001953e-01 5.634288787841796875e+00 1.883185863494873047e+00
7.185831665992736816e-01 5.484186649322509766e+00 1.834032773971557617e+00
7.107905745506286621e-01 5.343644142150878906e+00 1.789587378501892090e+00
6.979734301567077637e-01 5.210148811340332031e+00 1.746929287910461426e+00
6.845775842666625977e-01 5.062903404235839844e+00 1.698856949806213379e+00
6.726853251457214355e-01 4.922247886657714844e+00 1.652535319328308105e+00
6.622918844223022461e-01 4.788544178009033203e+00 1.608098506927490234e+00
6.533813476562500000e-01 4.662098884582519531e+00 1.565667748451232910e+00
6.459262371063232422e-01 4.543160438537597656e+00 1.525346398353576660e+00
6.398910284042358398e-01 4.431924343109130859e+00 1.487224459648132324e+00
6.352291703224182129e-01 4.328528881072998047e+00 1.451373457908630371e+00
6.303674578666687012e-01 4.228804588317871094e+00 1.417913913726806641e+00
6.248612403869628906e-01 4.131706237792968750e+00 1.386898994445800781e+00
6.207256913185119629e-01 4.043018817901611328e+00 1.358256459236145020e+00
6.178684234619140625e-01 3.962601661682128906e+00 1.331984758377075195e+00
6.154372692108154297e-01 3.890532732009887695e+00 1.307900071144104004e+00
6.119165420532226562e-01 3.827075004577636719e+00 1.285656809806823730e+00
6.158655881881713867e-01 3.751517534255981445e+00 1.269623637199401855e+00
6.207123994827270508e-01 3.682502985000610352e+00 1.255827784538269043e+00
6.259379386901855469e-01 3.620633125305175781e+00 1.243934988975524902e+00
6.314260363578796387e-01 3.565181493759155273e+00 1.233842253684997559e+00
6.370453238487243652e-01 3.515344142913818359e+00 1.225424289703369141e+00
6.426477432250976562e-01 3.470240831375122070e+00 1.218532204627990723e+00
6.480636596679687500e-01 3.428920745849609375e+00 1.212996482849121094e+00
6.531075239181518555e-01 3.390366554260253906e+00 1.208623290061950684e+00
6.575707197189331055e-01 3.353512763977050781e+00 1.205199599266052246e+00
6.612287163734436035e-01 3.317243814468383789e+00 1.202492117881774902e+00
6.638399362564086914e-01 3.280417203903198242e+00 1.200249075889587402e+00
6.651492118835449219e-01 3.241876602172851562e+00 1.198202967643737793e+00
6.648914813995361328e-01 3.200464963912963867e+00 1.196074366569519043e+00
6.627962589263916016e-01 3.155053615570068359e+00 1.193572878837585449e+00
6.585941314697265625e-01 3.104554176330566406e+00 1.190404176712036133e+00
6.520218849182128906e-01 3.047945499420166016e+00 1.186271309852600098e+00
6.428324580192565918e-01 2.984302043914794922e+00 1.180882334709167480e+00
6.307386159896850586e-01 2.913060426712036133e+00 1.173990130424499512e+00
6.153813004493713379e-01 2.834236145019531250e+00 1.165424704551696777e+00
5.968420505523681641e-01 2.746326684951782227e+00 1.154796481132507324e+00
5.778745412826538086e-01 2.650679826736450195e+00 1.140753865242004395e+00
5.613731145858764648e-01 2.548894882202148438e+00 1.121944665908813477e+00
5.417364835739135742e-01 2.438000679016113281e+00 1.100447177886962891e+00
5.193405747413635254e-01 2.337127685546875000e+00 1.077204108238220215e+00
4.923742711544036865e-01 2.252240180969238281e+00 1.052348613739013672e+00
4.623719751834869385e-01 2.158667087554931641e+00 1.024720311164855957e+00
4.180239737033843994e-01 2.092238903045654297e+00 9.958057403564453125e-01
3.741799294948577881e-01 2.026422739028930664e+00 9.617484211921691895e-01
3.325302302837371826e-01 1.950040459632873535e+00 9.227847456932067871e-01
2.891246974468231201e-01 1.868007898330688477e+00 8.819031715393066406e-01
2.429055273532867432e-01 1.788138389587402344e+00 8.451955914497375488e-01
1.955403387546539307e-01 1.710464954376220703e+00 8.117811679840087891e-01
1.527808904647827148e-01 1.632429361343383789e+00 7.758362293243408203e-01
1.052169948816299438e-01 1.552392005920410156e+00 7.399761080741882324e-01
5.859749391674995422e-02 1.470699310302734375e+00 7.045091390609741211e-01
1.351252570748329163e-02 1.388342022895812988e+00 6.699009537696838379e-01
-2.947628125548362732e-02 1.306349396705627441e+00 6.366058588027954102e-01
-6.985889375209808350e-02 1.225760936737060547e+00 6.050506830215454102e-01
-1.019747406244277954e-01 1.132128119468688965e+00 5.787702202796936035e-01
-1.366588771343231201e-01 1.037527918815612793e+00 5.660423636436462402e-01
-1.670453548431396484e-01 9.504938125610351562e-01 5.535714626312255859e-01
-1.938942074775695801e-01 8.718006610870361328e-01 5.415976047515869141e-01
-2.264309078454971313e-01 7.957645654678344727e-01 5.314821600914001465e-01
-2.541848123073577881e-01 7.294872403144836426e-01 5.220166444778442383e-01
-2.680734097957611084e-01 6.805927753448486328e-01 5.145655870437622070e-01
-2.712277173995971680e-01 6.431365609169006348e-01 5.074447393417358398e-01
-2.701821625232696533e-01 6.132268309593200684e-01 5.001468062400817871e-01
