2.220268726348876953e+00 8.177041053771972656e+00 -8.605991363525390625e+00
2.276313304901123047e+00 8.175002098083496094e+00 -8.529056549072265625e+00
2.359667301177978516e+00 8.159951210021972656e+00 -8.418145179748535156e+00
2.467355728149414062e+00 8.147279739379882812e+00 -8.274090766906738281e+00
2.611585378646850586e+00 8.143291473388671875e+00 -8.078181266784667969e+00
2.771027803421020508e+00 8.156492233276367188e+00 -7.858129501342773438e+00
2.933264255523681641e+00 8.199297904968261719e+00 -7.629387855529785156e+00
3.083752155303955078e+00 8.272116661071777344e+00 -7.411272048950195312e+00
3.214404106140136719e+00 8.360633850097656250e+00 -7.217823982238769531e+00
3.321740150451660156e+00 8.451129913330078125e+00 -7.054859161376953125e+00
3.408324956893920898e+00 8.532225608825683594e+00 -6.924831390380859375e+00
3.477357625961303711e+00 8.602005004882812500e+00 -6.821191787719726562e+00
3.534101009368896484e+00 8.659124374389648438e+00 -6.741368770599365234e+00
3.580309629440307617e+00 8.706497192382812500e+00 -6.679717540740966797e+00
3.618051052093505859e+00 8.747350692749023438e+00 -6.629922866821289062e+00
3.652204513549804688e+00 8.781104087829589844e+00 -6.588899612426757812e+00
3.683342695236206055e+00 8.811130523681640625e+00 -6.551453590393066406e+00
3.710641384124755859e+00 8.838351249694824219e+00 -6.515258789062500000e+00
3.735085725784301758e+00 8.863370895385742188e+00 -6.479967117309570312e+00
3.757182359695434570e+00 8.888062477111816406e+00 -6.443012714385986328e+00
3.777899742126464844e+00 8.911694526672363281e+00 -6.403464794158935547e+00
3.796622991561889648e+00 8.936754226684570312e+00 -6.360923290252685547e+00
3.814602851867675781e+00 8.962707519531250000e+00 -6.315268039703369141e+00
3.832548379898071289e+00 8.992395401000976562e+00 -6.266561508178710938e+00
3.850243806838989258e+00 9.025245666503906250e+00 -6.213883876800537109e+00
3.868425607681274414e+00 9.058553695678710938e+00 -6.159440517425537109e+00
3.888759374618530273e+00 9.097773551940917969e+00 -6.103174209594726562e+00
3.908137559890747070e+00 9.141013145446777344e+00 -6.045015335083007812e+00
3.927602052688598633e+00 9.187356948852539062e+00 -5.986450672149658203e+00
3.946195840835571289e+00 9.237411499023437500e+00 -5.926365375518798828e+00
3.965514659881591797e+00 9.290487289428710938e+00 -5.864236354827880859e+00
3.983763694763183594e+00 9.346006393432617188e+00 -5.802924633026123047e+00
4.001726627349853516e+00 9.406628608703613281e+00 -5.737205505371093750e+00
4.018941879272460938e+00 9.471195220947265625e+00 -5.668900966644287109e+00
4.035934925079345703e+00 9.541016578674316406e+00 -5.596690654754638672e+00
4.053749084472656250e+00 9.615780830383300781e+00 -5.518111705780029297e+00
4.072115421295166016e+00 9.697549819946289062e+00 -5.434287071228027344e+00
4.091919898986816406e+00 9.789901733398437500e+00 -5.340531826019287109e+00
4.111118793487548828e+00 9.893690109252929688e+00 -5.236162185668945312e+00
4.130628585815429688e+00 1.001010036468505859e+01 -5.120330333709716797e+00
4.150429248809814453e+00 1.014287185668945312e+01 -4.989659786224365234e+00
4.168828010559082031e+00 1.029372406005859375e+01 -4.842686176300048828e+00
4.184071063995361328e+00 1.046592521667480469e+01 -4.678136825561523438e+00
4.192788600921630859e+00 1.065585899353027344e+01 -4.499979019165039062e+00
4.191381931304931641e+00 1.085588359832763672e+01 -4.316844463348388672e+00
4.169161319732666016e+00 1.106939888000488281e+01 -4.129940032958984375e+00
4.124883174896240234e+00 1.127762317657470703e+01 -3.954483509063720703e+00
4.043016910552978516e+00 1.149064159393310547e+01 -3.794902563095092773e+00
3.925404071807861328e+00 1.170568561553955078e+01 -3.649183034896850586e+00
3.780560493469238281e+00 1.193036937713623047e+01 -3.516117095947265625e+00
3.619972944259643555e+00 1.216504669189453125e+01 -3.395986318588256836e+00
3.448432922363281250e+00 1.241162014007568359e+01 -3.284562587738037109e+00
3.282336235046386719e+00 1.265635776519775391e+01 -3.186020374298095703e+00
3.132796287536621094e+00 1.289606857299804688e+01 -3.097820997238159180e+00
2.986738204956054688e+00 1.312426185607910156e+01 -3.013594150543212891e+00
2.854640722274780273e+00 1.333295917510986328e+01 -2.934187173843383789e+00
2.733687639236450195e+00 1.351914596557617188e+01 -2.859917640686035156e+00
2.626466751098632812e+00 1.368278312683105469e+01 -2.789916992187500000e+00
2.536408662796020508e+00 1.383430671691894531e+01 -2.724803447723388672e+00
2.457226514816284180e+00 1.396109199523925781e+01 -2.665680408477783203e+00
2.388643980026245117e+00 1.407264041900634766e+01 -2.612679004669189453e+00
2.334386587142944336e+00 1.418182849884033203e+01 -2.562369108200073242e+00
2.292789459228515625e+00 1.427649593353271484e+01 -2.519474983215332031e+00
2.263907194137573242e+00 1.435929489135742188e+01 -2.484121084213256836e+00
2.244759798049926758e+00 1.443210792541503906e+01 -2.456242084503173828e+00
2.235080718994140625e+00 1.448802471160888672e+01 -2.437464714050292969e+00
2.232787132263183594e+00 1.453218173980712891e+01 -2.424836397171020508e+00
2.236499309539794922e+00 1.456703662872314453e+01 -2.418118238449096680e+00
2.246634483337402344e+00 1.459383392333984375e+01 -2.416191339492797852e+00
2.263051271438598633e+00 1.461399841308593750e+01 -2.418830394744873047e+00
2.286666631698608398e+00 1.462939548492431641e+01 -2.426898956298828125e+00
2.318682432174682617e+00 1.464016437530517578e+01 -2.440122842788696289e+00
2.360438823699951172e+00 1.464648342132568359e+01 -2.458244323730468750e+00
2.414126157760620117e+00 1.464888000488281250e+01 -2.484487533569335938e+00
2.478207349777221680e+00 1.464512443542480469e+01 -2.517060279846191406e+00
2.554086685180664062e+00 1.463451766967773438e+01 -2.555931806564331055e+00
2.640240192413330078e+00 1.461402225494384766e+01 -2.600893020629882812e+00
2.735877037048339844e+00 1.458639430999755859e+01 -2.650302886962890625e+00
2.837610006332397461e+00 1.454622173309326172e+01 -2.701594352722167969e+00
2.946385622024536133e+00 1.449650001525878906e+01 -2.754270792007446289e+00
3.065308332443237305e+00 1.444120788574218750e+01 -2.808850526809692383e+00
3.199228763580322266e+00 1.438149166107177734e+01 -2.867194652557373047e+00
3.336047172546386719e+00 1.431469058990478516e+01 -2.921627759933471680e+00
3.483393669128417969e+00 1.424319934844970703e+01 -2.977292299270629883e+00
3.639122724533081055e+00 1.416658306121826172e+01 -3.031927347183227539e+00
3.796504735946655273e+00 1.408626270294189453e+01 -3.082718610763549805e+00
3.960991621017456055e+00 1.400103759765625000e+01 -3.131396770477294922e+00
4.121576786041259766e+00 1.390866470336914062e+01 -3.174566030502319336e+00
4.276280879974365234e+00 1.381580543518066406e+01 -3.208243131637573242e+00
4.426506996154785156e+00 1.372203254699707031e+01 -3.238945960998535156e+00
4.568508148193359375e+00 1.362709712982177734e+01 -3.263326644897460938e+00
4.702168941497802734e+00 1.353018760681152344e+01 -3.282453298568725586e+00
4.824368476867675781e+00 1.343497085571289062e+01 -3.295911312103271484e+00
4.935124874114990234e+00 1.333949661254882812e+01 -3.304457664489746094e+00
5.036316871643066406e+00 1.324764537811279297e+01 -3.309319019317626953e+00
5.127351284027099609e+00 1.315892505645751953e+01 -3.311882257461547852e+00
5.205062389373779297e+00 1.307539749145507812e+01 -3.311065196990966797e+00
5.274640560150146484e+00 1.299188518524169922e+01 -3.307381153106689453e+00
5.337724208831787109e+00 1.291146850585937500e+01 -3.302579402923583984e+00
5.388304233551025391e+00 1.283470630645751953e+01 -3.295662164688110352e+00
5.436147689819335938e+00 1.276025295257568359e+01 -3.284490823745727539e+00
5.468341827392578125e+00 1.268643188476562500e+01 -3.275008201599121094e+00
5.494060516357421875e+00 1.261866760253906250e+01 -3.259300231933593750e+00
5.513208389282226562e+00 1.255273246765136719e+01 -3.239729404449462891e+00
5.522272586822509766e+00 1.248750019073486328e+01 -3.214212894439697266e+00
5.526182174682617188e+00 1.242548751831054688e+01 -3.186033964157104492e+00
5.512852191925048828e+00 1.236766910552978516e+01 -3.161900520324707031e+00
5.499301910400390625e+00 1.230979728698730469e+01 -3.122924804687500000e+00
5.476197719573974609e+00 1.225459671020507812e+01 -3.075525045394897461e+00
5.446926116943359375e+00 1.220076751708984375e+01 -3.021290540695190430e+00
5.404095172882080078e+00 1.215048122406005859e+01 -2.955902338027954102e+00
5.351113796234130859e+00 1.210472297668457031e+01 -2.881952047348022461e+00
5.285281181335449219e+00 1.206439495086669922e+01 -2.796440601348876953e+00
5.207413673400878906e+00 1.203054523468017578e+01 -2.700665235519409180e+00
5.117377281188964844e+00 1.200122451782226562e+01 -2.591655015945434570e+00
5.013758659362792969e+00 1.198290824890136719e+01 -2.472928047180175781e+00
4.898789882659912109e+00 1.197295093536376953e+01 -2.341913938522338867e+00
4.772493839263916016e+00 1.197194480895996094e+01 -2.197755098342895508e+00
4.639355182647705078e+00 1.198110008239746094e+01 -2.045288324356079102e+00
4.506533622741699219e+00 1.199693679809570312e+01 -1.881319046020507812e+00
4.364415168762207031e+00 1.202490901947021484e+01 -1.711095809936523438e+00
4.224358081817626953e+00 1.205806255340576172e+01 -1.535478353500366211e+00
4.084987640380859375e+00 1.210055541992187500e+01 -1.355475783348083496e+00
3.950158119201660156e+00 1.214821434020996094e+01 -1.173034310340881348e+00
3.823181867599487305e+00 1.219772052764892578e+01 -9.912220835685729980e-01
3.702071428298950195e+00 1.224980068206787109e+01 -8.047598004341125488e-01
3.588874578475952148e+00 1.230105686187744141e+01 -6.185777783393859863e-01
3.486601591110229492e+00 1.234989738464355469e+01 -4.378035068511962891e-01
3.398555517196655273e+00 1.239495754241943359e+01 -2.613440155982971191e-01
3.322147130966186523e+00 1.243460464477539062e+01 -9.352268278598785400e-02
3.257315397262573242e+00 1.246853542327880859e+01 6.385832279920578003e-02
3.208319664001464844e+00 1.249572372436523438e+01 2.120389640331268311e-01
3.165227651596069336e+00 1.251780509948730469e+01 3.474667072296142578e-01
3.132737159729003906e+00 1.253520965576171875e+01 4.715299308300018311e-01
3.111068248748779297e+00 1.254660511016845703e+01 5.841187238693237305e-01
3.095812797546386719e+00 1.255467224121093750e+01 6.863189339637756348e-01
3.087278366088867188e+00 1.255757904052734375e+01 7.801341414451599121e-01
3.087010145187377930e+00 1.255772399902343750e+01 8.643459677696228027e-01
3.092844009399414062e+00 1.255462169647216797e+01 9.404391646385192871e-01
3.105158805847167969e+00 1.254891204833984375e+01 1.009722948074340820e+00
3.125694274902343750e+00 1.253946495056152344e+01 1.074867367744445801e+00
3.151865482330322266e+00 1.252789306640625000e+01 1.134972929954528809e+00
3.185801267623901367e+00 1.251374530792236328e+01 1.191117048263549805e+00
3.228019714355468750e+00 1.249635791778564453e+01 1.244358777999877930e+00
3.280548334121704102e+00 1.247596645355224609e+01 1.295335531234741211e+00
3.344161510467529297e+00 1.245229911804199219e+01 1.344756364822387695e+00
3.420177459716796875e+00 1.242577838897705078e+01 1.391572594642639160e+00
3.510794401168823242e+00 1.239525985717773438e+01 1.435311198234558105e+00
3.615511655807495117e+00 1.236282539367675781e+01 1.475269198417663574e+00
3.737119674682617188e+00 1.232784366607666016e+01 1.510749578475952148e+00
3.876403570175170898e+00 1.229184055328369141e+01 1.537751436233520508e+00
4.029243469238281250e+00 1.225526809692382812e+01 1.555649042129516602e+00
4.197154045104980469e+00 1.222004032135009766e+01 1.556366682052612305e+00
4.378505229949951172e+00 1.218597793579101562e+01 1.542511582374572754e+00
4.564407348632812500e+00 1.215411949157714844e+01 1.512489438056945801e+00
4.756548881530761719e+00 1.212432098388671875e+01 1.464325666427612305e+00
4.949384689331054688e+00 1.209604549407958984e+01 1.399977087974548340e+00
5.140087604522705078e+00 1.206984615325927734e+01 1.318904280662536621e+00
5.327116966247558594e+00 1.204456615447998047e+01 1.221901297569274902e+00
5.505342960357666016e+00 1.201983261108398438e+01 1.113285303115844727e+00
5.677398681640625000e+00 1.199646091461181641e+01 9.916712641716003418e-01
5.838171958923339844e+00 1.197355079650878906e+01 8.576921224594116211e-01
5.989404678344726562e+00 1.194901180267333984e+01 7.186815738677978516e-01
6.128928661346435547e+00 1.192155075073242188e+01 5.698365569114685059e-01
6.259185791015625000e+00 1.189233779907226562e+01 4.136045873165130615e-01
6.380535602569580078e+00 1.185896396636962891e+01 2.529893517494201660e-01
6.491353511810302734e+00 1.181995010375976562e+01 9.003864228725433350e-02
6.595387935638427734e+00 1.177535820007324219e+01 -7.359256595373153687e-02
6.690254211425781250e+00 1.172593975067138672e+01 -2.368302643299102783e-01
6.776943683624267578e+00 1.167235946655273438e+01 -3.949160873889923096e-01
6.854005336761474609e+00 1.161579418182373047e+01 -5.468323826789855957e-01
6.923448562622070312e+00 1.155722522735595703e+01 -6.884559988975524902e-01
6.983875274658203125e+00 1.149472808837890625e+01 -8.197271823883056641e-01
7.039185523986816406e+00 1.143547916412353516e+01 -9.385954737663269043e-01
7.086875915527343750e+00 1.137204551696777344e+01 -1.046732544898986816e+00
7.130142688751220703e+00 1.131073760986328125e+01 -1.144199848175048828e+00
7.172050952911376953e+00 1.125068759918212891e+01 -1.230942249298095703e+00
7.208459854125976562e+00 1.119035625457763672e+01 -1.306552052497863770e+00
7.243058681488037109e+00 1.112799835205078125e+01 -1.369527578353881836e+00
7.271826744079589844e+00 1.106731319427490234e+01 -1.422509908676147461e+00
7.289131641387939453e+00 1.100124359130859375e+01 -1.470576286315917969e+00
7.311435222625732422e+00 1.093847656250000000e+01 -1.504779338836669922e+00
7.328611850738525391e+00 1.087639045715332031e+01 -1.528199195861816406e+00
7.340013027191162109e+00 1.081514930725097656e+01 -1.539155602455139160e+00
7.345469951629638672e+00 1.075375270843505859e+01 -1.539663672447204590e+00
7.342149734497070312e+00 1.069287776947021484e+01 -1.529296875000000000e+00
7.327810764312744141e+00 1.063104248046875000e+01 -1.508319973945617676e+00
7.301562309265136719e+00 1.056870460510253906e+01 -1.473490238189697266e+00
7.256129264831542969e+00 1.050489711761474609e+01 -1.423507809638977051e+00
7.190532207489013672e+00 1.043987083435058594e+01 -1.354557037353515625e+00
7.114004135131835938e+00 1.037609481811523438e+01 -1.266553163528442383e+00
7.025978565216064453e+00 1.031348133087158203e+01 -1.156202435493469238e+00
6.925110340118408203e+00 1.024779033660888672e+01 -1.027448177337646484e+00
6.814355850219726562e+00 1.017445373535156250e+01 -8.770520091056823730e-01
6.690982818603515625e+00 1.009231758117675781e+01 -7.075056433677673340e-01
6.556515216827392578e+00 1.000205039978027344e+01 -5.206413865089416504e-01
6.409202575683593750e+00 9.906112670898437500e+00 -3.206878900527954102e-01
6.249667644500732422e+00 9.809983253479003906e+00 -1.128664240241050720e-01
6.087098598480224609e+00 9.723405838012695312e+00 9.697612375020980835e-02
5.916352748870849609e+00 9.650697708129882812e+00 3.072635829448699951e-01
5.742450714111328125e+00 9.594344139099121094e+00 5.191521048545837402e-01
5.567404747009277344e+00 9.554450988769531250e+00 7.302702665328979492e-01
5.388032436370849609e+00 9.537669181823730469e+00 9.441210031509399414e-01
5.208230972290039062e+00 9.540444374084472656e+00 1.158400893211364746e+00
5.028988361358642578e+00 9.558694839477539062e+00 1.372876048088073730e+00
4.857833385467529297e+00 9.593023300170898438e+00 1.584797143936157227e+00
4.691818714141845703e+00 9.638467788696289062e+00 1.798503994941711426e+00
4.537887096405029297e+00 9.688507080078125000e+00 2.007949590682983398e+00
4.399653434753417969e+00 9.736813545227050781e+00 2.207119226455688477e+00
4.279903888702392578e+00 9.777854919433593750e+00 2.393965482711791992e+00
4.181120872497558594e+00 9.808078765869140625e+00 2.563124179840087891e+00
4.100492954254150391e+00 9.827221870422363281e+00 2.715012788772583008e+00
4.037426948547363281e+00 9.829760551452636719e+00 2.848309516906738281e+00
3.990753889083862305e+00 9.827480316162109375e+00 2.966116666793823242e+00
3.958691120147705078e+00 9.813429832458496094e+00 3.063878774642944336e+00
3.936335802078247070e+00 9.791095733642578125e+00 3.143516302108764648e+00
3.924457550048828125e+00 9.764631271362304688e+00 3.207179069519042969e+00
3.922655820846557617e+00 9.735396385192871094e+00 3.257566452026367188e+00
3.930163621902465820e+00 9.705976486206054688e+00 3.295389413833618164e+00
3.948836565017700195e+00 9.676228523254394531e+00 3.322688341140747070e+00
3.979749441146850586e+00 9.648389816284179688e+00 3.341016054153442383e+00
4.025733947753906250e+00 9.622389793395996094e+00 3.350839138031005859e+00
4.091100692749023438e+00 9.598737716674804688e+00 3.352172851562500000e+00
4.178526401519775391e+00 9.579213142395019531e+00 3.343007087707519531e+00
4.290533065795898438e+00 9.565721511840820312e+00 3.321892023086547852e+00
4.421005249023437500e+00 9.559356689453125000e+00 3.279770374298095703e+00
4.578739643096923828e+00 9.569558143615722656e+00 3.226895809173583984e+00
4.747898578643798828e+00 9.591954231262207031e+00 3.151964902877807617e+00
4.929623126983642578e+00 9.621671676635742188e+00 3.060589551925659180e+00
5.121902942657470703e+00 9.658207893371582031e+00 2.951513767242431641e+00
5.323566913604736328e+00 9.697005271911621094e+00 2.828363418579101562e+00
5.532223224639892578e+00 9.736841201782226562e+00 2.692018032073974609e+00
5.737241744995117188e+00 9.773950576782226562e+00 2.549344062805175781e+00
5.941988945007324219e+00 9.812008857727050781e+00 2.398540973663330078e+00
6.136698246002197266e+00 9.845953941345214844e+00 2.245232343673706055e+00
6.322062015533447266e+00 9.876626014709472656e+00 2.090913295745849609e+00
6.495553970336914062e+00 9.903229713439941406e+00 1.933251023292541504e+00
6.659409999847412109e+00 9.925025939941406250e+00 1.772644996643066406e+00
6.808893680572509766e+00 9.942327499389648438e+00 1.610266923904418945e+00
6.947072982788085938e+00 9.955348968505859375e+00 1.447641611099243164e+00
7.072953701019287109e+00 9.964189529418945312e+00 1.283813714981079102e+00
7.188279151916503906e+00 9.968329429626464844e+00 1.119449973106384277e+00
7.291788578033447266e+00 9.967718124389648438e+00 9.572017788887023926e-01
7.386723041534423828e+00 9.962824821472167969e+00 7.952126860618591309e-01
7.471523284912109375e+00 9.953457832336425781e+00 6.341086626052856445e-01
7.546950817108154297e+00 9.938461303710937500e+00 4.750021398067474365e-01
7.615655899047851562e+00 9.920438766479492188e+00 3.211938440799713135e-01
7.676742553710937500e+00 9.900052070617675781e+00 1.721410006284713745e-01
7.730987071990966797e+00 9.875213623046875000e+00 2.831158041954040527e-02
7.779081821441650391e+00 9.846688270568847656e+00 -1.099709644913673401e-01
7.821336746215820312e+00 9.815484046936035156e+00 -2.406424134969711304e-01
7.858622550964355469e+00 9.781476974487304688e+00 -3.646285533905029297e-01
7.889815807342529297e+00 9.744236946105957031e+00 -4.807575345039367676e-01
7.913750171661376953e+00 9.703701972961425781e+00 -5.890846252441406250e-01
7.935918331146240234e+00 9.662860870361328125e+00 -6.910938620567321777e-01
7.952277183532714844e+00 9.620219230651855469e+00 -7.859356403350830078e-01
7.959756374359130859e+00 9.574138641357421875e+00 -8.795994520187377930e-01
7.964457035064697266e+00 9.527840614318847656e+00 -9.664214253425598145e-01
7.962469100952148438e+00 9.481707572937011719e+00 -1.044987201690673828e+00
7.951587677001953125e+00 9.432775497436523438e+00 -1.110832571983337402e+00
7.934512138366699219e+00 9.385147094726562500e+00 -1.171045780181884766e+00
7.910645008087158203e+00 9.338067054748535156e+00 -1.221390485763549805e+00
7.879172801971435547e+00 9.288807868957519531e+00 -1.258574485778808594e+00
7.844651699066162109e+00 9.244857788085937500e+00 -1.288957357406616211e+00
7.807484626770019531e+00 9.201272964477539062e+00 -1.305012106895446777e+00
7.764874935150146484e+00 9.158967018127441406e+00 -1.311558008193969727e+00
7.714994907379150391e+00 9.119023323059082031e+00 -1.303544282913208008e+00
7.662693500518798828e+00 9.079393386840820312e+00 -1.286098718643188477e+00
7.603966712951660156e+00 9.041046142578125000e+00 -1.255408644676208496e+00
7.539990425109863281e+00 9.003548622131347656e+00 -1.218296766281127930e+00
7.474366188049316406e+00 8.968376159667968750e+00 -1.165139913558959961e+00
7.407289028167724609e+00 8.934778213500976562e+00 -1.105399370193481445e+00
7.329358100891113281e+00 8.901395797729492188e+00 -1.034630417823791504e+00
7.244459629058837891e+00 8.871878623962402344e+00 -9.563279151916503906e-01
7.147636413574218750e+00 8.841224670410156250e+00 -8.694938421249389648e-01
7.040018081665039062e+00 8.809882164001464844e+00 -7.736687660217285156e-01
6.916452884674072266e+00 8.779211997985839844e+00 -6.632758378982543945e-01
6.777702808380126953e+00 8.750009536743164062e+00 -5.379874110221862793e-01
6.623479843139648438e+00 8.721923828125000000e+00 -3.974385559558868408e-01
6.455752849578857422e+00 8.698162078857421875e+00 -2.390480041503906250e-01
6.275117397308349609e+00 8.675467491149902344e+00 -6.870413571596145630e-02
6.091205596923828125e+00 8.660093307495117188e+00 1.165580302476882935e-01
5.903297901153564453e+00 8.650351524353027344e+00 3.125225603580474854e-01
5.717546939849853516e+00 8.643350601196289062e+00 5.135504603385925293e-01
5.533486843109130859e+00 8.641393661499023438e+00 7.177425026893615723e-01
5.351011753082275391e+00 8.638981819152832031e+00 9.253379106521606445e-01
5.168423175811767578e+00 8.638622283935546875e+00 1.132222652435302734e+00
4.996427059173583984e+00 8.639132499694824219e+00 1.336478114128112793e+00
4.821726799011230469e+00 8.638277053833007812e+00 1.536601662635803223e+00
4.652400493621826172e+00 8.634220123291015625e+00 1.737657308578491211e+00
4.485111713409423828e+00 8.626675605773925781e+00 1.933899164199829102e+00
4.316844463348388672e+00 8.616659164428710938e+00 2.122765064239501953e+00
4.160719871520996094e+00 8.602787971496582031e+00 2.306371927261352539e+00
4.004554748535156250e+00 8.588519096374511719e+00 2.480764627456665039e+00
3.855500936508178711e+00 8.573795318603515625e+00 2.644502639770507812e+00
3.712081909179687500e+00 8.557405471801757812e+00 2.796441078186035156e+00
3.573849201202392578e+00 8.539731979370117188e+00 2.938475608825683594e+00
3.451300859451293945e+00 8.516156196594238281e+00 3.054599046707153320e+00
3.327859640121459961e+00 8.484497070312500000e+00 3.161734580993652344e+00
3.210844039916992188e+00 8.445227622985839844e+00 3.252491474151611328e+00
3.100623846054077148e+00 8.398440361022949219e+00 3.331534624099731445e+00
2.996887207031250000e+00 8.347709655761718750e+00 3.399396419525146484e+00
2.898693799972534180e+00 8.299090385437011719e+00 3.460861206054687500e+00
2.807549476623535156e+00 8.247883796691894531e+00 3.513982534408569336e+00
2.723321676254272461e+00 8.200058937072753906e+00 3.562364339828491211e+00
2.645165443420410156e+00 8.152833938598632812e+00 3.605015277862548828e+00
2.570349931716918945e+00 8.107849121093750000e+00 3.646414041519165039e+00
2.502588272094726562e+00 8.067615509033203125e+00 3.679697751998901367e+00
2.437340974807739258e+00 8.024732589721679688e+00 3.712463855743408203e+00
2.377257823944091797e+00 7.985836982727050781e+00 3.741734266281127930e+00
2.318849802017211914e+00 7.945456504821777344e+00 3.769683599472045898e+00
2.262280941009521484e+00 7.912528514862060547e+00 3.795989036560058594e+00
2.203521728515625000e+00 7.874300479888916016e+00 3.820695638656616211e+00
2.149222612380981445e+00 7.838260650634765625e+00 3.844125270843505859e+00
2.094671487808227539e+00 7.802141666412353516e+00 3.864023685455322266e+00
2.048583507537841797e+00 7.775071620941162109e+00 3.890468835830688477e+00
1.998495697975158691e+00 7.736476421356201172e+00 3.910348415374755859e+00
1.946641325950622559e+00 7.708212852478027344e+00 3.939632892608642578e+00
1.895857095718383789e+00 7.666755199432373047e+00 3.959519863128662109e+00
1.836133599281311035e+00 7.631900787353515625e+00 3.978662014007568359e+00
1.778533816337585449e+00 7.593987464904785156e+00 4.006928443908691406e+00
1.724199652671813965e+00 7.552934646606445312e+00 4.027158260345458984e+00
1.664048433303833008e+00 7.520533561706542969e+00 4.049225330352783203e+00
1.607510089874267578e+00 7.477644920349121094e+00 4.069751739501953125e+00
1.550769329071044922e+00 7.436813354492187500e+00 4.097653388977050781e+00
1.486258029937744141e+00 7.388453483581542969e+00 4.111633300781250000e+00
1.424681067466735840e+00 7.346652507781982422e+00 4.135596752166748047e+00
1.363934636116027832e+00 7.306061744689941406e+00 4.176466941833496094e+00
1.295102953910827637e+00 7.258994102478027344e+00 4.194135665893554688e+00
1.228662371635437012e+00 7.216695308685302734e+00 4.230523586273193359e+00
1.161604404449462891e+00 7.167272567749023438e+00 4.261954307556152344e+00
1.090957880020141602e+00 7.115474700927734375e+00 4.290990352630615234e+00
1.017528414726257324e+00 7.063475131988525391e+00 4.327334403991699219e+00
9.469347596168518066e-01 7.010278701782226562e+00 4.360693454742431641e+00
8.738346695899963379e-01 6.956622123718261719e+00 4.395670413970947266e+00
7.957068681716918945e-01 6.899213314056396484e+00 4.431871414184570312e+00
7.198647260665893555e-01 6.841761589050292969e+00 4.472325325012207031e+00
6.424636244773864746e-01 6.781724452972412109e+00 4.507882595062255859e+00
5.703927278518676758e-01 6.729895591735839844e+00 4.550358295440673828e+00
4.911013543605804443e-01 6.669569492340087891e+00 4.589617729187011719e+00
4.128441214561462402e-01 6.607656478881835938e+00 4.634771823883056641e+00
3.336833119392395020e-01 6.548179626464843750e+00 4.678322315216064453e+00
2.540297508239746094e-01 6.488723754882812500e+00 4.723556041717529297e+00
1.761715561151504517e-01 6.431318283081054688e+00 4.767903804779052734e+00
9.578488767147064209e-02 6.364333152770996094e+00 4.816237926483154297e+00
2.036565542221069336e-02 6.306779861450195312e+00 4.865692138671875000e+00
-5.758610740303993225e-02 6.246605396270751953e+00 4.916089534759521484e+00
-1.358878612518310547e-01 6.187689781188964844e+00 4.964913368225097656e+00
-2.140666395425796509e-01 6.127387046813964844e+00 5.017193317413330078e+00
-2.920655310153961182e-01 6.068119049072265625e+00 5.069913864135742188e+00
-3.694338798522949219e-01 6.008585453033447266e+00 5.122461318969726562e+00
-4.494790434837341309e-01 5.949329853057861328e+00 5.177141666412353516e+00
-5.257335305213928223e-01 5.894407272338867188e+00 5.234583854675292969e+00
-6.045339703559875488e-01 5.835137844085693359e+00 5.290654182434082031e+00
-6.793950796127319336e-01 5.778694152832031250e+00 5.347128868103027344e+00
-7.524169087409973145e-01 5.726660251617431641e+00 5.402017116546630859e+00
-8.308466672897338867e-01 5.669955253601074219e+00 5.462663650512695312e+00
-9.084621071815490723e-01 5.613633632659912109e+00 5.522894859313964844e+00
-9.856054782867431641e-01 5.559875488281250000e+00 5.584595203399658203e+00
-1.060805082321166992e+00 5.503840923309326172e+00 5.645166397094726562e+00
-1.137217760086059570e+00 5.453816413879394531e+00 5.707603931427001953e+00
-1.212086319923400879e+00 5.402543544769287109e+00 5.767763614654541016e+00
-1.288643002510070801e+00 5.360784053802490234e+00 5.825531005859375000e+00
-1.362285375595092773e+00 5.311859607696533203e+00 5.888668537139892578e+00
-1.434868335723876953e+00 5.266242980957031250e+00 5.947840213775634766e+00
-1.505288600921630859e+00 5.225221633911132812e+00 6.006285190582275391e+00
-1.574455261230468750e+00 5.185083866119384766e+00 6.061917304992675781e+00
-1.638629794120788574e+00 5.143578529357910156e+00 6.121149063110351562e+00
-1.706244349479675293e+00 5.121149063110351562e+00 6.181453227996826172e+00
-1.768372416496276855e+00 5.087281703948974609e+00 6.233380794525146484e+00
-1.824744939804077148e+00 5.055136203765869141e+00 6.286376476287841797e+00
-1.884368896484375000e+00 5.014596462249755859e+00 6.327208042144775391e+00
-1.924242138862609863e+00 4.984909057617187500e+00 6.387849807739257812e+00
-1.981784462928771973e+00 4.938857555389404297e+00 6.420792579650878906e+00
-2.055846452713012695e+00 4.920789241790771484e+00 6.435422897338867188e+00
-2.104604721069335938e+00 4.877343177795410156e+00 6.465586662292480469e+00
-2.058020591735839844e+00 4.856292724609375000e+00 6.618647575378417969e+00
-2.170014619827270508e+00 4.805661678314208984e+00 6.556575298309326172e+00
-2.257973194122314453e+00 4.786268234252929688e+00 6.541450977325439453e+00
-2.216877937316894531e+00 4.772565841674804688e+00 6.681258201599121094e+00
-2.270793437957763672e+00 4.756957530975341797e+00 6.700288295745849609e+00
-2.349866151809692383e+00 4.748719692230224609e+00 6.688859939575195312e+00
-2.397421121597290039e+00 4.753364562988281250e+00 6.715539455413818359e+00
-2.419957876205444336e+00 4.761404037475585938e+00 6.774728775024414062e+00
-2.445506334304809570e+00 4.782629966735839844e+00 6.830484390258789062e+00
-2.500820875167846680e+00 4.811181068420410156e+00 6.848968505859375000e+00
-2.529606819152832031e+00 4.848184108734130859e+00 6.894125461578369141e+00
-2.577499628067016602e+00 4.892274856567382812e+00 6.924729347229003906e+00
-2.627573728561401367e+00 4.931234359741210938e+00 6.955385684967041016e+00
-2.682862758636474609e+00 4.933128833770751953e+00 6.998247623443603516e+00
-2.744740962982177734e+00 4.975353240966796875e+00 7.030724525451660156e+00
-2.797989130020141602e+00 5.019014358520507812e+00 7.079701900482177734e+00
-2.860627889633178711e+00 5.065269947052001953e+00 7.127707958221435547e+00
-2.928263187408447266e+00 5.105543613433837891e+00 7.182746410369873047e+00
-3.005981683731079102e+00 5.134547233581542969e+00 7.249477386474609375e+00
-3.088857889175415039e+00 5.179913997650146484e+00 7.312135219573974609e+00
-3.179078102111816406e+00 5.228868007659912109e+00 7.378499507904052734e+00
-3.273074865341186523e+00 5.280858516693115234e+00 7.452810287475585938e+00
-3.374668121337890625e+00 5.339453220367431641e+00 7.526073932647705078e+00
-3.477890253067016602e+00 5.392953872680664062e+00 7.607234477996826172e+00
-3.588545322418212891e+00 5.446798324584960938e+00 7.686529636383056641e+00
-3.698402881622314453e+00 5.508968830108642578e+00 7.764604568481445312e+00
-3.804674148559570312e+00 5.566730499267578125e+00 7.837338447570800781e+00
-3.906117677688598633e+00 5.625908374786376953e+00 7.904883384704589844e+00
-3.998971223831176758e+00 5.686762809753417969e+00 7.970430850982666016e+00
-4.059539794921875000e+00 5.727533817291259766e+00 8.045415878295898438e+00
-4.147200584411621094e+00 5.766082763671875000e+00 8.101230621337890625e+00
-4.211815834045410156e+00 5.806968212127685547e+00 8.157804489135742188e+00
-4.267387866973876953e+00 5.845394134521484375e+00 8.213048934936523438e+00
-4.408735275268554688e+00 5.749434471130371094e+00 8.231293678283691406e+00
-4.255126953125000000e+00 5.959493160247802734e+00 8.427313804626464844e+00
-4.277346134185791016e+00 5.976005077362060547e+00 8.520658493041992188e+00
-4.600820541381835938e+00 5.665544986724853516e+00 8.428971290588378906e+00
-4.639631748199462891e+00 5.663357734680175781e+00 8.500921249389648438e+00
-4.666137695312500000e+00 5.681535243988037109e+00 8.578600883483886719e+00
-4.693180084228515625e+00 5.702564716339111328e+00 8.639437675476074219e+00
-4.522534847259521484e+00 5.931825637817382812e+00 8.804300308227539062e+00
-4.577844619750976562e+00 5.936344146728515625e+00 8.832674026489257812e+00
-4.567575931549072266e+00 6.025079727172851562e+00 8.852204322814941406e+00
-4.626514911651611328e+00 6.030047416687011719e+00 8.866952896118164062e+00
-4.643704414367675781e+00 6.083970546722412109e+00 8.869214057922363281e+00
-4.914329051971435547e+00 5.864151477813720703e+00 8.753333091735839844e+00
-4.964882373809814453e+00 5.882987499237060547e+00 8.709625244140625000e+00
-5.003536701202392578e+00 5.913773059844970703e+00 8.696260452270507812e+00
-4.705387115478515625e+00 6.312190055847167969e+00 8.792078971862792969e+00
-4.720667362213134766e+00 6.370330810546875000e+00 8.752556800842285156e+00
-4.742944717407226562e+00 6.438467502593994141e+00 8.686943054199218750e+00
-5.148763179779052734e+00 6.072962284088134766e+00 8.466012001037597656e+00
-5.158527851104736328e+00 6.141091823577880859e+00 8.391955375671386719e+00
-5.160707473754882812e+00 6.220538139343261719e+00 8.339088439941406250e+00
-5.155169010162353516e+00 6.313692092895507812e+00 8.302814483642578125e+00
-4.948524475097656250e+00 6.618864536285400391e+00 8.431004524230957031e+00
-4.997020721435546875e+00 6.665405273437500000e+00 8.444853782653808594e+00
-5.072690010070800781e+00 6.682237625122070312e+00 8.391715049743652344e+00
-5.169188976287841797e+00 6.682105064392089844e+00 8.311344146728515625e+00
-5.369305610656738281e+00 6.577312469482421875e+00 8.288105010986328125e+00
-5.348025321960449219e+00 6.725208759307861328e+00 8.606793403625488281e+00
-5.503390789031982422e+00 6.657629013061523438e+00 8.435410499572753906e+00
-5.524048328399658203e+00 6.747788906097412109e+00 8.502471923828125000e+00
-5.521445274353027344e+00 6.865376472473144531e+00 8.447773933410644531e+00
-5.599276065826416016e+00 6.893398284912109375e+00 8.434978485107421875e+00
-5.650397777557373047e+00 6.954536437988281250e+00 8.452886581420898438e+00
-5.714855194091796875e+00 7.002054691314697266e+00 8.451710700988769531e+00
-5.768816471099853516e+00 7.060876846313476562e+00 8.462818145751953125e+00
-5.841454982757568359e+00 7.107093334197998047e+00 8.468804359436035156e+00
-5.910535335540771484e+00 7.159424304962158203e+00 8.472753524780273438e+00
-5.985597133636474609e+00 7.213704109191894531e+00 8.478512763977050781e+00
-6.051315784454345703e+00 7.265385150909423828e+00 8.498283386230468750e+00
-6.121744155883789062e+00 7.328137874603271484e+00 8.504797935485839844e+00
-6.192038536071777344e+00 7.396281242370605469e+00 8.508887290954589844e+00
-6.260011196136474609e+00 7.471962928771972656e+00 8.507971763610839844e+00
-6.338052272796630859e+00 7.533705711364746094e+00 8.516858100891113281e+00
-6.413360595703125000e+00 7.601583003997802734e+00 8.527688980102539062e+00
-6.487227439880371094e+00 7.671477794647216797e+00 8.535517692565917969e+00
-6.559237957000732422e+00 7.742803096771240234e+00 8.546525955200195312e+00
-6.631894111633300781e+00 7.808385372161865234e+00 8.560059547424316406e+00
-6.702087402343750000e+00 7.872937679290771484e+00 8.574643135070800781e+00
-6.766244411468505859e+00 7.936418533325195312e+00 8.588994026184082031e+00
-6.827118396759033203e+00 7.997745513916015625e+00 8.605451583862304688e+00
-6.884770870208740234e+00 8.055768966674804688e+00 8.618782997131347656e+00
-6.938483715057373047e+00 8.111306190490722656e+00 8.640002250671386719e+00
-6.994045257568359375e+00 8.166671752929687500e+00 8.662194252014160156e+00
-7.044225692749023438e+00 8.219774246215820312e+00 8.686561584472656250e+00
-7.092080116271972656e+00 8.275238990783691406e+00 8.713292121887207031e+00
-7.138584613800048828e+00 8.327691078186035156e+00 8.742385864257812500e+00
-7.185498714447021484e+00 8.378634452819824219e+00 8.774579048156738281e+00
-7.231383323669433594e+00 8.431336402893066406e+00 8.808935165405273438e+00
-7.282038688659667969e+00 8.485652923583984375e+00 8.840847015380859375e+00
-7.337306499481201172e+00 8.539482116699218750e+00 8.875691413879394531e+00
-7.388535499572753906e+00 8.594481468200683594e+00 8.914791107177734375e+00
-7.444672107696533203e+00 8.651335716247558594e+00 8.953402519226074219e+00
-7.503366470336914062e+00 8.711533546447753906e+00 8.995790481567382812e+00
-7.566884994506835938e+00 8.771128654479980469e+00 9.036948204040527344e+00
-7.631044864654541016e+00 8.836282730102539062e+00 9.078826904296875000e+00
-7.698130607604980469e+00 8.900666236877441406e+00 9.120297431945800781e+00
-7.762172222137451172e+00 8.956038475036621094e+00 9.149744033813476562e+00
-7.832288265228271484e+00 9.024204254150390625e+00 9.188847541809082031e+00
-7.908197402954101562e+00 9.085733413696289062e+00 9.216205596923828125e+00
-7.976698875427246094e+00 9.150342941284179688e+00 9.251255989074707031e+00
-8.044357299804687500e+00 9.213257789611816406e+00 9.281991004943847656e+00
-8.110848426818847656e+00 9.278347969055175781e+00 9.310847282409667969e+00
-8.181495666503906250e+00 9.331820487976074219e+00 9.330501556396484375e+00
-8.249814033508300781e+00 9.382447242736816406e+00 9.345695495605468750e+00
-8.318090438842773438e+00 9.428074836730957031e+00 9.355804443359375000e+00
-8.381667137145996094e+00 9.473720550537109375e+00 9.354546546936035156e+00
-8.444549560546875000e+00 9.509125709533691406e+00 9.346580505371093750e+00
-8.498969078063964844e+00 9.553038597106933594e+00 9.328420639038085938e+00
-8.558990478515625000e+00 9.578542709350585938e+00 9.307477951049804688e+00
-8.611925125122070312e+00 9.601360321044921875e+00 9.278869628906250000e+00
-8.656406402587890625e+00 9.626766204833984375e+00 9.237612724304199219e+00
-8.712411880493164062e+00 9.630743980407714844e+00 9.197485923767089844e+00
-8.750056266784667969e+00 9.645747184753417969e+00 9.137570381164550781e+00
-8.783424377441406250e+00 9.656386375427246094e+00 9.071712493896484375e+00
-8.824449539184570312e+00 9.646114349365234375e+00 9.004219055175781250e+00
-8.861103057861328125e+00 9.639106750488281250e+00 8.927888870239257812e+00
-8.884430885314941406e+00 9.628309249877929688e+00 8.845550537109375000e+00
-8.911027908325195312e+00 9.607461929321289062e+00 8.757173538208007812e+00
-8.938722610473632812e+00 9.581804275512695312e+00 8.666475296020507812e+00
-8.958225250244140625e+00 9.553915977478027344e+00 8.570550918579101562e+00
-8.966203689575195312e+00 9.529907226562500000e+00 8.469991683959960938e+00
-8.987096786499023438e+00 9.497281074523925781e+00 8.367250442504882812e+00
-9.014679908752441406e+00 9.470390319824218750e+00 8.260203361511230469e+00
-9.024718284606933594e+00 9.438293457031250000e+00 8.155136108398437500e+00
-9.036277770996093750e+00 9.401992797851562500e+00 8.046835899353027344e+00
-9.044361114501953125e+00 9.366525650024414062e+00 7.939620494842529297e+00
-9.049994468688964844e+00 9.329989433288574219e+00 7.834590435028076172e+00
-9.053520202636718750e+00 9.293693542480468750e+00 7.732804775238037109e+00
-9.042771339416503906e+00 9.259599685668945312e+00 7.633618831634521484e+00
-9.055698394775390625e+00 9.232795715332031250e+00 7.537803649902343750e+00
-9.051706314086914062e+00 9.191443443298339844e+00 7.449190616607666016e+00
-9.045974731445312500e+00 9.157572746276855469e+00 7.361166000366210938e+00
-9.044303894042968750e+00 9.126198768615722656e+00 7.279939174652099609e+00
-9.032945632934570312e+00 9.093086242675781250e+00 7.197216033935546875e+00
-9.019677162170410156e+00 9.059338569641113281e+00 7.118164062500000000e+00
-9.003248214721679688e+00 9.029812812805175781e+00 7.038625240325927734e+00
-8.987179756164550781e+00 8.997068405151367188e+00 6.964188098907470703e+00
-8.970435142517089844e+00 8.960423469543457031e+00 6.893988132476806641e+00
-8.952678680419921875e+00 8.928931236267089844e+00 6.822632312774658203e+00
-8.934793472290039062e+00 8.887680053710937500e+00 6.759766101837158203e+00
-8.925031661987304688e+00 8.837661743164062500e+00 6.701568603515625000e+00
-8.913969039916992188e+00 8.782685279846191406e+00 6.650166988372802734e+00
-8.893718719482421875e+00 8.731986999511718750e+00 6.597047328948974609e+00
-8.874677658081054688e+00 8.673516273498535156e+00 6.550466537475585938e+00
-8.852275848388671875e+00 8.627138137817382812e+00 6.501292228698730469e+00
-8.830007553100585938e+00 8.588329315185546875e+00 6.451215267181396484e+00
-8.805538177490234375e+00 8.559049606323242188e+00 6.402295589447021484e+00
-8.778555870056152344e+00 8.531214714050292969e+00 6.355224609375000000e+00
-8.760886192321777344e+00 8.517983436584472656e+00 6.303836822509765625e+00
-8.744294166564941406e+00 8.512198448181152344e+00 6.251525878906250000e+00
-8.730737686157226562e+00 8.514774322509765625e+00 6.196047782897949219e+00
-8.717879295349121094e+00 8.524856567382812500e+00 6.139296054840087891e+00
-8.708556175231933594e+00 8.541874885559082031e+00 6.079733371734619141e+00
-8.694495201110839844e+00 8.571462631225585938e+00 6.017860412597656250e+00
-8.703752517700195312e+00 8.601236343383789062e+00 5.950706958770751953e+00
-8.703384399414062500e+00 8.630002021789550781e+00 5.879689216613769531e+00
-8.701567649841308594e+00 8.657420158386230469e+00 5.805268287658691406e+00
-8.698533058166503906e+00 8.679405212402343750e+00 5.722640037536621094e+00
-8.691106796264648438e+00 8.692124366760253906e+00 5.630638122558593750e+00
-8.686313629150390625e+00 8.713602066040039062e+00 5.534663677215576172e+00
-8.678695678710937500e+00 8.733001708984375000e+00 5.428452014923095703e+00
-8.669111251831054688e+00 8.747645378112792969e+00 5.313770294189453125e+00
-8.659605026245117188e+00 8.765800476074218750e+00 5.194721698760986328e+00
-8.647025108337402344e+00 8.783959388732910156e+00 5.070727825164794922e+00
-8.632959365844726562e+00 8.797472953796386719e+00 4.944226264953613281e+00
-8.619024276733398438e+00 8.811973571777343750e+00 4.818621158599853516e+00
-8.605330467224121094e+00 8.825676918029785156e+00 4.694993972778320312e+00
-8.589084625244140625e+00 8.834317207336425781e+00 4.579491615295410156e+00
-8.578262329101562500e+00 8.845051765441894531e+00 4.468982219696044922e+00
-8.566329956054687500e+00 8.856069564819335938e+00 4.365192413330078125e+00
-8.555007934570312500e+00 8.867678642272949219e+00 4.270010471343994141e+00
-8.543699264526367188e+00 8.877238273620605469e+00 4.180108547210693359e+00
-8.532475471496582031e+00 8.886521339416503906e+00 4.095345020294189453e+00
-8.521207809448242188e+00 8.896573066711425781e+00 4.014460563659667969e+00
-8.509199142456054688e+00 8.909999847412109375e+00 3.939168691635131836e+00
-8.496052742004394531e+00 8.923048019409179688e+00 3.860459566116333008e+00
-8.481789588928222656e+00 8.938279151916503906e+00 3.781347274780273438e+00
-8.465230941772460938e+00 8.956665039062500000e+00 3.700348377227783203e+00
-8.449462890625000000e+00 8.979542732238769531e+00 3.616596698760986328e+00
-8.430364608764648438e+00 9.007997512817382812e+00 3.526128530502319336e+00
-8.409458160400390625e+00 9.042296409606933594e+00 3.429392576217651367e+00
-8.386622428894042969e+00 9.084092140197753906e+00 3.326829433441162109e+00
-8.360463142395019531e+00 9.130194664001464844e+00 3.220821142196655273e+00
-8.333188056945800781e+00 9.193205833435058594e+00 3.103421211242675781e+00
-8.304637908935546875e+00 9.269927978515625000e+00 2.983843326568603516e+00
-8.275356292724609375e+00 9.361471176147460938e+00 2.862635135650634766e+00
-8.245998382568359375e+00 9.467185020446777344e+00 2.744269609451293945e+00
-8.217204093933105469e+00 9.586856842041015625e+00 2.627603530883789062e+00
-8.189806938171386719e+00 9.713908195495605469e+00 2.518461227416992188e+00
-8.163498878479003906e+00 9.843250274658203125e+00 2.414668798446655273e+00
-8.135835647583007812e+00 9.968089103698730469e+00 2.318262815475463867e+00
-8.110916137695312500e+00 1.008857345581054688e+01 2.227920770645141602e+00
-8.083977699279785156e+00 1.019979286193847656e+01 2.141282558441162109e+00
-8.059286117553710938e+00 1.030029773712158203e+01 2.061297178268432617e+00
-8.031707763671875000e+00 1.038834953308105469e+01 1.986717224121093750e+00
-8.002083778381347656e+00 1.046038722991943359e+01 1.917839407920837402e+00
-7.968373298645019531e+00 1.052100944519042969e+01 1.853497266769409180e+00
-7.934607982635498047e+00 1.056798267364501953e+01 1.796187639236450195e+00
-7.900518417358398438e+00 1.060158729553222656e+01 1.745779752731323242e+00
-7.866742610931396484e+00 1.062319087982177734e+01 1.702371835708618164e+00
-7.834046840667724609e+00 1.063371181488037109e+01 1.664827227592468262e+00
-7.801097869873046875e+00 1.063321781158447266e+01 1.632197380065917969e+00
-7.768883705139160156e+00 1.062356758117675781e+01 1.603606700897216797e+00
-7.737346172332763672e+00 1.060262584686279297e+01 1.578131318092346191e+00
-7.705579280853271484e+00 1.057177543640136719e+01 1.555041670799255371e+00
-7.671936035156250000e+00 1.052958679199218750e+01 1.534174919128417969e+00
-7.634952068328857422e+00 1.047347068786621094e+01 1.513525247573852539e+00
-7.600519657135009766e+00 1.040378665924072266e+01 1.497551798820495605e+00
-7.567687034606933594e+00 1.031938171386718750e+01 1.484369874000549316e+00
-7.538481712341308594e+00 1.021914291381835938e+01 1.473057150840759277e+00
-7.515654087066650391e+00 1.010517215728759766e+01 1.464019179344177246e+00
-7.497308731079101562e+00 9.979693412780761719e+00 1.458007693290710449e+00
-7.485686779022216797e+00 9.843449592590332031e+00 1.450311660766601562e+00
-7.482088565826416016e+00 9.692920684814453125e+00 1.441473007202148438e+00
-7.486192703247070312e+00 9.536551475524902344e+00 1.432086110115051270e+00
-7.496567249298095703e+00 9.376485824584960938e+00 1.420209050178527832e+00
-7.512439727783203125e+00 9.214885711669921875e+00 1.402731657028198242e+00
-7.532444477081298828e+00 9.059869766235351562e+00 1.379782319068908691e+00
-7.557514667510986328e+00 8.914438247680664062e+00 1.350306630134582520e+00
-7.587683677673339844e+00 8.780955314636230469e+00 1.311183333396911621e+00
-7.618861198425292969e+00 8.657113075256347656e+00 1.270052313804626465e+00
-7.649780273437500000e+00 8.552654266357421875e+00 1.222781658172607422e+00
-7.681681632995605469e+00 8.461725234985351562e+00 1.170092582702636719e+00
-7.713661670684814453e+00 8.383843421936035156e+00 1.117555499076843262e+00
-7.748573780059814453e+00 8.316902160644531250e+00 1.060592174530029297e+00
-7.783788204193115234e+00 8.262395858764648438e+00 1.002771019935607910e+00
-7.821093082427978516e+00 8.217068672180175781e+00 9.430581331253051758e-01
-7.861647605895996094e+00 8.181879043579101562e+00 8.803760409355163574e-01
-7.904790401458740234e+00 8.155336380004882812e+00 8.153808116912841797e-01
-7.953310966491699219e+00 8.137613296508789062e+00 7.465794086456298828e-01
-8.007739067077636719e+00 8.126822471618652344e+00 6.731132268905639648e-01
-8.069766044616699219e+00 8.125284194946289062e+00 5.957005023956298828e-01
-8.137070655822753906e+00 8.131839752197265625e+00 5.149165987968444824e-01
-8.212751388549804688e+00 8.147127151489257812e+00 4.287081956863403320e-01
-8.299331665039062500e+00 8.169322967529296875e+00 3.362848460674285889e-01
-8.392188072204589844e+00 8.201747894287109375e+00 2.421367615461349487e-01
-8.497017860412597656e+00 8.245812416076660156e+00 1.399977356195449829e-01
-8.602671623229980469e+00 8.296168327331542969e+00 2.967356704175472260e-02
-8.716506958007812500e+00 8.356926918029785156e+00 -7.962926477193832397e-02
-8.830233573913574219e+00 8.423067092895507812e+00 -1.908323913812637329e-01
-8.940966606140136719e+00 8.494124412536621094e+00 -3.025402724742889404e-01
-9.045395851135253906e+00 8.566201210021972656e+00 -4.114198982715606689e-01
-9.140590667724609375e+00 8.637530326843261719e+00 -5.177837014198303223e-01
-9.221824645996093750e+00 8.703568458557128906e+00 -6.206803321838378906e-01
-9.294152259826660156e+00 8.765116691589355469e+00 -7.147372961044311523e-01
-9.357599258422851562e+00 8.823922157287597656e+00 -8.053452968597412109e-01
-9.409915924072265625e+00 8.877569198608398438e+00 -8.903821706771850586e-01
-9.450952529907226562e+00 8.925110816955566406e+00 -9.717406034469604492e-01
-9.482242584228515625e+00 8.966921806335449219e+00 -1.048520088195800781e+00
-9.502928733825683594e+00 9.003416061401367188e+00 -1.122014522552490234e+00
-9.512879371643066406e+00 9.031200408935546875e+00 -1.188876986503601074e+00
-9.514655113220214844e+00 9.052274703979492188e+00 -1.249959707260131836e+00
-9.507869720458984375e+00 9.070346832275390625e+00 -1.308448791503906250e+00
-9.493284225463867188e+00 9.080530166625976562e+00 -1.361759185791015625e+00
-9.467912673950195312e+00 9.085487365722656250e+00 -1.411248087882995605e+00
-9.435153961181640625e+00 9.089878082275390625e+00 -1.459011435508728027e+00
-9.394719123840332031e+00 9.085856437683105469e+00 -1.503832817077636719e+00
-9.345016479492187500e+00 9.076933860778808594e+00 -1.546837210655212402e+00
-9.285275459289550781e+00 9.062961578369140625e+00 -1.587399959564208984e+00
-9.217390060424804688e+00 9.043395996093750000e+00 -1.626313447952270508e+00
-9.141388893127441406e+00 9.016869544982910156e+00 -1.659980535507202148e+00
-9.053577423095703125e+00 8.986373901367187500e+00 -1.688833355903625488e+00
-8.962491035461425781e+00 8.952472686767578125e+00 -1.713961958885192871e+00
-8.862026214599609375e+00 8.915040969848632812e+00 -1.733662605285644531e+00
-8.757588386535644531e+00 8.874798774719238281e+00 -1.748821139335632324e+00
-8.649638175964355469e+00 8.828862190246582031e+00 -1.757528901100158691e+00
-8.537331581115722656e+00 8.780610084533691406e+00 -1.765431880950927734e+00
-8.426196098327636719e+00 8.729358673095703125e+00 -1.763910651206970215e+00
-8.316124916076660156e+00 8.679337501525878906e+00 -1.758203387260437012e+00
-8.208930969238281250e+00 8.627599716186523438e+00 -1.747764348983764648e+00
-8.104151725769042969e+00 8.575547218322753906e+00 -1.733662009239196777e+00
-8.005736351013183594e+00 8.525492668151855469e+00 -1.717144012451171875e+00
-7.914028167724609375e+00 8.481374740600585938e+00 -1.698801279067993164e+00
-7.826695919036865234e+00 8.434692382812500000e+00 -1.678802251815795898e+00
-7.742915153503417969e+00 8.387565612792968750e+00 -1.658271670341491699e+00
-7.662620067596435547e+00 8.343331336975097656e+00 -1.638722777366638184e+00
-7.586732387542724609e+00 8.299497604370117188e+00 -1.619684219360351562e+00
-7.512952804565429688e+00 8.254666328430175781e+00 -1.601146817207336426e+00
-7.441375732421875000e+00 8.210926055908203125e+00 -1.584008216857910156e+00
-7.369602203369140625e+00 8.165668487548828125e+00 -1.570516228675842285e+00
-7.295346736907958984e+00 8.119807243347167969e+00 -1.558484435081481934e+00
-7.222437858581542969e+00 8.072229385375976562e+00 -1.551059484481811523e+00
-7.146730899810791016e+00 8.023167610168457031e+00 -1.546192407608032227e+00
-7.069713115692138672e+00 7.973945617675781250e+00 -1.545134663581848145e+00
-6.990042686462402344e+00 7.922031879425048828e+00 -1.553248405456542969e+00
-6.906078338623046875e+00 7.869173049926757812e+00 -1.557721018791198730e+00
-6.822720527648925781e+00 7.815537452697753906e+00 -1.563955903053283691e+00
-6.738689899444580078e+00 7.760474205017089844e+00 -1.572673201560974121e+00
-6.648836612701416016e+00 7.710100650787353516e+00 -1.578897356986999512e+00
-6.561999320983886719e+00 7.658255100250244141e+00 -1.593463182449340820e+00
-6.478721618652343750e+00 7.604279518127441406e+00 -1.601104259490966797e+00
-6.396175384521484375e+00 7.556619644165039062e+00 -1.610782265663146973e+00
-6.322096347808837891e+00 7.512996673583984375e+00 -1.626036167144775391e+00
-6.250504493713378906e+00 7.462994098663330078e+00 -1.652227759361267090e+00
-6.178730487823486328e+00 7.419063568115234375e+00 -1.659731626510620117e+00
-6.106361865997314453e+00 7.386038303375244141e+00 -1.672554492950439453e+00
-6.028750419616699219e+00 7.363479137420654297e+00 -1.673726916313171387e+00
-5.953572273254394531e+00 7.338661193847656250e+00 -1.657030582427978516e+00
-5.972580432891845703e+00 7.167129993438720703e+00 -1.608319044113159180e+00
-5.786228656768798828e+00 7.330523014068603516e+00 -1.652330875396728516e+00
-5.727577686309814453e+00 7.294679164886474609e+00 -1.635873317718505859e+00
-5.671170711517333984e+00 7.262960433959960938e+00 -1.632169127464294434e+00
-5.723554611206054688e+00 7.066038608551025391e+00 -1.567037940025329590e+00
-5.603109359741210938e+00 7.158286571502685547e+00 -1.611430406570434570e+00
-5.612813472747802734e+00 7.050379276275634766e+00 -1.595664262771606445e+00
-5.572530746459960938e+00 7.034814357757568359e+00 -1.620487689971923828e+00
-5.568986892700195312e+00 6.974085330963134766e+00 -1.639644980430603027e+00
-5.547970771789550781e+00 6.945476055145263672e+00 -1.671800971031188965e+00
-5.539484977722167969e+00 6.907567977905273438e+00 -1.710856795310974121e+00
-5.535617351531982422e+00 6.873644828796386719e+00 -1.761700630187988281e+00
-5.532512664794921875e+00 6.847874164581298828e+00 -1.824087262153625488e+00
-5.502110958099365234e+00 6.861343860626220703e+00 -1.900873780250549316e+00
-5.493926048278808594e+00 6.849466800689697266e+00 -1.980109453201293945e+00
-5.482785224914550781e+00 6.841882228851318359e+00 -2.063143491744995117e+00
-5.466057777404785156e+00 6.821475028991699219e+00 -2.143171548843383789e+00
-5.438244819641113281e+00 6.794428348541259766e+00 -2.216095685958862305e+00
-5.389699459075927734e+00 6.760292530059814453e+00 -2.286286830902099609e+00
-5.347176551818847656e+00 6.714930534362792969e+00 -2.362369537353515625e+00
-5.293800830841064453e+00 6.663248538970947266e+00 -2.442400217056274414e+00
-5.233820915222167969e+00 6.606479167938232422e+00 -2.527052640914916992e+00
-5.174252986907958984e+00 6.545622825622558594e+00 -2.614520788192749023e+00
-5.103807449340820312e+00 6.483004093170166016e+00 -2.704861164093017578e+00
-5.031135082244873047e+00 6.417464256286621094e+00 -2.799190044403076172e+00
-4.958663463592529297e+00 6.352279663085937500e+00 -2.894415855407714844e+00
-4.884768009185791016e+00 6.287088871002197266e+00 -2.985497713088989258e+00
-4.812309741973876953e+00 6.222963333129882812e+00 -3.074504375457763672e+00
-4.741757392883300781e+00 6.160973072052001953e+00 -3.159117698669433594e+00
-4.672005653381347656e+00 6.100229263305664062e+00 -3.240455389022827148e+00
-4.605198383331298828e+00 6.043365478515625000e+00 -3.317336082458496094e+00
-4.535622596740722656e+00 5.983778953552246094e+00 -3.393839836120605469e+00
-4.464581966400146484e+00 5.924210548400878906e+00 -3.469585657119750977e+00
-4.392329692840576172e+00 5.864458560943603516e+00 -3.544747591018676758e+00
-4.317206859588623047e+00 5.803267002105712891e+00 -3.620705127716064453e+00
-4.236186504364013672e+00 5.737932682037353516e+00 -3.701853275299072266e+00
-4.149295806884765625e+00 5.669002056121826172e+00 -3.787446498870849609e+00
-4.055708408355712891e+00 5.595916748046875000e+00 -3.877603054046630859e+00
-3.953036785125732422e+00 5.517236709594726562e+00 -3.975379467010498047e+00
-3.843611001968383789e+00 5.435262680053710938e+00 -4.077609539031982422e+00
-3.723356485366821289e+00 5.347293853759765625e+00 -4.189002513885498047e+00
-3.594520330429077148e+00 5.255258560180664062e+00 -4.306960582733154297e+00
-3.458841323852539062e+00 5.162058830261230469e+00 -4.429070949554443359e+00
-3.312809228897094727e+00 5.066712379455566406e+00 -4.556316852569580078e+00
-3.164827346801757812e+00 4.975104808807373047e+00 -4.681215286254882812e+00
-3.007586479187011719e+00 4.886771202087402344e+00 -4.805616378784179688e+00
-2.845178127288818359e+00 4.802366256713867188e+00 -4.928096294403076172e+00
-2.670750617980957031e+00 4.719538688659667969e+00 -5.052411079406738281e+00
-2.486271142959594727e+00 4.640189170837402344e+00 -5.175919532775878906e+00
-2.291091203689575195e+00 4.563746452331542969e+00 -5.299661159515380859e+00
-2.088253021240234375e+00 4.492053508758544922e+00 -5.422490119934082031e+00
-1.879169702529907227e+00 4.426636219024658203e+00 -5.544097900390625000e+00
-1.666823744773864746e+00 4.368887424468994141e+00 -5.663507938385009766e+00
-1.455456137657165527e+00 4.319096088409423828e+00 -5.780559539794921875e+00
-1.242805242538452148e+00 4.277991294860839844e+00 -5.894491195678710938e+00
-1.029592156410217285e+00 4.245599746704101562e+00 -6.004650115966796875e+00
-8.126820921897888184e-01 4.220791816711425781e+00 -6.112964630126953125e+00
-5.883413553237915039e-01 4.205383300781250000e+00 -6.220236301422119141e+00
-3.604492843151092529e-01 4.198006153106689453e+00 -6.324823856353759766e+00
-1.413644254207611084e-01 4.197950363159179688e+00 -6.421998977661132812e+00
7.756432145833969116e-02 4.204617500305175781e+00 -6.516181945800781250e+00
2.940597832202911377e-01 4.216500759124755859e+00 -6.607161521911621094e+00
4.998063445091247559e-01 4.238221645355224609e+00 -6.688406944274902344e+00
6.989551782608032227e-01 4.259569168090820312e+00 -6.768165111541748047e+00
8.825190663337707520e-01 4.279838085174560547e+00 -6.841317653656005859e+00
1.048011183738708496e+00 4.300861358642578125e+00 -6.906805038452148438e+00
1.197272539138793945e+00 4.324862957000732422e+00 -6.965018749237060547e+00
1.324901819229125977e+00 4.341004371643066406e+00 -7.017216205596923828e+00
1.435194969177246094e+00 4.353006839752197266e+00 -7.065046787261962891e+00
1.525438189506530762e+00 4.355218887329101562e+00 -7.106848716735839844e+00
1.609252810478210449e+00 4.369217872619628906e+00 -7.139909267425537109e+00
1.684776663780212402e+00 4.372824192047119141e+00 -7.176784038543701172e+00
1.753587484359741211e+00 4.375938415527343750e+00 -7.211083412170410156e+00
1.814120173454284668e+00 4.383904457092285156e+00 -7.240296840667724609e+00
1.869894266128540039e+00 4.395707607269287109e+00 -7.264865398406982422e+00
1.922740340232849121e+00 4.412526607513427734e+00 -7.285990238189697266e+00
1.971838951110839844e+00 4.434545993804931641e+00 -7.301622390747070312e+00
2.017831563949584961e+00 4.463901042938232422e+00 -7.311499595642089844e+00
2.063433885574340820e+00 4.497710704803466797e+00 -7.317233085632324219e+00
2.107616424560546875e+00 4.538949966430664062e+00 -7.318621158599853516e+00
2.149088382720947266e+00 4.588066577911376953e+00 -7.314808368682861328e+00
2.191762208938598633e+00 4.641758441925048828e+00 -7.304646492004394531e+00
2.235411405563354492e+00 4.701605796813964844e+00 -7.288693428039550781e+00
2.285628557205200195e+00 4.750943183898925781e+00 -7.280828952789306641e+00
2.335156202316284180e+00 4.816260337829589844e+00 -7.260408878326416016e+00
2.392785072326660156e+00 4.878378391265869141e+00 -7.243036270141601562e+00
2.448140144348144531e+00 4.947834491729736328e+00 -7.222485065460205078e+00
2.509045839309692383e+00 5.018517494201660156e+00 -7.200148105621337891e+00
2.575608491897583008e+00 5.087604999542236328e+00 -7.181596279144287109e+00
2.658819675445556641e+00 5.148591041564941406e+00 -7.181656360626220703e+00
2.728893518447875977e+00 5.218701362609863281e+00 -7.161367416381835938e+00
2.804184913635253906e+00 5.282899379730224609e+00 -7.133063793182373047e+00
2.874816656112670898e+00 5.354326248168945312e+00 -7.116678237915039062e+00
2.948819875717163086e+00 5.409859180450439453e+00 -7.092868328094482422e+00
3.026873350143432617e+00 5.463650226593017578e+00 -7.079833030700683594e+00
3.089129686355590820e+00 5.535157203674316406e+00 -7.056523323059082031e+00
3.155383825302124023e+00 5.593580245971679688e+00 -7.038544178009033203e+00
3.215764999389648438e+00 5.650170803070068359e+00 -7.019759654998779297e+00
3.274353265762329102e+00 5.705025672912597656e+00 -7.003231048583984375e+00
3.330079793930053711e+00 5.758865833282470703e+00 -6.990763664245605469e+00
3.380809783935546875e+00 5.814426898956298828e+00 -6.980373382568359375e+00
3.430381774902343750e+00 5.867322444915771484e+00 -6.972136497497558594e+00
3.491267442703247070e+00 5.907340526580810547e+00 -6.980208873748779297e+00
3.574965000152587891e+00 5.889161109924316406e+00 -6.988272190093994141e+00
3.580514669418334961e+00 5.930940151214599609e+00 -6.867105007171630859e+00
3.590970993041992188e+00 5.956927776336669922e+00 -6.739832401275634766e+00
3.770828008651733398e+00 5.944612979888916016e+00 -6.983123779296875000e+00
3.819410562515258789e+00 5.976724624633789062e+00 -6.969846248626708984e+00
3.727363109588623047e+00 6.029268741607666016e+00 -6.666148185729980469e+00
3.905644893646240234e+00 6.049737930297851562e+00 -6.942596912384033203e+00
3.951381921768188477e+00 6.073302745819091797e+00 -6.923921585083007812e+00
3.993832111358642578e+00 6.102161407470703125e+00 -6.903732776641845703e+00
3.891953229904174805e+00 6.152129650115966797e+00 -6.595165252685546875e+00
3.932102441787719727e+00 6.187370777130126953e+00 -6.581016063690185547e+00
3.979823827743530273e+00 6.221990108489990234e+00 -6.577580928802490234e+00
4.076902389526367188e+00 6.269671440124511719e+00 -6.683057785034179688e+00
4.163435459136962891e+00 6.285023689270019531e+00 -6.735126972198486328e+00
4.202056407928466797e+00 6.311477661132812500e+00 -6.695296287536621094e+00
4.242689609527587891e+00 6.332820415496826172e+00 -6.651433467864990234e+00
4.272237300872802734e+00 6.351572513580322266e+00 -6.586837768554687500e+00
4.327625751495361328e+00 6.358934402465820312e+00 -6.561515808105468750e+00
4.383644580841064453e+00 6.361560344696044922e+00 -6.532206058502197266e+00
4.449060916900634766e+00 6.363562583923339844e+00 -6.511332035064697266e+00
4.508236408233642578e+00 6.358577251434326172e+00 -6.472365379333496094e+00
4.569245338439941406e+00 6.348474025726318359e+00 -6.431402683258056641e+00
4.636982440948486328e+00 6.342789173126220703e+00 -6.392343997955322266e+00
4.709188461303710938e+00 6.329956531524658203e+00 -6.344516277313232422e+00
4.788272857666015625e+00 6.317318439483642578e+00 -6.292678833007812500e+00
4.876613616943359375e+00 6.305786132812500000e+00 -6.236630916595458984e+00
4.972482204437255859e+00 6.293700218200683594e+00 -6.173178672790527344e+00
5.078538894653320312e+00 6.280359268188476562e+00 -6.102315425872802734e+00
5.193414688110351562e+00 6.269804954528808594e+00 -6.022929668426513672e+00
5.314459800720214844e+00 6.256791591644287109e+00 -5.944964408874511719e+00
5.440499305725097656e+00 6.241917610168457031e+00 -5.854930877685546875e+00
5.570067882537841797e+00 6.226775169372558594e+00 -5.760652065277099609e+00
5.700290679931640625e+00 6.210782051086425781e+00 -5.661061763763427734e+00
5.836798667907714844e+00 6.191181182861328125e+00 -5.549188613891601562e+00
1.078479766845703125e+01 4.719322204589843750e+00 2.287834882736206055e+00
1.078200626373291016e+01 4.803347587585449219e+00 2.434236526489257812e+00
1.077098464965820312e+01 4.894900321960449219e+00 2.564046859741210938e+00
1.075456905364990234e+01 4.997978687286376953e+00 2.683834552764892578e+00
1.073420810699462891e+01 5.114047527313232422e+00 2.792576789855957031e+00
1.070861721038818359e+01 5.235522270202636719e+00 2.897585153579711914e+00
1.068006420135498047e+01 5.360415935516357422e+00 2.991591930389404297e+00
1.064981746673583984e+01 5.482190132141113281e+00 3.075670480728149414e+00
1.061798286437988281e+01 5.592278003692626953e+00 3.152711629867553711e+00
1.058305835723876953e+01 5.686423301696777344e+00 3.223110198974609375e+00
1.054826641082763672e+01 5.762727737426757812e+00 3.286054611206054688e+00
1.051794815063476562e+01 5.820988655090332031e+00 3.343950033187866211e+00
1.048913097381591797e+01 5.861571311950683594e+00 3.395627021789550781e+00
1.046353530883789062e+01 5.886250972747802734e+00 3.443261861801147461e+00
1.044130420684814453e+01 5.895525455474853516e+00 3.488729953765869141e+00
1.042319583892822266e+01 5.890370368957519531e+00 3.533167362213134766e+00
1.040874671936035156e+01 5.870921611785888672e+00 3.577236890792846680e+00
1.039828491210937500e+01 5.835994720458984375e+00 3.624088525772094727e+00
1.039151859283447266e+01 5.782033920288085938e+00 3.674126863479614258e+00
1.039050865173339844e+01 5.707345962524414062e+00 3.728482246398925781e+00
1.039394474029541016e+01 5.613167762756347656e+00 3.786327838897705078e+00
1.040338325500488281e+01 5.499876022338867188e+00 3.845249652862548828e+00
1.041655158996582031e+01 5.368694782257080078e+00 3.902053833007812500e+00
1.043234729766845703e+01 5.228842258453369141e+00 3.960098028182983398e+00
1.044768810272216797e+01 5.086385250091552734e+00 4.022680282592773438e+00
1.045779418945312500e+01 4.947283267974853516e+00 4.088013648986816406e+00
1.046646881103515625e+01 4.817248344421386719e+00 4.153148651123046875e+00
1.047172069549560547e+01 4.704725265502929688e+00 4.222336292266845703e+00
1.047258472442626953e+01 4.606989383697509766e+00 4.290424346923828125e+00
1.047080993652343750e+01 4.526445865631103516e+00 4.356554031372070312e+00
1.046615600585937500e+01 4.464264392852783203e+00 4.421361446380615234e+00
1.045871448516845703e+01 4.418172836303710938e+00 4.484416484832763672e+00
1.044794845581054688e+01 4.389053821563720703e+00 4.547611713409423828e+00
1.043432426452636719e+01 4.375287532806396484e+00 4.610604763031005859e+00
1.041836643218994141e+01 4.377401351928710938e+00 4.678091049194335938e+00
1.039935588836669922e+01 4.402235031127929688e+00 4.747164726257324219e+00
1.037758445739746094e+01 4.450953006744384766e+00 4.821856021881103516e+00
1.035244178771972656e+01 4.530825614929199219e+00 4.901819229125976562e+00
1.032080268859863281e+01 4.647584915161132812e+00 4.988506317138671875e+00
1.028210639953613281e+01 4.807633399963378906e+00 5.075015068054199219e+00
1.022464656829833984e+01 5.006093025207519531e+00 5.165626049041748047e+00
1.014704608917236328e+01 5.235385894775390625e+00 5.257369041442871094e+00
1.004887199401855469e+01 5.489099979400634766e+00 5.355073451995849609e+00
9.924257278442382812e+00 5.762514114379882812e+00 5.466359615325927734e+00
9.774728775024414062e+00 6.043983936309814453e+00 5.595048904418945312e+00
9.603603363037109375e+00 6.326603412628173828e+00 5.727409362792968750e+00
9.420178413391113281e+00 6.605443954467773438e+00 5.857929706573486328e+00
9.227732658386230469e+00 6.880666255950927734e+00 5.972004413604736328e+00
9.036623001098632812e+00 7.147458553314208984e+00 6.061398029327392578e+00
8.852633476257324219e+00 7.392091751098632812e+00 6.132071018218994141e+00
8.681621551513671875e+00 7.612823486328125000e+00 6.183642387390136719e+00
8.534733772277832031e+00 7.800268173217773438e+00 6.223131656646728516e+00
8.395375251770019531e+00 7.963131427764892578e+00 6.249142169952392578e+00
8.271811485290527344e+00 8.097005844116210938e+00 6.271669864654541016e+00
8.157726287841796875e+00 8.204640388488769531e+00 6.285554885864257812e+00
8.050966262817382812e+00 8.295063972473144531e+00 6.284021377563476562e+00
7.955591201782226562e+00 8.362044334411621094e+00 6.280691623687744141e+00
7.873890399932861328e+00 8.407814025878906250e+00 6.269171714782714844e+00
7.807349205017089844e+00 8.432229042053222656e+00 6.249693393707275391e+00
7.754882335662841797e+00 8.437419891357421875e+00 6.224593162536621094e+00
7.716025352478027344e+00 8.425093650817871094e+00 6.193576335906982422e+00
7.689775466918945312e+00 8.394863128662109375e+00 6.154185771942138672e+00
7.674639225006103516e+00 8.343962669372558594e+00 6.109733104705810547e+00
7.675543308258056641e+00 8.271213531494140625e+00 6.057044506072998047e+00
7.689079284667968750e+00 8.175633430480957031e+00 6.001070976257324219e+00
7.716684818267822266e+00 8.057394027709960938e+00 5.941456794738769531e+00
7.757271766662597656e+00 7.917587280273437500e+00 5.880380630493164062e+00
7.808625698089599609e+00 7.757792949676513672e+00 5.818778038024902344e+00
7.867356300354003906e+00 7.571275711059570312e+00 5.754087924957275391e+00
7.934759140014648438e+00 7.357873916625976562e+00 5.684424400329589844e+00
8.007246971130371094e+00 7.118946552276611328e+00 5.613111019134521484e+00
8.091188430786132812e+00 6.855175018310546875e+00 5.538099765777587891e+00
8.185389518737792969e+00 6.575850009918212891e+00 5.460839748382568359e+00
8.289684295654296875e+00 6.295545578002929688e+00 5.389362335205078125e+00
8.399683952331542969e+00 6.009923934936523438e+00 5.326686859130859375e+00
8.514840126037597656e+00 5.728911399841308594e+00 5.282327651977539062e+00
8.639265060424804688e+00 5.448446750640869141e+00 5.256639957427978516e+00
8.771261215209960938e+00 5.174419879913330078e+00 5.256024837493896484e+00
8.906687736511230469e+00 4.913482189178466797e+00 5.273289203643798828e+00
9.041447639465332031e+00 4.673648357391357422e+00 5.308745384216308594e+00
9.172303199768066406e+00 4.465160846710205078e+00 5.356833934783935547e+00
9.299310684204101562e+00 4.291608333587646484e+00 5.418027877807617188e+00
9.413163185119628906e+00 4.151336669921875000e+00 5.484653949737548828e+00
9.513295173645019531e+00 4.046996593475341797e+00 5.554151058197021484e+00
9.592892646789550781e+00 3.976463794708251953e+00 5.621802330017089844e+00
9.666355133056640625e+00 3.936873197555541992e+00 5.692700386047363281e+00
9.730409622192382812e+00 3.924069166183471680e+00 5.761843204498291016e+00
9.789019584655761719e+00 3.940125942230224609e+00 5.832300186157226562e+00
9.841182708740234375e+00 3.979497671127319336e+00 5.901519298553466797e+00
9.887394905090332031e+00 4.039962768554687500e+00 5.972681999206542969e+00
9.928276062011718750e+00 4.123596191406250000e+00 6.045354366302490234e+00
9.961364746093750000e+00 4.231643676757812500e+00 6.119274139404296875e+00
9.984683990478515625e+00 4.363490104675292969e+00 6.193483352661132812e+00
9.996521949768066406e+00 4.526056766510009766e+00 6.268230438232421875e+00
9.993638992309570312e+00 4.714909553527832031e+00 6.343597412109375000e+00
9.976472854614257812e+00 4.930159568786621094e+00 6.414434909820556641e+00
9.934464454650878906e+00 5.178313732147216797e+00 6.484466552734375000e+00
9.870485305786132812e+00 5.447084903717041016e+00 6.548023223876953125e+00
9.782497406005859375e+00 5.728601932525634766e+00 6.607410907745361328e+00
9.668593406677246094e+00 6.015701293945312500e+00 6.666025638580322266e+00
9.532832145690917969e+00 6.295324802398681641e+00 6.724042892456054688e+00
9.377887725830078125e+00 6.568546772003173828e+00 6.781669139862060547e+00
9.198843955993652344e+00 6.835165977478027344e+00 6.842570304870605469e+00
9.002884864807128906e+00 7.084796905517578125e+00 6.904176712036132812e+00
8.791236877441406250e+00 7.315210819244384766e+00 6.963779926300048828e+00
8.561347961425781250e+00 7.527704238891601562e+00 7.022467136383056641e+00
8.316879272460937500e+00 7.717371463775634766e+00 7.071887969970703125e+00
8.065639495849609375e+00 7.879250049591064453e+00 7.102240562438964844e+00
7.822812080383300781e+00 8.016653060913085938e+00 7.107542991638183594e+00
7.599408626556396484e+00 8.127081871032714844e+00 7.087038040161132812e+00
7.403673171997070312e+00 8.211078643798828125e+00 7.048380851745605469e+00
7.230341434478759766e+00 8.272261619567871094e+00 7.002985477447509766e+00
7.084734439849853516e+00 8.304780960083007812e+00 6.955859661102294922e+00
6.956948757171630859e+00 8.320471763610839844e+00 6.911580085754394531e+00
6.843384742736816406e+00 8.315392494201660156e+00 6.871255397796630859e+00
6.748141288757324219e+00 8.298180580139160156e+00 6.836274623870849609e+00
6.666154861450195312e+00 8.271091461181640625e+00 6.808319568634033203e+00
6.591302394866943359e+00 8.230243682861328125e+00 6.776554107666015625e+00
6.526710033416748047e+00 8.178772926330566406e+00 6.743008613586425781e+00
6.470590591430664062e+00 8.114108085632324219e+00 6.707657337188720703e+00
6.422893524169921875e+00 8.039681434631347656e+00 6.668276309967041016e+00
6.384125709533691406e+00 7.961672306060791016e+00 6.618766307830810547e+00
6.355093955993652344e+00 7.864105701446533203e+00 6.567525863647460938e+00
6.333243370056152344e+00 7.754270076751708984e+00 6.506049633026123047e+00
6.332779407501220703e+00 7.630940914154052734e+00 6.437355995178222656e+00
6.352109432220458984e+00 7.492283821105957031e+00 6.356670856475830078e+00
6.395256519317626953e+00 7.335267543792724609e+00 6.264562129974365234e+00
6.463971614837646484e+00 7.158029079437255859e+00 6.162718772888183594e+00
6.556467533111572266e+00 6.958852291107177734e+00 6.056204795837402344e+00
6.667882919311523438e+00 6.744213104248046875e+00 5.948941707611083984e+00
6.794586658477783203e+00 6.516657829284667969e+00 5.840394973754882812e+00
6.930847644805908203e+00 6.281536579132080078e+00 5.737072467803955078e+00
7.066767215728759766e+00 6.043572902679443359e+00 5.636544227600097656e+00
7.208578586578369141e+00 5.796900272369384766e+00 5.540074348449707031e+00
7.347906112670898438e+00 5.546688556671142578e+00 5.453465461730957031e+00
7.475578784942626953e+00 5.291925907135009766e+00 5.383663177490234375e+00
7.599945068359375000e+00 5.028755664825439453e+00 5.332167148590087891e+00
7.718813419342041016e+00 4.764129161834716797e+00 5.302544116973876953e+00
7.834518432617187500e+00 4.493049621582031250e+00 5.294008731842041016e+00
7.942318916320800781e+00 4.229228973388671875e+00 5.309270381927490234e+00
8.044618606567382812e+00 3.968020677566528320e+00 5.344173908233642578e+00
8.138492584228515625e+00 3.720575809478759766e+00 5.394654750823974609e+00
8.217250823974609375e+00 3.491907835006713867e+00 5.456928730010986328e+00
8.282409667968750000e+00 3.284305095672607422e+00 5.529533386230468750e+00
8.331946372985839844e+00 3.100154399871826172e+00 5.603188514709472656e+00
8.370101928710937500e+00 2.937819004058837891e+00 5.681198120117187500e+00
8.398340225219726562e+00 2.801988840103149414e+00 5.754789352416992188e+00
8.419713973999023438e+00 2.683865785598754883e+00 5.830305576324462891e+00
8.437070846557617188e+00 2.588847160339355469e+00 5.904331684112548828e+00
8.451035499572753906e+00 2.515519618988037109e+00 5.977081298828125000e+00
8.465863227844238281e+00 2.459773302078247070e+00 6.046648979187011719e+00
8.479944229125976562e+00 2.428846597671508789e+00 6.112418174743652344e+00
8.495782852172851562e+00 2.417062044143676758e+00 6.176583766937255859e+00
8.513217926025390625e+00 2.422679424285888672e+00 6.238740921020507812e+00
8.532869338989257812e+00 2.444846391677856445e+00 6.302179336547851562e+00
8.553360939025878906e+00 2.485819816589355469e+00 6.366035461425781250e+00
8.572722434997558594e+00 2.546072483062744141e+00 6.432913303375244141e+00
8.590084075927734375e+00 2.623713970184326172e+00 6.501498222351074219e+00
8.602332115173339844e+00 2.720809459686279297e+00 6.574418067932128906e+00
8.607567787170410156e+00 2.834778308868408203e+00 6.648823738098144531e+00
8.601621627807617188e+00 2.968501567840576172e+00 6.726196289062500000e+00
8.584042549133300781e+00 3.122395038604736328e+00 6.809283733367919922e+00
8.551271438598632812e+00 3.296983718872070312e+00 6.891418933868408203e+00
8.503314018249511719e+00 3.495308876037597656e+00 6.970180034637451172e+00
8.438394546508789062e+00 3.714301586151123047e+00 7.042759895324707031e+00
8.360061645507812500e+00 3.954768657684326172e+00 7.108671665191650391e+00
8.264820098876953125e+00 4.213859081268310547e+00 7.160316467285156250e+00
8.161377906799316406e+00 4.472231864929199219e+00 7.197295665740966797e+00
8.039442062377929688e+00 4.732327938079833984e+00 7.214572429656982422e+00
7.903162002563476562e+00 4.986918926239013672e+00 7.218178272247314453e+00
7.752304077148437500e+00 5.230805873870849609e+00 7.211550712585449219e+00
7.588581562042236328e+00 5.456703662872314453e+00 7.195730686187744141e+00
7.404896259307861328e+00 5.671607971191406250e+00 7.172401905059814453e+00
7.206438064575195312e+00 5.869439601898193359e+00 7.143257617950439453e+00
6.997485637664794922e+00 6.049968719482421875e+00 7.110888481140136719e+00
6.781707286834716797e+00 6.208220481872558594e+00 7.071628093719482422e+00
6.560353755950927734e+00 6.350142002105712891e+00 7.026684761047363281e+00
6.342836856842041016e+00 6.470602512359619141e+00 6.974781513214111328e+00
6.131468772888183594e+00 6.566295623779296875e+00 6.912955284118652344e+00
5.936765193939208984e+00 6.635798931121826172e+00 6.845066070556640625e+00
5.758932590484619141e+00 6.676694393157958984e+00 6.772041320800781250e+00
5.602197170257568359e+00 6.686365604400634766e+00 6.702710628509521484e+00
5.462658882141113281e+00 6.671141624450683594e+00 6.637766361236572266e+00
5.339213848114013672e+00 6.636801719665527344e+00 6.576045513153076172e+00
5.232601165771484375e+00 6.590920925140380859e+00 6.522845745086669922e+00
5.140194892883300781e+00 6.535577297210693359e+00 6.473367691040039062e+00
5.061782360076904297e+00 6.478186130523681641e+00 6.426756858825683594e+00
4.996852874755859375e+00 6.419061183929443359e+00 6.382369518280029297e+00
4.944757461547851562e+00 6.357477188110351562e+00 6.337630748748779297e+00
4.902580261230468750e+00 6.295220375061035156e+00 6.296727180480957031e+00
4.872001171112060547e+00 6.229445934295654297e+00 6.255249977111816406e+00
4.851161003112792969e+00 6.159235477447509766e+00 6.213938713073730469e+00
4.837401866912841797e+00 6.085513114929199219e+00 6.169886589050292969e+00
4.833641052246093750e+00 6.002333164215087891e+00 6.122233867645263672e+00
4.841503620147705078e+00 5.910531997680664062e+00 6.074410915374755859e+00
4.859241962432861328e+00 5.811496734619140625e+00 6.020825386047363281e+00
4.886041164398193359e+00 5.700027942657470703e+00 5.964075088500976562e+00
4.924019336700439453e+00 5.578619480133056641e+00 5.901804447174072266e+00
4.973050594329833984e+00 5.445845127105712891e+00 5.833098888397216797e+00
5.033799648284912109e+00 5.305516719818115234e+00 5.760872840881347656e+00
5.105523109436035156e+00 5.156104087829589844e+00 5.688184738159179688e+00
5.190816879272460938e+00 4.996702194213867188e+00 5.609495162963867188e+00
5.283906936645507812e+00 4.833066463470458984e+00 5.529527664184570312e+00
5.391648769378662109e+00 4.663966655731201172e+00 5.452589988708496094e+00
5.505456447601318359e+00 4.493560791015625000e+00 5.379702568054199219e+00
5.622768402099609375e+00 4.321554183959960938e+00 5.312057018280029297e+00
5.741437435150146484e+00 4.153321743011474609e+00 5.255720138549804688e+00
5.862838268280029297e+00 3.981395483016967773e+00 5.204383373260498047e+00
5.980462074279785156e+00 3.814560413360595703e+00 5.162334918975830078e+00
6.098467350006103516e+00 3.645581007003784180e+00 5.129663944244384766e+00
6.213569164276123047e+00 3.482321977615356445e+00 5.108909606933593750e+00
6.327147483825683594e+00 3.318891525268554688e+00 5.098667621612548828e+00
6.435993671417236328e+00 3.157523870468139648e+00 5.096599578857421875e+00
6.540456295013427734e+00 3.001493930816650391e+00 5.103331089019775391e+00
6.637427806854248047e+00 2.853220224380493164e+00 5.117006301879882812e+00
6.730694770812988281e+00 2.706006050109863281e+00 5.141538143157958984e+00
6.818693161010742188e+00 2.571045398712158203e+00 5.167037487030029297e+00
6.899635314941406250e+00 2.441412687301635742e+00 5.198390007019042969e+00
6.973372459411621094e+00 2.320793628692626953e+00 5.232667922973632812e+00
7.040691852569580078e+00 2.207008838653564453e+00 5.269680500030517578e+00
7.097186565399169922e+00 2.104216814041137695e+00 5.306899547576904297e+00
7.146960735321044922e+00 2.003711700439453125e+00 5.346940517425537109e+00
7.192986965179443359e+00 1.902568101882934570e+00 5.386212825775146484e+00
7.232750415802001953e+00 1.808683037757873535e+00 5.428431510925292969e+00
7.265572547912597656e+00 1.722213864326477051e+00 5.459175109863281250e+00
7.291946887969970703e+00 1.632695317268371582e+00 5.494973659515380859e+00
7.304722309112548828e+00 1.543079733848571777e+00 5.524138450622558594e+00
7.324777126312255859e+00 1.452683687210083008e+00 5.553617477416992188e+00
7.331025123596191406e+00 1.365685343742370605e+00 5.577928543090820312e+00
7.325846672058105469e+00 1.278815388679504395e+00 5.599701881408691406e+00
7.311288833618164062e+00 1.191519021987915039e+00 5.618405818939208984e+00
7.303406238555908203e+00 1.103240609169006348e+00 5.636789321899414062e+00
7.278708457946777344e+00 1.019289135932922363e+00 5.645721435546875000e+00
7.254395961761474609e+00 9.350919723510742188e-01 5.655441761016845703e+00
7.222938537597656250e+00 8.577227592468261719e-01 5.650698661804199219e+00
7.191479682922363281e+00 7.778396010398864746e-01 5.654441833496093750e+00
7.159171581268310547e+00 7.041500210762023926e-01 5.654758930206298828e+00
7.131893634796142578e+00 6.278371214866638184e-01 5.655213832855224609e+00
7.088068008422851562e+00 5.546839237213134766e-01 5.650209903717041016e+00
7.053184032440185547e+00 4.822081029415130615e-01 5.646850585937500000e+00
7.017212390899658203e+00 4.110491573810577393e-01 5.642872810363769531e+00
6.978493213653564453e+00 3.438763022422790527e-01 5.638363361358642578e+00
6.941286087036132812e+00 2.773801982402801514e-01 5.635176181793212891e+00
6.909511566162109375e+00 2.082267701625823975e-01 5.638286113739013672e+00
6.865059375762939453e+00 1.492974013090133667e-01 5.632396697998046875e+00
6.831631660461425781e+00 8.420919626951217651e-02 5.626893520355224609e+00
6.793185710906982422e+00 2.548225596547126770e-02 5.618824005126953125e+00
6.754354476928710938e+00 -3.195622935891151428e-02 5.611947059631347656e+00
6.719079017639160156e+00 -8.745726943016052246e-02 5.606606006622314453e+00
6.680232048034667969e+00 -1.430657655000686646e-01 5.599545478820800781e+00
6.641229629516601562e+00 -2.005240768194198608e-01 5.593827724456787109e+00
6.599882125854492188e+00 -2.488886713981628418e-01 5.583988666534423828e+00
6.555627346038818359e+00 -2.967598736286163330e-01 5.571690559387207031e+00
6.505933284759521484e+00 -3.426538705825805664e-01 5.560000419616699219e+00
6.458510398864746094e+00 -3.920068442821502686e-01 5.542802810668945312e+00
6.407343387603759766e+00 -4.397532939910888672e-01 5.526840686798095703e+00
6.352770805358886719e+00 -4.899315536022186279e-01 5.509167671203613281e+00
6.292354106903076172e+00 -5.414952039718627930e-01 5.489979267120361328e+00
6.229306221008300781e+00 -5.966524481773376465e-01 5.468781471252441406e+00
6.159531593322753906e+00 -6.555423140525817871e-01 5.445620059967041016e+00
6.084099769592285156e+00 -7.197911739349365234e-01 5.419982910156250000e+00
6.000930786132812500e+00 -7.910218834877014160e-01 5.390941619873046875e+00
5.907612800598144531e+00 -8.713402152061462402e-01 5.359201431274414062e+00
5.806170463562011719e+00 -9.559260010719299316e-01 5.323587417602539062e+00
5.693577766418457031e+00 -1.048271775245666504e+00 5.282464027404785156e+00
5.569483757019042969e+00 -1.148727536201477051e+00 5.237363338470458984e+00
5.433968544006347656e+00 -1.255163550376892090e+00 5.189402103424072266e+00
5.294708251953125000e+00 -1.364248275756835938e+00 5.139880657196044922e+00
5.137729644775390625e+00 -1.483555197715759277e+00 5.082979202270507812e+00
4.973364830017089844e+00 -1.604198813438415527e+00 5.024140357971191406e+00
4.801053047180175781e+00 -1.726189374923706055e+00 4.964049339294433594e+00
4.624936580657958984e+00 -1.848979115486145020e+00 4.904807567596435547e+00
4.445715904235839844e+00 -1.967290878295898438e+00 4.848454475402832031e+00
4.257841587066650391e+00 -2.085103750228881836e+00 4.794760704040527344e+00
4.067922592163085938e+00 -2.197105884552001953e+00 4.748509407043457031e+00
3.871534347534179688e+00 -2.303670167922973633e+00 4.708868026733398438e+00
3.674994707107543945e+00 -2.400696516036987305e+00 4.679597854614257812e+00
3.474456548690795898e+00 -2.490723133087158203e+00 4.660521507263183594e+00
3.272427082061767578e+00 -2.570911169052124023e+00 4.653487205505371094e+00
3.073853492736816406e+00 -2.639606952667236328e+00 4.657299041748046875e+00
2.877481460571289062e+00 -2.696500778198242188e+00 4.674421787261962891e+00
2.681542873382568359e+00 -2.740288734436035156e+00 4.705351829528808594e+00
2.491429805755615234e+00 -2.771063089370727539e+00 4.748989105224609375e+00
2.305322885513305664e+00 -2.788870334625244141e+00 4.807086944580078125e+00
2.126641988754272461e+00 -2.796639680862426758e+00 4.873072147369384766e+00
1.952119708061218262e+00 -2.793415069580078125e+00 4.949751853942871094e+00
1.783358454704284668e+00 -2.781347751617431641e+00 5.033095836639404297e+00
1.622640609741210938e+00 -2.762483596801757812e+00 5.120031356811523438e+00
1.466465234756469727e+00 -2.738938570022583008e+00 5.210475444793701172e+00
1.321635365486145020e+00 -2.712306022644042969e+00 5.299532413482666016e+00
1.187066555023193359e+00 -2.684639453887939453e+00 5.384558200836181641e+00
1.055124998092651367e+00 -2.654380083084106445e+00 5.471117019653320312e+00
9.301816821098327637e-01 -2.622629880905151367e+00 5.555716991424560547e+00
8.107221126556396484e-01 -2.590674161911010742e+00 5.638467788696289062e+00
6.961898803710937500e-01 -2.558942317962646484e+00 5.719298362731933594e+00
5.844132900238037109e-01 -2.525933980941772461e+00 5.799480915069580078e+00
4.749065637588500977e-01 -2.493514299392700195e+00 5.878396034240722656e+00
3.735188543796539307e-01 -2.462095737457275391e+00 5.952435970306396484e+00
2.730215489864349365e-01 -2.429922342300415039e+00 6.027026176452636719e+00
1.725595742464065552e-01 -2.397784471511840820e+00 6.101753711700439453e+00
7.630006968975067139e-02 -2.366140604019165039e+00 6.174781322479248047e+00
-1.961005479097366333e-02 -2.334183931350708008e+00 6.247026920318603516e+00
-1.112153232097625732e-01 -2.302475214004516602e+00 6.315624237060546875e+00
-2.002137303352355957e-01 -2.271712064743041992e+00 6.383430480957031250e+00
-2.896061837673187256e-01 -2.241642713546752930e+00 6.451593875885009766e+00
-3.783219456672668457e-01 -2.213267803192138672e+00 6.519498825073242188e+00
-4.651176035404205322e-01 -2.187976121902465820e+00 6.586237430572509766e+00
-5.460590124130249023e-01 -2.162649869918823242e+00 6.646932601928710938e+00
-6.287606358528137207e-01 -2.137320280075073242e+00 6.710072040557861328e+00
-7.095244526863098145e-01 -2.113676071166992188e+00 6.772334098815917969e+00
-7.885382175445556641e-01 -2.090690374374389648e+00 6.834184169769287109e+00
-8.629316687583923340e-01 -2.070636272430419922e+00 6.894925594329833984e+00
-9.362294673919677734e-01 -2.045605182647705078e+00 6.956742286682128906e+00
-1.015730857849121094e+00 -2.003180027008056641e+00 7.003911018371582031e+00
-1.087141036987304688e+00 -1.973551988601684570e+00 7.056481838226318359e+00
-1.153789758682250977e+00 -1.946280598640441895e+00 7.112891674041748047e+00
-1.223902821540832520e+00 -1.927441835403442383e+00 7.162700653076171875e+00
-1.292255163192749023e+00 -1.887161850929260254e+00 7.197219848632812500e+00
-1.373131871223449707e+00 -1.988464236259460449e+00 7.278803825378417969e+00
-1.449525475502014160e+00 -1.988091588020324707e+00 7.308711051940917969e+00
-1.459133744239807129e+00 -1.990902543067932129e+00 7.414510250091552734e+00
-1.528019785881042480e+00 -1.980451464653015137e+00 7.431274890899658203e+00
-1.670495271682739258e+00 -1.825625419616699219e+00 7.293992519378662109e+00
-1.485634803771972656e+00 -1.891338825225830078e+00 7.659044265747070312e+00
-1.724772810935974121e+00 -1.644013524055480957e+00 7.354391098022460938e+00
-1.725780606269836426e+00 -1.593419432640075684e+00 7.418729305267333984e+00
-1.713333010673522949e+00 -1.524493455886840820e+00 7.513911247253417969e+00
-1.719527363777160645e+00 -1.493250846862792969e+00 7.583287715911865234e+00
-1.740831494331359863e+00 -1.480931282043457031e+00 7.643639087677001953e+00
-1.682897925376892090e+00 -1.586341142654418945e+00 7.836552143096923828e+00
-1.737098455429077148e+00 -1.558937430381774902e+00 7.848353862762451172e+00
-1.816682815551757812e+00 -1.504073143005371094e+00 7.821580886840820312e+00
-1.908545017242431641e+00 -1.465383410453796387e+00 7.777650833129882812e+00
-1.852458000183105469e+00 -1.713820338249206543e+00 7.980775833129882812e+00
-1.914061903953552246e+00 -1.792656540870666504e+00 8.000677108764648438e+00
-1.979771494865417480e+00 -1.833205699920654297e+00 8.006719589233398438e+00
-2.061409473419189453e+00 -1.887622952461242676e+00 7.987924575805664062e+00
-2.286743640899658203e+00 -1.616480946540832520e+00 7.731381893157958984e+00
-2.350866079330444336e+00 -1.755861520767211914e+00 7.746919155120849609e+00
-2.348656415939331055e+00 -1.915633797645568848e+00 7.890319824218750000e+00
-2.458361148834228516e+00 -1.851728081703186035e+00 7.846705436706542969e+00
-2.541342258453369141e+00 -1.792330026626586914e+00 7.873444557189941406e+00
-2.560013771057128906e+00 -1.637954831123352051e+00 8.037035942077636719e+00
-2.609387636184692383e+00 -1.666161775588989258e+00 8.119965553283691406e+00
-2.658214807510375977e+00 -1.715470433235168457e+00 8.190737724304199219e+00
-2.789963722229003906e+00 -1.751551151275634766e+00 8.112838745117187500e+00
-2.831324338912963867e+00 -1.951734423637390137e+00 8.203819274902343750e+00
-2.903274774551391602e+00 -1.944932818412780762e+00 8.241665840148925781e+00
-2.951075077056884766e+00 -1.930936336517333984e+00 8.321434974670410156e+00
-3.010763406753540039e+00 -1.934541940689086914e+00 8.376205444335937500e+00
-3.086304903030395508e+00 -1.908345222473144531e+00 8.394037246704101562e+00
-3.160556793212890625e+00 -1.928820490837097168e+00 8.407734870910644531e+00
-3.217103481292724609e+00 -1.919457435607910156e+00 8.458292007446289062e+00
-3.254247903823852539e+00 -1.869122028350830078e+00 8.537484169006347656e+00
-3.306808948516845703e+00 -1.809630632400512695e+00 8.580566406250000000e+00
-3.368181943893432617e+00 -1.780237674713134766e+00 8.602660179138183594e+00
-3.432228326797485352e+00 -1.744039177894592285e+00 8.617314338684082031e+00
-3.504969596862792969e+00 -1.758631467819213867e+00 8.620530128479003906e+00
-3.586387395858764648e+00 -1.785550951957702637e+00 8.611892700195312500e+00
-3.676031351089477539e+00 -1.835336208343505859e+00 8.597944259643554688e+00
-3.741382598876953125e+00 -1.787125349044799805e+00 8.609714508056640625e+00
-3.805700063705444336e+00 -1.741779804229736328e+00 8.616804122924804688e+00
-3.880270719528198242e+00 -1.714439988136291504e+00 8.612994194030761719e+00
-3.954919099807739258e+00 -1.689163804054260254e+00 8.619939804077148438e+00
-4.032034873962402344e+00 -1.663700103759765625e+00 8.626660346984863281e+00
-4.108538150787353516e+00 -1.642819404602050781e+00 8.640972137451171875e+00
-4.186263084411621094e+00 -1.622362375259399414e+00 8.656637191772460938e+00
-4.266767978668212891e+00 -1.608181357383728027e+00 8.662656784057617188e+00
-4.347463130950927734e+00 -1.594827055931091309e+00 8.669693946838378906e+00
-4.428163528442382812e+00 -1.581777691841125488e+00 8.676753997802734375e+00
-4.513107299804687500e+00 -1.574548602104187012e+00 8.681791305541992188e+00
-4.594118595123291016e+00 -1.556801080703735352e+00 8.687076568603515625e+00
-4.672141551971435547e+00 -1.538067579269409180e+00 8.693079948425292969e+00
-4.756398200988769531e+00 -1.520796060562133789e+00 8.697822570800781250e+00
-4.840965270996093750e+00 -1.504929304122924805e+00 8.700815200805664062e+00
-4.930658340454101562e+00 -1.482562303543090820e+00 8.702446937561035156e+00
-5.021045684814453125e+00 -1.464498639106750488e+00 8.703455924987792969e+00
-5.115330696105957031e+00 -1.445930361747741699e+00 8.704571723937988281e+00
-5.209778308868408203e+00 -1.426671981811523438e+00 8.708467483520507812e+00
-5.314635276794433594e+00 -1.407396197319030762e+00 8.706748008728027344e+00
-5.424525260925292969e+00 -1.387157678604125977e+00 8.703338623046875000e+00
-5.533589363098144531e+00 -1.363163113594055176e+00 8.698676109313964844e+00
-5.649545669555664062e+00 -1.339353919029235840e+00 8.693350791931152344e+00
-5.770130634307861328e+00 -1.316802024841308594e+00 8.687925338745117188e+00
-5.893105506896972656e+00 -1.293053030967712402e+00 8.680634498596191406e+00
-6.010490894317626953e+00 -1.268182754516601562e+00 8.673364639282226562e+00
-6.132139205932617188e+00 -1.244280457496643066e+00 8.664424896240234375e+00
-6.247343063354492188e+00 -1.221696615219116211e+00 8.660916328430175781e+00
-6.362453937530517578e+00 -1.199649930000305176e+00 8.651395797729492188e+00
-6.472987651824951172e+00 -1.178425908088684082e+00 8.642901420593261719e+00
-6.576252460479736328e+00 -1.153701901435852051e+00 8.630849838256835938e+00
-6.674735069274902344e+00 -1.133055329322814941e+00 8.620505332946777344e+00
-6.767395496368408203e+00 -1.112807989120483398e+00 8.611901283264160156e+00
-6.855776309967041016e+00 -1.092786192893981934e+00 8.604826927185058594e+00
-6.940771579742431641e+00 -1.071778297424316406e+00 8.599411010742187500e+00
-7.023471355438232422e+00 -1.078821539878845215e+00 8.569784164428710938e+00
-7.103616237640380859e+00 -1.063879966735839844e+00 8.563947677612304688e+00
-7.180409431457519531e+00 -1.043407797813415527e+00 8.549791336059570312e+00
-7.252747058868408203e+00 -1.016397595405578613e+00 8.529182434082031250e+00
-7.329580307006835938e+00 -9.988639950752258301e-01 8.525053977966308594e+00
-7.397862434387207031e+00 -9.680653214454650879e-01 8.497820854187011719e+00
-7.468921661376953125e+00 -9.305375814437866211e-01 8.486794471740722656e+00
-7.530142307281494141e+00 -8.675788044929504395e-01 8.454665184020996094e+00
-7.592220306396484375e+00 -8.187804222106933594e-01 8.405790328979492188e+00
-7.652857303619384766e+00 -7.867913246154785156e-01 8.349472045898437500e+00
-7.781597614288330078e+00 -1.072229146957397461e+00 8.360035896301269531e+00
-7.816863059997558594e+00 -1.055662870407104492e+00 8.222660064697265625e+00
-7.880417823791503906e+00 -1.034432888031005859e+00 8.181579589843750000e+00
-7.906322002410888672e+00 -8.426034450531005859e-01 8.103590011596679688e+00
-7.983611583709716797e+00 -9.495816826820373535e-01 8.069453239440917969e+00
-8.125468254089355469e+00 -1.091880440711975098e+00 8.216471672058105469e+00
-8.226069450378417969e+00 -1.066938281059265137e+00 8.297154426574707031e+00
-8.290786743164062500e+00 -1.067471385002136230e+00 8.283731460571289062e+00
-8.256103515625000000e+00 -6.384076476097106934e-01 8.189490318298339844e+00
-8.349603652954101562e+00 -6.460589170455932617e-01 8.249211311340332031e+00
-8.429291725158691406e+00 -6.751797199249267578e-01 8.271357536315917969e+00
-8.492971420288085938e+00 -6.862902641296386719e-01 8.264541625976562500e+00
-8.544953346252441406e+00 -6.787002682685852051e-01 8.240659713745117188e+00
-8.644229888916015625e+00 -8.668136000633239746e-01 8.252895355224609375e+00
-8.691354751586914062e+00 -8.835471272468566895e-01 8.214729309082031250e+00
-8.732847213745117188e+00 -9.376626610755920410e-01 8.153543472290039062e+00
-8.764256477355957031e+00 -9.606369137763977051e-01 8.091130256652832031e+00
-8.754781723022460938e+00 -1.024684906005859375e+00 7.966289997100830078e+00
-8.711612701416015625e+00 -5.939072370529174805e-01 7.883711814880371094e+00
-8.732422828674316406e+00 -6.114227771759033203e-01 7.804323673248291016e+00
-8.797795295715332031e+00 -9.578038454055786133e-01 7.723245620727539062e+00
-8.806653976440429688e+00 -8.935503363609313965e-01 7.641083240509033203e+00
-8.847612380981445312e+00 -8.388596773147583008e-01 7.591963768005371094e+00
-8.916499137878417969e+00 -7.055752873420715332e-01 7.587474346160888672e+00
-9.007153511047363281e+00 -6.900035142898559570e-01 7.582541942596435547e+00
-9.085018157958984375e+00 -6.929883956909179688e-01 7.555056095123291016e+00
-9.147933006286621094e+00 -7.021578550338745117e-01 7.503381252288818359e+00
-9.254020690917968750e+00 -8.366062045097351074e-01 7.477861881256103516e+00
-9.310057640075683594e+00 -7.954128384590148926e-01 7.426057338714599609e+00
-9.365028381347656250e+00 -7.564386725425720215e-01 7.374397277832031250e+00
-9.421422958374023438e+00 -7.301681637763977051e-01 7.322957038879394531e+00
-9.477593421936035156e+00 -7.120377421379089355e-01 7.271555423736572266e+00
-9.534208297729492188e+00 -6.991894245147705078e-01 7.217438220977783203e+00
-9.601128578186035156e+00 -6.795134544372558594e-01 7.179227352142333984e+00
-9.657144546508789062e+00 -6.681843400001525879e-01 7.126878261566162109e+00
-9.714184761047363281e+00 -6.600718498229980469e-01 7.071276187896728516e+00
-9.779084205627441406e+00 -6.453678011894226074e-01 7.018425464630126953e+00
-9.837417602539062500e+00 -6.401890516281127930e-01 6.969430923461914062e+00
-9.901146888732910156e+00 -6.316145062446594238e-01 6.909689426422119141e+00
-9.966373443603515625e+00 -6.238563060760498047e-01 6.846383571624755859e+00
-1.003470993041992188e+01 -6.154424548149108887e-01 6.780829906463623047e+00
-1.010704231262207031e+01 -6.064441204071044922e-01 6.711962699890136719e+00
-1.018255519866943359e+01 -5.930112004280090332e-01 6.639797210693359375e+00
-1.026353645324707031e+01 -5.838414430618286133e-01 6.566459655761718750e+00
-1.034282684326171875e+01 -5.735924243927001953e-01 6.485229492187500000e+00
-1.042619419097900391e+01 -5.628569126129150391e-01 6.408229351043701172e+00
-1.051296234130859375e+01 -5.527345538139343262e-01 6.326389789581298828e+00
-1.059880065917968750e+01 -5.427230596542358398e-01 6.247276782989501953e+00
-1.068788623809814453e+01 -5.338112711906433105e-01 6.170184135437011719e+00
-1.077094364166259766e+01 -5.252805948257446289e-01 6.095921039581298828e+00
-1.084977531433105469e+01 -5.182371139526367188e-01 6.027159214019775391e+00
-1.092672157287597656e+01 -5.099064707756042480e-01 5.960283756256103516e+00
-1.100066184997558594e+01 -5.047960877418518066e-01 5.904234886169433594e+00
-1.106669330596923828e+01 -4.990129470825195312e-01 5.858297348022460938e+00
-1.114011478424072266e+01 -4.970866143703460693e-01 5.816670894622802734e+00
-1.120610904693603516e+01 -4.957866370677947998e-01 5.777780055999755859e+00
-1.127141571044921875e+01 -4.950067996978759766e-01 5.744534015655517578e+00
-1.133316516876220703e+01 -4.941466152667999268e-01 5.713105678558349609e+00
-1.139042663574218750e+01 -4.932122826576232910e-01 5.681961059570312500e+00
-1.144149303436279297e+01 -4.898263812065124512e-01 5.648766517639160156e+00
-1.148843193054199219e+01 -4.877990484237670898e-01 5.615405559539794922e+00
-1.152559471130371094e+01 -4.828896522521972656e-01 5.574534893035888672e+00
-1.155647754669189453e+01 -4.741302430629730225e-01 5.528919696807861328e+00
-1.158161449432373047e+01 -4.648546576499938965e-01 5.478720188140869141e+00
-1.159806346893310547e+01 -4.547209739685058594e-01 5.420979499816894531e+00
-1.161468505859375000e+01 -4.438946247100830078e-01 5.357164859771728516e+00
-1.163021469116210938e+01 -4.208161234855651855e-01 5.299767494201660156e+00
-1.163920688629150391e+01 -4.076468944549560547e-01 5.229773521423339844e+00
-1.164688396453857422e+01 -3.926643729209899902e-01 5.148865699768066406e+00
-1.166902065277099609e+01 -3.800464272499084473e-01 5.067904472351074219e+00
-1.169665336608886719e+01 -3.726339340209960938e-01 4.986830234527587891e+00
-1.172880554199218750e+01 -3.596606552600860596e-01 4.897294521331787109e+00
-1.176594829559326172e+01 -3.473561704158782959e-01 4.802784919738769531e+00
-1.182083702087402344e+01 -3.361906707286834717e-01 4.707439899444580078e+00
-1.186375045776367188e+01 -3.236551880836486816e-01 4.602451324462890625e+00
-1.191199016571044922e+01 -3.126986026763916016e-01 4.494135856628417969e+00
-1.196141529083251953e+01 -3.002343773841857910e-01 4.383214473724365234e+00
-1.201330566406250000e+01 -2.912137806415557861e-01 4.271946907043457031e+00
-1.206554126739501953e+01 -2.815555334091186523e-01 4.160453796386718750e+00
-1.212205123901367188e+01 -2.760974168777465820e-01 4.058007717132568359e+00
-1.217196083068847656e+01 -2.695461809635162354e-01 3.950624465942382812e+00
-1.222249603271484375e+01 -2.640893161296844482e-01 3.847515106201171875e+00
-1.227120971679687500e+01 -2.611855864524841309e-01 3.748656272888183594e+00
-1.231861019134521484e+01 -2.607351839542388916e-01 3.652948617935180664e+00
-1.236567497253417969e+01 -2.650828957557678223e-01 3.560886621475219727e+00
-1.241007900238037109e+01 -2.736728191375732422e-01 3.474799871444702148e+00
-1.245565319061279297e+01 -2.899771928787231445e-01 3.393045663833618164e+00
-1.250163745880126953e+01 -3.115068972110748291e-01 3.314110994338989258e+00
-1.255218696594238281e+01 -3.410743474960327148e-01 3.238752841949462891e+00
-1.260011196136474609e+01 -3.791835606098175049e-01 3.169527769088745117e+00
-1.264869213104248047e+01 -4.290268421173095703e-01 3.105158805847167969e+00
-1.269949150085449219e+01 -4.894506633281707764e-01 3.045489311218261719e+00
-1.275168132781982422e+01 -5.563133358955383301e-01 2.988091945648193359e+00
-1.280546379089355469e+01 -6.358126401901245117e-01 2.935316562652587891e+00
-1.286079120635986328e+01 -7.243764400482177734e-01 2.885769128799438477e+00
-1.291894817352294922e+01 -8.206967711448669434e-01 2.836779356002807617e+00
-1.297988986968994141e+01 -9.212080836296081543e-01 2.785977840423583984e+00
-1.304200649261474609e+01 -1.023990035057067871e+00 2.735527992248535156e+00
-1.310524845123291016e+01 -1.126293659210205078e+00 2.682535648345947266e+00
-1.316943168640136719e+01 -1.225884079933166504e+00 2.625747680664062500e+00
-1.323274993896484375e+01 -1.323617339134216309e+00 2.568265914916992188e+00
-1.329436206817626953e+01 -1.416587114334106445e+00 2.510794878005981445e+00
-1.335935211181640625e+01 -1.494021654129028320e+00 2.444261550903320312e+00
-1.341782569885253906e+01 -1.570305585861206055e+00 2.382978200912475586e+00
-1.347873020172119141e+01 -1.634513497352600098e+00 2.321350097656250000e+00
-1.353026103973388672e+01 -1.691032052040100098e+00 2.256816148757934570e+00
-1.358073234558105469e+01 -1.740297436714172363e+00 2.194006919860839844e+00
-1.362727928161621094e+01 -1.778848171234130859e+00 2.130504131317138672e+00
-1.367244434356689453e+01 -1.800777435302734375e+00 2.067038774490356445e+00
-1.371334934234619141e+01 -1.817001104354858398e+00 2.006267786026000977e+00
-1.374918174743652344e+01 -1.821023821830749512e+00 1.947771430015563965e+00
-1.377964019775390625e+01 -1.813852787017822266e+00 1.892836928367614746e+00
-1.380812740325927734e+01 -1.793580651283264160e+00 1.841671824455261230e+00
-1.383411312103271484e+01 -1.765716433525085449e+00 1.794224858283996582e+00
-1.385500812530517578e+01 -1.726053953170776367e+00 1.749843478202819824e+00
-1.387382316589355469e+01 -1.674572944641113281e+00 1.710839986801147461e+00
-1.388967895507812500e+01 -1.611473560333251953e+00 1.678282260894775391e+00
-1.390690135955810547e+01 -1.533765077590942383e+00 1.654435038566589355e+00
-1.391338920593261719e+01 -1.449315190315246582e+00 1.634073853492736816e+00
-1.391558265686035156e+01 -1.353363871574401855e+00 1.621103286743164062e+00
-1.391309547424316406e+01 -1.251161217689514160e+00 1.615003228187561035e+00
-1.389517593383789062e+01 -1.135226726531982422e+00 1.608107089996337891e+00
-1.387767601013183594e+01 -1.017680287361145020e+00 1.612041473388671875e+00
-1.385780429840087891e+01 -8.900701999664306641e-01 1.620320558547973633e+00
-1.383479881286621094e+01 -7.578069567680358887e-01 1.628071188926696777e+00
-1.379602146148681641e+01 -6.219282746315002441e-01 1.644504785537719727e+00
-1.374044609069824219e+01 -4.838121831417083740e-01 1.660115361213684082e+00
-1.368532562255859375e+01 -3.496177792549133301e-01 1.675230383872985840e+00
-1.362891292572021484e+01 -2.212011069059371948e-01 1.688337802886962891e+00
-1.356280899047851562e+01 -1.044132262468338013e-01 1.695206999778747559e+00
-1.350139236450195312e+01 8.512828499078750610e-03 1.700009107589721680e+00
-1.343598937988281250e+01 1.067258417606353760e-01 1.700497031211853027e+00
-1.337167453765869141e+01 2.006296068429946899e-01 1.694942593574523926e+00
-1.330806446075439453e+01 2.811893522739410400e-01 1.685164928436279297e+00
-1.324255752563476562e+01 3.484271764755249023e-01 1.668509960174560547e+00
-1.318373394012451172e+01 4.062371850013732910e-01 1.645871639251708984e+00
-1.312196063995361328e+01 4.535690844058990479e-01 1.615181803703308105e+00
-1.307484626770019531e+01 4.966527223587036133e-01 1.579164147377014160e+00
-1.303191661834716797e+01 5.273802280426025391e-01 1.534512877464294434e+00
-1.299116611480712891e+01 5.466422438621520996e-01 1.484138965606689453e+00
-1.296159267425537109e+01 5.544058084487915039e-01 1.429802656173706055e+00
-1.292636108398437500e+01 5.547291636466979980e-01 1.364629745483398438e+00
-1.291245555877685547e+01 5.582656264305114746e-01 1.293616175651550293e+00
-1.290007781982421875e+01 5.472952723503112793e-01 1.217869162559509277e+00
-1.289703369140625000e+01 5.307421684265136719e-01 1.136112213134765625e+00
-1.289754486083984375e+01 5.078935623168945312e-01 1.048842430114746094e+00
-1.291285228729248047e+01 4.825179874897003174e-01 9.593392610549926758e-01
-1.292495441436767578e+01 4.417589008808135986e-01 8.710829615592956543e-01
-1.294894504547119141e+01 4.134380519390106201e-01 7.762573361396789551e-01
-1.297872257232666016e+01 3.647862970829010010e-01 6.875696778297424316e-01
-1.303733444213867188e+01 3.237849175930023193e-01 5.976827740669250488e-01
-1.307700634002685547e+01 2.698106467723846436e-01 5.134315490722656250e-01
-1.313644599914550781e+01 2.148554027080535889e-01 4.342961907386779785e-01
-1.320692443847656250e+01 1.602188348770141602e-01 3.596069812774658203e-01
-1.326385211944580078e+01 9.181404113769531250e-02 2.908474206924438477e-01
-1.332146739959716797e+01 1.941698417067527771e-02 2.282043248414993286e-01
-1.335925674438476562e+01 -5.975884199142456055e-02 1.718672811985015869e-01
-1.339073467254638672e+01 -1.388290077447891235e-01 1.223580241203308105e-01
-1.340737819671630859e+01 -2.184619307518005371e-01 7.845630496740341187e-02
-1.340938568115234375e+01 -2.958162724971771240e-01 3.931261599063873291e-02
-1.339958953857421875e+01 -3.680842518806457520e-01 3.508788067847490311e-03
-1.337675094604492188e+01 -4.300851523876190186e-01 -2.966131456196308136e-02
-1.334347343444824219e+01 -4.838494658470153809e-01 -6.191433221101760864e-02
-1.330427074432373047e+01 -5.209236741065979004e-01 -9.615284204483032227e-02
-1.326111316680908203e+01 -5.528249144554138184e-01 -1.347891390323638916e-01
-1.320185756683349609e+01 -5.726286768913269043e-01 -1.698116660118103027e-01
-1.314564037322998047e+01 -5.752610564231872559e-01 -2.137142568826675415e-01
-1.308263301849365234e+01 -5.669384002685546875e-01 -2.617202401161193848e-01
-1.301922512054443359e+01 -5.457866787910461426e-01 -3.190067410469055176e-01
-1.295233631134033203e+01 -5.147912502288818359e-01 -3.873907029628753662e-01
-1.289060115814208984e+01 -4.764070510864257812e-01 -4.676060676574707031e-01
-1.282937622070312500e+01 -4.355328977108001709e-01 -5.588403940200805664e-01
-1.276725196838378906e+01 -3.994849920272827148e-01 -6.626741290092468262e-01
-1.270352840423583984e+01 -3.687957227230072021e-01 -7.789473533630371094e-01
-1.263666629791259766e+01 -3.429809212684631348e-01 -9.099699258804321289e-01
-1.256581115722656250e+01 -3.210304677486419678e-01 -1.058376908302307129e+00
-1.249077129364013672e+01 -3.019323945045471191e-01 -1.220533251762390137e+00
-1.241314315795898438e+01 -2.834307253360748291e-01 -1.395162940025329590e+00
-1.233432102203369141e+01 -2.685834765434265137e-01 -1.577126383781433105e+00
-1.225381660461425781e+01 -2.504062354564666748e-01 -1.761833548545837402e+00
-1.217523860931396484e+01 -2.340255975723266602e-01 -1.944779157638549805e+00
-1.210065364837646484e+01 -2.195794582366943359e-01 -2.120628356933593750e+00
-1.202592849731445312e+01 -1.989524215459823608e-01 -2.282621622085571289e+00
-1.196030521392822266e+01 -1.851888000965118408e-01 -2.431399106979370117e+00
-1.190070629119873047e+01 -1.701178401708602905e-01 -2.570615053176879883e+00
-1.184418773651123047e+01 -1.568481624126434326e-01 -2.697405099868774414e+00
-1.179595661163330078e+01 -1.503376513719558716e-01 -2.812429904937744141e+00
-1.175323200225830078e+01 -1.394825428724288940e-01 -2.917333841323852539e+00
-1.171227645874023438e+01 -1.310760080814361572e-01 -3.009234189987182617e+00
-1.166809844970703125e+01 -1.273930817842483521e-01 -3.091136455535888672e+00
-1.162576484680175781e+01 -1.266175210475921631e-01 -3.164509057998657227e+00
-1.158036613464355469e+01 -1.356617510318756104e-01 -3.231820344924926758e+00
-1.152602195739746094e+01 -1.194958239793777466e-01 -3.295552730560302734e+00
-1.156737709045410156e+01 -6.832645833492279053e-02 -3.377287864685058594e+00
-1.160179901123046875e+01 -6.426467746496200562e-02 -3.466676950454711914e+00
-1.163673305511474609e+01 -6.371409446001052856e-02 -3.558695077896118164e+00
-1.162929725646972656e+01 -1.429249793291091919e-01 -3.644821405410766602e+00
-1.135521793365478516e+01 -2.580109536647796631e-01 -3.609686851501464844e+00
-1.137364101409912109e+01 -2.901638746261596680e-01 -3.700805187225341797e+00
-1.151485633850097656e+01 -2.301841527223587036e-01 -3.827553510665893555e+00
-1.137963104248046875e+01 -2.847903072834014893e-01 -3.855609893798828125e+00
-1.149945545196533203e+01 -1.789129525423049927e-01 -3.949215412139892578e+00
-1.142512130737304688e+01 -2.042431235313415527e-01 -3.996551513671875000e+00
-1.108836841583251953e+01 -1.697485297918319702e-01 -3.894203186035156250e+00
-1.107489776611328125e+01 -1.471042782068252563e-01 -3.953994512557983398e+00
-1.100118637084960938e+01 -4.177978262305259705e-02 -3.949986934661865234e+00
-1.098157882690429688e+01 1.945794647326692939e-04 -3.997535943984985352e+00
-1.097185707092285156e+01 1.232412979006767273e-01 -4.012612819671630859e+00
-1.104753112792968750e+01 2.800132036209106445e-01 -4.050804138183593750e+00
-1.110641479492187500e+01 3.482984900474548340e-01 -4.116227149963378906e+00
-1.111627483367919922e+01 3.777499198913574219e-01 -4.177694797515869141e+00
-1.116975212097167969e+01 3.990994989871978760e-01 -4.259861469268798828e+00
-1.123899269104003906e+01 3.695448935031890869e-01 -4.372590541839599609e+00
-1.122336483001708984e+01 1.322853118181228638e-01 -4.535267353057861328e+00
-1.120072937011718750e+01 1.680570691823959351e-01 -4.583688259124755859e+00
-1.118224048614501953e+01 3.294044733047485352e-01 -4.589527130126953125e+00
-1.112853622436523438e+01 2.360606640577316284e-01 -4.677000999450683594e+00
-1.106166076660156250e+01 4.165718555450439453e-01 -4.658281326293945312e+00
-1.101730537414550781e+01 4.293630719184875488e-01 -4.715882778167724609e+00
-1.098587512969970703e+01 4.104071557521820068e-01 -4.791624069213867188e+00
-1.094241333007812500e+01 4.004828333854675293e-01 -4.861516952514648438e+00
-1.090352058410644531e+01 3.995479941368103027e-01 -4.931513309478759766e+00
-1.084627914428710938e+01 4.661598205566406250e-01 -4.979636669158935547e+00
-1.078580379486083984e+01 4.688556790351867676e-01 -5.044497489929199219e+00
-1.073201942443847656e+01 4.752135574817657471e-01 -5.119389057159423828e+00
-1.067380809783935547e+01 4.891356825828552246e-01 -5.200126171112060547e+00
-1.061206054687500000e+01 4.962475597858428955e-01 -5.277858734130859375e+00
-1.053917598724365234e+01 5.157266259193420410e-01 -5.347079753875732422e+00
-1.046913433074951172e+01 5.272248983383178711e-01 -5.423792362213134766e+00
-1.039371013641357422e+01 5.208634138107299805e-01 -5.501843452453613281e+00
-1.029412269592285156e+01 5.547437667846679688e-01 -5.546158313751220703e+00
-1.021326923370361328e+01 5.412057042121887207e-01 -5.622472286224365234e+00
-1.012653732299804688e+01 5.332180857658386230e-01 -5.683883190155029297e+00
-1.003713607788085938e+01 5.265386700630187988e-01 -5.737667560577392578e+00
-9.939449310302734375e+00 5.301378369331359863e-01 -5.779675960540771484e+00
-9.840699195861816406e+00 5.456991791725158691e-01 -5.808486938476562500e+00
-9.814782142639160156e+00 4.116693139076232910e-01 -5.930459976196289062e+00
-9.756082534790039062e+00 3.651659190654754639e-01 -6.000972747802734375e+00
-9.690226554870605469e+00 3.413050770759582520e-01 -6.059176921844482422e+00
-9.506912231445312500e+00 5.766944885253906250e-01 -5.956731796264648438e+00
-9.565368652343750000e+00 3.336330652236938477e-01 -6.158449172973632812e+00
-9.395806312561035156e+00 5.468818545341491699e-01 -6.067864418029785156e+00
-9.442733764648437500e+00 3.702906072139739990e-01 -6.243478775024414062e+00
-9.370990753173828125e+00 4.464409649372100830e-01 -6.248246192932128906e+00
-9.337278366088867188e+00 4.851736426353454590e-01 -6.284111976623535156e+00
-9.320509910583496094e+00 5.157635211944580078e-01 -6.329610347747802734e+00
-9.313056945800781250e+00 5.524869561195373535e-01 -6.370800018310546875e+00
-9.304944038391113281e+00 6.179848909378051758e-01 -6.398459434509277344e+00
-9.334282875061035156e+00 6.191506981849670410e-01 -6.469109058380126953e+00
-9.414634704589843750e+00 5.656329393386840820e-01 -6.566493034362792969e+00
-9.415644645690917969e+00 6.576259136199951172e-01 -6.586449623107910156e+00
-9.404836654663085938e+00 8.454042077064514160e-01 -6.535901546478271484e+00
-9.454208374023437500e+00 9.080976843833923340e-01 -6.565474510192871094e+00
-9.514850616455078125e+00 9.659578800201416016e-01 -6.598116397857666016e+00
-9.589368820190429688e+00 9.911681413650512695e-01 -6.649566650390625000e+00
-9.672439575195312500e+00 1.008186340332031250e+00 -6.703107833862304688e+00
-9.752387046813964844e+00 1.051727771759033203e+00 -6.739082813262939453e+00
-9.838426589965820312e+00 1.072497844696044922e+00 -6.789690017700195312e+00
-9.916373252868652344e+00 1.115270614624023438e+00 -6.830463886260986328e+00
-9.994393348693847656e+00 1.155439853668212891e+00 -6.873937129974365234e+00
-1.007037067413330078e+01 1.197922706604003906e+00 -6.919128894805908203e+00
-1.013976764678955078e+01 1.252731084823608398e+00 -6.967812061309814453e+00
-1.020477962493896484e+01 1.297769308090209961e+00 -7.020546436309814453e+00
-1.027130031585693359e+01 1.343673467636108398e+00 -7.077691555023193359e+00
-1.033366775512695312e+01 1.389491438865661621e+00 -7.137722969055175781e+00
-1.039401817321777344e+01 1.434733510017395020e+00 -7.200600147247314453e+00
-1.045235443115234375e+01 1.480059981346130371e+00 -7.265634536743164062e+00
-1.050980758666992188e+01 1.524325370788574219e+00 -7.332113742828369141e+00
-1.056537151336669922e+01 1.568242311477661133e+00 -7.397967338562011719e+00
-1.061987590789794922e+01 1.611179471015930176e+00 -7.465018749237060547e+00
-1.067276096343994141e+01 1.653308153152465820e+00 -7.532215118408203125e+00
-1.071356773376464844e+01 1.700150370597839355e+00 -7.592525959014892578e+00
-1.076829814910888672e+01 1.740295886993408203e+00 -7.660812854766845703e+00
-1.082185363769531250e+01 1.779430747032165527e+00 -7.729144573211669922e+00
-1.087458229064941406e+01 1.820076823234558105e+00 -7.797258853912353516e+00
-1.092606067657470703e+01 1.858386635780334473e+00 -7.866603374481201172e+00
-1.097567653656005859e+01 1.895681977272033691e+00 -7.934605598449707031e+00
-1.102700901031494141e+01 1.936599493026733398e+00 -8.001848220825195312e+00
-1.107327747344970703e+01 1.972097754478454590e+00 -8.072690010070800781e+00
-1.112465953826904297e+01 2.008623600006103516e+00 -8.140185356140136719e+00
-1.117077255249023438e+01 2.043752431869506836e+00 -8.208580017089843750e+00
-1.121684932708740234e+01 2.081542491912841797e+00 -8.276982307434082031e+00
-1.126036930084228516e+01 2.113614559173583984e+00 -8.346240997314453125e+00
-1.130154609680175781e+01 2.147691965103149414e+00 -8.416673660278320312e+00
-1.134119510650634766e+01 2.179674863815307617e+00 -8.489048957824707031e+00
-1.137830924987792969e+01 2.205431699752807617e+00 -8.565818786621093750e+00
-1.141230583190917969e+01 2.233355998992919922e+00 -8.642718315124511719e+00
-1.144405651092529297e+01 2.259198665618896484e+00 -8.722270965576171875e+00
-1.146712303161621094e+01 2.293944358825683594e+00 -8.802612304687500000e+00
-1.149897766113281250e+01 2.297728538513183594e+00 -8.890089988708496094e+00
-1.151372051239013672e+01 2.335352659225463867e+00 -8.973575592041015625e+00
-1.153493976593017578e+01 2.351480245590209961e+00 -9.061186790466308594e+00
-1.156313514709472656e+01 2.340765476226806641e+00 -9.152241706848144531e+00
-1.160459995269775391e+01 2.284469842910766602e+00 -9.249864578247070312e+00
-1.161861324310302734e+01 2.282373189926147461e+00 -9.339809417724609375e+00
-1.149958610534667969e+01 2.517905473709106445e+00 -9.400691986083984375e+00
-1.150641536712646484e+01 2.512992382049560547e+00 -9.485169410705566406e+00
-1.161671447753906250e+01 2.254569530487060547e+00 -9.597176551818847656e+00
-1.148447513580322266e+01 2.529720067977905273e+00 -9.647070884704589844e+00
-1.158844947814941406e+01 2.259691476821899414e+00 -9.753684043884277344e+00
-1.155892467498779297e+01 2.282186269760131836e+00 -9.822784423828125000e+00
-1.144526386260986328e+01 2.480354309082031250e+00 -9.867948532104492188e+00
-1.144066524505615234e+01 2.412564277648925781e+00 -9.935865402221679688e+00
-1.141385173797607422e+01 2.368259429931640625e+00 -9.989011764526367188e+00
-1.137562084197998047e+01 2.339059352874755859e+00 -1.003209304809570312e+01
-1.133462810516357422e+01 2.297541379928588867e+00 -1.006637287139892578e+01
-1.127829742431640625e+01 2.306667804718017578e+00 -1.009059524536132812e+01
-1.121454334259033203e+01 2.297326326370239258e+00 -1.010463619232177734e+01
-1.115228462219238281e+01 2.270226716995239258e+00 -1.011038398742675781e+01
-1.108479118347167969e+01 2.238406896591186523e+00 -1.010505390167236328e+01
-1.101718711853027344e+01 2.195554018020629883e+00 -1.009228706359863281e+01
-1.093861198425292969e+01 2.166882276535034180e+00 -1.006768035888671875e+01
-1.085726165771484375e+01 2.128802776336669922e+00 -1.003768539428710938e+01
-1.077108097076416016e+01 2.093320846557617188e+00 -1.000202751159667969e+01
-1.068050575256347656e+01 2.052074909210205078e+00 -9.959642410278320312e+00
-1.058213233947753906e+01 2.003440380096435547e+00 -9.916180610656738281e+00
-1.047674465179443359e+01 1.956569075584411621e+00 -9.869482994079589844e+00
-1.035982513427734375e+01 1.903098464012145996e+00 -9.821049690246582031e+00
-1.023007011413574219e+01 1.845446705818176270e+00 -9.772263526916503906e+00
-1.008738899230957031e+01 1.780907630920410156e+00 -9.723213195800781250e+00
-9.933377265930175781e+00 1.712646484375000000e+00 -9.677329063415527344e+00
-9.773156166076660156e+00 1.641950607299804688e+00 -9.632941246032714844e+00
-9.606626510620117188e+00 1.569940805435180664e+00 -9.591458320617675781e+00
-9.437094688415527344e+00 1.497575283050537109e+00 -9.557373046875000000e+00
-9.265334129333496094e+00 1.425830006599426270e+00 -9.528705596923828125e+00
-9.090188026428222656e+00 1.354856848716735840e+00 -9.507629394531250000e+00
-8.932670593261718750e+00 1.292486071586608887e+00 -9.493229866027832031e+00
-8.779901504516601562e+00 1.231296181678771973e+00 -9.483350753784179688e+00
-8.632826805114746094e+00 1.176285862922668457e+00 -9.481494903564453125e+00
-8.494233131408691406e+00 1.123482704162597656e+00 -9.481865882873535156e+00
-8.365288734436035156e+00 1.076401472091674805e+00 -9.488180160522460938e+00
-8.247059822082519531e+00 1.031803250312805176e+00 -9.497878074645996094e+00
-8.140101432800292969e+00 1.000096440315246582e+00 -9.505467414855957031e+00
-8.041757583618164062e+00 9.659953117370605469e-01 -9.516981124877929688e+00
-7.942492961883544922e+00 9.524466991424560547e-01 -9.531570434570312500e+00
-7.858056545257568359e+00 9.283528327941894531e-01 -9.545372962951660156e+00
-7.781240940093994141e+00 9.064007997512817383e-01 -9.558648109436035156e+00
-7.706807613372802734e+00 8.870317935943603516e-01 -9.571475982666015625e+00
-7.639169692993164062e+00 8.594196438789367676e-01 -9.583353042602539062e+00
-7.572989463806152344e+00 8.437044024467468262e-01 -9.598164558410644531e+00
-7.506887435913085938e+00 8.396811485290527344e-01 -9.613538742065429688e+00
-7.439154624938964844e+00 8.424832820892333984e-01 -9.630270957946777344e+00
-7.392359733581542969e+00 7.671473622322082520e-01 -9.662030220031738281e+00
-7.335519790649414062e+00 7.374822497367858887e-01 -9.681013107299804688e+00
-7.286890506744384766e+00 6.968144178390502930e-01 -9.714655876159667969e+00
-7.243143081665039062e+00 6.514861583709716797e-01 -9.758599281311035156e+00
-7.189989089965820312e+00 6.151280403137207031e-01 -9.789051055908203125e+00
-7.060334205627441406e+00 7.320210337638854980e-01 -9.712567329406738281e+00
-6.986447334289550781e+00 8.416903018951416016e-01 -9.766843795776367188e+00
-6.942919731140136719e+00 8.690019249916076660e-01 -9.851771354675292969e+00
-6.876650810241699219e+00 8.705427646636962891e-01 -9.876296043395996094e+00
-6.901736736297607422e+00 7.961862683296203613e-01 -1.007426929473876953e+01
-6.854551792144775391e+00 7.598651051521301270e-01 -1.012737178802490234e+01
-6.653102874755859375e+00 6.435093283653259277e-01 -9.810198783874511719e+00
-6.683366298675537109e+00 4.723916947841644287e-01 -9.987421035766601562e+00
-6.610068798065185547e+00 4.468578696250915527e-01 -1.000178241729736328e+01
-6.626517295837402344e+00 5.182722210884094238e-01 -1.024186992645263672e+01
-6.573939323425292969e+00 5.018319487571716309e-01 -1.027293300628662109e+01
-6.478051185607910156e+00 4.037572443485260010e-01 -1.018995189666748047e+01
-6.313548564910888672e+00 4.325762093067169189e-01 -1.000203323364257812e+01
-6.196804046630859375e+00 7.220395803451538086e-01 -1.002011394500732422e+01
-6.135116577148437500e+00 6.818668842315673828e-01 -1.001896762847900391e+01
-6.240178108215332031e+00 7.590304017066955566e-01 -1.042541980743408203e+01
-6.173532009124755859e+00 7.767544388771057129e-01 -1.043389129638671875e+01
-6.062599658966064453e+00 8.195384740829467773e-01 -1.036829566955566406e+01
-5.936517715454101562e+00 7.906402349472045898e-01 -1.023446178436279297e+01
-5.875213623046875000e+00 7.722382545471191406e-01 -1.024284172058105469e+01
-5.809916496276855469e+00 6.164054274559020996e-01 -1.015312290191650391e+01
-5.772964477539062500e+00 5.332331657409667969e-01 -1.016338443756103516e+01
-5.868427276611328125e+00 6.816494464874267578e-01 -1.057505035400390625e+01
-5.812097549438476562e+00 6.579397916793823242e-01 -1.059439468383789062e+01
-5.837961196899414062e+00 5.119864940643310547e-01 -1.067447185516357422e+01
-5.596325874328613281e+00 5.130596756935119629e-01 -1.034492492675781250e+01
-5.633033275604248047e+00 2.860221564769744873e-01 -1.039238548278808594e+01
-5.635366916656494141e+00 2.391969561576843262e-01 -1.050632476806640625e+01
-5.596338272094726562e+00 2.427771389484405518e-01 -1.058436107635498047e+01
-5.544634819030761719e+00 2.453217506408691406e-01 -1.065946865081787109e+01
-5.468999385833740234e+00 2.596377432346343994e-01 -1.070705032348632812e+01
-5.389021873474121094e+00 2.512512803077697754e-01 -1.073440361022949219e+01
-5.314831733703613281e+00 2.388785779476165771e-01 -1.077555274963378906e+01
-5.232197284698486328e+00 2.000743001699447632e-01 -1.078767299652099609e+01
-5.167722225189208984e+00 1.744524091482162476e-01 -1.084435367584228516e+01
-5.088219165802001953e+00 1.570264846086502075e-01 -1.088185214996337891e+01
-5.007665157318115234e+00 1.405477523803710938e-01 -1.091996574401855469e+01
-4.928574562072753906e+00 1.206696331501007080e-01 -1.095653343200683594e+01
-4.848577022552490234e+00 1.035304740071296692e-01 -1.098908710479736328e+01
-4.763346195220947266e+00 1.006927415728569031e-01 -1.102304935455322266e+01
-4.684000015258789062e+00 7.931896299123764038e-02 -1.105440616607666016e+01
-4.603188514709472656e+00 5.924090370535850525e-02 -1.108478736877441406e+01
-4.522816658020019531e+00 4.293796047568321228e-02 -1.111363315582275391e+01
-4.440566539764404297e+00 1.594989188015460968e-02 -1.112485694885253906e+01
-4.359480857849121094e+00 -2.663736231625080109e-03 -1.114523983001708984e+01
-4.283880710601806641e+00 -1.971720717847347260e-02 -1.117172718048095703e+01
-4.207120418548583984e+00 -3.817834705114364624e-02 -1.119180774688720703e+01
-4.130695819854736328e+00 -5.462506785988807678e-02 -1.120872306823730469e+01
-4.053595542907714844e+00 -7.542692869901657104e-02 -1.121869373321533203e+01
-3.981766462326049805e+00 -9.537204355001449585e-02 -1.123075103759765625e+01
-3.909880399703979492e+00 -1.142732575535774231e-01 -1.123928070068359375e+01
-3.842230796813964844e+00 -1.357281506061553955e-01 -1.124672126770019531e+01
-3.778195142745971680e+00 -1.581090241670608521e-01 -1.125045299530029297e+01
-3.716385602951049805e+00 -1.824563592672348022e-01 -1.124688529968261719e+01
-3.657929182052612305e+00 -2.083317637443542480e-01 -1.123939990997314453e+01
-3.601277589797973633e+00 -2.359014898538589478e-01 -1.122756290435791016e+01
-3.545326709747314453e+00 -2.649826705455780029e-01 -1.121152210235595703e+01
-3.491240978240966797e+00 -2.975929379463195801e-01 -1.119118118286132812e+01
-3.434840917587280273e+00 -3.288194537162780762e-01 -1.116992568969726562e+01
-3.375460863113403320e+00 -3.665125072002410889e-01 -1.114293479919433594e+01
-3.315625429153442383e+00 -4.069590270519256592e-01 -1.111340999603271484e+01
-3.248275279998779297e+00 -4.475580453872680664e-01 -1.108254814147949219e+01
-3.165328025817871094e+00 -4.906911849975585938e-01 -1.104951858520507812e+01
-3.086617708206176758e+00 -5.414182543754577637e-01 -1.101860523223876953e+01
-2.987264394760131836e+00 -5.966014862060546875e-01 -1.098054599761962891e+01
-2.875328302383422852e+00 -6.577106118202209473e-01 -1.093971157073974609e+01
-2.744494676589965820e+00 -7.262965440750122070e-01 -1.089555549621582031e+01
-2.604386568069458008e+00 -7.978489398956298828e-01 -1.084901428222656250e+01
-2.446906328201293945e+00 -8.761909008026123047e-01 -1.079756641387939453e+01
-2.280915021896362305e+00 -9.556381702423095703e-01 -1.074388885498046875e+01
-2.103525400161743164e+00 -1.038069605827331543e+00 -1.068549251556396484e+01
-1.917958617210388184e+00 -1.117771148681640625e+00 -1.062467765808105469e+01
-1.732746362686157227e+00 -1.189767122268676758e+00 -1.056364631652832031e+01
-1.535644531250000000e+00 -1.258243322372436523e+00 -1.049876403808593750e+01
-1.336095452308654785e+00 -1.315506815910339355e+00 -1.043286991119384766e+01
-1.132913112640380859e+00 -1.355770945549011230e+00 -1.036468887329101562e+01
-9.276244640350341797e-01 -1.380422353744506836e+00 -1.029554939270019531e+01
-7.191360592842102051e-01 -1.386500000953674316e+00 -1.022377967834472656e+01
-5.042809844017028809e-01 -1.375154733657836914e+00 -1.014847850799560547e+01
-2.881371974945068359e-01 -1.348309040069580078e+00 -1.007135200500488281e+01
-6.899459660053253174e-02 -1.308873295783996582e+00 -9.990669250488281250e+00
1.536229699850082397e-01 -1.255626797676086426e+00 -9.906365394592285156e+00
3.773040175437927246e-01 -1.190141081809997559e+00 -9.818815231323242188e+00
6.019842028617858887e-01 -1.118149757385253906e+00 -9.729363441467285156e+00
8.205146193504333496e-01 -1.042759895324707031e+00 -9.640239715576171875e+00
1.035607933998107910e+00 -9.611459970474243164e-01 -9.550166130065917969e+00
1.248908877372741699e+00 -8.743856549263000488e-01 -9.459155082702636719e+00
1.457215189933776855e+00 -7.839405536651611328e-01 -9.367327690124511719e+00
1.662721514701843262e+00 -6.891990900039672852e-01 -9.274651527404785156e+00
1.863707900047302246e+00 -5.972259640693664551e-01 -9.181914329528808594e+00
2.064342975616455078e+00 -5.031913518905639648e-01 -9.087475776672363281e+00
2.255207300186157227e+00 -4.147092401981353760e-01 -8.995098114013671875e+00
2.444432020187377930e+00 -3.275983631610870361e-01 -8.902378082275390625e+00
2.627550840377807617e+00 -2.449690103530883789e-01 -8.810609817504882812e+00
2.802233695983886719e+00 -1.678975224494934082e-01 -8.721352577209472656e+00
2.961864948272705078e+00 -9.781236946582794189e-02 -8.636426925659179688e+00
3.114089012145996094e+00 -3.362433984875679016e-02 -8.554929733276367188e+00
3.253112077713012695e+00 2.432872541248798370e-02 -8.478605270385742188e+00
3.380112886428833008e+00 7.671698182821273804e-02 -8.407995223999023438e+00
3.495065212249755859e+00 1.243063062429428101e-01 -8.343533515930175781e+00
3.597188472747802734e+00 1.670710146427154541e-01 -8.283245086669921875e+00
3.688480377197265625e+00 2.063305824995040894e-01 -8.232716560363769531e+00
3.770493268966674805e+00 2.416288554668426514e-01 -8.181982040405273438e+00
3.844994783401489258e+00 2.745180130004882812e-01 -8.136993408203125000e+00
3.916157960891723633e+00 3.038019835948944092e-01 -8.092767715454101562e+00
3.979229688644409180e+00 3.319275677204132080e-01 -8.051876068115234375e+00
4.038851737976074219e+00 3.574569225311279297e-01 -8.007368087768554688e+00
4.097253799438476562e+00 3.808179795742034912e-01 -7.965452671051025391e+00
4.155239105224609375e+00 4.013904035091400146e-01 -7.924479961395263672e+00
4.210351467132568359e+00 4.191017150878906250e-01 -7.878593921661376953e+00
4.266805171966552734e+00 4.349966347217559814e-01 -7.834524154663085938e+00
4.323906898498535156e+00 4.483810365200042725e-01 -7.788204669952392578e+00
4.380724906921386719e+00 4.605410695075988770e-01 -7.738967895507812500e+00
4.437047958374023438e+00 4.702997505664825439e-01 -7.686404705047607422e+00
4.495485782623291016e+00 4.784938693046569824e-01 -7.631688117980957031e+00
4.555256843566894531e+00 4.851175844669342041e-01 -7.575043678283691406e+00
4.618870735168457031e+00 4.922006130218505859e-01 -7.519250869750976562e+00
4.681555271148681641e+00 4.970794916152954102e-01 -7.458271980285644531e+00
4.746327400207519531e+00 5.005569458007812500e-01 -7.395524501800537109e+00
4.812270641326904297e+00 5.039177536964416504e-01 -7.332214355468750000e+00
4.880075931549072266e+00 5.049802064895629883e-01 -7.263387203216552734e+00
4.948753833770751953e+00 5.063968300819396973e-01 -7.196067810058593750e+00
5.018442630767822266e+00 5.084833502769470215e-01 -7.127740859985351562e+00
5.087875843048095703e+00 5.085392594337463379e-01 -7.058840751647949219e+00
5.159255981445312500e+00 5.084303617477416992e-01 -6.994824409484863281e+00
5.226971149444580078e+00 5.060108900070190430e-01 -6.920215129852294922e+00
5.297688007354736328e+00 5.035100579261779785e-01 -6.846640586853027344e+00
5.365536689758300781e+00 4.997001290321350098e-01 -6.773635387420654297e+00
5.433173656463623047e+00 4.947607517242431641e-01 -6.701498031616210938e+00
5.504575252532958984e+00 4.896495938301086426e-01 -6.628238677978515625e+00
5.568233489990234375e+00 4.841780364513397217e-01 -6.560291290283203125e+00
5.633973121643066406e+00 4.780599176883697510e-01 -6.488914966583251953e+00
5.696723937988281250e+00 4.714136719703674316e-01 -6.418180942535400391e+00
5.759802341461181641e+00 4.638409614562988281e-01 -6.349102973937988281e+00
5.818076610565185547e+00 4.577832818031311035e-01 -6.284007072448730469e+00
5.878414154052734375e+00 4.493369460105895996e-01 -6.216367244720458984e+00
5.936715602874755859e+00 4.411152601242065430e-01 -6.149460792541503906e+00
5.992178440093994141e+00 4.333741962909698486e-01 -6.083782196044921875e+00
6.047211170196533203e+00 4.236615002155303955e-01 -6.017804622650146484e+00
6.101775169372558594e+00 4.138508737087249756e-01 -5.953965187072753906e+00
6.153264522552490234e+00 4.045325219631195068e-01 -5.891251087188720703e+00
6.205295562744140625e+00 3.957240283489227295e-01 -5.830134868621826172e+00
6.253779888153076172e+00 3.872339129447937012e-01 -5.770702362060546875e+00
6.301905155181884766e+00 3.769225180149078369e-01 -5.710375308990478516e+00
6.348335266113281250e+00 3.675928413867950439e-01 -5.650796890258789062e+00
6.391510486602783203e+00 3.577175140380859375e-01 -5.595448493957519531e+00
6.438185214996337891e+00 3.480308353900909424e-01 -5.536240100860595703e+00
6.482594966888427734e+00 3.375762999057769775e-01 -5.477636337280273438e+00
6.526681423187255859e+00 3.249673247337341309e-01 -5.419103622436523438e+00
6.570781707763671875e+00 3.112243711948394775e-01 -5.359607219696044922e+00
6.615330696105957031e+00 2.994762063026428223e-01 -5.301112651824951172e+00
6.659683704376220703e+00 2.840399742126464844e-01 -5.240181446075439453e+00
6.705259323120117188e+00 2.692708373069763184e-01 -5.178466796875000000e+00
6.748672962188720703e+00 2.524610459804534912e-01 -5.115079879760742188e+00
6.795675277709960938e+00 2.346883118152618408e-01 -5.048011779785156250e+00
6.845729351043701172e+00 2.150479108095169067e-01 -4.977045536041259766e+00
6.896776676177978516e+00 1.937079429626464844e-01 -4.902684688568115234e+00
6.951597213745117188e+00 1.714587062597274780e-01 -4.823008060455322266e+00
7.009883403778076172e+00 1.455734670162200928e-01 -4.738771915435791016e+00
7.070522308349609375e+00 1.193113103508949280e-01 -4.649017333984375000e+00
7.138265132904052734e+00 9.045918285846710205e-02 -4.549441337585449219e+00
7.212582111358642578e+00 5.971951782703399658e-02 -4.441495895385742188e+00
7.294201374053955078e+00 2.631265483796596527e-02 -4.325578212738037109e+00
7.385072708129882812e+00 -9.336698800325393677e-03 -4.200139999389648438e+00
7.487764358520507812e+00 -4.543236643075942993e-02 -4.066018104553222656e+00
7.601961135864257812e+00 -7.793202251195907593e-02 -3.928692817687988281e+00
7.730419635772705078e+00 -1.053419485688209534e-01 -3.788851022720336914e+00
7.871507644653320312e+00 -1.241549849510192871e-01 -3.651674509048461914e+00
8.033280372619628906e+00 -1.404523551464080811e-01 -3.503152847290039062e+00
8.208283424377441406e+00 -1.533929258584976196e-01 -3.346761465072631836e+00
8.386173248291015625e+00 -1.673554927110671997e-01 -3.183909893035888672e+00
8.565799713134765625e+00 -1.845117509365081787e-01 -3.010221481323242188e+00
8.734823226928710938e+00 -2.035104781389236450e-01 -2.829750537872314453e+00
8.890769958496093750e+00 -2.273289859294891357e-01 -2.652561902999877930e+00
9.025965690612792969e+00 -2.514094710350036621e-01 -2.484504938125610352e+00
9.145168304443359375e+00 -2.762709856033325195e-01 -2.325841665267944336e+00
9.246672630310058594e+00 -3.009261488914489746e-01 -2.180277824401855469e+00
9.335976600646972656e+00 -3.278372585773468018e-01 -2.044301748275756836e+00
9.403708457946777344e+00 -3.537744283676147461e-01 -1.918803095817565918e+00
9.458487510681152344e+00 -3.773926198482513428e-01 -1.804737925529479980e+00
9.497233390808105469e+00 -3.985478579998016357e-01 -1.702299714088439941e+00
9.523838043212890625e+00 -4.191264808177947998e-01 -1.604723215103149414e+00
9.538881301879882812e+00 -4.372071623802185059e-01 -1.515692114830017090e+00
9.540618896484375000e+00 -4.545009434223175049e-01 -1.436579465866088867e+00
9.527791976928710938e+00 -4.686777889728546143e-01 -1.364136576652526855e+00
9.509561538696289062e+00 -4.814344048500061035e-01 -1.305002689361572266e+00
9.480732917785644531e+00 -4.919183254241943359e-01 -1.253298401832580566e+00
9.440639495849609375e+00 -4.995573461055755615e-01 -1.208332300186157227e+00
9.388930320739746094e+00 -5.052931308746337891e-01 -1.170275926589965820e+00
9.328042030334472656e+00 -5.087491869926452637e-01 -1.141684770584106445e+00
9.255888938903808594e+00 -5.108090043067932129e-01 -1.122595787048339844e+00
9.174838066101074219e+00 -5.121512413024902344e-01 -1.109262466430664062e+00
9.079285621643066406e+00 -5.123663544654846191e-01 -1.110516548156738281e+00
8.976056098937988281e+00 -5.115892887115478516e-01 -1.121868371963500977e+00
8.864373207092285156e+00 -5.129177570343017578e-01 -1.144324183464050293e+00
8.746914863586425781e+00 -5.161066651344299316e-01 -1.179225087165832520e+00
8.621208190917968750e+00 -5.252104997634887695e-01 -1.231453657150268555e+00
8.494799613952636719e+00 -5.338760614395141602e-01 -1.289402961730957031e+00
8.366372108459472656e+00 -5.483070611953735352e-01 -1.355315923690795898e+00
8.236207008361816406e+00 -5.652779936790466309e-01 -1.432040214538574219e+00
8.111186981201171875e+00 -5.842445492744445801e-01 -1.515783548355102539e+00
7.992657661437988281e+00 -6.055357456207275391e-01 -1.605374932289123535e+00
7.882516384124755859e+00 -6.280922889709472656e-01 -1.699202775955200195e+00
7.780601978302001953e+00 -6.502405405044555664e-01 -1.794631838798522949e+00
7.693236827850341797e+00 -6.795657873153686523e-01 -1.894469618797302246e+00
7.613334655761718750e+00 -7.018615603446960449e-01 -1.990764498710632324e+00
7.541437149047851562e+00 -7.238008975982666016e-01 -2.082027196884155273e+00
7.486042022705078125e+00 -7.451455593109130859e-01 -2.174693822860717773e+00
7.441225051879882812e+00 -7.671538591384887695e-01 -2.266391754150390625e+00
7.408235073089599609e+00 -7.885985374450683594e-01 -2.350972890853881836e+00
7.386130332946777344e+00 -8.111646175384521484e-01 -2.427784681320190430e+00
7.374398231506347656e+00 -8.339092731475830078e-01 -2.496237754821777344e+00
7.370030879974365234e+00 -8.584057092666625977e-01 -2.554888248443603516e+00
7.376877784729003906e+00 -8.833819031715393066e-01 -2.603108406066894531e+00
7.392998695373535156e+00 -9.101089239120483398e-01 -2.640008211135864258e+00
7.418952465057373047e+00 -9.405717253684997559e-01 -2.667936325073242188e+00
7.456455707550048828e+00 -9.763463735580444336e-01 -2.685904026031494141e+00
7.506461143493652344e+00 -1.018747091293334961e+00 -2.694779157638549805e+00
7.571525573730468750e+00 -1.068988323211669922e+00 -2.694221973419189453e+00
7.650026321411132812e+00 -1.123816490173339844e+00 -2.682757139205932617e+00
7.747388839721679688e+00 -1.186332106590270996e+00 -2.659015893936157227e+00
7.862056255340576172e+00 -1.253407597541809082e+00 -2.623357057571411133e+00
7.992813110351562500e+00 -1.324844002723693848e+00 -2.572897911071777344e+00
8.146498680114746094e+00 -1.399585485458374023e+00 -2.513932228088378906e+00
8.324331283569335938e+00 -1.477828979492187500e+00 -2.440607786178588867e+00
8.522592544555664062e+00 -1.561360836029052734e+00 -2.350446224212646484e+00
8.745199203491210938e+00 -1.648890495300292969e+00 -2.244792699813842773e+00
8.986153602600097656e+00 -1.734231710433959961e+00 -2.120325803756713867e+00
9.226685523986816406e+00 -1.818981051445007324e+00 -1.989122509956359863e+00
9.461765289306640625e+00 -1.904802680015563965e+00 -1.843246102333068848e+00
9.673697471618652344e+00 -1.998486518859863281e+00 -1.700497150421142578e+00
9.872960090637207031e+00 -2.109279870986938477e+00 -1.558573365211486816e+00
1.006140899658203125e+01 -2.236329317092895508e+00 -1.413808703422546387e+00
1.023287677764892578e+01 -2.372456312179565430e+00 -1.261599302291870117e+00
1.039335441589355469e+01 -2.508867025375366211e+00 -1.102656841278076172e+00
1.053626728057861328e+01 -2.637745618820190430e+00 -9.453634619712829590e-01
1.066015243530273438e+01 -2.752839088439941406e+00 -7.937181591987609863e-01
1.076594257354736328e+01 -2.857792854309082031e+00 -6.502630710601806641e-01
1.085322856903076172e+01 -2.942359447479248047e+00 -5.201538205146789551e-01
1.092280483245849609e+01 -3.012882709503173828e+00 -4.016429781913757324e-01
1.098208618164062500e+01 -3.073239088058471680e+00 -2.972184419631958008e-01
1.102996540069580078e+01 -3.123174905776977539e+00 -2.034024000167846680e-01
1.106880569458007812e+01 -3.164737939834594727e+00 -1.180905625224113464e-01
1.109588432312011719e+01 -3.196245193481445312e+00 -4.380413517355918884e-02
1.111629009246826172e+01 -3.220826148986816406e+00 2.431048080325126648e-02
1.112885570526123047e+01 -3.238456964492797852e+00 8.561595529317855835e-02
1.113432979583740234e+01 -3.249578475952148438e+00 1.419349014759063721e-01
1.113382911682128906e+01 -3.255164146423339844e+00 1.952575743198394775e-01
1.112386798858642578e+01 -3.252573728561401367e+00 2.455659508705139160e-01
1.110847377777099609e+01 -3.245723962783813477e+00 2.949109971523284912e-01
1.108612728118896484e+01 -3.232374668121337891e+00 3.439157307147979736e-01
1.105559349060058594e+01 -3.212831020355224609e+00 3.943104445934295654e-01
1.101538467407226562e+01 -3.185333251953125000e+00 4.464856684207916260e-01
1.096548938751220703e+01 -3.149837970733642578e+00 5.008026957511901855e-01
1.090328025817871094e+01 -3.103912830352783203e+00 5.573269128799438477e-01
1.082803916931152344e+01 -3.047013044357299805e+00 6.156638264656066895e-01
1.074020290374755859e+01 -2.979476213455200195e+00 6.742714047431945801e-01
1.064105415344238281e+01 -2.902696847915649414e+00 7.341336011886596680e-01
1.052612686157226562e+01 -2.812014579772949219e+00 7.913412451744079590e-01
1.039715385437011719e+01 -2.710771799087524414e+00 8.452687263488769531e-01
1.025546264648437500e+01 -2.597047090530395508e+00 8.931626081466674805e-01
1.010332202911376953e+01 -2.474253654479980469e+00 9.293519258499145508e-01
9.946403503417968750e+00 -2.347409725189208984e+00 9.553629755973815918e-01
9.783504486083984375e+00 -2.215912580490112305e+00 9.708357453346252441e-01
9.617157936096191406e+00 -2.084029197692871094e+00 9.757641553878784180e-01
9.446864128112792969e+00 -1.952885985374450684e+00 9.731008410453796387e-01
9.283894538879394531e+00 -1.833716511726379395e+00 9.672793745994567871e-01
9.116772651672363281e+00 -1.717818856239318848e+00 9.585471749305725098e-01
8.946876525878906250e+00 -1.608648777008056641e+00 9.520695805549621582e-01
8.779422760009765625e+00 -1.509489417076110840e+00 9.487232565879821777e-01
8.611245155334472656e+00 -1.428179502487182617e+00 9.489787817001342773e-01
8.449387550354003906e+00 -1.349954366683959961e+00 9.532213807106018066e-01
8.293335914611816406e+00 -1.280378460884094238e+00 9.607252478599548340e-01
8.147533416748046875e+00 -1.217554211616516113e+00 9.688230752944946289e-01
8.013600349426269531e+00 -1.162174224853515625e+00 9.770191311836242676e-01
7.891059398651123047e+00 -1.111719846725463867e+00 9.846211671829223633e-01
7.774649143218994141e+00 -1.065399408340454102e+00 9.909697175025939941e-01
7.680894851684570312e+00 -1.019742608070373535e+00 9.989221096038818359e-01
7.586247920989990234e+00 -9.837403297424316406e-01 1.004159092903137207e+00
7.499230861663818359e+00 -9.482610225677490234e-01 1.007554769515991211e+00
7.420983791351318359e+00 -9.216666221618652344e-01 1.008117437362670898e+00
7.348378658294677734e+00 -8.990673422813415527e-01 1.007667422294616699e+00
7.279647350311279297e+00 -8.808789849281311035e-01 1.006582140922546387e+00
7.215432167053222656e+00 -8.691696524620056152e-01 1.002936601638793945e+00
7.155006885528564453e+00 -8.623066544532775879e-01 9.989753961563110352e-01
7.098472118377685547e+00 -8.683112263679504395e-01 9.947289228439331055e-01
7.044352531433105469e+00 -8.750922679901123047e-01 9.888967871665954590e-01
6.993634223937988281e+00 -8.882023692131042480e-01 9.827799201011657715e-01
6.945096015930175781e+00 -9.093046188354492188e-01 9.769569039344787598e-01
6.898964881896972656e+00 -9.379352331161499023e-01 9.711857438087463379e-01
6.853872299194335938e+00 -9.706203937530517578e-01 9.675303101539611816e-01
6.808892726898193359e+00 -1.015359282493591309e+00 9.664666056632995605e-01
6.764639377593994141e+00 -1.066317319869995117e+00 9.655970931053161621e-01
6.720441818237304688e+00 -1.121872901916503906e+00 9.675738811492919922e-01
6.677206516265869141e+00 -1.191314220428466797e+00 9.740518331527709961e-01
6.631813049316406250e+00 -1.265953063964843750e+00 9.866316914558410645e-01
6.578849792480468750e+00 -1.347957968711853027e+00 1.004600644111633301e+00
6.519092082977294922e+00 -1.435586452484130859e+00 1.030474543571472168e+00
6.453017711639404297e+00 -1.532384395599365234e+00 1.062681913375854492e+00
6.375482082366943359e+00 -1.635524988174438477e+00 1.102797508239746094e+00
6.283321380615234375e+00 -1.746601223945617676e+00 1.150743961334228516e+00
6.177199840545654297e+00 -1.866148591041564941e+00 1.207486033439636230e+00
6.056957721710205078e+00 -1.991851687431335449e+00 1.270786404609680176e+00
5.923564910888671875e+00 -2.122467517852783203e+00 1.343023419380187988e+00
5.780784606933593750e+00 -2.256179571151733398e+00 1.421065568923950195e+00
5.628786563873291016e+00 -2.387999773025512695e+00 1.502494692802429199e+00
5.470344066619873047e+00 -2.525038480758666992e+00 1.589209914207458496e+00
5.300213336944580078e+00 -2.662270307540893555e+00 1.681695580482482910e+00
5.128334045410156250e+00 -2.794313192367553711e+00 1.773683667182922363e+00
4.947306156158447266e+00 -2.925041437149047852e+00 1.868635416030883789e+00
4.761754989624023438e+00 -3.051402330398559570e+00 1.962048888206481934e+00
4.582984924316406250e+00 -3.166665792465209961e+00 2.053619861602783203e+00
4.396224975585937500e+00 -3.279730796813964844e+00 2.145265340805053711e+00
4.208750724792480469e+00 -3.384742021560668945e+00 2.234922409057617188e+00
4.023653984069824219e+00 -3.481751680374145508e+00 2.324393033981323242e+00
3.841395854949951172e+00 -3.570098638534545898e+00 2.411101579666137695e+00
3.665015697479248047e+00 -3.648335933685302734e+00 2.494479179382324219e+00
3.496148586273193359e+00 -3.718924283981323242e+00 2.573957681655883789e+00
3.336761713027954102e+00 -3.780138731002807617e+00 2.648900032043457031e+00
3.192860364913940430e+00 -3.832167387008666992e+00 2.716351270675659180e+00
3.068601369857788086e+00 -3.874108791351318359e+00 2.775048255920410156e+00
2.962877273559570312e+00 -3.908316373825073242e+00 2.823810577392578125e+00
2.874083042144775391e+00 -3.936509132385253906e+00 2.864227294921875000e+00
2.793778657913208008e+00 -3.960640907287597656e+00 2.899178981781005859e+00
2.719983100891113281e+00 -3.983026981353759766e+00 2.930196523666381836e+00
2.649861097335815430e+00 -4.003911018371582031e+00 2.957964897155761719e+00
-4.313347339630126953e+00 -7.203180313110351562e+00 -7.562138557434082031e+00
-4.328313350677490234e+00 -7.176233291625976562e+00 -7.575503826141357422e+00
-4.355119705200195312e+00 -7.150834083557128906e+00 -7.587292194366455078e+00
-4.374938964843750000e+00 -7.118408203125000000e+00 -7.598003387451171875e+00
-4.405711650848388672e+00 -7.085447788238525391e+00 -7.603660583496093750e+00
-4.431120872497558594e+00 -7.045289039611816406e+00 -7.615239143371582031e+00
-4.323802947998046875e+00 -6.944691658020019531e+00 -7.599868774414062500e+00
-4.289219379425048828e+00 -6.865040779113769531e+00 -7.604913234710693359e+00
-4.295382499694824219e+00 -6.801447391510009766e+00 -7.605142593383789062e+00
-4.702247142791748047e+00 -6.881447792053222656e+00 -7.693852424621582031e+00
-4.756402492523193359e+00 -6.821550846099853516e+00 -7.705960750579833984e+00
-4.784219264984130859e+00 -6.752680301666259766e+00 -7.711936473846435547e+00
-4.809734821319580078e+00 -6.685335159301757812e+00 -7.720803737640380859e+00
-4.830673217773437500e+00 -6.610717296600341797e+00 -7.730710506439208984e+00
-4.347273349761962891e+00 -6.410784244537353516e+00 -7.684722423553466797e+00
-4.371485233306884766e+00 -6.354146003723144531e+00 -7.707131385803222656e+00
-4.862987995147705078e+00 -6.412322044372558594e+00 -7.789906978607177734e+00
-4.446681499481201172e+00 -6.244837760925292969e+00 -7.759903430938720703e+00
-4.857741355895996094e+00 -6.292761325836181641e+00 -7.847205638885498047e+00
-4.455962657928466797e+00 -6.152446269989013672e+00 -7.845874786376953125e+00
-4.445742130279541016e+00 -6.102400779724121094e+00 -7.894103527069091797e+00
-4.444498538970947266e+00 -6.070961952209472656e+00 -7.946242332458496094e+00
-4.456724166870117188e+00 -6.046792507171630859e+00 -8.004181861877441406e+00
-4.865776062011718750e+00 -6.143295764923095703e+00 -8.106791496276855469e+00
-4.848441600799560547e+00 -6.123862743377685547e+00 -8.171041488647460938e+00
-4.795609474182128906e+00 -6.091620922088623047e+00 -8.236349105834960938e+00
-4.501265525817871094e+00 -6.029745101928710938e+00 -8.282376289367675781e+00
-4.554922580718994141e+00 -6.053191184997558594e+00 -8.362807273864746094e+00
-4.615397930145263672e+00 -6.100289821624755859e+00 -8.449653625488281250e+00
-4.660417079925537109e+00 -6.145660400390625000e+00 -8.533214569091796875e+00
-4.652406215667724609e+00 -6.185947418212890625e+00 -8.606910705566406250e+00
-4.661148071289062500e+00 -6.236793518066406250e+00 -8.689369201660156250e+00
-4.664248943328857422e+00 -6.294915676116943359e+00 -8.773245811462402344e+00
-4.659793376922607422e+00 -6.352973937988281250e+00 -8.859218597412109375e+00
-4.649876117706298828e+00 -6.420257568359375000e+00 -8.942296028137207031e+00
-4.632421016693115234e+00 -6.481153964996337891e+00 -9.029910087585449219e+00
-4.616176128387451172e+00 -6.550598621368408203e+00 -9.115474700927734375e+00
-4.601913452148437500e+00 -6.626609802246093750e+00 -9.201988220214843750e+00
-4.582463264465332031e+00 -6.708277702331542969e+00 -9.286844253540039062e+00
-4.552572727203369141e+00 -6.783546447753906250e+00 -9.368842124938964844e+00
-4.520774364471435547e+00 -6.862377643585205078e+00 -9.444513320922851562e+00
-4.487680435180664062e+00 -6.941630840301513672e+00 -9.519788742065429688e+00
-4.459600448608398438e+00 -7.009205818176269531e+00 -9.597243309020996094e+00
-4.422716617584228516e+00 -7.084130287170410156e+00 -9.660208702087402344e+00
-4.381789684295654297e+00 -7.156142234802246094e+00 -9.716823577880859375e+00
-4.343241214752197266e+00 -7.226118564605712891e+00 -9.770972251892089844e+00
-4.306934833526611328e+00 -7.294339656829833984e+00 -9.829080581665039062e+00
-4.269224643707275391e+00 -7.355528354644775391e+00 -9.882104873657226562e+00
-4.199270248413085938e+00 -7.478853225708007812e+00 -9.826551437377929688e+00
-4.101263523101806641e+00 -7.593246459960937500e+00 -9.737196922302246094e+00
-4.163859367370605469e+00 -7.472879409790039062e+00 -1.010415363311767578e+01
-4.119115352630615234e+00 -7.514557361602783203e+00 -1.015818500518798828e+01
-4.074767589569091797e+00 -7.560360908508300781e+00 -1.020008754730224609e+01
-3.858104705810546875e+00 -7.793634891510009766e+00 -9.756073951721191406e+00
-3.799764633178710938e+00 -7.830703258514404297e+00 -9.764595985412597656e+00
-3.747043371200561523e+00 -7.864326000213623047e+00 -9.784003257751464844e+00
-3.859145402908325195e+00 -7.676101207733154297e+00 -1.034826374053955078e+01
-3.801848649978637695e+00 -7.706003665924072266e+00 -1.037022304534912109e+01
-3.739265441894531250e+00 -7.741499423980712891e+00 -1.038084316253662109e+01
-3.582387447357177734e+00 -7.937048912048339844e+00 -1.009601497650146484e+01
-3.580449819564819336e+00 -7.846108913421630859e+00 -1.033050441741943359e+01
-3.376759767532348633e+00 -7.922407627105712891e+00 -9.833514213562011719e+00
-3.315888881683349609e+00 -7.916821956634521484e+00 -9.850340843200683594e+00
-3.260366201400756836e+00 -7.903716087341308594e+00 -9.869994163513183594e+00
-3.203092336654663086e+00 -7.883513450622558594e+00 -9.876474380493164062e+00
-3.304690361022949219e+00 -7.740962028503417969e+00 -1.043529510498046875e+01
-3.258412122726440430e+00 -7.701439857482910156e+00 -1.044708728790283203e+01
-3.050390720367431641e+00 -7.791298866271972656e+00 -1.004773998260498047e+01
-3.187957048416137695e+00 -7.603468418121337891e+00 -1.046609783172607422e+01
-2.971040248870849609e+00 -7.687755584716796875e+00 -9.906351089477539062e+00
-2.941099643707275391e+00 -7.633659839630126953e+00 -9.900705337524414062e+00
-3.120632648468017578e+00 -7.432256221771240234e+00 -1.046643638610839844e+01
-2.987902641296386719e+00 -7.437666893005371094e+00 -1.034033584594726562e+01
-3.061528444290161133e+00 -7.330848217010498047e+00 -1.041928768157958984e+01
-2.874387025833129883e+00 -7.392836570739746094e+00 -9.887930870056152344e+00
-2.877185583114624023e+00 -7.328294277191162109e+00 -9.853387832641601562e+00
-2.876322031021118164e+00 -7.259206295013427734e+00 -9.853399276733398438e+00
-3.090833425521850586e+00 -7.061533451080322266e+00 -1.035800933837890625e+01
-3.092213392257690430e+00 -6.993902206420898438e+00 -1.033300495147705078e+01
-3.098572731018066406e+00 -6.933548450469970703e+00 -1.030023479461669922e+01
-2.919310569763183594e+00 -6.960012435913085938e+00 -9.828460693359375000e+00
-2.909965276718139648e+00 -6.881716251373291016e+00 -9.848466873168945312e+00
-2.930340528488159180e+00 -6.795883655548095703e+00 -9.860014915466308594e+00
-2.960655689239501953e+00 -6.716271877288818359e+00 -9.816199302673339844e+00
-2.987110853195190430e+00 -6.632864952087402344e+00 -9.811727523803710938e+00
-3.008388042449951172e+00 -6.550589561462402344e+00 -9.804247856140136719e+00
-3.033429622650146484e+00 -6.469088077545166016e+00 -9.803694725036621094e+00
-3.057625055313110352e+00 -6.380380153656005859e+00 -9.819218635559082031e+00
-3.090616941452026367e+00 -6.296416282653808594e+00 -9.833140373229980469e+00
-3.116567611694335938e+00 -6.214218139648437500e+00 -9.844952583312988281e+00
-3.140134811401367188e+00 -6.130836963653564453e+00 -9.857065200805664062e+00
-3.167953252792358398e+00 -6.050076007843017578e+00 -9.892220497131347656e+00
-3.181259870529174805e+00 -5.970492362976074219e+00 -9.917477607727050781e+00
-3.185317754745483398e+00 -5.888150215148925781e+00 -9.940461158752441406e+00
-3.178689479827880859e+00 -5.809365272521972656e+00 -9.980320930480957031e+00
-3.150779008865356445e+00 -5.738570213317871094e+00 -1.001810264587402344e+01
-3.126755714416503906e+00 -5.669322013854980469e+00 -1.006881237030029297e+01
-3.101598978042602539e+00 -5.596875667572021484e+00 -1.011813354492187500e+01
-3.065997362136840820e+00 -5.528134346008300781e+00 -1.016997623443603516e+01
-3.016881942749023438e+00 -5.465367317199707031e+00 -1.022708034515380859e+01
-2.961900711059570312e+00 -5.403833866119384766e+00 -1.028343677520751953e+01
-2.902601242065429688e+00 -5.343856334686279297e+00 -1.034389686584472656e+01
-2.848722934722900391e+00 -5.271039009094238281e+00 -1.039368247985839844e+01
-2.770652532577514648e+00 -5.219607830047607422e+00 -1.043926715850830078e+01
-2.697291612625122070e+00 -5.164581298828125000e+00 -1.049457263946533203e+01
-2.619936466217041016e+00 -5.105124473571777344e+00 -1.053224182128906250e+01
-2.543044567108154297e+00 -5.048401832580566406e+00 -1.056538581848144531e+01
-2.464265823364257812e+00 -4.989474773406982422e+00 -1.059085941314697266e+01
-2.394134283065795898e+00 -4.924282550811767578e+00 -1.061613178253173828e+01
-2.318011760711669922e+00 -4.861806392669677734e+00 -1.062785816192626953e+01
-2.244832754135131836e+00 -4.795360088348388672e+00 -1.063284111022949219e+01
-2.171863317489624023e+00 -4.728446483612060547e+00 -1.063443851470947266e+01
-2.100145578384399414e+00 -4.658689022064208984e+00 -1.062979507446289062e+01
-2.029453277587890625e+00 -4.587565422058105469e+00 -1.062404346466064453e+01
-1.958335041999816895e+00 -4.507877826690673828e+00 -1.061470031738281250e+01
-1.887985110282897949e+00 -4.423990249633789062e+00 -1.060045909881591797e+01
-1.816923022270202637e+00 -4.333958625793457031e+00 -1.058357429504394531e+01
-1.744285464286804199e+00 -4.236504554748535156e+00 -1.056577014923095703e+01
-1.668453812599182129e+00 -4.136588573455810547e+00 -1.054481887817382812e+01
-1.596036314964294434e+00 -4.028985023498535156e+00 -1.052277374267578125e+01
-1.516129374504089355e+00 -3.910375595092773438e+00 -1.050122165679931641e+01
-1.431996345520019531e+00 -3.783839464187622070e+00 -1.047816085815429688e+01
-1.343518972396850586e+00 -3.650342941284179688e+00 -1.045342731475830078e+01
-1.251362800598144531e+00 -3.512481212615966797e+00 -1.042732334136962891e+01
-1.153133869171142578e+00 -3.369547843933105469e+00 -1.039883804321289062e+01
-1.048943758010864258e+00 -3.224115610122680664e+00 -1.036828136444091797e+01
-9.392567873001098633e-01 -3.080520629882812500e+00 -1.033559417724609375e+01
-8.209634423255920410e-01 -2.939468145370483398e+00 -1.030006599426269531e+01
-6.930745840072631836e-01 -2.801507472991943359e+00 -1.026041221618652344e+01
-5.542602539062500000e-01 -2.671705484390258789e+00 -1.021688652038574219e+01
-4.063912034034729004e-01 -2.555938959121704102e+00 -1.017039871215820312e+01
-2.481849938631057739e-01 -2.449508905410766602e+00 -1.011993217468261719e+01
-7.711173593997955322e-02 -2.353285312652587891e+00 -1.006506538391113281e+01
1.027958467602729797e-01 -2.267934799194335938e+00 -1.000632762908935547e+01
2.879051864147186279e-01 -2.194731950759887695e+00 -9.945398330688476562e+00
4.801388680934906006e-01 -2.130412578582763672e+00 -9.881583213806152344e+00
6.686530113220214844e-01 -2.077750921249389648e+00 -9.818205833435058594e+00
8.636428117752075195e-01 -2.038278818130493164e+00 -9.752858161926269531e+00
1.059886455535888672e+00 -2.009144067764282227e+00 -9.685331344604492188e+00
1.251233100891113281e+00 -1.988739013671875000e+00 -9.619107246398925781e+00
1.443886160850524902e+00 -1.976225495338439941e+00 -9.551713943481445312e+00
1.633393287658691406e+00 -1.972491264343261719e+00 -9.484543800354003906e+00
1.822182178497314453e+00 -1.973114609718322754e+00 -9.415929794311523438e+00
2.008738756179809570e+00 -1.978147149085998535e+00 -9.347126007080078125e+00
2.194752454757690430e+00 -1.985854983329772949e+00 -9.277256011962890625e+00
2.372346639633178711e+00 -1.995578527450561523e+00 -9.208722114562988281e+00
2.545441389083862305e+00 -2.006561040878295898e+00 -9.141086578369140625e+00
2.706099510192871094e+00 -2.018012046813964844e+00 -9.075555801391601562e+00
2.861114978790283203e+00 -2.026814699172973633e+00 -9.011628150939941406e+00
3.004156351089477539e+00 -2.033415317535400391e+00 -8.952639579772949219e+00
3.135764598846435547e+00 -2.037692070007324219e+00 -8.895553588867187500e+00
3.257261037826538086e+00 -2.039198875427246094e+00 -8.843177795410156250e+00
3.365265607833862305e+00 -2.036393404006958008e+00 -8.796845436096191406e+00
3.464793920516967773e+00 -2.032826900482177734e+00 -8.754652023315429688e+00
3.557823181152343750e+00 -2.024580478668212891e+00 -8.716874122619628906e+00
3.642374515533447266e+00 -2.021813392639160156e+00 -8.675815582275390625e+00
3.721893072128295898e+00 -2.011883020401000977e+00 -8.642128944396972656e+00
3.797002553939819336e+00 -2.002780914306640625e+00 -8.608322143554687500e+00
3.870114803314208984e+00 -1.994660377502441406e+00 -8.577367782592773438e+00
3.937336683273315430e+00 -1.989554166793823242e+00 -8.543085098266601562e+00
4.001481533050537109e+00 -1.991357088088989258e+00 -8.506699562072753906e+00
4.061200618743896484e+00 -1.996091127395629883e+00 -8.467865943908691406e+00
4.117565155029296875e+00 -2.005974531173706055e+00 -8.429117202758789062e+00
4.168800354003906250e+00 -2.022620916366577148e+00 -8.384999275207519531e+00
4.241157531738281250e+00 -2.052766799926757812e+00 -8.363678932189941406e+00
4.285060882568359375e+00 -2.085936546325683594e+00 -8.319056510925292969e+00
4.334119319915771484e+00 -2.118902206420898438e+00 -8.273418426513671875e+00
4.376834392547607422e+00 -2.161761522293090820e+00 -8.228871345520019531e+00
4.414658546447753906e+00 -2.206082105636596680e+00 -8.178797721862792969e+00
4.448799133300781250e+00 -2.255901813507080078e+00 -8.128968238830566406e+00
4.482645988464355469e+00 -2.301970481872558594e+00 -8.073178291320800781e+00
4.517885208129882812e+00 -2.361188411712646484e+00 -8.031339645385742188e+00
4.563379764556884766e+00 -2.395416259765625000e+00 -7.979902744293212891e+00
4.572684764862060547e+00 -2.454804420471191406e+00 -7.918540954589843750e+00
4.563523769378662109e+00 -2.517406940460205078e+00 -7.844553470611572266e+00
4.583402633666992188e+00 -2.597916841506958008e+00 -7.811404705047607422e+00
4.724545001983642578e+00 -2.632519721984863281e+00 -7.824369430541992188e+00
4.747035980224609375e+00 -2.692959547042846680e+00 -7.774609088897705078e+00
4.764248847961425781e+00 -2.753441810607910156e+00 -7.718198299407958984e+00
4.811910152435302734e+00 -2.793564319610595703e+00 -7.668780326843261719e+00
4.876801013946533203e+00 -2.802391052246093750e+00 -7.602654933929443359e+00
4.915857315063476562e+00 -2.838346004486083984e+00 -7.546742439270019531e+00
4.720437526702880859e+00 -2.885062932968139648e+00 -7.370231628417968750e+00
4.759847640991210938e+00 -2.884381055831909180e+00 -7.295756340026855469e+00
4.759490013122558594e+00 -2.937875747680664062e+00 -7.238253116607666016e+00
5.049072742462158203e+00 -2.893817424774169922e+00 -7.261518001556396484e+00
5.020232200622558594e+00 -3.146672487258911133e+00 -7.328507900238037109e+00
4.861765861511230469e+00 -3.213210344314575195e+00 -7.199915885925292969e+00
5.119081974029541016e+00 -3.230578184127807617e+00 -7.238335609436035156e+00
4.888684749603271484e+00 -3.204770803451538086e+00 -7.021014690399169922e+00
5.123215198516845703e+00 -3.337265253067016602e+00 -7.122893810272216797e+00
5.262649536132812500e+00 -3.181247234344482422e+00 -6.996385574340820312e+00
5.284883975982666016e+00 -3.235134124755859375e+00 -6.957339763641357422e+00
5.301629066467285156e+00 -3.243535280227661133e+00 -6.884600639343261719e+00
5.064801216125488281e+00 -3.492164134979248047e+00 -6.849517822265625000e+00
5.063365459442138672e+00 -3.236845254898071289e+00 -6.621581077575683594e+00
5.084335803985595703e+00 -3.261396408081054688e+00 -6.566730499267578125e+00
5.017798900604248047e+00 -3.423816204071044922e+00 -6.553823947906494141e+00
5.419891834259033203e+00 -3.364924192428588867e+00 -6.597326755523681641e+00
5.224593162536621094e+00 -3.651634931564331055e+00 -6.597654819488525391e+00
5.152342796325683594e+00 -3.656327724456787109e+00 -6.496883869171142578e+00
5.201395988464355469e+00 -3.680433988571166992e+00 -6.450657367706298828e+00
5.489738464355468750e+00 -3.550388813018798828e+00 -6.409697532653808594e+00
5.491992473602294922e+00 -3.597240686416625977e+00 -6.356743812561035156e+00
5.499717712402343750e+00 -3.561847209930419922e+00 -6.267512321472167969e+00
5.486509799957275391e+00 -3.672283411026000977e+00 -6.235221385955810547e+00
5.348894119262695312e+00 -3.741859436035156250e+00 -6.147234916687011719e+00
5.345248222351074219e+00 -3.637490987777709961e+00 -6.028091907501220703e+00
5.412102222442626953e+00 -3.671176195144653320e+00 -5.982392311096191406e+00
5.436811447143554688e+00 -3.715544462203979492e+00 -5.927494525909423828e+00
5.443542480468750000e+00 -3.730396747589111328e+00 -5.851700782775878906e+00
5.461400032043457031e+00 -3.759734153747558594e+00 -5.782861232757568359e+00
5.478328704833984375e+00 -3.785573482513427734e+00 -5.709102153778076172e+00
5.503165721893310547e+00 -3.827593088150024414e+00 -5.636847496032714844e+00
5.516268730163574219e+00 -3.848172187805175781e+00 -5.554525852203369141e+00
5.527497291564941406e+00 -3.870634078979492188e+00 -5.467825412750244141e+00
5.544222354888916016e+00 -3.893254280090332031e+00 -5.380214214324951172e+00
5.546807289123535156e+00 -3.926375865936279297e+00 -5.289518356323242188e+00
5.560264587402343750e+00 -3.952247619628906250e+00 -5.197817325592041016e+00
5.572919368743896484e+00 -3.979424476623535156e+00 -5.104737758636474609e+00
5.587140560150146484e+00 -4.009328842163085938e+00 -5.009717941284179688e+00
5.597447872161865234e+00 -4.037358760833740234e+00 -4.917541980743408203e+00
5.607958793640136719e+00 -4.066156387329101562e+00 -4.822663784027099609e+00
5.616445541381835938e+00 -4.094797611236572266e+00 -4.728198051452636719e+00
5.623432636260986328e+00 -4.124781131744384766e+00 -4.633721351623535156e+00
5.632276535034179688e+00 -4.154004573822021484e+00 -4.542181015014648438e+00
5.635396957397460938e+00 -4.184321880340576172e+00 -4.450328826904296875e+00
5.636937618255615234e+00 -4.216191768646240234e+00 -4.357014656066894531e+00
5.637039661407470703e+00 -4.248800754547119141e+00 -4.265144824981689453e+00
5.634521484375000000e+00 -4.282527923583984375e+00 -4.171458721160888672e+00
5.630235671997070312e+00 -4.318333625793457031e+00 -4.074954032897949219e+00
5.624041080474853516e+00 -4.355570793151855469e+00 -3.974169731140136719e+00
5.615212917327880859e+00 -4.396368026733398438e+00 -3.873689651489257812e+00
5.602376461029052734e+00 -4.440581321716308594e+00 -3.762480735778808594e+00
5.586536884307861328e+00 -4.487999916076660156e+00 -3.644495964050292969e+00
5.566028594970703125e+00 -4.539392471313476562e+00 -3.517855644226074219e+00
5.540773868560791016e+00 -4.595551490783691406e+00 -3.378774166107177734e+00
5.509497165679931641e+00 -4.655041217803955078e+00 -3.230672836303710938e+00
5.470836162567138672e+00 -4.719225883483886719e+00 -3.069427728652954102e+00
5.424597740173339844e+00 -4.785432338714599609e+00 -2.895788431167602539e+00
5.367899417877197266e+00 -4.853959083557128906e+00 -2.709257841110229492e+00
5.303622245788574219e+00 -4.919212341308593750e+00 -2.516445636749267578e+00
5.226013183593750000e+00 -4.982884883880615234e+00 -2.315540313720703125e+00
5.135320663452148438e+00 -5.038688182830810547e+00 -2.113152027130126953e+00
5.031148910522460938e+00 -5.087516307830810547e+00 -1.913717508316040039e+00
4.912234783172607422e+00 -5.128435134887695312e+00 -1.718466401100158691e+00
4.780564785003662109e+00 -5.162026405334472656e+00 -1.530708670616149902e+00
4.630413055419921875e+00 -5.190713405609130859e+00 -1.349098920822143555e+00
4.467103958129882812e+00 -5.216300487518310547e+00 -1.178582310676574707e+00
4.291407585144042969e+00 -5.240942478179931641e+00 -1.019749760627746582e+00
4.106330394744873047e+00 -5.266309738159179688e+00 -8.747618794441223145e-01
3.914194822311401367e+00 -5.296038150787353516e+00 -7.437795996665954590e-01
3.721177816390991211e+00 -5.324221611022949219e+00 -6.297172307968139648e-01
3.535770654678344727e+00 -5.353070735931396484e+00 -5.335198640823364258e-01
3.360297203063964844e+00 -5.379633426666259766e+00 -4.543729722499847412e-01
3.200524091720581055e+00 -5.405781745910644531e+00 -3.898220658302307129e-01
3.055186033248901367e+00 -5.433700084686279297e+00 -3.394387960433959961e-01
2.925850629806518555e+00 -5.458678722381591797e+00 -3.017491996288299561e-01
2.809526920318603516e+00 -5.485345840454101562e+00 -2.759623229503631592e-01
2.708206176757812500e+00 -5.511390686035156250e+00 -2.573712766170501709e-01
2.621551513671875000e+00 -5.541161060333251953e+00 -2.482367753982543945e-01
2.549320220947265625e+00 -5.570962905883789062e+00 -2.442609667778015137e-01
2.488059520721435547e+00 -5.601540565490722656e+00 -2.443309128284454346e-01
2.440783262252807617e+00 -5.634223461151123047e+00 -2.487583458423614502e-01
2.404067993164062500e+00 -5.669358253479003906e+00 -2.572774291038513184e-01
2.376373291015625000e+00 -5.708970546722412109e+00 -2.688195407390594482e-01
2.358387470245361328e+00 -5.752391815185546875e+00 -2.835706472396850586e-01
2.349606275558471680e+00 -5.801531791687011719e+00 -3.018962740898132324e-01
2.350078344345092773e+00 -5.858116149902343750e+00 -3.240179121494293213e-01
2.360414505004882812e+00 -5.922429084777832031e+00 -3.509789109230041504e-01
2.381625413894653320e+00 -5.995421409606933594e+00 -3.823859393596649170e-01
2.415382385253906250e+00 -6.078734874725341797e+00 -4.183439910411834717e-01
2.457479238510131836e+00 -6.173394203186035156e+00 -4.569586515426635742e-01
2.516067981719970703e+00 -6.276847839355468750e+00 -5.001282095909118652e-01
2.590329647064208984e+00 -6.391446113586425781e+00 -5.472686290740966797e-01
2.675048828125000000e+00 -6.514909744262695312e+00 -5.971553921699523926e-01
2.775074243545532227e+00 -6.647954463958740234e+00 -6.481824517250061035e-01
2.892146110534667969e+00 -6.795631885528564453e+00 -7.026341557502746582e-01
3.024011850357055664e+00 -6.948812961578369141e+00 -7.556900978088378906e-01
3.172193050384521484e+00 -7.107435226440429688e+00 -8.081175684928894043e-01
3.336610555648803711e+00 -7.265859603881835938e+00 -8.576628565788269043e-01
3.516316175460815430e+00 -7.419810295104980469e+00 -9.021446704864501953e-01
3.711143732070922852e+00 -7.566026687622070312e+00 -9.407824277877807617e-01
3.919088840484619141e+00 -7.705276012420654297e+00 -9.714577198028564453e-01
4.135724067687988281e+00 -7.835271835327148438e+00 -9.933017492294311523e-01
4.353757381439208984e+00 -7.954935073852539062e+00 -1.004591226577758789e+00
4.574427127838134766e+00 -8.064807891845703125e+00 -1.004277348518371582e+00
4.793879032135009766e+00 -8.168672561645507812e+00 -9.935377240180969238e-01
5.001805305480957031e+00 -8.262333869934082031e+00 -9.734528064727783203e-01
5.190666675567626953e+00 -8.344850540161132812e+00 -9.460078477859497070e-01
5.359462738037109375e+00 -8.417257308959960938e+00 -9.140608310699462891e-01
5.508411884307861328e+00 -8.477965354919433594e+00 -8.772760033607482910e-01
5.637012958526611328e+00 -8.530459403991699219e+00 -8.403700590133666992e-01
5.746565818786621094e+00 -8.573819160461425781e+00 -8.038989901542663574e-01
5.840939521789550781e+00 -8.609423637390136719e+00 -7.668157815933227539e-01
5.922025680541992188e+00 -8.637476921081542969e+00 -7.302268147468566895e-01
5.995265483856201172e+00 -8.659389495849609375e+00 -6.923379898071289062e-01
6.060130596160888672e+00 -8.674506187438964844e+00 -6.528051495552062988e-01
6.119830131530761719e+00 -8.683678627014160156e+00 -6.105057001113891602e-01
6.178822994232177734e+00 -8.689426422119140625e+00 -5.625126957893371582e-01
6.238102436065673828e+00 -8.689918518066406250e+00 -5.067210197448730469e-01
6.299725055694580078e+00 -8.687163352966308594e+00 -4.424794912338256836e-01
6.368005752563476562e+00 -8.680623054504394531e+00 -3.679406642913818359e-01
6.441450119018554688e+00 -8.669473648071289062e+00 -2.790687382221221924e-01
6.525395870208740234e+00 -8.653173446655273438e+00 -1.723737120628356934e-01
6.618184089660644531e+00 -8.631565093994140625e+00 -4.903626441955566406e-02
6.721647739410400391e+00 -8.602338790893554688e+00 9.496324509382247925e-02
6.834403038024902344e+00 -8.562540054321289062e+00 2.593381702899932861e-01
6.949362754821777344e+00 -8.510602951049804688e+00 4.350558519363403320e-01
7.061173915863037109e+00 -8.441217422485351562e+00 6.129649877548217773e-01
7.167648792266845703e+00 -8.354428291320800781e+00 7.898846268653869629e-01
7.262831211090087891e+00 -8.256953239440917969e+00 9.542616605758666992e-01
7.345112800598144531e+00 -8.153564453125000000e+00 1.108631849288940430e+00
7.416511058807373047e+00 -8.050818443298339844e+00 1.251642823219299316e+00
7.476652622222900391e+00 -7.959257125854492188e+00 1.381795525550842285e+00
7.525147914886474609e+00 -7.882224082946777344e+00 1.502036333084106445e+00
7.564598083496093750e+00 -7.822486877441406250e+00 1.609637498855590820e+00
7.596169471740722656e+00 -7.778129577636718750e+00 1.703175902366638184e+00
7.621644020080566406e+00 -7.747450351715087891e+00 1.779129385948181152e+00
7.641360759735107422e+00 -7.729792594909667969e+00 1.840211868286132812e+00
7.653021335601806641e+00 -7.721764087677001953e+00 1.886561632156372070e+00
7.664021492004394531e+00 -7.723590850830078125e+00 1.921417355537414551e+00
7.673168182373046875e+00 -7.733625888824462891e+00 1.947341322898864746e+00
7.679042339324951172e+00 -7.752894878387451172e+00 1.965961813926696777e+00
7.682310581207275391e+00 -7.782477378845214844e+00 1.978157281875610352e+00
7.685116291046142578e+00 -7.823328495025634766e+00 1.985697746276855469e+00
7.686120033264160156e+00 -7.880256175994873047e+00 1.988057255744934082e+00
7.683434963226318359e+00 -7.952742576599121094e+00 1.985067248344421387e+00
7.679927825927734375e+00 -8.045612335205078125e+00 1.976940512657165527e+00
7.672799587249755859e+00 -8.159685134887695312e+00 1.959131240844726562e+00
7.660676002502441406e+00 -8.293786048889160156e+00 1.933245062828063965e+00
7.641003608703613281e+00 -8.442577362060546875e+00 1.900423645973205566e+00
7.613971233367919922e+00 -8.604353904724121094e+00 1.867357254028320312e+00
7.582802772521972656e+00 -8.778311729431152344e+00 1.837569832801818848e+00
7.553075313568115234e+00 -8.960685729980468750e+00 1.819784998893737793e+00
7.521554470062255859e+00 -9.142691612243652344e+00 1.817753791809082031e+00
7.494406700134277344e+00 -9.321259498596191406e+00 1.833672046661376953e+00
7.472613811492919922e+00 -9.486794471740722656e+00 1.868378281593322754e+00
7.454885005950927734e+00 -9.636483192443847656e+00 1.915570020675659180e+00
7.442058563232421875e+00 -9.769697189331054688e+00 1.971451520919799805e+00
7.431594848632812500e+00 -9.882581710815429688e+00 2.031385898590087891e+00
7.423239231109619141e+00 -9.978282928466796875e+00 2.092425584793090820e+00
7.416070938110351562e+00 -1.005886459350585938e+01 2.155001401901245117e+00
7.408092021942138672e+00 -1.012525653839111328e+01 2.217450380325317383e+00
7.398987770080566406e+00 -1.018173599243164062e+01 2.280220031738281250e+00
7.387471199035644531e+00 -1.022716712951660156e+01 2.345321655273437500e+00
7.372605800628662109e+00 -1.026329326629638672e+01 2.414279460906982422e+00
7.353607177734375000e+00 -1.029202079772949219e+01 2.487897157669067383e+00
7.329659461975097656e+00 -1.031161975860595703e+01 2.567248582839965820e+00
7.298051834106445312e+00 -1.032570457458496094e+01 2.659687995910644531e+00
7.257547378540039062e+00 -1.033047008514404297e+01 2.764737606048583984e+00
7.205704212188720703e+00 -1.032643413543701172e+01 2.885090112686157227e+00
7.139242649078369141e+00 -1.030993366241455078e+01 3.020027637481689453e+00
7.058081626892089844e+00 -1.028186988830566406e+01 3.169628858566284180e+00
6.957345962524414062e+00 -1.024594497680664062e+01 3.334381103515625000e+00
6.835925102233886719e+00 -1.020317173004150391e+01 3.509137630462646484e+00
6.693758010864257812e+00 -1.015913772583007812e+01 3.693011522293090820e+00
6.527265548706054688e+00 -1.011161804199218750e+01 3.881810188293457031e+00
6.338483333587646484e+00 -1.006759738922119141e+01 4.071115493774414062e+00
6.129743576049804688e+00 -1.002939510345458984e+01 4.257966518402099609e+00
5.897405624389648438e+00 -9.992119789123535156e+00 4.443135738372802734e+00
5.649104595184326172e+00 -9.955916404724121094e+00 4.619453430175781250e+00
5.387964725494384766e+00 -9.916877746582031250e+00 4.785303115844726562e+00
5.115863800048828125e+00 -9.872806549072265625e+00 4.938644409179687500e+00
4.840688705444335938e+00 -9.819018363952636719e+00 5.074077129364013672e+00
4.571689605712890625e+00 -9.758938789367675781e+00 5.188926696777343750e+00
4.308097362518310547e+00 -9.692306518554687500e+00 5.281704902648925781e+00
4.052883625030517578e+00 -9.622953414916992188e+00 5.354235172271728516e+00
3.812946081161499023e+00 -9.552473068237304688e+00 5.406310558319091797e+00
3.592052698135375977e+00 -9.484325408935546875e+00 5.439468383789062500e+00
3.391414403915405273e+00 -9.419445991516113281e+00 5.457952976226806641e+00
3.210572004318237305e+00 -9.358257293701171875e+00 5.463291645050048828e+00
3.051484823226928711e+00 -9.299975395202636719e+00 5.455912590026855469e+00
2.909295558929443359e+00 -9.246428489685058594e+00 5.440956592559814453e+00
2.783379793167114258e+00 -9.195903778076171875e+00 5.416061401367187500e+00
2.674287557601928711e+00 -9.151178359985351562e+00 5.383793830871582031e+00
2.578740596771240234e+00 -9.107963562011718750e+00 5.343774318695068359e+00
2.499692201614379883e+00 -9.067556381225585938e+00 5.294422626495361328e+00
2.434853792190551758e+00 -9.027877807617187500e+00 5.236542224884033203e+00
2.384349584579467773e+00 -8.994163513183593750e+00 5.171018600463867188e+00
2.347318649291992188e+00 -8.963500022888183594e+00 5.097731590270996094e+00
2.322271585464477539e+00 -8.935541152954101562e+00 5.015465259552001953e+00
2.311360359191894531e+00 -8.910538673400878906e+00 4.921848297119140625e+00
2.310834646224975586e+00 -8.887763977050781250e+00 4.816089630126953125e+00
2.320927619934082031e+00 -8.867892265319824219e+00 4.696502685546875000e+00
2.336264133453369141e+00 -8.850631713867187500e+00 4.560514450073242188e+00
2.362144947052001953e+00 -8.839127540588378906e+00 4.409812927246093750e+00
2.389628171920776367e+00 -8.830600738525390625e+00 4.240642070770263672e+00
2.417979001998901367e+00 -8.828435897827148438e+00 4.055331707000732422e+00
2.447697401046752930e+00 -8.835001945495605469e+00 3.853121757507324219e+00
2.475667476654052734e+00 -8.850302696228027344e+00 3.638593196868896484e+00
2.502282857894897461e+00 -8.877237319946289062e+00 3.415634632110595703e+00
2.529590606689453125e+00 -8.915805816650390625e+00 3.188995122909545898e+00
2.559364795684814453e+00 -8.967047691345214844e+00 2.965062141418457031e+00
2.594923257827758789e+00 -9.029387474060058594e+00 2.745392322540283203e+00
2.640059471130371094e+00 -9.099946975708007812e+00 2.537396192550659180e+00
2.698376178741455078e+00 -9.182117462158203125e+00 2.339561223983764648e+00
2.771333932876586914e+00 -9.271197319030761719e+00 2.155259609222412109e+00
2.867077112197875977e+00 -9.363742828369140625e+00 1.987082481384277344e+00
2.980869293212890625e+00 -9.459816932678222656e+00 1.835664868354797363e+00
3.113723754882812500e+00 -9.553918838500976562e+00 1.702847957611083984e+00
3.262919902801513672e+00 -9.640380859375000000e+00 1.588087320327758789e+00
3.425030708312988281e+00 -9.717373847961425781e+00 1.492727518081665039e+00
3.593538999557495117e+00 -9.780764579772949219e+00 1.414013147354125977e+00
3.760579347610473633e+00 -9.829329490661621094e+00 1.353101134300231934e+00
3.919836997985839844e+00 -9.857691764831542969e+00 1.308235287666320801e+00
4.062195777893066406e+00 -9.873367309570312500e+00 1.275875687599182129e+00
4.189074039459228516e+00 -9.874964714050292969e+00 1.255438804626464844e+00
4.293477535247802734e+00 -9.868462562561035156e+00 1.243364930152893066e+00
4.378311157226562500e+00 -9.855071067810058594e+00 1.237057089805603027e+00
4.448424339294433594e+00 -9.835273742675781250e+00 1.236169695854187012e+00
4.505382061004638672e+00 -9.810431480407714844e+00 1.238907217979431152e+00
4.551262378692626953e+00 -9.779675483703613281e+00 1.245708346366882324e+00
4.588374137878417969e+00 -9.740820884704589844e+00 1.256205439567565918e+00
4.618580818176269531e+00 -9.694759368896484375e+00 1.269512295722961426e+00
4.641712665557861328e+00 -9.639727592468261719e+00 1.286711812019348145e+00
4.658113002777099609e+00 -9.569558143615722656e+00 1.309194326400756836e+00
4.667413234710693359e+00 -9.484111785888671875e+00 1.336544156074523926e+00
4.666944503784179688e+00 -9.380311012268066406e+00 1.370182156562805176e+00
4.658576965332031250e+00 -9.253356933593750000e+00 1.409976363182067871e+00
4.637546062469482422e+00 -9.109375953674316406e+00 1.455226063728332520e+00
4.605761528015136719e+00 -8.944334983825683594e+00 1.505294919013977051e+00
4.561398983001708984e+00 -8.758231163024902344e+00 1.560828328132629395e+00
4.505486488342285156e+00 -8.550976753234863281e+00 1.621564984321594238e+00
4.437996387481689453e+00 -8.331675529479980469e+00 1.683278441429138184e+00
4.357176303863525391e+00 -8.104720115661621094e+00 1.745566725730895996e+00
4.259605407714843750e+00 -7.876343250274658203e+00 1.808252096176147461e+00
4.151978969573974609e+00 -7.658129692077636719e+00 1.865559458732604980e+00
4.024030685424804688e+00 -7.444283008575439453e+00 1.919613838195800781e+00
3.882997274398803711e+00 -7.241945743560791016e+00 1.969822525978088379e+00
3.727919340133666992e+00 -7.049461841583251953e+00 2.015403985977172852e+00
3.560832738876342773e+00 -6.870354652404785156e+00 2.054311275482177734e+00
3.381765842437744141e+00 -6.704151153564453125e+00 2.089685678482055664e+00
3.195401430130004883e+00 -6.556575298309326172e+00 2.122958660125732422e+00
3.005451679229736328e+00 -6.427417755126953125e+00 2.154730081558227539e+00
2.809156894683837891e+00 -6.314798831939697266e+00 2.187122583389282227e+00
2.607074737548828125e+00 -6.222710609436035156e+00 2.221672534942626953e+00
2.404746770858764648e+00 -6.147858619689941406e+00 2.258602857589721680e+00
2.199000358581542969e+00 -6.091447830200195312e+00 2.297194957733154297e+00
1.989260435104370117e+00 -6.053783416748046875e+00 2.337073326110839844e+00
1.779122114181518555e+00 -6.032844066619873047e+00 2.375954866409301758e+00
1.567174911499023438e+00 -6.027527332305908203e+00 2.412378311157226562e+00
1.355603337287902832e+00 -6.036295890808105469e+00 2.446344852447509766e+00
1.158489942550659180e+00 -6.054440498352050781e+00 2.475499868392944336e+00
9.718995690345764160e-01 -6.080683708190917969e+00 2.501485347747802734e+00
7.988349795341491699e-01 -6.113313674926757812e+00 2.519177436828613281e+00
6.400043368339538574e-01 -6.148367404937744141e+00 2.535211086273193359e+00
4.932219982147216797e-01 -6.185039043426513672e+00 2.546300888061523438e+00
3.644621968269348145e-01 -6.222406864166259766e+00 2.553965568542480469e+00
2.494663447141647339e-01 -6.258694648742675781e+00 2.553092479705810547e+00
1.462681293487548828e-01 -6.290502071380615234e+00 2.544465780258178711e+00
6.111391261219978333e-02 -6.322074890136718750e+00 2.528454780578613281e+00
-1.403197087347507477e-02 -6.353823661804199219e+00 2.509060859680175781e+00
-7.644496113061904907e-02 -6.382811546325683594e+00 2.484545469284057617e+00
-1.261892169713973999e-01 -6.410064220428466797e+00 2.454265594482421875e+00
-1.648821681737899780e-01 -6.435245037078857422e+00 2.417729377746582031e+00
-1.943677067756652832e-01 -6.457893848419189453e+00 2.378897428512573242e+00
-2.108066380023956299e-01 -6.481156349182128906e+00 2.332224130630493164e+00
-2.182280123233795166e-01 -6.502969264984130859e+00 2.277323722839355469e+00
-2.144528627395629883e-01 -6.526345252990722656e+00 2.214289426803588867e+00
-1.993710845708847046e-01 -6.550590515136718750e+00 2.141474008560180664e+00
-1.733903586864471436e-01 -6.576689720153808594e+00 2.057115793228149414e+00
-1.345930844545364380e-01 -6.607448101043701172e+00 1.965067267417907715e+00
-8.311809599399566650e-02 -6.639238357543945312e+00 1.859931945800781250e+00
-1.969806849956512451e-02 -6.675543308258056641e+00 1.743543624877929688e+00
5.353267490863800049e-02 -6.718501567840576172e+00 1.615913271903991699e+00
1.435246318578720093e-01 -6.770687580108642578e+00 1.472762942314147949e+00
2.455615699291229248e-01 -6.831254005432128906e+00 1.319064497947692871e+00
3.612653613090515137e-01 -6.900350093841552734e+00 1.153931975364685059e+00
4.910125136375427246e-01 -6.982838630676269531e+00 9.752111434936523438e-01
6.349391341209411621e-01 -7.077044486999511719e+00 7.905914187431335449e-01
7.894398570060729980e-01 -7.183244705200195312e+00 6.064339280128479004e-01
9.492262005805969238e-01 -7.301532745361328125e+00 4.314783811569213867e-01
1.116437196731567383e+00 -7.435654640197753906e+00 2.659509778022766113e-01
1.288119435310363770e+00 -7.584807395935058594e+00 1.118901297450065613e-01
1.468583226203918457e+00 -7.752512454986572266e+00 -3.294973447918891907e-02
1.651560187339782715e+00 -7.932981014251708984e+00 -1.658145636320114136e-01
1.837988495826721191e+00 -8.123332977294921875e+00 -2.862724363803863525e-01
2.032498121261596680e+00 -8.324401855468750000e+00 -3.963504135608673096e-01
2.233767032623291016e+00 -8.534934043884277344e+00 -4.969958364963531494e-01
2.433985233306884766e+00 -8.746054649353027344e+00 -5.840217471122741699e-01
2.636010646820068359e+00 -8.959980010986328125e+00 -6.569914221763610840e-01
2.843058824539184570e+00 -9.178792953491210938e+00 -7.182683944702148438e-01
3.055615425109863281e+00 -9.400156974792480469e+00 -7.631526589393615723e-01
3.266105890274047852e+00 -9.616699218750000000e+00 -7.910082340240478516e-01
3.477971076965332031e+00 -9.830842018127441406e+00 -8.004500269889831543e-01
3.684150457382202148e+00 -1.003591251373291016e+01 -7.906302809715270996e-01
3.878306627273559570e+00 -1.022920036315917969e+01 -7.649437785148620605e-01
4.053052902221679688e+00 -1.040298557281494141e+01 -7.265752553939819336e-01
4.213999748229980469e+00 -1.056413841247558594e+01 -6.786489486694335938e-01
4.354943752288818359e+00 -1.070777225494384766e+01 -6.260501146316528320e-01
4.480903625488281250e+00 -1.083465290069580078e+01 -5.728442668914794922e-01
4.592395305633544922e+00 -1.095059585571289062e+01 -5.190363526344299316e-01
4.691682338714599609e+00 -1.105480575561523438e+01 -4.670580029487609863e-01
4.781413555145263672e+00 -1.114806079864501953e+01 -4.161858558654785156e-01
4.860973358154296875e+00 -1.123053932189941406e+01 -3.678669929504394531e-01
4.939827442169189453e+00 -1.131156444549560547e+01 -3.177002966403961182e-01
5.016089439392089844e+00 -1.138736629486083984e+01 -2.660632729530334473e-01
5.092294692993164062e+00 -1.145996093750000000e+01 -2.115094512701034546e-01
5.168938636779785156e+00 -1.153498363494873047e+01 -1.524778008460998535e-01
5.247217178344726562e+00 -1.160910224914550781e+01 -8.730630576610565186e-02
5.325744628906250000e+00 -1.168327045440673828e+01 -1.716856099665164948e-02
5.408931255340576172e+00 -1.176071166992187500e+01 6.064431369304656982e-02
5.493566036224365234e+00 -1.183824348449707031e+01 1.441366821527481079e-01
5.577513217926025391e+00 -1.191488647460937500e+01 2.346060127019882202e-01
5.659102916717529297e+00 -1.199077796936035156e+01 3.241532146930694580e-01
5.739107608795166016e+00 -1.206323432922363281e+01 4.172073006629943848e-01
5.813814640045166016e+00 -1.212885761260986328e+01 5.110132694244384766e-01
5.883512496948242188e+00 -1.218980979919433594e+01 5.994381308555603027e-01
5.941823959350585938e+00 -1.224362277984619141e+01 6.852236390113830566e-01
5.997045993804931641e+00 -1.229292011260986328e+01 7.645478248596191406e-01
6.052416801452636719e+00 -1.233862113952636719e+01 8.356965184211730957e-01
6.096571445465087891e+00 -1.237486171722412109e+01 9.064682126045227051e-01
6.139533519744873047e+00 -1.240799427032470703e+01 9.718845486640930176e-01
6.177177906036376953e+00 -1.243677330017089844e+01 1.032477736473083496e+00
6.212551593780517578e+00 -1.246338081359863281e+01 1.090871691703796387e+00
6.241311073303222656e+00 -1.248009777069091797e+01 1.147599220275878906e+00
6.265442371368408203e+00 -1.249213027954101562e+01 1.201642155647277832e+00
6.281958103179931641e+00 -1.250486087799072266e+01 1.254011273384094238e+00
6.289659976959228516e+00 -1.251352691650390625e+01 1.299244284629821777e+00
6.285880565643310547e+00 -1.251000118255615234e+01 1.339807152748107910e+00
6.287616252899169922e+00 -1.251350402832031250e+01 1.382859826087951660e+00
6.283376216888427734e+00 -1.251483440399169922e+01 1.425826787948608398e+00
6.275608062744140625e+00 -1.251549243927001953e+01 1.467983245849609375e+00
6.266160011291503906e+00 -1.251648139953613281e+01 1.510164737701416016e+00
6.254348278045654297e+00 -1.251771259307861328e+01 1.553663969039916992e+00
6.239907741546630859e+00 -1.251359367370605469e+01 1.602316856384277344e+00
6.224582195281982422e+00 -1.251244926452636719e+01 1.652024984359741211e+00
6.212341308593750000e+00 -1.251216125488281250e+01 1.706704854965209961e+00
6.194020748138427734e+00 -1.250917243957519531e+01 1.765542149543762207e+00
6.177903652191162109e+00 -1.250583648681640625e+01 1.828264236450195312e+00
6.157941341400146484e+00 -1.250000762939453125e+01 1.900325536727905273e+00
6.134590148925781250e+00 -1.249136734008789062e+01 1.979199409484863281e+00
6.108116149902343750e+00 -1.247926712036132812e+01 2.067289829254150391e+00
6.078498840332031250e+00 -1.246694660186767578e+01 2.168994188308715820e+00
6.037079334259033203e+00 -1.244724655151367188e+01 2.281597375869750977e+00
5.987259864807128906e+00 -1.242108821868896484e+01 2.412186861038208008e+00
5.921613216400146484e+00 -1.238714122772216797e+01 2.560309410095214844e+00
5.844342708587646484e+00 -1.234535884857177734e+01 2.729877948760986328e+00
5.745291709899902344e+00 -1.228852176666259766e+01 2.923862457275390625e+00
5.625830650329589844e+00 -1.221848583221435547e+01 3.130632638931274414e+00
5.479039669036865234e+00 -1.213106346130371094e+01 3.356780052185058594e+00
5.305341243743896484e+00 -1.202948188781738281e+01 3.589942216873168945e+00
5.098379611968994141e+00 -1.191792297363281250e+01 3.827265977859497070e+00
4.855525016784667969e+00 -1.179801845550537109e+01 4.060232162475585938e+00
4.577876091003417969e+00 -1.168620204925537109e+01 4.285928249359130859e+00
4.291767120361328125e+00 -1.160190582275390625e+01 4.493586540222167969e+00
4.018785953521728516e+00 -1.154024600982666016e+01 4.673319339752197266e+00
3.774815559387207031e+00 -1.147752857208251953e+01 4.818081855773925781e+00
3.549761533737182617e+00 -1.139188480377197266e+01 4.927848339080810547e+00
3.323084354400634766e+00 -1.127299213409423828e+01 5.016746044158935547e+00
3.090971469879150391e+00 -1.112810993194580078e+01 5.089439868927001953e+00
2.850245714187622070e+00 -1.096338844299316406e+01 5.149725437164306641e+00
2.614184856414794922e+00 -1.079374599456787109e+01 5.197337150573730469e+00
2.382301568984985352e+00 -1.062052249908447266e+01 5.233219146728515625e+00
2.156086206436157227e+00 -1.044909381866455078e+01 5.260079860687255859e+00
1.944335103034973145e+00 -1.028146934509277344e+01 5.277701377868652344e+00
1.744573950767517090e+00 -1.011991882324218750e+01 5.284033298492431641e+00
1.559411525726318359e+00 -9.967012405395507812e+00 5.281049728393554688e+00
1.385422945022583008e+00 -9.825305938720703125e+00 5.267466545104980469e+00
1.226381897926330566e+00 -9.701538085937500000e+00 5.245289325714111328e+00
1.068301677703857422e+00 -9.590820312500000000e+00 5.215100288391113281e+00
9.178866147994995117e-01 -9.488978385925292969e+00 5.178137302398681641e+00
7.679561972618103027e-01 -9.398267745971679688e+00 5.135033130645751953e+00
6.169744729995727539e-01 -9.315775871276855469e+00 5.087639331817626953e+00
4.653206765651702881e-01 -9.239127159118652344e+00 5.035611629486083984e+00
3.159842193126678467e-01 -9.167434692382812500e+00 4.977444171905517578e+00
1.670369654893875122e-01 -9.097795486450195312e+00 4.915082931518554688e+00
1.961493678390979767e-02 -9.030389785766601562e+00 4.848644256591796875e+00
-1.264486908912658691e-01 -8.965096473693847656e+00 4.777161121368408203e+00
-2.664245069026947021e-01 -8.899044990539550781e+00 4.701906681060791016e+00
-4.046543240547180176e-01 -8.834537506103515625e+00 4.622776508331298828e+00
-5.437761545181274414e-01 -8.769628524780273438e+00 4.537180423736572266e+00
-6.785818338394165039e-01 -8.704719543457031250e+00 4.448352336883544922e+00
-8.108402490615844727e-01 -8.640536308288574219e+00 4.358130931854248047e+00
-9.400489330291748047e-01 -8.575856208801269531e+00 4.263906002044677734e+00
-1.070530295372009277e+00 -8.510670661926269531e+00 4.165310382843017578e+00
-1.200536251068115234e+00 -8.444246292114257812e+00 4.063161849975585938e+00
-1.328446984291076660e+00 -8.378270149230957031e+00 3.959549903869628906e+00
-1.456951856613159180e+00 -8.312271118164062500e+00 3.854461193084716797e+00
-1.576832294464111328e+00 -8.248925209045410156e+00 3.751924037933349609e+00
-1.700659513473510742e+00 -8.185157775878906250e+00 3.646012544631958008e+00
-1.823826670646667480e+00 -8.118896484375000000e+00 3.538054227828979492e+00
-1.946536064147949219e+00 -8.052205085754394531e+00 3.428867101669311523e+00
-2.062135219573974609e+00 -7.987813472747802734e+00 3.323125123977661133e+00
-2.173771619796752930e+00 -7.924532413482666016e+00 3.217787265777587891e+00
-2.281930923461914062e+00 -7.861107826232910156e+00 3.114158153533935547e+00
-2.384790182113647461e+00 -7.799641132354736328e+00 3.012787580490112305e+00
-2.479487419128417969e+00 -7.741475105285644531e+00 2.918629646301269531e+00
-2.566497087478637695e+00 -7.685856819152832031e+00 2.826438665390014648e+00
-2.649283409118652344e+00 -7.631999492645263672e+00 2.743098020553588867e+00
-2.720737218856811523e+00 -7.582663059234619141e+00 2.660741090774536133e+00
-2.788402795791625977e+00 -7.532661914825439453e+00 2.587070465087890625e+00
-2.848407030105590820e+00 -7.481932163238525391e+00 2.516908407211303711e+00
-2.903129100799560547e+00 -7.436583995819091797e+00 2.448351621627807617e+00
-2.946996688842773438e+00 -7.393926620483398438e+00 2.383399963378906250e+00
-2.980851888656616211e+00 -7.355278491973876953e+00 2.320241689682006836e+00
-3.005958795547485352e+00 -7.322309494018554688e+00 2.259928941726684570e+00
-3.021292448043823242e+00 -7.295357704162597656e+00 2.201798200607299805e+00
-3.027950286865234375e+00 -7.273827552795410156e+00 2.146279811859130859e+00
-3.027942895889282227e+00 -7.257455825805664062e+00 2.092091083526611328e+00
-3.013985872268676758e+00 -7.249558448791503906e+00 2.040211915969848633e+00
-2.994055986404418945e+00 -7.246946811676025391e+00 1.990698814392089844e+00
-2.965399503707885742e+00 -7.249664783477783203e+00 1.940620660781860352e+00
-2.926347017288208008e+00 -7.259056091308593750e+00 1.890689134597778320e+00
-2.876502990722656250e+00 -7.274571895599365234e+00 1.839870095252990723e+00
-2.813961267471313477e+00 -7.295920372009277344e+00 1.787883400917053223e+00
-2.741060733795166016e+00 -7.322286605834960938e+00 1.735621213912963867e+00
-2.655012130737304688e+00 -7.351369380950927734e+00 1.680904150009155273e+00
-2.560670137405395508e+00 -7.381424427032470703e+00 1.623712897300720215e+00
-2.450945615768432617e+00 -7.413931369781494141e+00 1.556942582130432129e+00
-2.326284646987915039e+00 -7.447989463806152344e+00 1.481727719306945801e+00
-2.183943986892700195e+00 -7.485111713409423828e+00 1.397372364997863770e+00
-2.020520210266113281e+00 -7.525413513183593750e+00 1.299890041351318359e+00
-1.833477973937988281e+00 -7.570653915405273438e+00 1.188022255897521973e+00
-1.621562242507934570e+00 -7.618748188018798828e+00 1.064430475234985352e+00
-1.388873100280761719e+00 -7.671803474426269531e+00 9.358659982681274414e-01
-1.136950731277465820e+00 -7.730380058288574219e+00 8.003979921340942383e-01
-8.727900385856628418e-01 -7.794033527374267578e+00 6.624980568885803223e-01
-5.975643396377563477e-01 -7.865070343017578125e+00 5.230090022087097168e-01
-3.150403797626495361e-01 -7.950298786163330078e+00 3.818794190883636475e-01
-2.892282791435718536e-02 -8.050140380859375000e+00 2.425396144390106201e-01
2.519711852073669434e-01 -8.169591903686523438e+00 1.065749078989028931e-01
5.219513773918151855e-01 -8.311931610107421875e+00 -2.425636351108551025e-02
7.800460457801818848e-01 -8.478218078613281250e+00 -1.469314098358154297e-01
1.026856184005737305e+00 -8.667924880981445312e+00 -2.625546157360076904e-01
1.256680250167846680e+00 -8.876293182373046875e+00 -3.680512607097625732e-01
1.469722032546997070e+00 -9.103577613830566406e+00 -4.605547785758972168e-01
1.670262217521667480e+00 -9.351550102233886719e+00 -5.427697300910949707e-01
1.853546142578125000e+00 -9.610628128051757812e+00 -6.106254458427429199e-01
2.018349885940551758e+00 -9.885919570922851562e+00 -6.647206544876098633e-01
2.163634777069091797e+00 -1.016891670227050781e+01 -7.034134268760681152e-01
2.291839361190795898e+00 -1.045283699035644531e+01 -7.254232168197631836e-01
2.400038719177246094e+00 -1.073167228698730469e+01 -7.295989394187927246e-01
2.496076583862304688e+00 -1.100617599487304688e+01 -7.216227650642395020e-01
2.581444501876831055e+00 -1.126556682586669922e+01 -6.997457742691040039e-01
2.654449462890625000e+00 -1.150146675109863281e+01 -6.675926446914672852e-01
2.719413042068481445e+00 -1.171284389495849609e+01 -6.287739872932434082e-01
2.776566982269287109e+00 -1.189824771881103516e+01 -5.860154628753662109e-01
2.829472541809082031e+00 -1.205836296081542969e+01 -5.402365922927856445e-01
2.877296686172485352e+00 -1.219789218902587891e+01 -4.943526387214660645e-01
2.920898437500000000e+00 -1.231505107879638672e+01 -4.486268758773803711e-01
2.962280273437500000e+00 -1.241721534729003906e+01 -4.022496640682220459e-01
3.003142118453979492e+00 -1.250805759429931641e+01 -3.538522124290466309e-01
3.043303489685058594e+00 -1.258763694763183594e+01 -3.042230606079101562e-01
3.084869623184204102e+00 -1.266050910949707031e+01 -2.510851919651031494e-01
3.129503250122070312e+00 -1.272947788238525391e+01 -1.914909034967422485e-01
3.179096460342407227e+00 -1.279630470275878906e+01 -1.231673359870910645e-01
3.234781265258789062e+00 -1.286164379119873047e+01 -4.539245739579200745e-02
3.300197601318359375e+00 -1.293125629425048828e+01 4.705000668764114380e-02
3.376518249511718750e+00 -1.299863433837890625e+01 1.578994393348693848e-01
3.465830802917480469e+00 -1.306563091278076172e+01 2.905724942684173584e-01
3.572167873382568359e+00 -1.312968826293945312e+01 4.511427581310272217e-01
3.694137573242187500e+00 -1.318477725982666016e+01 6.419649124145507812e-01
3.829866409301757812e+00 -1.322185897827148438e+01 8.596801757812500000e-01
3.972416639328002930e+00 -1.323603534698486328e+01 1.105201244354248047e+00
4.112396240234375000e+00 -1.322520637512207031e+01 1.377262592315673828e+00
4.236132621765136719e+00 -1.319151973724365234e+01 1.675056457519531250e+00
4.334024429321289062e+00 -1.314244365692138672e+01 1.997517108917236328e+00
4.400230407714843750e+00 -1.308606910705566406e+01 2.339946269989013672e+00
4.437154293060302734e+00 -1.302924919128417969e+01 2.693706274032592773e+00
4.448873996734619141e+00 -1.297483730316162109e+01 3.048184156417846680e+00
4.444854259490966797e+00 -1.292395019531250000e+01 3.386451721191406250e+00
4.430787563323974609e+00 -1.287580966949462891e+01 3.693420648574829102e+00
4.410570621490478516e+00 -1.283146095275878906e+01 3.963047027587890625e+00
4.387445926666259766e+00 -1.278998184204101562e+01 4.193299293518066406e+00
4.358896732330322266e+00 -1.275460052490234375e+01 4.391143321990966797e+00
4.321972370147705078e+00 -1.272475719451904297e+01 4.563006401062011719e+00
4.281679153442382812e+00 -1.270069885253906250e+01 4.705658912658691406e+00
4.238628387451171875e+00 -1.268636608123779297e+01 4.816574573516845703e+00
4.200411319732666016e+00 -1.267694377899169922e+01 4.895195007324218750e+00
4.170222282409667969e+00 -1.267336177825927734e+01 4.949233531951904297e+00
4.148873329162597656e+00 -1.267695140838623047e+01 4.983191490173339844e+00
4.135921001434326172e+00 -1.268519878387451172e+01 5.005599975585937500e+00
4.130417823791503906e+00 -1.270172023773193359e+01 5.015567779541015625e+00
4.132987976074218750e+00 -1.272807788848876953e+01 5.015864372253417969e+00
4.143312931060791016e+00 -1.276610088348388672e+01 5.006469726562500000e+00
4.162153720855712891e+00 -1.282297325134277344e+01 4.983084678649902344e+00
4.190692901611328125e+00 -1.289975166320800781e+01 4.946437835693359375e+00
4.225628852844238281e+00 -1.299995326995849609e+01 4.892331123352050781e+00
4.268157482147216797e+00 -1.311614608764648438e+01 4.817211627960205078e+00
4.311029434204101562e+00 -1.324532127380371094e+01 4.722090244293212891e+00
4.346653938293457031e+00 -1.337678813934326172e+01 4.601910591125488281e+00
4.377933502197265625e+00 -1.351609611511230469e+01 4.462378978729248047e+00
4.402085304260253906e+00 -1.366480445861816406e+01 4.297714233398437500e+00
4.415499687194824219e+00 -1.382027530670166016e+01 4.110863208770751953e+00
4.418623447418212891e+00 -1.397866153717041016e+01 3.906258344650268555e+00
4.406752109527587891e+00 -1.413487625122070312e+01 3.690061569213867188e+00
4.380887031555175781e+00 -1.428591060638427734e+01 3.469125270843505859e+00
4.340652942657470703e+00 -1.442632579803466797e+01 3.258395433425903320e+00
4.291182518005371094e+00 -1.455331993103027344e+01 3.056580066680908203e+00
4.229078769683837891e+00 -1.467060184478759766e+01 2.869465112686157227e+00
4.166864871978759766e+00 -1.477414226531982422e+01 2.696444511413574219e+00
4.104249000549316406e+00 -1.486305904388427734e+01 2.545550584793090820e+00
4.040829181671142578e+00 -1.494197654724121094e+01 2.414652109146118164e+00
3.981686353683471680e+00 -1.500797367095947266e+01 2.299018144607543945e+00
3.926186800003051758e+00 -1.506379508972167969e+01 2.201322078704833984e+00
3.872657775878906250e+00 -1.511540794372558594e+01 2.112361907958984375e+00
3.820540428161621094e+00 -1.516041946411132812e+01 2.039138793945312500e+00
3.770249843597412109e+00 -1.520271968841552734e+01 1.974707126617431641e+00
3.721352100372314453e+00 -1.524256038665771484e+01 1.924221634864807129e+00
3.673576354980468750e+00 -1.528113746643066406e+01 1.884952425956726074e+00
3.625591516494750977e+00 -1.531955432891845703e+01 1.858178853988647461e+00
3.576984167098999023e+00 -1.535695457458496094e+01 1.838723540306091309e+00
3.527938127517700195e+00 -1.539224529266357422e+01 1.831128716468811035e+00
3.477358818054199219e+00 -1.542986679077148438e+01 1.828984141349792480e+00
3.424723386764526367e+00 -1.546752643585205078e+01 1.833784818649291992e+00
3.368665218353271484e+00 -1.550288677215576172e+01 1.847343087196350098e+00
3.312399625778198242e+00 -1.553820800781250000e+01 1.866379618644714355e+00
3.253918170928955078e+00 -1.557512569427490234e+01 1.892464280128479004e+00
3.191354274749755859e+00 -1.560308361053466797e+01 1.917981147766113281e+00
3.126415014266967773e+00 -1.563109493255615234e+01 1.953859686851501465e+00
3.061478614807128906e+00 -1.565668582916259766e+01 1.990535855293273926e+00
2.990855693817138672e+00 -1.567837333679199219e+01 2.026794672012329102e+00
2.923109531402587891e+00 -1.569967079162597656e+01 2.067492961883544922e+00
2.854760885238647461e+00 -1.571828460693359375e+01 2.110913038253784180e+00
2.786424398422241211e+00 -1.573194408416748047e+01 2.156612873077392578e+00
2.718450784683227539e+00 -1.573881721496582031e+01 2.205397605895996094e+00
2.645037889480590820e+00 -1.574793338775634766e+01 2.245644569396972656e+00
2.576606273651123047e+00 -1.575023746490478516e+01 2.291873216629028320e+00
2.512239933013916016e+00 -1.575423908233642578e+01 2.342558383941650391e+00
2.448626041412353516e+00 -1.575201892852783203e+01 2.392040729522705078e+00
2.385944604873657227e+00 -1.573657798767089844e+01 2.445603847503662109e+00
2.325038909912109375e+00 -1.571537017822265625e+01 2.498076677322387695e+00
2.268819093704223633e+00 -1.570772075653076172e+01 2.551216840744018555e+00
2.214629650115966797e+00 -1.569156265258789062e+01 2.606121301651000977e+00
2.161084890365600586e+00 -1.567654991149902344e+01 2.659007787704467773e+00
2.112080335617065430e+00 -1.565294933319091797e+01 2.715861320495605469e+00
2.066117286682128906e+00 -1.562593269348144531e+01 2.773323059082031250e+00
2.021461963653564453e+00 -1.559479522705078125e+01 2.834104776382446289e+00
1.976693272590637207e+00 -1.556436157226562500e+01 2.892503261566162109e+00
1.939020514488220215e+00 -1.552768993377685547e+01 2.954919576644897461e+00
1.903306126594543457e+00 -1.548724365234375000e+01 3.017518997192382812e+00
1.869880199432373047e+00 -1.544390773773193359e+01 3.082382440567016602e+00
1.836329460144042969e+00 -1.539654731750488281e+01 3.151554346084594727e+00
1.805435776710510254e+00 -1.534395885467529297e+01 3.221815109252929688e+00
1.777923345565795898e+00 -1.528716182708740234e+01 3.294043540954589844e+00
1.753937840461730957e+00 -1.522350120544433594e+01 3.370954990386962891e+00
1.730072140693664551e+00 -1.515928268432617188e+01 3.448814630508422852e+00
1.708129048347473145e+00 -1.508291149139404297e+01 3.534086465835571289e+00
1.690351486206054688e+00 -1.499967861175537109e+01 3.621506452560424805e+00
1.676227211952209473e+00 -1.490738582611083984e+01 3.715714693069458008e+00
1.664102435111999512e+00 -1.480786991119384766e+01 3.811598539352416992e+00
1.657441377639770508e+00 -1.469875144958496094e+01 3.911264896392822266e+00
1.656103134155273438e+00 -1.457766246795654297e+01 4.016761302947998047e+00
1.658023357391357422e+00 -1.445262813568115234e+01 4.119058132171630859e+00
1.665989518165588379e+00 -1.431414222717285156e+01 4.226593971252441406e+00
1.678779482841491699e+00 -1.416494655609130859e+01 4.336159229278564453e+00
1.695636749267578125e+00 -1.400867748260498047e+01 4.443585395812988281e+00
1.716456055641174316e+00 -1.384294605255126953e+01 4.550855159759521484e+00
1.738264203071594238e+00 -1.367266654968261719e+01 4.654392719268798828e+00
1.758790135383605957e+00 -1.350116729736328125e+01 4.751406669616699219e+00
1.776009440422058105e+00 -1.332208061218261719e+01 4.846813201904296875e+00
1.785061359405517578e+00 -1.314441204071044922e+01 4.933618545532226562e+00
1.780650258064270020e+00 -1.296479034423828125e+01 5.014732360839843750e+00
1.763216495513916016e+00 -1.278327369689941406e+01 5.088588237762451172e+00
1.728571057319641113e+00 -1.259978199005126953e+01 5.157827854156494141e+00
1.679114937782287598e+00 -1.242008686065673828e+01 5.219969749450683594e+00
1.616398811340332031e+00 -1.224381160736083984e+01 5.272910594940185547e+00
1.538989424705505371e+00 -1.206573581695556641e+01 5.320285797119140625e+00
1.453216671943664551e+00 -1.189380073547363281e+01 5.359608650207519531e+00
1.361129403114318848e+00 -1.173088359832763672e+01 5.390112400054931641e+00
1.264806985855102539e+00 -1.157634735107421875e+01 5.412611007690429688e+00
1.163159847259521484e+00 -1.142723751068115234e+01 5.427695751190185547e+00
1.058453083038330078e+00 -1.128355216979980469e+01 5.437191486358642578e+00
9.499933719635009766e-01 -1.115284252166748047e+01 5.437526702880859375e+00
8.416212797164916992e-01 -1.102929592132568359e+01 5.431989669799804688e+00
7.285866737365722656e-01 -1.091446590423583984e+01 5.419803619384765625e+00
6.140435934066772461e-01 -1.080439567565917969e+01 5.402155876159667969e+00
4.997034072875976562e-01 -1.070151996612548828e+01 5.379084110260009766e+00
3.860643208026885986e-01 -1.060437583923339844e+01 5.351131916046142578e+00
2.699046730995178223e-01 -1.051358795166015625e+01 5.317419528961181641e+00
1.553793102502822876e-01 -1.042567920684814453e+01 5.278806686401367188e+00
3.848050907254219055e-02 -1.034139251708984375e+01 5.235458850860595703e+00
-7.602129131555557251e-02 -1.026070785522460938e+01 5.188127517700195312e+00
-1.895371526479721069e-01 -1.018492317199707031e+01 5.137516975402832031e+00
-3.068059980869293213e-01 -1.010847854614257812e+01 5.080511569976806641e+00
-4.222527742385864258e-01 -1.003614330291748047e+01 5.020658016204833984e+00
-5.391971468925476074e-01 -9.965918540954589844e+00 4.955713272094726562e+00
-6.569034457206726074e-01 -9.896880149841308594e+00 4.885833263397216797e+00
-7.784400582313537598e-01 -9.830814361572265625e+00 4.809617996215820312e+00
-9.003208279609680176e-01 -9.767282485961914062e+00 4.730148792266845703e+00
-1.020678997039794922e+00 -9.709723472595214844e+00 4.649273872375488281e+00
-1.144837617874145508e+00 -9.653161048889160156e+00 4.561305046081542969e+00
-1.269388794898986816e+00 -9.598216056823730469e+00 4.470703601837158203e+00
-1.396686792373657227e+00 -9.550442695617675781e+00 4.376235961914062500e+00
-1.527026534080505371e+00 -9.507290840148925781e+00 4.279273986816406250e+00
-1.658048272132873535e+00 -9.470317840576171875e+00 4.181267261505126953e+00
-1.791202187538146973e+00 -9.437460899353027344e+00 4.081109523773193359e+00
-1.925149321556091309e+00 -9.409780502319335938e+00 3.979756116867065430e+00
-2.057817697525024414e+00 -9.385479927062988281e+00 3.878625154495239258e+00
-2.191279172897338867e+00 -9.367515563964843750e+00 3.777522087097167969e+00
-2.324138164520263672e+00 -9.352676391601562500e+00 3.676800012588500977e+00
-2.453410148620605469e+00 -9.341006278991699219e+00 3.577098131179809570e+00
-2.577570676803588867e+00 -9.332044601440429688e+00 3.481696605682373047e+00
-2.697883367538452148e+00 -9.324198722839355469e+00 3.387723445892333984e+00
-2.812990188598632812e+00 -9.322673797607421875e+00 3.296186685562133789e+00
-2.921387910842895508e+00 -9.316631317138671875e+00 3.209105253219604492e+00
-3.022562742233276367e+00 -9.310464859008789062e+00 3.126389503479003906e+00
-3.117075681686401367e+00 -9.303685188293457031e+00 3.048136949539184570e+00
-3.203256130218505859e+00 -9.297460556030273438e+00 2.974871158599853516e+00
-3.284002542495727539e+00 -9.289854049682617188e+00 2.906630992889404297e+00
-3.357078552246093750e+00 -9.281923294067382812e+00 2.842955827713012695e+00
-3.426727294921875000e+00 -9.277280807495117188e+00 2.779427051544189453e+00
-3.491152524948120117e+00 -9.270523071289062500e+00 2.721973657608032227e+00
-3.552494525909423828e+00 -9.264688491821289062e+00 2.666322231292724609e+00
-3.610233545303344727e+00 -9.265305519104003906e+00 2.614878416061401367e+00
-3.663619518280029297e+00 -9.262510299682617188e+00 2.563694000244140625e+00
-3.714513778686523438e+00 -9.263251304626464844e+00 2.512142896652221680e+00
-3.762522697448730469e+00 -9.268502235412597656e+00 2.461165666580200195e+00
-3.808137178421020508e+00 -9.275138854980468750e+00 2.409271955490112305e+00
-3.852900743484497070e+00 -9.287284851074218750e+00 2.357627153396606445e+00
-3.894420385360717773e+00 -9.305676460266113281e+00 2.304834842681884766e+00
-3.935613870620727539e+00 -9.324867248535156250e+00 2.250320196151733398e+00
-3.974766731262207031e+00 -9.350704193115234375e+00 2.194296598434448242e+00
-4.016534805297851562e+00 -9.377902030944824219e+00 2.136392831802368164e+00
-4.059156417846679688e+00 -9.407125473022460938e+00 2.075998544692993164e+00
-4.105916500091552734e+00 -9.434175491333007812e+00 2.013212442398071289e+00
-4.152044773101806641e+00 -9.466823577880859375e+00 1.946297049522399902e+00
-4.200342178344726562e+00 -9.498481750488281250e+00 1.875279307365417480e+00
-4.251250743865966797e+00 -9.530162811279296875e+00 1.800344824790954590e+00
-4.305179119110107422e+00 -9.562067031860351562e+00 1.720432758331298828e+00
-4.363115787506103516e+00 -9.593752861022949219e+00 1.635138630867004395e+00
-4.423142910003662109e+00 -9.625427246093750000e+00 1.545522809028625488e+00
-4.486984729766845703e+00 -9.658020973205566406e+00 1.448645353317260742e+00
-4.551841735839843750e+00 -9.691233634948730469e+00 1.349245548248291016e+00
-4.618491649627685547e+00 -9.723470687866210938e+00 1.245769739151000977e+00
-4.686238288879394531e+00 -9.754368782043457031e+00 1.139053463935852051e+00
-4.756905555725097656e+00 -9.786698341369628906e+00 1.027521133422851562e+00
-4.822114467620849609e+00 -9.818131446838378906e+00 9.176135659217834473e-01
-4.891492366790771484e+00 -9.848987579345703125e+00 8.020322918891906738e-01
-4.962054729461669922e+00 -9.880577087402343750e+00 6.849884986877441406e-01
-5.029835700988769531e+00 -9.909712791442871094e+00 5.669300556182861328e-01
-5.096575260162353516e+00 -9.937727928161621094e+00 4.530564844608306885e-01
-5.157138824462890625e+00 -9.964737892150878906e+00 3.366591036319732666e-01
-5.218149185180664062e+00 -9.989949226379394531e+00 2.232062667608261108e-01
-5.276997566223144531e+00 -1.001317119598388672e+01 1.110963672399520874e-01
-5.335973739624023438e+00 -1.003386402130126953e+01 7.545344997197389603e-04
-5.384782314300537109e+00 -1.005888938903808594e+01 -1.026882380247116089e-01
-5.435659885406494141e+00 -1.008011817932128906e+01 -2.065235525369644165e-01
-5.484056949615478516e+00 -1.010561943054199219e+01 -3.063996136188507080e-01
-5.532670021057128906e+00 -1.012370491027832031e+01 -4.022535979747772217e-01
-5.572940826416015625e+00 -1.013862419128417969e+01 -4.990608692169189453e-01
-5.612027645111083984e+00 -1.015272712707519531e+01 -5.882581472396850586e-01
-5.649507999420166016e+00 -1.016263103485107422e+01 -6.776981353759765625e-01
-5.684431076049804688e+00 -1.016084289550781250e+01 -7.641929388046264648e-01
-5.733134269714355469e+00 -1.016911506652832031e+01 -8.481138348579406738e-01
-5.766598701477050781e+00 -1.017464923858642578e+01 -9.274742603302001953e-01
-5.808270454406738281e+00 -1.021347999572753906e+01 -9.978359937667846680e-01
-5.860440254211425781e+00 -1.021546840667724609e+01 -1.066719412803649902e+00
-5.919653415679931641e+00 -1.028862094879150391e+01 -1.127012252807617188e+00
-5.956144809722900391e+00 -1.034892654418945312e+01 -1.192305922508239746e+00
-6.015459060668945312e+00 -1.035948562622070312e+01 -1.251484274864196777e+00
-5.837293148040771484e+00 -1.043319797515869141e+01 -1.375736594200134277e+00
-5.824591159820556641e+00 -1.039692211151123047e+01 -1.457066655158996582e+00
-5.841951847076416016e+00 -1.041929817199707031e+01 -1.520161867141723633e+00
-5.797176361083984375e+00 -1.015826416015625000e+01 -1.614645957946777344e+00
-5.958631992340087891e+00 -1.005615329742431641e+01 -1.639751195907592773e+00
-6.040042877197265625e+00 -1.004841327667236328e+01 -1.681992292404174805e+00
-6.162894248962402344e+00 -1.009033393859863281e+01 -1.713038206100463867e+00
-6.068061351776123047e+00 -1.051809215545654297e+01 -1.782425880432128906e+00
-6.272998809814453125e+00 -1.019659042358398438e+01 -1.812475919723510742e+00
-6.286458492279052734e+00 -1.038004970550537109e+01 -1.868859171867370605e+00
-6.268646240234375000e+00 -1.013408565521240234e+01 -1.938965320587158203e+00
-6.266980171203613281e+00 -1.047218132019042969e+01 -1.999209284782409668e+00
-6.282388210296630859e+00 -1.046208667755126953e+01 -2.060897588729858398e+00
-6.040476322174072266e+00 -1.053529834747314453e+01 -2.164734363555908203e+00
-5.978405952453613281e+00 -1.050058841705322266e+01 -2.235574960708618164e+00
-5.968536853790283203e+00 -1.048215198516845703e+01 -2.299350500106811523e+00
-5.931270122528076172e+00 -1.015889072418212891e+01 -2.361463785171508789e+00
-5.901596546173095703e+00 -1.025845813751220703e+01 -2.430823564529418945e+00
-6.034842491149902344e+00 -1.008429622650146484e+01 -2.475337505340576172e+00
-6.256577968597412109e+00 -1.008061981201171875e+01 -2.514476060867309570e+00
-6.281848430633544922e+00 -1.008416366577148438e+01 -2.588621377944946289e+00
-6.377212524414062500e+00 -1.031290054321289062e+01 -2.658160924911499023e+00
-6.375812530517578125e+00 -1.028100872039794922e+01 -2.731232166290283203e+00
-6.389099121093750000e+00 -1.025621795654296875e+01 -2.808619976043701172e+00
-6.296248912811279297e+00 -1.043989086151123047e+01 -2.900047302246093750e+00
-6.166463375091552734e+00 -1.048211956024169922e+01 -2.989056348800659180e+00
-6.170383930206298828e+00 -1.046027565002441406e+01 -3.064298152923583984e+00
-6.006023406982421875e+00 -1.026877784729003906e+01 -3.135419130325317383e+00
-6.031760215759277344e+00 -1.034185218811035156e+01 -3.211447954177856445e+00
-6.027455329895019531e+00 -1.016685009002685547e+01 -3.270436286926269531e+00
-6.228230476379394531e+00 -1.002508163452148438e+01 -3.325306653976440430e+00
-6.236795902252197266e+00 -1.002560329437255859e+01 -3.393669605255126953e+00
-6.310221672058105469e+00 -1.005959033966064453e+01 -3.463593244552612305e+00
-6.372892856597900391e+00 -1.011731433868408203e+01 -3.535473346710205078e+00
-6.368510723114013672e+00 -1.029840946197509766e+01 -3.624286413192749023e+00
-6.364044666290283203e+00 -1.033073520660400391e+01 -3.693347692489624023e+00
-6.332615375518798828e+00 -1.035277748107910156e+01 -3.761210203170776367e+00
-6.303843498229980469e+00 -1.037099361419677734e+01 -3.827960252761840820e+00
-6.182092666625976562e+00 -1.037445735931396484e+01 -3.891635179519653320e+00
-6.124269008636474609e+00 -1.035890579223632812e+01 -3.953016042709350586e+00
-6.142770767211914062e+00 -1.034978580474853516e+01 -4.013943195343017578e+00
-6.034243106842041016e+00 -1.027052021026611328e+01 -4.059569358825683594e+00
-5.984010696411132812e+00 -1.018556118011474609e+01 -4.106173992156982422e+00
-6.000878334045410156e+00 -1.017360591888427734e+01 -4.168148517608642578e+00
-6.004796504974365234e+00 -1.010546207427978516e+01 -4.215874195098876953e+00
-6.032855033874511719e+00 -9.980584144592285156e+00 -4.246895313262939453e+00
-6.075739860534667969e+00 -9.926622390747070312e+00 -4.295881271362304688e+00
-6.118426799774169922e+00 -9.892462730407714844e+00 -4.351724147796630859e+00
-6.305508136749267578e+00 -1.009897804260253906e+01 -4.475716590881347656e+00
-6.333300590515136719e+00 -1.000067043304443359e+01 -4.511877059936523438e+00
-6.339518547058105469e+00 -9.928125381469726562e+00 -4.555529594421386719e+00
-6.340743064880371094e+00 -9.886611938476562500e+00 -4.609203338623046875e+00
-6.348690509796142578e+00 -9.853734970092773438e+00 -4.660046100616455078e+00
-6.353126049041748047e+00 -9.832608222961425781e+00 -4.711575984954833984e+00
-6.350438594818115234e+00 -9.816126823425292969e+00 -4.762081623077392578e+00
-6.339229106903076172e+00 -9.808203697204589844e+00 -4.812689304351806641e+00
-6.320949077606201172e+00 -9.805056571960449219e+00 -4.861634731292724609e+00
-6.286273479461669922e+00 -9.808307647705078125e+00 -4.910089969635009766e+00
-6.249483108520507812e+00 -9.814345359802246094e+00 -4.956162929534912109e+00
-6.197077274322509766e+00 -9.826542854309082031e+00 -5.009872436523437500e+00
-6.139008522033691406e+00 -9.842641830444335938e+00 -5.068372726440429688e+00
-6.083710670471191406e+00 -9.857298851013183594e+00 -5.141377925872802734e+00
-6.024374008178710938e+00 -9.864493370056152344e+00 -5.235088348388671875e+00
-5.964222908020019531e+00 -9.863606452941894531e+00 -5.363671779632568359e+00
-5.897663116455078125e+00 -9.850721359252929688e+00 -5.541755676269531250e+00
-5.817210197448730469e+00 -9.836134910583496094e+00 -5.774048805236816406e+00
-5.724596500396728516e+00 -9.814580917358398438e+00 -6.060448646545410156e+00
-5.626810550689697266e+00 -9.796618461608886719e+00 -6.376447677612304688e+00
-5.535183429718017578e+00 -9.788070678710937500e+00 -6.685019493103027344e+00
-5.457183837890625000e+00 -9.793996810913085938e+00 -6.969633579254150391e+00
-5.394189357757568359e+00 -9.817222595214843750e+00 -7.225878715515136719e+00
-5.345599651336669922e+00 -9.858847618103027344e+00 -7.458414077758789062e+00
-5.309675693511962891e+00 -9.919222831726074219e+00 -7.671350955963134766e+00
-5.283668518066406250e+00 -9.994915008544921875e+00 -7.877217769622802734e+00
-5.264616012573242188e+00 -1.008290767669677734e+01 -8.080335617065429688e+00
-5.249842166900634766e+00 -1.017379570007324219e+01 -8.273303985595703125e+00
-5.238820075988769531e+00 -1.025562667846679688e+01 -8.445517539978027344e+00
-5.229688644409179688e+00 -1.032510280609130859e+01 -8.589916229248046875e+00
-5.222911834716796875e+00 -1.037911415100097656e+01 -8.702659606933593750e+00
-5.218084335327148438e+00 -1.041957569122314453e+01 -8.787239074707031250e+00
-5.214698314666748047e+00 -1.044874954223632812e+01 -8.848409652709960938e+00
-5.212473869323730469e+00 -1.046961116790771484e+01 -8.892456054687500000e+00
-5.210705757141113281e+00 -1.048501491546630859e+01 -8.924697875976562500e+00
-5.209261894226074219e+00 -1.049633407592773438e+01 -8.948410034179687500e+00
-5.208340167999267578e+00 -1.050452518463134766e+01 -8.965634346008300781e+00
-5.207533836364746094e+00 -1.051039409637451172e+01 -8.977931976318359375e+00
-5.207050800323486328e+00 -1.051443862915039062e+01 -8.986354827880859375e+00
-5.206761360168457031e+00 -1.051702499389648438e+01 -8.991753578186035156e+00
-5.206597328186035156e+00 -1.051851749420166016e+01 -8.994861602783203125e+00
-5.206510066986083984e+00 -1.051928520202636719e+01 -8.996470451354980469e+00
-5.206476211547851562e+00 -1.051957893371582031e+01 -8.997081756591796875e+00
-5.206467151641845703e+00 -1.051965618133544922e+01 -8.997246742248535156e+00
