5.777344107627868652e-01 -3.195825591683387756e-02 8.155989050865173340e-01
5.955628752708435059e-01 -7.247997075319290161e-02 8.000321388244628906e-01
5.937485098838806152e-01 -1.042955517768859863e-01 7.978628873825073242e-01
6.378532052040100098e-01 -1.161602213978767395e-01 7.613475918769836426e-01
6.819638609886169434e-01 -1.254812330007553101e-01 7.205412387847900391e-01
7.204310297966003418e-01 -1.358896791934967041e-01 6.800832152366638184e-01
7.532731890678405762e-01 -1.460808515548706055e-01 6.412797570228576660e-01
7.812358140945434570e-01 -1.562240570783615112e-01 6.043711900711059570e-01
8.049226999282836914e-01 -1.665727049112319946e-01 5.695198774337768555e-01
8.248986005783081055e-01 -1.773546338081359863e-01 5.367379188537597656e-01
8.416570425033569336e-01 -1.887638419866561890e-01 5.059462785720825195e-01
8.556138277053833008e-01 -2.009594291448593140e-01 4.770119190216064453e-01
8.671067953109741211e-01 -2.140667736530303955e-01 4.497791528701782227e-01
8.764049410820007324e-01 -2.281846553087234497e-01 4.240827262401580811e-01
8.837181329727172852e-01 -2.433838844299316406e-01 3.997580707073211670e-01
8.892064690589904785e-01 -2.597157657146453857e-01 3.766424357891082764e-01
8.929880857467651367e-01 -2.772113382816314697e-01 3.545788824558258057e-01
8.951488137245178223e-01 -2.958840429782867432e-01 3.334085345268249512e-01
8.957461714744567871e-01 -3.157303631305694580e-01 3.129745423793792725e-01
8.948192596435546875e-01 -3.367241024971008301e-01 2.931130826473236084e-01
8.923900127410888672e-01 -3.588207960128784180e-01 2.736560702323913574e-01
8.884724974632263184e-01 -3.819485306739807129e-01 2.544248700141906738e-01
8.830752968788146973e-01 -4.060099422931671143e-01 2.352315485477447510e-01
8.762091398239135742e-01 -4.308755099773406982e-01 2.158790677785873413e-01
8.678900003433227539e-01 -4.563869535923004150e-01 1.961581110954284668e-01
8.581445217132568359e-01 -4.823521971702575684e-01 1.758532971143722534e-01
8.470113873481750488e-01 -5.085522532463073730e-01 1.547463089227676392e-01
8.345426321029663086e-01 -5.347436666488647461e-01 1.326192617416381836e-01
8.208025097846984863e-01 -5.606644153594970703e-01 1.092643886804580688e-01
8.058598637580871582e-01 -5.860469341278076172e-01 8.449154347181320190e-02
7.897829413414001465e-01 -6.106250882148742676e-01 5.813733860850334167e-02
7.726279497146606445e-01 -6.341461539268493652e-01 3.008103370666503906e-02
7.544286847114562988e-01 -6.563819050788879395e-01 2.470726612955331802e-04
7.351891398429870605e-01 -6.771354079246520996e-01 -3.137660771608352661e-02
7.148714661598205566e-01 -6.962531805038452148e-01 -6.473284959793090820e-02
6.933955550193786621e-01 -7.136268615722656250e-01 -9.969633817672729492e-02
6.706368327140808105e-01 -7.292003035545349121e-01 -1.360635310411453247e-01
6.464294195175170898e-01 -7.429706454277038574e-01 -1.735613346099853516e-01
6.205735802650451660e-01 -7.549856901168823242e-01 -2.118609249591827393e-01
5.928417444229125977e-01 -7.653418779373168945e-01 -2.505800724029541016e-01
5.629884004592895508e-01 -7.741732001304626465e-01 -2.893092930316925049e-01
5.307571887969970703e-01 -7.816412448883056641e-01 -3.276183605194091797e-01
4.958868920803070068e-01 -7.879191040992736816e-01 -3.650749325752258301e-01
4.581198990345001221e-01 -7.931730151176452637e-01 -4.012514352798461914e-01
4.172092378139495850e-01 -7.975445985794067383e-01 -4.357280731201171875e-01
3.729326725006103516e-01 -8.011289834976196289e-01 -4.680956602096557617e-01
3.251055777072906494e-01 -8.039602041244506836e-01 -4.979501664638519287e-01
2.736069262027740479e-01 -8.059939146041870117e-01 -5.248932242393493652e-01
2.184056341648101807e-01 -8.071028590202331543e-01 -5.485289096832275391e-01
1.595976352691650391e-01 -8.070694208145141602e-01 -5.684782266616821289e-01
9.743417799472808838e-02 -8.055979013442993164e-01 -5.843960046768188477e-01
3.234976157546043396e-02 -8.023289442062377930e-01 -5.960048437118530273e-01
-3.502215445041656494e-02 -7.968657612800598145e-01 -6.031404733657836914e-01
-1.038741469383239746e-01 -7.888067364692687988e-01 -6.058003902435302734e-01
-1.732570827007293701e-01 -7.777752876281738281e-01 -6.041917204856872559e-01
-2.421559840440750122e-01 -7.634370326995849609e-01 -5.987690091133117676e-01
-3.095779418945312500e-01 -7.454985976219177246e-01 -5.902485251426696777e-01
-3.746406137943267822e-01 -7.236702442169189453e-01 -5.796083211898803711e-01
-4.366393387317657471e-01 -6.975941061973571777e-01 -5.680744051933288574e-01
-4.950876832008361816e-01 -6.667132973670959473e-01 -5.571189522743225098e-01
-5.496931672096252441e-01 -6.300855875015258789e-01 -5.484793186187744141e-01
-6.002724170684814453e-01 -5.860655307769775391e-01 -5.442426800727844238e-01
-6.465176343917846680e-01 -5.317781567573547363e-01 -5.470163226127624512e-01
-6.874638199806213379e-01 -4.621553719043731689e-01 -5.601837635040283203e-01
-7.201207876205444336e-01 -3.681469261646270752e-01 -5.881274938583374023e-01
-7.358281612396240234e-01 -2.337207794189453125e-01 -6.355560421943664551e-01
-7.111824750900268555e-01 -3.371599689126014709e-02 -7.021984457969665527e-01
-5.955806374549865723e-01 2.502139508724212646e-01 -7.633326649665832520e-01
-3.461331427097320557e-01 5.604872107505798340e-01 -7.523602843284606934e-01
-4.110386595129966736e-02 7.624462842941284180e-01 -6.457445621490478516e-01
2.004064619541168213e-01 8.320246338844299316e-01 -5.172739028930664062e-01
3.607648313045501709e-01 8.345081806182861328e-01 -4.164670109748840332e-01
4.665480256080627441e-01 8.138394951820373535e-01 -3.464073836803436279e-01
5.399097204208374023e-01 7.870438098907470703e-01 -2.984286844730377197e-01
5.938088893890380859e-01 7.597533464431762695e-01 -2.648881077766418457e-01
6.355030536651611328e-01 7.336407303810119629e-01 -2.406390011310577393e-01
6.691657900810241699e-01 7.090604901313781738e-01 -2.223742902278900146e-01
6.973023414611816406e-01 6.859470605850219727e-01 -2.079570591449737549e-01
7.214784622192382812e-01 6.641232371330261230e-01 -1.959822922945022583e-01
7.427052855491638184e-01 6.434105634689331055e-01 -1.855038702487945557e-01
7.616539001464843750e-01 6.236593127250671387e-01 -1.758761405944824219e-01
7.787748575210571289e-01 6.047613024711608887e-01 -1.666536927223205566e-01
7.943739891052246094e-01 5.866469144821166992e-01 -1.575292348861694336e-01
8.086580634117126465e-01 5.692812800407409668e-01 -1.482937335968017578e-01
8.217648267745971680e-01 5.526608228683471680e-01 -1.388115882873535156e-01
8.337846398353576660e-01 5.368071794509887695e-01 -1.290006041526794434e-01
8.447743654251098633e-01 5.217639207839965820e-01 -1.188217177987098694e-01
8.547686934471130371e-01 5.075905323028564453e-01 -1.082692369818687439e-01
8.637879490852355957e-01 4.943587183952331543e-01 -9.736439585685729980e-02
8.718434572219848633e-01 4.821485280990600586e-01 -8.614987134933471680e-02
8.789423108100891113e-01 4.710437357425689697e-01 -7.468731701374053955e-02
8.850893378257751465e-01 4.611305892467498779e-01 -6.305094808340072632e-02
8.902909159660339355e-01 4.524901509284973145e-01 -5.132960155606269836e-02
8.945541977882385254e-01 4.452001452445983887e-01 -3.961894288659095764e-02
8.978876471519470215e-01 4.393316209316253662e-01 -2.802650257945060730e-02
9.003017544746398926e-01 4.349471628665924072e-01 -1.666452735662460327e-02
9.018077254295349121e-01 4.321006834506988525e-01 -5.652413703501224518e-03
9.024159312248229980e-01 4.308382868766784668e-01 4.884098190814256668e-03
9.021351933479309082e-01 4.311991035938262939e-01 1.481501292437314987e-02
9.009711146354675293e-01 4.332146644592285156e-01 2.400346100330352783e-02
8.989239931106567383e-01 4.369116425514221191e-01 3.231070563197135925e-02
8.959870338439941406e-01 4.423115849494934082e-01 3.959256410598754883e-02
8.921442627906799316e-01 4.494327306747436523e-01 4.570417478680610657e-02
8.873679041862487793e-01 4.582883119583129883e-01 5.049824714660644531e-02
8.816170096397399902e-01 4.688856303691864014e-01 5.383065342903137207e-02
8.748343586921691895e-01 4.812254607677459717e-01 5.556017905473709106e-02
8.669456243515014648e-01 4.952968657016754150e-01 5.555434525012969971e-02
8.578584194183349609e-01 5.110733509063720703e-01 5.369189009070396423e-02
8.474627137184143066e-01 5.285077095031738281e-01 4.986720159649848938e-02
8.356304168701171875e-01 5.475272536277770996e-01 4.399694502353668213e-02
8.222222328186035156e-01 5.680254101753234863e-01 3.602439537644386292e-02
8.070891499519348145e-01 5.898601412773132324e-01 2.592506073415279388e-02
7.900842428207397461e-01 6.128449440002441406e-01 1.371122337877750397e-02
7.710699439048767090e-01 6.367502212524414062e-01 -5.614195251837372780e-04
7.499327659606933594e-01 6.613008975982666016e-01 -1.679342426359653473e-02
7.265955209732055664e-01 6.861816048622131348e-01 -3.483830392360687256e-02
7.010320425033569336e-01 7.110438942909240723e-01 -5.450425669550895691e-02
6.732802987098693848e-01 7.355166077613830566e-01 -7.555782794952392578e-02
6.434517502784729004e-01 7.592224478721618652e-01 -9.773012995719909668e-02
6.117381453514099121e-01 7.817937135696411133e-01 -1.207271292805671692e-01
5.784093737602233887e-01 8.028931617736816406e-01 -1.442400068044662476e-01
5.438115000724792480e-01 8.222280144691467285e-01 -1.679591834545135498e-01
5.083506703376770020e-01 8.395679593086242676e-01 -1.915859580039978027e-01
4.724816083908081055e-01 8.547533154487609863e-01 -2.148439735174179077e-01
4.366848170757293701e-01 8.677011728286743164e-01 -2.374891787767410278e-01
4.014514982700347900e-01 8.784036040306091309e-01 -2.593140006065368652e-01
3.672633767127990723e-01 8.869229555130004883e-01 -2.801522910594940186e-01
3.345774412155151367e-01 8.933824896812438965e-01 -2.998760640621185303e-01
3.038173913955688477e-01 8.979533314704895020e-01 -3.183939754962921143e-01
2.753625512123107910e-01 9.008428454399108887e-01 -3.356451392173767090e-01
2.495487481355667114e-01 9.022790193557739258e-01 -3.515932857990264893e-01
2.266644686460494995e-01 9.025004506111145020e-01 -3.662186563014984131e-01
2.069521099328994751e-01 9.017441868782043457e-01 -3.795105814933776855e-01
1.906092613935470581e-01 9.002371430397033691e-01 -3.914603888988494873e-01
1.777918189764022827e-01 8.981880545616149902e-01 -4.020551145076751709e-01
1.686114519834518433e-01 8.957823514938354492e-01 -4.112713634967803955e-01
1.631349027156829834e-01 8.931778073310852051e-01 -4.190708100795745850e-01
1.613807529211044312e-01 8.905022740364074707e-01 -4.253962635993957520e-01
1.633151620626449585e-01 8.878518939018249512e-01 -4.301711618900299072e-01
1.688461452722549438e-01 8.852922916412353516e-01 -4.332996010780334473e-01
1.778183579444885254e-01 8.828614950180053711e-01 -4.346679449081420898e-01
1.900123655796051025e-01 8.805717229843139648e-01 -4.341529011726379395e-01
2.051413357257843018e-01 8.784171342849731445e-01 -4.316253364086151123e-01
2.228588461875915527e-01 8.763768672943115234e-01 -4.269632101058959961e-01
2.427684366703033447e-01 8.744213581085205078e-01 -4.200606048107147217e-01
2.644350230693817139e-01 8.725190162658691406e-01 -4.108340442180633545e-01
2.874042987823486328e-01 8.706377148628234863e-01 -3.992350399494171143e-01
3.112207055091857910e-01 8.687476515769958496e-01 -3.852521777153015137e-01
3.354446589946746826e-01 8.668207526206970215e-01 -3.689154684543609619e-01
3.596678972244262695e-01 8.648291826248168945e-01 -3.502991795539855957e-01
3.835240006446838379e-01 8.627437353134155273e-01 -3.295187354087829590e-01
4.066936969757080078e-01 8.605327010154724121e-01 -3.067306876182556152e-01
4.289093911647796631e-01 8.581600785255432129e-01 -2.821311652660369873e-01
4.499522745609283447e-01 8.555877208709716797e-01 -2.559542655944824219e-01
4.696526229381561279e-01 8.527773618698120117e-01 -2.284671515226364136e-01
4.878853559494018555e-01 8.496947288513183594e-01 -1.999670118093490601e-01
5.045713782310485840e-01 8.463117480278015137e-01 -1.707752197980880737e-01
5.196692347526550293e-01 8.426144123077392578e-01 -1.412261277437210083e-01
5.331789255142211914e-01 8.386014103889465332e-01 -1.116599068045616150e-01
5.451328754425048828e-01 8.342894911766052246e-01 -8.240854740142822266e-02
5.555964708328247070e-01 8.297106623649597168e-01 -5.378450825810432434e-02
5.646589994430541992e-01 8.249124884605407715e-01 -2.607044950127601624e-02
5.724304914474487305e-01 8.199531435966491699e-01 4.902931395918130875e-04
5.790321230888366699e-01 8.148995637893676758e-01 2.569982223212718964e-02
5.845909118652343750e-01 8.098224401473999023e-01 4.940691962838172913e-02
5.892328023910522461e-01 8.047925233840942383e-01 7.150959223508834839e-02
5.930779576301574707e-01 7.998774051666259766e-01 9.194915741682052612e-02
5.962338447570800781e-01 7.951410412788391113e-01 1.107066795229911804e-01
5.987938046455383301e-01 7.906415462493896484e-01 1.277963817119598389e-01
6.008347868919372559e-01 7.864316105842590332e-01 1.432578861713409424e-01
6.024171710014343262e-01 7.825588583946228027e-01 1.571473032236099243e-01
6.035830378532409668e-01 7.790676355361938477e-01 1.695317924022674561e-01
6.043576002120971680e-01 7.760013937950134277e-01 1.804817616939544678e-01
6.047507524490356445e-01 7.734031677246093750e-01 1.900632083415985107e-01
6.047584414482116699e-01 7.713175415992736816e-01 1.983340531587600708e-01
6.043646931648254395e-01 7.697920799255371094e-01 2.053377926349639893e-01
6.035407185554504395e-01 7.688791155815124512e-01 2.111006379127502441e-01
6.022503376007080078e-01 7.686347961425781250e-01 2.156269550323486328e-01
6.004484295845031738e-01 7.691195607185363770e-01 2.188990414142608643e-01
5.980837345123291016e-01 7.703964114189147949e-01 2.208738625049591064e-01
5.950989723205566406e-01 7.725292444229125977e-01 2.214852869510650635e-01
5.914325118064880371e-01 7.755802869796752930e-01 2.206420004367828369e-01
5.870196223258972168e-01 7.796037197113037109e-01 2.182339280843734741e-01
5.817921757698059082e-01 7.846429347991943359e-01 2.141337096691131592e-01
5.756792426109313965e-01 7.907240390777587891e-01 2.082040458917617798e-01
5.686084032058715820e-01 7.978487014770507812e-01 2.003047466278076172e-01
5.605069398880004883e-01 8.059877753257751465e-01 1.903041303157806396e-01
5.513032078742980957e-01 8.150760531425476074e-01 1.780892908573150635e-01
5.409291386604309082e-01 8.250076174736022949e-01 1.635791957378387451e-01
5.293256044387817383e-01 8.356328010559082031e-01 1.467384994029998779e-01
5.164447426795959473e-01 8.467620015144348145e-01 1.275889873504638672e-01
5.022575259208679199e-01 8.581691384315490723e-01 1.062215268611907959e-01
4.867609441280364990e-01 8.696023225784301758e-01 8.279909193515777588e-02
4.699812233448028564e-01 8.807975649833679199e-01 5.756068229675292969e-02
4.519806802272796631e-01 8.914954066276550293e-01 3.081086836755275726e-02
4.328579604625701904e-01 9.014574885368347168e-01 2.912914613261818886e-03
4.127472341060638428e-01 9.104819893836975098e-01 -2.573326416313648224e-02
3.918146491050720215e-01 9.184160828590393066e-01 -5.471050366759300232e-02
3.702515661716461182e-01 9.251615405082702637e-01 -8.360566943883895874e-02
3.482663631439208984e-01 9.306771159172058105e-01 -1.120296418666839600e-01
3.260771334171295166e-01 9.349740743637084961e-01 -1.396321654319763184e-01
3.039035499095916748e-01 9.381095170974731445e-01 -1.661117523908615112e-01
2.819621562957763672e-01 9.401770830154418945e-01 -1.912185996770858765e-01
2.604615688323974609e-01 9.412971735000610352e-01 -2.147541046142578125e-01
2.396029233932495117e-01 9.416089057922363281e-01 -2.365652620792388916e-01
2.195799350738525391e-01 9.412618875503540039e-01 -2.565360963344573975e-01
2.005809545516967773e-01 9.404116868972778320e-01 -2.745780646800994873e-01
1.827916502952575684e-01 9.392158389091491699e-01 -2.906213104724884033e-01
1.663976013660430908e-01 9.378312826156616211e-01 -3.046050667762756348e-01
1.515874266624450684e-01 9.364129304885864258e-01 -3.164680898189544678e-01
1.385545581579208374e-01 9.351115226745605469e-01 -3.261426687240600586e-01
1.274966746568679810e-01 9.340721368789672852e-01 -3.335473835468292236e-01
1.186157315969467163e-01 9.334293007850646973e-01 -3.385852575302124023e-01
1.121155545115470886e-01 9.333032965660095215e-01 -3.411377668380737305e-01
1.081927493214607239e-01 9.337919950485229492e-01 -3.410673439502716064e-01
1.070294678211212158e-01 9.349623322486877441e-01 -3.382163345813751221e-01
1.087790727615356445e-01 9.368382096290588379e-01 -3.324175179004669189e-01
1.135482266545295715e-01 9.393896460533142090e-01 -3.235026001930236816e-01
1.213800460100173950e-01 9.425215721130371094e-01 -3.113197982311248779e-01
1.322275400161743164e-01 9.460677504539489746e-01 -2.957561612129211426e-01
1.459390074014663696e-01 9.497920870780944824e-01 -2.767612636089324951e-01
1.622444093227386475e-01 9.533990621566772461e-01 -2.543756365776062012e-01
1.807532757520675659e-01 9.565575122833251953e-01 -2.287486940622329712e-01
2.009698897600173950e-01 9.589317440986633301e-01 -2.001522779464721680e-01
2.223234474658966064e-01 9.602186083793640137e-01 -1.689748018980026245e-01
2.442069798707962036e-01 9.601810574531555176e-01 -1.357027441263198853e-01
2.660240530967712402e-01 9.586724638938903809e-01 -1.008877605199813843e-01
2.872332632541656494e-01 9.556452631950378418e-01 -6.510960310697555542e-02
3.073740601539611816e-01 9.511488080024719238e-01 -2.893599122762680054e-02
3.260895013809204102e-01 9.453122019767761230e-01 7.104849908500909805e-03
3.431272208690643311e-01 9.383249878883361816e-01 4.254357889294624329e-02
3.583346009254455566e-01 9.304142594337463379e-01 7.697845250368118286e-02
3.716443181037902832e-01 9.218257069587707520e-01 1.100814938545227051e-01
3.830578327178955078e-01 9.128082990646362305e-01 1.415899395942687988e-01
3.926291465759277344e-01 9.036022424697875977e-01 1.713048666715621948e-01
4.004533588886260986e-01 8.944282531738281250e-01 1.990856677293777466e-01
4.066520631313323975e-01 8.854821324348449707e-01 2.248456627130508423e-01
4.113625288009643555e-01 8.769291639328002930e-01 2.485480010509490967e-01
4.147296845912933350e-01 8.689021468162536621e-01 2.702006697654724121e-01
4.169014394283294678e-01 8.614975810050964355e-01 2.898534834384918213e-01
4.180186390876770020e-01 8.547783493995666504e-01 3.075944185256958008e-01
4.182149171829223633e-01 8.487746715545654297e-01 3.235394656658172607e-01
4.176111817359924316e-01 8.434872031211853027e-01 3.378317058086395264e-01
4.163145422935485840e-01 8.388915061950683594e-01 3.506326973438262939e-01
4.144171476364135742e-01 8.349432349205017090e-01 3.621163666248321533e-01
4.119955301284790039e-01 8.315825462341308594e-01 3.724650442600250244e-01
4.091116786003112793e-01 8.287393450736999512e-01 3.818622231483459473e-01
4.058122932910919189e-01 8.263387084007263184e-01 3.904877603054046631e-01
4.021326899528503418e-01 8.243038654327392578e-01 3.985127806663513184e-01
3.980953991413116455e-01 8.225602507591247559e-01 4.060968458652496338e-01
3.937124311923980713e-01 8.210400938987731934e-01 4.133807122707366943e-01
3.889883458614349365e-01 8.196827769279479980e-01 4.204856157302856445e-01
3.839206695556640625e-01 8.184400796890258789e-01 4.275053739547729492e-01
3.785026371479034424e-01 8.172757625579833984e-01 4.345067441463470459e-01
3.727248311042785645e-01 8.161697387695312500e-01 4.415236115455627441e-01
3.665750324726104736e-01 8.151213526725769043e-01 4.485531747341156006e-01
3.600462377071380615e-01 8.141484856605529785e-01 4.555534124374389648e-01
3.531300127506256104e-01 8.132940530776977539e-01 4.624412357807159424e-01
3.458270132541656494e-01 8.126253485679626465e-01 4.690881967544555664e-01
3.381419777870178223e-01 8.122382760047912598e-01 4.753198027610778809e-01
3.300869166851043701e-01 8.122581839561462402e-01 4.809150397777557373e-01
3.216830790042877197e-01 8.128376603126525879e-01 4.856078624725341797e-01
3.129577636718750000e-01 8.141567707061767578e-01 4.890870749950408936e-01
3.039429485797882080e-01 8.164167404174804688e-01 4.910014271736145020e-01
2.946747839450836182e-01 8.198291063308715820e-01 4.909653961658477783e-01
2.851874530315399170e-01 8.246017694473266602e-01 4.885693788528442383e-01
2.755087912082672119e-01 8.309206366539001465e-01 4.833899736404418945e-01
2.656580209732055664e-01 8.389237523078918457e-01 4.750081300735473633e-01
2.556405961513519287e-01 8.486741185188293457e-01 4.630334675312042236e-01
2.454446852207183838e-01 8.601326942443847656e-01 4.471337795257568359e-01
2.350465059280395508e-01 8.731323480606079102e-01 4.270749390125274658e-01
2.244070172309875488e-01 8.873690962791442871e-01 4.027623534202575684e-01
2.134854495525360107e-01 9.024047851562500000e-01 3.742853105068206787e-01
2.022478133440017700e-01 9.176955819129943848e-01 3.419512212276458740e-01
1.906738579273223877e-01 9.326424002647399902e-01 3.063031435012817383e-01
1.787677109241485596e-01 9.466598629951477051e-01 2.680990993976593018e-01
1.665597558021545410e-01 9.592448472976684570e-01 2.282698005437850952e-01
1.541037857532501221e-01 9.700353741645812988e-01 1.878387928009033203e-01
1.414648294448852539e-01 9.788423180580139160e-01 1.478359699249267578e-01
1.287088990211486816e-01 9.856501817703247070e-01 1.092147305607795715e-01
1.158868819475173950e-01 9.905917048454284668e-01 7.278960198163986206e-02
1.030248627066612244e-01 9.939058423042297363e-01 3.920527920126914978e-02
9.011615067720413208e-02 9.958912134170532227e-01 8.936148136854171753e-03
7.711464166641235352e-02 9.968652129173278809e-01 -1.769358292222023010e-02
6.393290311098098755e-02 9.971331954002380371e-01 -4.047266766428947449e-02
5.044121667742729187e-02 9.969670772552490234e-01 -5.926469713449478149e-02
3.646201640367507935e-02 9.965939521789550781e-01 -7.396622747182846069e-02
2.176927402615547180e-02 9.961881041526794434e-01 -8.447118103504180908e-02
6.080329883843660355e-03 9.958652257919311523e-01 -9.063886851072311401e-02
-1.095079258084297180e-02 9.956741333007812500e-01 -9.226632863283157349e-02
-2.974244207143783569e-02 9.955815672874450684e-01 -8.906527608633041382e-02
-5.079363659024238586e-02 9.954482316970825195e-01 -8.063930273056030273e-02
-7.468880712985992432e-02 9.949889779090881348e-01 -6.647205352783203125e-02
-1.020923554897308350e-01 9.937145709991455078e-01 -4.591768980026245117e-02
-1.337240934371948242e-01 9.908510446548461914e-01 -1.822250522673130035e-02
-1.702927649021148682e-01 9.852394461631774902e-01 1.742399111390113831e-02
-2.123693823814392090e-01 9.752363562583923340e-01 6.175225228071212769e-02
-2.601725757122039795e-01 9.586673974990844727e-01 1.151825115084648132e-01
-3.132646977901458740e-01 9.329388737678527832e-01 1.774545907974243164e-01
-3.702338039875030518e-01 8.954454064369201660e-01 2.471934556961059570e-01
-4.285240173339843750e-01 8.443615436553955078e-01 3.215909302234649658e-01
-4.846914708614349365e-01 7.796422839164733887e-01 3.965250253677368164e-01
-5.351718664169311523e-01 7.036902904510498047e-01 4.673447608947753906e-01
-5.772824883460998535e-01 6.210964918136596680e-01 5.300793051719665527e-01
-6.098871231079101562e-01 5.374103188514709473e-01 5.824328064918518066e-01
-6.333733201026916504e-01 4.576382935047149658e-01 6.240235567092895508e-01
-6.491025090217590332e-01 3.852774202823638916e-01 6.559170484542846680e-01
-6.587666869163513184e-01 3.221319317817687988e-01 6.798951029777526855e-01
-6.639386415481567383e-01 2.686431705951690674e-01 6.978655457496643066e-01
-6.658706665039062500e-01 2.243794053792953491e-01 7.115265727043151855e-01
-6.654663681983947754e-01 1.884527951478958130e-01 7.222465276718139648e-01
-6.633322834968566895e-01 1.598023921251296997e-01 7.310631871223449707e-01
-6.598510742187500000e-01 1.373528540134429932e-01 7.387358546257019043e-01
-6.552497148513793945e-01 1.200995817780494690e-01 7.458041906356811523e-01
-6.496549248695373535e-01 1.071362793445587158e-01 7.526422739028930664e-01
-6.431306600570678711e-01 9.766635298728942871e-02 7.595025897026062012e-01
-6.357065439224243164e-01 9.099558740854263306e-02 7.665488123893737793e-01
-6.273971796035766602e-01 8.652541041374206543e-02 7.738773226737976074e-01
-6.182117462158203125e-01 8.374565094709396362e-02 7.815375328063964844e-01
-6.081638336181640625e-01 8.222226798534393311e-02 7.895418405532836914e-01
-5.972734689712524414e-01 8.159583061933517456e-02 7.978762984275817871e-01
-5.855685472488403320e-01 8.157587796449661255e-02 8.065078258514404297e-01
-5.730855464935302734e-01 8.193539828062057495e-02 8.153891563415527344e-01
-5.598654747009277344e-01 8.250582963228225708e-02 8.244655132293701172e-01
-5.459534525871276855e-01 8.317694813013076782e-02 8.336765170097351074e-01
-5.313940644264221191e-01 8.388677239418029785e-02 8.429610133171081543e-01
-5.162296891212463379e-01 8.461953699588775635e-02 8.522596955299377441e-01
-5.004953145980834961e-01 8.539690077304840088e-02 8.615171909332275391e-01
-4.842179715633392334e-01 8.627188205718994141e-02 8.706837296485900879e-01
-4.674137234687805176e-01 8.732000738382339478e-02 8.797156810760498047e-01
-4.500856697559356689e-01 8.863208442926406860e-02 8.885760307312011719e-01
-4.322243928909301758e-01 9.030424058437347412e-02 8.972330689430236816e-01
-4.138089418411254883e-01 9.243337064981460571e-02 9.056590199470520020e-01
-3.948072493076324463e-01 9.510766714811325073e-02 9.138280749320983887e-01
-3.751790821552276611e-01 9.840211272239685059e-02 9.217144846916198730e-01
-3.548806905746459961e-01 1.023745685815811157e-01 9.292895793914794922e-01
-3.338668346405029297e-01 1.070617586374282837e-01 9.365205168724060059e-01
-3.120965361595153809e-01 1.124765649437904358e-01 9.433688521385192871e-01
-2.895382046699523926e-01 1.186080798506736755e-01 9.497893452644348145e-01
-2.661732435226440430e-01 1.254211962223052979e-01 9.557307958602905273e-01
-2.420001775026321411e-01 1.328588277101516724e-01 9.611370563507080078e-01
-2.170394659042358398e-01 1.408430933952331543e-01 9.659488201141357422e-01
-1.913361251354217529e-01 1.492783576250076294e-01 9.701064229011535645e-01
-1.649593710899353027e-01 1.580557674169540405e-01 9.735536575317382812e-01
-1.380045711994171143e-01 1.670574545860290527e-01 9.762410521507263184e-01
-1.105904355645179749e-01 1.761596202850341797e-01 9.781295657157897949e-01
-8.285710215568542480e-02 1.852402240037918091e-01 9.791939854621887207e-01
-5.496072024106979370e-02 1.941810250282287598e-01 9.794248342514038086e-01
-2.706831693649291992e-02 2.028723806142807007e-01 9.788309931755065918e-01
6.472964887507259846e-04 2.112175673246383667e-01 9.774388670921325684e-01
2.801418863236904144e-02 2.191358059644699097e-01 9.752920866012573242e-01
5.486845225095748901e-02 2.265617102384567261e-01 9.724501371383666992e-01
8.105588704347610474e-02 2.334486991167068481e-01 9.689849019050598145e-01
1.064389646053314209e-01 2.397679686546325684e-01 9.649777412414550781e-01
1.308977007865905762e-01 2.455051541328430176e-01 9.605169892311096191e-01
1.543310284614562988e-01 2.506623864173889160e-01 9.556936025619506836e-01
1.766577512025833130e-01 2.552534043788909912e-01 9.505985975265502930e-01
1.978152096271514893e-01 2.593030631542205811e-01 9.453206658363342285e-01
2.177592515945434570e-01 2.628434598445892334e-01 9.399437308311462402e-01
2.364602833986282349e-01 2.659130394458770752e-01 9.345462918281555176e-01
2.539024651050567627e-01 2.685540914535522461e-01 9.291997551918029785e-01
2.700831592082977295e-01 2.708108723163604736e-01 9.239678382873535156e-01
2.850084602832794189e-01 2.727282941341400146e-01 9.189066886901855469e-01
2.986925244331359863e-01 2.743516564369201660e-01 9.140645265579223633e-01
3.111569881439208984e-01 2.757250368595123291e-01 9.094817638397216797e-01
3.224281370639801025e-01 2.768897414207458496e-01 9.051918387413024902e-01
3.325376808643341064e-01 2.778872847557067871e-01 9.012199640274047852e-01
3.415206074714660645e-01 2.787558138370513916e-01 8.975849747657775879e-01
3.494164645671844482e-01 2.795309722423553467e-01 8.942989706993103027e-01
3.562683761119842529e-01 2.802467048168182373e-01 8.913667798042297363e-01
3.621230721473693848e-01 2.809358835220336914e-01 8.887867927551269531e-01
3.670318126678466797e-01 2.816282212734222412e-01 8.865512609481811523e-01
3.710506856441497803e-01 2.823529243469238281e-01 8.846457600593566895e-01
3.742403388023376465e-01 2.831362187862396240e-01 8.830504417419433594e-01
3.766661286354064941e-01 2.840035259723663330e-01 8.817394971847534180e-01
3.783992528915405273e-01 2.849782109260559082e-01 8.806824088096618652e-01
3.795148134231567383e-01 2.860814332962036133e-01 8.798441886901855469e-01
3.800933361053466797e-01 2.873316705226898193e-01 8.791868686676025391e-01
3.802179098129272461e-01 2.887434065341949463e-01 8.786703944206237793e-01
3.799737095832824707e-01 2.903285622596740723e-01 8.782535791397094727e-01
3.794481456279754639e-01 2.920943200588226318e-01 8.778951764106750488e-01
3.787259459495544434e-01 2.940425872802734375e-01 8.775565624237060547e-01
3.778904974460601807e-01 2.961709797382354736e-01 8.772009611129760742e-01
3.770197629928588867e-01 2.984706759452819824e-01 8.767960667610168457e-01
3.761858940124511719e-01 3.009280264377593994e-01 8.763141632080078125e-01
3.754519224166870117e-01 3.035242855548858643e-01 8.757332563400268555e-01
3.748728930950164795e-01 3.062361776828765869e-01 8.750370740890502930e-01
3.744931221008300781e-01 3.090360462665557861e-01 8.742148280143737793e-01
3.743468225002288818e-01 3.118935525417327881e-01 8.732621669769287109e-01
3.744573891162872314e-01 3.147763311862945557e-01 8.721797466278076172e-01
3.748393654823303223e-01 3.176497220993041992e-01 8.709730505943298340e-01
3.754970431327819824e-01 3.204799294471740723e-01 8.696520328521728516e-01
3.764271438121795654e-01 3.232329189777374268e-01 8.682298660278320312e-01
3.776192367076873779e-01 3.258755505084991455e-01 8.667230010032653809e-01
3.790571689605712891e-01 3.283776342868804932e-01 8.651495575904846191e-01
3.807194232940673828e-01 3.307091593742370605e-01 8.635299801826477051e-01
3.825812339782714844e-01 3.328443169593811035e-01 8.618853092193603516e-01
3.846145868301391602e-01 3.347589075565338135e-01 8.602371811866760254e-01
3.867900371551513672e-01 3.364317417144775391e-01 8.586076498031616211e-01
3.890757858753204346e-01 3.378440141677856445e-01 8.570190072059631348e-01
3.914398550987243652e-01 3.389800190925598145e-01 8.554925322532653809e-01
3.938506841659545898e-01 3.398263752460479736e-01 8.540490269660949707e-01
3.962758481502532959e-01 3.403724730014801025e-01 8.527086377143859863e-01
3.986860513687133789e-01 3.406090736389160156e-01 8.514898419380187988e-01
4.010511636734008789e-01 3.405303061008453369e-01 8.504099249839782715e-01
4.033454656600952148e-01 3.401310145854949951e-01 8.494841456413269043e-01
4.055443108081817627e-01 3.394088149070739746e-01 8.487258553504943848e-01
4.076273441314697266e-01 3.383615911006927490e-01 8.481459021568298340e-01
4.095780551433563232e-01 3.369886875152587891e-01 8.477526307106018066e-01
4.113830327987670898e-01 3.352903127670288086e-01 8.475519418716430664e-01
4.130346477031707764e-01 3.332678377628326416e-01 8.475463390350341797e-01
4.145288169384002686e-01 3.309231400489807129e-01 8.477356433868408203e-01
4.158674478530883789e-01 3.282586932182312012e-01 8.481158018112182617e-01
4.170558154582977295e-01 3.252784609794616699e-01 8.486803174018859863e-01
4.181049764156341553e-01 3.219868540763854980e-01 8.494189381599426270e-01
4.190303087234497070e-01 3.183901906013488770e-01 8.503183126449584961e-01
4.198513925075531006e-01 3.144961595535278320e-01 8.513618111610412598e-01
4.205904304981231689e-01 3.103142678737640381e-01 8.525308370590209961e-01
4.212741851806640625e-01 3.058563172817230225e-01 8.538032174110412598e-01
4.219310879707336426e-01 3.011364340782165527e-01 8.551555275917053223e-01
4.225923717021942139e-01 2.961723804473876953e-01 8.565615415573120117e-01
4.232901334762573242e-01 2.909832000732421875e-01 8.579941987991333008e-01
4.240570664405822754e-01 2.855921387672424316e-01 8.594258427619934082e-01
4.249264001846313477e-01 2.800243794918060303e-01 8.608275055885314941e-01
4.259292781352996826e-01 2.743081450462341309e-01 8.621712923049926758e-01
4.270966053009033203e-01 2.684740722179412842e-01 8.634292483329772949e-01
4.284572005271911621e-01 2.625545561313629150e-01 8.645747900009155273e-01
4.300360977649688721e-01 2.565828561782836914e-01 8.655831813812255859e-01
4.318561851978302002e-01 2.505944073200225830e-01 8.664309978485107422e-01
4.339365661144256592e-01 2.446238249540328979e-01 8.670976161956787109e-01
4.362930059432983398e-01 2.387071847915649414e-01 8.675639629364013672e-01
4.389382898807525635e-01 2.328786253929138184e-01 8.678137660026550293e-01
4.418806135654449463e-01 2.271718382835388184e-01 8.678332567214965820e-01
4.451268613338470459e-01 2.216186821460723877e-01 8.676100969314575195e-01
4.486792683601379395e-01 2.162479311227798462e-01 8.671353459358215332e-01
4.525398612022399902e-01 2.110864222049713135e-01 8.664006590843200684e-01
4.567071497440338135e-01 2.061562240123748779e-01 8.654006123542785645e-01
4.611789882183074951e-01 2.014749646186828613e-01 8.641306757926940918e-01
4.659517109394073486e-01 1.970561295747756958e-01 8.625878691673278809e-01
4.710206091403961182e-01 1.929056793451309204e-01 8.607711791992187500e-01
4.763808846473693848e-01 1.890257000923156738e-01 8.586795330047607422e-01
4.820267558097839355e-01 1.854104995727539062e-01 8.563136458396911621e-01
4.879523217678070068e-01 1.820487380027770996e-01 8.536748886108398438e-01
4.941505193710327148e-01 1.789235174655914307e-01 8.507653474807739258e-01
5.006143450736999512e-01 1.760115921497344971e-01 8.475878834724426270e-01
5.073361992835998535e-01 1.732845157384872437e-01 8.441459536552429199e-01
5.143083333969116211e-01 1.707103550434112549e-01 8.404432535171508789e-01
5.215221643447875977e-01 1.682520955801010132e-01 8.364842534065246582e-01
5.289683938026428223e-01 1.658708006143569946e-01 8.322736024856567383e-01
5.366374850273132324e-01 1.635244935750961304e-01 8.278163671493530273e-01
5.445197820663452148e-01 1.611711680889129639e-01 8.231172561645507812e-01
5.526052117347717285e-01 1.587675213813781738e-01 8.181811571121215820e-01
5.608832836151123047e-01 1.562712192535400391e-01 8.130124807357788086e-01
5.693429708480834961e-01 1.536409556865692139e-01 8.076156973838806152e-01
5.779739022254943848e-01 1.508388072252273560e-01 8.019936680793762207e-01
5.867637991905212402e-01 1.478289514780044556e-01 7.961500287055969238e-01
5.957005023956298828e-01 1.445796936750411987e-01 7.900870442390441895e-01
6.047710776329040527e-01 1.410645842552185059e-01 7.838066220283508301e-01
6.139600872993469238e-01 1.372611969709396362e-01 7.773110270500183105e-01
6.232513189315795898e-01 1.331540048122406006e-01 7.706021666526794434e-01
6.326253414154052734e-01 1.287329792976379395e-01 7.636837959289550781e-01
6.420612931251525879e-01 1.239944770932197571e-01 7.565598487854003906e-01
6.515331268310546875e-01 1.189419254660606384e-01 7.492378354072570801e-01
6.610122919082641602e-01 1.135855615139007568e-01 7.417283654212951660e-01
6.704661250114440918e-01 1.079425364732742310e-01 7.340461015701293945e-01
6.798580288887023926e-01 1.020371168851852417e-01 7.262103557586669922e-01
6.891473531723022461e-01 9.589849412441253662e-02 7.182474732398986816e-01
6.982897520065307617e-01 8.956397324800491333e-02 7.101899981498718262e-01
7.072386145591735840e-01 8.307477086782455444e-02 7.020769715309143066e-01
7.159468531608581543e-01 7.647724449634552002e-02 6.939533352851867676e-01
7.243651747703552246e-01 6.982026994228363037e-02 6.858718395233154297e-01
7.324467301368713379e-01 6.315585970878601074e-02 6.778888106346130371e-01
7.401463985443115234e-01 5.653660744428634644e-02 6.700648665428161621e-01
7.474229931831359863e-01 5.001467093825340271e-02 6.624631881713867188e-01
7.542405724525451660e-01 4.364143311977386475e-02 6.551461815834045410e-01
7.605684995651245117e-01 3.746555000543594360e-02 6.481757164001464844e-01
7.663831114768981934e-01 3.153176233172416687e-02 6.416093707084655762e-01
7.716666460037231445e-01 2.588124945759773254e-02 6.355003714561462402e-01
7.764086127281188965e-01 2.055041491985321045e-02 6.298947334289550781e-01
7.806050777435302734e-01 1.557087525725364685e-02 6.248306035995483398e-01
7.842574715614318848e-01 1.096963323652744293e-02 6.203385591506958008e-01
7.873730659484863281e-01 6.768172141164541245e-03 6.164397597312927246e-01
7.899632453918457031e-01 2.984688384458422661e-03 6.131470203399658203e-01
7.920433282852172852e-01 -3.680268710013478994e-04 6.104646921157836914e-01
7.936312556266784668e-01 -3.280272707343101501e-03 6.083901524543762207e-01
7.947479486465454102e-01 -5.746325477957725525e-03 6.069124341011047363e-01
7.954151630401611328e-01 -7.763503585010766983e-03 6.060152053833007812e-01
7.956559658050537109e-01 -9.332111105322837830e-03 6.056768298149108887e-01
7.954944968223571777e-01 -1.045575831085443497e-02 6.058706045150756836e-01
7.949546575546264648e-01 -1.114039961248636246e-02 6.065665483474731445e-01
7.940608859062194824e-01 -1.139556895941495895e-02 6.077314019203186035e-01
7.928371429443359375e-01 -1.123268622905015945e-02 6.093299984931945801e-01
7.913080453872680664e-01 -1.066615525633096695e-02 6.113245487213134766e-01
7.894980311393737793e-01 -9.713247418403625488e-03 6.136762499809265137e-01
7.874314188957214355e-01 -8.392885327339172363e-03 6.163450479507446289e-01
7.851322889328002930e-01 -6.726607214659452438e-03 6.192914247512817383e-01
7.826269268989562988e-01 -4.737691953778266907e-03 6.224730610847473145e-01
7.799396514892578125e-01 -2.450233092531561852e-03 6.258499622344970703e-01
7.770965695381164551e-01 1.092575184884481132e-04 6.293813586235046387e-01
7.741242051124572754e-01 2.915551420301198959e-03 6.330270171165466309e-01
7.710484266281127930e-01 5.942787975072860718e-03 6.367488503456115723e-01
7.678962349891662598e-01 9.166085161268711090e-03 6.405086517333984375e-01
7.646943330764770508e-01 1.256080158054828644e-02 6.442707180976867676e-01
7.614691853523254395e-01 1.610537618398666382e-02 6.480010747909545898e-01
7.582466006278991699e-01 1.977898739278316498e-02 6.516678333282470703e-01
7.550525665283203125e-01 2.356362715363502502e-02 6.552406549453735352e-01
7.519118785858154297e-01 2.744327299296855927e-02 6.586921215057373047e-01
7.488480806350708008e-01 3.140469640493392944e-02 6.619971394538879395e-01
7.458837032318115234e-01 3.543660417199134827e-02 6.651328206062316895e-01
7.430397272109985352e-01 3.952960669994354248e-02 6.680787801742553711e-01
7.403352856636047363e-01 4.367620125412940979e-02 6.708174347877502441e-01
7.377876043319702148e-01 4.786928743124008179e-02 6.733335256576538086e-01
7.354112267494201660e-01 5.210527777671813965e-02 6.756148338317871094e-01
7.332189083099365234e-01 5.638020858168601990e-02 6.776514053344726562e-01
7.312204241752624512e-01 6.069073453545570374e-02 6.794359683990478516e-01
7.294223904609680176e-01 6.503468751907348633e-02 6.809650659561157227e-01
7.278285622596740723e-01 6.941100209951400757e-02 6.822372674942016602e-01
7.264394164085388184e-01 7.381869852542877197e-02 6.832543015480041504e-01
7.252518534660339355e-01 7.825778424739837646e-02 6.840214729309082031e-01
7.242597937583923340e-01 8.272905647754669189e-02 6.845462918281555176e-01
7.234547138214111328e-01 8.723326027393341064e-02 6.848384141921997070e-01
7.228242158889770508e-01 9.177220612764358521e-02 6.849110126495361328e-01
7.223549485206604004e-01 9.634676575660705566e-02 6.847777366638183594e-01
7.220312356948852539e-01 1.009577363729476929e-01 6.844547986984252930e-01
7.218365073204040527e-01 1.056044399738311768e-01 6.839588284492492676e-01
7.217543125152587891e-01 1.102844402194023132e-01 6.833067536354064941e-01
7.217689156532287598e-01 1.149929314851760864e-01 6.825146675109863281e-01
7.218655347824096680e-01 1.197221428155899048e-01 6.815987229347229004e-01
7.220315337181091309e-01 1.244596391916275024e-01 6.805735230445861816e-01
7.222573161125183105e-01 1.291891932487487793e-01 6.794516444206237793e-01
7.225369215011596680e-01 1.338890492916107178e-01 6.782434582710266113e-01
7.228673100471496582e-01 1.385320276021957397e-01 6.769577860832214355e-01
7.232495546340942383e-01 1.430866122245788574e-01 6.756006479263305664e-01
7.236890196800231934e-01 1.475147902965545654e-01 6.741762161254882812e-01
7.241939306259155273e-01 1.517746746540069580e-01 6.726867556571960449e-01
7.247772812843322754e-01 1.558202654123306274e-01 6.711318492889404297e-01
7.254531979560852051e-01 1.596025973558425903e-01 6.695107817649841309e-01
7.262390255928039551e-01 1.630704253911972046e-01 6.678209900856018066e-01
7.271522283554077148e-01 1.661719828844070435e-01 6.660604476928710938e-01
7.282111644744873047e-01 1.688564419746398926e-01 6.642258167266845703e-01
7.294335365295410156e-01 1.710744500160217285e-01 6.623143553733825684e-01
7.308342456817626953e-01 1.727806776762008667e-01 6.603242754936218262e-01
7.324265837669372559e-01 1.739328205585479736e-01 6.582542657852172852e-01
7.342193126678466797e-01 1.744962483644485474e-01 6.561044454574584961e-01
7.362174391746520996e-01 1.744416952133178711e-01 6.538761258125305176e-01
7.384208440780639648e-01 1.737470328807830811e-01 6.515724062919616699e-01
7.408238053321838379e-01 1.723990440368652344e-01 6.491984724998474121e-01
7.434157133102416992e-01 1.703929305076599121e-01 6.467607021331787109e-01
7.461801171302795410e-01 1.677323281764984131e-01 6.442678570747375488e-01
7.490959763526916504e-01 1.644303500652313232e-01 6.417303085327148438e-01
7.521367073059082031e-01 1.605090945959091187e-01 6.391613483428955078e-01
7.552719116210937500e-01 1.559989601373672485e-01 6.365756988525390625e-01
7.584684491157531738e-01 1.509391665458679199e-01 6.339898109436035156e-01
7.616900205612182617e-01 1.453763395547866821e-01 6.314221620559692383e-01
7.648997306823730469e-01 1.393647193908691406e-01 6.288925409317016602e-01
7.680602669715881348e-01 1.329635828733444214e-01 6.264216899871826172e-01
7.711347341537475586e-01 1.262375116348266602e-01 6.240315437316894531e-01
7.740885019302368164e-01 1.192548573017120361e-01 6.217436790466308594e-01
7.768903970718383789e-01 1.120856180787086487e-01 6.195789575576782227e-01
7.795123457908630371e-01 1.048013567924499512e-01 6.175574660301208496e-01
7.819315791130065918e-01 9.747149795293807983e-02 6.156966090202331543e-01
7.841297388076782227e-01 9.016467630863189697e-02 6.140121817588806152e-01
7.860940694808959961e-01 8.294510841369628906e-02 6.125162839889526367e-01
7.878184318542480469e-01 7.587303221225738525e-02 6.112163662910461426e-01
7.893015742301940918e-01 6.900305300951004028e-02 6.101160645484924316e-01
7.905489206314086914e-01 6.238383054733276367e-02 6.092131137847900391e-01
7.915714383125305176e-01 5.605773255228996277e-02 6.084999442100524902e-01
7.923848032951354980e-01 5.006084963679313660e-02 6.079639792442321777e-01
7.930114865303039551e-01 4.442361742258071899e-02 6.075848340988159180e-01
7.934777140617370605e-01 3.917048126459121704e-02 6.073374748229980469e-01
7.938143610954284668e-01 3.432133048772811890e-02 6.071909070014953613e-01
7.940568327903747559e-01 2.989117428660392761e-02 6.071081757545471191e-01
7.942435145378112793e-01 2.589084766805171967e-02 6.070476770401000977e-01
7.944155931472778320e-01 2.232681959867477417e-02 6.069639921188354492e-01
7.946161031723022461e-01 1.920149661600589752e-02 6.068085432052612305e-01
7.948891520500183105e-01 1.651229336857795715e-02 6.065300107002258301e-01
7.952780127525329590e-01 1.424979511648416519e-02 6.060773730278015137e-01
7.958241105079650879e-01 1.239934097975492477e-02 6.054009199142456055e-01
7.965661883354187012e-01 1.093619689345359802e-02 6.044524312019348145e-01
7.975378036499023438e-01 9.828171692788600922e-03 6.031888723373413086e-01
7.987671494483947754e-01 9.029812179505825043e-03 6.015725135803222656e-01
8.002731800079345703e-01 8.486550301313400269e-03 5.995755195617675781e-01
8.020689487457275391e-01 8.130597881972789764e-03 5.971761345863342285e-01
8.041568994522094727e-01 7.882999256253242493e-03 5.943648219108581543e-01
8.065310120582580566e-01 7.654569111764431000e-03 5.911421775817871094e-01
8.091760873794555664e-01 7.346713449805974960e-03 5.875203013420104980e-01
8.120694756507873535e-01 6.853818427771329880e-03 5.835205316543579102e-01
8.151795864105224609e-01 6.067061331123113632e-03 5.791766047477722168e-01
8.184699416160583496e-01 4.875101614743471146e-03 5.745286941528320312e-01
8.218981027603149414e-01 3.170479787513613701e-03 5.696256160736083984e-01
8.254184126853942871e-01 8.509322069585323334e-04 5.645207166671752930e-01
8.289818167686462402e-01 -2.176091307774186134e-03 5.592712759971618652e-01
8.325372338294982910e-01 -5.990809760987758636e-03 5.539367198944091797e-01
8.360338211059570312e-01 -1.065723132342100143e-02 5.485744476318359375e-01
8.394197821617126465e-01 -1.622184365987777710e-02 5.432414412498474121e-01
8.426453471183776855e-01 -2.271091751754283905e-02 5.379897952079772949e-01
8.456613421440124512e-01 -3.013033606112003326e-02 5.328687429428100586e-01
8.484221696853637695e-01 -3.846371173858642578e-02 5.279209017753601074e-01
8.508846163749694824e-01 -4.767372086644172668e-02 5.231850147247314453e-01
8.530113101005554199e-01 -5.770230665802955627e-02 5.186927914619445801e-01
8.547695279121398926e-01 -6.847260147333145142e-02 5.144710540771484375e-01
8.561341166496276855e-01 -7.989143580198287964e-02 5.105406045913696289e-01
8.570874929428100586e-01 -9.185117483139038086e-02 5.069165825843811035e-01
8.576208949089050293e-01 -1.042340770363807678e-01 5.036087036132812500e-01
8.577350378036499023e-01 -1.169154644012451172e-01 5.006210207939147949e-01
8.574409484863281250e-01 -1.297665238380432129e-01 4.979514777660369873e-01
8.567588925361633301e-01 -1.426602005958557129e-01 4.955929219722747803e-01
8.557183146476745605e-01 -1.554728448390960693e-01 4.935325682163238525e-01
8.543573021888732910e-01 -1.680887043476104736e-01 4.917518198490142822e-01
8.527212142944335938e-01 -1.804000884294509888e-01 4.902268648147583008e-01
8.508610725402832031e-01 -1.923116594552993774e-01 4.889290332794189453e-01
8.488330841064453125e-01 -2.037394493818283081e-01 4.878243803977966309e-01
8.466961383819580078e-01 -2.146125137805938721e-01 4.868748188018798828e-01
8.445113897323608398e-01 -2.248703837394714355e-01 4.860388338565826416e-01
8.423407077789306641e-01 -2.344641089439392090e-01 4.852716922760009766e-01
8.402468562126159668e-01 -2.433528006076812744e-01 4.845252633094787598e-01
8.382897973060607910e-01 -2.515046298503875732e-01 4.837517142295837402e-01
8.365295529365539551e-01 -2.588922977447509766e-01 4.829007685184478760e-01
8.350229263305664062e-01 -2.654934823513031006e-01 4.819231629371643066e-01
8.338229656219482422e-01 -2.712897360324859619e-01 4.807713627815246582e-01
8.329793810844421387e-01 -2.762650251388549805e-01 4.793985188007354736e-01
8.325359821319580078e-01 -2.804053127765655518e-01 4.777622222900390625e-01
8.325299620628356934e-01 -2.837003469467163086e-01 4.758232831954956055e-01
8.329913020133972168e-01 -2.861442267894744873e-01 4.735472202301025391e-01
8.339393734931945801e-01 -2.877357900142669678e-01 4.709067940711975098e-01
8.353847265243530273e-01 -2.884811758995056152e-01 4.678792357444763184e-01
8.373246192932128906e-01 -2.883966565132141113e-01 4.644510746002197266e-01
8.397455811500549316e-01 -2.875077128410339355e-01 4.606155157089233398e-01
8.426206707954406738e-01 -2.858532071113586426e-01 4.563752114772796631e-01
8.459113240242004395e-01 -2.834856212139129639e-01 4.517410695552825928e-01
8.495673537254333496e-01 -2.804719805717468262e-01 4.467335343360900879e-01
8.535290956497192383e-01 -2.768940329551696777e-01 4.413815438747406006e-01
8.577295541763305664e-01 -2.728470861911773682e-01 4.357229769229888916e-01
8.620963692665100098e-01 -2.684388160705566406e-01 4.298027753829956055e-01
8.665549755096435547e-01 -2.637882828712463379e-01 4.236723482608795166e-01
8.710299730300903320e-01 -2.590228319168090820e-01 4.173893630504608154e-01
8.754491209983825684e-01 -2.542750537395477295e-01 4.110147058963775635e-01
8.797445893287658691e-01 -2.496802508831024170e-01 4.046099483966827393e-01
8.838534355163574219e-01 -2.453739643096923828e-01 3.982394933700561523e-01
8.877196311950683594e-01 -2.414884418249130249e-01 3.919656872749328613e-01
8.912939429283142090e-01 -2.381513416767120361e-01 3.858485221862792969e-01
8.945329189300537109e-01 -2.354821562767028809e-01 3.799459636211395264e-01
8.973992466926574707e-01 -2.335923910140991211e-01 3.743115961551666260e-01
8.998597860336303711e-01 -2.325837612152099609e-01 3.689948618412017822e-01
9.018841981887817383e-01 -2.325464487075805664e-01 3.640424609184265137e-01
9.034448862075805664e-01 -2.335601598024368286e-01 3.594954609870910645e-01
9.045140147209167480e-01 -2.356930971145629883e-01 3.553916513919830322e-01
9.050636291503906250e-01 -2.389999926090240479e-01 3.517653346061706543e-01
9.050647020339965820e-01 -2.435241043567657471e-01 3.486457467079162598e-01
9.044862389564514160e-01 -2.492955774068832397e-01 3.460583686828613281e-01
9.032945632934570312e-01 -2.563306987285614014e-01 3.440252542495727539e-01
9.014542698860168457e-01 -2.646320760250091553e-01 3.425638973712921143e-01
8.989280462265014648e-01 -2.741866111755371094e-01 3.416871428489685059e-01
8.956778049468994141e-01 -2.849656641483306885e-01 3.414027094841003418e-01
8.916664719581604004e-01 -2.969230413436889648e-01 3.417130112648010254e-01
8.868584036827087402e-01 -3.099961876869201660e-01 3.426141738891601562e-01
8.812228441238403320e-01 -3.241036534309387207e-01 3.440977036952972412e-01
8.747357130050659180e-01 -3.391453623771667480e-01 3.461472392082214355e-01
8.673824667930603027e-01 -3.550039827823638916e-01 3.487402200698852539e-01
8.591604232788085938e-01 -3.715455532073974609e-01 3.518484830856323242e-01
8.500823974609375000e-01 -3.886199891567230225e-01 3.554356396198272705e-01
8.401769399642944336e-01 -4.060665667057037354e-01 3.594618439674377441e-01
8.294920325279235840e-01 -4.237142503261566162e-01 3.638805747032165527e-01
8.180950284004211426e-01 -4.413876533508300781e-01 3.686426877975463867e-01
8.060725331306457520e-01 -4.589100480079650879e-01 3.736958503723144531e-01
7.935296297073364258e-01 -4.761103987693786621e-01 3.789849579334259033e-01
7.805855274200439453e-01 -4.928274154663085938e-01 3.844573199748992920e-01
7.673730850219726562e-01 -5.089136362075805664e-01 3.900583684444427490e-01
7.540313601493835449e-01 -5.242407917976379395e-01 3.957376778125762939e-01
7.407020330429077148e-01 -5.387028455734252930e-01 4.014471471309661865e-01
7.275230884552001953e-01 -5.522181391716003418e-01 4.071426093578338623e-01
7.146244645118713379e-01 -5.647301077842712402e-01 4.127852320671081543e-01
7.021216154098510742e-01 -5.762091875076293945e-01 4.183398783206939697e-01
6.901121735572814941e-01 -5.866494178771972656e-01 4.237778186798095703e-01
6.786721944808959961e-01 -5.960687398910522461e-01 4.290758967399597168e-01
6.678528785705566406e-01 -6.045063138008117676e-01 4.342173337936401367e-01
6.576776504516601562e-01 -6.120220422744750977e-01 4.391914904117584229e-01
6.481423974037170410e-01 -6.186919808387756348e-01 4.439951777458190918e-01
6.392147541046142578e-01 -6.246065497398376465e-01 4.486325681209564209e-01
6.308320760726928711e-01 -6.298720240592956543e-01 4.531137943267822266e-01
6.229043006896972656e-01 -6.346041560173034668e-01 4.574578702449798584e-01
6.153146028518676758e-01 -6.389304995536804199e-01 4.616879224777221680e-01
6.079198122024536133e-01 -6.429862380027770996e-01 4.658349752426147461e-01
6.005536913871765137e-01 -6.469145417213439941e-01 4.699328541755676270e-01
5.930287837982177734e-01 -6.508649587631225586e-01 4.740164875984191895e-01
5.851382017135620117e-01 -6.549915671348571777e-01 4.781207144260406494e-01
5.766591429710388184e-01 -6.594499349594116211e-01 4.822758138179779053e-01
5.673558712005615234e-01 -6.643959879875183105e-01 4.865031838417053223e-01
5.569839477539062500e-01 -6.699802279472351074e-01 4.908109307289123535e-01
5.452947616577148438e-01 -6.763442158699035645e-01 4.951889514923095703e-01
5.320402383804321289e-01 -6.836147308349609375e-01 4.996039867401123047e-01
5.169782042503356934e-01 -6.918975710868835449e-01 5.039953589439392090e-01
4.998839497566223145e-01 -7.012671828269958496e-01 5.082718729972839355e-01
4.805575311183929443e-01 -7.117611765861511230e-01 5.123090147972106934e-01
4.588350355625152588e-01 -7.233704924583435059e-01 5.159511566162109375e-01
4.346040189266204834e-01 -7.360335588455200195e-01 5.190124511718750000e-01
4.078123867511749268e-01 -7.496325373649597168e-01 5.212870240211486816e-01
3.784835040569305420e-01 -7.639923095703125000e-01 5.225570797920227051e-01
3.467242717742919922e-01 -7.788864970207214355e-01 5.226070880889892578e-01
3.127273917198181152e-01 -7.940465807914733887e-01 5.212404131889343262e-01
2.767696082592010498e-01 -8.091788291931152344e-01 5.182935595512390137e-01
2.392005026340484619e-01 -8.239829540252685547e-01 5.136489272117614746e-01
2.004245668649673462e-01 -8.381714820861816406e-01 5.072460174560546875e-01
1.608780920505523682e-01 -8.514882922172546387e-01 4.990851283073425293e-01
1.210038438439369202e-01 -8.637232184410095215e-01 4.892242252826690674e-01
8.122689276933670044e-02 -8.747217059135437012e-01 4.777699708938598633e-01
4.193350672721862793e-02 -8.843852281570434570e-01 4.648702442646026611e-01
3.459175117313861847e-03 -8.926722407341003418e-01 4.506931900978088379e-01
-3.391965478658676147e-02 -8.995878100395202637e-01 4.354209005832672119e-01
-6.998518109321594238e-02 -9.051777124404907227e-01 4.192318916320800781e-01
-1.045712158083915710e-01 -9.095185399055480957e-01 4.022944867610931396e-01
-1.375545859336853027e-01 -9.127088785171508789e-01 3.847614526748657227e-01
-1.688422262668609619e-01 -9.148640632629394531e-01 3.667642772197723389e-01
-1.983572393655776978e-01 -9.161117076873779297e-01 3.484160602092742920e-01
-2.260259240865707397e-01 -9.165893197059631348e-01 3.298123478889465332e-01
-2.517649233341217041e-01 -9.164448976516723633e-01 3.110355138778686523e-01
-2.754687070846557617e-01 -9.158383607864379883e-01 2.921592891216278076e-01
-2.969988584518432617e-01 -9.149442911148071289e-01 2.732554078102111816e-01
-3.161748945713043213e-01 -9.139552712440490723e-01 2.543995976448059082e-01
-3.327653706073760986e-01 -9.130843877792358398e-01 2.356779426336288452e-01
-3.464818298816680908e-01 -9.125664830207824707e-01 2.171928584575653076e-01
-3.569738566875457764e-01 -9.126558303833007812e-01 1.990699619054794312e-01
-3.638263046741485596e-01 -9.136204123497009277e-01 1.814613342285156250e-01
-3.665595948696136475e-01 -9.157280325889587402e-01 1.645484715700149536e-01
-3.646370470523834229e-01 -9.192246794700622559e-01 1.485460251569747925e-01
-3.574760258197784424e-01 -9.243029356002807617e-01 1.336973607540130615e-01
-3.444723486900329590e-01 -9.310603737831115723e-01 1.202722787857055664e-01
-3.250463306903839111e-01 -9.394468069076538086e-01 1.085564494132995605e-01
-2.986998856067657471e-01 -9.492152333259582520e-01 9.883748739957809448e-02
-2.651129662990570068e-01 -9.598773121833801270e-01 9.138174355030059814e-02
-2.242518365383148193e-01 -9.706931114196777344e-01 8.640580624341964722e-02
-1.764832437038421631e-01 -9.807094335556030273e-01 8.403887599706649780e-02
-1.226646825671195984e-01 -9.888620376586914062e-01 8.429195731878280640e-02
-6.415231525897979736e-02 -9.941378831863403320e-01 8.703000098466873169e-02
-2.709683496505022049e-03 -9.957580566406250000e-01 9.197039157152175903e-02
5.969404429197311401e-02 -9.933248162269592285e-01 9.870383143424987793e-02
1.211372986435890198e-01 -9.868798255920410156e-01 1.067419499158859253e-01
1.799895167350769043e-01 -9.768557548522949219e-01 1.155713647603988647e-01
2.350649684667587280e-01 -9.639464616775512695e-01 1.247064620256423950e-01
2.856695055961608887e-01 -9.489524960517883301e-01 1.337244063615798950e-01
3.315539360046386719e-01 -9.326464533805847168e-01 1.422760188579559326e-01
3.728141188621520996e-01 -9.156867265701293945e-01 1.500916928052902222e-01
4.097756445407867432e-01 -8.985804915428161621e-01 1.569620817899703979e-01
4.428943991661071777e-01 -8.816819787025451660e-01 1.627309620380401611e-01
4.726746082305908203e-01 -8.652146458625793457e-01 1.672795116901397705e-01
4.996158182621002197e-01 -8.492994308471679688e-01 1.705123037099838257e-01
5.241823792457580566e-01 -8.339825868606567383e-01 1.723541170358657837e-01
5.467815995216369629e-01 -8.192614912986755371e-01 1.727437973022460938e-01
5.677583813667297363e-01 -8.051043748855590820e-01 1.716318726539611816e-01
5.873938798904418945e-01 -7.914636135101318359e-01 1.689785122871398926e-01
6.059095263481140137e-01 -7.782853245735168457e-01 1.647591441869735718e-01
6.234706044197082520e-01 -7.655164599418640137e-01 1.589620560407638550e-01
6.401941180229187012e-01 -7.531079053878784180e-01 1.515915691852569580e-01
6.561549901962280273e-01 -7.410160303115844727e-01 1.426740139722824097e-01
6.713957786560058594e-01 -7.292028069496154785e-01 1.322536170482635498e-01
6.859335303306579590e-01 -7.176344990730285645e-01 1.203988417983055115e-01
6.997678279876708984e-01 -7.062813639640808105e-01 1.071992367506027222e-01
7.128871679306030273e-01 -6.951159238815307617e-01 9.276705235242843628e-02
7.252767682075500488e-01 -6.841115951538085938e-01 7.723285257816314697e-02
7.369255423545837402e-01 -6.732390522956848145e-01 6.074510514736175537e-02
7.478261590003967285e-01 -6.624702811241149902e-01 4.346497356891632080e-02
7.579837441444396973e-01 -6.517723798751831055e-01 2.556035108864307404e-02
7.674143910408020020e-01 -6.411108970642089844e-01 7.203676272183656693e-03
7.761452198028564453e-01 -6.304505467414855957e-01 -1.143462024629116058e-02
7.842165231704711914e-01 -6.197523474693298340e-01 -3.019009903073310852e-02
7.916761040687561035e-01 -6.089803576469421387e-01 -4.890740662813186646e-02
7.985816597938537598e-01 -5.980960130691528320e-01 -6.744296848773956299e-02
8.049927353858947754e-01 -5.870672464370727539e-01 -8.566641807556152344e-02
8.109723925590515137e-01 -5.758637189865112305e-01 -1.034639701247215271e-01
8.165831565856933594e-01 -5.644603371620178223e-01 -1.207335293292999268e-01
8.218837976455688477e-01 -5.528395771980285645e-01 -1.373883187770843506e-01
8.269289731979370117e-01 -5.409909486770629883e-01 -1.533535867929458618e-01
8.317676186561584473e-01 -5.289123058319091797e-01 -1.685657054185867310e-01
8.364424109458923340e-01 -5.166102647781372070e-01 -1.829697638750076294e-01
8.409880995750427246e-01 -5.041018128395080566e-01 -1.965206712484359741e-01
8.454347252845764160e-01 -4.914099276065826416e-01 -2.091801911592483521e-01
8.498055934906005859e-01 -4.785674810409545898e-01 -2.209156155586242676e-01
8.541189432144165039e-01 -4.656114578247070312e-01 -2.317040562629699707e-01
8.583894968032836914e-01 -4.525828361511230469e-01 -2.415291368961334229e-01
8.626276850700378418e-01 -4.395244419574737549e-01 -2.503830492496490479e-01
8.668425679206848145e-01 -4.264730215072631836e-01 -2.582725584506988525e-01
8.710401654243469238e-01 -4.134614765644073486e-01 -2.652141153812408447e-01
8.752252459526062012e-01 -4.005100727081298828e-01 -2.712425887584686279e-01
8.793997764587402344e-01 -3.876259922981262207e-01 -2.764093279838562012e-01
8.835647106170654297e-01 -3.747963309288024902e-01 -2.807866334915161133e-01
8.877170681953430176e-01 -3.619886636734008789e-01 -2.844688296318054199e-01
8.918513059616088867e-01 -3.491441011428833008e-01 -2.875754833221435547e-01
8.959568738937377930e-01 -3.361804187297821045e-01 -2.902483344078063965e-01
9.000177383422851562e-01 -3.229864239692687988e-01 -2.926566004753112793e-01
9.040102362632751465e-01 -3.094269335269927979e-01 -2.949922680854797363e-01
9.079010486602783203e-01 -2.953408658504486084e-01 -2.974718213081359863e-01
9.116443395614624023e-01 -2.805436253547668457e-01 -3.003329038619995117e-01
9.151782393455505371e-01 -2.648317515850067139e-01 -3.038303852081298828e-01
9.184197187423706055e-01 -2.479867190122604370e-01 -3.082334399223327637e-01
9.212596416473388672e-01 -2.297822684049606323e-01 -3.138163983821868896e-01
9.235569834709167480e-01 -2.099898606538772583e-01 -3.208532035350799561e-01
9.251314997673034668e-01 -1.883910000324249268e-01 -3.296066224575042725e-01
9.257609248161315918e-01 -1.647876352071762085e-01 -3.403112888336181641e-01
9.251746535301208496e-01 -1.390202194452285767e-01 -3.531645238399505615e-01
9.230578541755676270e-01 -1.109824031591415405e-01 -3.683029711246490479e-01
9.190564751625061035e-01 -8.064382523298263550e-02 -3.857872784137725830e-01
9.127949476242065430e-01 -4.806774854660034180e-02 -4.055796861648559570e-01
9.038993120193481445e-01 -1.342997048050165176e-02 -4.275342822074890137e-01
8.920339941978454590e-01 2.297077886760234833e-02 -4.513841569423675537e-01
8.769400715827941895e-01 6.071106716990470886e-02 -4.767497181892395020e-01
8.584803938865661621e-01 9.925840049982070923e-02 -5.031492710113525391e-01
8.366735577583312988e-01 1.379946023225784302e-01 -5.300328731536865234e-01
8.117156624794006348e-01 1.762627214193344116e-01 -5.568205118179321289e-01
7.839806675910949707e-01 2.134139686822891235e-01 -5.829483866691589355e-01
7.539992928504943848e-01 2.488569617271423340e-01 -6.079106330871582031e-01
7.224220037460327148e-01 2.820968329906463623e-01 -6.312906146049499512e-01
6.899661421775817871e-01 3.127652108669281006e-01 -6.527822613716125488e-01
6.573693752288818359e-01 3.406239449977874756e-01 -6.721910834312438965e-01
6.253438591957092285e-01 3.655648231506347656e-01 -6.894254088401794434e-01
5.945449471473693848e-01 3.875888884067535400e-01 -7.044793963432312012e-01
5.655507445335388184e-01 4.067837297916412354e-01 -7.174115180969238281e-01
5.388544201850891113e-01 4.232978522777557373e-01 -7.283233404159545898e-01
5.148615837097167969e-01 4.373187422752380371e-01 -7.373396754264831543e-01
4.938966333866119385e-01 4.490506350994110107e-01 -7.445936799049377441e-01
4.762063026428222656e-01 4.586980938911437988e-01 -7.502157688140869141e-01
4.619680643081665039e-01 4.664557874202728271e-01 -7.543238997459411621e-01
4.512939453125000000e-01 4.724985957145690918e-01 -7.570196986198425293e-01
4.442361891269683838e-01 4.769773185253143311e-01 -7.583843469619750977e-01
4.407889842987060547e-01 4.800140261650085449e-01 -7.584797143936157227e-01
4.408918023109436035e-01 4.817045927047729492e-01 -7.573474049568176270e-01
4.444312155246734619e-01 4.821181595325469971e-01 -7.550118565559387207e-01
4.512419700622558594e-01 4.813033044338226318e-01 -7.514837980270385742e-01
4.611094892024993896e-01 4.792934060096740723e-01 -7.467636466026306152e-01
4.737733304500579834e-01 4.761132001876831055e-01 -7.408474683761596680e-01
4.889319837093353271e-01 4.717884063720703125e-01 -7.337309718132019043e-01
5.062446594238281250e-01 4.663551449775695801e-01 -7.254166007041931152e-01
5.253372788429260254e-01 4.598716199398040771e-01 -7.159181237220764160e-01
5.458103418350219727e-01 4.524255990982055664e-01 -7.052674293518066406e-01
5.672427415847778320e-01 4.441459774971008301e-01 -6.935200095176696777e-01
5.892000198364257812e-01 4.352096319198608398e-01 -6.807612776756286621e-01
6.112405061721801758e-01 4.258482456207275391e-01 -6.671118736267089844e-01
6.329260468482971191e-01 4.163496494293212891e-01 -6.527309417724609375e-01
6.538285613059997559e-01 4.070569574832916260e-01 -6.378188133239746094e-01
6.735390424728393555e-01 3.983623981475830078e-01 -6.226175427436828613e-01
6.916762590408325195e-01 3.906961083412170410e-01 -6.074046492576599121e-01
7.078933715820312500e-01 3.845074176788330078e-01 -5.924871563911437988e-01
7.218813300132751465e-01 3.802458345890045166e-01 -5.781871676445007324e-01
7.333733439445495605e-01 3.783310353755950928e-01 -5.648266673088073730e-01
7.421417236328125000e-01 3.791295289993286133e-01 -5.527082681655883789e-01
7.479988932609558105e-01 3.829235136508941650e-01 -5.420953035354614258e-01
7.507947087287902832e-01 3.898875117301940918e-01 -5.331931710243225098e-01
7.504174709320068359e-01 4.000677466392517090e-01 -5.261362195014953613e-01
7.467980384826660156e-01 4.133719205856323242e-01 -5.209763050079345703e-01
7.399179935455322266e-01 4.295669496059417725e-01 -5.176810026168823242e-01
7.298192381858825684e-01 4.482899606227874756e-01 -5.161393880844116211e-01
7.166154384613037109e-01 4.690702855587005615e-01 -5.161737203598022461e-01
7.005009055137634277e-01 4.913603365421295166e-01 -5.175554156303405762e-01
6.817505955696105957e-01 5.145728588104248047e-01 -5.200296640396118164e-01
6.607186198234558105e-01 5.381205081939697266e-01 -5.233327746391296387e-01
6.378250718116760254e-01 5.614504814147949219e-01 -5.272120833396911621e-01
6.135390400886535645e-01 5.840715169906616211e-01 -5.314418077468872070e-01
5.883584022521972656e-01 6.055741310119628906e-01 -5.358306169509887695e-01
5.627907514572143555e-01 6.256377100944519043e-01 -5.402259230613708496e-01
5.373356342315673828e-01 6.440303325653076172e-01 -5.445138812065124512e-01
5.124692916870117188e-01 6.606030464172363281e-01 -5.486154556274414062e-01
4.886347353458404541e-01 6.752788424491882324e-01 -5.524803996086120605e-01
4.662338793277740479e-01 6.880400180816650391e-01 -5.560817122459411621e-01
4.456222057342529297e-01 6.989157199859619141e-01 -5.594083666801452637e-01
4.271064698696136475e-01 7.079680562019348145e-01 -5.624600648880004883e-01
4.109424948692321777e-01 7.152824401855468750e-01 -5.652408599853515625e-01
3.973343670368194580e-01 7.209569811820983887e-01 -5.677555799484252930e-01
3.864353001117706299e-01 7.250938415527343750e-01 -5.700058937072753906e-01
3.783484995365142822e-01 7.277914881706237793e-01 -5.719895362854003906e-01
3.731285035610198975e-01 7.291420102119445801e-01 -5.736959576606750488e-01
3.707831203937530518e-01 7.292261719703674316e-01 -5.751079320907592773e-01
3.712769448757171631e-01 7.281122207641601562e-01 -5.761997103691101074e-01
3.745352923870086670e-01 7.258549928665161133e-01 -5.769383311271667480e-01
3.804484009742736816e-01 7.224979996681213379e-01 -5.772829055786132812e-01
3.888774216175079346e-01 7.180742025375366211e-01 -5.771861076354980469e-01
3.996593654155731201e-01 7.126085162162780762e-01 -5.765947699546813965e-01
4.126146137714385986e-01 7.061207890510559082e-01 -5.754498839378356934e-01
4.275516271591186523e-01 6.986280083656311035e-01 -5.736885070800781250e-01
4.442731142044067383e-01 6.901484131813049316e-01 -5.712411999702453613e-01
4.625813663005828857e-01 6.807007789611816406e-01 -5.680359601974487305e-01
4.822807013988494873e-01 6.703091859817504883e-01 -5.639955401420593262e-01
5.031789541244506836e-01 6.590037941932678223e-01 -5.590392947196960449e-01
5.250887870788574219e-01 6.468235254287719727e-01 -5.530833005905151367e-01
5.478239059448242188e-01 6.338171362876892090e-01 -5.460448265075683594e-01
5.711970329284667969e-01 6.200485825538635254e-01 -5.378417372703552246e-01
5.950135588645935059e-01 6.055994629859924316e-01 -5.284014344215393066e-01
6.190671920776367188e-01 5.905746817588806152e-01 -5.176652669906616211e-01
6.431337594985961914e-01 5.751082897186279297e-01 -5.055980682373046875e-01
6.669679880142211914e-01 5.593697428703308105e-01 -4.921984374523162842e-01
6.903005838394165039e-01 5.435703396797180176e-01 -4.775106608867645264e-01
7.128388881683349609e-01 5.279686450958251953e-01 -4.616381525993347168e-01
7.342723608016967773e-01 5.128734111785888672e-01 -4.447527229785919189e-01
7.542795538902282715e-01 4.986415207386016846e-01 -4.271052181720733643e-01
7.725395560264587402e-01 4.856735765933990479e-01 -4.090278744697570801e-01
7.887426614761352539e-01 4.744017720222473145e-01 -3.909321427345275879e-01
8.026033043861389160e-01 4.652712643146514893e-01 -3.732970654964447021e-01
8.138686418533325195e-01 4.587152302265167236e-01 -3.566484749317169189e-01
8.223220705986022949e-01 4.551272392272949219e-01 -3.415341377258300781e-01
8.277844786643981934e-01 4.548285305500030518e-01 -3.284873366355895996e-01
8.301089406013488770e-01 4.580390453338623047e-01 -3.179928362369537354e-01
8.291788101196289062e-01 4.648471772670745850e-01 -3.104507327079772949e-01
8.249052762985229492e-01 4.751918315887451172e-01 -3.061439394950866699e-01
8.172315955162048340e-01 4.888515472412109375e-01 -3.052160143852233887e-01
8.061442971229553223e-01 5.054492950439453125e-01 -3.076561391353607178e-01
7.916928529739379883e-01 5.244676470756530762e-01 -3.132986724376678467e-01
7.740048170089721680e-01 5.452851653099060059e-01 -3.218394815921783447e-01
7.533038854598999023e-01 5.672189593315124512e-01 -3.328602015972137451e-01
7.299149632453918457e-01 5.895763635635375977e-01 -3.458668887615203857e-01
7.042594552040100098e-01 6.117027997970581055e-01 -3.603309392929077148e-01
6.768351793289184570e-01 6.330234408378601074e-01 -3.757332265377044678e-01
6.481904983520507812e-01 6.530712842941284180e-01 -3.915954232215881348e-01
6.188938021659851074e-01 6.714984774589538574e-01 -4.075049459934234619e-01
5.895057916641235352e-01 6.880726814270019531e-01 -4.231300055980682373e-01
5.605551004409790039e-01 7.026690840721130371e-01 -4.382169842720031738e-01
5.325250625610351562e-01 7.152483463287353516e-01 -4.525891840457916260e-01
5.058435201644897461e-01 7.258402109146118164e-01 -4.661312997341156006e-01
4.808817505836486816e-01 7.345226407051086426e-01 -4.787788391113281250e-01
4.579547345638275146e-01 7.414065599441528320e-01 -4.905035495758056641e-01
4.373251795768737793e-01 7.466222643852233887e-01 -5.013002753257751465e-01
4.192080795764923096e-01 7.503076791763305664e-01 -5.111780762672424316e-01
4.037750959396362305e-01 7.526029348373413086e-01 -5.201485157012939453e-01
3.911573588848114014e-01 7.536410689353942871e-01 -5.282243490219116211e-01
3.814495503902435303e-01 7.535462379455566406e-01 -5.354103446006774902e-01
3.747104704380035400e-01 7.524290680885314941e-01 -5.417034626007080078e-01
3.709637522697448730e-01 7.503852248191833496e-01 -5.470903515815734863e-01
3.701968789100646973e-01 7.474946975708007812e-01 -5.515487790107727051e-01
3.723599314689636230e-01 7.438212037086486816e-01 -5.550478696823120117e-01
3.773646950721740723e-01 7.394139170646667480e-01 -5.575508475303649902e-01
3.850821554660797119e-01 7.343083024024963379e-01 -5.590197443962097168e-01
3.953418135643005371e-01 7.285313010215759277e-01 -5.594166517257690430e-01
4.079334139823913574e-01 7.221031188964843750e-01 -5.587104558944702148e-01
4.226104319095611572e-01 7.150419950485229492e-01 -5.568799376487731934e-01
4.390938878059387207e-01 7.073695063591003418e-01 -5.539177656173706055e-01
4.570829868316650391e-01 6.991122961044311523e-01 -5.498337149620056152e-01
4.762643575668334961e-01 6.903067827224731445e-01 -5.446547865867614746e-01
4.963245093822479248e-01 6.809993982315063477e-01 -5.384253859519958496e-01
5.169610977172851562e-01 6.712463498115539551e-01 -5.312057137489318848e-01
5.378960371017456055e-01 6.611113548278808594e-01 -5.230675339698791504e-01
5.588829517364501953e-01 6.506630182266235352e-01 -5.140889286994934082e-01
5.797129273414611816e-01 6.399711370468139648e-01 -5.043510198593139648e-01
6.002183556556701660e-01 6.291022896766662598e-01 -4.939314424991607666e-01
6.202721595764160156e-01 6.181164979934692383e-01 -4.829021990299224854e-01
6.397822499275207520e-01 6.070670485496520996e-01 -4.713260233402252197e-01
6.586894989013671875e-01 5.959950089454650879e-01 -4.592582583427429199e-01
6.769568324089050293e-01 5.849355459213256836e-01 -4.467435181140899658e-01
6.945657134056091309e-01 5.739135146141052246e-01 -4.338223934173583984e-01
7.115060687065124512e-01 5.629498362541198730e-01 -4.205314218997955322e-01
7.277719378471374512e-01 5.520626902580261230e-01 -4.069088995456695557e-01
7.433550357818603516e-01 5.412726998329162598e-01 -3.929976224899291992e-01
7.582417130470275879e-01 5.306046605110168457e-01 -3.788510560989379883e-01
7.724087238311767578e-01 5.200942754745483398e-01 -3.645362854003906250e-01
7.858229875564575195e-01 5.097894072532653809e-01 -3.501384854316711426e-01
7.984389066696166992e-01 4.997572004795074463e-01 -3.357648849487304688e-01
8.101996183395385742e-01 4.900846779346466064e-01 -3.215485811233520508e-01
8.210365176200866699e-01 4.808844327926635742e-01 -3.076511323451995850e-01
8.308695554733276367e-01 4.722968935966491699e-01 -2.942642569541931152e-01
8.396072983741760254e-01 4.644924700260162354e-01 -2.816139757633209229e-01
8.471468687057495117e-01 4.576728940010070801e-01 -2.699586451053619385e-01
8.533717393875122070e-01 4.520715177059173584e-01 -2.595920264720916748e-01
8.581508994102478027e-01 4.479495584964752197e-01 -2.508350014686584473e-01
8.613345623016357422e-01 4.455889761447906494e-01 -2.440352737903594971e-01
8.627510666847229004e-01 4.452795386314392090e-01 -2.395552992820739746e-01
8.622019886970520020e-01 4.473026692867279053e-01 -2.377562969923019409e-01
8.594620823860168457e-01 4.519027173519134521e-01 -2.389746755361557007e-01
8.542798161506652832e-01 4.592555165290832520e-01 -2.434963732957839966e-01
8.463864326477050781e-01 4.694325625896453857e-01 -2.515213191509246826e-01
8.355203866958618164e-01 4.823605716228485107e-01 -2.631232440471649170e-01
8.214570283889770508e-01 4.977966547012329102e-01 -2.782208025455474854e-01
8.040573000907897949e-01 5.153147578239440918e-01 -2.965511679649353027e-01
7.833152413368225098e-01 5.343232750892639160e-01 -3.176726400852203369e-01
7.594003677368164062e-01 5.541082024574279785e-01 -3.409917056560516357e-01
7.326730489730834961e-01 5.739048123359680176e-01 -3.658190071582794189e-01
7.036668658256530762e-01 5.929809808731079102e-01 -3.914416730403900146e-01
6.730382442474365234e-01 6.107074022293090820e-01 -4.172002673149108887e-01
6.414954662322998047e-01 6.266049146652221680e-01 -4.425492584705352783e-01
6.097193360328674316e-01 6.403638124465942383e-01 -4.670936167240142822e-01
5.783045291900634766e-01 6.518284082412719727e-01 -4.905952513217926025e-01
5.477190613746643066e-01 6.609669327735900879e-01 -5.129585862159729004e-01
5.182976722717285156e-01 6.678311824798583984e-01 -5.341994762420654297e-01
4.902462661266326904e-01 6.725189089775085449e-01 -5.544158220291137695e-01
4.636656939983367920e-01 6.751431226730346680e-01 -5.737559199333190918e-01
4.385741949081420898e-01 6.758114099502563477e-01 -5.923947691917419434e-01
4.149346947669982910e-01 6.746100783348083496e-01 -6.105164885520935059e-01
3.926768600940704346e-01 6.715949177742004395e-01 -6.283034086227416992e-01
3.717096149921417236e-01 6.667902469635009766e-01 -6.459277868270874023e-01
3.519387245178222656e-01 6.601825952529907227e-01 -6.635496020317077637e-01
3.332720994949340820e-01 6.517223119735717773e-01 -6.813132166862487793e-01
3.156258165836334229e-01 6.413211226463317871e-01 -6.993480324745178223e-01
2.989258170127868652e-01 6.288523674011230469e-01 -7.177661061286926270e-01
2.831106185913085938e-01 6.141474843025207520e-01 -7.366622090339660645e-01
2.681305706501007080e-01 5.969946980476379395e-01 -7.561106681823730469e-01
2.539449930191040039e-01 5.771368145942687988e-01 -7.761605381965637207e-01
2.405237704515457153e-01 5.542682409286499023e-01 -7.968280911445617676e-01
2.278423309326171875e-01 5.280337929725646973e-01 -8.180880546569824219e-01
2.158823013305664062e-01 4.980334639549255371e-01 -8.398556113243103027e-01
2.046289891004562378e-01 4.638311862945556641e-01 -8.619673252105712891e-01
1.940706670284271240e-01 4.249746501445770264e-01 -8.841566443443298340e-01
1.841987371444702148e-01 3.810302317142486572e-01 -9.060280323028564453e-01
1.750110089778900146e-01 3.316399157047271729e-01 -9.270308613777160645e-01
1.665154248476028442e-01 2.765945494174957275e-01 -9.464502334594726562e-01
1.587369143962860107e-01 2.159351110458374023e-01 -9.634182453155517578e-01
1.517272740602493286e-01 1.500535309314727783e-01 -9.769660830497741699e-01
1.455757319927215576e-01 7.977613806724548340e-02 -9.861254692077636719e-01
1.404155939817428589e-01 6.392473820596933365e-03 -9.900720119476318359e-01
1.364298462867736816e-01 -6.840644031763076782e-02 -9.882851243019104004e-01
1.338454484939575195e-01 -1.426889002323150635e-01 -9.806759357452392578e-01
1.329209655523300171e-01 -2.145122140645980835e-01 -9.676344990730285645e-01
1.339322030544281006e-01 -2.821678221225738525e-01 -9.499703049659729004e-01
1.371483951807022095e-01 -3.443650603294372559e-01 -9.287642836570739746e-01
1.428236365318298340e-01 -4.003123342990875244e-01 -9.051803350448608398e-01
1.511853039264678955e-01 -4.497006833553314209e-01 -8.802911043167114258e-01
1.624256670475006104e-01 -4.926115870475769043e-01 -8.549571037292480469e-01
1.766991168260574341e-01 -5.293926000595092773e-01 -8.297715783119201660e-01
1.941143572330474854e-01 -5.605359673500061035e-01 -8.050584793090820312e-01
2.147270292043685913e-01 -5.865816473960876465e-01 -7.809061408042907715e-01
2.385249882936477661e-01 -6.080459952354431152e-01 -7.572224140167236328e-01
2.654111683368682861e-01 -6.253817081451416016e-01 -7.337946891784667969e-01
2.951893210411071777e-01 -6.389542818069458008e-01 -7.103524804115295410e-01
3.275523781776428223e-01 -6.490447521209716797e-01 -6.866223812103271484e-01
3.620711565017700195e-01 -6.558626890182495117e-01 -6.623809933662414551e-01
3.982046842575073242e-01 -6.595700979232788086e-01 -6.374952793121337891e-01
4.353124499320983887e-01 -6.603114604949951172e-01 -6.119574308395385742e-01
4.726928174495697021e-01 -6.582441329956054688e-01 -5.858977437019348145e-01
5.096217393875122070e-01 -6.535668969154357910e-01 -5.595856904983520508e-01
5.453999638557434082e-01 -6.465382575988769531e-01 -5.334109067916870117e-01
5.794007182121276855e-01 -6.374815702438354492e-01 -5.078504681587219238e-01
6.111041903495788574e-01 -6.267766952514648438e-01 -4.834279119968414307e-01
6.401137709617614746e-01 -6.148503422737121582e-01 -4.606662690639495850e-01
6.661602258682250977e-01 -6.021490693092346191e-01 -4.400534927845001221e-01
6.890892982482910156e-01 -5.891225337982177734e-01 -4.220077991485595703e-01
7.088392376899719238e-01 -5.762029886245727539e-01 -4.068624675273895264e-01
7.254163622856140137e-01 -5.637912750244140625e-01 -3.948549628257751465e-01
7.388677000999450684e-01 -5.522491931915283203e-01 -3.861286640167236328e-01
7.492608428001403809e-01 -5.418926477432250977e-01 -3.807367682456970215e-01
7.566658854484558105e-01 -5.329922437667846680e-01 -3.786501884460449219e-01
7.611478567123413086e-01 -5.257693529129028320e-01 -3.797638416290283203e-01
7.627570033073425293e-01 -5.204015970230102539e-01 -3.839062452316284180e-01
7.615369558334350586e-01 -5.170148015022277832e-01 -3.908416628837585449e-01
7.575258016586303711e-01 -5.156852006912231445e-01 -4.002793133258819580e-01
7.507696151733398438e-01 -5.164347887039184570e-01 -4.118739962577819824e-01
7.413308620452880859e-01 -5.192334055900573730e-01 -4.252354502677917480e-01
7.293054461479187012e-01 -5.239930748939514160e-01 -4.399372637271881104e-01
7.148375511169433594e-01 -5.305722355842590332e-01 -4.555220901966094971e-01
6.981238126754760742e-01 -5.387822985649108887e-01 -4.715259969234466553e-01
6.794272065162658691e-01 -5.483910441398620605e-01 -4.874894917011260986e-01
6.590751409530639648e-01 -5.591355562210083008e-01 -5.029785633087158203e-01
6.374487876892089844e-01 -5.707347989082336426e-01 -5.176107287406921387e-01
6.149740815162658691e-01 -5.829062461853027344e-01 -5.310623049736022949e-01
5.920963883399963379e-01 -5.953750014305114746e-01 -5.430933833122253418e-01
5.692593455314636230e-01 -6.078900694847106934e-01 -5.535462498664855957e-01
5.468766093254089355e-01 -6.202306747436523438e-01 -5.623521208763122559e-01
5.253097414970397949e-01 -6.322110891342163086e-01 -5.695250630378723145e-01
5.048448443412780762e-01 -6.436824202537536621e-01 -5.751560926437377930e-01
4.856791794300079346e-01 -6.545292735099792480e-01 -5.794023275375366211e-01
4.679075479507446289e-01 -6.646695733070373535e-01 -5.824747681617736816e-01
4.515140354633331299e-01 -6.740444302558898926e-01 -5.846359133720397949e-01
4.363679289817810059e-01 -6.826208233833312988e-01 -5.861841440200805664e-01
4.222184121608734131e-01 -6.903767585754394531e-01 -5.874620079994201660e-01
4.086957573890686035e-01 -6.973023414611816406e-01 -5.888439416885375977e-01
3.952991962432861328e-01 -7.033951878547668457e-01 -5.907400250434875488e-01
3.813998103141784668e-01 -7.086453437805175781e-01 -5.935957431793212891e-01
3.662335276603698730e-01 -7.130324244499206543e-01 -5.978776812553405762e-01
3.488992452621459961e-01 -7.165036201477050781e-01 -6.040627360343933105e-01
3.283601701259613037e-01 -7.189481258392333984e-01 -6.126118302345275879e-01
3.034673929214477539e-01 -7.201641201972961426e-01 -6.239160895347595215e-01
2.730031907558441162e-01 -7.198147177696228027e-01 -6.382288932800292969e-01
2.357667684555053711e-01 -7.173919677734375000e-01 -6.555629968643188477e-01
1.907306313514709473e-01 -7.121905684471130371e-01 -6.755786538124084473e-01
1.372833997011184692e-01 -7.033402919769287109e-01 -6.974709033966064453e-01
7.550092041492462158e-02 -6.899209022521972656e-01 -7.199366688728332520e-01
6.433579605072736740e-03 -6.711772680282592773e-01 -7.412689328193664551e-01
-6.781089305877685547e-02 -6.468132734298706055e-01 -7.596277594566345215e-01
-1.442604511976242065e-01 -6.172127723693847656e-01 -7.734580636024475098e-01
-2.195885777473449707e-01 -5.834960937500000000e-01 -7.818652391433715820e-01
-2.907794415950775146e-01 -5.473054647445678711e-01 -7.847955226898193359e-01
-3.556269109249114990e-01 -5.104362964630126953e-01 -7.829331159591674805e-01
-4.129473268985748291e-01 -4.744839668273925781e-01 -7.773927450180053711e-01
-4.624711573123931885e-01 -4.406179189682006836e-01 -7.693999409675598145e-01
-5.045810341835021973e-01 -4.095376431941986084e-01 -7.600505352020263672e-01
-5.400223731994628906e-01 -3.815379440784454346e-01 -7.502030730247497559e-01
-5.696864128112792969e-01 -3.566259741783142090e-01 -7.404561638832092285e-01
-5.944623947143554688e-01 -3.346283733844757080e-01 -7.311896681785583496e-01
-6.151627302169799805e-01 -3.152810335159301758e-01 -7.226151227951049805e-01
-6.324973702430725098e-01 -2.982897758483886719e-01 -7.148219347000122070e-01
-6.470652818679809570e-01 -2.833640873432159424e-01 -7.078215479850769043e-01
-6.593680977821350098e-01 -2.702357470989227295e-01 -7.015742063522338867e-01
-6.698220372200012207e-01 -2.586679756641387939e-01 -6.960095763206481934e-01
-6.787734031677246094e-01 -2.484558224678039551e-01 -6.910400986671447754e-01
-6.865147352218627930e-01 -2.394240945577621460e-01 -6.865665316581726074e-01
-6.932947635650634766e-01 -2.314215749502182007e-01 -6.824854612350463867e-01
-6.993304491043090820e-01 -2.243172377347946167e-01 -6.786888837814331055e-01
-7.048160433769226074e-01 -2.179925590753555298e-01 -6.750656962394714355e-01
-7.099277973175048828e-01 -2.123394012451171875e-01 -6.715016365051269531e-01
-7.148329615592956543e-01 -2.072540521621704102e-01 -6.678768396377563477e-01
-7.196924090385437012e-01 -2.026328593492507935e-01 -6.640652418136596680e-01
-7.246658205986022949e-01 -1.983692944049835205e-01 -6.599311828613281250e-01
-7.299116849899291992e-01 -1.943514198064804077e-01 -6.553292870521545410e-01
-7.355940341949462891e-01 -1.904596388339996338e-01 -6.500973701477050781e-01
-7.418770790100097656e-01 -1.865658760070800781e-01 -6.440587043762207031e-01
-7.489275932312011719e-01 -1.825312077999114990e-01 -6.370162963867187500e-01
-7.569108605384826660e-01 -1.782082766294479370e-01 -6.287510395050048828e-01
-7.659847736358642578e-01 -1.734382212162017822e-01 -6.190206408500671387e-01
-7.762907147407531738e-01 -1.680574864149093628e-01 -6.075603365898132324e-01
-7.879429459571838379e-01 -1.618963479995727539e-01 -5.940836668014526367e-01
-8.010107874870300293e-01 -1.547861397266387939e-01 -5.782930850982666016e-01
-8.155015110969543457e-01 -1.465662717819213867e-01 -5.598888993263244629e-01
-8.313395380973815918e-01 -1.370933651924133301e-01 -5.385908484458923340e-01
-8.483472466468811035e-01 -1.262570619583129883e-01 -5.141654014587402344e-01
-8.662341237068176270e-01 -1.139912307262420654e-01 -4.864611327648162842e-01
-8.845921158790588379e-01 -1.002938449382781982e-01 -4.554536342620849609e-01
-9.029155969619750977e-01 -8.523768931627273560e-02 -4.212812781333923340e-01
-9.206362366676330566e-01 -6.898225098848342896e-02 -3.842789530754089355e-01
-9.371790885925292969e-01 -5.176971107721328735e-02 -3.449859023094177246e-01
-9.520281553268432617e-01 -3.391081094741821289e-02 -3.041257858276367188e-01
-9.647894501686096191e-01 -1.575785502791404724e-02 -2.625508010387420654e-01
-9.752325415611267090e-01 2.328018425032496452e-03 -2.211695015430450439e-01
-9.833064079284667969e-01 2.001606486737728119e-02 -1.808534413576126099e-01
-9.891212582588195801e-01 3.702870756387710571e-02 -1.423660367727279663e-01
-9.929112792015075684e-01 5.316626280546188354e-02 -1.063037961721420288e-01
-9.949847459793090820e-01 6.830565631389617920e-02 -7.307399064302444458e-02
-9.956758618354797363e-01 8.239712566137313843e-02 -4.289846494793891907e-02
-9.953082799911499023e-01 9.545002132654190063e-02 -1.583481393754482269e-02
-9.941694140434265137e-01 1.075183600187301636e-01 8.187835104763507843e-03
-9.924986958503723145e-01 1.186832860112190247e-01 2.933578938245773315e-02
-9.904848337173461914e-01 1.290416121482849121e-01 4.783356562256813049e-02
-9.882689118385314941e-01 1.386942863464355469e-01 6.394125521183013916e-02
-9.859511852264404297e-01 1.477394253015518188e-01 7.793174684047698975e-02
-9.835990071296691895e-01 1.562668085098266602e-01 9.007628262042999268e-02
-9.812541604042053223e-01 1.643568277359008789e-01 1.006333678960800171e-01
-9.789400696754455566e-01 1.720772385597229004e-01 1.098450422286987305e-01
-9.766662120819091797e-01 1.794859170913696289e-01 1.179320514202117920e-01
-9.744334816932678223e-01 1.866298764944076538e-01 1.250938624143600464e-01
-9.722372889518737793e-01 1.935464143753051758e-01 1.315082907676696777e-01
-9.700688123703002930e-01 2.002654373645782471e-01 1.373325139284133911e-01
-9.679177999496459961e-01 2.068105489015579224e-01 1.427038908004760742e-01
-9.657732248306274414e-01 2.132000774145126343e-01 1.477424800395965576e-01
-9.636228084564208984e-01 2.194502800703048706e-01 1.525537520647048950e-01
-9.614552855491638184e-01 2.255729734897613525e-01 1.572278738021850586e-01
-9.592583179473876953e-01 2.315813004970550537e-01 1.618440747261047363e-01
-9.570205211639404297e-01 2.374855726957321167e-01 1.664705425500869751e-01
-9.547292590141296387e-01 2.432980835437774658e-01 1.711671799421310425e-01
-9.523721337318420410e-01 2.490312904119491577e-01 1.759852617979049683e-01
-9.499353170394897461e-01 2.547001242637634277e-01 1.809712946414947510e-01
-9.474050402641296387e-01 2.603196203708648682e-01 1.861651092767715454e-01
-9.447652697563171387e-01 2.659083902835845947e-01 1.916022300720214844e-01
-9.419987201690673828e-01 2.714862525463104248e-01 1.973160207271575928e-01
-9.390868544578552246e-01 2.770749926567077637e-01 2.033358663320541382e-01
-9.360085129737854004e-01 2.826983928680419922e-01 2.096895426511764526e-01
-9.327406287193298340e-01 2.883824110031127930e-01 2.164035886526107788e-01
-9.292570352554321289e-01 2.941545248031616211e-01 2.235048264265060425e-01
-9.255294799804687500e-01 3.000427186489105225e-01 2.310184985399246216e-01
-9.215257167816162109e-01 3.060777485370635986e-01 2.389701753854751587e-01
-9.172111153602600098e-01 3.122882246971130371e-01 2.473863214254379272e-01
-9.125465750694274902e-01 3.187036812305450439e-01 2.562941610813140869e-01
-9.074903130531311035e-01 3.253510892391204834e-01 2.657217085361480713e-01
-9.019957184791564941e-01 3.322557508945465088e-01 2.756986916065216064e-01
-8.960138559341430664e-01 3.394361138343811035e-01 2.862558364868164062e-01
-8.894908428192138672e-01 3.469065427780151367e-01 2.974253296852111816e-01
-8.823695778846740723e-01 3.546735346317291260e-01 3.092418611049652100e-01
-8.745892643928527832e-01 3.627341091632843018e-01 3.217414617538452148e-01
-8.660847544670104980e-01 3.710753023624420166e-01 3.349631130695343018e-01
-8.567871451377868652e-01 3.796725869178771973e-01 3.489477336406707764e-01
-8.466228842735290527e-01 3.884904384613037109e-01 3.637372851371765137e-01
-8.355131745338439941e-01 3.974830210208892822e-01 3.793743252754211426e-01
-8.233726620674133301e-01 4.065935611724853516e-01 3.959029018878936768e-01
-8.101093173027038574e-01 4.157570898532867432e-01 4.133629798889160156e-01
-7.956221103668212891e-01 4.249010682106018066e-01 4.317922890186309814e-01
-7.798011898994445801e-01 4.339489042758941650e-01 4.512187242507934570e-01
-7.625252604484558105e-01 4.428220093250274658e-01 4.716607332229614258e-01
-7.436629533767700195e-01 4.514401853084564209e-01 4.931199252605438232e-01
-7.230731248855590820e-01 4.597215950489044189e-01 5.155786871910095215e-01
-7.006036639213562012e-01 4.675905108451843262e-01 5.389932394027709961e-01
-6.760966181755065918e-01 4.749693572521209717e-01 5.632916688919067383e-01
-6.493905782699584961e-01 4.817850291728973389e-01 5.883664488792419434e-01
-6.203270554542541504e-01 4.879636168479919434e-01 6.140730977058410645e-01
-5.887566804885864258e-01 4.934310913085937500e-01 6.402276158332824707e-01
-5.545483827590942383e-01 4.981131851673126221e-01 6.666029095649719238e-01
-5.176001787185668945e-01 5.019296407699584961e-01 6.929333806037902832e-01
-4.778495132923126221e-01 5.047987699508666992e-01 7.189145088195800781e-01
-4.352877736091613770e-01 5.066307187080383301e-01 7.442108392715454102e-01
-3.899692893028259277e-01 5.073354244232177734e-01 7.684625983238220215e-01
-3.420236706733703613e-01 5.068194866180419922e-01 7.912988066673278809e-01
-2.916661202907562256e-01 5.049940347671508789e-01 8.123496174812316895e-01
-2.391968071460723877e-01 5.017798542976379395e-01 8.312651515007019043e-01
-1.850048005580902100e-01 4.971143901348114014e-01 8.477325439453125000e-01
-1.295534968376159668e-01 4.909604489803314209e-01 8.614950776100158691e-01
-7.337298989295959473e-02 4.833102524280548096e-01 8.723689317703247070e-01
-1.703248545527458191e-02 4.741934835910797119e-01 8.802559375762939453e-01
3.888335078954696655e-02 4.636774957180023193e-01 8.851503729820251465e-01
9.380414336919784546e-02 4.518664777278900146e-01 8.871400356292724609e-01
1.471984833478927612e-01 4.388958215713500977e-01 8.863989114761352539e-01
1.985990405082702637e-01 4.249269068241119385e-01 8.831735849380493164e-01
2.476198971271514893e-01 4.101383090019226074e-01 8.777648210525512695e-01
2.939640879631042480e-01 3.947114050388336182e-01 8.705102205276489258e-01
3.374246060848236084e-01 3.788302242755889893e-01 8.617611527442932129e-01
3.778847157955169678e-01 3.626652956008911133e-01 8.518667817115783691e-01
4.153029322624206543e-01 3.463726639747619629e-01 8.411595821380615234e-01
4.497044980525970459e-01 3.300909996032714844e-01 8.299432396888732910e-01
4.811678528785705566e-01 3.139360547065734863e-01 8.184874653816223145e-01
5.098085403442382812e-01 2.980037331581115723e-01 8.070248365402221680e-01
5.357716083526611328e-01 2.823697030544281006e-01 7.957488298416137695e-01
5.592171549797058105e-01 2.670911550521850586e-01 7.848174571990966797e-01
5.803146958351135254e-01 2.522103190422058105e-01 7.743544578552246094e-01
5.992348790168762207e-01 2.377543002367019653e-01 7.644544243812561035e-01
6.161465048789978027e-01 2.237400710582733154e-01 7.551847100257873535e-01
6.312114596366882324e-01 2.101737856864929199e-01 7.465916872024536133e-01
6.445834636688232422e-01 1.970552951097488403e-01 7.387024760246276855e-01
6.564072370529174805e-01 1.843784898519515991e-01 7.315286993980407715e-01
6.668183803558349609e-01 1.721335649490356445e-01 7.250677943229675293e-01
6.759425997734069824e-01 1.603079885244369507e-01 7.193072438240051270e-01
6.838980317115783691e-01 1.488883346319198608e-01 7.142239212989807129e-01
6.907944083213806152e-01 1.378616690635681152e-01 7.097868323326110840e-01
6.967361569404602051e-01 1.272156685590744019e-01 7.059566378593444824e-01
7.018216848373413086e-01 1.169412583112716675e-01 7.026884555816650391e-01
7.061461806297302246e-01 1.070330590009689331e-01 6.999297142028808594e-01
7.098026871681213379e-01 9.748854488134384155e-02 6.976218223571777344e-01
7.128815650939941406e-01 8.831138908863067627e-02 6.957017779350280762e-01
7.154740095138549805e-01 7.951033115386962891e-02 6.941000819206237793e-01
7.176712155342102051e-01 7.109944522380828857e-02 6.927430033683776855e-01
7.195643186569213867e-01 6.309814006090164185e-02 6.915531754493713379e-01
7.212455272674560547e-01 5.553084239363670349e-02 6.904500126838684082e-01
7.228069901466369629e-01 4.842696711421012878e-02 6.893511414527893066e-01
7.243390083312988281e-01 4.181811958551406860e-02 6.881744861602783203e-01
7.259297966957092285e-01 3.573756292462348938e-02 6.868396997451782227e-01
7.276616096496582031e-01 3.021762706339359283e-02 6.852703094482421875e-01
7.296092510223388672e-01 2.528745122253894806e-02 6.833964586257934570e-01
7.318369746208190918e-01 2.096911147236824036e-02 6.811570525169372559e-01
7.343946099281311035e-01 1.727657765150070190e-02 6.785029172897338867e-01
7.373172640800476074e-01 1.421102043241262436e-02 6.753970384597778320e-01
7.406206727027893066e-01 1.176135148853063583e-02 6.718204021453857422e-01
7.443022727966308594e-01 9.900087490677833557e-03 6.677695512771606445e-01
7.483406066894531250e-01 8.583243936300277710e-03 6.632591485977172852e-01
7.526972889900207520e-01 7.751923520117998123e-03 6.583211421966552734e-01
7.573183774948120117e-01 7.332703564316034317e-03 6.530047059059143066e-01
7.621387839317321777e-01 7.240803446620702744e-03 6.473733186721801758e-01
7.670871019363403320e-01 7.381434552371501923e-03 6.415004730224609375e-01
7.720878124237060547e-01 7.656327448785305023e-03 6.354697346687316895e-01
7.770672440528869629e-01 7.965501397848129272e-03 6.293671727180480957e-01
7.819554805755615234e-01 8.212504908442497253e-03 6.232801675796508789e-01
7.866907119750976562e-01 8.306712843477725983e-03 6.172915101051330566e-01
7.912198901176452637e-01 8.168101310729980469e-03 6.114771962165832520e-01
7.954996228218078613e-01 7.727746386080980301e-03 6.059047579765319824e-01
7.994970083236694336e-01 6.930719595402479172e-03 6.006301641464233398e-01
8.031892776489257812e-01 5.735791288316249847e-03 5.956963896751403809e-01
8.065619468688964844e-01 4.114979878067970276e-03 5.911352634429931641e-01
8.096089363098144531e-01 2.054594922810792923e-03 5.869660377502441406e-01
8.123312592506408691e-01 -4.468127735890448093e-04 5.831961035728454590e-01
8.147355914115905762e-01 -3.379190806299448013e-03 5.798228383064270020e-01
8.168339133262634277e-01 -6.722122430801391602e-03 5.768337845802307129e-01
8.186421990394592285e-01 -1.044763345271348953e-02 5.742087960243225098e-01
8.201810717582702637e-01 -1.452078856527805328e-02 5.719197392463684082e-01
8.214736580848693848e-01 -1.890082657337188721e-02 5.699331760406494141e-01
8.225467801094055176e-01 -2.354231476783752441e-02 5.682098865509033203e-01
8.234304785728454590e-01 -2.839762158691883087e-02 5.667061209678649902e-01
8.241572976112365723e-01 -3.341781347990036011e-02 5.653742551803588867e-01
8.247625827789306641e-01 -3.855304047465324402e-02 5.641634464263916016e-01
8.252846002578735352e-01 -4.375427588820457458e-02 5.630193948745727539e-01
8.257630467414855957e-01 -4.897358641028404236e-02 5.618869662284851074e-01
8.262404799461364746e-01 -5.416744574904441833e-02 5.607072114944458008e-01
8.267607092857360840e-01 -5.929493904113769531e-02 5.594201087951660156e-01
8.273683786392211914e-01 -6.432142853736877441e-02 5.579645037651062012e-01
8.281087875366210938e-01 -6.921792775392532349e-02 5.562775731086730957e-01
8.290260434150695801e-01 -7.396160811185836792e-02 5.542973279953002930e-01
8.301628828048706055e-01 -7.853730022907257080e-02 5.519614219665527344e-01
8.315586447715759277e-01 -8.293767273426055908e-02 5.492097735404968262e-01
8.332487940788269043e-01 -8.716224879026412964e-02 5.459845662117004395e-01
8.352612257003784180e-01 -9.121613204479217529e-02 5.422344803810119629e-01
8.376175165176391602e-01 -9.511124342679977417e-02 5.379133224487304688e-01
8.403291106224060059e-01 -9.886299073696136475e-02 5.329849720001220703e-01
8.433978557586669922e-01 -1.024888977408409119e-01 5.274240374565124512e-01
8.468121886253356934e-01 -1.060081869363784790e-01 5.212211608886718750e-01
8.505502343177795410e-01 -1.094390004873275757e-01 5.143806934356689453e-01
8.545766472816467285e-01 -1.127972602844238281e-01 5.069274306297302246e-01
8.588458299636840820e-01 -1.160958632826805115e-01 4.989044964313507080e-01
8.633015155792236328e-01 -1.193438693881034851e-01 4.903748929500579834e-01
8.678805828094482422e-01 -1.225463002920150757e-01 4.814204573631286621e-01
8.725149631500244141e-01 -1.257046014070510864e-01 4.721397757530212402e-01
8.771350979804992676e-01 -1.288176774978637695e-01 4.626446664333343506e-01
8.816730976104736328e-01 -1.318820863962173462e-01 4.530559182167053223e-01
8.860661387443542480e-01 -1.348937451839447021e-01 4.434981346130371094e-01
8.902587890625000000e-01 -1.378465592861175537e-01 4.340941309928894043e-01
8.942047357559204102e-01 -1.407365053892135620e-01 4.249601066112518311e-01
8.978691697120666504e-01 -1.435586810111999512e-01 4.161992967128753662e-01
9.012275338172912598e-01 -1.463086307048797607e-01 4.079003334045410156e-01
9.042668938636779785e-01 -1.489823907613754272e-01 4.001319408416748047e-01
9.069841504096984863e-01 -1.515755802392959595e-01 3.929435610771179199e-01
9.093849658966064453e-01 -1.540834158658981323e-01 3.863641619682312012e-01
9.114832282066345215e-01 -1.565007418394088745e-01 3.804022073745727539e-01
9.132982492446899414e-01 -1.588206440210342407e-01 3.750496506690979004e-01
9.148545861244201660e-01 -1.610362082719802856e-01 3.702817857265472412e-01
9.161795973777770996e-01 -1.631390750408172607e-01 3.660608232021331787e-01
9.173033237457275391e-01 -1.651198416948318481e-01 3.623396754264831543e-01
9.182567000389099121e-01 -1.669679731130599976e-01 3.590630888938903809e-01
9.190713167190551758e-01 -1.686727851629257202e-01 3.561705946922302246e-01
9.197782278060913086e-01 -1.702234148979187012e-01 3.535987138748168945e-01
9.204077124595642090e-01 -1.716074496507644653e-01 3.512839078903198242e-01
9.209893345832824707e-01 -1.728147566318511963e-01 3.491614758968353271e-01
9.215506911277770996e-01 -1.738340854644775391e-01 3.471685647964477539e-01
9.221178293228149414e-01 -1.746561974287033081e-01 3.452447652816772461e-01
9.227151274681091309e-01 -1.752728521823883057e-01 3.433309793472290039e-01
9.233646988868713379e-01 -1.756776273250579834e-01 3.413722515106201172e-01
9.240862727165222168e-01 -1.758670359849929810e-01 3.393158316612243652e-01
9.248980879783630371e-01 -1.758397370576858521e-01 3.371112346649169922e-01
9.258149862289428711e-01 -1.755987107753753662e-01 3.347112834453582764e-01
9.268499016761779785e-01 -1.751504540443420410e-01 3.320718407630920410e-01
9.280124902725219727e-01 -1.745063066482543945e-01 3.291509151458740234e-01
9.293096661567687988e-01 -1.736827045679092407e-01 3.259108066558837891e-01
9.307449460029602051e-01 -1.727012991905212402e-01 3.223167359828948975e-01
9.323180913925170898e-01 -1.715901643037796021e-01 3.183391988277435303e-01
9.340250492095947266e-01 -1.703831404447555542e-01 3.139535188674926758e-01
9.358571767807006836e-01 -1.691201627254486084e-01 3.091433942317962646e-01
9.378019571304321289e-01 -1.678465008735656738e-01 3.038997650146484375e-01
9.398418664932250977e-01 -1.666118502616882324e-01 2.982242405414581299e-01
9.419552683830261230e-01 -1.654697209596633911e-01 2.921302020549774170e-01
9.441162347793579102e-01 -1.644751876592636108e-01 2.856438755989074707e-01
9.462952613830566406e-01 -1.636830419301986694e-01 2.788068056106567383e-01
9.484599828720092773e-01 -1.631460487842559814e-01 2.716746330261230469e-01
9.505763649940490723e-01 -1.629096865653991699e-01 2.643201053142547607e-01
9.526095986366271973e-01 -1.630137264728546143e-01 2.568297982215881348e-01
9.545261263847351074e-01 -1.634863913059234619e-01 2.493036389350891113e-01
9.562941789627075195e-01 -1.643435508012771606e-01 2.418524473905563354e-01
9.578865766525268555e-01 -1.655871570110321045e-01 2.345940172672271729e-01
9.592797160148620605e-01 -1.672068089246749878e-01 2.276494950056076050e-01
9.604569673538208008e-01 -1.691761910915374756e-01 2.211375832557678223e-01
9.614072442054748535e-01 -1.714577823877334595e-01 2.151708751916885376e-01
9.621254801750183105e-01 -1.740034222602844238e-01 2.098508030176162720e-01
9.626128077507019043e-01 -1.767570227384567261e-01 2.052641361951828003e-01
9.628758430480957031e-01 -1.796589046716690063e-01 2.014767378568649292e-01
9.629244804382324219e-01 -1.826466917991638184e-01 1.985365450382232666e-01
9.627723097801208496e-01 -1.856606602668762207e-01 1.964678913354873657e-01
9.624351263046264648e-01 -1.886442452669143677e-01 1.952739208936691284e-01
9.619296789169311523e-01 -1.915477365255355835e-01 1.949376612901687622e-01
9.612731337547302246e-01 -1.943295001983642578e-01 1.954226046800613403e-01
9.604824781417846680e-01 -1.969561278820037842e-01 1.966762542724609375e-01
9.595744609832763672e-01 -1.994036436080932617e-01 1.986332386732101440e-01
9.585645198822021484e-01 -2.016582787036895752e-01 2.012166082859039307e-01
9.574673771858215332e-01 -2.037143856287002563e-01 2.043444216251373291e-01
9.562975168228149414e-01 -2.055747658014297485e-01 2.079279571771621704e-01
9.550685286521911621e-01 -2.072489261627197266e-01 2.118773609399795532e-01
9.537931680679321289e-01 -2.087546586990356445e-01 2.161021381616592407e-01
9.524836540222167969e-01 -2.101131081581115723e-01 2.205163240432739258e-01
9.511519670486450195e-01 -2.113513499498367310e-01 2.250346243381500244e-01
9.498090147972106934e-01 -2.125000655651092529e-01 2.295791059732437134e-01
9.484658837318420410e-01 -2.135912030935287476e-01 2.340755015611648560e-01
9.471319913864135742e-01 -2.146606445312500000e-01 2.384573221206665039e-01
9.458166956901550293e-01 -2.157435268163681030e-01 2.426632493734359741e-01
9.445278048515319824e-01 -2.168762981891632080e-01 2.466411888599395752e-01
9.432721734046936035e-01 -2.180939912796020508e-01 2.503449320793151855e-01
9.420554041862487793e-01 -2.194302678108215332e-01 2.537358999252319336e-01
9.408817291259765625e-01 -2.209156155586242676e-01 2.567834556102752686e-01
9.397541284561157227e-01 -2.225777953863143921e-01 2.594638466835021973e-01
9.386733770370483398e-01 -2.244400382041931152e-01 2.617614567279815674e-01
9.376394748687744141e-01 -2.265198826789855957e-01 2.636683285236358643e-01
9.366506338119506836e-01 -2.288301289081573486e-01 2.651834189891815186e-01
9.357033967971801758e-01 -2.313784658908843994e-01 2.663140594959259033e-01
9.347926974296569824e-01 -2.341671288013458252e-01 2.670737206935882568e-01
9.339119195938110352e-01 -2.371930181980133057e-01 2.674846351146697998e-01
9.330531358718872070e-01 -2.404489964246749878e-01 2.675747275352478027e-01
9.322063326835632324e-01 -2.439252138137817383e-01 2.673797607421875000e-01
9.313605427742004395e-01 -2.476080358028411865e-01 2.669417262077331543e-01
9.305036664009094238e-01 -2.514815628528594971e-01 2.663078606128692627e-01
9.296230077743530273e-01 -2.555280625820159912e-01 2.655305266380310059e-01
9.287049770355224609e-01 -2.597288191318511963e-01 2.646660506725311279e-01
9.277352094650268555e-01 -2.640656828880310059e-01 2.637737989425659180e-01
9.267004132270812988e-01 -2.685182690620422363e-01 2.629149258136749268e-01
9.255871176719665527e-01 -2.730676233768463135e-01 2.621497809886932373e-01
9.243825674057006836e-01 -2.776954770088195801e-01 2.615380883216857910e-01
9.230754375457763672e-01 -2.823832929134368896e-01 2.611346840858459473e-01
9.216548800468444824e-01 -2.871150970458984375e-01 2.609924972057342529e-01
9.201125502586364746e-01 -2.918742597103118896e-01 2.611557245254516602e-01
9.184403419494628906e-01 -2.966468036174774170e-01 2.616638839244842529e-01
9.166327714920043945e-01 -3.014191389083862305e-01 2.625470459461212158e-01
9.146847724914550781e-01 -3.061807155609130859e-01 2.638279795646667480e-01
9.125937819480895996e-01 -3.109206557273864746e-01 2.655199468135833740e-01
9.103581309318542480e-01 -3.156301677227020264e-01 2.676297724246978760e-01
9.079775810241699219e-01 -3.203015029430389404e-01 2.701548039913177490e-01
9.054531455039978027e-01 -3.249282538890838623e-01 2.730864882469177246e-01
9.027865529060363770e-01 -3.295049071311950684e-01 2.764108777046203613e-01
8.999808430671691895e-01 -3.340266346931457520e-01 2.801084816455841064e-01
8.970398902893066406e-01 -3.384891748428344727e-01 2.841557264328002930e-01
8.939678668975830078e-01 -3.428894877433776855e-01 2.885277569293975830e-01
8.907698988914489746e-01 -3.472238183021545410e-01 2.931971251964569092e-01
8.874517679214477539e-01 -3.514890968799591064e-01 2.981357574462890625e-01
8.840197324752807617e-01 -3.556799292564392090e-01 3.033164143562316895e-01
8.804811835289001465e-01 -3.597919642925262451e-01 3.087113201618194580e-01
8.768440485000610352e-01 -3.638187348842620850e-01 3.142934143543243408e-01
8.731174468994140625e-01 -3.677517473697662354e-01 3.200384378433227539e-01
8.693119883537292480e-01 -3.715805113315582275e-01 3.259209692478179932e-01
8.654391765594482422e-01 -3.752925693988800049e-01 3.319194018840789795e-01
8.615124821662902832e-01 -3.788729310035705566e-01 3.380112946033477783e-01
8.575463294982910156e-01 -3.823044300079345703e-01 3.441767394542694092e-01
8.535585403442382812e-01 -3.855656683444976807e-01 3.503952622413635254e-01
8.495681285858154297e-01 -3.886339962482452393e-01 3.566477298736572266e-01
8.455967307090759277e-01 -3.914839327335357666e-01 3.629140257835388184e-01
8.416678309440612793e-01 -3.940884172916412354e-01 3.691742122173309326e-01
8.378075957298278809e-01 -3.964187502861022949e-01 3.754071295261383057e-01
8.340447545051574707e-01 -3.984448611736297607e-01 3.815902471542358398e-01
8.304095864295959473e-01 -4.001373052597045898e-01 3.876984417438507080e-01
8.269339799880981445e-01 -4.014671742916107178e-01 3.937057256698608398e-01
8.236508369445800781e-01 -4.024080634117126465e-01 3.995836377143859863e-01
8.205929994583129883e-01 -4.029369056224822998e-01 4.053011536598205566e-01
8.177915811538696289e-01 -4.030356109142303467e-01 4.108275473117828369e-01
8.152759671211242676e-01 -4.026914238929748535e-01 4.161306321620941162e-01
8.130711317062377930e-01 -4.019007682800292969e-01 4.211781322956085205e-01
8.111975193023681641e-01 -4.006661474704742432e-01 4.259404838085174561e-01
8.096691966056823730e-01 -3.989996910095214844e-01 4.303894937038421631e-01
8.084928989410400391e-01 -3.969228863716125488e-01 4.345013201236724854e-01
8.076685667037963867e-01 -3.944638967514038086e-01 4.382575452327728271e-01
8.071875572204589844e-01 -3.916609883308410645e-01 4.416446983814239502e-01
8.070328831672668457e-01 -3.885590136051177979e-01 4.446569979190826416e-01
8.071807026863098145e-01 -3.852097392082214355e-01 4.472949504852294922e-01
8.076002001762390137e-01 -3.816695511341094971e-01 4.495666921138763428e-01
8.082544803619384766e-01 -3.780000209808349609e-01 4.514870941638946533e-01
8.091021776199340820e-01 -3.742640912532806396e-01 4.530784785747528076e-01
8.100978732109069824e-01 -3.705255389213562012e-01 4.543701410293579102e-01
8.111948966979980469e-01 -3.668477237224578857e-01 4.553961157798767090e-01
8.123464584350585938e-01 -3.632915616035461426e-01 4.561934769153594971e-01
8.135052323341369629e-01 -3.599135279655456543e-01 4.568057060241699219e-01
8.146263360977172852e-01 -3.567653894424438477e-01 4.572771191596984863e-01
8.156675100326538086e-01 -3.538933992385864258e-01 4.576526284217834473e-01
8.165898919105529785e-01 -3.513361811637878418e-01 4.579780399799346924e-01
8.173586726188659668e-01 -3.491247296333312988e-01 4.582977294921875000e-01
8.179432153701782227e-01 -3.472813367843627930e-01 4.586551487445831299e-01
8.183174133300781250e-01 -3.458217680454254150e-01 4.590902626514434814e-01
8.184590935707092285e-01 -3.447527587413787842e-01 4.596413671970367432e-01
8.183509111404418945e-01 -3.440728783607482910e-01 4.603429734706878662e-01
8.179791569709777832e-01 -3.437743484973907471e-01 4.612259566783905029e-01
8.173328638076782227e-01 -3.438423275947570801e-01 4.623196423053741455e-01
8.164054751396179199e-01 -3.442561030387878418e-01 4.636484086513519287e-01
8.151922821998596191e-01 -3.449887633323669434e-01 4.652357697486877441e-01
8.136914372444152832e-01 -3.460115194320678711e-01 4.670999646186828613e-01
8.119032979011535645e-01 -3.472905755043029785e-01 4.692572355270385742e-01
8.098289966583251953e-01 -3.487920463085174561e-01 4.717214405536651611e-01
8.074712157249450684e-01 -3.504814803600311279e-01 4.745029807090759277e-01
8.048346042633056641e-01 -3.523248136043548584e-01 4.776071310043334961e-01
8.019227981567382812e-01 -3.542918264865875244e-01 4.810376167297363281e-01
7.987407445907592773e-01 -3.563554286956787109e-01 4.847927391529083252e-01
7.952926754951477051e-01 -3.584943115711212158e-01 4.888674914836883545e-01
7.915831208229064941e-01 -3.606940209865570068e-01 4.932504594326019287e-01
7.876147031784057617e-01 -3.629474937915802002e-01 4.979279041290283203e-01
7.833918929100036621e-01 -3.652554154396057129e-01 5.028773546218872070e-01
7.789158225059509277e-01 -3.676266372203826904e-01 5.080755949020385742e-01
7.741904258728027344e-01 -3.700776100158691406e-01 5.134897232055664062e-01
7.692170143127441406e-01 -3.726319372653961182e-01 5.190863013267517090e-01
7.639988064765930176e-01 -3.753181099891662598e-01 5.248256921768188477e-01
7.585394978523254395e-01 -3.781688511371612549e-01 5.306657552719116211e-01
7.528440356254577637e-01 -3.812186121940612793e-01 5.365614891052246094e-01
7.469184398651123047e-01 -3.845018744468688965e-01 5.424675345420837402e-01
7.407709956169128418e-01 -3.880507349967956543e-01 5.483384132385253906e-01
7.344116568565368652e-01 -3.918924629688262939e-01 5.541297197341918945e-01
7.278527617454528809e-01 -3.960481584072113037e-01 5.598000884056091309e-01
7.211072444915771484e-01 -4.005311131477355957e-01 5.653133392333984375e-01
7.141910195350646973e-01 -4.053457081317901611e-01 5.706365108489990234e-01
7.071204781532287598e-01 -4.104872643947601318e-01 5.757437348365783691e-01
6.999140977859497070e-01 -4.159415662288665771e-01 5.806142091751098633e-01
6.925902962684631348e-01 -4.216845929622650146e-01 5.852357149124145508e-01
6.851676702499389648e-01 -4.276849925518035889e-01 5.896021723747253418e-01
6.776660084724426270e-01 -4.339035749435424805e-01 5.937141776084899902e-01
6.701039075851440430e-01 -4.402963221073150635e-01 5.975784063339233398e-01
6.624997258186340332e-01 -4.468142390251159668e-01 6.012080311775207520e-01
6.548711061477661133e-01 -4.534055888652801514e-01 6.046215295791625977e-01
6.472350955009460449e-01 -4.600186944007873535e-01 6.078400611877441406e-01
6.396081447601318359e-01 -4.666017591953277588e-01 6.108880043029785156e-01
6.320047378540039062e-01 -4.731054306030273438e-01 6.137924790382385254e-01
6.244392395019531250e-01 -4.794825613498687744e-01 6.165810227394104004e-01
6.169258952140808105e-01 -4.856909811496734619e-01 6.192792057991027832e-01
6.094779372215270996e-01 -4.916920363903045654e-01 6.219128966331481934e-01
6.021090745925903320e-01 -4.974531233310699463e-01 6.245038509368896484e-01
5.948325395584106445e-01 -5.029469132423400879e-01 6.270715594291687012e-01
5.876617431640625000e-01 -5.081515312194824219e-01 6.296314001083374023e-01
5.806100368499755859e-01 -5.130519866943359375e-01 6.321943402290344238e-01
5.736913681030273438e-01 -5.176389217376708984e-01 6.347661614418029785e-01
5.669181942939758301e-01 -5.219090580940246582e-01 6.373497247695922852e-01
5.603039264678955078e-01 -5.258659124374389648e-01 6.399411559104919434e-01
5.538609623908996582e-01 -5.295184254646301270e-01 6.425326466560363770e-01
5.475999116897583008e-01 -5.328826904296875000e-01 6.451127529144287109e-01
5.415314435958862305e-01 -5.359785556793212891e-01 6.476656794548034668e-01
5.356639027595520020e-01 -5.388338565826416016e-01 6.501708626747131348e-01
5.300030708312988281e-01 -5.414793491363525391e-01 6.526076793670654297e-01
5.245525240898132324e-01 -5.439518094062805176e-01 6.549512147903442383e-01
5.193145275115966797e-01 -5.462911128997802734e-01 6.571745276451110840e-01
5.142864584922790527e-01 -5.485399961471557617e-01 6.592521071434020996e-01
5.094640851020812988e-01 -5.507407784461975098e-01 6.611588001251220703e-01
5.048394203186035156e-01 -5.529374480247497559e-01 6.628704667091369629e-01
5.004025101661682129e-01 -5.551688671112060547e-01 6.643679738044738770e-01
4.961406588554382324e-01 -5.574706792831420898e-01 6.656356453895568848e-01
4.920371770858764648e-01 -5.598737001419067383e-01 6.666640043258666992e-01
4.880749285221099854e-01 -5.623985528945922852e-01 6.674509644508361816e-01
4.842343628406524658e-01 -5.650583505630493164e-01 6.680016517639160156e-01
4.804934859275817871e-01 -5.678579807281494141e-01 6.683287024497985840e-01
4.768314063549041748e-01 -5.707893371582031250e-01 6.684545278549194336e-01
4.732258915901184082e-01 -5.738363862037658691e-01 6.684077978134155273e-01
4.696538448333740234e-01 -5.769754648208618164e-01 6.682249307632446289e-01
4.660947918891906738e-01 -5.801713466644287109e-01 6.679496765136718750e-01
4.625276625156402588e-01 -5.833848714828491211e-01 6.676303744316101074e-01
4.589346349239349365e-01 -5.865695476531982422e-01 6.673194169998168945e-01
4.552982449531555176e-01 -5.896744728088378906e-01 6.670738458633422852e-01
4.516045153141021729e-01 -5.926461219787597656e-01 6.669512987136840820e-01
4.478398561477661133e-01 -5.954286456108093262e-01 6.670113205909729004e-01
4.439954757690429688e-01 -5.979655385017395020e-01 6.673119068145751953e-01
4.400626122951507568e-01 -6.002019047737121582e-01 6.679090857505798340e-01
4.360333979129791260e-01 -6.020858883857727051e-01 6.688553094863891602e-01
4.319011867046356201e-01 -6.035701036453247070e-01 6.701973676681518555e-01
4.276559948921203613e-01 -6.046141386032104492e-01 6.719762086868286133e-01
4.232870638370513916e-01 -6.051875352859497070e-01 6.742226481437683105e-01
4.187789261341094971e-01 -6.052697300910949707e-01 6.769584417343139648e-01
4.141120314598083496e-01 -6.048539876937866211e-01 6.801933050155639648e-01
4.092602729797363281e-01 -6.039476394653320312e-01 6.839249730110168457e-01
4.041917920112609863e-01 -6.025737524032592773e-01 6.881379485130310059e-01
3.988708555698394775e-01 -6.007705330848693848e-01 6.928036212921142578e-01
3.932560682296752930e-01 -5.985906124114990234e-01 6.978816986083984375e-01
3.873053193092346191e-01 -5.961013436317443848e-01 7.033190727233886719e-01
3.809747099876403809e-01 -5.933792591094970703e-01 7.090551853179931641e-01
3.742225468158721924e-01 -5.905084013938903809e-01 7.150225043296813965e-01
3.670147359371185303e-01 -5.875762701034545898e-01 7.211478352546691895e-01
3.593214750289916992e-01 -5.846694707870483398e-01 7.273580431938171387e-01
3.511237800121307373e-01 -5.818690657615661621e-01 7.335806488990783691e-01
3.424142003059387207e-01 -5.792443156242370605e-01 7.397489547729492188e-01
3.331971168518066406e-01 -5.768545269966125488e-01 7.458006739616394043e-01
3.234897851943969727e-01 -5.747414827346801758e-01 7.516825795173645020e-01
3.133213818073272705e-01 -5.729311108589172363e-01 7.573505043983459473e-01
3.027339279651641846e-01 -5.714322924613952637e-01 7.627694606781005859e-01
2.917791008949279785e-01 -5.702366828918457031e-01 7.679159641265869141e-01
2.805199027061462402e-01 -5.693228244781494141e-01 7.727742791175842285e-01
2.690236866474151611e-01 -5.686560273170471191e-01 7.773393988609313965e-01
2.573665082454681396e-01 -5.681923627853393555e-01 7.816135883331298828e-01
2.456269413232803345e-01 -5.678800940513610840e-01 7.856077551841735840e-01
2.338864505290985107e-01 -5.676659345626831055e-01 7.893367409706115723e-01
2.222252339124679565e-01 -5.674928426742553711e-01 7.928227782249450684e-01
2.107259035110473633e-01 -5.673034787178039551e-01 7.960913777351379395e-01
1.994642913341522217e-01 -5.670432448387145996e-01 7.991720438003540039e-01
1.885174214839935303e-01 -5.666603446006774902e-01 8.020955920219421387e-01
1.779543310403823853e-01 -5.661042332649230957e-01 8.048964142799377441e-01
1.678403019905090332e-01 -5.653306841850280762e-01 8.076081275939941406e-01
1.582340151071548462e-01 -5.642966628074645996e-01 8.102661967277526855e-01
1.491848230361938477e-01 -5.629640817642211914e-01 8.129054903984069824e-01
1.407345086336135864e-01 -5.612965822219848633e-01 8.155611753463745117e-01
1.329151690006256104e-01 -5.592613220214843750e-01 8.182666897773742676e-01
1.257461905479431152e-01 -5.568277835845947266e-01 8.210546970367431641e-01
1.192369535565376282e-01 -5.539662241935729980e-01 8.239562511444091797e-01
1.133811920881271362e-01 -5.506536364555358887e-01 8.269977569580078125e-01
1.081586480140686035e-01 -5.468671321868896484e-01 8.302035927772521973e-01
1.035361289978027344e-01 -5.425891876220703125e-01 8.335930109024047852e-01
9.946381300687789917e-02 -5.378094315528869629e-01 8.371785879135131836e-01
9.587576240301132202e-02 -5.325234532356262207e-01 8.409676551818847656e-01
9.269203245639801025e-02 -5.267366170883178711e-01 8.449595570564270020e-01
8.981954306364059448e-02 -5.204653143882751465e-01 8.491456508636474609e-01
8.715207129716873169e-02 -5.137379765510559082e-01 8.535091876983642578e-01
8.457353711128234863e-02 -5.065963864326477051e-01 8.580253124237060547e-01
8.195935934782028198e-02 -4.990989267826080322e-01 8.626604080200195312e-01
7.918172329664230347e-02 -4.913160502910614014e-01 8.673745989799499512e-01
7.611175626516342163e-02 -4.833342134952545166e-01 8.721209764480590820e-01
7.262379676103591919e-02 -4.752523601055145264e-01 8.768472671508789062e-01
6.860081851482391357e-02 -4.671778976917266846e-01 8.814980387687683105e-01
6.393726170063018799e-02 -4.592287838459014893e-01 8.860141038894653320e-01
5.854220688343048096e-02 -4.515247046947479248e-01 8.903359770774841309e-01
5.234498530626296997e-02 -4.441856741905212402e-01 8.944042921066284180e-01
4.529526084661483765e-02 -4.373298287391662598e-01 8.981596827507019043e-01
3.736642003059387207e-02 -4.310659766197204590e-01 9.015464186668395996e-01
2.855152450501918793e-02 -4.254930913448333740e-01 9.045112133026123047e-01
1.886939257383346558e-02 -4.206942915916442871e-01 9.070061445236206055e-01
8.356383070349693298e-03 -4.167364537715911865e-01 9.089889526367187500e-01
-2.932386938482522964e-03 -4.136661887168884277e-01 9.104239344596862793e-01
-1.492712739855051041e-02 -4.115062654018402100e-01 9.112846851348876953e-01
-2.754837647080421448e-02 -4.102555513381958008e-01 9.115544557571411133e-01
-4.070701822638511658e-02 -4.098904430866241455e-01 9.112259745597839355e-01
-5.431181564927101135e-02 -4.103617072105407715e-01 9.103040695190429688e-01
-6.827148050069808960e-02 -4.115940928459167480e-01 9.088065028190612793e-01
-8.249634504318237305e-02 -4.134923815727233887e-01 9.067625999450683594e-01
-9.690479189157485962e-02 -4.159395992755889893e-01 9.042143821716308594e-01
-1.114237010478973389e-01 -4.188023209571838379e-01 9.012154936790466309e-01
-1.259874254465103149e-01 -4.219313859939575195e-01 8.978313207626342773e-01
-1.405498683452606201e-01 -4.251686632633209229e-01 8.941349387168884277e-01
-1.550745368003845215e-01 -4.283477067947387695e-01 8.902078866958618164e-01
-1.695444434881210327e-01 -4.313000440597534180e-01 8.861348032951354980e-01
-1.839582324028015137e-01 -4.338555932044982910e-01 8.820026516914367676e-01
-1.983321309089660645e-01 -4.358510076999664307e-01 8.778942227363586426e-01
-2.127011865377426147e-01 -4.371267855167388916e-01 8.738868832588195801e-01
-2.271153330802917480e-01 -4.375338852405548096e-01 8.700475096702575684e-01
-2.416428625583648682e-01 -4.369322061538696289e-01 8.664288520812988281e-01
-2.563667297363281250e-01 -4.351952970027923584e-01 8.630649447441101074e-01
-2.713824510574340820e-01 -4.322083294391632080e-01 8.599694967269897461e-01
-2.867964208126068115e-01 -4.278688132762908936e-01 8.571324348449707031e-01
-3.027244508266448975e-01 -4.220866262912750244e-01 8.545178174972534180e-01
-3.192873597145080566e-01 -4.147839844226837158e-01 8.520621061325073242e-01
-3.366073966026306152e-01 -4.058957099914550781e-01 8.496729731559753418e-01
-3.548045456409454346e-01 -3.953692913055419922e-01 8.472289443016052246e-01
-3.739893436431884766e-01 -3.831668496131896973e-01 8.445798754692077637e-01
-3.942622244358062744e-01 -3.692660331726074219e-01 8.415461778640747070e-01
-4.156983196735382080e-01 -3.536660969257354736e-01 8.379231691360473633e-01
-4.383479952812194824e-01 -3.363879621028900146e-01 8.334831595420837402e-01
-4.622232615947723389e-01 -3.174862265586853027e-01 8.279808163642883301e-01
-4.872943162918090820e-01 -2.970480620861053467e-01 8.211618065834045410e-01
-5.134761333465576172e-01 -2.752090096473693848e-01 8.127744793891906738e-01
-5.406265258789062500e-01 -2.521553933620452881e-01 8.025836944580078125e-01
-5.685443878173828125e-01 -2.281344681978225708e-01 7.903872132301330566e-01
-5.969681143760681152e-01 -2.034584283828735352e-01 7.760372161865234375e-01
-6.255845427513122559e-01 -1.785018742084503174e-01 7.594610452651977539e-01
-6.540418863296508789e-01 -1.537051945924758911e-01 7.406780123710632324e-01
-6.819685101509094238e-01 -1.295548677444458008e-01 7.198155522346496582e-01
-7.089945673942565918e-01 -1.065752655267715454e-01 6.971143484115600586e-01
-7.347766757011413574e-01 -8.529995381832122803e-02 6.729244589805603027e-01
-7.590172290802001953e-01 -6.625510752201080322e-02 6.476905345916748047e-01
-7.814802527427673340e-01 -4.993181303143501282e-02 6.219286918640136719e-01
-8.019963502883911133e-01 -3.676488623023033142e-02 5.961965322494506836e-01
-8.204628825187683105e-01 -2.712376415729522705e-02 5.710560679435729980e-01
-8.368328213691711426e-01 -2.130063436925411224e-02 5.470439791679382324e-01
-8.510975241661071777e-01 -1.950752735137939453e-02 5.246450901031494141e-01
-8.632721900939941406e-01 -2.187519893050193787e-02 5.042643547058105469e-01
-8.733732700347900391e-01 -2.845893055200576782e-02 4.862192571163177490e-01
-8.814080357551574707e-01 -3.923825547099113464e-02 4.707231521606445312e-01
-8.873631358146667480e-01 -5.411755666136741638e-02 4.578842222690582275e-01
-8.912038803100585938e-01 -7.292325049638748169e-02 4.477029144763946533e-01
-8.928773999214172363e-01 -9.540436416864395142e-02 4.400772750377655029e-01
-8.923285007476806641e-01 -1.212273463606834412e-01 4.348031580448150635e-01
-8.895152807235717773e-01 -1.499745547771453857e-01 4.315902590751647949e-01
-8.844328522682189941e-01 -1.811552345752716064e-01 4.300712943077087402e-01
-8.771344423294067383e-01 -2.142120301723480225e-01 4.298236072063446045e-01
-8.677481412887573242e-01 -2.485469281673431396e-01 4.303925037384033203e-01
-8.564865589141845703e-01 -2.835451662540435791e-01 4.313154220581054688e-01
-8.436448574066162109e-01 -3.186074793338775635e-01 4.321489334106445312e-01
-8.295857310295104980e-01 -3.531841039657592773e-01 4.324909448623657227e-01
-8.147192597389221191e-01 -3.867954611778259277e-01 4.319974184036254883e-01
-7.994721531867980957e-01 -4.190545082092285156e-01 4.303923249244689941e-01
-7.842609286308288574e-01 -4.496715962886810303e-01 4.274696111679077148e-01
-7.694637775421142578e-01 -4.784551262855529785e-01 4.230912029743194580e-01
-7.554022073745727539e-01 -5.053021311759948730e-01 4.171779155731201172e-01
-7.423280477523803711e-01 -5.301836133003234863e-01 4.097003042697906494e-01
-7.304174900054931641e-01 -5.531311035156250000e-01 4.006698429584503174e-01
-7.197706699371337891e-01 -5.742228627204895020e-01 3.901261091232299805e-01
-7.104160785675048828e-01 -5.935685038566589355e-01 3.781341612339019775e-01
-7.023180723190307617e-01 -6.113011837005615234e-01 3.647741377353668213e-01
-6.953808665275573730e-01 -6.275714039802551270e-01 3.501421511173248291e-01
-6.894597411155700684e-01 -6.425409317016601562e-01 3.343446254730224609e-01
-6.843650937080383301e-01 -6.563823223114013672e-01 3.175006806850433350e-01
-6.798698902130126953e-01 -6.692775487899780273e-01 2.997405230998992920e-01
-6.757145524024963379e-01 -6.814188957214355469e-01 2.812084257602691650e-01
-6.716116666793823242e-01 -6.930088400840759277e-01 2.620620429515838623e-01
-6.672490835189819336e-01 -7.042613029479980469e-01 2.424761503934860229e-01
-6.622943878173828125e-01 -7.153999805450439453e-01 2.226411998271942139e-01
-6.563974618911743164e-01 -7.266554236412048340e-01 2.027662396430969238e-01
-6.491960883140563965e-01 -7.382596731185913086e-01 1.830765753984451294e-01
-6.403176188468933105e-01 -7.504388689994812012e-01 1.638134121894836426e-01
-6.293872594833374023e-01 -7.634004950523376465e-01 1.452288478612899780e-01
-6.160315275192260742e-01 -7.773206830024719238e-01 1.275843977928161621e-01
-5.998916625976562500e-01 -7.923241257667541504e-01 1.111411601305007935e-01
-5.806350708007812500e-01 -8.084661364555358887e-01 9.615378081798553467e-02
-5.579691529273986816e-01 -8.257146477699279785e-01 8.285920321941375732e-02
-5.316671133041381836e-01 -8.439328670501708984e-01 7.146589457988739014e-02
-5.015887618064880371e-01 -8.628717064857482910e-01 6.213863193988800049e-02
-4.677087962627410889e-01 -8.821706175804138184e-01 5.498567968606948853e-02
-4.301373660564422607e-01 -9.013751149177551270e-01 5.004703253507614136e-02
-3.891403973102569580e-01 -9.199643135070800781e-01 4.728057980537414551e-02
-3.451382517814636230e-01 -9.373962283134460449e-01 4.656152054667472839e-02
-2.986911237239837646e-01 -9.531580209732055664e-01 4.767952114343643188e-02
-2.504670917987823486e-01 -9.668147563934326172e-01 5.035227909684181213e-02
-2.011931985616683960e-01 -9.780488610267639160e-01 5.423846840858459473e-02
-1.516018807888031006e-01 -9.866813421249389648e-01 5.896506831049919128e-02
-1.023773327469825745e-01 -9.926754236221313477e-01 6.414236873388290405e-02
-5.411383509635925293e-02 -9.961204528808593750e-01 6.939578056335449219e-02
-7.289687171578407288e-03 -9.972037672996520996e-01 7.437459379434585571e-02
3.773606568574905396e-02 -9.961780905723571777e-01 7.877322286367416382e-02
8.072765916585922241e-02 -9.933303594589233398e-01 8.232712745666503906e-02
1.215506792068481445e-01 -9.889538884162902832e-01 8.482661843299865723e-02
1.601531356573104858e-01 -9.833295345306396484e-01 8.610501885414123535e-02
1.965460032224655151e-01 -9.767120480537414551e-01 8.604230731725692749e-02
2.307820618152618408e-01 -9.693242311477661133e-01 8.455839008092880249e-02
2.629399001598358154e-01 -9.613545536994934082e-01 8.160927891731262207e-02
2.931134104728698730e-01 -9.529570937156677246e-01 7.718437165021896362e-02
3.213999569416046143e-01 -9.442554712295532227e-01 7.130037993192672729e-02
3.478997945785522461e-01 -9.353446364402770996e-01 6.400056928396224976e-02
3.727097213268280029e-01 -9.262956976890563965e-01 5.535095930099487305e-02
3.959258198738098145e-01 -9.171577095985412598e-01 4.543624073266983032e-02
4.176425635814666748e-01 -9.079616069793701172e-01 3.435853123664855957e-02
4.379531145095825195e-01 -8.987229466438293457e-01 2.223166264593601227e-02
4.569513797760009766e-01 -8.894442915916442871e-01 9.179982356727123260e-03
4.747363924980163574e-01 -8.801156878471374512e-01 -4.664089530706405640e-03
4.914077222347259521e-01 -8.707187175750732422e-01 -1.916949078440666199e-02
5.070706009864807129e-01 -8.612256050109863281e-01 -3.420235961675643921e-02
5.218313932418823242e-01 -8.516035079956054688e-01 -4.963388293981552124e-02
5.357996225357055664e-01 -8.418131470680236816e-01 -6.534035503864288330e-02
5.490843653678894043e-01 -8.318124413490295410e-01 -8.120667934417724609e-02
5.617930293083190918e-01 -8.215565085411071777e-01 -9.712615609169006348e-02
5.740308761596679688e-01 -8.109987378120422363e-01 -1.130030527710914612e-01
5.858947038650512695e-01 -8.000941872596740723e-01 -1.287508159875869751e-01
5.974756479263305664e-01 -7.887978553771972656e-01 -1.442935913801193237e-01
6.088535189628601074e-01 -7.770690917968750000e-01 -1.595655828714370728e-01
6.200962662696838379e-01 -7.648707628250122070e-01 -1.745092719793319702e-01
6.312587857246398926e-01 -7.521715760231018066e-01 -1.890772581100463867e-01
6.423812508583068848e-01 -7.389485836029052734e-01 -2.032275050878524780e-01
6.534883975982666016e-01 -7.251860499382019043e-01 -2.169285863637924194e-01
6.645908355712890625e-01 -7.108780741691589355e-01 -2.301553487777709961e-01
6.756837964057922363e-01 -6.960293054580688477e-01 -2.428881227970123291e-01
6.867491602897644043e-01 -6.806548833847045898e-01 -2.551166117191314697e-01
6.977562308311462402e-01 -6.647813320159912109e-01 -2.668371796607971191e-01
7.086651921272277832e-01 -6.484440565109252930e-01 -2.780538201332092285e-01
7.194265127182006836e-01 -6.316891312599182129e-01 -2.887806296348571777e-01
7.299872040748596191e-01 -6.145684123039245605e-01 -2.990391552448272705e-01
7.402898669242858887e-01 -5.971395373344421387e-01 -3.088612854480743408e-01
7.502768039703369141e-01 -5.794629454612731934e-01 -3.182884156703948975e-01
7.598916888236999512e-01 -5.615986585617065430e-01 -3.273704051971435547e-01
7.690830230712890625e-01 -5.436018705368041992e-01 -3.361670970916748047e-01
7.778022289276123047e-01 -5.255216360092163086e-01 -3.447470664978027344e-01
7.860084176063537598e-01 -5.073956251144409180e-01 -3.531860113143920898e-01
7.936658859252929688e-01 -4.892493188381195068e-01 -3.615652620792388916e-01
8.007447719573974609e-01 -4.710915684700012207e-01 -3.699738383293151855e-01
8.072205185890197754e-01 -4.529148340225219727e-01 -3.785010576248168945e-01
8.130720257759094238e-01 -4.346924424171447754e-01 -3.872419595718383789e-01
8.182806968688964844e-01 -4.163771271705627441e-01 -3.962914049625396729e-01
8.228271603584289551e-01 -3.979051113128662109e-01 -4.057425558567047119e-01
8.266896605491638184e-01 -3.791923224925994873e-01 -4.156889915466308594e-01
8.298429250717163086e-01 -3.601393401622772217e-01 -4.262163639068603516e-01
8.322527408599853516e-01 -3.406319320201873779e-01 -4.374074935913085938e-01
8.338762521743774414e-01 -3.205463588237762451e-01 -4.493333399295806885e-01
8.346580862998962402e-01 -2.997523546218872070e-01 -4.620545506477355957e-01
8.345299363136291504e-01 -2.781218290328979492e-01 -4.756133556365966797e-01
8.334085941314697266e-01 -2.555320262908935547e-01 -4.900340735912322998e-01
8.311986923217773438e-01 -2.318751066923141479e-01 -5.053145289421081543e-01
8.277918696403503418e-01 -2.070658206939697266e-01 -5.214253664016723633e-01
8.230734467506408691e-01 -1.810510754585266113e-01 -5.383034348487854004e-01
8.169263601303100586e-01 -1.538178920745849609e-01 -5.558519959449768066e-01
8.092408776283264160e-01 -1.254028677940368652e-01 -5.739367604255676270e-01
7.999225854873657227e-01 -9.589618444442749023e-02 -5.923914909362792969e-01
7.889062762260437012e-01 -6.544484198093414307e-02 -6.110187172889709473e-01
7.761635184288024902e-01 -3.425373136997222900e-02 -6.296005845069885254e-01
7.617132067680358887e-01 -2.577239181846380234e-03 -6.479092240333557129e-01
7.456294298171997070e-01 2.928934246301651001e-02 -6.657168269157409668e-01
7.280421853065490723e-01 6.102216988801956177e-02 -6.828110218048095703e-01
7.091352343559265137e-01 9.228761494159698486e-02 -6.990065574645996094e-01
6.891394257545471191e-01 1.227597072720527649e-01 -7.141547203063964844e-01
6.683228611946105957e-01 1.521320641040802002e-01 -7.281486392021179199e-01
6.469770669937133789e-01 1.801350116729736328e-01 -7.409264445304870605e-01
6.254038810729980469e-01 2.065444588661193848e-01 -7.524688839912414551e-01
6.039022207260131836e-01 2.311859577894210815e-01 -7.627943158149719238e-01
5.827576518058776855e-01 2.539380788803100586e-01 -7.719513773918151855e-01
5.622354149818420410e-01 2.747272551059722900e-01 -7.800104618072509766e-01
5.425742268562316895e-01 2.935248315334320068e-01 -7.870555520057678223e-01
5.239841938018798828e-01 3.103402554988861084e-01 -7.931768298149108887e-01
5.066460371017456055e-01 3.252146244049072266e-01 -7.984643578529357910e-01
4.907126724720001221e-01 3.382134437561035156e-01 -8.030022978782653809e-01
4.763117134571075439e-01 3.494205176830291748e-01 -8.068658113479614258e-01
4.635445773601531982e-01 3.589326441287994385e-01 -8.101196289062500000e-01
4.524909257888793945e-01 3.668541908264160156e-01 -8.128160238265991211e-01
4.432086050510406494e-01 3.732922077178955078e-01 -8.149963617324829102e-01
4.357355535030364990e-01 3.783544003963470459e-01 -8.166899681091308594e-01
4.300909340381622314e-01 3.821446895599365234e-01 -8.179164528846740723e-01
4.262734353542327881e-01 3.847600817680358887e-01 -8.186883330345153809e-01
4.242641031742095947e-01 3.862899243831634521e-01 -8.190115690231323242e-01
4.240258634090423584e-01 3.868129253387451172e-01 -8.188881874084472656e-01
4.255033135414123535e-01 3.863969743251800537e-01 -8.183179497718811035e-01
4.286243915557861328e-01 3.850971162319183350e-01 -8.173012733459472656e-01
4.333017766475677490e-01 3.829572200775146484e-01 -8.158389925956726074e-01
4.394349753856658936e-01 3.800092637538909912e-01 -8.139348030090332031e-01
4.469111263751983643e-01 3.762748241424560547e-01 -8.115957975387573242e-01
4.556085467338562012e-01 3.717675805091857910e-01 -8.088323473930358887e-01
4.653985798358917236e-01 3.664923310279846191e-01 -8.056597113609313965e-01
4.761480391025543213e-01 3.604512214660644531e-01 -8.020960688591003418e-01
4.877219796180725098e-01 3.536434769630432129e-01 -7.981625795364379883e-01
4.999842345714569092e-01 3.460685312747955322e-01 -7.938843369483947754e-01
5.128004550933837891e-01 3.377301096916198730e-01 -7.892870306968688965e-01
5.260383486747741699e-01 3.286379873752593994e-01 -7.843983769416809082e-01
5.395685434341430664e-01 3.188112974166870117e-01 -7.792464494705200195e-01
5.532651543617248535e-01 3.082825541496276855e-01 -7.738601565361022949e-01
5.670049190521240234e-01 2.970992326736450195e-01 -7.682691812515258789e-01
5.806677341461181641e-01 2.853292226791381836e-01 -7.625039219856262207e-01
5.941348075866699219e-01 2.730630338191986084e-01 -7.565979361534118652e-01
6.072888970375061035e-01 2.604190111160278320e-01 -7.505878210067749023e-01
6.200140118598937988e-01 2.475442439317703247e-01 -7.445162534713745117e-01
6.321946382522583008e-01 2.346206754446029663e-01 -7.384329438209533691e-01
6.437132358551025391e-01 2.218660861253738403e-01 -7.323993444442749023e-01
6.544530987739562988e-01 2.095376253128051758e-01 -7.264881730079650879e-01
6.642971634864807129e-01 1.979284286499023438e-01 -7.207868695259094238e-01
6.731252670288085938e-01 1.873700767755508423e-01 -7.153983712196350098e-01
6.808162927627563477e-01 1.782256364822387695e-01 -7.104399204254150391e-01
6.872456669807434082e-01 1.708824038505554199e-01 -7.060400843620300293e-01
6.922819614410400391e-01 1.657437831163406372e-01 -7.023351788520812988e-01
6.957852840423583984e-01 1.632119417190551758e-01 -6.994602680206298828e-01
6.976028084754943848e-01 1.636716723442077637e-01 -6.975399851799011230e-01
6.975661516189575195e-01 1.674681007862091064e-01 -6.966749429702758789e-01
6.954917311668395996e-01 1.748794168233871460e-01 -6.969277858734130859e-01
6.911818385124206543e-01 1.860919445753097534e-01 -6.983104944229125977e-01
6.844338774681091309e-01 2.011671662330627441e-01 -7.007725238800048828e-01
6.750566363334655762e-01 2.200204730033874512e-01 -7.041941285133361816e-01
6.628934741020202637e-01 2.423980385065078735e-01 -7.083894610404968262e-01
6.478491425514221191e-01 2.678738832473754883e-01 -7.131164073944091797e-01
6.299217343330383301e-01 2.958593070507049561e-01 -7.180988192558288574e-01
6.092218160629272461e-01 3.256353139877319336e-01 -7.230562567710876465e-01
5.859870314598083496e-01 3.564048409461975098e-01 -7.277327179908752441e-01
5.605743527412414551e-01 3.873487114906311035e-01 -7.319272160530090332e-01
5.334359407424926758e-01 4.176937937736511230e-01 -7.355119585990905762e-01
5.050849914550781250e-01 4.467644393444061279e-01 -7.384380102157592773e-01
4.760482311248779297e-01 4.740196764469146729e-01 -7.407316565513610840e-01
4.468320906162261963e-01 4.990682303905487061e-01 -7.424768805503845215e-01
4.178891777992248535e-01 5.216633677482604980e-01 -7.437983155250549316e-01
3.895994722843170166e-01 5.416865348815917969e-01 -7.448409199714660645e-01
3.622657954692840576e-01 5.591207742691040039e-01 -7.457529902458190918e-01
3.361138105392456055e-01 5.740239024162292480e-01 -7.466753721237182617e-01
3.113057911396026611e-01 5.865020155906677246e-01 -7.477325797080993652e-01
2.879483401775360107e-01 5.966891646385192871e-01 -7.490311861038208008e-01
2.661082744598388672e-01 6.047304272651672363e-01 -7.506580948829650879e-01
2.458229660987854004e-01 6.107703447341918945e-01 -7.526822686195373535e-01
2.271107435226440430e-01 6.149468421936035156e-01 -7.551563382148742676e-01
2.099791914224624634e-01 6.173840761184692383e-01 -7.581198215484619141e-01
1.944304704666137695e-01 6.181924939155578613e-01 -7.616001963615417480e-01
1.804657578468322754e-01 6.174660325050354004e-01 -7.656159400939941406e-01
1.680869609117507935e-01 6.152819395065307617e-01 -7.701784968376159668e-01
1.572990566492080688e-01 6.117027401924133301e-01 -7.752913832664489746e-01
1.481099873781204224e-01 6.067742705345153809e-01 -7.809535264968872070e-01
1.405290067195892334e-01 6.005290746688842773e-01 -7.871571779251098633e-01
1.345680207014083862e-01 5.929850339889526367e-01 -7.938892841339111328e-01
1.302381902933120728e-01 5.841461420059204102e-01 -8.011312484741210938e-01
1.275480091571807861e-01 5.740065574645996094e-01 -8.088559508323669434e-01
1.265025585889816284e-01 5.625493526458740234e-01 -8.170283436775207520e-01
1.270995289087295532e-01 5.497492551803588867e-01 -8.256036639213562012e-01
1.293284446001052856e-01 5.355742573738098145e-01 -8.345264196395874023e-01
1.331660747528076172e-01 5.199917554855346680e-01 -8.437270522117614746e-01
1.385777741670608521e-01 5.029670000076293945e-01 -8.531238436698913574e-01
1.455116271972656250e-01 4.844709932804107666e-01 -8.626205325126647949e-01
1.539022177457809448e-01 4.644806981086730957e-01 -8.721076846122741699e-01
1.636667400598526001e-01 4.429847300052642822e-01 -8.814634680747985840e-01
1.747075319290161133e-01 4.199844002723693848e-01 -8.905562162399291992e-01
1.869123280048370361e-01 3.954960405826568604e-01 -8.992478251457214355e-01
2.001575231552124023e-01 3.695542514324188232e-01 -9.073956012725830078e-01
2.143079489469528198e-01 3.422079980373382568e-01 -9.148582816123962402e-01
2.292212992906570435e-01 3.135257959365844727e-01 -9.214984178543090820e-01
2.447484582662582397e-01 2.835890352725982666e-01 -9.271867871284484863e-01
2.607338130474090576e-01 2.524986565113067627e-01 -9.318059086799621582e-01
2.770154476165771484e-01 2.203690558671951294e-01 -9.352539181709289551e-01
2.934263348579406738e-01 1.873329281806945801e-01 -9.374473094940185547e-01
3.097896575927734375e-01 1.535399854183197021e-01 -9.383261203765869141e-01
3.259218037128448486e-01 1.191580370068550110e-01 -9.378572702407836914e-01
3.416292965412139893e-01 8.437342941761016846e-02 -9.360398650169372559e-01
3.567112386226654053e-01 4.938976466655731201e-02 -9.329081773757934570e-01
3.709592819213867188e-01 1.442161295562982559e-02 -9.285371303558349609e-01
3.841643333435058594e-01 -2.030539326369762421e-02 -9.230414628982543945e-01
3.961189985275268555e-01 -5.456692725419998169e-02 -9.165763854980468750e-01
4.066227376461029053e-01 -8.814941346645355225e-02 -9.093336462974548340e-01
4.154875278472900391e-01 -1.208602562546730042e-01 -9.015337228775024414e-01
4.225382804870605469e-01 -1.525373607873916626e-01 -8.934168815612792969e-01
4.276205599308013916e-01 -1.830582767724990845e-01 -8.852289915084838867e-01
4.305919706821441650e-01 -2.123468369245529175e-01 -8.772110939025878906e-01
4.313267171382904053e-01 -2.403763234615325928e-01 -8.695840835571289062e-01
4.297060966491699219e-01 -2.671652734279632568e-01 -8.625401258468627930e-01
4.256190955638885498e-01 -2.927716672420501709e-01 -8.562319278717041016e-01
4.189547300338745117e-01 -3.172879219055175781e-01 -8.507674336433410645e-01
4.095996916294097900e-01 -3.408244252204895020e-01 -8.462073206901550293e-01
3.974334597587585449e-01 -3.634970188140869141e-01 -8.425654768943786621e-01
3.823358416557312012e-01 -3.854147791862487793e-01 -8.398063778877258301e-01
3.641851246356964111e-01 -4.066586494445800781e-01 -8.378531932830810547e-01
3.428677320480346680e-01 -4.272753894329071045e-01 -8.365867733955383301e-01
3.182848989963531494e-01 -4.472577869892120361e-01 -8.358560204505920410e-01
2.903767228126525879e-01 -4.665414690971374512e-01 -8.354761600494384766e-01
2.591272592544555664e-01 -4.849978089332580566e-01 -8.352425694465637207e-01
2.245899885892868042e-01 -5.024299621582031250e-01 -8.349391818046569824e-01
1.869048178195953369e-01 -5.185903906822204590e-01 -8.343443870544433594e-01
1.463090330362319946e-01 -5.331878066062927246e-01 -8.332493305206298828e-01
1.031485572457313538e-01 -5.459126830101013184e-01 -8.314684629440307617e-01
5.787258222699165344e-02 -5.564641356468200684e-01 -8.288537859916687012e-01
1.102415099740028381e-02 -5.645775794982910156e-01 -8.253063559532165527e-01
-3.678259253501892090e-02 -5.700556039810180664e-01 -8.207823038101196289e-01
-8.490057289600372314e-02 -5.727857947349548340e-01 -8.152964711189270020e-01
-1.326776593923568726e-01 -5.727558732032775879e-01 -8.089174032211303711e-01
-1.794979721307754517e-01 -5.700578093528747559e-01 -8.017571568489074707e-01
-2.248104810714721680e-01 -5.648768544197082520e-01 -7.939611673355102539e-01
-2.681521773338317871e-01 -5.574795603752136230e-01 -7.856913805007934570e-01
-3.091611862182617188e-01 -5.481912493705749512e-01 -7.771137356758117676e-01
-3.475789129734039307e-01 -5.373740196228027344e-01 -7.683866620063781738e-01
-3.832456469535827637e-01 -5.254052877426147461e-01 -7.596525549888610840e-01
-4.160893261432647705e-01 -5.126564502716064453e-01 -7.510346174240112305e-01
-4.461103975772857666e-01 -4.994804859161376953e-01 -7.426335811614990234e-01
-4.733681678771972656e-01 -4.861986339092254639e-01 -7.345293760299682617e-01
-4.979644119739532471e-01 -4.730927646160125732e-01 -7.267838120460510254e-01
-5.200308561325073242e-01 -4.604031741619110107e-01 -7.194420099258422852e-01
-5.397183895111083984e-01 -4.483242332935333252e-01 -7.125373482704162598e-01
-5.571859478950500488e-01 -4.370083808898925781e-01 -7.060931324958801270e-01
-5.725964903831481934e-01 -4.265632629394531250e-01 -7.001263499259948730e-01
-5.861088037490844727e-01 -4.170593023300170898e-01 -6.946495175361633301e-01
-5.978770256042480469e-01 -4.085286259651184082e-01 -6.896719336509704590e-01
-6.080461144447326660e-01 -4.009727537631988525e-01 -6.852012276649475098e-01
-6.167534589767456055e-01 -3.943641185760498047e-01 -6.812430620193481445e-01
-6.241278052330017090e-01 -3.886498212814331055e-01 -6.778021454811096191e-01
-6.302890181541442871e-01 -3.837576806545257568e-01 -6.748819947242736816e-01
-6.353493928909301758e-01 -3.795995116233825684e-01 -6.724845170974731445e-01
-6.394171714782714844e-01 -3.760730326175689697e-01 -6.706077456474304199e-01
-6.425943970680236816e-01 -3.730687499046325684e-01 -6.692475080490112305e-01
-6.449809074401855469e-01 -3.704715669155120850e-01 -6.683939099311828613e-01
-6.466740965843200684e-01 -3.681665658950805664e-01 -6.680315136909484863e-01
-6.477698087692260742e-01 -3.660401403903961182e-01 -6.681383848190307617e-01
-6.483647227287292480e-01 -3.639863729476928711e-01 -6.686829924583435059e-01
-6.475511193275451660e-01 -3.648861348628997803e-01 -6.689810752868652344e-01
-6.347874999046325684e-01 -3.984687030315399170e-01 -6.620177030563354492e-01
-6.250979304313659668e-01 -5.154643654823303223e-01 -5.861305594444274902e-01
-6.350936293601989746e-01 -6.560083627700805664e-01 -4.078101813793182373e-01
-5.142971873283386230e-01 -8.448035120964050293e-01 -1.476663053035736084e-01
-4.702319204807281494e-01 -8.625348806381225586e-01 -1.868569105863571167e-01
-4.322048723697662354e-01 -9.010831117630004883e-01 -3.532771766185760498e-02
-2.667783498764038086e-01 -9.593917131423950195e-01 9.163422882556915283e-02
-2.513144910335540771e-01 -9.552806615829467773e-01 1.558202207088470459e-01
-2.478187978267669678e-01 -9.552755355834960938e-01 1.613523662090301514e-01
-2.460007220506668091e-01 -9.551211595535278320e-01 1.650065928697586060e-01
-2.439725697040557861e-01 -9.550089240074157715e-01 1.686278134584426880e-01
-2.417730093002319336e-01 -9.549283385276794434e-01 1.722139269113540649e-01
-2.394491732120513916e-01 -9.548658728599548340e-01 1.757704615592956543e-01
-2.370582669973373413e-01 -9.548034667968750000e-01 1.793144345283508301e-01
-2.346629798412322998e-01 -9.547199606895446777e-01 1.828741580247879028e-01
-2.323232889175415039e-01 -9.545943737030029297e-01 1.864821910858154297e-01
-2.301009744405746460e-01 -9.544031023979187012e-01 1.901793032884597778e-01
-2.280492484569549561e-01 -9.541245102882385254e-01 1.940099745988845825e-01
-2.262083142995834351e-01 -9.537388682365417480e-01 1.980197727680206299e-01
-2.246087938547134399e-01 -9.532279372215270996e-01 2.022559046745300293e-01
-2.232627570629119873e-01 -9.525767564773559570e-01 2.067636996507644653e-01
-2.221654355525970459e-01 -9.517744183540344238e-01 2.115843594074249268e-01
-2.212957590818405151e-01 -9.508129954338073730e-01 2.167553603649139404e-01
-2.206167876720428467e-01 -9.496877193450927734e-01 2.223095893859863281e-01
-2.200788259506225586e-01 -9.483966231346130371e-01 2.282743453979492188e-01
-2.196195870637893677e-01 -9.469411373138427734e-01 2.346694767475128174e-01
-2.191684544086456299e-01 -9.453250169754028320e-01 2.415073364973068237e-01
-2.186509221792221069e-01 -9.435535669326782227e-01 2.487939149141311646e-01
-2.179894894361495972e-01 -9.416340589523315430e-01 2.565265595912933350e-01
-2.171050161123275757e-01 -9.395753145217895508e-01 2.646953165531158447e-01
-2.159200310707092285e-01 -9.373881220817565918e-01 2.732802927494049072e-01
-2.143615186214447021e-01 -9.350832700729370117e-01 2.822560071945190430e-01
-2.123593688011169434e-01 -9.326738119125366211e-01 2.915870547294616699e-01
-2.098515331745147705e-01 -9.301728010177612305e-01 3.012323379516601562e-01
-2.067780196666717529e-01 -9.275947213172912598e-01 3.111445307731628418e-01
-2.030910402536392212e-01 -9.249532222747802734e-01 3.212716281414031982e-01
-1.987474560737609863e-01 -9.222628474235534668e-01 3.315580487251281738e-01
-1.937122493982315063e-01 -9.195370674133300781e-01 3.419462442398071289e-01
-1.879602819681167603e-01 -9.167870879173278809e-01 3.523809909820556641e-01
-1.814741939306259155e-01 -9.140228629112243652e-01 3.628075420856475830e-01
-1.742446571588516235e-01 -9.112516641616821289e-01 3.731744289398193359e-01
-1.662736982107162476e-01 -9.084761738777160645e-01 3.834371864795684814e-01
-1.575691401958465576e-01 -9.056960344314575195e-01 3.935565054416656494e-01
-1.481522023677825928e-01 -9.029060602188110352e-01 4.034991860389709473e-01
-1.380493640899658203e-01 -9.000975489616394043e-01 4.132393002510070801e-01
-1.272991299629211426e-01 -8.972576856613159180e-01 4.227571487426757812e-01
-1.159509345889091492e-01 -8.943693637847900391e-01 4.320402145385742188e-01
-1.040618866682052612e-01 -8.914153575897216797e-01 4.410780072212219238e-01
-9.170033782720565796e-02 -8.883758187294006348e-01 4.498659968376159668e-01
-7.894624769687652588e-02 -8.852329850196838379e-01 4.583994150161743164e-01
-6.588666886091232300e-02 -8.819714784622192383e-01 4.666746854782104492e-01
-5.261959508061408997e-02 -8.785809278488159180e-01 4.746859073638916016e-01
-3.925226628780364990e-02 -8.750576376914978027e-01 4.824244379997253418e-01
-2.589842118322849274e-02 -8.714055418968200684e-01 4.898792505264282227e-01
-1.267637033015489578e-02 -8.676382303237915039e-01 4.970344901084899902e-01
2.928881731349974871e-04 -8.637808561325073242e-01 5.038676857948303223e-01
1.288709789514541626e-02 -8.598674535751342773e-01 5.103546380996704102e-01
2.498970925807952881e-02 -8.559439182281494141e-01 5.164644718170166016e-01
3.649068251252174377e-02 -8.520651459693908691e-01 5.221623182296752930e-01
4.728844761848449707e-02 -8.482919931411743164e-01 5.274130702018737793e-01
5.729549378156661987e-02 -8.446927070617675781e-01 5.321760773658752441e-01
6.643941998481750488e-02 -8.413361907005310059e-01 5.364133119583129883e-01
7.466514408588409424e-02 -8.382930159568786621e-01 5.400832891464233398e-01
8.193236589431762695e-02 -8.356283903121948242e-01 5.431503653526306152e-01
8.821924030780792236e-02 -8.334019780158996582e-01 5.455809235572814941e-01
9.352003037929534912e-02 -8.316653370857238770e-01 5.473453402519226074e-01
9.784218668937683105e-02 -8.304561972618103027e-01 5.484244823455810547e-01
1.012071743607521057e-01 -8.298031091690063477e-01 5.488022565841674805e-01
1.036438196897506714e-01 -8.297175168991088867e-01 5.484768152236938477e-01
1.051905602216720581e-01 -8.301987648010253906e-01 5.474531054496765137e-01
1.058922260999679565e-01 -8.312307596206665039e-01 5.457492470741271973e-01
1.057938262820243835e-01 -8.327845335006713867e-01 5.433944463729858398e-01
1.049444749951362610e-01 -8.348187208175659180e-01 5.404297709465026855e-01
1.033941358327865601e-01 -8.372811079025268555e-01 5.369079113006591797e-01
1.011923551559448242e-01 -8.401105999946594238e-01 5.328922867774963379e-01
9.838943183422088623e-02 -8.432396054267883301e-01 5.284567475318908691e-01
9.503612667322158813e-02 -8.465951085090637207e-01 5.236839056015014648e-01
9.118551760911941528e-02 -8.501011729240417480e-01 5.186648368835449219e-01
8.689028769731521606e-02 -8.536795973777770996e-01 5.134989619255065918e-01
8.220759034156799316e-02 -8.572545647621154785e-01 5.082879066467285156e-01
7.719659805297851562e-02 -8.607504367828369141e-01 5.031395554542541504e-01
7.192026823759078979e-02 -8.640943169593811035e-01 4.981650412082672119e-01
6.644322723150253296e-02 -8.672188520431518555e-01 4.934741556644439697e-01
6.083259359002113342e-02 -8.700609207153320312e-01 4.891762435436248779e-01
5.515603348612785339e-02 -8.725631237030029297e-01 4.853776097297668457e-01
4.947713389992713928e-02 -8.746733069419860840e-01 4.821811318397521973e-01
4.386122524738311768e-02 -8.763478398323059082e-01 4.796775877475738525e-01
3.836394846439361572e-02 -8.775476217269897461e-01 4.779521822929382324e-01
3.303245455026626587e-02 -8.782435655593872070e-01 4.770713448524475098e-01
2.790380455553531647e-02 -8.784139156341552734e-01 4.770852923393249512e-01
2.299804985523223877e-02 -8.780481815338134766e-01 4.780193567276000977e-01
1.831846125423908234e-02 -8.771473169326782227e-01 4.798718094825744629e-01
1.384642720222473145e-02 -8.757269978523254395e-01 4.826079010963439941e-01
9.542094543576240540e-03 -8.738208413124084473e-01 4.861541986465454102e-01
5.341082345694303513e-03 -8.714817166328430176e-01 4.903988540172576904e-01
1.157494960352778435e-03 -8.687851428985595703e-01 4.951878488063812256e-01
-3.118271939456462860e-03 -8.658306598663330078e-01 5.003274679183959961e-01
-7.609039079397916794e-03 -8.627398610115051270e-01 5.055906772613525391e-01
-1.245129574090242386e-02 -8.596546053886413574e-01 5.107238292694091797e-01
-1.778087019920349121e-02 -8.567307591438293457e-01 5.154572725296020508e-01
-2.373041771352291107e-02 -8.541256189346313477e-01 5.195251107215881348e-01
-3.041313961148262024e-02 -8.519927859306335449e-01 5.226694941520690918e-01
-3.792168945074081421e-02 -8.504651784896850586e-01 5.246626138687133789e-01
-4.631788656115531921e-02 -8.496465086936950684e-01 5.253146290779113770e-01
-5.562545731663703918e-02 -8.496034145355224609e-01 5.244806408882141113e-01
-6.583598256111145020e-02 -8.503581285476684570e-01 5.220695137977600098e-01
-7.690501958131790161e-02 -8.518890738487243652e-01 5.180449485778808594e-01
-8.875560015439987183e-02 -8.541359305381774902e-01 5.124200582504272461e-01
-1.012867763638496399e-01 -8.570048213005065918e-01 5.052561163902282715e-01
-1.143780127167701721e-01 -8.603785634040832520e-01 4.966552257537841797e-01
-1.278970092535018921e-01 -8.641270399093627930e-01 4.867511987686157227e-01
-1.417084932327270508e-01 -8.681157827377319336e-01 4.757033884525299072e-01
-1.556746363639831543e-01 -8.722161650657653809e-01 4.636854827404022217e-01
-1.696668416261672974e-01 -8.763113021850585938e-01 4.508788287639617920e-01
-1.835644096136093140e-01 -8.802998065948486328e-01 4.374657869338989258e-01
-1.972574144601821899e-01 -8.841006755828857422e-01 4.236219525337219238e-01
-2.106481492519378662e-01 -8.876519203186035156e-01 4.095135927200317383e-01
-2.236509770154953003e-01 -8.909114003181457520e-01 3.952936828136444092e-01
-2.361891269683837891e-01 -8.938557505607604980e-01 3.810991942882537842e-01
-2.481919676065444946e-01 -8.964789509773254395e-01 3.670508563518524170e-01
-2.595942914485931396e-01 -8.987898230552673340e-01 3.532530069351196289e-01
-2.703338265419006348e-01 -9.008099436759948730e-01 3.397957682609558105e-01
-2.803429365158081055e-01 -9.025744199752807617e-01 3.267524838447570801e-01
-2.895497977733612061e-01 -9.041279554367065430e-01 3.141871392726898193e-01
-2.978748679161071777e-01 -9.055247902870178223e-01 3.021513521671295166e-01
-3.052261471748352051e-01 -9.068275094032287598e-01 2.906903624534606934e-01
-3.114971518516540527e-01 -9.081069231033325195e-01 2.798415422439575195e-01
-3.165643513202667236e-01 -9.094402790069580078e-01 2.696392238140106201e-01
-3.202853798866271973e-01 -9.109106063842773438e-01 2.601137757301330566e-01
-3.224998116493225098e-01 -9.126029610633850098e-01 2.512961030006408691e-01
-3.230262398719787598e-01 -9.146041870117187500e-01 2.432144284248352051e-01
-3.216643035411834717e-01 -9.169970750808715820e-01 2.358991354703903198e-01
-3.181996643543243408e-01 -9.198553562164306641e-01 2.293800115585327148e-01
-3.124069571495056152e-01 -9.232370853424072266e-01 2.236854135990142822e-01
-3.040578663349151611e-01 -9.271767139434814453e-01 2.188428044319152832e-01
-2.929297983646392822e-01 -9.316768050193786621e-01 2.148733884096145630e-01
-2.788231372833251953e-01 -9.366975426673889160e-01 2.117907106876373291e-01
-2.615735530853271484e-01 -9.421509504318237305e-01 2.095970958471298218e-01
-2.410742342472076416e-01 -9.478945136070251465e-01 2.082767337560653687e-01
-2.172966003417968750e-01 -9.537315368652343750e-01 2.077941447496414185e-01
-1.903079152107238770e-01 -9.594174623489379883e-01 2.080889791250228882e-01
-1.602904498577117920e-01 -9.646733403205871582e-01 2.090745866298675537e-01
-1.275485306978225708e-01 -9.692077040672302246e-01 2.106364816427230835e-01
-9.250728785991668701e-02 -9.727421998977661133e-01 2.126382291316986084e-01
-5.569815635681152344e-02 -9.750413298606872559e-01 2.149235308170318604e-01
-1.772978156805038452e-02 -9.759382605552673340e-01 2.173249721527099609e-01
2.074838615953922272e-02 -9.753529429435729980e-01 2.196728140115737915e-01
5.908643454313278198e-02 -9.732990860939025879e-01 2.218057215213775635e-01
9.667567908763885498e-02 -9.698810577392578125e-01 2.235719263553619385e-01
1.329797655344009399e-01 -9.652782678604125977e-01 2.248427569866180420e-01
1.675575673580169678e-01 -9.597240686416625977e-01 2.255089879035949707e-01
2.000682502985000610e-01 -9.534825682640075684e-01 2.254853993654251099e-01
2.302730232477188110e-01 -9.468259811401367188e-01 2.247106581926345825e-01
2.580224275588989258e-01 -9.400173425674438477e-01 2.231411188840866089e-01
2.832472324371337891e-01 -9.332939982414245605e-01 2.207562476396560669e-01
3.059347271919250488e-01 -9.268630743026733398e-01 2.175517678260803223e-01
3.261203169822692871e-01 -9.208945631980895996e-01 2.135384976863861084e-01
3.438727557659149170e-01 -9.155204892158508301e-01 2.087432295083999634e-01
3.592825531959533691e-01 -9.108371138572692871e-01 2.032039612531661987e-01
3.724560141563415527e-01 -9.069057106971740723e-01 1.969734281301498413e-01
3.835099637508392334e-01 -9.037571549415588379e-01 1.901136040687561035e-01
3.925706148147583008e-01 -9.013934731483459473e-01 1.826969832181930542e-01
3.997700512409210205e-01 -8.997929096221923828e-01 1.748046129941940308e-01
4.052469134330749512e-01 -8.989130854606628418e-01 1.665236949920654297e-01
4.091471433639526367e-01 -8.986940979957580566e-01 1.579478681087493896e-01
4.116256833076477051e-01 -8.990617990493774414e-01 1.491718590259552002e-01
4.128435254096984863e-01 -8.999323248863220215e-01 1.402927339076995850e-01
4.129714965820312500e-01 -9.012144207954406738e-01 1.314046382904052734e-01
4.121883213520050049e-01 -9.028126001358032227e-01 1.225980296730995178e-01
4.106777608394622803e-01 -9.046313762664794922e-01 1.139552593231201172e-01
4.086293876171112061e-01 -9.065766334533691406e-01 1.055499687790870667e-01
4.062339067459106445e-01 -9.085584878921508789e-01 9.744474291801452637e-02
4.036828279495239258e-01 -9.104922413825988770e-01 8.968878537416458130e-02
4.011630117893218994e-01 -9.123005270957946777e-01 8.231696486473083496e-02
3.988562822341918945e-01 -9.139124155044555664e-01 7.535013556480407715e-02
3.969335556030273438e-01 -9.152656197547912598e-01 6.879439949989318848e-02
3.955532312393188477e-01 -9.163041710853576660e-01 6.264426559209823608e-02
3.948612809181213379e-01 -9.169783592224121094e-01 5.687927827239036560e-02
3.949858844280242920e-01 -9.172443151473999023e-01 5.146819725632667542e-02
3.960367739200592041e-01 -9.170631766319274902e-01 4.636844247579574585e-02
3.981052339076995850e-01 -9.163991212844848633e-01 4.153080284595489502e-02
4.012604951858520508e-01 -9.152205586433410645e-01 3.689533099532127380e-02
4.055510163307189941e-01 -9.134981036186218262e-01 3.239725157618522644e-02
4.110010266304016113e-01 -9.112058281898498535e-01 2.796571515500545502e-02
4.176117479801177979e-01 -9.083209037780761719e-01 2.352551557123661041e-02
4.253605306148529053e-01 -9.048246145248413086e-01 1.899600028991699219e-02
4.341959357261657715e-01 -9.007049798965454102e-01 1.429614890366792679e-02
4.440431892871856689e-01 -8.959566354751586914e-01 9.343827143311500549e-03
4.547993838787078857e-01 -8.905847668647766113e-01 4.055550787597894669e-03
4.663364887237548828e-01 -8.846058845520019531e-01 -1.650483696721494198e-03
4.784993231296539307e-01 -8.780527710914611816e-01 -7.849805988371372223e-03
4.911108314990997314e-01 -8.709744811058044434e-01 -1.461634133011102676e-02
5.039731860160827637e-01 -8.634387254714965820e-01 -2.201381511986255646e-02
5.168685317039489746e-01 -8.555356264114379883e-01 -3.009684011340141296e-02
5.295656323432922363e-01 -8.473762273788452148e-01 -3.890709951519966125e-02
5.418253540992736816e-01 -8.390921950340270996e-01 -4.847235605120658875e-02
5.534020066261291504e-01 -8.308358788490295410e-01 -5.880345031619071960e-02
5.640527606010437012e-01 -8.227754831314086914e-01 -6.989214569330215454e-02
5.735396146774291992e-01 -8.150925636291503906e-01 -8.170922100543975830e-02
5.816386938095092773e-01 -8.079733848571777344e-01 -9.420946985483169556e-02
5.881400108337402344e-01 -8.016069531440734863e-01 -1.073199883103370667e-01
5.928568840026855469e-01 -7.961727976799011230e-01 -1.209523603320121765e-01
5.956280827522277832e-01 -7.918350696563720703e-01 -1.349978595972061157e-01
5.963187217712402344e-01 -7.887357473373413086e-01 -1.493315547704696655e-01
5.948277115821838379e-01 -7.869843244552612305e-01 -1.638162285089492798e-01
5.910888314247131348e-01 -7.866518497467041016e-01 -1.783057600259780884e-01
5.850693583488464355e-01 -7.877690792083740234e-01 -1.926491111516952515e-01
5.767776370048522949e-01 -7.903180718421936035e-01 -2.067002058029174805e-01
5.662572383880615234e-01 -7.942370176315307617e-01 -2.203187495470046997e-01
5.535894036293029785e-01 -7.994200587272644043e-01 -2.333801686763763428e-01
5.388941764831542969e-01 -8.057193160057067871e-01 -2.457833290100097656e-01
5.223225951194763184e-01 -8.129552602767944336e-01 -2.574544548988342285e-01
5.040544867515563965e-01 -8.209229111671447754e-01 -2.683553397655487061e-01
4.842932224273681641e-01 -8.294005393981933594e-01 -2.784866988658905029e-01
4.632552266120910645e-01 -8.381603360176086426e-01 -2.878921627998352051e-01
4.411628246307373047e-01 -8.469753861427307129e-01 -2.966614663600921631e-01
4.182316362857818604e-01 -8.556289672851562500e-01 -3.049284517765045166e-01
3.946620225906372070e-01 -8.639170527458190918e-01 -3.128724694252014160e-01
3.706271648406982422e-01 -8.716527819633483887e-01 -3.207131922245025635e-01
3.462644219398498535e-01 -8.786653280258178711e-01 -3.287067413330078125e-01
3.216644227504730225e-01 -8.847976922988891602e-01 -3.371422290802001953e-01
2.968677878379821777e-01 -8.899000287055969238e-01 -3.463342189788818359e-01
2.718539237976074219e-01 -8.938222527503967285e-01 -3.566191494464874268e-01
2.465406656265258789e-01 -8.964044451713562012e-01 -3.683433532714843750e-01
2.207821458578109741e-01 -8.974627256393432617e-01 -3.818584382534027100e-01
1.943650543689727783e-01 -8.967780470848083496e-01 -3.975063860416412354e-01
1.670200228691101074e-01 -8.940780758857727051e-01 -4.156063795089721680e-01
1.384194493293762207e-01 -8.890278935432434082e-01 -4.364281296730041504e-01
1.081984192132949829e-01 -8.812150359153747559e-01 -4.601665437221527100e-01
7.597651332616806030e-02 -8.701496720314025879e-01 -4.868953824043273926e-01
4.139899462461471558e-02 -8.552719354629516602e-01 -5.165230631828308105e-01
4.179404117166996002e-03 -8.359882235527038574e-01 -5.487315058708190918e-01
-3.582586720585823059e-02 -8.117306828498840332e-01 -5.829321146011352539e-01
-7.855368405580520630e-02 -7.820598483085632324e-01 -6.182326674461364746e-01
-1.236730888485908508e-01 -7.467893958091735840e-01 -6.534604430198669434e-01
-1.705621778964996338e-01 -7.061213254928588867e-01 -6.872416734695434570e-01
-2.183302193880081177e-01 -6.607405543327331543e-01 -7.181600332260131836e-01
-2.659217715263366699e-01 -6.118283271789550781e-01 -7.449508309364318848e-01
-3.122554421424865723e-01 -5.609639883041381836e-01 -7.666915655136108398e-01
-3.563780188560485840e-01 -5.099312067031860352e-01 -7.829207777976989746e-01
-3.975796997547149658e-01 -4.604868590831756592e-01 -7.936512231826782227e-01
-4.354454576969146729e-01 -4.141544401645660400e-01 -7.992893457412719727e-01
-4.698379933834075928e-01 -3.720951676368713379e-01 -8.004983067512512207e-01
-5.008395910263061523e-01 -3.350687325000762939e-01 -7.980530858039855957e-01
-5.286759138107299805e-01 -3.034690320491790771e-01 -7.927221059799194336e-01
-5.536450743675231934e-01 -2.773860394954681396e-01 -7.851968407630920410e-01
-5.760639309883117676e-01 -2.566953003406524658e-01 -7.760527133941650391e-01
-5.962325930595397949e-01 -2.411264777183532715e-01 -7.657445669174194336e-01
-6.144148111343383789e-01 -2.303239554166793823e-01 -7.546159625053405762e-01
-6.308307647705078125e-01 -2.238875627517700195e-01 -7.429177165031433105e-01
-6.456557512283325195e-01 -2.214033901691436768e-01 -7.308277487754821777e-01
-6.590265035629272461e-01 -2.224564701318740845e-01 -7.184687256813049316e-01
-6.710448861122131348e-01 -2.266416549682617188e-01 -7.059265375137329102e-01
-6.817854046821594238e-01 -2.335673719644546509e-01 -6.932639479637145996e-01
-6.913046240806579590e-01 -2.428559064865112305e-01 -6.805284023284912109e-01
-6.996444463729858398e-01 -2.541438937187194824e-01 -6.677638292312622070e-01
-7.068407535552978516e-01 -2.670810222625732422e-01 -6.550144553184509277e-01
-7.129265069961547852e-01 -2.813309729099273682e-01 -6.423305869102478027e-01
-7.179387211799621582e-01 -2.965692877769470215e-01 -6.297703981399536133e-01
-7.219194769859313965e-01 -3.124858736991882324e-01 -6.174016594886779785e-01
-7.249200344085693359e-01 -3.287857174873352051e-01 -6.053022742271423340e-01
-7.270017266273498535e-01 -3.451896011829376221e-01 -5.935593247413635254e-01
-7.282363772392272949e-01 -3.614371418952941895e-01 -5.822670459747314453e-01
-7.287067770957946777e-01 -3.772865533828735352e-01 -5.715253353118896484e-01
-7.285029888153076172e-01 -3.925176560878753662e-01 -5.614386796951293945e-01
-7.277240157127380371e-01 -4.069306552410125732e-01 -5.521097779273986816e-01
-7.264732122421264648e-01 -4.203481376171112061e-01 -5.436397194862365723e-01
-7.248553037643432617e-01 -4.326136410236358643e-01 -5.361251831054687500e-01
-7.229755520820617676e-01 -4.435901939868927002e-01 -5.296547412872314453e-01
-7.209360599517822266e-01 -4.531593620777130127e-01 -5.243069529533386230e-01
-7.188342809677124023e-01 -4.612194597721099854e-01 -5.201478600502014160e-01
-7.167608141899108887e-01 -4.676818251609802246e-01 -5.172307491302490234e-01
-7.147977352142333984e-01 -4.724695086479187012e-01 -5.155936479568481445e-01
-7.130200266838073730e-01 -4.755132198333740234e-01 -5.152569413185119629e-01
-7.114921808242797852e-01 -4.767483472824096680e-01 -5.162265896797180176e-01
-7.102711796760559082e-01 -4.761116206645965576e-01 -5.184906125068664551e-01
-7.094038724899291992e-01 -4.735393226146697998e-01 -5.220217704772949219e-01
-7.089308500289916992e-01 -4.689612090587615967e-01 -5.267754197120666504e-01
-7.088834643363952637e-01 -4.623002707958221436e-01 -5.326938629150390625e-01
-7.092864513397216797e-01 -4.534647464752197266e-01 -5.397059321403503418e-01
-7.101545333862304688e-01 -4.423462748527526855e-01 -5.477319955825805664e-01
-7.114918828010559082e-01 -4.288136363029479980e-01 -5.566850304603576660e-01
-7.132877111434936523e-01 -4.127070009708404541e-01 -5.664746165275573730e-01
-7.155088186264038086e-01 -3.938323855400085449e-01 -5.770123004913330078e-01
-7.180893421173095703e-01 -3.719528615474700928e-01 -5.882166624069213867e-01
-7.209190130233764648e-01 -3.467876315116882324e-01 -6.000118851661682129e-01
-7.238183617591857910e-01 -3.180114328861236572e-01 -6.123363375663757324e-01
-7.265228629112243652e-01 -2.852590978145599365e-01 -6.251333355903625488e-01
-7.286524772644042969e-01 -2.481503635644912720e-01 -6.383469700813293457e-01
-7.296890020370483398e-01 -2.063269764184951782e-01 -6.519073843955993652e-01
-7.289634943008422852e-01 -1.595260202884674072e-01 -6.657053232192993164e-01
-7.256693840026855469e-01 -1.076634526252746582e-01 -6.795678138732910156e-01
-7.189114689826965332e-01 -5.097234621644020081e-02 -6.932302117347717285e-01
-7.078179121017456055e-01 9.890012443065643311e-03 -7.063257098197937012e-01
-6.916985511779785156e-01 7.376290857791900635e-02 -7.184094190597534180e-01
-6.702341437339782715e-01 1.389983296394348145e-01 -7.290169596672058105e-01
-6.436339020729064941e-01 2.036136686801910400e-01 -7.377512454986572266e-01
-6.126745343208312988e-01 2.655690908432006836e-01 -7.443810105323791504e-01
-5.786100029945373535e-01 3.230741918087005615e-01 -7.488881945610046387e-01
-5.429533720016479492e-01 3.748401105403900146e-01 -7.514629364013671875e-01
-5.072196722030639648e-01 4.201954901218414307e-01 -7.524387240409851074e-01
-4.727152884006500244e-01 4.590404927730560303e-01 -7.522114515304565430e-01
-4.404170215129852295e-01 4.917122721672058105e-01 -7.511669993400573730e-01
-4.109478294849395752e-01 5.188176631927490234e-01 -7.496333122253417969e-01
-3.846117854118347168e-01 5.410802960395812988e-01 -7.478675842285156250e-01
-3.614692389965057373e-01 5.592350363731384277e-01 -7.460538148880004883e-01
-3.414044976234436035e-01 5.739599466323852539e-01 -7.443204522132873535e-01
-3.241955637931823730e-01 5.858506560325622559e-01 -7.427491545677185059e-01
-3.095499873161315918e-01 5.954101085662841797e-01 -7.413943409919738770e-01
-2.971531748771667480e-01 6.030567288398742676e-01 -7.402854561805725098e-01
-2.866754233837127686e-01 6.091380715370178223e-01 -7.394376397132873535e-01
-2.777951359748840332e-01 6.139417290687561035e-01 -7.388541102409362793e-01
-2.701989412307739258e-01 6.177131533622741699e-01 -7.385275959968566895e-01
-2.635896503925323486e-01 6.206622719764709473e-01 -7.384435534477233887e-01
-2.576876282691955566e-01 6.229791641235351562e-01 -7.385756373405456543e-01
-2.522273957729339600e-01 6.248384714126586914e-01 -7.388898730278015137e-01
-2.469643801450729370e-01 6.264048814773559570e-01 -7.393412590026855469e-01
-2.416685968637466431e-01 6.278383135795593262e-01 -7.398751378059387207e-01
-2.361296415328979492e-01 6.292974352836608887e-01 -7.404238581657409668e-01
-2.301540225744247437e-01 6.309375762939453125e-01 -7.409095168113708496e-01
-2.235669046640396118e-01 6.329141855239868164e-01 -7.412404417991638184e-01
-2.162125259637832642e-01 6.353815197944641113e-01 -7.413113117218017578e-01
-2.079524546861648560e-01 6.384901404380798340e-01 -7.410034537315368652e-01
-1.986698359251022339e-01 6.423876285552978516e-01 -7.401813268661499023e-01
-1.882625818252563477e-01 6.472160816192626953e-01 -7.386938333511352539e-01
-1.766487509012222290e-01 6.531080007553100586e-01 -7.363730072975158691e-01
-1.637616902589797974e-01 6.601864695549011230e-01 -7.330319881439208984e-01
-1.495520919561386108e-01 6.685601472854614258e-01 -7.284651398658752441e-01
-1.339853554964065552e-01 6.783179640769958496e-01 -7.224491238594055176e-01
-1.170446500182151794e-01 6.895225048065185547e-01 -7.147441506385803223e-01
-9.873364865779876709e-02 7.022016048431396484e-01 -7.050990462303161621e-01
-7.908175885677337646e-02 7.163361907005310059e-01 -6.932594776153564453e-01
-5.815592780709266663e-02 7.318464517593383789e-01 -6.789834499359130859e-01
-3.607261180877685547e-02 7.485756874084472656e-01 -6.620674133300781250e-01
-1.301586721092462540e-02 7.662765383720397949e-01 -6.423791050910949707e-01
1.074483804404735565e-02 7.846064567565917969e-01 -6.199009418487548828e-01
3.484009206295013428e-02 8.031298518180847168e-01 -5.947846174240112305e-01
5.879911407828330994e-02 8.213447332382202148e-01 -5.673934817314147949e-01
8.206131309270858765e-02 8.387261629104614258e-01 -5.383348464965820312e-01
1.040154397487640381e-01 8.547877073287963867e-01 -5.084475278854370117e-01
1.240498200058937073e-01 8.691412210464477539e-01 -4.787537753582000732e-01
1.416184753179550171e-01 8.815475106239318848e-01 -4.503533840179443359e-01
1.562957316637039185e-01 8.919304013252258301e-01 -4.243015050888061523e-01
1.678159981966018677e-01 9.003592729568481445e-01 -4.014858007431030273e-01
1.760800182819366455e-01 9.070073962211608887e-01 -3.825355172157287598e-01
1.811428815126419067e-01 9.120990633964538574e-01 -3.677805364131927490e-01
1.831827163696289062e-01 9.158635735511779785e-01 -3.572647571563720703e-01
1.824640482664108276e-01 9.185051321983337402e-01 -3.507922291755676270e-01
1.792948991060256958e-01 9.201921820640563965e-01 -3.479939401149749756e-01
1.740030646324157715e-01 9.210529923439025879e-01 -3.484026193618774414e-01
1.669065952301025391e-01 9.211844205856323242e-01 -3.515130579471588135e-01
1.583025455474853516e-01 9.206575751304626465e-01 -3.568332493305206299e-01
1.484514474868774414e-01 9.195265769958496094e-01 -3.639136552810668945e-01
1.375779509544372559e-01 9.178307056427001953e-01 -3.723696768283843994e-01
1.258641779422760010e-01 9.155995249748229980e-01 -3.818843960762023926e-01
1.134574189782142639e-01 9.128516316413879395e-01 -3.922106623649597168e-01
1.004663035273551941e-01 9.095966219902038574e-01 -4.031632244586944580e-01
8.696997165679931641e-02 9.058328866958618164e-01 -4.146120250225067139e-01
7.301805168390274048e-02 9.015488624572753906e-01 -4.264718294143676758e-01
5.863426253199577332e-02 8.967211246490478516e-01 -4.386950135231018066e-01
4.382110759615898132e-02 8.913143873214721680e-01 -4.512630701065063477e-01
2.855952642858028412e-02 8.852804899215698242e-01 -4.641797542572021484e-01
1.281198672950267792e-02 8.785565495491027832e-01 -4.774665832519531250e-01
-3.477893304079771042e-03 8.710638880729675293e-01 -4.911574423313140869e-01
-2.038363926112651825e-02 8.627054095268249512e-01 -5.052957534790039062e-01
-3.799874335527420044e-02 8.533638715744018555e-01 -5.199289321899414062e-01
-5.643303692340850830e-02 8.428975343704223633e-01 -5.351065993309020996e-01
-7.581681758165359497e-02 8.311373591423034668e-01 -5.508741736412048340e-01
-9.629828482866287231e-02 8.178833127021789551e-01 -5.672683715820312500e-01
-1.180409267544746399e-01 8.029007911682128906e-01 -5.843087434768676758e-01
-1.412225961685180664e-01 7.859171628952026367e-01 -6.019886136054992676e-01
-1.660265177488327026e-01 7.666224241256713867e-01 -6.202623248100280762e-01
-1.926304548978805542e-01 7.446714639663696289e-01 -6.390287876129150391e-01
-2.211924493312835693e-01 7.196945548057556152e-01 -6.581137776374816895e-01
-2.518263161182403564e-01 6.913134455680847168e-01 -6.772512197494506836e-01
-2.845735251903533936e-01 6.591734886169433594e-01 -6.960662603378295898e-01
-3.193717896938323975e-01 6.229870915412902832e-01 -7.140649557113647461e-01
-3.560242652893066406e-01 5.825910568237304688e-01 -7.306396961212158203e-01
-3.941747844219207764e-01 5.380148291587829590e-01 -7.450948357582092285e-01
-4.333039522171020508e-01 4.895434677600860596e-01 -7.566999793052673340e-01
-4.727527499198913574e-01 4.377626776695251465e-01 -7.647670507431030273e-01
-5.117774605751037598e-01 3.835644721984863281e-01 -7.687406539916992188e-01
-5.496267676353454590e-01 3.280961811542510986e-01 -7.682859301567077637e-01
-5.856359004974365234e-01 2.726640999317169189e-01 -7.633379101753234863e-01
-6.192987561225891113e-01 2.185950726270675659e-01 -7.541122436523437500e-01
-6.503162980079650879e-01 1.671014875173568726e-01 -7.410572171211242676e-01
-6.786011457443237305e-01 1.191761493682861328e-01 -7.247741818428039551e-01
-7.042468190193176270e-01 7.552774250507354736e-02 -7.059262394905090332e-01
-7.274802327156066895e-01 3.657381981611251831e-02 -6.851531863212585449e-01
-7.486050128936767578e-01 2.470861887559294701e-03 -6.630116701126098633e-01
-7.679505348205566406e-01 -2.683787047863006592e-02 -6.399466395378112793e-01
-7.858368754386901855e-01 -5.156361684203147888e-02 -6.162804365158081055e-01
-8.025463223457336426e-01 -7.201752811670303345e-02 -5.922270417213439941e-01
-8.183114528656005859e-01 -8.857214450836181641e-02 -5.679096579551696777e-01
-8.333066701889038086e-01 -1.016251966357231140e-01 -5.433896183967590332e-01
-8.476471900939941406e-01 -1.115830317139625549e-01 -5.186940431594848633e-01
-8.613904714584350586e-01 -1.188479587435722351e-01 -4.938437938690185547e-01
-8.745406866073608398e-01 -1.238099411129951477e-01 -4.688812196254730225e-01
-8.870549798011779785e-01 -1.268493384122848511e-01 -4.438949525356292725e-01
-8.988515734672546387e-01 -1.283340454101562500e-01 -4.190420210361480713e-01
-9.098218083381652832e-01 -1.286215931177139282e-01 -3.945640623569488525e-01
-9.198445081710815430e-01 -1.280581653118133545e-01 -3.707927465438842773e-01
-9.288005232810974121e-01 -1.269742697477340698e-01 -3.481482565402984619e-01
-9.365884065628051758e-01 -1.256787031888961792e-01 -3.271191120147705078e-01
-9.431360960006713867e-01 -1.244447082281112671e-01 -3.082333803176879883e-01
-9.484065175056457520e-01 -1.235018298029899597e-01 -2.920142412185668945e-01
-9.523988366127014160e-01 -1.230223402380943298e-01 -2.789300680160522461e-01
-9.551407098770141602e-01 -1.231104955077171326e-01 -2.693509459495544434e-01
-9.566805362701416016e-01 -1.238009631633758545e-01 -2.635064125061035156e-01
-9.570780396461486816e-01 -1.250582635402679443e-01 -2.614613771438598633e-01
-9.563971161842346191e-01 -1.267881095409393311e-01 -2.631147801876068115e-01
-9.547057747840881348e-01 -1.288492083549499512e-01 -2.682068347930908203e-01
-9.520767927169799805e-01 -1.310730129480361938e-01 -2.763505578041076660e-01
-9.485926628112792969e-01 -1.332795023918151855e-01 -2.870689928531646729e-01
-9.443469643592834473e-01 -1.352998614311218262e-01 -2.998379170894622803e-01
-9.394469857215881348e-01 -1.369843930006027222e-01 -3.141250312328338623e-01
-9.340100288391113281e-01 -1.382175683975219727e-01 -3.294254243373870850e-01
-9.281590580940246582e-01 -1.389187872409820557e-01 -3.452859520912170410e-01
-9.220171570777893066e-01 -1.390464752912521362e-01 -3.613178431987762451e-01
-9.157001972198486328e-01 -1.385944485664367676e-01 -3.772064149379730225e-01
-9.093126058578491211e-01 -1.375885456800460815e-01 -3.927084505558013916e-01
-9.029443264007568359e-01 -1.360799670219421387e-01 -4.076442420482635498e-01
-8.966678380966186523e-01 -1.341411471366882324e-01 -4.218920469284057617e-01
-8.905394673347473145e-01 -1.318604648113250732e-01 -4.353761970996856689e-01
-8.845993876457214355e-01 -1.293380707502365112e-01 -4.480576813220977783e-01
-8.788747191429138184e-01 -1.266818344593048096e-01 -4.599248766899108887e-01
-8.733815550804138184e-01 -1.240034401416778564e-01 -4.709860682487487793e-01
-8.681272268295288086e-01 -1.214177981019020081e-01 -4.812616705894470215e-01
-8.631133437156677246e-01 -1.190373897552490234e-01 -4.907803833484649658e-01
-8.583373427391052246e-01 -1.169728636741638184e-01 -4.995742440223693848e-01
-8.537948131561279297e-01 -1.153315231204032898e-01 -5.076740384101867676e-01
-8.494812846183776855e-01 -1.142142489552497864e-01 -5.151084065437316895e-01
-8.453926444053649902e-01 -1.137161254882812500e-01 -5.219002962112426758e-01
-8.415272235870361328e-01 -1.139248088002204895e-01 -5.280654430389404297e-01
-8.378857970237731934e-01 -1.149201765656471252e-01 -5.336111783981323242e-01
-8.344723582267761230e-01 -1.167733445763587952e-01 -5.385348796844482422e-01
-8.312945365905761719e-01 -1.195469051599502563e-01 -5.428240299224853516e-01
-8.283634781837463379e-01 -1.232949048280715942e-01 -5.464543104171752930e-01
-8.256939053535461426e-01 -1.280627399682998657e-01 -5.493901968002319336e-01
-8.233031630516052246e-01 -1.338882446289062500e-01 -5.515847802162170410e-01
-8.212112188339233398e-01 -1.408017128705978394e-01 -5.529800653457641602e-01
-8.194389939308166504e-01 -1.488268822431564331e-01 -5.535071492195129395e-01
-8.180082440376281738e-01 -1.579817980527877808e-01 -5.530861020088195801e-01
-8.169380426406860352e-01 -1.682787835597991943e-01 -5.516288876533508301e-01
-8.162446022033691406e-01 -1.797236651182174683e-01 -5.490393042564392090e-01
-8.159379959106445312e-01 -1.923160254955291748e-01 -5.452154278755187988e-01
-8.160203695297241211e-01 -2.060465961694717407e-01 -5.400514006614685059e-01
-8.164829611778259277e-01 -2.208952605724334717e-01 -5.334424376487731934e-01
-8.173050880432128906e-01 -2.368268519639968872e-01 -5.252860188484191895e-01
-8.184497356414794922e-01 -2.537877857685089111e-01 -5.154917240142822266e-01
-8.198660016059875488e-01 -2.716999948024749756e-01 -5.039830207824707031e-01
-8.214857578277587891e-01 -2.904573380947113037e-01 -4.907093346118927002e-01
-8.232288956642150879e-01 -3.099207282066345215e-01 -4.756504893302917480e-01
-8.250045776367187500e-01 -3.299164772033691406e-01 -4.588273465633392334e-01
-8.267178535461425781e-01 -3.502359688282012939e-01 -4.403093159198760986e-01
-8.282773494720458984e-01 -3.706388771533966064e-01 -4.202181994915008545e-01
-8.296043872833251953e-01 -3.908588588237762451e-01 -3.987303972244262695e-01
-8.306391239166259766e-01 -4.106158912181854248e-01 -3.760760724544525146e-01
-8.313515782356262207e-01 -4.296258389949798584e-01 -3.525283038616180420e-01
-8.317428827285766602e-01 -4.476182162761688232e-01 -3.283925652503967285e-01
-8.318504095077514648e-01 -4.643447697162628174e-01 -3.039879798889160156e-01
-8.317424058914184570e-01 -4.795947074890136719e-01 -2.796308994293212891e-01
-8.315144777297973633e-01 -4.931985735893249512e-01 -2.556146383285522461e-01
-8.312810659408569336e-01 -5.050330758094787598e-01 -2.321926206350326538e-01
-8.311658501625061035e-01 -5.150195956230163574e-01 -2.095666378736495972e-01
-8.312926888465881348e-01 -5.231196284294128418e-01 -1.878784894943237305e-01
-8.317778110504150391e-01 -5.293277502059936523e-01 -1.672058999538421631e-01
-8.327237367630004883e-01 -5.336627364158630371e-01 -1.475641876459121704e-01
-8.342152237892150879e-01 -5.361597537994384766e-01 -1.289099007844924927e-01
-8.363165855407714844e-01 -5.368624329566955566e-01 -1.111455336213111877e-01
-8.390730023384094238e-01 -5.358135104179382324e-01 -9.412936866283416748e-02
-8.425098061561584473e-01 -5.330506563186645508e-01 -7.768034934997558594e-02
-8.466349840164184570e-01 -5.285981893539428711e-01 -6.158926337957382202e-02
-8.514400720596313477e-01 -5.224636197090148926e-01 -4.562411084771156311e-02
-8.569030761718750000e-01 -5.146302580833435059e-01 -2.954129502177238464e-02
-8.629881739616394043e-01 -5.050544142723083496e-01 -1.309158559888601303e-02
-8.696469664573669434e-01 -4.936581254005432129e-01 3.968886099755764008e-03
-8.768173456192016602e-01 -4.803262352943420410e-01 2.186703868210315704e-02
-8.844216465950012207e-01 -4.649014770984649658e-01 4.080357775092124939e-02
-8.923641443252563477e-01 -4.471831023693084717e-01 6.093775108456611633e-02
-9.005277752876281738e-01 -4.269244372844696045e-01 8.237307518720626831e-02
-9.087685942649841309e-01 -4.038377702236175537e-01 1.051417589187622070e-01
-9.169129729270935059e-01 -3.775987923145294189e-01 1.291883289813995361e-01
-9.247522354125976562e-01 -3.478618860244750977e-01 1.543550640344619751e-01
-9.320387840270996094e-01 -3.142773807048797607e-01 1.803702861070632935e-01
-9.384860396385192871e-01 -2.765169441699981689e-01 2.068390995264053345e-01
-9.437669515609741211e-01 -2.343101948499679565e-01 2.332437336444854736e-01
-9.475207924842834473e-01 -1.874780952930450439e-01 2.589522898197174072e-01
-9.493610262870788574e-01 -1.359783411026000977e-01 2.832375466823577881e-01
-9.488914012908935547e-01 -7.994522154331207275e-02 3.053092956542968750e-01
-9.457280635833740234e-01 -1.972346380352973938e-02 3.243600130081176758e-01
-9.395288228988647461e-01 4.410758614540100098e-02 3.396176695823669434e-01
-9.300276041030883789e-01 1.107347682118415833e-01 3.504090905189514160e-01
-9.170712232589721680e-01 1.791314482688903809e-01 3.562195599079132080e-01
-9.006507992744445801e-01 2.481111139059066772e-01 3.567479252815246582e-01
-8.809226155281066895e-01 3.164065778255462646e-01 3.519407510757446289e-01
-8.582121729850769043e-01 3.827614486217498779e-01 3.420023620128631592e-01
-8.329960703849792480e-01 4.460290968418121338e-01 3.273767530918121338e-01
-8.058648109436035156e-01 5.052555203437805176e-01 3.087050914764404297e-01
-7.774732112884521484e-01 5.597357153892517090e-01 2.867600023746490479e-01
-7.484876513481140137e-01 6.090338230133056641e-01 2.623815834522247314e-01
-7.195358872413635254e-01 6.529772877693176270e-01 2.364078611135482788e-01
-6.911683678627014160e-01 6.916233897209167480e-01 2.096269428730010986e-01
-6.638364195823669434e-01 7.252081632614135742e-01 1.827408373355865479e-01
-6.378825902938842773e-01 7.540963888168334961e-01 1.563469171524047852e-01
-6.135408282279968262e-01 7.787324190139770508e-01 1.309329569339752197e-01
-5.909471511840820312e-01 7.995979785919189453e-01 1.068855822086334229e-01
-5.701525807380676270e-01 8.171817064285278320e-01 8.449950814247131348e-02
-5.511397719383239746e-01 8.319557309150695801e-01 6.399015337228775024e-02
-5.338345170021057129e-01 8.443632125854492188e-01 4.551313817501068115e-02
-5.181231498718261719e-01 8.548083305358886719e-01 2.917224355041980743e-02
-5.038598179817199707e-01 8.636546730995178223e-01 1.503144204616546631e-02
-4.908774197101593018e-01 8.712229728698730469e-01 3.122011665254831314e-03
-4.789957106113433838e-01 8.777928352355957031e-01 -6.550868041813373566e-03
-4.680238962173461914e-01 8.836047649383544922e-01 -1.400947757065296173e-02
-4.577659964561462402e-01 8.888631463050842285e-01 -1.930142752826213837e-02
-4.480240345001220703e-01 8.937382698059082031e-01 -2.250267565250396729e-02
-4.385988414287567139e-01 8.983697891235351562e-01 -2.372260019183158875e-02
-4.292927682399749756e-01 9.028697013854980469e-01 -2.311054803431034088e-02
-4.199109077453613281e-01 9.073255658149719238e-01 -2.086084149777889252e-02
-4.102652966976165771e-01 9.118036031723022461e-01 -1.722036115825176239e-02
-4.001769721508026123e-01 9.163527488708496094e-01 -1.249345205724239349e-02
-3.894817829132080078e-01 9.210072755813598633e-01 -7.042959332466125488e-03
-3.780361115932464600e-01 9.257899522781372070e-01 -1.287524937652051449e-03
-3.657236397266387939e-01 9.307135343551635742e-01 4.305231850594282150e-03
-3.524630665779113770e-01 9.357801675796508789e-01 9.236149489879608154e-03
-3.382122814655303955e-01 9.409801363945007324e-01 1.299543771892786026e-02
-3.229756951332092285e-01 9.462869167327880859e-01 1.508913096040487289e-02
-3.068061769008636475e-01 9.516527056694030762e-01 1.507038716226816177e-02
-2.898039221763610840e-01 9.570035934448242188e-01 1.256803143769502640e-02
-2.721151113510131836e-01 9.622368812561035156e-01 7.314902264624834061e-03
-2.539257407188415527e-01 9.672233462333679199e-01 -8.331951103173196316e-04
-2.354526668787002563e-01 9.718131422996520996e-01 -1.188763510435819626e-02
-2.169321626424789429e-01 9.758475422859191895e-01 -2.572894841432571411e-02
-1.986083537340164185e-01 9.791734218597412109e-01 -4.211993515491485596e-02
-1.807199120521545410e-01 9.816579818725585938e-01 -6.072778627276420593e-02
-1.634871810674667358e-01 9.832018613815307617e-01 -8.115453273057937622e-02
-1.471026390790939331e-01 9.837470650672912598e-01 -1.029681488871574402e-01
-1.317240297794342041e-01 9.832801818847656250e-01 -1.257337629795074463e-01
-1.174700707197189331e-01 9.818291068077087402e-01 -1.490383595228195190e-01
-1.044169515371322632e-01 9.794571995735168457e-01 -1.725129783153533936e-01
-9.260493516921997070e-02 9.762537479400634766e-01 -1.958391666412353516e-01
-8.204090595245361328e-02 9.723239541053771973e-01 -2.187588214874267578e-01
-7.270348817110061646e-02 9.677809476852416992e-01 -2.410691529512405396e-01
-6.455103307962417603e-02 9.627380967140197754e-01 -2.626186013221740723e-01
-5.752522125840187073e-02 9.573044180870056152e-01 -2.833003699779510498e-01
-5.156157165765762329e-02 9.515811800956726074e-01 -3.030423820018768311e-01
-4.658976942300796509e-02 9.456607103347778320e-01 -3.217999935150146484e-01
-4.253861308097839355e-02 9.396265745162963867e-01 -3.395472168922424316e-01
-3.934050723910331726e-02 9.335541129112243652e-01 -3.562710583209991455e-01
-3.693154826760292053e-02 9.275117516517639160e-01 -3.719648718833923340e-01
-3.525588288903236389e-02 9.215632081031799316e-01 -3.866243064403533936e-01
-3.426408767700195312e-02 9.157682657241821289e-01 -4.002430438995361328e-01
-3.391474485397338867e-02 9.101855158805847168e-01 -4.128099083900451660e-01
-3.417469933629035950e-02 9.048736691474914551e-01 -4.243061840534210205e-01
-3.501798585057258606e-02 8.998919129371643066e-01 -4.347048699855804443e-01
-3.642489388585090637e-02 8.953026533126831055e-01 -4.439666867256164551e-01
-3.838133439421653748e-02 8.911716938018798828e-01 -4.520397186279296875e-01
-4.087794944643974304e-02 8.875691890716552734e-01 -4.588572680950164795e-01
-4.390652477741241455e-02 8.845703005790710449e-01 -4.643356502056121826e-01
-4.745944216847419739e-02 8.822551369667053223e-01 -4.683733582496643066e-01
-5.152830109000205994e-02 8.807082772254943848e-01 -4.708479344844818115e-01
-5.609981715679168701e-02 8.800178766250610352e-01 -4.716156125068664551e-01
-6.115593761205673218e-02 8.802745342254638672e-01 -4.705067574977874756e-01
-6.667249649763107300e-02 8.815668821334838867e-01 -4.673271477222442627e-01
-7.261708378791809082e-02 8.839781284332275391e-01 -4.618543982505798340e-01
-7.894936949014663696e-02 8.875797986984252930e-01 -4.538381397724151611e-01
-8.562155812978744507e-02 8.924235105514526367e-01 -4.430003464221954346e-01
-9.257926046848297119e-02 8.985306024551391602e-01 -4.290359318256378174e-01
-9.976461529731750488e-02 9.058789610862731934e-01 -4.116189777851104736e-01
-1.071168109774589539e-01 9.143886566162109375e-01 -3.904094099998474121e-01
-1.145756915211677551e-01 9.239031076431274414e-01 -3.650691211223602295e-01
-1.220871210098266602e-01 9.341748952865600586e-01 -3.352790176868438721e-01
-1.296032369136810303e-01 9.448497891426086426e-01 -3.007686436176300049e-01
-1.370890885591506958e-01 9.554587602615356445e-01 -2.613524794578552246e-01
-1.445236802101135254e-01 9.654204249382019043e-01 -2.169709205627441406e-01
-1.519013047218322754e-01 9.740584492683410645e-01 -1.677386909723281860e-01
-1.592341661453247070e-01 9.806389212608337402e-01 -1.139812394976615906e-01
-1.665507704019546509e-01 9.844266176223754883e-01 -5.625862255692481995e-02
-1.738961935043334961e-01 9.847530722618103027e-01 4.631788935512304306e-03
-1.813247948884963989e-01 9.810906052589416504e-01 6.769342720508575439e-02
-1.889008432626724243e-01 9.731121659278869629e-01 1.317926198244094849e-01
-1.966889053583145142e-01 9.607257843017578125e-01 1.957538276910781860e-01
-2.047492414712905884e-01 9.440762996673583984e-01 2.584525942802429199e-01
-2.131319046020507812e-01 9.235125184059143066e-01 3.189037442207336426e-01
-2.218726128339767456e-01 8.995290398597717285e-01 3.763245046138763428e-01
-2.309926748275756836e-01 8.727020025253295898e-01 4.301553964614868164e-01
-2.404987066984176636e-01 8.436217308044433594e-01 4.800653159618377686e-01
-2.503806948661804199e-01 8.128466606140136719e-01 5.259179472923278809e-01
-2.606218755245208740e-01 7.808654308319091797e-01 5.677372217178344727e-01
-2.711965739727020264e-01 7.480801343917846680e-01 6.056635975837707520e-01
-2.820786237716674805e-01 7.148036360740661621e-01 6.399120092391967773e-01
-2.932406365871429443e-01 6.812637448310852051e-01 6.707381606101989746e-01
-3.046581447124481201e-01 6.476162672042846680e-01 6.984100341796875000e-01
-3.163115680217742920e-01 6.139557361602783203e-01 7.231910824775695801e-01
-3.281851708889007568e-01 5.803336501121520996e-01 7.453236579895019531e-01
-3.402683138847351074e-01 5.467701554298400879e-01 7.650228142738342285e-01
-3.525550067424774170e-01 5.132703185081481934e-01 7.824695706367492676e-01
-3.650413751602172852e-01 4.798335731029510498e-01 7.978123426437377930e-01
-3.777268528938293457e-01 4.464656412601470947e-01 8.111664056777954102e-01
-3.906104266643524170e-01 4.131866693496704102e-01 8.226179480552673340e-01
-4.036912322044372559e-01 3.800397217273712158e-01 8.322278261184692383e-01
-4.169646799564361572e-01 3.470956683158874512e-01 8.400387167930603027e-01
-4.304254949092864990e-01 3.144577145576477051e-01 8.460793495178222656e-01
-4.440632164478302002e-01 2.822639644145965576e-01 8.503734469413757324e-01
-4.578612148761749268e-01 2.506867647171020508e-01 8.529474139213562012e-01
-4.718003869056701660e-01 2.199328392744064331e-01 8.538348078727722168e-01
-4.858552217483520508e-01 1.902364641427993774e-01 8.530854582786560059e-01
-4.999934136867523193e-01 1.618575155735015869e-01 8.507695198059082031e-01
-5.141789317131042480e-01 1.350738406181335449e-01 8.469800353050231934e-01
-5.283665060997009277e-01 1.101721078157424927e-01 8.418377637863159180e-01
-5.425052046775817871e-01 8.744207024574279785e-02 8.354890942573547363e-01
-5.565335154533386230e-01 6.716630607843399048e-02 8.281056880950927734e-01
-5.703793764114379883e-01 4.961511120200157166e-02 8.198815584182739258e-01
-5.839554667472839355e-01 3.503744304180145264e-02 8.110292553901672363e-01
-5.971572995185852051e-01 2.365729399025440216e-02 8.017751574516296387e-01
-6.098591089248657227e-01 1.566669158637523651e-02 7.923550009727478027e-01
-6.219084262847900391e-01 1.122290082275867462e-02 7.830095291137695312e-01
-6.331258416175842285e-01 1.044252328574657440e-02 7.739784121513366699e-01
-6.433002352714538574e-01 1.339708641171455383e-02 7.654967308044433594e-01
-6.521902680397033691e-01 2.010787464678287506e-02 7.577885389328002930e-01
-6.595246195793151855e-01 3.054032102227210999e-02 7.510622739791870117e-01
-6.650086641311645508e-01 4.459650069475173950e-02 7.455029487609863281e-01
-6.683355569839477539e-01 6.211022660136222839e-02 7.412624359130859375e-01
-6.691975593566894531e-01 8.284191787242889404e-02 7.384523153305053711e-01
-6.673092842102050781e-01 1.064764782786369324e-01 7.371302843093872070e-01
-6.624297499656677246e-01 1.326279640197753906e-01 7.372899651527404785e-01
-6.543869376182556152e-01 1.608476638793945312e-01 7.388543486595153809e-01
-6.431065797805786133e-01 1.906404942274093628e-01 7.416671514511108398e-01
-6.286311745643615723e-01 2.214916944503784180e-01 7.454959750175476074e-01
-6.111331582069396973e-01 2.528980076313018799e-01 7.500392794609069824e-01
-5.909163951873779297e-01 2.843999564647674561e-01 7.549400925636291504e-01
-5.683999061584472656e-01 3.156166672706604004e-01 7.598076462745666504e-01
-5.440922975540161133e-01 3.462723195552825928e-01 7.642375826835632324e-01
-5.185508131980895996e-01 3.762091696262359619e-01 7.678356766700744629e-01
-4.923398196697235107e-01 4.053929150104522705e-01 7.702324986457824707e-01
-4.659884870052337646e-01 4.338985681533813477e-01 7.710945010185241699e-01
-4.399578571319580078e-01 4.618895053863525391e-01 7.701267600059509277e-01
-4.146179556846618652e-01 4.895879924297332764e-01 7.670695185661315918e-01
-3.902387917041778564e-01 5.172408223152160645e-01 7.616925835609436035e-01
-3.669909834861755371e-01 5.450880527496337891e-01 7.537882328033447266e-01
-3.449571132659912109e-01 5.733352899551391602e-01 7.431629896163940430e-01
-3.241439163684844971e-01 6.021277308464050293e-01 7.296388745307922363e-01
-3.045061528682708740e-01 6.315320730209350586e-01 7.130520343780517578e-01
-2.859616279602050781e-01 6.615235805511474609e-01 6.932621598243713379e-01
-2.684105038642883301e-01 6.919786334037780762e-01 6.701651215553283691e-01
-2.517495453357696533e-01 7.226758599281311035e-01 6.437093615531921387e-01
-2.358875572681427002e-01 7.533037662506103516e-01 6.139140725135803223e-01
-2.207520306110382080e-01 7.834769487380981445e-01 5.808893442153930664e-01
-2.062955796718597412e-01 8.127613663673400879e-01 5.448495745658874512e-01
-1.924946159124374390e-01 8.407047986984252930e-01 5.061237812042236328e-01
-1.793504357337951660e-01 8.668732047080993652e-01 4.651497304439544678e-01
-1.668795347213745117e-01 8.908846974372863770e-01 4.224638044834136963e-01
-1.551060080528259277e-01 9.124405384063720703e-01 3.786745965480804443e-01
-1.440521478652954102e-01 9.313455820083618164e-01 3.344314694404602051e-01
-1.337283402681350708e-01 9.475185275077819824e-01 2.903881669044494629e-01
-1.241252347826957703e-01 9.609889984130859375e-01 2.471698969602584839e-01
-1.152097880840301514e-01 9.718850851058959961e-01 2.053438574075698853e-01
-1.069203838706016541e-01 9.804133772850036621e-01 1.654016375541687012e-01
-9.917049109935760498e-02 9.868360757827758789e-01 1.277488172054290771e-01
-9.184869378805160522e-02 9.914482235908508301e-01 9.270534664392471313e-02
-8.482629805803298950e-02 9.945566654205322266e-01 6.051133573055267334e-02
-7.795932888984680176e-02 9.964638948440551758e-01 3.133836388587951660e-02
-7.109954208135604858e-02 9.974551200866699219e-01 5.304785445332527161e-03
-6.409663707017898560e-02 9.977900385856628418e-01 -1.751317642629146576e-02
-5.680882185697555542e-02 9.976968169212341309e-01 -3.706491738557815552e-02
-4.910746216773986816e-02 9.973693490028381348e-01 -5.331800132989883423e-02
-4.088332504034042358e-02 9.969654083251953125e-01 -6.624680012464523315e-02
-3.205324709415435791e-02 9.966057538986206055e-01 -7.582619786262512207e-02
-2.256614528596401215e-02 9.963743090629577637e-01 -8.203040063381195068e-02
-1.240724232047796249e-02 9.963182806968688965e-01 -8.482825756072998047e-02
-1.601309399120509624e-03 9.964485168457031250e-01 -8.418904989957809448e-02
9.783343411982059479e-03 9.967401027679443359e-01 -8.008282631635665894e-02
2.163510583341121674e-02 9.971345663070678711e-01 -7.248798012733459473e-02
3.380120918154716492e-02 9.975408911705017090e-01 -6.139825284481048584e-02
4.609049484133720398e-02 9.978389143943786621e-01 -4.683163389563560486e-02
5.828082934021949768e-02 9.978836178779602051e-01 -2.883999608457088470e-02
7.012945413589477539e-02 9.975095987319946289e-01 -7.517876569181680679e-03
8.138240873813629150e-02 9.965381622314453125e-01 1.698832400143146515e-02
9.179072082042694092e-02 9.947846531867980957e-01 4.447519779205322266e-02
1.011210680007934570e-01 9.920675158500671387e-01 7.467604428529739380e-02
1.091723144054412842e-01 9.882187247276306152e-01 1.072618663311004639e-01
1.157843992114067078e-01 9.830942749977111816e-01 1.418437808752059937e-01
1.208490356802940369e-01 9.765852093696594238e-01 1.779797077178955078e-01
1.243144273757934570e-01 9.686282873153686523e-01 2.151864171028137207e-01
1.261876672506332397e-01 9.592138528823852539e-01 2.529533505439758301e-01
1.265296339988708496e-01 9.483916759490966797e-01 2.907636761665344238e-01
1.254494786262512207e-01 9.362725019454956055e-01 3.281101286411285400e-01
1.230943575501441956e-01 9.230247139930725098e-01 3.645176887512207031e-01
1.196369454264640808e-01 9.088672995567321777e-01 3.995586931705474854e-01
1.152636706829071045e-01 8.940578103065490723e-01 4.328683018684387207e-01
1.101604253053665161e-01 8.788779973983764648e-01 4.641532003879547119e-01
1.045022308826446533e-01 8.636189699172973633e-01 4.931951761245727539e-01
9.844577312469482422e-02 8.485656976699829102e-01 5.198506712913513184e-01
9.212191402912139893e-02 8.339825272560119629e-01 5.440466403961181641e-01
8.563266694545745850e-02 8.201043009757995605e-01 5.657703280448913574e-01
7.904800772666931152e-02 8.071257472038269043e-01 5.850637555122375488e-01
7.240967452526092529e-02 7.951982021331787109e-01 6.020103693008422852e-01
6.572948396205902100e-02 7.844273447990417480e-01 6.167280077934265137e-01
5.899319797754287720e-02 7.748724818229675293e-01 6.293587088584899902e-01
5.216446146368980408e-02 7.665481567382812500e-01 6.400647163391113281e-01
4.518542066216468811e-02 7.594286799430847168e-01 6.490195393562316895e-01
3.798161074519157410e-02 7.534508109092712402e-01 6.564063429832458496e-01
3.046401403844356537e-02 7.485177516937255859e-01 6.624145507812500000e-01
2.253044769167900085e-02 7.445057034492492676e-01 6.672357916831970215e-01
1.406973600387573242e-02 7.412665486335754395e-01 6.710633039474487305e-01
4.965685773640871048e-03 7.386336922645568848e-01 6.740887761116027832e-01
-4.904583562165498734e-03 7.364256381988525391e-01 6.765007376670837402e-01
-1.566472649574279785e-02 7.344501614570617676e-01 6.784818172454833984e-01
-2.743884921073913574e-02 7.325080037117004395e-01 6.802051067352294922e-01
-4.034715145826339722e-02 7.303951978683471680e-01 6.818320751190185547e-01
-5.450310185551643372e-02 7.279062867164611816e-01 6.835070252418518066e-01
-7.001034915447235107e-02 7.248355746269226074e-01 6.853553056716918945e-01
-8.696176856756210327e-02 7.209795713424682617e-01 6.874781250953674316e-01
-1.054315045475959778e-01 7.161396741867065430e-01 6.899480223655700684e-01
-1.254751980304718018e-01 7.101232409477233887e-01 6.928066015243530273e-01
-1.471239775419235229e-01 7.027474641799926758e-01 6.960607767105102539e-01
-1.703792661428451538e-01 6.938437819480895996e-01 6.996797323226928711e-01
-1.952122747898101807e-01 6.832620501518249512e-01 7.035945057868957520e-01
-2.215562015771865845e-01 6.708781123161315918e-01 7.076972723007202148e-01
-2.493075132369995117e-01 6.565991640090942383e-01 7.118450403213500977e-01
-2.783232927322387695e-01 6.403734683990478516e-01 7.158617377281188965e-01
-3.084228932857513428e-01 6.221982240676879883e-01 7.195447683334350586e-01
-3.393904268741607666e-01 6.021240353584289551e-01 7.226761579513549805e-01
-3.709850907325744629e-01 5.802599787712097168e-01 7.250299453735351562e-01
-4.029467701911926270e-01 5.567777752876281738e-01 7.263830304145812988e-01
-4.350093007087707520e-01 5.319068431854248047e-01 7.265273332595825195e-01
-4.669122099876403809e-01 5.059297084808349609e-01 7.252779603004455566e-01
-4.984133541584014893e-01 4.791735708713531494e-01 7.224796414375305176e-01
-5.292991399765014648e-01 4.519966244697570801e-01 7.180121541023254395e-01
-5.593937635421752930e-01 4.247748553752899170e-01 7.117898464202880859e-01
-5.885636806488037109e-01 3.978882431983947754e-01 7.037597298622131348e-01
-6.167172789573669434e-01 3.717068731784820557e-01 6.938974857330322266e-01
-6.438062191009521484e-01 3.465799689292907715e-01 6.821992397308349609e-01
-6.698173880577087402e-01 3.228283226490020752e-01 6.686751842498779297e-01
-6.947676539421081543e-01 3.007355630397796631e-01 6.533421874046325684e-01
-7.186936140060424805e-01 2.805425524711608887e-01 6.362195611000061035e-01
-7.416440248489379883e-01 2.624468207359313965e-01 6.173214912414550781e-01
-7.636682391166687012e-01 2.465990632772445679e-01 5.966570973396301270e-01
-7.848078608512878418e-01 2.331011444330215454e-01 5.742303729057312012e-01
-8.050886392593383789e-01 2.220024764537811279e-01 5.500428676605224609e-01
-8.245121836662292480e-01 2.133009433746337891e-01 5.241014361381530762e-01
-8.430528044700622559e-01 2.069361805915832520e-01 4.964267015457153320e-01
-8.606553673744201660e-01 2.027912735939025879e-01 4.670632481575012207e-01
-8.772363066673278809e-01 2.006880491971969604e-01 4.360972344875335693e-01
-8.926916718482971191e-01 2.003886550664901733e-01 4.036657512187957764e-01
-9.069067835807800293e-01 2.016011774539947510e-01 3.699689507484436035e-01
-9.197706580162048340e-01 2.039850205183029175e-01 3.352791070938110352e-01
-9.311928153038024902e-01 2.071634382009506226e-01 2.999390065670013428e-01
-9.411190748214721680e-01 2.107410728931427002e-01 2.643541395664215088e-01
-9.495445489883422852e-01 2.143218219280242920e-01 2.289787381887435913e-01
-9.565197825431823730e-01 2.175316065549850464e-01 1.942936182022094727e-01
-9.621513485908508301e-01 2.200343459844589233e-01 1.607783734798431396e-01
-9.665942192077636719e-01 2.215481996536254883e-01 1.288873851299285889e-01
-9.700368046760559082e-01 2.218603789806365967e-01 9.902827441692352295e-02
-9.726857542991638184e-01 2.208252102136611938e-01 7.154447585344314575e-02
-9.747480154037475586e-01 2.183683514595031738e-01 4.670573025941848755e-02
-9.764157533645629883e-01 2.144799530506134033e-01 2.470903657376766205e-02
-9.778544306755065918e-01 2.092090994119644165e-01 5.679475609213113785e-03
-9.791958332061767578e-01 2.026544511318206787e-01 -1.032209116965532303e-02
-9.805358648300170898e-01 1.949543356895446777e-01 -2.328613586723804474e-02
-9.819340705871582031e-01 1.862787008285522461e-01 -3.325083479285240173e-02
-9.834181070327758789e-01 1.768210232257843018e-01 -4.028736799955368042e-02
-9.849881529808044434e-01 1.667892783880233765e-01 -4.449484869837760925e-02
-9.866225123405456543e-01 1.563996374607086182e-01 -4.599066078662872314e-02
-9.882841110229492188e-01 1.458692550659179688e-01 -4.490813985466957092e-02
-9.899246096611022949e-01 1.354118734598159790e-01 -4.138719290494918823e-02
-9.914897084236145020e-01 1.252295225858688354e-01 -3.557645902037620544e-02
-9.929220080375671387e-01 1.155114769935607910e-01 -2.762337774038314819e-02
-9.941635727882385254e-01 1.064253970980644226e-01 -1.767517626285552979e-02
-9.951577186584472656e-01 9.811606258153915405e-02 -5.874628201127052307e-03
-9.958485960960388184e-01 9.070354700088500977e-02 7.643008138984441757e-03
-9.961824417114257812e-01 8.427902311086654663e-02 2.275160513818264008e-02
-9.961055517196655273e-01 7.890623807907104492e-02 3.933728858828544617e-02
-9.955642819404602051e-01 7.462184131145477295e-02 5.730153247714042664e-02
-9.945024847984313965e-01 7.143766433000564575e-02 7.656023651361465454e-02
-9.928611516952514648e-01 6.934121251106262207e-02 9.704939275979995728e-02
-9.905754923820495605e-01 6.830099225044250488e-02 1.187234818935394287e-01
-9.875730872154235840e-01 6.826981902122497559e-02 1.415578573942184448e-01
-9.837714433670043945e-01 6.918985396623611450e-02 1.655493080615997314e-01
-9.790747761726379395e-01 7.099643349647521973e-02 1.907145082950592041e-01
-9.733713269233703613e-01 7.362300902605056763e-02 2.170895040035247803e-01
-9.665296673774719238e-01 7.700433582067489624e-02 2.447257190942764282e-01
-9.583957791328430176e-01 8.108288049697875977e-02 2.736845910549163818e-01
-9.487910866737365723e-01 8.580615371465682983e-02 3.040277063846588135e-01
-9.375116825103759766e-01 9.112995117902755737e-02 3.358083665370941162e-01
-9.243301153182983398e-01 9.702027589082717896e-02 3.690540790557861328e-01
-9.090022444725036621e-01 1.034474447369575500e-01 4.037491977214813232e-01
-8.912801146507263184e-01 1.103837043046951294e-01 4.398126900196075439e-01
-8.709310889244079590e-01 1.177974268794059753e-01 4.770772457122802734e-01
-8.477679491043090820e-01 1.256450563669204712e-01 5.152697563171386719e-01
-8.216829299926757812e-01 1.338669508695602417e-01 5.540007352828979492e-01
-7.926896810531616211e-01 1.423791199922561646e-01 5.927657485008239746e-01
-7.609587907791137695e-01 1.510729044675827026e-01 6.309664845466613770e-01
-7.268437147140502930e-01 1.598140150308609009e-01 6.679503321647644043e-01
-6.908808350563049316e-01 1.684531867504119873e-01 7.030698657035827637e-01
-6.537658572196960449e-01 1.768323183059692383e-01 7.357449531555175781e-01
-6.162983775138854980e-01 1.847979724407196045e-01 7.655232548713684082e-01
-5.793105363845825195e-01 1.922128945589065552e-01 7.921195626258850098e-01
-5.435883402824401855e-01 1.989638209342956543e-01 8.154293298721313477e-01
-5.098059177398681641e-01 2.049644440412521362e-01 8.355163931846618652e-01
-4.784811139106750488e-01 2.101554125547409058e-01 8.525786995887756348e-01
-4.499539732933044434e-01 2.145020812749862671e-01 8.669084310531616211e-01
-4.243929684162139893e-01 2.179866582155227661e-01 8.788471817970275879e-01
-4.018149673938751221e-01 2.206068336963653564e-01 8.887504339218139648e-01
-3.821134567260742188e-01 2.223693430423736572e-01 8.969622254371643066e-01
-3.650953769683837891e-01 2.232882827520370483e-01 9.037962555885314941e-01
-3.505079150199890137e-01 2.233813107013702393e-01 9.095301032066345215e-01
-3.380656242370605469e-01 2.226723134517669678e-01 9.144007563591003418e-01
-3.274724781513214111e-01 2.211884707212448120e-01 9.186062812805175781e-01
-3.184368014335632324e-01 2.189588248729705811e-01 9.223096370697021484e-01
-3.106794953346252441e-01 2.160187363624572754e-01 9.256425499916076660e-01
-3.039443790912628174e-01 2.124065905809402466e-01 9.287094473838806152e-01
-2.979977726936340332e-01 2.081656008958816528e-01 9.315924644470214844e-01
-2.926336824893951416e-01 2.033428698778152466e-01 9.343538880348205566e-01
-2.876696586608886719e-01 1.979912668466567993e-01 9.370408654212951660e-01
-2.829493880271911621e-01 1.921676844358444214e-01 9.396867752075195312e-01
-2.783393561840057373e-01 1.859335005283355713e-01 9.423140883445739746e-01
-2.737261652946472168e-01 1.793549060821533203e-01 9.449369311332702637e-01
-2.690152227878570557e-01 1.725014299154281616e-01 9.475621581077575684e-01
-2.641281783580780029e-01 1.654469966888427734e-01 9.501913189888000488e-01
-2.590003311634063721e-01 1.582676470279693604e-01 9.528222084045410156e-01
-2.535808384418487549e-01 1.510401964187622070e-01 9.554494023323059082e-01
-2.478272914886474609e-01 1.438427120447158813e-01 9.580662846565246582e-01
-2.417081445455551147e-01 1.367518156766891479e-01 9.606643319129943848e-01
-2.351985275745391846e-01 1.298402845859527588e-01 9.632357954978942871e-01
-2.282818853855133057e-01 1.231782957911491394e-01 9.657713770866394043e-01
-2.209479361772537231e-01 1.168299689888954163e-01 9.682627916336059570e-01
-2.131933569908142090e-01 1.108505874872207642e-01 9.707012176513671875e-01
-2.050206661224365234e-01 1.052894368767738342e-01 9.730779528617858887e-01
-1.964387148618698120e-01 1.001834794878959656e-01 9.753845930099487305e-01
-1.874644011259078979e-01 9.556026011705398560e-02 9.776121377944946289e-01
-1.781218647956848145e-01 9.143319725990295410e-02 9.797512888908386230e-01
-1.684412658214569092e-01 8.780388534069061279e-02 9.817933440208435059e-01
-1.584621667861938477e-01 8.465878665447235107e-02 9.837289452552795410e-01
-1.482312381267547607e-01 8.197014033794403076e-02 9.855497479438781738e-01
-1.378043740987777710e-01 7.969578355550765991e-02 9.872479438781738281e-01
-1.272422820329666138e-01 7.777914404869079590e-02 9.888172745704650879e-01
-1.166142523288726807e-01 7.614930719137191772e-02 9.902538061141967773e-01
-1.059930548071861267e-01 7.472418993711471558e-02 9.915553331375122070e-01
-9.545572102069854736e-02 7.340891659259796143e-02 9.927231669425964355e-01
-8.508128672838211060e-02 7.210210710763931274e-02 9.937617778778076172e-01
-7.494787126779556274e-02 7.069557160139083862e-02 9.946783781051635742e-01
-6.512981653213500977e-02 6.907726079225540161e-02 9.954830408096313477e-01
-5.569792911410331726e-02 6.713692843914031982e-02 9.961878657341003418e-01
-4.671486467123031616e-02 6.476712226867675781e-02 9.968063831329345703e-01
-3.823432326316833496e-02 6.186924874782562256e-02 9.973516464233398438e-01
-3.029950708150863647e-02 5.835643783211708069e-02 9.978358745574951172e-01
-2.294112928211688995e-02 5.415649712085723877e-02 9.982688426971435547e-01
-1.617880165576934814e-02 4.921588674187660217e-02 9.986571669578552246e-01
-1.001737546175718307e-02 4.350148886442184448e-02 9.990031719207763672e-01
-4.452081397175788879e-03 3.700447455048561096e-02 9.993051290512084961e-01
5.351503496058285236e-04 2.973769046366214752e-02 9.995575547218322754e-01
4.970755428075790405e-03 2.173894830048084259e-02 9.997513294219970703e-01
8.890714496374130249e-03 1.306826341897249222e-02 9.998750686645507812e-01
1.233705226331949234e-02 3.806123277172446251e-03 9.999166727066040039e-01
1.535617746412754059e-02 -5.949514452368021011e-03 9.998644590377807617e-01
1.799751631915569305e-02 -1.608574017882347107e-02 9.997085928916931152e-01
2.031219191849231720e-02 -2.647927217185497284e-02 9.994429349899291992e-01
2.234951965510845184e-02 -3.700117394328117371e-02 9.990653395652770996e-01
2.415728196501731873e-02 -4.752124473452568054e-02 9.985780715942382812e-01
2.578131295740604401e-02 -5.791149660944938660e-02 9.979888200759887695e-01
2.726097032427787781e-02 -6.805074214935302734e-02 9.973093271255493164e-01
2.863235957920551300e-02 -7.782685011625289917e-02 9.965556263923645020e-01
2.992445603013038635e-02 -8.714183419942855835e-02 9.957464337348937988e-01
3.116079233586788177e-02 -9.591037780046463013e-02 9.949021339416503906e-01
3.235871717333793640e-02 -1.040657237172126770e-01 9.940438270568847656e-01
3.353009745478630066e-02 -1.115548759698867798e-01 9.931924939155578613e-01
3.467864170670509338e-02 -1.183418482542037964e-01 9.923672080039978027e-01
3.580572083592414856e-02 -1.244063600897789001e-01 9.915851354598999023e-01
3.690599277615547180e-02 -1.297419071197509766e-01 9.908607006072998047e-01
3.796908631920814514e-02 -1.343551874160766602e-01 9.902055263519287109e-01
3.898278996348381042e-02 -1.382614672183990479e-01 9.896282553672790527e-01
3.992991149425506592e-02 -1.414880603551864624e-01 9.891343712806701660e-01
4.079139977693557739e-02 -1.440682560205459595e-01 9.887266755104064941e-01
4.154692962765693665e-02 -1.460406184196472168e-01 9.884058237075805664e-01
4.217378050088882446e-02 -1.474500596523284912e-01 9.881699681282043457e-01
4.264908283948898315e-02 -1.483421623706817627e-01 9.880159497261047363e-01
4.295177757740020752e-02 -1.487649977207183838e-01 9.879392981529235840e-01
4.306225851178169250e-02 -1.487660259008407593e-01 9.879342913627624512e-01
4.296343028545379639e-02 -1.483941376209259033e-01 9.879946112632751465e-01
4.264283925294876099e-02 -1.476929485797882080e-01 9.881135225296020508e-01
4.209403693675994873e-02 -1.467060893774032593e-01 9.882840514183044434e-01
4.131462797522544861e-02 -1.454740613698959351e-01 9.884991049766540527e-01
4.031018912792205811e-02 -1.440344005823135376e-01 9.887512922286987305e-01
3.909066691994667053e-02 -1.424210667610168457e-01 9.890339374542236328e-01
3.767316415905952454e-02 -1.406674683094024658e-01 9.893398880958557129e-01
3.608028963208198547e-02 -1.388046294450759888e-01 9.896622896194458008e-01
3.433799743652343750e-02 -1.368618011474609375e-01 9.899948835372924805e-01
3.247383981943130493e-02 -1.348696947097778320e-01 9.903310537338256836e-01
3.051904402673244476e-02 -1.328604072332382202e-01 9.906647801399230957e-01
2.850149571895599365e-02 -1.308667063713073730e-01 9.909901618957519531e-01
2.644850872457027435e-02 -1.289237588644027710e-01 9.913017749786376953e-01
2.438248880207538605e-02 -1.270698308944702148e-01 9.915940165519714355e-01
2.232183888554573059e-02 -1.253455728292465210e-01 9.918619990348815918e-01
2.027850970625877380e-02 -1.237923130393028259e-01 9.921008944511413574e-01
1.825786195695400238e-02 -1.224530562758445740e-01 9.923063516616821289e-01
1.625989191234111786e-02 -1.213699951767921448e-01 9.924741387367248535e-01
1.427855528891086578e-02 -1.205825284123420715e-01 9.926006197929382324e-01
1.230133883655071259e-02 -1.201265305280685425e-01 9.926823973655700684e-01
1.031273882836103439e-02 -1.200325638055801392e-01 9.927163720130920410e-01
8.292365819215774536e-03 -1.203213110566139221e-01 9.927003383636474609e-01
6.219248287379741669e-03 -1.210040450096130371e-01 9.926325082778930664e-01
4.070841707289218903e-03 -1.220813766121864319e-01 9.925118088722229004e-01
1.823920058086514473e-03 -1.235395073890686035e-01 9.923379421234130859e-01
-5.436865612864494324e-04 -1.253522634506225586e-01 9.921121597290039062e-01
-3.052082378417253494e-03 -1.274789869785308838e-01 9.918365478515625000e-01
-5.719423759728670120e-03 -1.298653483390808105e-01 9.915151596069335938e-01
-8.561205118894577026e-03 -1.324450075626373291e-01 9.911533594131469727e-01
-1.159078441560268402e-02 -1.351395249366760254e-01 9.907587766647338867e-01
-1.481652259826660156e-02 -1.378623098134994507e-01 9.903405904769897461e-01
-1.824571564793586731e-02 -1.405193507671356201e-01 9.899098277091979980e-01
-2.188063412904739380e-02 -1.430123597383499146e-01 9.894790053367614746e-01
-2.572072111070156097e-02 -1.452437937259674072e-01 9.890615344047546387e-01
-2.976209484040737152e-02 -1.471178233623504639e-01 9.886711239814758301e-01
-3.399715200066566467e-02 -1.485444605350494385e-01 9.883211851119995117e-01
-3.841469436883926392e-02 -1.494438648223876953e-01 9.880236983299255371e-01
-4.299964383244514465e-02 -1.497497558593750000e-01 9.877884387969970703e-01
-4.773215949535369873e-02 -1.494115442037582397e-01 9.876222610473632812e-01
-5.258691310882568359e-02 -1.483997851610183716e-01 9.875282645225524902e-01
-5.753470212221145630e-02 -1.467080265283584595e-01 9.875052571296691895e-01
-6.253845244646072388e-02 -1.443553119897842407e-01 9.875477552413940430e-01
-6.755415350198745728e-02 -1.413887590169906616e-01 9.876465797424316406e-01
-7.253127545118331909e-02 -1.378870308399200439e-01 9.877886176109313965e-01
-7.741084694862365723e-02 -1.339560896158218384e-01 9.879592061042785645e-01
-8.212646096944808960e-02 -1.297323107719421387e-01 9.881420135498046875e-01
-8.660597354173660278e-02 -1.253755837678909302e-01 9.883220195770263672e-01
-9.077078849077224731e-02 -1.210626289248466492e-01 9.884859919548034668e-01
-9.453881531953811646e-02 -1.169808506965637207e-01 9.886242747306823730e-01
-9.783015400171279907e-02 -1.133118867874145508e-01 9.887313842773437500e-01
-1.005655378103256226e-01 -1.102210283279418945e-01 9.888063073158264160e-01
-1.026757806539535522e-01 -1.078423485159873962e-01 9.888517260551452637e-01
-1.041045635938644409e-01 -1.062609180808067322e-01 9.888736009597778320e-01
-1.048121377825737000e-01 -1.055089831352233887e-01 9.888793230056762695e-01
-1.047847867012023926e-01 -1.055543944239616394e-01 9.888774156570434570e-01
-1.040352508425712585e-01 -1.063033416867256165e-01 9.888762831687927246e-01
-1.026084944605827332e-01 -1.076104119420051575e-01 9.888839721679687500e-01
-1.005828082561492920e-01 -1.092918664216995239e-01 9.889076948165893555e-01
-9.807065129280090332e-02 -1.111497357487678528e-01 9.889529347419738770e-01
-9.521412849426269531e-02 -1.129924431443214417e-01 9.890233278274536133e-01
-9.217938035726547241e-02 -1.146589592099189758e-01 9.891189932823181152e-01
-8.914690464735031128e-02 -1.160395741462707520e-01 9.892358183860778809e-01
-8.629741519689559937e-02 -1.170782297849655151e-01 9.893661737442016602e-01
-8.379613608121871948e-02 -1.177827194333076477e-01 9.894975423812866211e-01
-8.177286386489868164e-02 -1.182066872715950012e-01 9.896162152290344238e-01
-8.029908686876296997e-02 -1.184366419911384583e-01 9.897094368934631348e-01
-7.936798781156539917e-02 -1.185609251260757446e-01 9.897696375846862793e-01
-7.888171821832656860e-02 -1.186306104063987732e-01 9.898001551628112793e-01
