2.085524797439575195e-02 -5.909508705139160156e+00 -6.821194648742675781e+00
9.210475534200668335e-02 -5.902128696441650391e+00 -6.850669384002685547e+00
1.803594976663589478e-01 -5.891501903533935547e+00 -6.889947414398193359e+00
2.918701171875000000e-01 -5.872376441955566406e+00 -6.944018840789794922e+00
4.349274635314941406e-01 -5.845985412597656250e+00 -7.020536422729492188e+00
6.080213785171508789e-01 -5.805870532989501953e+00 -7.125245094299316406e+00
7.940921783447265625e-01 -5.751955509185791016e+00 -7.255946636199951172e+00
9.787585139274597168e-01 -5.684164047241210938e+00 -7.411544322967529297e+00
1.152133941650390625e+00 -5.605489253997802734e+00 -7.585182666778564453e+00
1.311879754066467285e+00 -5.520195960998535156e+00 -7.772635936737060547e+00
1.463137507438659668e+00 -5.430763721466064453e+00 -7.964811325073242188e+00
1.603461623191833496e+00 -5.342310428619384766e+00 -8.165501594543457031e+00
1.737975239753723145e+00 -5.258505821228027344e+00 -8.365291595458984375e+00
1.867472410202026367e+00 -5.186053276062011719e+00 -8.561634063720703125e+00
1.988444328308105469e+00 -5.118271350860595703e+00 -8.743936538696289062e+00
2.112757682800292969e+00 -5.060109615325927734e+00 -8.930742263793945312e+00
2.228158235549926758e+00 -5.020692825317382812e+00 -9.087970733642578125e+00
2.346044540405273438e+00 -4.985313892364501953e+00 -9.250710487365722656e+00
2.465279102325439453e+00 -4.960955142974853516e+00 -9.403440475463867188e+00
2.581688642501831055e+00 -4.944681644439697266e+00 -9.546497344970703125e+00
2.696745395660400391e+00 -4.937313556671142578e+00 -9.681064605712890625e+00
2.807820558547973633e+00 -4.940691471099853516e+00 -9.800282478332519531e+00
2.917982339859008789e+00 -4.950358867645263672e+00 -9.914468765258789062e+00
3.025816917419433594e+00 -4.965331554412841797e+00 -1.002064132690429688e+01
3.130359172821044922e+00 -4.984970092773437500e+00 -1.011868381500244141e+01
3.239415168762207031e+00 -5.012986183166503906e+00 -1.021418857574462891e+01
3.339176177978515625e+00 -5.040973186492919922e+00 -1.029554939270019531e+01
3.439897298812866211e+00 -5.071073532104492188e+00 -1.037136268615722656e+01
3.540197849273681641e+00 -5.102443218231201172e+00 -1.044339084625244141e+01
3.639725208282470703e+00 -5.136355400085449219e+00 -1.051111793518066406e+01
3.739347934722900391e+00 -5.170360088348388672e+00 -1.057367897033691406e+01
3.842639684677124023e+00 -5.206066131591796875e+00 -1.063129329681396484e+01
3.942541122436523438e+00 -5.240544319152832031e+00 -1.068507194519042969e+01
4.040513992309570312e+00 -5.275348186492919922e+00 -1.072798538208007812e+01
4.143373966217041016e+00 -5.309282779693603516e+00 -1.077387714385986328e+01
4.245668411254882812e+00 -5.342836856842041016e+00 -1.080826759338378906e+01
4.348585128784179688e+00 -5.375013828277587891e+00 -1.084075355529785156e+01
4.451749324798583984e+00 -5.407063961029052734e+00 -1.086655235290527344e+01
4.548573493957519531e+00 -5.436510086059570312e+00 -1.089094924926757812e+01
4.647997856140136719e+00 -5.467558860778808594e+00 -1.090670871734619141e+01
4.753661155700683594e+00 -5.498695850372314453e+00 -1.091746997833251953e+01
4.855918407440185547e+00 -5.525910854339599609e+00 -1.092267608642578125e+01
4.954843044281005859e+00 -5.556437969207763672e+00 -1.092652797698974609e+01
5.049430847167968750e+00 -5.586932182312011719e+00 -1.091772365570068359e+01
5.141990184783935547e+00 -5.613254547119140625e+00 -1.090672397613525391e+01
5.231387138366699219e+00 -5.640735626220703125e+00 -1.089304637908935547e+01
5.316985130310058594e+00 -5.668281555175781250e+00 -1.087253284454345703e+01
5.398085594177246094e+00 -5.696521282196044922e+00 -1.084249687194824219e+01
5.478046417236328125e+00 -5.724900245666503906e+00 -1.081401634216308594e+01
5.548236846923828125e+00 -5.754127502441406250e+00 -1.077594089508056641e+01
5.619310379028320312e+00 -5.785745143890380859e+00 -1.073140621185302734e+01
5.688393115997314453e+00 -5.821807384490966797e+00 -1.067340278625488281e+01
5.754723548889160156e+00 -5.862298965454101562e+00 -1.060679435729980469e+01
5.814908027648925781e+00 -5.908856868743896484e+00 -1.052879333496093750e+01
5.869973182678222656e+00 -5.964997291564941406e+00 -1.044263172149658203e+01
5.922325611114501953e+00 -6.030775070190429688e+00 -1.034005546569824219e+01
5.964071273803710938e+00 -6.110044002532958984e+00 -1.022321319580078125e+01
5.993363857269287109e+00 -6.203662395477294922e+00 -1.009173965454101562e+01
6.011176586151123047e+00 -6.312558650970458984e+00 -9.944866180419921875e+00
6.006707191467285156e+00 -6.435893535614013672e+00 -9.783843994140625000e+00
5.978223323822021484e+00 -6.571392059326171875e+00 -9.604242324829101562e+00
5.933331966400146484e+00 -6.715034484863281250e+00 -9.422908782958984375e+00
5.862919330596923828e+00 -6.866792201995849609e+00 -9.228016853332519531e+00
5.773767948150634766e+00 -7.018761157989501953e+00 -9.030802726745605469e+00
5.676216602325439453e+00 -7.165328502655029297e+00 -8.839720726013183594e+00
5.563165664672851562e+00 -7.311887264251708984e+00 -8.645396232604980469e+00
5.438887596130371094e+00 -7.456973552703857422e+00 -8.451342582702636719e+00
5.308038711547851562e+00 -7.595026969909667969e+00 -8.266972541809082031e+00
5.178646564483642578e+00 -7.727136611938476562e+00 -8.090549468994140625e+00
5.052698612213134766e+00 -7.856225490570068359e+00 -7.923613548278808594e+00
4.925804138183593750e+00 -7.989510059356689453e+00 -7.758341789245605469e+00
4.806775093078613281e+00 -8.126308441162109375e+00 -7.602849483489990234e+00
4.698960781097412109e+00 -8.266973495483398438e+00 -7.456031322479248047e+00
4.596224308013916016e+00 -8.417513847351074219e+00 -7.310451984405517578e+00
4.504090785980224609e+00 -8.575830459594726562e+00 -7.172802925109863281e+00
4.423182487487792969e+00 -8.740743637084960938e+00 -7.043745994567871094e+00
4.353475093841552734e+00 -8.905671119689941406e+00 -6.925660133361816406e+00
4.294423580169677734e+00 -9.072998046875000000e+00 -6.820062160491943359e+00
4.246786594390869141e+00 -9.234910011291503906e+00 -6.729775428771972656e+00
4.210390567779541016e+00 -9.391983985900878906e+00 -6.656544685363769531e+00
4.174787044525146484e+00 -9.540773391723632812e+00 -6.591349601745605469e+00
4.146594047546386719e+00 -9.683465003967285156e+00 -6.543037891387939453e+00
4.122213840484619141e+00 -9.817770004272460938e+00 -6.504750251770019531e+00
4.099494457244873047e+00 -9.943135261535644531e+00 -6.475542545318603516e+00
4.078098773956298828e+00 -1.006215667724609375e+01 -6.450850486755371094e+00
4.052029609680175781e+00 -1.017588806152343750e+01 -6.426654338836669922e+00
4.028278827667236328e+00 -1.028323173522949219e+01 -6.411396503448486328e+00
4.003469467163085938e+00 -1.038528728485107422e+01 -6.394768238067626953e+00
3.974294900894165039e+00 -1.048352909088134766e+01 -6.377367019653320312e+00
3.941437959671020508e+00 -1.057665824890136719e+01 -6.360478878021240234e+00
3.908930301666259766e+00 -1.066613101959228516e+01 -6.341238021850585938e+00
3.873879194259643555e+00 -1.075272560119628906e+01 -6.320200443267822266e+00
3.835892438888549805e+00 -1.083663368225097656e+01 -6.295540809631347656e+00
3.788218498229980469e+00 -1.091207981109619141e+01 -6.268140316009521484e+00
3.747425317764282227e+00 -1.097676849365234375e+01 -6.230578899383544922e+00
3.701390027999877930e+00 -1.104540061950683594e+01 -6.198970317840576172e+00
3.653376817703247070e+00 -1.111217975616455078e+01 -6.163897991180419922e+00
3.601803064346313477e+00 -1.116995334625244141e+01 -6.126502990722656250e+00
3.546237945556640625e+00 -1.122208404541015625e+01 -6.084598541259765625e+00
3.489853382110595703e+00 -1.126608848571777344e+01 -6.042209148406982422e+00
3.430112600326538086e+00 -1.130293178558349609e+01 -5.992799758911132812e+00
3.367849826812744141e+00 -1.133594799041748047e+01 -5.941802978515625000e+00
3.303705453872680664e+00 -1.136770343780517578e+01 -5.888202190399169922e+00
3.237585067749023438e+00 -1.138331985473632812e+01 -5.829876422882080078e+00
3.170302391052246094e+00 -1.139205169677734375e+01 -5.766959190368652344e+00
3.106585264205932617e+00 -1.139914989471435547e+01 -5.701169490814208984e+00
3.030610799789428711e+00 -1.139839839935302734e+01 -5.628405570983886719e+00
2.953727960586547852e+00 -1.139449691772460938e+01 -5.549264907836914062e+00
2.873565912246704102e+00 -1.138411426544189453e+01 -5.463654518127441406e+00
2.790814638137817383e+00 -1.136528396606445312e+01 -5.371214866638183594e+00
2.703364133834838867e+00 -1.134826469421386719e+01 -5.275043964385986328e+00
2.621918916702270508e+00 -1.132918357849121094e+01 -5.165905475616455078e+00
2.530688285827636719e+00 -1.131306838989257812e+01 -5.059512615203857422e+00
2.442997694015502930e+00 -1.128367042541503906e+01 -4.939503192901611328e+00
2.359241008758544922e+00 -1.126475143432617188e+01 -4.813587665557861328e+00
2.283185958862304688e+00 -1.124474811553955078e+01 -4.689206600189208984e+00
2.213770389556884766e+00 -1.122843456268310547e+01 -4.569179534912109375e+00
2.155569791793823242e+00 -1.120659923553466797e+01 -4.442755222320556641e+00
2.108063220977783203e+00 -1.118301010131835938e+01 -4.317345619201660156e+00
2.060278177261352539e+00 -1.114676856994628906e+01 -4.190561771392822266e+00
1.940855264663696289e+00 -1.118115520477294922e+01 -4.119848251342773438e+00
2.003472089767456055e+00 -1.105675888061523438e+01 -3.969130516052246094e+00
1.737309455871582031e+00 -1.120425796508789062e+01 -3.988687515258789062e+00
1.949727058410644531e+00 -1.092829608917236328e+01 -3.780040740966796875e+00
1.892977356910705566e+00 -1.090215587615966797e+01 -3.715099334716796875e+00
1.841048836708068848e+00 -1.086438655853271484e+01 -3.664972782135009766e+00
1.553198814392089844e+00 -1.106234645843505859e+01 -3.737080574035644531e+00
1.529411077499389648e+00 -1.100138568878173828e+01 -3.691040992736816406e+00
1.696961522102355957e+00 -1.073215675354003906e+01 -3.585543632507324219e+00
1.598258137702941895e+00 -1.073933315277099609e+01 -3.606035947799682617e+00
1.534815430641174316e+00 -1.071219635009765625e+01 -3.630680322647094727e+00
1.322741985321044922e+00 -1.085329341888427734e+01 -3.772244930267333984e+00
1.282627224922180176e+00 -1.081419372558593750e+01 -3.820877313613891602e+00
1.251067161560058594e+00 -1.077283382415771484e+01 -3.879990339279174805e+00
1.225326299667358398e+00 -1.073478889465332031e+01 -3.950881242752075195e+00
1.479961395263671875e+00 -1.041187667846679688e+01 -3.863704681396484375e+00
1.463482856750488281e+00 -1.037451839447021484e+01 -3.942319631576538086e+00
1.435202360153198242e+00 -1.033160114288330078e+01 -4.023811817169189453e+00
1.397955775260925293e+00 -1.031933403015136719e+01 -4.124705314636230469e+00
1.229870080947875977e+00 -1.046341896057128906e+01 -4.335751056671142578e+00
1.260796070098876953e+00 -1.040349769592285156e+01 -4.413718700408935547e+00
1.262592554092407227e+00 -1.038131427764892578e+01 -4.520617008209228516e+00
1.306309819221496582e+00 -1.032972049713134766e+01 -4.600239276885986328e+00
1.344901561737060547e+00 -1.028613758087158203e+01 -4.675602436065673828e+00
1.385967612266540527e+00 -1.024313163757324219e+01 -4.748363018035888672e+00
1.421876549720764160e+00 -1.020888042449951172e+01 -4.821695327758789062e+00
1.465284228324890137e+00 -1.016849040985107422e+01 -4.884148120880126953e+00
1.510941982269287109e+00 -1.012756061553955078e+01 -4.940059185028076172e+00
1.536284208297729492e+00 -1.009865474700927734e+01 -5.012231826782226562e+00
1.602994561195373535e+00 -1.004085826873779297e+01 -5.042190551757812500e+00
1.659934878349304199e+00 -9.978217124938964844e+00 -5.069618225097656250e+00
1.709307193756103516e+00 -9.911096572875976562e+00 -5.108359813690185547e+00
1.752417445182800293e+00 -9.839227676391601562e+00 -5.139132976531982422e+00
1.800461530685424805e+00 -9.750638008117675781e+00 -5.173470020294189453e+00
1.851572394371032715e+00 -9.652127265930175781e+00 -5.213155269622802734e+00
1.897769331932067871e+00 -9.531742095947265625e+00 -5.265914916992187500e+00
1.940174818038940430e+00 -9.390787124633789062e+00 -5.331208229064941406e+00
1.984841346740722656e+00 -9.229131698608398438e+00 -5.415136337280273438e+00
2.027485847473144531e+00 -9.039065361022949219e+00 -5.511739730834960938e+00
2.073463201522827148e+00 -8.826070785522460938e+00 -5.623387336730957031e+00
2.120574474334716797e+00 -8.591096878051757812e+00 -5.747990608215332031e+00
2.166020870208740234e+00 -8.331475257873535156e+00 -5.883551120758056641e+00
2.208190441131591797e+00 -8.052770614624023438e+00 -6.024242401123046875e+00
2.251199245452880859e+00 -7.759783744812011719e+00 -6.168764114379882812e+00
2.291990041732788086e+00 -7.459167480468750000e+00 -6.309054374694824219e+00
2.334183454513549805e+00 -7.150782585144042969e+00 -6.443692684173583984e+00
2.383646726608276367e+00 -6.844646453857421875e+00 -6.573608875274658203e+00
2.445932149887084961e+00 -6.543653488159179688e+00 -6.693090915679931641e+00
2.523744106292724609e+00 -6.251024723052978516e+00 -6.807172775268554688e+00
2.613575220108032227e+00 -5.972467899322509766e+00 -6.911552906036376953e+00
2.711050033569335938e+00 -5.700182914733886719e+00 -7.013213634490966797e+00
2.817880153656005859e+00 -5.448395729064941406e+00 -7.109277248382568359e+00
2.926501989364624023e+00 -5.220790386199951172e+00 -7.198352336883544922e+00
3.037256479263305664e+00 -5.008175373077392578e+00 -7.282387256622314453e+00
3.154674530029296875e+00 -4.807048797607421875e+00 -7.367794513702392578e+00
3.290750026702880859e+00 -4.588837623596191406e+00 -7.451574325561523438e+00
3.852929353713989258e+00 -2.025595664978027344e+00 -7.337321758270263672e+00
4.030266284942626953e+00 -1.870119929313659668e+00 -7.406312942504882812e+00
4.190715312957763672e+00 -1.750299096107482910e+00 -7.452728748321533203e+00
4.350672721862792969e+00 -1.645810723304748535e+00 -7.487422943115234375e+00
4.506941795349121094e+00 -1.554424524307250977e+00 -7.513691902160644531e+00
4.663361549377441406e+00 -1.476886272430419922e+00 -7.532860755920410156e+00
4.819662094116210938e+00 -1.410494923591613770e+00 -7.549976825714111328e+00
4.976552009582519531e+00 -1.355574727058410645e+00 -7.562915802001953125e+00
5.133886337280273438e+00 -1.314509987831115723e+00 -7.574096202850341797e+00
5.290071964263916016e+00 -1.284028530120849609e+00 -7.583653450012207031e+00
5.453579902648925781e+00 -1.265230536460876465e+00 -7.592642307281494141e+00
5.615811824798583984e+00 -1.257338047027587891e+00 -7.600492000579833984e+00
5.789376258850097656e+00 -1.260463237762451172e+00 -7.607984066009521484e+00
5.964047908782958984e+00 -1.276337862014770508e+00 -7.614044189453125000e+00
6.145433902740478516e+00 -1.302694559097290039e+00 -7.618936538696289062e+00
6.334415912628173828e+00 -1.341266155242919922e+00 -7.622233390808105469e+00
6.521447658538818359e+00 -1.388993740081787109e+00 -7.623827934265136719e+00
6.717357158660888672e+00 -1.448430061340332031e+00 -7.622767925262451172e+00
6.901926517486572266e+00 -1.518105626106262207e+00 -7.622001647949218750e+00
7.088728427886962891e+00 -1.596593976020812988e+00 -7.618014335632324219e+00
7.263834476470947266e+00 -1.681779980659484863e+00 -7.612962722778320312e+00
7.430995464324951172e+00 -1.772896170616149902e+00 -7.606207370758056641e+00
7.583928585052490234e+00 -1.866606593132019043e+00 -7.600733757019042969e+00
7.723534107208251953e+00 -1.960818886756896973e+00 -7.596249103546142578e+00
7.842156887054443359e+00 -2.052957534790039062e+00 -7.594603538513183594e+00
7.950959682464599609e+00 -2.144737482070922852e+00 -7.596898078918457031e+00
8.049618721008300781e+00 -2.236989021301269531e+00 -7.598213195800781250e+00
8.133121490478515625e+00 -2.329479694366455078e+00 -7.611506462097167969e+00
8.206029891967773438e+00 -2.418968915939331055e+00 -7.625279426574707031e+00
8.266859054565429688e+00 -2.508866786956787109e+00 -7.643038272857666016e+00
8.320563316345214844e+00 -2.593013286590576172e+00 -7.667125701904296875e+00
8.364398002624511719e+00 -2.680440664291381836e+00 -7.701501846313476562e+00
8.398372650146484375e+00 -2.766778707504272461e+00 -7.747861862182617188e+00
8.424728393554687500e+00 -2.856721401214599609e+00 -7.799962043762207031e+00
8.445316314697265625e+00 -2.945773839950561523e+00 -7.863027095794677734e+00
8.460631370544433594e+00 -3.035514116287231445e+00 -7.940747737884521484e+00
8.468382835388183594e+00 -3.118406534194946289e+00 -8.020701408386230469e+00
8.467128753662109375e+00 -3.204578876495361328e+00 -8.116399765014648438e+00
8.463815689086914062e+00 -3.288106679916381836e+00 -8.224140167236328125e+00
8.454022407531738281e+00 -3.368783950805664062e+00 -8.339229583740234375e+00
8.437233924865722656e+00 -3.444723844528198242e+00 -8.460241317749023438e+00
8.418207168579101562e+00 -3.524214029312133789e+00 -8.582904815673828125e+00
8.398671150207519531e+00 -3.593891859054565430e+00 -8.701524734497070312e+00
8.365602493286132812e+00 -3.653671026229858398e+00 -8.830290794372558594e+00
8.334349632263183594e+00 -3.712420225143432617e+00 -8.951857566833496094e+00
8.300090789794921875e+00 -3.762649297714233398e+00 -9.066085815429687500e+00
8.263671875000000000e+00 -3.807111501693725586e+00 -9.173169136047363281e+00
8.226308822631835938e+00 -3.848893404006958008e+00 -9.277357101440429688e+00
8.189291000366210938e+00 -3.888869047164916992e+00 -9.370718002319335938e+00
8.147592544555664062e+00 -3.903723001480102539e+00 -9.465688705444335938e+00
8.106539726257324219e+00 -3.928540706634521484e+00 -9.550717353820800781e+00
8.064846992492675781e+00 -3.950609207153320312e+00 -9.639365196228027344e+00
8.037100791931152344e+00 -3.977714538574218750e+00 -9.715208053588867188e+00
8.006889343261718750e+00 -4.016996383666992188e+00 -9.777362823486328125e+00
7.974389553070068359e+00 -4.056032180786132812e+00 -9.836572647094726562e+00
7.938078880310058594e+00 -4.113359928131103516e+00 -9.886720657348632812e+00
7.930631637573242188e+00 -4.184998512268066406e+00 -9.932021141052246094e+00
7.932917594909667969e+00 -4.264575004577636719e+00 -9.969937324523925781e+00
7.951053619384765625e+00 -4.335046768188476562e+00 -1.001283264160156250e+01
7.981367111206054688e+00 -4.393486976623535156e+00 -1.005589866638183594e+01
7.996116638183593750e+00 -4.442494869232177734e+00 -1.010843276977539062e+01
8.042307853698730469e+00 -4.468575000762939453e+00 -1.016543292999267578e+01
8.076882362365722656e+00 -4.490857601165771484e+00 -1.021952056884765625e+01
8.092695236206054688e+00 -4.508296012878417969e+00 -1.027224254608154297e+01
8.100580215454101562e+00 -4.513184070587158203e+00 -1.032558727264404297e+01
8.101555824279785156e+00 -4.509297847747802734e+00 -1.038108062744140625e+01
8.090324401855468750e+00 -4.477982521057128906e+00 -1.044863891601562500e+01
8.074892997741699219e+00 -4.450651168823242188e+00 -1.051005840301513672e+01
8.058248519897460938e+00 -4.413390159606933594e+00 -1.057723236083984375e+01
8.025632858276367188e+00 -4.364907741546630859e+00 -1.064192485809326172e+01
7.987572669982910156e+00 -4.306707382202148438e+00 -1.071023368835449219e+01
7.947511196136474609e+00 -4.258563995361328125e+00 -1.078878116607666016e+01
7.902415752410888672e+00 -4.183245658874511719e+00 -1.086554050445556641e+01
7.869314670562744141e+00 -4.123211860656738281e+00 -1.097281169891357422e+01
7.830317497253417969e+00 -4.058954238891601562e+00 -1.108237934112548828e+01
7.785386562347412109e+00 -3.990297794342041016e+00 -1.120454502105712891e+01
7.738652229309082031e+00 -3.919461965560913086e+00 -1.133474636077880859e+01
7.689563274383544922e+00 -3.849524974822998047e+00 -1.146791362762451172e+01
7.640120029449462891e+00 -3.774657487869262695e+00 -1.159715080261230469e+01
7.592223167419433594e+00 -3.694240093231201172e+00 -1.173155784606933594e+01
4.294857025146484375e+00 -2.964601755142211914e+00 -3.002981185913085938e+00
4.126712799072265625e+00 -2.932291269302368164e+00 -2.956773996353149414e+00
3.967579364776611328e+00 -2.905621528625488281e+00 -2.936601638793945312e+00
3.808434247970581055e+00 -2.881533861160278320e+00 -2.930876731872558594e+00
3.646879434585571289e+00 -2.861966609954833984e+00 -2.942584991455078125e+00
3.469440698623657227e+00 -2.841884851455688477e+00 -2.963425636291503906e+00
3.281880617141723633e+00 -2.824546813964843750e+00 -2.997470378875732422e+00
3.091821432113647461e+00 -2.811675310134887695e+00 -3.048599481582641602e+00
2.913399934768676758e+00 -2.803496360778808594e+00 -3.109770774841308594e+00
2.747082948684692383e+00 -2.799849748611450195e+00 -3.176727533340454102e+00
2.597896337509155273e+00 -2.802525043487548828e+00 -3.252503395080566406e+00
2.467353343963623047e+00 -2.808493137359619141e+00 -3.328368663787841797e+00
2.360729694366455078e+00 -2.817468166351318359e+00 -3.400850534439086914e+00
2.272944211959838867e+00 -2.830929040908813477e+00 -3.479111671447753906e+00
2.197257041931152344e+00 -2.845366001129150391e+00 -3.553619146347045898e+00
2.139485597610473633e+00 -2.861850261688232422e+00 -3.627123594284057617e+00
2.094733238220214844e+00 -2.878145933151245117e+00 -3.697504281997680664e+00
2.061387777328491211e+00 -2.899248600006103516e+00 -3.776115894317626953e+00
2.037365913391113281e+00 -2.922765970230102539e+00 -3.858612298965454102e+00
2.023445129394531250e+00 -2.949103116989135742e+00 -3.947039365768432617e+00
2.018968105316162109e+00 -2.978361606597900391e+00 -4.044963836669921875e+00
2.025097846984863281e+00 -3.011770486831665039e+00 -4.151907444000244141e+00
2.042108058929443359e+00 -3.044967889785766602e+00 -4.264884471893310547e+00
2.072306156158447266e+00 -3.085146188735961914e+00 -4.397350788116455078e+00
2.114086389541625977e+00 -3.127507448196411133e+00 -4.541140556335449219e+00
2.165111541748046875e+00 -3.170293569564819336e+00 -4.694590568542480469e+00
2.239726066589355469e+00 -3.213694572448730469e+00 -4.861937046051025391e+00
2.326115608215332031e+00 -3.254877328872680664e+00 -5.037850856781005859e+00
2.419926881790161133e+00 -3.289430618286132812e+00 -5.216154575347900391e+00
2.538124799728393555e+00 -3.318449497222900391e+00 -5.398124694824218750e+00
2.669003963470458984e+00 -3.340683698654174805e+00 -5.581670284271240234e+00
2.807395458221435547e+00 -3.354320287704467773e+00 -5.757654666900634766e+00
2.957182645797729492e+00 -3.359331369400024414e+00 -5.931849956512451172e+00
3.122275114059448242e+00 -3.358851194381713867e+00 -6.099406719207763672e+00
3.297600984573364258e+00 -3.359695672988891602e+00 -6.266246318817138672e+00
3.482077598571777344e+00 -3.363181114196777344e+00 -6.430293560028076172e+00
3.670173883438110352e+00 -3.371291399002075195e+00 -6.587369441986083984e+00
3.869642496109008789e+00 -3.387856483459472656e+00 -6.745208740234375000e+00
4.073261737823486328e+00 -3.409151554107666016e+00 -6.902030944824218750e+00
4.279336929321289062e+00 -3.436200857162475586e+00 -7.050596237182617188e+00
4.484882831573486328e+00 -3.467733621597290039e+00 -7.187589168548583984e+00
4.695122241973876953e+00 -3.503103256225585938e+00 -7.313080310821533203e+00
4.899224758148193359e+00 -3.544997453689575195e+00 -7.416594982147216797e+00
5.107345581054687500e+00 -3.590429544448852539e+00 -7.500093936920166016e+00
5.309769153594970703e+00 -3.640042781829833984e+00 -7.559131622314453125e+00
5.510908603668212891e+00 -3.693332195281982422e+00 -7.600487232208251953e+00
5.709678173065185547e+00 -3.750296354293823242e+00 -7.623238086700439453e+00
5.902590274810791016e+00 -3.809298992156982422e+00 -7.626058578491210938e+00
6.077174186706542969e+00 -3.869150638580322266e+00 -7.615698814392089844e+00
6.250380516052246094e+00 -3.928954601287841797e+00 -7.586693763732910156e+00
6.406489849090576172e+00 -3.985842704772949219e+00 -7.548387050628662109e+00
6.548322200775146484e+00 -4.042038917541503906e+00 -7.495520114898681641e+00
6.680346012115478516e+00 -4.102718830108642578e+00 -7.437253475189208984e+00
6.797020912170410156e+00 -4.163645744323730469e+00 -7.374186515808105469e+00
6.902802467346191406e+00 -4.232376575469970703e+00 -7.309201717376708984e+00
6.986350059509277344e+00 -4.306343078613281250e+00 -7.234805107116699219e+00
7.053074836730957031e+00 -4.390475273132324219e+00 -7.154715538024902344e+00
7.105826377868652344e+00 -4.481551170349121094e+00 -7.069102287292480469e+00
7.142383575439453125e+00 -4.586386203765869141e+00 -6.972886085510253906e+00
7.163771152496337891e+00 -4.702725887298583984e+00 -6.868452548980712891e+00
7.176888942718505859e+00 -4.830874443054199219e+00 -6.751760005950927734e+00
7.178122043609619141e+00 -4.967294216156005859e+00 -6.626216411590576172e+00
7.170425415039062500e+00 -5.107257366180419922e+00 -6.493303775787353516e+00
7.153430938720703125e+00 -5.255348682403564453e+00 -6.348036289215087891e+00
7.122653007507324219e+00 -5.407042503356933594e+00 -6.196698665618896484e+00
7.080477714538574219e+00 -5.559707164764404297e+00 -6.041235923767089844e+00
7.023812294006347656e+00 -5.718961238861083984e+00 -5.882397651672363281e+00
6.961198329925537109e+00 -5.873275279998779297e+00 -5.728005409240722656e+00
6.879614830017089844e+00 -6.033294200897216797e+00 -5.569758415222167969e+00
6.783619403839111328e+00 -6.196217060089111328e+00 -5.411935806274414062e+00
6.675215244293212891e+00 -6.358474731445312500e+00 -5.257272720336914062e+00
6.554143428802490234e+00 -6.518846511840820312e+00 -5.109152317047119141e+00
6.424116611480712891e+00 -6.674897670745849609e+00 -4.970335483551025391e+00
6.277860641479492188e+00 -6.834625720977783203e+00 -4.835765838623046875e+00
6.126181125640869141e+00 -6.988720893859863281e+00 -4.711867809295654297e+00
5.967399597167968750e+00 -7.138724803924560547e+00 -4.600129604339599609e+00
5.798186779022216797e+00 -7.287417888641357422e+00 -4.496520996093750000e+00
5.627983570098876953e+00 -7.428546428680419922e+00 -4.405987262725830078e+00
5.455710411071777344e+00 -7.565023422241210938e+00 -4.326670646667480469e+00
5.283265590667724609e+00 -7.683332920074462891e+00 -4.267526149749755859e+00
5.117868900299072266e+00 -7.794432163238525391e+00 -4.218621253967285156e+00
4.964221477508544922e+00 -7.893495559692382812e+00 -4.181781291961669922e+00
4.818093299865722656e+00 -7.978218078613281250e+00 -4.159471988677978516e+00
4.687300205230712891e+00 -8.051612854003906250e+00 -4.144184112548828125e+00
4.569407463073730469e+00 -8.111200332641601562e+00 -4.139661312103271484e+00
4.464049816131591797e+00 -8.158643722534179688e+00 -4.142561435699462891e+00
4.364261150360107422e+00 -8.192269325256347656e+00 -4.157608985900878906e+00
4.275889873504638672e+00 -8.219247817993164062e+00 -4.176499843597412109e+00
4.192885398864746094e+00 -8.237318038940429688e+00 -4.201982021331787109e+00
4.110837459564208984e+00 -8.247821807861328125e+00 -4.234256744384765625e+00
4.032101154327392578e+00 -8.247632980346679688e+00 -4.276360988616943359e+00
3.952230453491210938e+00 -8.234890937805175781e+00 -4.326821327209472656e+00
3.869844198226928711e+00 -8.208760261535644531e+00 -4.385661125183105469e+00
3.782461404800415039e+00 -8.165289878845214844e+00 -4.456182956695556641e+00
3.686102628707885742e+00 -8.102628707885742188e+00 -4.535599231719970703e+00
3.587815999984741211e+00 -8.011822700500488281e+00 -4.624185085296630859e+00
3.479531526565551758e+00 -7.894413948059082031e+00 -4.718599796295166016e+00
3.366071701049804688e+00 -7.742213726043701172e+00 -4.814624309539794922e+00
3.244129419326782227e+00 -7.563423633575439453e+00 -4.910628795623779297e+00
3.113507270812988281e+00 -7.349077224731445312e+00 -5.010947704315185547e+00
2.975506782531738281e+00 -7.111315250396728516e+00 -5.110132694244384766e+00
2.831700086593627930e+00 -6.838222503662109375e+00 -5.212240695953369141e+00
2.685313463211059570e+00 -6.536747932434082031e+00 -5.323871612548828125e+00
2.554053544998168945e+00 -6.231187820434570312e+00 -5.441483974456787109e+00
2.447723865509033203e+00 -5.929516315460205078e+00 -5.567301750183105469e+00
2.371339797973632812e+00 -5.632054328918457031e+00 -5.703386306762695312e+00
2.326005458831787109e+00 -5.337137699127197266e+00 -5.853013992309570312e+00
2.314894914627075195e+00 -5.057770252227783203e+00 -6.014097690582275391e+00
2.330929756164550781e+00 -4.780756473541259766e+00 -6.197803974151611328e+00
2.373777866363525391e+00 -4.514122009277343750e+00 -6.407988548278808594e+00
2.435457468032836914e+00 -4.273367404937744141e+00 -6.622119426727294922e+00
2.520576477050781250e+00 -4.049007415771484375e+00 -6.842819213867187500e+00
2.623135089874267578e+00 -3.851011276245117188e+00 -7.048423767089843750e+00
2.738837242126464844e+00 -3.682669401168823242e+00 -7.239153861999511719e+00
2.852414846420288086e+00 -3.546568632125854492e+00 -7.406042098999023438e+00
2.970611333847045898e+00 -3.429033041000366211e+00 -7.561824321746826172e+00
3.088880300521850586e+00 -3.331615924835205078e+00 -7.703315258026123047e+00
3.199461936950683594e+00 -3.253287076950073242e+00 -7.833779335021972656e+00
3.305028438568115234e+00 -3.188715219497680664e+00 -7.953427791595458984e+00
3.407110691070556641e+00 -3.137069225311279297e+00 -8.070364952087402344e+00
3.500425100326538086e+00 -3.097493886947631836e+00 -8.173412322998046875e+00
3.596914529800415039e+00 -3.067491769790649414e+00 -8.278402328491210938e+00
3.691330194473266602e+00 -3.050000190734863281e+00 -8.378261566162109375e+00
3.786596298217773438e+00 -3.035749197006225586e+00 -8.477349281311035156e+00
3.877488613128662109e+00 -3.030827045440673828e+00 -8.569110870361328125e+00
3.973349809646606445e+00 -3.028884410858154297e+00 -8.666542053222656250e+00
4.067735671997070312e+00 -3.031642198562622070e+00 -8.762426376342773438e+00
4.162003040313720703e+00 -3.034796953201293945e+00 -8.858760833740234375e+00
4.261316299438476562e+00 -3.041143417358398438e+00 -8.958217620849609375e+00
4.361383914947509766e+00 -3.045149803161621094e+00 -9.059127807617187500e+00
4.465758323669433594e+00 -3.049493312835693359e+00 -9.161217689514160156e+00
4.574470996856689453e+00 -3.052346467971801758e+00 -9.266098976135253906e+00
4.682087421417236328e+00 -3.052814245223999023e+00 -9.369336128234863281e+00
4.787424564361572266e+00 -3.046647071838378906e+00 -9.475894927978515625e+00
4.886853218078613281e+00 -3.040167570114135742e+00 -9.579702377319335938e+00
4.984830856323242188e+00 -3.026290893554687500e+00 -9.684583663940429688e+00
5.081659317016601562e+00 -3.013226509094238281e+00 -9.785752296447753906e+00
5.170868396759033203e+00 -2.997758865356445312e+00 -9.884452819824218750e+00
5.250557422637939453e+00 -2.974311828613281250e+00 -9.978335380554199219e+00
5.321937561035156250e+00 -2.947891712188720703e+00 -1.007475280761718750e+01
5.384952068328857422e+00 -2.919259786605834961e+00 -1.016242790222167969e+01
5.436080932617187500e+00 -2.886391401290893555e+00 -1.024678993225097656e+01
5.478151321411132812e+00 -2.851682662963867188e+00 -1.032809448242187500e+01
5.509770870208740234e+00 -2.814692497253417969e+00 -1.040530967712402344e+01
5.531430721282958984e+00 -2.775896549224853516e+00 -1.047798252105712891e+01
5.542765617370605469e+00 -2.734887838363647461e+00 -1.054807376861572266e+01
5.544557094573974609e+00 -2.699156045913696289e+00 -1.060827541351318359e+01
5.536760807037353516e+00 -2.654604434967041016e+00 -1.067255020141601562e+01
5.523465156555175781e+00 -2.608452320098876953e+00 -1.073670482635498047e+01
5.500281333923339844e+00 -2.559564590454101562e+00 -1.080080604553222656e+01
5.466757297515869141e+00 -2.506219625473022461e+00 -1.086568641662597656e+01
5.430547237396240234e+00 -2.448708295822143555e+00 -1.093563842773437500e+01
5.378268718719482422e+00 -2.386715650558471680e+00 -1.100409984588623047e+01
5.313268184661865234e+00 -2.318906545639038086e+00 -1.107491207122802734e+01
5.238708496093750000e+00 -2.242738962173461914e+00 -1.115135192871093750e+01
5.156174659729003906e+00 -2.160122156143188477e+00 -1.123712825775146484e+01
5.060174465179443359e+00 -2.072659015655517578e+00 -1.132417011260986328e+01
4.954696178436279297e+00 -1.978140234947204590e+00 -1.141821956634521484e+01
4.837984085083007812e+00 -1.877998828887939453e+00 -1.151512145996093750e+01
4.708461284637451172e+00 -1.773549318313598633e+00 -1.161666393280029297e+01
4.575492382049560547e+00 -1.667937278747558594e+00 -1.171474266052246094e+01
4.447583675384521484e+00 -1.569654345512390137e+00 -1.180449581146240234e+01
4.312869548797607422e+00 -1.474085211753845215e+00 -1.189398956298828125e+01
4.172492027282714844e+00 -1.379456281661987305e+00 -1.197758769989013672e+01
4.029452323913574219e+00 -1.288438558578491211e+00 -1.205692672729492188e+01
3.894377470016479492e+00 -1.205922126770019531e+00 -1.212713050842285156e+01
3.760605096817016602e+00 -1.127716183662414551e+00 -1.219254016876220703e+01
3.632388591766357422e+00 -1.060439944267272949e+00 -1.224959754943847656e+01
3.497570991516113281e+00 -9.923662543296813965e-01 -1.230483341217041016e+01
3.378711223602294922e+00 -9.343004822731018066e-01 -1.235314846038818359e+01
3.254401922225952148e+00 -8.785632848739624023e-01 -1.239740371704101562e+01
3.128944158554077148e+00 -8.244740962982177734e-01 -1.243887329101562500e+01
3.001760721206665039e+00 -7.722455859184265137e-01 -1.247972774505615234e+01
2.880416870117187500e+00 -7.260935306549072266e-01 -1.251499271392822266e+01
2.757986068725585938e+00 -6.816152930259704590e-01 -1.255021667480468750e+01
2.635554075241088867e+00 -6.388721466064453125e-01 -1.258251380920410156e+01
2.509506464004516602e+00 -5.989719033241271973e-01 -1.261222267150878906e+01
2.382460355758666992e+00 -5.614181160926818848e-01 -1.263965034484863281e+01
2.259381532669067383e+00 -5.273856520652770996e-01 -1.266477298736572266e+01
2.129878044128417969e+00 -4.941682815551757812e-01 -1.268901252746582031e+01
1.994449257850646973e+00 -4.616566896438598633e-01 -1.271271324157714844e+01
1.859926819801330566e+00 -4.290054738521575928e-01 -1.272973918914794922e+01
1.723481059074401855e+00 -4.049876034259796143e-01 -1.275127315521240234e+01
1.592580795288085938e+00 -3.799952864646911621e-01 -1.276797294616699219e+01
1.461137771606445312e+00 -3.571014404296875000e-01 -1.278381347656250000e+01
1.326383352279663086e+00 -3.352395296096801758e-01 -1.279848098754882812e+01
1.185623645782470703e+00 -3.161456584930419922e-01 -1.281138134002685547e+01
1.054891109466552734e+00 -2.975101768970489502e-01 -1.282499122619628906e+01
9.222788214683532715e-01 -2.820792198181152344e-01 -1.283536434173583984e+01
7.955932617187500000e-01 -2.663399577140808105e-01 -1.284330463409423828e+01
6.861517429351806641e-01 -2.521224319934844971e-01 -1.284786510467529297e+01
5.649668574333190918e-01 -2.409085482358932495e-01 -1.285389518737792969e+01
4.476048648357391357e-01 -2.334291487932205200e-01 -1.285685062408447266e+01
3.382858335971832275e-01 -2.250949293375015259e-01 -1.285967922210693359e+01
2.323035746812820435e-01 -2.182647883892059326e-01 -1.286197471618652344e+01
1.272704750299453735e-01 -2.091384679079055786e-01 -1.286053180694580078e+01
2.612905204296112061e-02 -2.032391279935836792e-01 -1.286422729492187500e+01
-7.166434824466705322e-02 -2.016848772764205933e-01 -1.286515522003173828e+01
-1.592918336391448975e-01 -1.969312280416488647e-01 -1.286600017547607422e+01
-2.484904229640960693e-01 -1.899142265319824219e-01 -1.285530376434326172e+01
-3.439486920833587646e-01 -2.064536362886428833e-01 -1.283682727813720703e+01
-4.329629540443420410e-01 -2.153946310281753540e-01 -1.282473278045654297e+01
-5.248110294342041016e-01 -2.253492474555969238e-01 -1.282065105438232422e+01
-6.199505329132080078e-01 -2.385490387678146362e-01 -1.281617450714111328e+01
-7.127890586853027344e-01 -2.442022264003753662e-01 -1.280748748779296875e+01
-8.179542422294616699e-01 -1.999526917934417725e-01 -1.278339099884033203e+01
-9.121101498603820801e-01 -1.968577951192855835e-01 -1.275285148620605469e+01
-1.012452960014343262e+00 -2.286180704832077026e-01 -1.277937698364257812e+01
-1.098888039588928223e+00 -2.591370344161987305e-01 -1.271830272674560547e+01
-1.195873498916625977e+00 -2.632533311843872070e-01 -1.270070838928222656e+01
-1.272703409194946289e+00 -2.857003211975097656e-01 -1.259969997406005859e+01
-1.369464159011840820e+00 -4.344904720783233643e-01 -1.267765808105468750e+01
-1.437481045722961426e+00 -3.129316866397857666e-01 -1.247704124450683594e+01
-1.585508584976196289e+00 -1.590110659599304199e-01 -1.261510086059570312e+01
-1.688151001930236816e+00 -1.712674647569656372e-01 -1.264781570434570312e+01
-1.730727314949035645e+00 -4.819645285606384277e-01 -1.270115470886230469e+01
-1.829358458518981934e+00 -4.546978175640106201e-01 -1.274004268646240234e+01
-1.886753559112548828e+00 -5.253101587295532227e-01 -1.269206809997558594e+01
-1.905695319175720215e+00 -2.467392385005950928e-01 -1.231061172485351562e+01
-1.984823226928710938e+00 -2.146873474121093750e-01 -1.230655574798583984e+01
-2.074036121368408203e+00 -1.825597137212753296e-01 -1.232922267913818359e+01
-2.207750558853149414e+00 -4.366657733917236328e-01 -1.270254421234130859e+01
-2.289647579193115234e+00 -3.398732841014862061e-01 -1.264652538299560547e+01
-2.367365837097167969e+00 -2.857497334480285645e-01 -1.257428455352783203e+01
-2.396099567413330078e+00 -2.264816313982009888e-01 -1.241103744506835938e+01
-2.424486160278320312e+00 -2.471322864294052124e-01 -1.232225131988525391e+01
-2.489418029785156250e+00 -3.007050752639770508e-01 -1.236920833587646484e+01
-2.504794597625732422e+00 -6.089726686477661133e-01 -1.254853916168212891e+01
-2.528799057006835938e+00 -6.654647588729858398e-01 -1.251496315002441406e+01
-2.570157289505004883e+00 -6.962488293647766113e-01 -1.248103523254394531e+01
-2.633238792419433594e+00 -4.240050613880157471e-01 -1.216474151611328125e+01
-2.526919364929199219e+00 -5.649911761283874512e-01 -1.200127410888671875e+01
-2.500639677047729492e+00 -7.434228062629699707e-01 -1.200544452667236328e+01
-2.618770837783813477e+00 -9.208237528800964355e-01 -1.220285034179687500e+01
-2.688111782073974609e+00 -9.258628487586975098e-01 -1.214888954162597656e+01
-2.796673297882080078e+00 -7.762303948402404785e-01 -1.197920989990234375e+01
-2.883997440338134766e+00 -8.685390353202819824e-01 -1.201897144317626953e+01
-2.929001808166503906e+00 -9.227250814437866211e-01 -1.196175098419189453e+01
-2.983364343643188477e+00 -9.319536089897155762e-01 -1.186701202392578125e+01
-3.018649101257324219e+00 -1.008467316627502441e+00 -1.180369853973388672e+01
-3.072411298751831055e+00 -1.079148769378662109e+00 -1.176111888885498047e+01
-3.132717609405517578e+00 -1.145788550376892090e+00 -1.171262741088867188e+01
-3.209023714065551758e+00 -1.211194753646850586e+00 -1.167528915405273438e+01
-3.268226146697998047e+00 -1.268681049346923828e+00 -1.161322784423828125e+01
-3.322022438049316406e+00 -1.313189864158630371e+00 -1.155128288269042969e+01
-3.383686542510986328e+00 -1.379646539688110352e+00 -1.149406051635742188e+01
-3.443555831909179688e+00 -1.442562460899353027e+00 -1.143712139129638672e+01
-3.502507925033569336e+00 -1.506727695465087891e+00 -1.137597274780273438e+01
-3.548238515853881836e+00 -1.579197645187377930e+00 -1.131926918029785156e+01
-3.608041048049926758e+00 -1.641254305839538574e+00 -1.126219940185546875e+01
-3.665510177612304688e+00 -1.706981778144836426e+00 -1.120343017578125000e+01
-3.724007606506347656e+00 -1.772907972335815430e+00 -1.114699172973632812e+01
-3.779271602630615234e+00 -1.839964628219604492e+00 -1.108719825744628906e+01
-3.832690715789794922e+00 -1.908738017082214355e+00 -1.102756977081298828e+01
-3.889303684234619141e+00 -1.983035922050476074e+00 -1.096511268615722656e+01
-3.941540718078613281e+00 -2.053466558456420898e+00 -1.090468788146972656e+01
-3.990450143814086914e+00 -2.122110605239868164e+00 -1.084896564483642578e+01
-4.042785167694091797e+00 -2.197957515716552734e+00 -1.078837871551513672e+01
-4.094269752502441406e+00 -2.275665283203125000e+00 -1.072636222839355469e+01
-4.145514011383056641e+00 -2.357665538787841797e+00 -1.066277980804443359e+01
-4.198565959930419922e+00 -2.441905736923217773e+00 -1.059683227539062500e+01
-4.248537063598632812e+00 -2.522290945053100586e+00 -1.053442287445068359e+01
-4.300368309020996094e+00 -2.612751483917236328e+00 -1.046734905242919922e+01
-4.351991653442382812e+00 -2.705824613571166992e+00 -1.039845848083496094e+01
-4.404771804809570312e+00 -2.803880929946899414e+00 -1.032979774475097656e+01
-4.455864906311035156e+00 -2.900714874267578125e+00 -1.026297283172607422e+01
-4.507414340972900391e+00 -3.000136852264404297e+00 -1.019520950317382812e+01
-4.558496952056884766e+00 -3.101167440414428711e+00 -1.012660598754882812e+01
-4.609306335449218750e+00 -3.203781604766845703e+00 -1.005841064453125000e+01
-4.658059597015380859e+00 -3.302887916564941406e+00 -9.992642402648925781e+00
-4.706426143646240234e+00 -3.403413534164428711e+00 -9.928045272827148438e+00
-4.753694057464599609e+00 -3.504586458206176758e+00 -9.864393234252929688e+00
-4.797716617584228516e+00 -3.596338033676147461e+00 -9.805966377258300781e+00
-4.842174530029296875e+00 -3.693099021911621094e+00 -9.745371818542480469e+00
-4.885876655578613281e+00 -3.790319681167602539e+00 -9.686819076538085938e+00
-4.927375793457031250e+00 -3.882902145385742188e+00 -9.631674766540527344e+00
-4.967525005340576172e+00 -3.974162578582763672e+00 -9.578569412231445312e+00
-5.006413936614990234e+00 -4.061510086059570312e+00 -9.525588989257812500e+00
-5.043462276458740234e+00 -4.145827770233154297e+00 -9.475199699401855469e+00
-5.078570365905761719e+00 -4.227487564086914062e+00 -9.428732872009277344e+00
-5.116456985473632812e+00 -4.291722297668457031e+00 -9.383840560913085938e+00
-5.155307769775390625e+00 -4.375313758850097656e+00 -9.338768005371093750e+00
-5.190133094787597656e+00 -4.450263977050781250e+00 -9.292099952697753906e+00
-5.223514080047607422e+00 -4.523635387420654297e+00 -9.248836517333984375e+00
-5.258741855621337891e+00 -4.590844154357910156e+00 -9.205841064453125000e+00
-5.292003631591796875e+00 -4.661094188690185547e+00 -9.163097381591796875e+00
-5.326068878173828125e+00 -4.733260154724121094e+00 -9.122826576232910156e+00
-5.360448360443115234e+00 -4.806980133056640625e+00 -9.079930305480957031e+00
-5.394205570220947266e+00 -4.873064041137695312e+00 -9.036490440368652344e+00
-5.433999061584472656e+00 -4.934706687927246094e+00 -8.994565010070800781e+00
-5.474508285522460938e+00 -5.002640724182128906e+00 -8.951164245605468750e+00
-5.513897418975830078e+00 -5.062967300415039062e+00 -8.908719062805175781e+00
-5.555818557739257812e+00 -5.124200344085693359e+00 -8.862716674804687500e+00
-5.598606586456298828e+00 -5.185095787048339844e+00 -8.816414833068847656e+00
-5.645443916320800781e+00 -5.243455886840820312e+00 -8.769341468811035156e+00
-5.693122863769531250e+00 -5.298660755157470703e+00 -8.716696739196777344e+00
-5.741003990173339844e+00 -5.355724334716796875e+00 -8.668087959289550781e+00
-5.800809860229492188e+00 -5.408115386962890625e+00 -8.618136405944824219e+00
-5.856556892395019531e+00 -5.464639663696289062e+00 -8.565172195434570312e+00
-5.911634922027587891e+00 -5.530180931091308594e+00 -8.508364677429199219e+00
-5.972791194915771484e+00 -5.583045005798339844e+00 -8.455162048339843750e+00
-6.036363124847412109e+00 -5.636250972747802734e+00 -8.402101516723632812e+00
-6.099194049835205078e+00 -5.677921295166015625e+00 -8.351527214050292969e+00
-6.173712253570556641e+00 -5.723056316375732422e+00 -8.294633865356445312e+00
-6.247096061706542969e+00 -5.772405147552490234e+00 -8.237771987915039062e+00
-6.322780609130859375e+00 -5.821776866912841797e+00 -8.180671691894531250e+00
-6.402701377868652344e+00 -5.869019031524658203e+00 -8.121539115905761719e+00
-6.482945442199707031e+00 -5.915978908538818359e+00 -8.065977096557617188e+00
-6.563881397247314453e+00 -5.959522247314453125e+00 -8.009514808654785156e+00
-6.644765377044677734e+00 -6.001281738281250000e+00 -7.954988002777099609e+00
-6.725181579589843750e+00 -6.039886474609375000e+00 -7.902243137359619141e+00
-6.809896469116210938e+00 -6.075217723846435547e+00 -7.847825527191162109e+00
-6.898587703704833984e+00 -6.104156970977783203e+00 -7.797066688537597656e+00
-6.984150409698486328e+00 -6.142780303955078125e+00 -7.743462562561035156e+00
-7.057586193084716797e+00 -6.167079448699951172e+00 -7.698421478271484375e+00
-7.141581535339355469e+00 -6.186097621917724609e+00 -7.651226043701171875e+00
-7.224955081939697266e+00 -6.208029747009277344e+00 -7.606533527374267578e+00
-7.309967041015625000e+00 -6.225090026855468750e+00 -7.563538074493408203e+00
-7.391683578491210938e+00 -6.232907772064208984e+00 -7.524862766265869141e+00
-7.476942062377929688e+00 -6.248588085174560547e+00 -7.478568077087402344e+00
-7.559209823608398438e+00 -6.252102851867675781e+00 -7.435885906219482422e+00
-7.641101837158203125e+00 -6.250253200531005859e+00 -7.396898746490478516e+00
-7.720150947570800781e+00 -6.244570255279541016e+00 -7.357292652130126953e+00
-7.799657344818115234e+00 -6.234971046447753906e+00 -7.319339275360107422e+00
-7.875679016113281250e+00 -6.218006134033203125e+00 -7.279592037200927734e+00
-7.948292255401611328e+00 -6.197152137756347656e+00 -7.238606452941894531e+00
-8.018278121948242188e+00 -6.171490192413330078e+00 -7.197727680206298828e+00
-8.083108901977539062e+00 -6.140323638916015625e+00 -7.154904365539550781e+00
-8.145969390869140625e+00 -6.103605270385742188e+00 -7.116235733032226562e+00
-8.204592704772949219e+00 -6.059180259704589844e+00 -7.074804306030273438e+00
-8.262120246887207031e+00 -6.021134376525878906e+00 -7.029528141021728516e+00
-8.310136795043945312e+00 -5.973557472229003906e+00 -6.988028526306152344e+00
-8.353276252746582031e+00 -5.908775806427001953e+00 -6.941431999206542969e+00
-8.392363548278808594e+00 -5.846728801727294922e+00 -6.897058010101318359e+00
-8.428964614868164062e+00 -5.781358242034912109e+00 -6.853209018707275391e+00
-8.464168548583984375e+00 -5.711614131927490234e+00 -6.806578159332275391e+00
-8.497346878051757812e+00 -5.638647556304931641e+00 -6.759049415588378906e+00
-8.531565666198730469e+00 -5.557769775390625000e+00 -6.709688186645507812e+00
-8.566597938537597656e+00 -5.485990047454833984e+00 -6.655482769012451172e+00
-8.598973274230957031e+00 -5.398399353027343750e+00 -6.600685119628906250e+00
-8.635422706604003906e+00 -5.304347038269042969e+00 -6.544341564178466797e+00
-8.674221038818359375e+00 -5.207522869110107422e+00 -6.484215736389160156e+00
-8.717452049255371094e+00 -5.104342460632324219e+00 -6.422805786132812500e+00
-8.765485763549804688e+00 -4.995879173278808594e+00 -6.358881950378417969e+00
-8.821579933166503906e+00 -4.882939338684082031e+00 -6.293104171752929688e+00
-8.886631011962890625e+00 -4.759781837463378906e+00 -6.224187850952148438e+00
-8.963502883911132812e+00 -4.624398231506347656e+00 -6.152167797088623047e+00
-9.054542541503906250e+00 -4.483717441558837891e+00 -6.080734252929687500e+00
-9.159931182861328125e+00 -4.339488029479980469e+00 -6.008156776428222656e+00
-9.283489227294921875e+00 -4.192052364349365234e+00 -5.934269428253173828e+00
-9.429446220397949219e+00 -4.045476913452148438e+00 -5.865673542022705078e+00
-9.586508750915527344e+00 -3.909401655197143555e+00 -5.801836490631103516e+00
-9.755088806152343750e+00 -3.794543743133544922e+00 -5.744112491607666016e+00
-9.912801742553710938e+00 -3.693114280700683594e+00 -5.695916175842285156e+00
-1.005896091461181641e+01 -3.607813119888305664e+00 -5.655819892883300781e+00
-1.017691040039062500e+01 -3.542239189147949219e+00 -5.626757621765136719e+00
-1.029695034027099609e+01 -3.484250545501708984e+00 -5.603257656097412109e+00
-1.043237686157226562e+01 -3.431791543960571289e+00 -5.585641384124755859e+00
2.261078119277954102e+00 1.587304472923278809e+00 -4.760999202728271484e+00
2.408134698867797852e+00 1.592994809150695801e+00 -4.773731708526611328e+00
2.544389963150024414e+00 1.597816705703735352e+00 -4.799671173095703125e+00
2.697117328643798828e+00 1.602448105812072754e+00 -4.841091632843017578e+00
2.876561641693115234e+00 1.605272054672241211e+00 -4.899697780609130859e+00
3.083477973937988281e+00 1.604290366172790527e+00 -4.979631423950195312e+00
3.306606769561767578e+00 1.597265243530273438e+00 -5.077045440673828125e+00
3.537649154663085938e+00 1.581936955451965332e+00 -5.189564228057861328e+00
3.770153522491455078e+00 1.559175610542297363e+00 -5.309409141540527344e+00
3.999545335769653320e+00 1.529339551925659180e+00 -5.431613922119140625e+00
4.228136539459228516e+00 1.494044780731201172e+00 -5.552814483642578125e+00
4.449226856231689453e+00 1.454247713088989258e+00 -5.666100978851318359e+00
4.656022071838378906e+00 1.413369536399841309e+00 -5.766638278961181641e+00
4.851020812988281250e+00 1.369608163833618164e+00 -5.855606079101562500e+00
5.029966831207275391e+00 1.326240539550781250e+00 -5.931425571441650391e+00
5.190618038177490234e+00 1.283344984054565430e+00 -5.994585514068603516e+00
5.332864284515380859e+00 1.243361473083496094e+00 -6.047806739807128906e+00
5.456555843353271484e+00 1.203953981399536133e+00 -6.088035583496093750e+00
5.569190979003906250e+00 1.167375445365905762e+00 -6.122610092163085938e+00
5.668641567230224609e+00 1.132118463516235352e+00 -6.150392055511474609e+00
5.758884906768798828e+00 1.098242163658142090e+00 -6.172911167144775391e+00
5.842936515808105469e+00 1.063845634460449219e+00 -6.190256118774414062e+00
5.927761077880859375e+00 1.026364088058471680e+00 -6.200840473175048828e+00
6.008296489715576172e+00 9.883896708488464355e-01 -6.209620952606201172e+00
6.091645717620849609e+00 9.476505517959594727e-01 -6.214477062225341797e+00
6.175399780273437500e+00 9.035481214523315430e-01 -6.215609073638916016e+00
6.261064529418945312e+00 8.572520017623901367e-01 -6.213284492492675781e+00
6.356058120727539062e+00 8.038810491561889648e-01 -6.207972526550292969e+00
6.458617210388183594e+00 7.440667152404785156e-01 -6.198039531707763672e+00
6.569946765899658203e+00 6.792042255401611328e-01 -6.184452533721923828e+00
6.687634468078613281e+00 6.076667308807373047e-01 -6.164551734924316406e+00
6.812069416046142578e+00 5.301113128662109375e-01 -6.139887332916259766e+00
6.942366600036621094e+00 4.442066550254821777e-01 -6.110263347625732422e+00
7.077322006225585938e+00 3.531188070774078369e-01 -6.074416637420654297e+00
7.216859340667724609e+00 2.539269030094146729e-01 -6.031957626342773438e+00
7.356522560119628906e+00 1.517594307661056519e-01 -5.985282421112060547e+00
7.491948127746582031e+00 4.722627252340316772e-02 -5.933746814727783203e+00
7.619664669036865234e+00 -5.614080652594566345e-02 -5.878188610076904297e+00
7.749755859375000000e+00 -1.643398404121398926e-01 -5.819817543029785156e+00
7.874269008636474609e+00 -2.730349004268646240e-01 -5.755634784698486328e+00
7.991852283477783203e+00 -3.804243803024291992e-01 -5.688484191894531250e+00
8.103641510009765625e+00 -4.860773086547851562e-01 -5.619078159332275391e+00
8.202262878417968750e+00 -5.825221538543701172e-01 -5.547569751739501953e+00
8.301486968994140625e+00 -6.834698319435119629e-01 -5.471632003784179688e+00
8.389364242553710938e+00 -7.742372155189514160e-01 -5.394741535186767578e+00
8.467722892761230469e+00 -8.611702322959899902e-01 -5.315795421600341797e+00
8.539518356323242188e+00 -9.418829679489135742e-01 -5.235656261444091797e+00
8.605134963989257812e+00 -1.020324707031250000e+00 -5.146305561065673828e+00
8.665951728820800781e+00 -1.092032551765441895e+00 -5.063271522521972656e+00
8.718232154846191406e+00 -1.158689856529235840e+00 -4.978228092193603516e+00
8.764983177185058594e+00 -1.216457366943359375e+00 -4.894610404968261719e+00
8.806565284729003906e+00 -1.269649267196655273e+00 -4.812671184539794922e+00
8.841893196105957031e+00 -1.318654537200927734e+00 -4.731842994689941406e+00
8.872184753417968750e+00 -1.362907528877258301e+00 -4.652597427368164062e+00
8.898218154907226562e+00 -1.402310848236083984e+00 -4.573256492614746094e+00
8.919192314147949219e+00 -1.438474178314208984e+00 -4.495849132537841797e+00
8.936236381530761719e+00 -1.471089720726013184e+00 -4.419529914855957031e+00
8.950254440307617188e+00 -1.505092024803161621e+00 -4.337546825408935547e+00
8.959286689758300781e+00 -1.532821774482727051e+00 -4.252364158630371094e+00
8.963579177856445312e+00 -1.559963345527648926e+00 -4.162308216094970703e+00
8.964469909667968750e+00 -1.585982084274291992e+00 -4.065864562988281250e+00
8.960801124572753906e+00 -1.613330721855163574e+00 -3.958809852600097656e+00
8.955997467041015625e+00 -1.648285508155822754e+00 -3.835341453552246094e+00
8.941479682922363281e+00 -1.674628853797912598e+00 -3.702707290649414062e+00
8.920331001281738281e+00 -1.706997632980346680e+00 -3.548033475875854492e+00
8.889691352844238281e+00 -1.744715332984924316e+00 -3.362057685852050781e+00
8.845949172973632812e+00 -1.785958170890808105e+00 -3.150533914566040039e+00
8.786726951599121094e+00 -1.832556366920471191e+00 -2.906897068023681641e+00
8.711591720581054688e+00 -1.885652422904968262e+00 -2.642262220382690430e+00
8.610221862792968750e+00 -1.944263577461242676e+00 -2.355909824371337891e+00
8.481569290161132812e+00 -2.013758182525634766e+00 -2.057569026947021484e+00
8.320475578308105469e+00 -2.098031997680664062e+00 -1.755472540855407715e+00
8.129392623901367188e+00 -2.197674989700317383e+00 -1.464693188667297363e+00
7.906813621520996094e+00 -2.315130233764648438e+00 -1.181943535804748535e+00
7.653149604797363281e+00 -2.448907613754272461e+00 -9.051194787025451660e-01
7.380693912506103516e+00 -2.593977689743041992e+00 -6.444175243377685547e-01
7.103458404541015625e+00 -2.745432138442993164e+00 -4.067434966564178467e-01
6.836379528045654297e+00 -2.897017478942871094e+00 -2.051630914211273193e-01
6.596285820007324219e+00 -3.041507005691528320e+00 -4.388904944062232971e-02
6.381188392639160156e+00 -3.176131010055541992e+00 8.076723664999008179e-02
6.189212322235107422e+00 -3.298799037933349609e+00 1.771672666072845459e-01
6.008239746093750000e+00 -3.415992021560668945e+00 2.535101473331451416e-01
5.803696155548095703e+00 -3.546181678771972656e+00 3.218213915824890137e-01
1.383684754371643066e+00 -5.842436313629150391e+00 1.321858644485473633e+00
1.201331734657287598e+00 -5.873008728027343750e+00 1.339780092239379883e+00
1.027593493461608887e+00 -5.918653011322021484e+00 1.342193365097045898e+00
8.468043804168701172e-01 -5.984173774719238281e+00 1.336879014968872070e+00
6.558306217193603516e-01 -6.061025619506835938e+00 1.325391173362731934e+00
4.601366817951202393e-01 -6.144097328186035156e+00 1.308293223381042480e+00
2.673339545726776123e-01 -6.227651119232177734e+00 1.287267208099365234e+00
8.655469119548797607e-02 -6.307433605194091797e+00 1.265607595443725586e+00
-8.055268228054046631e-02 -6.381418228149414062e+00 1.240720748901367188e+00
-2.317028939723968506e-01 -6.447398662567138672e+00 1.216567158699035645e+00
-3.695204555988311768e-01 -6.505217075347900391e+00 1.191024661064147949e+00
-4.910369217395782471e-01 -6.555259227752685547e+00 1.162867784500122070e+00
-6.047745347023010254e-01 -6.600932121276855469e+00 1.138977766036987305e+00
-7.087528109550476074e-01 -6.642184257507324219e+00 1.112624168395996094e+00
-8.054170012474060059e-01 -6.679228305816650391e+00 1.084750771522521973e+00
-8.972423076629638672e-01 -6.713578701019287109e+00 1.055667877197265625e+00
-9.831382632255554199e-01 -6.745166778564453125e+00 1.027053713798522949e+00
-1.066947937011718750e+00 -6.774244785308837891e+00 9.970123171806335449e-01
-1.147264242172241211e+00 -6.800261974334716797e+00 9.619850516319274902e-01
-1.225859284400939941e+00 -6.821645736694335938e+00 9.255307912826538086e-01
-1.302395105361938477e+00 -6.842601776123046875e+00 8.892983794212341309e-01
-1.375419497489929199e+00 -6.864333152770996094e+00 8.556224703788757324e-01
-1.440880417823791504e+00 -6.881571292877197266e+00 8.244178295135498047e-01
-1.509262800216674805e+00 -6.896293640136718750e+00 7.879445552825927734e-01
-1.571633934974670410e+00 -6.908347606658935547e+00 7.496751546859741211e-01
-1.625405311584472656e+00 -6.919775962829589844e+00 7.097198367118835449e-01
-1.684744596481323242e+00 -6.929615974426269531e+00 6.682653427124023438e-01
-1.744324922561645508e+00 -6.937784194946289062e+00 6.264064908027648926e-01
-1.803453207015991211e+00 -6.947879791259765625e+00 5.840494632720947266e-01
-1.856100320816040039e+00 -6.951780796051025391e+00 5.371900796890258789e-01
-1.909564971923828125e+00 -6.952796459197998047e+00 4.858176708221435547e-01
-1.964485049247741699e+00 -6.954982280731201172e+00 4.297279715538024902e-01
-2.015650510787963867e+00 -6.956377506256103516e+00 3.727336227893829346e-01
-2.069560527801513672e+00 -6.957869052886962891e+00 3.121744692325592041e-01
-2.124896049499511719e+00 -6.958397388458251953e+00 2.433218210935592651e-01
-2.183496236801147461e+00 -6.961627006530761719e+00 1.721581220626831055e-01
-2.249113798141479492e+00 -6.963238239288330078e+00 9.313552081584930420e-02
-2.320114135742187500e+00 -6.965050220489501953e+00 6.915471050888299942e-03
-2.401958227157592773e+00 -6.966703414916992188e+00 -9.180785715579986572e-02
-2.489758968353271484e+00 -6.968107223510742188e+00 -2.020848989486694336e-01
-2.588547229766845703e+00 -6.969569683074951172e+00 -3.257209658622741699e-01
-2.699346542358398438e+00 -6.971271038055419922e+00 -4.678122103214263916e-01
-2.820736169815063477e+00 -6.973520755767822266e+00 -6.203691363334655762e-01
-2.950169563293457031e+00 -6.977581977844238281e+00 -7.870077490806579590e-01
-3.089785337448120117e+00 -6.983776092529296875e+00 -9.705584049224853516e-01
-3.236865043640136719e+00 -6.991462707519531250e+00 -1.165382623672485352e+00
-3.387150764465332031e+00 -7.002744197845458984e+00 -1.364041924476623535e+00
-3.536114931106567383e+00 -7.018524646759033203e+00 -1.561127066612243652e+00
-3.681858301162719727e+00 -7.038147449493408203e+00 -1.752059698104858398e+00
-3.809555530548095703e+00 -7.076226711273193359e+00 -1.918190717697143555e+00
-3.928628444671630859e+00 -7.116937160491943359e+00 -2.070592164993286133e+00
-4.033555507659912109e+00 -7.169371604919433594e+00 -2.198567152023315430e+00
-4.121292591094970703e+00 -7.233816146850585938e+00 -2.297228574752807617e+00
-4.198892116546630859e+00 -7.307956218719482422e+00 -2.377873659133911133e+00
-4.270172119140625000e+00 -7.393661499023437500e+00 -2.435104370117187500e+00
-4.327237129211425781e+00 -7.477176189422607422e+00 -2.484183549880981445e+00
-4.380994796752929688e+00 -7.565188884735107422e+00 -2.531046867370605469e+00
-4.429686069488525391e+00 -7.642252445220947266e+00 -2.579891681671142578e+00
-4.475227355957031250e+00 -7.702276706695556641e+00 -2.630911588668823242e+00
-4.510140419006347656e+00 -7.741392135620117188e+00 -2.673384904861450195e+00
-4.542089939117431641e+00 -7.763441085815429688e+00 -2.709518909454345703e+00
-4.566861152648925781e+00 -7.771991252899169922e+00 -2.742554664611816406e+00
-4.588440418243408203e+00 -7.767619132995605469e+00 -2.770489215850830078e+00
-4.603429794311523438e+00 -7.749661445617675781e+00 -2.802621841430664062e+00
-4.617469787597656250e+00 -7.720302581787109375e+00 -2.831914901733398438e+00
-4.635351181030273438e+00 -7.687522411346435547e+00 -2.856024980545043945e+00
-4.640992641448974609e+00 -7.629640579223632812e+00 -2.892255067825317383e+00
-4.637872695922851562e+00 -7.549590110778808594e+00 -2.926742553710937500e+00
-4.625129222869873047e+00 -7.454273223876953125e+00 -2.961714982986450195e+00
-4.613444805145263672e+00 -7.345473289489746094e+00 -2.990273237228393555e+00
-4.604024410247802734e+00 -7.232803821563720703e+00 -3.025469541549682617e+00
-4.602037906646728516e+00 -7.117455005645751953e+00 -3.074002504348754883e+00
-4.612377643585205078e+00 -6.998318672180175781e+00 -3.134585857391357422e+00
-4.631858825683593750e+00 -6.880536556243896484e+00 -3.216750383377075195e+00
-4.673534870147705078e+00 -6.755354404449462891e+00 -3.320197820663452148e+00
-4.729581356048583984e+00 -6.624403953552246094e+00 -3.442380905151367188e+00
-4.796769142150878906e+00 -6.491022586822509766e+00 -3.578636884689331055e+00
-4.872429370880126953e+00 -6.359706401824951172e+00 -3.719372034072875977e+00
-4.948016166687011719e+00 -6.233169078826904297e+00 -3.854660272598266602e+00
-5.022473335266113281e+00 -6.113931655883789062e+00 -3.983562946319580078e+00
-5.091751575469970703e+00 -6.000699520111083984e+00 -4.110453128814697266e+00
-5.154367923736572266e+00 -5.902499675750732422e+00 -4.225959777832031250e+00
-5.219733238220214844e+00 -5.806777000427246094e+00 -4.320548534393310547e+00
-5.246751785278320312e+00 -5.718694686889648438e+00 -4.410940647125244141e+00
-5.291917800903320312e+00 -5.641499996185302734e+00 -4.491929531097412109e+00
-5.340109825134277344e+00 -5.566733360290527344e+00 -4.554742813110351562e+00
-5.384080886840820312e+00 -5.492089748382568359e+00 -4.619523525238037109e+00
-5.429607868194580078e+00 -5.424813270568847656e+00 -4.663585662841796875e+00
-5.477322101593017578e+00 -5.360444068908691406e+00 -4.693203449249267578e+00
-5.524242877960205078e+00 -5.302053451538085938e+00 -4.710365772247314453e+00
-5.571661472320556641e+00 -5.247548103332519531e+00 -4.706032752990722656e+00
-5.630600929260253906e+00 -5.192887783050537109e+00 -4.705732822418212891e+00
-5.695287704467773438e+00 -5.142794132232666016e+00 -4.696319103240966797e+00
-5.744761943817138672e+00 -5.081695556640625000e+00 -4.649952411651611328e+00
-5.811326026916503906e+00 -5.045276641845703125e+00 -4.614175796508789062e+00
-5.879106044769287109e+00 -5.014640808105468750e+00 -4.573802471160888672e+00
-5.938351631164550781e+00 -4.981561660766601562e+00 -4.513536453247070312e+00
-5.988927841186523438e+00 -4.950564384460449219e+00 -4.436023712158203125e+00
-6.180156707763671875e+00 -5.085639476776123047e+00 -4.483887672424316406e+00
-6.086767673492431641e+00 -4.900259017944335938e+00 -4.259918689727783203e+00
-6.344436645507812500e+00 -5.090823173522949219e+00 -4.395538806915283203e+00
-6.398263931274414062e+00 -5.092600822448730469e+00 -4.310577869415283203e+00
-6.395913124084472656e+00 -5.044782638549804688e+00 -4.155739784240722656e+00
-6.451573371887207031e+00 -5.031159877777099609e+00 -4.112635612487792969e+00
-6.495729446411132812e+00 -4.998324394226074219e+00 -4.074218273162841797e+00
-6.546206474304199219e+00 -4.968354225158691406e+00 -4.046560287475585938e+00
-6.603500366210937500e+00 -4.935074806213378906e+00 -4.052232265472412109e+00
-6.642361640930175781e+00 -4.880328655242919922e+00 -4.055292129516601562e+00
-6.692156791687011719e+00 -4.830433368682861328e+00 -4.082011222839355469e+00
-6.729371547698974609e+00 -4.763608455657958984e+00 -4.115623950958251953e+00
-6.762824058532714844e+00 -4.695403575897216797e+00 -4.140110015869140625e+00
-6.782653808593750000e+00 -4.604786396026611328e+00 -4.176177501678466797e+00
-6.791704177856445312e+00 -4.503486156463623047e+00 -4.210515499114990234e+00
-6.805156230926513672e+00 -4.398581504821777344e+00 -4.239654541015625000e+00
-6.828022480010986328e+00 -4.287712097167968750e+00 -4.239577293395996094e+00
-6.852923870086669922e+00 -4.171596050262451172e+00 -4.249718666076660156e+00
-6.897441387176513672e+00 -4.051672458648681641e+00 -4.253872394561767578e+00
-6.942561149597167969e+00 -3.923497915267944336e+00 -4.253288745880126953e+00
-6.983115673065185547e+00 -3.790282964706420898e+00 -4.282367229461669922e+00
-7.023572921752929688e+00 -3.647340059280395508e+00 -4.284094333648681641e+00
-7.066026687622070312e+00 -3.511083126068115234e+00 -4.279533863067626953e+00
-7.102856159210205078e+00 -3.377372503280639648e+00 -4.271818161010742188e+00
-7.156726837158203125e+00 -3.266129732131958008e+00 -4.246985435485839844e+00
-7.171541690826416016e+00 -3.147277355194091797e+00 -4.242722988128662109e+00
-7.187620162963867188e+00 -3.030237674713134766e+00 -4.225286960601806641e+00
-7.198996543884277344e+00 -2.919315576553344727e+00 -4.202918529510498047e+00
-7.253424644470214844e+00 -2.823849678039550781e+00 -4.168674945831298828e+00
-7.271225452423095703e+00 -2.722940921783447266e+00 -4.152262210845947266e+00
-7.300245761871337891e+00 -2.622501850128173828e+00 -4.133749485015869141e+00
-7.313464641571044922e+00 -2.529679775238037109e+00 -4.131840705871582031e+00
-7.322514533996582031e+00 -2.442051172256469727e+00 -4.142424106597900391e+00
-7.335694313049316406e+00 -2.364594697952270508e+00 -4.166276931762695312e+00
-7.302371501922607422e+00 -2.280856847763061523e+00 -4.222408294677734375e+00
-7.295776367187500000e+00 -2.213704109191894531e+00 -4.284050941467285156e+00
-7.310734748840332031e+00 -2.160959482192993164e+00 -4.358437061309814453e+00
-7.302224159240722656e+00 -2.112069606781005859e+00 -4.457527160644531250e+00
-7.308016300201416016e+00 -2.077482700347900391e+00 -4.562400341033935547e+00
-7.325994014739990234e+00 -2.053166151046752930e+00 -4.666533946990966797e+00
-7.373520374298095703e+00 -2.039195775985717773e+00 -4.761374473571777344e+00
-7.414699554443359375e+00 -2.036269903182983398e+00 -4.862996578216552734e+00
-7.464477062225341797e+00 -2.036849737167358398e+00 -4.959717273712158203e+00
-7.518699169158935547e+00 -2.036793708801269531e+00 -5.049949169158935547e+00
-7.593855381011962891e+00 -2.051903009414672852e+00 -5.127697467803955078e+00
-7.676029205322265625e+00 -2.080376625061035156e+00 -5.189728260040283203e+00
-7.764314651489257812e+00 -2.119219303131103516e+00 -5.247307300567626953e+00
-7.833014965057373047e+00 -2.094132661819458008e+00 -5.296287536621093750e+00
-7.922942638397216797e+00 -2.118247985839843750e+00 -5.330184459686279297e+00
-8.012959480285644531e+00 -2.142135381698608398e+00 -5.348755836486816406e+00
-8.091567039489746094e+00 -2.136631250381469727e+00 -5.362577915191650391e+00
-8.166686058044433594e+00 -2.119325637817382812e+00 -5.366455554962158203e+00
-8.241374015808105469e+00 -2.081503391265869141e+00 -5.363797187805175781e+00
-8.320002555847167969e+00 -2.086951732635498047e+00 -5.339652061462402344e+00
-8.386220932006835938e+00 -2.095909833908081055e+00 -5.279893398284912109e+00
-8.447328567504882812e+00 -2.104468107223510742e+00 -5.205262660980224609e+00
-8.496682167053222656e+00 -2.106380462646484375e+00 -5.118807315826416016e+00
-8.526288986206054688e+00 -2.084222555160522461e+00 -5.039991378784179688e+00
-8.549942016601562500e+00 -2.037523984909057617e+00 -4.980536460876464844e+00
-8.562726974487304688e+00 -2.016464948654174805e+00 -4.879040241241455078e+00
-8.565283775329589844e+00 -1.954346179962158203e+00 -4.799748420715332031e+00
-8.551471710205078125e+00 -1.891324996948242188e+00 -4.711996078491210938e+00
-8.522750854492187500e+00 -1.817579269409179688e+00 -4.635661602020263672e+00
-8.483444213867187500e+00 -1.734625220298767090e+00 -4.562504768371582031e+00
-8.431671142578125000e+00 -1.650293588638305664e+00 -4.491105556488037109e+00
-8.366784095764160156e+00 -1.546914219856262207e+00 -4.435749053955078125e+00
-8.295338630676269531e+00 -1.453713536262512207e+00 -4.378993988037109375e+00
-8.213865280151367188e+00 -1.352044224739074707e+00 -4.332474708557128906e+00
-8.134155273437500000e+00 -1.249714016914367676e+00 -4.290294170379638672e+00
-8.057490348815917969e+00 -1.148395299911499023e+00 -4.239752769470214844e+00
-7.985326766967773438e+00 -1.037458777427673340e+00 -4.211190223693847656e+00
-7.930984973907470703e+00 -9.165514707565307617e-01 -4.169785499572753906e+00
-7.879601001739501953e+00 -7.819213867187500000e-01 -4.167018413543701172e+00
-7.845730304718017578e+00 -6.497173309326171875e-01 -4.141695499420166016e+00
-7.821610450744628906e+00 -5.082867741584777832e-01 -4.107143878936767578e+00
-7.802327156066894531e+00 -3.602175712585449219e-01 -4.075254440307617188e+00
-7.783028602600097656e+00 -2.042411416769027710e-01 -4.044461727142333984e+00
-7.769793510437011719e+00 -5.398004129528999329e-02 -4.013569355010986328e+00
-7.756131172180175781e+00 1.098460406064987183e-01 -3.984786748886108398e+00
-7.742703914642333984e+00 2.786580920219421387e-01 -3.956078767776489258e+00
-7.730566978454589844e+00 4.479839801788330078e-01 -3.929817438125610352e+00
-7.718276023864746094e+00 6.217784285545349121e-01 -3.905288934707641602e+00
-7.707509994506835938e+00 7.904029488563537598e-01 -3.882002353668212891e+00
-7.696650505065917969e+00 9.683116078376770020e-01 -3.859678506851196289e+00
-7.686042785644531250e+00 1.154608011245727539e+00 -3.840052127838134766e+00
-7.676159381866455078e+00 1.342097520828247070e+00 -3.822237253189086914e+00
-7.667598247528076172e+00 1.531189680099487305e+00 -3.807778596878051758e+00
-7.659860134124755859e+00 1.724521279335021973e+00 -3.795828819274902344e+00
-7.654252052307128906e+00 1.910016179084777832e+00 -3.787945270538330078e+00
-7.650099277496337891e+00 2.100027084350585938e+00 -3.780749797821044922e+00
-7.648805618286132812e+00 2.287432909011840820e+00 -3.776604890823364258e+00
-7.652081966400146484e+00 2.460114479064941406e+00 -3.784767150878906250e+00
-7.657269001007080078e+00 2.635920286178588867e+00 -3.789405345916748047e+00
-7.668321132659912109e+00 2.803077936172485352e+00 -3.801584959030151367e+00
-7.687413692474365234e+00 2.960885047912597656e+00 -3.819259166717529297e+00
-7.715461254119873047e+00 3.110067129135131836e+00 -3.844732999801635742e+00
-7.748124122619628906e+00 3.245513200759887695e+00 -3.868665933609008789e+00
-7.786074638366699219e+00 3.381390094757080078e+00 -3.909603834152221680e+00
-7.840756416320800781e+00 3.488265991210937500e+00 -3.962317228317260742e+00
-7.911017417907714844e+00 3.579746246337890625e+00 -4.022789001464843750e+00
-8.017271041870117188e+00 3.664359092712402344e+00 -4.032437324523925781e+00
-8.173422813415527344e+00 3.755629539489746094e+00 -3.970342397689819336e+00
-8.283834457397460938e+00 3.837105989456176758e+00 -3.957208395004272461e+00
-8.372881889343261719e+00 3.912652254104614258e+00 -3.957249402999877930e+00
-8.163685798645019531e+00 3.864015579223632812e+00 -4.478836059570312500e+00
-8.221601486206054688e+00 3.910286426544189453e+00 -4.544461727142333984e+00
-8.235225677490234375e+00 3.961651086807250977e+00 -4.622066020965576172e+00
-8.629339218139648438e+00 4.172093391418457031e+00 -4.051761150360107422e+00
-8.669632911682128906e+00 4.221617698669433594e+00 -4.104361534118652344e+00
-8.703593254089355469e+00 4.272802352905273438e+00 -4.188583850860595703e+00
-8.724596023559570312e+00 4.311037063598632812e+00 -4.279205799102783203e+00
-8.692906379699707031e+00 4.319516181945800781e+00 -4.508292198181152344e+00
-8.449700355529785156e+00 4.312605857849121094e+00 -4.767398357391357422e+00
-8.451566696166992188e+00 4.383833885192871094e+00 -4.778827190399169922e+00
-8.358984947204589844e+00 4.423224449157714844e+00 -4.822756290435791016e+00
-8.303886413574218750e+00 4.470403194427490234e+00 -4.840153694152832031e+00
-8.642531394958496094e+00 4.696344852447509766e+00 -4.381543159484863281e+00
-8.607343673706054688e+00 4.749828338623046875e+00 -4.334878444671630859e+00
-8.573742866516113281e+00 4.788441658020019531e+00 -4.288784980773925781e+00
-8.143181800842285156e+00 4.656914234161376953e+00 -4.801054000854492188e+00
-8.082275390625000000e+00 4.676622390747070312e+00 -4.783880710601806641e+00
-8.354084968566894531e+00 4.934317588806152344e+00 -4.382860660552978516e+00
-8.375766754150390625e+00 4.915095806121826172e+00 -4.187074184417724609e+00
-8.227001190185546875e+00 4.988981723785400391e+00 -4.342825889587402344e+00
-8.085322380065917969e+00 4.992878437042236328e+00 -4.405670642852783203e+00
-7.767425537109375000e+00 4.727201461791992188e+00 -4.594393730163574219e+00
-7.708438873291015625e+00 4.722958564758300781e+00 -4.539882659912109375e+00
-7.653500080108642578e+00 4.723494529724121094e+00 -4.481750488281250000e+00
-7.608036041259765625e+00 4.735525131225585938e+00 -4.421763420104980469e+00
-7.557704925537109375e+00 4.734146595001220703e+00 -4.355139732360839844e+00
-7.940101623535156250e+00 4.903138637542724609e+00 -3.845651865005493164e+00
-7.886453628540039062e+00 4.910855293273925781e+00 -3.794246912002563477e+00
-7.826307296752929688e+00 4.885220527648925781e+00 -3.734168767929077148e+00
-7.371612548828125000e+00 4.736577987670898438e+00 -4.044668674468994141e+00
-7.335960388183593750e+00 4.744874000549316406e+00 -3.960542917251586914e+00
-7.265932559967041016e+00 4.711505413055419922e+00 -3.895962715148925781e+00
-7.216908454895019531e+00 4.706882953643798828e+00 -3.815806150436401367e+00
-7.462969303131103516e+00 4.789835453033447266e+00 -3.467456579208374023e+00
-7.392164707183837891e+00 4.794904708862304688e+00 -3.403826713562011719e+00
-7.318579196929931641e+00 4.775242328643798828e+00 -3.327128171920776367e+00
-7.015322685241699219e+00 4.714921951293945312e+00 -3.481335878372192383e+00
-7.188075065612792969e+00 4.820368289947509766e+00 -3.222269058227539062e+00
-6.893256187438964844e+00 4.773465633392333984e+00 -3.376398801803588867e+00
-6.854354381561279297e+00 4.777407169342041016e+00 -3.301904201507568359e+00
-6.866312980651855469e+00 4.788839340209960938e+00 -3.179968833923339844e+00
-6.866499900817871094e+00 4.823209762573242188e+00 -3.084425449371337891e+00
-6.829835891723632812e+00 4.859616279602050781e+00 -3.039796590805053711e+00
-6.773643493652343750e+00 4.892240047454833984e+00 -3.019146203994750977e+00
-6.733400821685791016e+00 4.931909561157226562e+00 -3.001919746398925781e+00
-6.702141761779785156e+00 4.985263347625732422e+00 -2.980302333831787109e+00
-6.677555084228515625e+00 5.047358989715576172e+00 -2.965132236480712891e+00
-6.656004905700683594e+00 5.114976406097412109e+00 -2.953595399856567383e+00
-6.635020256042480469e+00 5.193006992340087891e+00 -2.952738523483276367e+00
-6.615886211395263672e+00 5.275784015655517578e+00 -2.948136091232299805e+00
-6.597459793090820312e+00 5.367110252380371094e+00 -2.947227954864501953e+00
-6.572913169860839844e+00 5.470116138458251953e+00 -2.943625688552856445e+00
-6.541629791259765625e+00 5.577440261840820312e+00 -2.930634498596191406e+00
-6.493732929229736328e+00 5.698847770690917969e+00 -2.904016256332397461e+00
-6.442243576049804688e+00 5.838274002075195312e+00 -2.875537872314453125e+00
-6.376450538635253906e+00 5.994609355926513672e+00 -2.829261779785156250e+00
-6.299005508422851562e+00 6.182057857513427734e+00 -2.785410404205322266e+00
-6.213755607604980469e+00 6.389200687408447266e+00 -2.732361555099487305e+00
-6.122527599334716797e+00 6.620338439941406250e+00 -2.673555135726928711e+00
-6.024595260620117188e+00 6.876090049743652344e+00 -2.605734109878540039e+00
-5.935433864593505859e+00 7.138766288757324219e+00 -2.539012193679809570e+00
-5.848275661468505859e+00 7.428872585296630859e+00 -2.460500955581665039e+00
-5.784181118011474609e+00 7.712481021881103516e+00 -2.383755207061767578e+00
-5.746029853820800781e+00 7.978177547454833984e+00 -2.309835195541381836e+00
-5.731531143188476562e+00 8.233612060546875000e+00 -2.237786531448364258e+00
-5.741289615631103516e+00 8.485359191894531250e+00 -2.163445949554443359e+00
-5.767928123474121094e+00 8.729363441467285156e+00 -2.092358112335205078e+00
-5.814211845397949219e+00 8.975654602050781250e+00 -2.016335725784301758e+00
-5.873276710510253906e+00 9.217698097229003906e+00 -1.940691113471984863e+00
-5.939857959747314453e+00 9.446904182434082031e+00 -1.869281888008117676e+00
-6.008623123168945312e+00 9.661948204040527344e+00 -1.796037912368774414e+00
-6.076011180877685547e+00 9.853031158447265625e+00 -1.727609276771545410e+00
-6.137450218200683594e+00 1.002012920379638672e+01 -1.667669415473937988e+00
-6.187791824340820312e+00 1.016076755523681641e+01 -1.617827177047729492e+00
-6.236250877380371094e+00 1.028675746917724609e+01 -1.570017099380493164e+00
-6.281094551086425781e+00 1.039458656311035156e+01 -1.538448810577392578e+00
-6.329179286956787109e+00 1.049554347991943359e+01 -1.506784081459045410e+00
-6.371575355529785156e+00 1.058671092987060547e+01 -1.493818640708923340e+00
-6.419069766998291016e+00 1.067332553863525391e+01 -1.481942772865295410e+00
-6.461525917053222656e+00 1.075503349304199219e+01 -1.493299841880798340e+00
-6.508937835693359375e+00 1.083427429199218750e+01 -1.523916244506835938e+00
-6.549601078033447266e+00 1.090958690643310547e+01 -1.564151883125305176e+00
-6.590356349945068359e+00 1.099067687988281250e+01 -1.626946568489074707e+00
-6.633234500885009766e+00 1.106349086761474609e+01 -1.701548695564270020e+00
-6.674710750579833984e+00 1.113711547851562500e+01 -1.781745553016662598e+00
-6.713146209716796875e+00 1.120790576934814453e+01 -1.875392556190490723e+00
-6.741618156433105469e+00 1.128101158142089844e+01 -1.972564697265625000e+00
-6.783394813537597656e+00 1.134974384307861328e+01 -2.066340684890747070e+00
-6.798003673553466797e+00 1.142816829681396484e+01 -2.160944938659667969e+00
-6.808776855468750000e+00 1.150090789794921875e+01 -2.256418466567993164e+00
-6.845802307128906250e+00 1.156804180145263672e+01 -2.332799911499023438e+00
-6.862680912017822266e+00 1.164751529693603516e+01 -2.413530111312866211e+00
-6.908943653106689453e+00 1.172770690917968750e+01 -2.453938722610473633e+00
-6.932866096496582031e+00 1.180474090576171875e+01 -2.491858005523681641e+00
-6.996663093566894531e+00 1.186681365966796875e+01 -2.508322000503540039e+00
-7.069995880126953125e+00 1.192501926422119141e+01 -2.507452487945556641e+00
-7.077109336853027344e+00 1.200481414794921875e+01 -2.513957023620605469e+00
-7.042536258697509766e+00 1.209634304046630859e+01 -2.506682872772216797e+00
-7.128209114074707031e+00 1.213779163360595703e+01 -2.465535163879394531e+00
-7.101493835449218750e+00 1.221854877471923828e+01 -2.455697774887084961e+00
-7.127335548400878906e+00 1.226550197601318359e+01 -2.410408496856689453e+00
-7.202889919281005859e+00 1.228994846343994141e+01 -2.328320741653442383e+00
-7.249128341674804688e+00 1.231824493408203125e+01 -2.240666866302490234e+00
-7.288237094879150391e+00 1.232634830474853516e+01 -2.132177114486694336e+00
-7.274788379669189453e+00 1.236254787445068359e+01 -2.044983863830566406e+00
-7.258478641510009766e+00 1.239222145080566406e+01 -1.952140092849731445e+00
-7.193653583526611328e+00 1.244598388671875000e+01 -1.879876375198364258e+00
-7.182738780975341797e+00 1.244358348846435547e+01 -1.760449290275573730e+00
-7.141825675964355469e+00 1.245091056823730469e+01 -1.653698444366455078e+00
-7.089679718017578125e+00 1.246704578399658203e+01 -1.550623297691345215e+00
-7.019814968109130859e+00 1.248734474182128906e+01 -1.462968230247497559e+00
-6.962077140808105469e+00 1.250163555145263672e+01 -1.353147625923156738e+00
-6.869616031646728516e+00 1.253319740295410156e+01 -1.274999856948852539e+00
-6.787122249603271484e+00 1.255796813964843750e+01 -1.186291217803955078e+00
-6.706916332244873047e+00 1.259050083160400391e+01 -1.098248362541198730e+00
-6.617419242858886719e+00 1.262334537506103516e+01 -1.024159431457519531e+00
-6.516442775726318359e+00 1.266869926452636719e+01 -9.672087430953979492e-01
-6.425131320953369141e+00 1.272091293334960938e+01 -9.044821262359619141e-01
-6.330665588378906250e+00 1.276993846893310547e+01 -8.539015054702758789e-01
-6.235773086547851562e+00 1.282888126373291016e+01 -8.134584426879882812e-01
-6.141207218170166016e+00 1.289175987243652344e+01 -7.818224430084228516e-01
-6.043845653533935547e+00 1.294824409484863281e+01 -7.527984976768493652e-01
-5.945806026458740234e+00 1.300675773620605469e+01 -7.320509552955627441e-01
-5.846434116363525391e+00 1.306514358520507812e+01 -7.197962999343872070e-01
-5.744340419769287109e+00 1.312177562713623047e+01 -7.166261672973632812e-01
-5.645635604858398438e+00 1.317340564727783203e+01 -7.129546999931335449e-01
-5.540023803710937500e+00 1.322679042816162109e+01 -7.218590378761291504e-01
-5.432678222656250000e+00 1.327783203125000000e+01 -7.398874163627624512e-01
-5.321579456329345703e+00 1.332846355438232422e+01 -7.650679349899291992e-01
-5.204022884368896484e+00 1.337711334228515625e+01 -7.967349886894226074e-01
-5.082842826843261719e+00 1.341695690155029297e+01 -8.270434737205505371e-01
-4.955152511596679688e+00 1.346793460845947266e+01 -8.711028695106506348e-01
-4.817376613616943359e+00 1.351037693023681641e+01 -9.249158501625061035e-01
-4.670557498931884766e+00 1.355047798156738281e+01 -9.859250783920288086e-01
-4.518638610839843750e+00 1.358695030212402344e+01 -1.051826596260070801e+00
-4.360320568084716797e+00 1.361676406860351562e+01 -1.122934699058532715e+00
-4.198686599731445312e+00 1.364395523071289062e+01 -1.199170947074890137e+00
-4.035572052001953125e+00 1.366469478607177734e+01 -1.283195734024047852e+00
-3.870606660842895508e+00 1.367043018341064453e+01 -1.371435523033142090e+00
-3.708799839019775391e+00 1.367495632171630859e+01 -1.457327365875244141e+00
-3.553277015686035156e+00 1.367719841003417969e+01 -1.537365674972534180e+00
-3.410425662994384766e+00 1.367707824707031250e+01 -1.611114144325256348e+00
-3.275281190872192383e+00 1.367334461212158203e+01 -1.682150125503540039e+00
-3.153494596481323242e+00 1.366941356658935547e+01 -1.755744338035583496e+00
-3.034657955169677734e+00 1.366432952880859375e+01 -1.813805222511291504e+00
-2.924853563308715820e+00 1.364855289459228516e+01 -1.868091464042663574e+00
-2.826081514358520508e+00 1.363112926483154297e+01 -1.922039866447448730e+00
-2.747889995574951172e+00 1.360715770721435547e+01 -1.974871516227722168e+00
-2.668466091156005859e+00 1.357538318634033203e+01 -2.017803907394409180e+00
-2.604794263839721680e+00 1.353734493255615234e+01 -2.066923618316650391e+00
-2.555598258972167969e+00 1.349347972869873047e+01 -2.108456611633300781e+00
-2.507055997848510742e+00 1.344354248046875000e+01 -2.124876022338867188e+00
-2.487212419509887695e+00 1.339893722534179688e+01 -2.150687932968139648e+00
-2.485117197036743164e+00 1.335188007354736328e+01 -2.177736043930053711e+00
-2.481030702590942383e+00 1.330306911468505859e+01 -2.193550109863281250e+00
-2.492900848388671875e+00 1.324858093261718750e+01 -2.198537111282348633e+00
-2.509243011474609375e+00 1.318805313110351562e+01 -2.190250396728515625e+00
-2.562566995620727539e+00 1.311647796630859375e+01 -2.187775611877441406e+00
-2.625775337219238281e+00 1.305179309844970703e+01 -2.178771257400512695e+00
-2.690094232559204102e+00 1.298148536682128906e+01 -2.145326852798461914e+00
-2.762542009353637695e+00 1.291341209411621094e+01 -2.096503019332885742e+00
-2.845082998275756836e+00 1.284441184997558594e+01 -2.042613029479980469e+00
-2.937555313110351562e+00 1.277144718170166016e+01 -1.983340263366699219e+00
-3.029896020889282227e+00 1.269806480407714844e+01 -1.918611526489257812e+00
-3.140285015106201172e+00 1.260997486114501953e+01 -1.846608519554138184e+00
-3.263667106628417969e+00 1.251698684692382812e+01 -1.764539003372192383e+00
-3.397468566894531250e+00 1.241656970977783203e+01 -1.670634269714355469e+00
-3.534615755081176758e+00 1.231146144866943359e+01 -1.570614218711853027e+00
-3.676661252975463867e+00 1.219762039184570312e+01 -1.466576576232910156e+00
-3.813701152801513672e+00 1.210458564758300781e+01 -1.357596516609191895e+00
-3.949285984039306641e+00 1.200770950317382812e+01 -1.246176600456237793e+00
-4.079681396484375000e+00 1.192285346984863281e+01 -1.135912418365478516e+00
-4.203196525573730469e+00 1.184649658203125000e+01 -1.026099443435668945e+00
-4.317383289337158203e+00 1.177812957763671875e+01 -9.218085408210754395e-01
-4.422983169555664062e+00 1.171589279174804688e+01 -8.216275572776794434e-01
-4.519906997680664062e+00 1.165901565551757812e+01 -7.204409241676330566e-01
-4.605845451354980469e+00 1.160801601409912109e+01 -6.272914409637451172e-01
-4.676154136657714844e+00 1.155533981323242188e+01 -5.320203304290771484e-01
-4.742675781250000000e+00 1.151628112792968750e+01 -4.396202862262725830e-01
-4.797786712646484375e+00 1.147520828247070312e+01 -3.522340953350067139e-01
-4.842294216156005859e+00 1.143375968933105469e+01 -2.646625936031341553e-01
-4.873918533325195312e+00 1.140288925170898438e+01 -1.794328838586807251e-01
-4.891846179962158203e+00 1.136528682708740234e+01 -1.003951877355575562e-01
-4.901628971099853516e+00 1.134220504760742188e+01 -2.089662663638591766e-02
-4.892670154571533203e+00 1.131860733032226562e+01 4.933581128716468811e-02
-4.875979423522949219e+00 1.130438232421875000e+01 1.163501143455505371e-01
-4.845666885375976562e+00 1.129656219482421875e+01 1.706529855728149414e-01
-4.805772304534912109e+00 1.129706192016601562e+01 2.281203866004943848e-01
-4.753301620483398438e+00 1.129393672943115234e+01 2.685443162918090820e-01
-4.686530113220214844e+00 1.128472709655761719e+01 3.003446757793426514e-01
-4.605528831481933594e+00 1.129509162902832031e+01 3.254352807998657227e-01
-4.516991138458251953e+00 1.130963420867919922e+01 3.452184498310089111e-01
-4.423581600189208984e+00 1.133647441864013672e+01 3.554222881793975830e-01
-4.319943904876708984e+00 1.136376094818115234e+01 3.542034327983856201e-01
-4.202648639678955078e+00 1.138310146331787109e+01 3.506316840648651123e-01
-4.080924987792968750e+00 1.140814113616943359e+01 3.364517390727996826e-01
-3.955924749374389648e+00 1.143307304382324219e+01 3.297355771064758301e-01
-3.815092802047729492e+00 1.146061515808105469e+01 3.181806802749633789e-01
-3.666741609573364258e+00 1.149093818664550781e+01 3.085128962993621826e-01
-3.508392333984375000e+00 1.152384471893310547e+01 3.024209141731262207e-01
-3.343651294708251953e+00 1.154625606536865234e+01 3.050832748413085938e-01
-3.177427053451538086e+00 1.158395290374755859e+01 3.051218390464782715e-01
-3.018085241317749023e+00 1.162223911285400391e+01 3.067784011363983154e-01
-2.870419502258300781e+00 1.166279506683349609e+01 3.104682266712188721e-01
-2.744261980056762695e+00 1.170272445678710938e+01 3.085723221302032471e-01
-2.618405342102050781e+00 1.173184585571289062e+01 3.120956718921661377e-01
-2.505423069000244141e+00 1.177790069580078125e+01 3.190154135227203369e-01
-2.400187253952026367e+00 1.181346511840820312e+01 3.259511291980743408e-01
-2.301109313964843750e+00 1.184789180755615234e+01 3.299789428710937500e-01
-2.208605527877807617e+00 1.187182712554931641e+01 3.301138877868652344e-01
-2.122068881988525391e+00 1.188594341278076172e+01 3.235762119293212891e-01
-2.041210174560546875e+00 1.188439559936523438e+01 3.175714015960693359e-01
-1.969463467597961426e+00 1.186376857757568359e+01 3.109910190105438232e-01
-1.899941802024841309e+00 1.184871959686279297e+01 2.853184938430786133e-01
-1.848457574844360352e+00 1.184126091003417969e+01 2.382880598306655884e-01
-1.795612096786499023e+00 1.179629802703857422e+01 2.070991992950439453e-01
-1.754710435867309570e+00 1.174484157562255859e+01 1.774675250053405762e-01
-1.728134393692016602e+00 1.167062759399414062e+01 1.599344760179519653e-01
-1.716391682624816895e+00 1.155202674865722656e+01 1.674897074699401855e-01
-1.710574984550476074e+00 1.144937515258789062e+01 1.420150697231292725e-01
-1.701168537139892578e+00 1.137604713439941406e+01 8.987697213888168335e-02
-1.673069119453430176e+00 1.136700534820556641e+01 -1.893660798668861389e-02
-1.668506503105163574e+00 1.129802703857421875e+01 -9.229546040296554565e-02
-1.665850758552551270e+00 1.121243953704833984e+01 -1.423611640930175781e-01
-1.646976947784423828e+00 1.114981746673583984e+01 -2.062251567840576172e-01
-1.634485960006713867e+00 1.109996318817138672e+01 -2.907196879386901855e-01
-1.613769292831420898e+00 1.103246784210205078e+01 -3.539944291114807129e-01
-1.582271575927734375e+00 1.097710990905761719e+01 -4.256674051284790039e-01
-1.542456507682800293e+00 1.092982673645019531e+01 -5.008516907691955566e-01
-1.497686982154846191e+00 1.088394546508789062e+01 -5.778418779373168945e-01
-1.440819859504699707e+00 1.083978557586669922e+01 -6.564336419105529785e-01
-1.392347455024719238e+00 1.079056262969970703e+01 -7.348402738571166992e-01
-1.353175044059753418e+00 1.073955821990966797e+01 -8.196001052856445312e-01
-1.294173479080200195e+00 1.068526554107666016e+01 -8.987524509429931641e-01
-1.231429576873779297e+00 1.063637161254882812e+01 -9.676451683044433594e-01
-1.165454626083374023e+00 1.058497333526611328e+01 -1.051886677742004395e+00
-1.094638705253601074e+00 1.053578376770019531e+01 -1.136361479759216309e+00
-1.020876049995422363e+00 1.048034095764160156e+01 -1.222837567329406738e+00
-9.430124759674072266e-01 1.042335319519042969e+01 -1.306123256683349609e+00
-8.509809374809265137e-01 1.036422348022460938e+01 -1.386608481407165527e+00
-7.625533938407897949e-01 1.030358219146728516e+01 -1.466145396232604980e+00
-6.762341856956481934e-01 1.024238014221191406e+01 -1.536685585975646973e+00
-5.791818499565124512e-01 1.018304729461669922e+01 -1.606670141220092773e+00
-4.821931719779968262e-01 1.012577438354492188e+01 -1.670527815818786621e+00
-3.863614499568939209e-01 1.007106304168701172e+01 -1.727627038955688477e+00
-2.944936752319335938e-01 1.001772308349609375e+01 -1.778244972229003906e+00
-2.022616863250732422e-01 9.969455718994140625e+00 -1.815306186676025391e+00
-1.162151098251342773e-01 9.923056602478027344e+00 -1.852223753929138184e+00
-3.237901628017425537e-02 9.877167701721191406e+00 -1.884961247444152832e+00
4.520964249968528748e-02 9.836458206176757812e+00 -1.906553149223327637e+00
1.215351149439811707e-01 9.798947334289550781e+00 -1.920161366462707520e+00
2.013566344976425171e-01 9.761355400085449219e+00 -1.926639080047607422e+00
2.796722948551177979e-01 9.725203514099121094e+00 -1.932257413864135742e+00
3.623399138450622559e-01 9.689964294433593750e+00 -1.928547263145446777e+00
4.520617425441741943e-01 9.651827812194824219e+00 -1.928912281990051270e+00
5.482465028762817383e-01 9.614593505859375000e+00 -1.913041114807128906e+00
6.599201560020446777e-01 9.575072288513183594e+00 -1.892800807952880859e+00
7.849665284156799316e-01 9.530870437622070312e+00 -1.866744995117187500e+00
9.274426102638244629e-01 9.481792449951171875e+00 -1.834094762802124023e+00
1.088692784309387207e+00 9.426906585693359375e+00 -1.793972611427307129e+00
1.272072792053222656e+00 9.363759994506835938e+00 -1.744487762451171875e+00
1.469486474990844727e+00 9.297679901123046875e+00 -1.689568638801574707e+00
1.690127611160278320e+00 9.222546577453613281e+00 -1.617524266242980957e+00
1.925329208374023438e+00 9.140877723693847656e+00 -1.536997556686401367e+00
2.172019481658935547e+00 9.053445816040039062e+00 -1.449038147926330566e+00
2.437567472457885742e+00 8.957877159118652344e+00 -1.347252726554870605e+00
2.713605165481567383e+00 8.856411933898925781e+00 -1.239120960235595703e+00
2.998492717742919922e+00 8.753888130187988281e+00 -1.131149411201477051e+00
3.281957387924194336e+00 8.654577255249023438e+00 -1.027946472167968750e+00
3.565512418746948242e+00 8.561561584472656250e+00 -9.327452778816223145e-01
3.845258951187133789e+00 8.475567817687988281e+00 -8.511654138565063477e-01
4.123786449432373047e+00 8.393074035644531250e+00 -7.856297492980957031e-01
4.398413658142089844e+00 8.314802169799804688e+00 -7.270231246948242188e-01
4.655714511871337891e+00 8.242485046386718750e+00 -6.819000840187072754e-01
4.890036106109619141e+00 8.175489425659179688e+00 -6.516124606132507324e-01
5.111826896667480469e+00 8.111169815063476562e+00 -6.316622495651245117e-01
5.311544895172119141e+00 8.052417755126953125e+00 -6.205050349235534668e-01
5.488376140594482422e+00 7.998683452606201172e+00 -6.176246404647827148e-01
5.640348911285400391e+00 7.951883316040039062e+00 -6.209859251976013184e-01
5.772714138031005859e+00 7.908986568450927734e+00 -6.261494755744934082e-01
5.891955375671386719e+00 7.869664192199707031e+00 -6.322198510169982910e-01
6.000789642333984375e+00 7.832949161529541016e+00 -6.403413414955139160e-01
6.097978591918945312e+00 7.797580718994140625e+00 -6.486852765083312988e-01
6.189733982086181641e+00 7.762718200683593750e+00 -6.571415066719055176e-01
6.278787136077880859e+00 7.728466033935546875e+00 -6.653704643249511719e-01
6.363741397857666016e+00 7.694127082824707031e+00 -6.736530065536499023e-01
6.450457572937011719e+00 7.656685829162597656e+00 -6.810203194618225098e-01
6.542621612548828125e+00 7.615865707397460938e+00 -6.878944635391235352e-01
6.635639190673828125e+00 7.572854042053222656e+00 -6.942237019538879395e-01
6.744647979736328125e+00 7.521450042724609375e+00 -7.000558376312255859e-01
6.857066631317138672e+00 7.466539382934570312e+00 -7.048200964927673340e-01
6.980897426605224609e+00 7.405530452728271484e+00 -7.088415622711181641e-01
7.111618518829345703e+00 7.338960170745849609e+00 -7.112295627593994141e-01
7.258464813232421875e+00 7.263572216033935547e+00 -7.123098969459533691e-01
7.408103942871093750e+00 7.186314582824707031e+00 -7.120305895805358887e-01
7.571656703948974609e+00 7.100476264953613281e+00 -7.096437215805053711e-01
7.742299079895019531e+00 7.010263442993164062e+00 -7.061548233032226562e-01
7.915625572204589844e+00 6.917836189270019531e+00 -7.008370757102966309e-01
8.097411155700683594e+00 6.819202423095703125e+00 -6.931548118591308594e-01
8.269628524780273438e+00 6.725811004638671875e+00 -6.847132444381713867e-01
8.449822425842285156e+00 6.629354000091552734e+00 -6.744061708450317383e-01
8.627964019775390625e+00 6.533178329467773438e+00 -6.645706892013549805e-01
8.801421165466308594e+00 6.438961505889892578e+00 -6.545781493186950684e-01
8.972459793090820312e+00 6.345258712768554688e+00 -6.440733075141906738e-01
9.126125335693359375e+00 6.258540153503417969e+00 -6.341252923011779785e-01
9.284309387207031250e+00 6.170934677124023438e+00 -6.232263445854187012e-01
9.429414749145507812e+00 6.087276935577392578e+00 -6.129642128944396973e-01
9.572082519531250000e+00 6.003725051879882812e+00 -6.015253067016601562e-01
9.704804420471191406e+00 5.922078132629394531e+00 -5.909266471862792969e-01
9.828418731689453125e+00 5.850573062896728516e+00 -5.813798904418945312e-01
9.946565628051757812e+00 5.776861190795898438e+00 -5.717996954917907715e-01
1.004561996459960938e+01 5.705392360687255859e+00 -5.643576383590698242e-01
1.014801216125488281e+01 5.638909339904785156e+00 -5.495482683181762695e-01
1.023671627044677734e+01 5.577977657318115234e+00 -5.415391325950622559e-01
1.032497692108154297e+01 5.517724037170410156e+00 -5.314242243766784668e-01
1.040011310577392578e+01 5.454885959625244141e+00 -5.270148515701293945e-01
1.047773647308349609e+01 5.398355007171630859e+00 -5.216903686523437500e-01
1.055570316314697266e+01 5.347816944122314453e+00 -5.128492116928100586e-01
1.062559223175048828e+01 5.296418190002441406e+00 -5.056731104850769043e-01
1.069283008575439453e+01 5.256950855255126953e+00 -4.980201125144958496e-01
1.076853561401367188e+01 5.218799114227294922e+00 -4.879737496376037598e-01
1.085076236724853516e+01 5.187364101409912109e+00 -4.781605601310729980e-01
1.093188190460205078e+01 5.156718254089355469e+00 -4.763916432857513428e-01
1.095624256134033203e+01 5.105824947357177734e+00 -3.429197371006011963e-01
1.096037387847900391e+01 5.042818069458007812e+00 -2.577621936798095703e-01
1.099236488342285156e+01 4.900110721588134766e+00 -5.658501982688903809e-01
1.106400108337402344e+01 4.954133510589599609e+00 -1.977957338094711304e-01
1.109083271026611328e+01 4.795188426971435547e+00 -5.501747727394104004e-01
1.120994186401367188e+01 4.790433883666992188e+00 -4.750377833843231201e-01
1.119100475311279297e+01 4.673832416534423828e+00 -5.186009407043457031e-01
1.128563976287841797e+01 4.718348503112792969e+00 -2.268883734941482544e-01
1.124320507049560547e+01 4.540062427520751953e+00 -4.937998950481414795e-01
1.134442329406738281e+01 4.575055599212646484e+00 -2.008080333471298218e-01
1.138284397125244141e+01 4.496908664703369141e+00 -2.001380622386932373e-01
1.127538108825683594e+01 4.299993991851806641e+00 -4.156334698200225830e-01
1.130000209808349609e+01 4.307843685150146484e+00 -7.735170423984527588e-02
1.133809375762939453e+01 4.225653648376464844e+00 -7.345897704362869263e-02
1.141182422637939453e+01 4.102837085723876953e+00 -2.669241130352020264e-01
1.146865749359130859e+01 4.025490283966064453e+00 -2.279908955097198486e-01
1.146374225616455078e+01 3.933999061584472656e+00 -1.885952949523925781e-01
1.148796272277832031e+01 3.852929115295410156e+00 -1.544939428567886353e-01
1.151674747467041016e+01 3.771805524826049805e+00 -8.493702113628387451e-02
1.150716495513916016e+01 3.670138597488403320e+00 -4.170897603034973145e-02
1.148920631408691406e+01 3.577051639556884766e+00 5.291964858770370483e-03
1.150287532806396484e+01 3.485013961791992188e+00 3.571174666285514832e-02
1.151328659057617188e+01 3.396737575531005859e+00 8.347462862730026245e-02
1.154077243804931641e+01 3.271251440048217773e+00 7.741558365523815155e-03
1.155624103546142578e+01 3.179064989089965820e+00 -5.551372189074754715e-03
1.160020160675048828e+01 3.104907274246215820e+00 4.986383020877838135e-02
1.159265995025634766e+01 3.037657499313354492e+00 1.261546462774276733e-01
1.158357524871826172e+01 2.943999052047729492e+00 1.459590196609497070e-01
1.155816268920898438e+01 2.864800453186035156e+00 1.999317705631256104e-01
1.155290985107421875e+01 2.780391216278076172e+00 2.267238795757293701e-01
1.154343509674072266e+01 2.697687864303588867e+00 2.554803788661956787e-01
1.153594207763671875e+01 2.613036155700683594e+00 2.750582695007324219e-01
1.152604770660400391e+01 2.512539863586425781e+00 2.430331408977508545e-01
1.152269840240478516e+01 2.416898965835571289e+00 2.208001613616943359e-01
1.150402736663818359e+01 2.341839551925659180e+00 2.561454474925994873e-01
1.148911857604980469e+01 2.263223886489868164e+00 2.588508427143096924e-01
1.149766445159912109e+01 2.214092016220092773e+00 4.210239350795745850e-01
1.146224594116210938e+01 2.135267257690429688e+00 4.415066242218017578e-01
1.144695091247558594e+01 2.054390668869018555e+00 4.599910974502563477e-01
1.140832042694091797e+01 1.966095328330993652e+00 4.094988405704498291e-01
1.139714622497558594e+01 1.875591754913330078e+00 3.944319486618041992e-01
1.136832427978515625e+01 1.806485772132873535e+00 4.530878067016601562e-01
1.134574127197265625e+01 1.727822184562683105e+00 4.839250743389129639e-01
1.133235931396484375e+01 1.640765190124511719e+00 4.793937504291534424e-01
1.127238368988037109e+01 1.568919777870178223e+00 5.052068233489990234e-01
1.124447154998779297e+01 1.495160222053527832e+00 5.331541299819946289e-01
1.121083831787109375e+01 1.417839050292968750e+00 5.589001774787902832e-01
1.118392658233642578e+01 1.336602568626403809e+00 6.012315750122070312e-01
1.114142227172851562e+01 1.258645057678222656e+00 6.066806912422180176e-01
1.109328556060791016e+01 1.177444696426391602e+00 6.049607992172241211e-01
1.104379749298095703e+01 1.097500205039978027e+00 6.195927858352661133e-01
1.099378871917724609e+01 1.015641570091247559e+00 6.286293268203735352e-01
1.094513130187988281e+01 9.304429292678833008e-01 6.422013044357299805e-01
1.089738845825195312e+01 8.536803722381591797e-01 6.548629999160766602e-01
1.084300708770751953e+01 7.706947326660156250e-01 6.848247051239013672e-01
1.078460121154785156e+01 6.879352331161499023e-01 6.904316544532775879e-01
1.072457122802734375e+01 6.077501773834228516e-01 7.019876837730407715e-01
1.066707801818847656e+01 5.208296179771423340e-01 7.096197009086608887e-01
1.058382701873779297e+01 4.567847549915313721e-01 7.308753728866577148e-01
1.053150844573974609e+01 3.774113655090332031e-01 7.534461021423339844e-01
1.047387123107910156e+01 2.991772890090942383e-01 7.397465705871582031e-01
1.043744087219238281e+01 2.101692110300064087e-01 7.440865635871887207e-01
1.041061782836914062e+01 1.527346521615982056e-01 8.502560853958129883e-01
1.038488483428955078e+01 7.056789845228195190e-02 8.456172943115234375e-01
1.035996532440185547e+01 -1.283048838376998901e-02 8.146849870681762695e-01
1.032451915740966797e+01 -8.616188168525695801e-02 7.545746564865112305e-01
1.029548072814941406e+01 -1.499001979827880859e-01 7.491380572319030762e-01
1.025479507446289062e+01 -2.015352994203567505e-01 7.570544481277465820e-01
1.022096824645996094e+01 -2.421390712261199951e-01 7.671773433685302734e-01
1.018481636047363281e+01 -2.766446173191070557e-01 7.801675200462341309e-01
1.014243698120117188e+01 -3.014104664325714111e-01 7.938704490661621094e-01
1.009363174438476562e+01 -3.175567090511322021e-01 8.135446310043334961e-01
1.003276062011718750e+01 -3.284948766231536865e-01 8.403074145317077637e-01
9.969820022583007812e+00 -3.337142765522003174e-01 8.673023581504821777e-01
9.901362419128417969e+00 -3.433735966682434082e-01 8.909515738487243652e-01
9.827626228332519531e+00 -3.589912652969360352e-01 9.169134497642517090e-01
9.742501258850097656e+00 -3.867484033107757568e-01 9.436041116714477539e-01
9.644745826721191406e+00 -4.316029250621795654e-01 9.737818837165832520e-01
9.525006294250488281e+00 -4.971895813941955566e-01 1.009587168693542480e+00
9.382045745849609375e+00 -5.859078764915466309e-01 1.052477240562438965e+00
9.199185371398925781e+00 -6.974434256553649902e-01 1.106018900871276855e+00
8.969396591186523438e+00 -8.336665034294128418e-01 1.174909114837646484e+00
8.684664726257324219e+00 -1.002137899398803711e+00 1.261063337326049805e+00
8.336933135986328125e+00 -1.194374084472656250e+00 1.369042277336120605e+00
7.927073478698730469e+00 -1.431453347206115723e+00 1.501221179962158203e+00
7.468284606933593750e+00 -1.685421943664550781e+00 1.644911885261535645e+00
6.996107578277587891e+00 -1.959467172622680664e+00 1.789875626564025879e+00
6.548656463623046875e+00 -2.226534128189086914e+00 1.916658163070678711e+00
6.130490779876708984e+00 -2.495129346847534180e+00 2.018589258193969727e+00
5.744788169860839844e+00 -2.753197193145751953e+00 2.086978912353515625e+00
5.371862888336181641e+00 -3.001512050628662109e+00 2.138774156570434570e+00
5.014693737030029297e+00 -3.238199949264526367e+00 2.172385692596435547e+00
4.677415847778320312e+00 -3.466092824935913086e+00 2.183523416519165039e+00
4.349294662475585938e+00 -3.683623790740966797e+00 2.178225517272949219e+00
4.043996334075927734e+00 -3.870112657546997070e+00 2.157474756240844727e+00
3.769351005554199219e+00 -4.030615329742431641e+00 2.123089790344238281e+00
3.526118040084838867e+00 -4.155926704406738281e+00 2.077845096588134766e+00
3.316886186599731445e+00 -4.253608226776123047e+00 2.024588584899902344e+00
3.136456966400146484e+00 -4.323850631713867188e+00 1.971111655235290527e+00
2.981712818145751953e+00 -4.371366024017333984e+00 1.917487859725952148e+00
2.849370479583740234e+00 -4.397132873535156250e+00 1.862647533416748047e+00
2.734271764755249023e+00 -4.401376247406005859e+00 1.805878520011901855e+00
2.632745742797851562e+00 -4.392011165618896484e+00 1.750582337379455566e+00
2.539216995239257812e+00 -4.366244792938232422e+00 1.695652484893798828e+00
2.453750610351562500e+00 -4.326563835144042969e+00 1.637946605682373047e+00
2.368565797805786133e+00 -4.267095088958740234e+00 1.576520681381225586e+00
2.278787612915039062e+00 -4.190621852874755859e+00 1.509760737419128418e+00
2.185031890869140625e+00 -4.095808982849121094e+00 1.434117913246154785e+00
2.086905479431152344e+00 -3.979102611541748047e+00 1.353245735168457031e+00
1.982084035873413086e+00 -3.843012571334838867e+00 1.260135412216186523e+00
1.870979428291320801e+00 -3.686721086502075195e+00 1.160673379898071289e+00
1.755011081695556641e+00 -3.510121345520019531e+00 1.051846623420715332e+00
1.645238399505615234e+00 -3.324336528778076172e+00 9.359595775604248047e-01
1.545204043388366699e+00 -3.134218931198120117e+00 8.162560462951660156e-01
1.460656523704528809e+00 -2.950148582458496094e+00 6.968356966972351074e-01
1.398407578468322754e+00 -2.777339696884155273e+00 5.666248798370361328e-01
1.359192013740539551e+00 -2.608656883239746094e+00 4.240447282791137695e-01
1.344142079353332520e+00 -2.447127580642700195e+00 2.591714262962341309e-01
2.063941240310668945e+00 2.453134775161743164e+00 -2.178046703338623047e+00
2.243875265121459961e+00 2.571178197860717773e+00 -2.095889568328857422e+00
2.419363975524902344e+00 2.667052268981933594e+00 -2.016646385192871094e+00
2.600491046905517578e+00 2.751860857009887695e+00 -1.940598130226135254e+00
2.801618814468383789e+00 2.832391738891601562e+00 -1.862202405929565430e+00
3.012126684188842773e+00 2.905412197113037109e+00 -1.784288406372070312e+00
3.230745077133178711e+00 2.968097448348999023e+00 -1.707699656486511230e+00
3.446706295013427734e+00 3.017855167388916016e+00 -1.632904648780822754e+00
3.666681528091430664e+00 3.061091423034667969e+00 -1.559380054473876953e+00
3.881206274032592773e+00 3.091694831848144531e+00 -1.489212751388549805e+00
4.091372489929199219e+00 3.110397338867187500e+00 -1.423039555549621582e+00
4.295430183410644531e+00 3.119712114334106445e+00 -1.352415561676025391e+00
4.491978168487548828e+00 3.118166446685791016e+00 -1.283092617988586426e+00
4.681567668914794922e+00 3.107248306274414062e+00 -1.213055729866027832e+00
4.867083072662353516e+00 3.084405660629272461e+00 -1.141050219535827637e+00
5.043954849243164062e+00 3.051329374313354492e+00 -1.068390607833862305e+00
5.203266620635986328e+00 3.011236429214477539e+00 -9.995463490486145020e-01
5.367590904235839844e+00 2.960460901260375977e+00 -9.251794815063476562e-01
5.519840717315673828e+00 2.901354551315307617e+00 -8.516439199447631836e-01
5.678559780120849609e+00 2.830320835113525391e+00 -7.715413570404052734e-01
5.824457645416259766e+00 2.753498554229736328e+00 -6.985674500465393066e-01
5.965205192565917969e+00 2.670252799987792969e+00 -6.237673163414001465e-01
6.105530261993408203e+00 2.579123497009277344e+00 -5.430293083190917969e-01
6.220026493072509766e+00 2.494567871093750000e+00 -4.720447361469268799e-01
6.336811542510986328e+00 2.401670455932617188e+00 -3.970139026641845703e-01
6.445109844207763672e+00 2.309423923492431641e+00 -3.258384168148040771e-01
6.545073032379150391e+00 2.218876123428344727e+00 -2.581775486469268799e-01
6.640745639801025391e+00 2.127014160156250000e+00 -1.898125112056732178e-01
6.727322578430175781e+00 2.039277315139770508e+00 -1.256424933671951294e-01
6.806793689727783203e+00 1.957863569259643555e+00 -6.635549664497375488e-02
6.879827976226806641e+00 1.880333542823791504e+00 -1.047536917030811310e-02
6.948910236358642578e+00 1.809202909469604492e+00 4.671989381313323975e-02
7.012386798858642578e+00 1.741304278373718262e+00 9.895943850278854370e-02
7.071776866912841797e+00 1.673750162124633789e+00 1.504954397678375244e-01
7.126339435577392578e+00 1.603312373161315918e+00 1.993117928504943848e-01
7.177879333496093750e+00 1.541588902473449707e+00 2.467060536146163940e-01
7.220198154449462891e+00 1.480276346206665039e+00 2.901902794837951660e-01
7.252052307128906250e+00 1.420182943344116211e+00 3.324344158172607422e-01
7.282082557678222656e+00 1.358930230140686035e+00 3.771570920944213867e-01
7.302301883697509766e+00 1.297263860702514648e+00 4.171299040317535400e-01
7.312911033630371094e+00 1.239124417304992676e+00 4.485658407211303711e-01
7.322222232818603516e+00 1.166394233703613281e+00 4.862107336521148682e-01
7.321003913879394531e+00 1.090331912040710449e+00 5.265241861343383789e-01
7.313595771789550781e+00 1.000935792922973633e+00 5.673713088035583496e-01
7.291889667510986328e+00 9.084969162940979004e-01 6.124524474143981934e-01
7.258696079254150391e+00 8.034854531288146973e-01 6.642948985099792480e-01
7.211009025573730469e+00 6.827088594436645508e-01 7.229012846946716309e-01
7.149677276611328125e+00 5.471525788307189941e-01 7.903414368629455566e-01
7.071382999420166016e+00 3.900000751018524170e-01 8.691469430923461914e-01
6.972231388092041016e+00 2.072920650243759155e-01 9.658838510513305664e-01
6.858200073242187500e+00 5.660885944962501526e-03 1.078874707221984863e+00
6.706852912902832031e+00 -2.236467301845550537e-01 1.209859132766723633e+00
6.535094261169433594e+00 -4.679876565933227539e-01 1.356584072113037109e+00
6.349326610565185547e+00 -7.218121886253356934e-01 1.514802455902099609e+00
6.139723300933837891e+00 -9.845693707466125488e-01 1.684645891189575195e+00
5.919703960418701172e+00 -1.244246482849121094e+00 1.854687452316284180e+00
5.680471420288085938e+00 -1.500409483909606934e+00 2.021279573440551758e+00
5.429299831390380859e+00 -1.747273325920104980e+00 2.174719095230102539e+00
5.155916690826416016e+00 -1.986372470855712891e+00 2.310948133468627930e+00
4.868055820465087891e+00 -2.211057901382446289e+00 2.422492742538452148e+00
4.564507007598876953e+00 -2.420758008956909180e+00 2.512107133865356445e+00
4.264748573303222656e+00 -2.600387573242187500e+00 2.573772907257080078e+00
3.958501577377319336e+00 -2.763995409011840820e+00 2.608240842819213867e+00
3.667377471923828125e+00 -2.895489454269409180e+00 2.621663331985473633e+00
3.404176950454711914e+00 -3.004316329956054688e+00 2.617377758026123047e+00
3.165855169296264648e+00 -3.091980934143066406e+00 2.596142053604125977e+00
2.957512855529785156e+00 -3.157371520996093750e+00 2.561834096908569336e+00
2.776871442794799805e+00 -3.204340457916259766e+00 2.511901378631591797e+00
2.621958017349243164e+00 -3.233946800231933594e+00 2.457359313964843750e+00
2.486881971359252930e+00 -3.246752023696899414e+00 2.397217750549316406e+00
2.369103193283081055e+00 -3.243439435958862305e+00 2.330639839172363281e+00
2.265750408172607422e+00 -3.218803167343139648e+00 2.260669469833374023e+00
2.170675277709960938e+00 -3.178176879882812500e+00 2.187116146087646484e+00
2.077759981155395508e+00 -3.118896007537841797e+00 2.107705831527709961e+00
1.991076469421386719e+00 -3.044401645660400391e+00 2.023326873779296875e+00
1.903838396072387695e+00 -2.952659368515014648e+00 1.930904030799865723e+00
1.816117286682128906e+00 -2.845751523971557617e+00 1.830907583236694336e+00
1.726528525352478027e+00 -2.727439165115356445e+00 1.720863699913024902e+00
1.640637397766113281e+00 -2.593107223510742188e+00 1.597816228866577148e+00
1.562130689620971680e+00 -2.448936462402343750e+00 1.466935038566589355e+00
1.494441866874694824e+00 -2.297601461410522461e+00 1.335676312446594238e+00
1.443816781044006348e+00 -2.139490127563476562e+00 1.206410288810729980e+00
1.416287899017333984e+00 -1.962944388389587402e+00 1.074163556098937988e+00
1.418798565864562988e+00 -1.758870959281921387e+00 9.392723441123962402e-01
1.632687091827392578e+00 2.332444906234741211e+00 -1.492515563964843750e+00
1.827245116233825684e+00 2.453085184097290039e+00 -1.401115417480468750e+00
2.025899410247802734e+00 2.558406352996826172e+00 -1.299254059791564941e+00
2.243486404418945312e+00 2.654537916183471680e+00 -1.185936212539672852e+00
2.489810228347778320e+00 2.738898754119873047e+00 -1.057689428329467773e+00
2.762449264526367188e+00 2.800453424453735352e+00 -9.245314002037048340e-01
3.054877519607543945e+00 2.834882259368896484e+00 -7.929435968399047852e-01
3.352484941482543945e+00 2.838623046875000000e+00 -6.633185148239135742e-01
3.646701574325561523e+00 2.815227746963500977e+00 -5.409633517265319824e-01
3.929126024246215820e+00 2.770902395248413086e+00 -4.299558103084564209e-01
4.202442646026611328e+00 2.709290742874145508e+00 -3.291644752025604248e-01
4.452765941619873047e+00 2.629714727401733398e+00 -2.347529530525207520e-01
4.674561977386474609e+00 2.537433385848999023e+00 -1.462609618902206421e-01
4.872051715850830078e+00 2.424550056457519531e+00 -5.879152193665504456e-02
5.041746139526367188e+00 2.311541795730590820e+00 1.904614828526973724e-02
5.181069850921630859e+00 2.190346002578735352e+00 8.858471363782882690e-02
5.300852775573730469e+00 2.067662239074707031e+00 1.510143131017684937e-01
5.394125938415527344e+00 1.942584037780761719e+00 2.070470154285430908e-01
5.465306758880615234e+00 1.816605687141418457e+00 2.574534118175506592e-01
5.515066623687744141e+00 1.686252593994140625e+00 3.012868762016296387e-01
5.546603202819824219e+00 1.553535461425781250e+00 3.392430841922760010e-01
5.558226585388183594e+00 1.419333577156066895e+00 3.711129426956176758e-01
5.554218769073486328e+00 1.276106119155883789e+00 4.005372226238250732e-01
5.530568122863769531e+00 1.121939420700073242e+00 4.301787912845611572e-01
5.487440109252929688e+00 9.679675698280334473e-01 4.491816759109497070e-01
5.423372745513916016e+00 8.048592805862426758e-01 4.638885557651519775e-01
5.334891319274902344e+00 6.345957517623901367e-01 4.720853269100189209e-01
5.221031665802001953e+00 4.642240405082702637e-01 4.703021049499511719e-01
5.077510833740234375e+00 2.937721908092498779e-01 4.563218951225280762e-01
4.904863357543945312e+00 1.260333061218261719e-01 4.246170520782470703e-01
4.698924541473388672e+00 -2.746528014540672302e-02 3.733427822589874268e-01
4.460682868957519531e+00 -1.645176261663436890e-01 2.959652543067932129e-01
4.203029632568359375e+00 -2.818655669689178467e-01 1.991902738809585571e-01
3.917058944702148438e+00 -3.841215074062347412e-01 7.159324735403060913e-02
3.615978956222534180e+00 -4.674730598926544189e-01 -7.801877707242965698e-02
3.313204050064086914e+00 -5.238367915153503418e-01 -2.328183054924011230e-01
3.017320632934570312e+00 -5.455228090286254883e-01 -3.862289488315582275e-01
2.746841430664062500e+00 -5.410893559455871582e-01 -5.235159397125244141e-01
2.514625310897827148e+00 -5.139769911766052246e-01 -6.372226476669311523e-01
2.318160772323608398e+00 -4.703859090805053711e-01 -7.389761209487915039e-01
2.152814865112304688e+00 -4.150950610637664795e-01 -8.249343633651733398e-01
2.016767978668212891e+00 -3.429802060127258301e-01 -8.992032408714294434e-01
1.908655524253845215e+00 -2.665052115917205811e-01 -9.611167311668395996e-01
1.823506355285644531e+00 -1.824166923761367798e-01 -1.012724518775939941e+00
1.756035923957824707e+00 -9.061440080404281616e-02 -1.055087685585021973e+00
1.710277318954467773e+00 6.758350413292646408e-03 -1.087335348129272461e+00
1.675268411636352539e+00 1.079843044281005859e-01 -1.112039208412170410e+00
1.657573342323303223e+00 2.231474220752716064e-01 -1.125249266624450684e+00
1.649363875389099121e+00 3.475040793418884277e-01 -1.133337974548339844e+00
1.655229926109313965e+00 4.759385287761688232e-01 -1.130690932273864746e+00
1.674113273620605469e+00 6.188484430313110352e-01 -1.119772553443908691e+00
1.711578845977783203e+00 7.689414024353027344e-01 -1.093464732170104980e+00
1.766655087471008301e+00 9.197885394096374512e-01 -1.050886631011962891e+00
1.836872339248657227e+00 1.075268745422363281e+00 -9.932961463928222656e-01
1.930268883705139160e+00 1.220218062400817871e+00 -9.114540815353393555e-01
2.035644292831420898e+00 1.357957482337951660e+00 -8.073511719703674316e-01
2.154285430908203125e+00 1.478712916374206543e+00 -6.904799938201904297e-01
2.277515172958374023e+00 1.588524103164672852e+00 -5.704470872879028320e-01
2.403685808181762695e+00 1.674100637435913086e+00 -4.490721225738525391e-01
2.528469562530517578e+00 1.736832022666931152e+00 -3.295520544052124023e-01
2.646233558654785156e+00 1.773461461067199707e+00 -2.186190187931060791e-01
2.747404813766479492e+00 1.788515925407409668e+00 -1.218406260013580322e-01
2.842833757400512695e+00 1.781571030616760254e+00 -3.430549800395965576e-02
2.924363613128662109e+00 1.756553411483764648e+00 3.797332942485809326e-02
2.991178750991821289e+00 1.712684988975524902e+00 9.920059889554977417e-02
3.044677495956420898e+00 1.655065059661865234e+00 1.493556946516036987e-01
3.085022926330566406e+00 1.579909920692443848e+00 1.893677711486816406e-01
3.111999511718750000e+00 1.485501289367675781e+00 2.198053747415542603e-01
3.125378608703613281e+00 1.370961070060729980e+00 2.415488362312316895e-01
3.126705646514892578e+00 1.231182098388671875e+00 2.557385265827178955e-01
3.110074281692504883e+00 1.073944330215454102e+00 2.627481818199157715e-01
3.075308084487915039e+00 8.889175653457641602e-01 2.624801993370056152e-01
3.016634225845336914e+00 6.843531131744384766e-01 2.574699521064758301e-01
2.922705411911010742e+00 4.617458283901214600e-01 2.458195090293884277e-01
2.782718181610107422e+00 2.306504100561141968e-01 2.287561893463134766e-01
2.585746049880981445e+00 1.183784008026123047e-02 2.007549256086349487e-01
2.332710266113281250e+00 -1.866911649703979492e-01 1.672244071960449219e-01
2.007108211517333984e+00 -3.535891771316528320e-01 1.194206252694129944e-01
1.626240730285644531e+00 -4.790356457233428955e-01 5.629020556807518005e-02
1.244915962219238281e+00 -5.670956969261169434e-01 2.347689121961593628e-03
8.785582780838012695e-01 -6.337439417839050293e-01 -1.530759781599044800e-02
5.491510629653930664e-01 -6.897324919700622559e-01 8.191253989934921265e-03
2.394628822803497314e-01 -7.336349487304687500e-01 5.180516093969345093e-02
-3.315805271267890930e-02 -7.647566199302673340e-01 1.035423427820205688e-01
-2.673111855983734131e-01 -7.766878604888916016e-01 1.555837988853454590e-01
-4.658645391464233398e-01 -7.713845968246459961e-01 2.031946778297424316e-01
-6.353256702423095703e-01 -7.539099454879760742e-01 2.457240521907806396e-01
-7.786199450492858887e-01 -7.292226552963256836e-01 2.808670997619628906e-01
-8.916968703269958496e-01 -6.952918171882629395e-01 3.084526658058166504e-01
-9.814692735671997070e-01 -6.576299071311950684e-01 3.306818306446075439e-01
-1.052183389663696289e+00 -6.193805932998657227e-01 3.466089069843292236e-01
-1.105286836624145508e+00 -5.796957015991210938e-01 3.581152558326721191e-01
-1.145854949951171875e+00 -5.380690097808837891e-01 3.652144670486450195e-01
-1.174564480781555176e+00 -4.935373961925506592e-01 3.703639507293701172e-01
-1.190389037132263184e+00 -4.433773458003997803e-01 3.721347451210021973e-01
-1.195725679397583008e+00 -3.868882954120635986e-01 3.743519783020019531e-01
-1.187401771545410156e+00 -3.193065226078033447e-01 3.689028024673461914e-01
-1.169361829757690430e+00 -2.399686127901077271e-01 3.596501350402832031e-01
-1.133931040763854980e+00 -1.436253190040588379e-01 3.443796336650848389e-01
-1.085424184799194336e+00 -3.427116572856903076e-02 3.215949833393096924e-01
-1.013121485710144043e+00 9.366158396005630493e-02 2.935203015804290771e-01
-9.140751361846923828e-01 2.371330112218856812e-01 2.548504173755645752e-01
-7.883654236793518066e-01 3.931002318859100342e-01 2.072622776031494141e-01
-6.323397755622863770e-01 5.629989504814147949e-01 1.499204933643341064e-01
-4.480973184108734131e-01 7.444801330566406250e-01 8.696515113115310669e-02
-2.341004312038421631e-01 9.377658963203430176e-01 1.660083793103694916e-02
-2.985371975228190422e-03 1.131734013557434082e+00 -4.984753951430320740e-02
2.428799718618392944e-01 1.335476160049438477e+00 -1.042400151491165161e-01
4.938605427742004395e-01 1.550713300704956055e+00 -1.320017576217651367e-01
7.535281181335449219e-01 1.775785446166992188e+00 -1.165831834077835083e-01
1.030605912208557129e+00 2.010432004928588867e+00 -4.584735631942749023e-02
1.341685533523559570e+00 2.241312026977539062e+00 7.684644311666488647e-02
1.694240212440490723e+00 2.451219081878662109e+00 2.449128478765487671e-01
2.104067802429199219e+00 2.621396064758300781e+00 4.383875727653503418e-01
2.555806636810302734e+00 2.725216627120971680e+00 6.397278308868408203e-01
2.992280960083007812e+00 2.749466896057128906e+00 8.400567770004272461e-01
3.382125377655029297e+00 2.732648134231567383e+00 1.046429872512817383e+00
3.710179567337036133e+00 2.699059009552001953e+00 1.260524272918701172e+00
3.985082149505615234e+00 2.651887416839599609e+00 1.472704648971557617e+00
4.196836948394775391e+00 2.597059488296508789e+00 1.664470195770263672e+00
4.358673095703125000e+00 2.538071632385253906e+00 1.831697344779968262e+00
4.478625774383544922e+00 2.476929903030395508e+00 1.969360232353210449e+00
4.571393966674804688e+00 2.413882255554199219e+00 2.085239648818969727e+00
4.647308826446533203e+00 2.350309848785400391e+00 2.177045345306396484e+00
4.699769020080566406e+00 2.287162542343139648e+00 2.251503944396972656e+00
4.740034580230712891e+00 2.220028877258300781e+00 2.312375545501708984e+00
4.770740985870361328e+00 2.148508071899414062e+00 2.361337423324584961e+00
4.795079231262207031e+00 2.067609548568725586e+00 2.402773141860961914e+00
4.813199043273925781e+00 1.971244335174560547e+00 2.436885833740234375e+00
4.827731609344482422e+00 1.861414551734924316e+00 2.465152978897094727e+00
4.838277816772460938e+00 1.730432629585266113e+00 2.489224433898925781e+00
4.844408035278320312e+00 1.570229649543762207e+00 2.511016130447387695e+00
4.851529121398925781e+00 1.381662845611572266e+00 2.531334161758422852e+00
4.857531547546386719e+00 1.152825593948364258e+00 2.553410530090332031e+00
4.859937191009521484e+00 8.868045806884765625e-01 2.579599380493164062e+00
4.862561702728271484e+00 6.004475951194763184e-01 2.613785505294799805e+00
4.853539943695068359e+00 2.801430523395538330e-01 2.661065340042114258e+00
4.833146572113037109e+00 -4.886015504598617554e-02 2.724637985229492188e+00
4.791713237762451172e+00 -3.885266780853271484e-01 2.807728767395019531e+00
4.718626022338867188e+00 -7.435374259948730469e-01 2.910235643386840820e+00
4.601881027221679688e+00 -1.109938621520996094e+00 3.034410953521728516e+00
4.428931236267089844e+00 -1.525374174118041992e+00 3.187650442123413086e+00
4.185114860534667969e+00 -2.002663373947143555e+00 3.401887178421020508e+00
3.864390134811401367e+00 -2.433320760726928711e+00 3.616303682327270508e+00
3.503374576568603516e+00 -2.799614429473876953e+00 3.757951736450195312e+00
3.127579450607299805e+00 -3.152371168136596680e+00 3.845794916152954102e+00
2.749941110610961914e+00 -3.507999420166015625e+00 3.896043062210083008e+00
2.386052370071411133e+00 -3.858157396316528320e+00 3.928123474121093750e+00
2.052463769912719727e+00 -4.179520130157470703e+00 3.964522123336791992e+00
1.774895548820495605e+00 -4.448888778686523438e+00 4.015933036804199219e+00
1.512045145034790039e+00 -4.704710006713867188e+00 4.080583095550537109e+00
1.282589793205261230e+00 -4.923605442047119141e+00 4.149493217468261719e+00
1.084221720695495605e+00 -5.109622478485107422e+00 4.215899467468261719e+00
9.154956340789794922e-01 -5.263914108276367188e+00 4.273217201232910156e+00
7.636684775352478027e-01 -5.401175975799560547e+00 4.326646804809570312e+00
6.271592974662780762e-01 -5.521460533142089844e+00 4.372915744781494141e+00
5.017048716545104980e-01 -5.630733966827392578e+00 4.414950847625732422e+00
3.853348791599273682e-01 -5.729931354522705078e+00 4.453692913055419922e+00
2.733457684516906738e-01 -5.823305606842041016e+00 4.489756584167480469e+00
1.659485250711441040e-01 -5.910235881805419922e+00 4.523427009582519531e+00
6.083269789814949036e-02 -5.994442939758300781e+00 4.555256843566894531e+00
-4.295915365219116211e-02 -6.078291893005371094e+00 4.586846351623535156e+00
-1.536012887954711914e-01 -6.162042617797851562e+00 4.618605136871337891e+00
-2.597382366657257080e-01 -6.242448329925537109e+00 4.650068759918212891e+00
-3.686830401420593262e-01 -6.314839839935302734e+00 4.675792694091796875e+00
-4.769032299518585205e-01 -6.393029212951660156e+00 4.707199096679687500e+00
-5.850276947021484375e-01 -6.468571662902832031e+00 4.738506793975830078e+00
-6.867256164550781250e-01 -6.536993503570556641e+00 4.769878864288330078e+00
-7.902932763099670410e-01 -6.601603031158447266e+00 4.794689655303955078e+00
-8.907886147499084473e-01 -6.668848514556884766e+00 4.827901840209960938e+00
-9.811590909957885742e-01 -6.732645988464355469e+00 4.860290050506591797e+00
-1.065751194953918457e+00 -6.792743682861328125e+00 4.895213127136230469e+00
-1.157749533653259277e+00 -6.840867519378662109e+00 4.920479774475097656e+00
-1.235229372978210449e+00 -6.900395393371582031e+00 4.950874328613281250e+00
-1.310893177986145020e+00 -6.949391841888427734e+00 4.985023975372314453e+00
-1.386732220649719238e+00 -7.003562450408935547e+00 5.017899036407470703e+00
-1.460674166679382324e+00 -7.032637119293212891e+00 5.047163963317871094e+00
-1.521228432655334473e+00 -7.056272983551025391e+00 5.064472675323486328e+00
-1.585458278656005859e+00 -7.073462009429931641e+00 5.080956459045410156e+00
-1.646760344505310059e+00 -7.082319259643554688e+00 5.090768337249755859e+00
-1.704823255538940430e+00 -7.080783843994140625e+00 5.093300819396972656e+00
-1.761315822601318359e+00 -7.070616245269775391e+00 5.088052272796630859e+00
-1.816632390022277832e+00 -7.044224739074707031e+00 5.066006183624267578e+00
-1.868848919868469238e+00 -7.010966300964355469e+00 5.039021968841552734e+00
-1.923526644706726074e+00 -6.970475196838378906e+00 5.001338481903076172e+00
-1.973261237144470215e+00 -6.912933349609375000e+00 4.946551799774169922e+00
-2.021751165390014648e+00 -6.842768192291259766e+00 4.876616477966308594e+00
-2.072454452514648438e+00 -6.759810924530029297e+00 4.789710044860839844e+00
-2.131345987319946289e+00 -6.667984962463378906e+00 4.691937923431396484e+00
-2.191500663757324219e+00 -6.561634540557861328e+00 4.575897693634033203e+00
-2.264721870422363281e+00 -6.437718391418457031e+00 4.444150924682617188e+00
-2.343956947326660156e+00 -6.301683902740478516e+00 4.310207843780517578e+00
-2.432085514068603516e+00 -6.157047748565673828e+00 4.161948680877685547e+00
-2.523501396179199219e+00 -6.013709068298339844e+00 4.020945072174072266e+00
-2.599595546722412109e+00 -5.879056453704833984e+00 3.895138025283813477e+00
-2.665777444839477539e+00 -5.755685806274414062e+00 3.785187244415283203e+00
-2.727540254592895508e+00 -5.634615421295166016e+00 3.683888435363769531e+00
-2.786816120147705078e+00 -5.498680591583251953e+00 3.585708856582641602e+00
2.470682382583618164e+00 5.632929801940917969e+00 9.829093515872955322e-02
2.607110023498535156e+00 5.578990459442138672e+00 1.199187338352203369e-01
2.739677429199218750e+00 5.521939277648925781e+00 1.449902802705764771e-01
2.882408142089843750e+00 5.456651210784912109e+00 1.760383099317550659e-01
3.050916194915771484e+00 5.380537986755371094e+00 2.159786075353622437e-01
3.250226497650146484e+00 5.295366764068603516e+00 2.721576392650604248e-01
3.476393222808837891e+00 5.205685138702392578e+00 3.433460295200347900e-01
3.720724821090698242e+00 5.116276264190673828e+00 4.294636249542236328e-01
3.977037429809570312e+00 5.033190727233886719e+00 5.288301706314086914e-01
4.235566139221191406e+00 4.954751491546630859e+00 6.398904919624328613e-01
4.498052597045898438e+00 4.883944034576416016e+00 7.589230537414550781e-01
4.752028942108154297e+00 4.813364505767822266e+00 8.845545053482055664e-01
5.004405975341796875e+00 4.743348121643066406e+00 1.017609953880310059e+00
5.234171867370605469e+00 4.677088260650634766e+00 1.146109580993652344e+00
5.453359127044677734e+00 4.610954761505126953e+00 1.275274276733398438e+00
5.663700580596923828e+00 4.543844223022460938e+00 1.405598998069763184e+00
5.853049755096435547e+00 4.478583812713623047e+00 1.527607083320617676e+00
6.030300617218017578e+00 4.412665367126464844e+00 1.645788788795471191e+00
6.194124698638916016e+00 4.346210956573486328e+00 1.760732531547546387e+00
6.346650123596191406e+00 4.279406070709228516e+00 1.870549201965332031e+00
6.487873077392578125e+00 4.212984085083007812e+00 1.974009275436401367e+00
6.619851589202880859e+00 4.145403861999511719e+00 2.071496486663818359e+00
6.745917797088623047e+00 4.074885368347167969e+00 2.168217897415161133e+00
6.855585575103759766e+00 4.006639480590820312e+00 2.252497434616088867e+00
6.963923931121826172e+00 3.933281183242797852e+00 2.338946104049682617e+00
7.065445899963378906e+00 3.858815431594848633e+00 2.419462919235229492e+00
7.163589477539062500e+00 3.781700372695922852e+00 2.498639106750488281e+00
7.259074211120605469e+00 3.701608896255493164e+00 2.574132680892944336e+00
7.347190380096435547e+00 3.622323036193847656e+00 2.643024206161499023e+00
7.427655696868896484e+00 3.542863130569458008e+00 2.705405712127685547e+00
7.505851745605468750e+00 3.460962772369384766e+00 2.767322301864624023e+00
7.581691741943359375e+00 3.380939006805419922e+00 2.824388980865478516e+00
7.650455951690673828e+00 3.299307346343994141e+00 2.877134323120117188e+00
7.715682983398437500e+00 3.217890977859497070e+00 2.926181077957153320e+00
7.777363300323486328e+00 3.136782169342041016e+00 2.972012996673583984e+00
7.832999706268310547e+00 3.056010723114013672e+00 3.014663696289062500e+00
7.885251998901367188e+00 2.976292133331298828e+00 3.054289102554321289e+00
7.934731483459472656e+00 2.898824453353881836e+00 3.089293241500854492e+00
7.976792812347412109e+00 2.817739486694335938e+00 3.124210834503173828e+00
8.019378662109375000e+00 2.741854429244995117e+00 3.154255151748657227e+00
8.056994438171386719e+00 2.666631221771240234e+00 3.182670831680297852e+00
8.091321945190429688e+00 2.591538429260253906e+00 3.208468675613403320e+00
8.123388290405273438e+00 2.519275665283203125e+00 3.233072042465209961e+00
8.145578384399414062e+00 2.445216894149780273e+00 3.255821228027343750e+00
8.166951179504394531e+00 2.372270584106445312e+00 3.277812719345092773e+00
8.182803153991699219e+00 2.297559976577758789e+00 3.298482894897460938e+00
8.196043014526367188e+00 2.218655586242675781e+00 3.321870803833007812e+00
8.199892044067382812e+00 2.139536380767822266e+00 3.342845201492309570e+00
8.198069572448730469e+00 2.053665399551391602e+00 3.366354227066040039e+00
8.188654899597167969e+00 1.959860920906066895e+00 3.391493320465087891e+00
8.169495582580566406e+00 1.856109619140625000e+00 3.420286178588867188e+00
8.139638900756835938e+00 1.739143729209899902e+00 3.453292131423950195e+00
8.094549179077148438e+00 1.605873942375183105e+00 3.492076635360717773e+00
8.037693023681640625e+00 1.462789893150329590e+00 3.536098003387451172e+00
7.956654071807861328e+00 1.289901256561279297e+00 3.587492942810058594e+00
7.846927642822265625e+00 1.096078276634216309e+00 3.645516633987426758e+00
7.706785202026367188e+00 8.761700987815856934e-01 3.709308385848999023e+00
7.536202907562255859e+00 6.378329992294311523e-01 3.775916814804077148e+00
7.328360080718994141e+00 3.809744119644165039e-01 3.839793682098388672e+00
7.095546245574951172e+00 1.206951513886451721e-01 3.891788005828857422e+00
6.828277111053466797e+00 -1.458659321069717407e-01 3.929369688034057617e+00
6.542543888092041016e+00 -4.004923105239868164e-01 3.950186729431152344e+00
6.230936527252197266e+00 -6.471232771873474121e-01 3.964258909225463867e+00
5.902039051055908203e+00 -8.768575787544250488e-01 3.974709987640380859e+00
5.566190242767333984e+00 -1.082007169723510742e+00 3.984029293060302734e+00
5.205977916717529297e+00 -1.257807731628417969e+00 3.994069576263427734e+00
4.817629814147949219e+00 -1.402032375335693359e+00 4.001258850097656250e+00
4.407235145568847656e+00 -1.499613642692565918e+00 3.993735074996948242e+00
3.980373382568359375e+00 -1.556955337524414062e+00 3.956307172775268555e+00
3.599405288696289062e+00 -1.582682490348815918e+00 3.897523164749145508e+00
3.265265464782714844e+00 -1.579626560211181641e+00 3.838041543960571289e+00
2.988432645797729492e+00 -1.558472037315368652e+00 3.778428792953491211e+00
2.759105682373046875e+00 -1.516916275024414062e+00 3.721260070800781250e+00
2.565446615219116211e+00 -1.461344003677368164e+00 3.668749570846557617e+00
2.410707473754882812e+00 -1.400903582572937012e+00 3.615919828414916992e+00
2.286113500595092773e+00 -1.336138129234313965e+00 3.563961982727050781e+00
2.184512853622436523e+00 -1.265255808830261230e+00 3.513165950775146484e+00
2.098042964935302734e+00 -1.186222672462463379e+00 3.459611892700195312e+00
2.026033639907836914e+00 -1.102252125740051270e+00 3.405723571777343750e+00
1.960979461669921875e+00 -1.007590413093566895e+00 3.345848560333251953e+00
1.906262516975402832e+00 -9.047139286994934082e-01 3.283360719680786133e+00
1.856056809425354004e+00 -7.838941216468811035e-01 3.216354608535766602e+00
1.810668945312500000e+00 -6.444042921066284180e-01 3.140766143798828125e+00
1.769464135169982910e+00 -4.806252419948577881e-01 3.053844928741455078e+00
1.732982277870178223e+00 -2.853826582431793213e-01 2.955137968063354492e+00
1.705963015556335449e+00 -6.330969929695129395e-02 2.844607353210449219e+00
1.692769289016723633e+00 2.009666413068771362e-01 2.722903251647949219e+00
1.699135303497314453e+00 4.942396879196166992e-01 2.595601797103881836e+00
1.729784846305847168e+00 8.125795722007751465e-01 2.467719793319702148e+00
1.788259744644165039e+00 1.123392343521118164e+00 2.360598087310791016e+00
1.878848314285278320e+00 1.429952502250671387e+00 2.273677349090576172e+00
1.996441602706909180e+00 1.713924407958984375e+00 2.222579240798950195e+00
2.139201402664184570e+00 1.978960990905761719e+00 2.210255861282348633e+00
2.294647693634033203e+00 2.207595825195312500e+00 2.236107587814331055e+00
2.470982551574707031e+00 2.425276279449462891e+00 2.295201301574707031e+00
2.655533075332641602e+00 2.617302417755126953e+00 2.375405073165893555e+00
2.835601091384887695e+00 2.778781175613403320e+00 2.463862895965576172e+00
3.000316381454467773e+00 2.906868934631347656e+00 2.556074857711791992e+00
3.139345407485961914e+00 3.003432989120483398e+00 2.639174938201904297e+00
3.245980501174926758e+00 3.070134639739990234e+00 2.708290815353393555e+00
3.324317693710327148e+00 3.117043018341064453e+00 2.761490345001220703e+00
3.382711648941040039e+00 3.150002241134643555e+00 2.808202505111694336e+00
3.428414344787597656e+00 3.175391197204589844e+00 2.847860813140869141e+00
3.463578224182128906e+00 3.194365978240966797e+00 2.882264375686645508e+00
3.492238759994506836e+00 3.208991527557373047e+00 2.914138555526733398e+00
6.905595779418945312e+00 -3.961969912052154541e-02 5.891716480255126953e+00
6.834201812744140625e+00 -9.770204126834869385e-02 5.860448360443115234e+00
6.745701313018798828e+00 -1.660034656524658203e-01 5.819815635681152344e+00
6.633583068847656250e+00 -2.481608092784881592e-01 5.769223213195800781e+00
6.483866691589355469e+00 -3.516938388347625732e-01 5.707644939422607422e+00
6.287386417388916016e+00 -4.804910123348236084e-01 5.635595321655273438e+00
6.043905258178710938e+00 -6.314187645912170410e-01 5.561660766601562500e+00
5.760162830352783203e+00 -7.984084486961364746e-01 5.496267318725585938e+00
5.449959754943847656e+00 -9.721891880035400391e-01 5.446144580841064453e+00
5.110025405883789062e+00 -1.155457139015197754e+00 5.417340755462646484e+00
4.740048408508300781e+00 -1.352544784545898438e+00 5.413177013397216797e+00
4.348741531372070312e+00 -1.560436844825744629e+00 5.435138225555419922e+00
3.935355186462402344e+00 -1.771687984466552734e+00 5.477972030639648438e+00
3.504976749420166016e+00 -1.988493442535400391e+00 5.533521652221679688e+00
3.049135446548461914e+00 -2.194530963897705078e+00 5.598918914794921875e+00
2.597862720489501953e+00 -2.380764245986938477e+00 5.664613723754882812e+00
2.186048746109008789e+00 -2.554121017456054688e+00 5.719411373138427734e+00
1.793323397636413574e+00 -2.758261203765869141e+00 5.772692203521728516e+00
1.396575331687927246e+00 -2.993616342544555664e+00 5.827513217926025391e+00
9.928630590438842773e-01 -3.245809316635131836e+00 5.891506195068359375e+00
5.972343683242797852e-01 -3.488003969192504883e+00 5.964928150177001953e+00
2.380419373512268066e-01 -3.703354358673095703e+00 6.039258003234863281e+00
-7.883374392986297607e-02 -3.882542371749877930e+00 6.113133430480957031e+00
-3.582031130790710449e-01 -4.039536476135253906e+00 6.183053970336914062e+00
-6.035629510879516602e-01 -4.174199581146240234e+00 6.248028278350830078e+00
-8.440924882888793945e-01 -4.303395271301269531e+00 6.311321258544921875e+00
-1.056072831153869629e+00 -4.415602684020996094e+00 6.370575428009033203e+00
-1.255542635917663574e+00 -4.521568298339843750e+00 6.427645206451416016e+00
-1.445689439773559570e+00 -4.624189853668212891e+00 6.481559276580810547e+00
-1.616889715194702148e+00 -4.717569828033447266e+00 6.527884483337402344e+00
-1.783559918403625488e+00 -4.808927059173583984e+00 6.571419239044189453e+00
-1.942721724510192871e+00 -4.900492668151855469e+00 6.609726428985595703e+00
-2.089683532714843750e+00 -4.983088016510009766e+00 6.636947631835937500e+00
-2.239017486572265625e+00 -5.072000503540039062e+00 6.663602352142333984e+00
-2.376058340072631836e+00 -5.151211261749267578e+00 6.677918910980224609e+00
-2.513562440872192383e+00 -5.230519771575927734e+00 6.683218479156494141e+00
-2.649898529052734375e+00 -5.308558940887451172e+00 6.681655883789062500e+00
-2.778047800064086914e+00 -5.378895759582519531e+00 6.671524047851562500e+00
-2.910899162292480469e+00 -5.449011802673339844e+00 6.655969142913818359e+00
-3.038935899734497070e+00 -5.514527320861816406e+00 6.637459754943847656e+00
-3.161615371704101562e+00 -5.576349258422851562e+00 6.617488384246826172e+00
-3.278073787689208984e+00 -5.637463092803955078e+00 6.598636150360107422e+00
-3.388228416442871094e+00 -5.683526039123535156e+00 6.577261924743652344e+00
-3.500438451766967773e+00 -5.733896255493164062e+00 6.561835289001464844e+00
-3.607656478881835938e+00 -5.779075145721435547e+00 6.544634819030761719e+00
-3.709165573120117188e+00 -5.818735599517822266e+00 6.527542591094970703e+00
-3.801344633102416992e+00 -5.857357501983642578e+00 6.512355804443359375e+00
-3.895880222320556641e+00 -5.891890048980712891e+00 6.497581958770751953e+00
-3.986271858215332031e+00 -5.923487663269042969e+00 6.490521907806396484e+00
-4.075836181640625000e+00 -5.947768211364746094e+00 6.484654903411865234e+00
-4.150714397430419922e+00 -5.975521564483642578e+00 6.471908092498779297e+00
-4.231306552886962891e+00 -6.001023769378662109e+00 6.465288162231445312e+00
-4.314857006072998047e+00 -6.028131484985351562e+00 6.454999446868896484e+00
-4.392381668090820312e+00 -6.046661853790283203e+00 6.451492786407470703e+00
-4.470021724700927734e+00 -6.063474178314208984e+00 6.452656745910644531e+00
-4.546120643615722656e+00 -6.077891349792480469e+00 6.460603713989257812e+00
-4.620170116424560547e+00 -6.088608741760253906e+00 6.441287994384765625e+00
-4.697439670562744141e+00 -6.078313350677490234e+00 6.411745071411132812e+00
-4.778563499450683594e+00 -6.082313060760498047e+00 6.441103458404541016e+00
-4.857563018798828125e+00 -6.068827152252197266e+00 6.446429729461669922e+00
-4.934054374694824219e+00 -6.055143833160400391e+00 6.445725917816162109e+00
-5.008557319641113281e+00 -6.042655944824218750e+00 6.442766666412353516e+00
-5.091426372528076172e+00 -6.029867172241210938e+00 6.432956218719482422e+00
-5.182785034179687500e+00 -6.043540000915527344e+00 6.423605442047119141e+00
-5.271885395050048828e+00 -6.033018589019775391e+00 6.414186000823974609e+00
-5.363151073455810547e+00 -6.024769783020019531e+00 6.403113365173339844e+00
-5.461135864257812500e+00 -6.015830039978027344e+00 6.390218257904052734e+00
-5.564743041992187500e+00 -6.006364345550537109e+00 6.378219127655029297e+00
-5.669695377349853516e+00 -5.997221946716308594e+00 6.365639209747314453e+00
-5.772137641906738281e+00 -5.990653038024902344e+00 6.354887485504150391e+00
-5.882561683654785156e+00 -5.987529754638671875e+00 6.338871955871582031e+00
-5.998269081115722656e+00 -5.978759765625000000e+00 6.325980186462402344e+00
-6.113578796386718750e+00 -5.967763423919677734e+00 6.311227321624755859e+00
-6.228278636932373047e+00 -5.956841945648193359e+00 6.296749114990234375e+00
-6.342873573303222656e+00 -5.946304321289062500e+00 6.280960083007812500e+00
-6.457442760467529297e+00 -5.933844089508056641e+00 6.264245033264160156e+00
-6.557144641876220703e+00 -5.922877311706542969e+00 6.253700256347656250e+00
-6.663197040557861328e+00 -5.912145614624023438e+00 6.237925052642822266e+00
-6.767596721649169922e+00 -5.901374340057373047e+00 6.223232269287109375e+00
-6.863667488098144531e+00 -5.890891075134277344e+00 6.209059715270996094e+00
-6.954433441162109375e+00 -5.880098342895507812e+00 6.195141792297363281e+00
-7.037224769592285156e+00 -5.870573520660400391e+00 6.182409763336181641e+00
-7.116855144500732422e+00 -5.861701488494873047e+00 6.170475006103515625e+00
-7.201664447784423828e+00 -5.851734638214111328e+00 6.159163475036621094e+00
-7.281313896179199219e+00 -5.840798377990722656e+00 6.148686885833740234e+00
-7.352687358856201172e+00 -5.832258224487304688e+00 6.140543460845947266e+00
-7.428922176361083984e+00 -5.822632312774658203e+00 6.131444931030273438e+00
-7.511265754699707031e+00 -5.811451435089111328e+00 6.123052120208740234e+00
-7.596892833709716797e+00 -5.799859046936035156e+00 6.115815162658691406e+00
-7.689203262329101562e+00 -5.787003040313720703e+00 6.109399795532226562e+00
-7.786327362060546875e+00 -5.773591995239257812e+00 6.103999614715576172e+00
-7.892740726470947266e+00 -5.759107589721679688e+00 6.099078178405761719e+00
-8.013363838195800781e+00 -5.742717266082763672e+00 6.093896389007568359e+00
-8.140997886657714844e+00 -5.725656509399414062e+00 6.090926170349121094e+00
-8.280178070068359375e+00 -5.706927776336669922e+00 6.090436935424804688e+00
-8.438438415527343750e+00 -5.685393333435058594e+00 6.090047359466552734e+00
-8.605589866638183594e+00 -5.661740779876708984e+00 6.096339225769042969e+00
-8.791184425354003906e+00 -5.637264728546142578e+00 6.101471424102783203e+00
-8.979400634765625000e+00 -5.611243724822998047e+00 6.109916687011718750e+00
-9.171968460083007812e+00 -5.587514877319335938e+00 6.113487243652343750e+00
-9.369884490966796875e+00 -5.560979843139648438e+00 6.127368450164794922e+00
-9.559582710266113281e+00 -5.536058902740478516e+00 6.141497611999511719e+00
-9.733098983764648438e+00 -5.512216091156005859e+00 6.161652565002441406e+00
-9.887604713439941406e+00 -5.493719100952148438e+00 6.184899806976318359e+00
-1.002005958557128906e+01 -5.474638462066650391e+00 6.213061809539794922e+00
-1.013570117950439453e+01 -5.457076549530029297e+00 6.252100467681884766e+00
-1.023278808593750000e+01 -5.440848827362060547e+00 6.296961307525634766e+00
-1.032778358459472656e+01 -5.430783271789550781e+00 6.353271484375000000e+00
-1.041416835784912109e+01 -5.415101528167724609e+00 6.409838676452636719e+00
-1.049168491363525391e+01 -5.395701885223388672e+00 6.443287849426269531e+00
-1.056189346313476562e+01 -5.380952835083007812e+00 6.476552009582519531e+00
-1.062989616394042969e+01 -5.369960308074951172e+00 6.497089862823486328e+00
-1.069300174713134766e+01 -5.366435050964355469e+00 6.506120681762695312e+00
-1.074585819244384766e+01 -5.360153675079345703e+00 6.501143932342529297e+00
-1.079670810699462891e+01 -5.360138416290283203e+00 6.485996723175048828e+00
-1.083973026275634766e+01 -5.359062194824218750e+00 6.458443641662597656e+00
-1.087877464294433594e+01 -5.361489295959472656e+00 6.419937610626220703e+00
-1.091297531127929688e+01 -5.364729881286621094e+00 6.366796493530273438e+00
-1.094204902648925781e+01 -5.370636940002441406e+00 6.302403926849365234e+00
-1.096708869934082031e+01 -5.375843048095703125e+00 6.222873687744140625e+00
-1.098823165893554688e+01 -5.372705459594726562e+00 6.133241176605224609e+00
-1.100531864166259766e+01 -5.368898868560791016e+00 6.037468433380126953e+00
-1.102247238159179688e+01 -5.361170291900634766e+00 5.935777187347412109e+00
-1.105534744262695312e+01 -5.355024337768554688e+00 5.836999893188476562e+00
-1.109418487548828125e+01 -5.347120761871337891e+00 5.728249549865722656e+00
-1.114087772369384766e+01 -5.336516380310058594e+00 5.609959125518798828e+00
-1.119542312622070312e+01 -5.324259757995605469e+00 5.480906009674072266e+00
-1.126508331298828125e+01 -5.308587074279785156e+00 5.348312377929687500e+00
-1.132742404937744141e+01 -5.288321971893310547e+00 5.206223011016845703e+00
-1.139290523529052734e+01 -5.268718242645263672e+00 5.059092521667480469e+00
-1.146968555450439453e+01 -5.247704505920410156e+00 4.911916255950927734e+00
-1.152992725372314453e+01 -5.227462291717529297e+00 4.759778499603271484e+00
-1.159053325653076172e+01 -5.205442428588867188e+00 4.606935024261474609e+00
-1.164875316619873047e+01 -5.184342861175537109e+00 4.456778049468994141e+00
-1.170358848571777344e+01 -5.163921356201171875e+00 4.307913303375244141e+00
-1.175341796875000000e+01 -5.145612239837646484e+00 4.157613754272460938e+00
-1.179999637603759766e+01 -5.128278732299804688e+00 4.012106418609619141e+00
-1.184393978118896484e+01 -5.113227844238281250e+00 3.870866060256958008e+00
-1.188407039642333984e+01 -5.090722560882568359e+00 3.741991758346557617e+00
-1.191527557373046875e+01 -5.060744762420654297e+00 3.612663745880126953e+00
-1.194761276245117188e+01 -5.038537979125976562e+00 3.494268178939819336e+00
-1.197303199768066406e+01 -5.012963294982910156e+00 3.386587619781494141e+00
-1.197805118560791016e+01 -5.007643222808837891e+00 3.283105373382568359e+00
-1.204863262176513672e+01 -5.012358665466308594e+00 3.202358961105346680e+00
-1.214844036102294922e+01 -5.022598266601562500e+00 3.125535964965820312e+00
-1.221745491027832031e+01 -5.060876846313476562e+00 3.043370246887207031e+00
-1.226913261413574219e+01 -5.091740608215332031e+00 2.965610504150390625e+00
-1.229577636718750000e+01 -5.136795520782470703e+00 2.883542537689208984e+00
-1.229520225524902344e+01 -5.159165382385253906e+00 2.793591499328613281e+00
-1.230609607696533203e+01 -5.181411266326904297e+00 2.712375879287719727e+00
-1.227752876281738281e+01 -5.218011379241943359e+00 2.634523630142211914e+00
-1.187598705291748047e+01 -5.269067287445068359e+00 2.576409816741943359e+00
-1.220248126983642578e+01 -5.249460697174072266e+00 2.498153448104858398e+00
-1.217903041839599609e+01 -5.241937637329101562e+00 2.435330152511596680e+00
-1.203087329864501953e+01 -5.244128704071044922e+00 2.372404098510742188e+00
-1.201055622100830078e+01 -5.214349746704101562e+00 2.316396236419677734e+00
-1.171087169647216797e+01 -5.068554401397705078e+00 2.368952035903930664e+00
-1.172535800933837891e+01 -5.042081356048583984e+00 2.311460971832275391e+00
-1.179929924011230469e+01 -5.045734882354736328e+00 2.212109088897705078e+00
-1.201148700714111328e+01 -5.039795875549316406e+00 2.110257625579833984e+00
-1.208073711395263672e+01 -4.987884521484375000e+00 2.072270393371582031e+00
-1.169548130035400391e+01 -4.745895862579345703e+00 2.202213287353515625e+00
-1.173066139221191406e+01 -4.661373138427734375e+00 2.181614160537719727e+00
-1.174895095825195312e+01 -4.581406593322753906e+00 2.149930953979492188e+00
-1.179173278808593750e+01 -4.514176368713378906e+00 2.115544795989990234e+00
-1.186229610443115234e+01 -4.410622596740722656e+00 2.137994050979614258e+00
-1.189130496978759766e+01 -4.383290290832519531e+00 2.035116672515869141e+00
-1.192204856872558594e+01 -4.284553527832031250e+00 2.032150745391845703e+00
-1.203119850158691406e+01 -4.171187877655029297e+00 2.092239856719970703e+00
-1.210916519165039062e+01 -4.132779598236083984e+00 2.033552169799804688e+00
-1.218916225433349609e+01 -4.294044017791748047e+00 1.712837457656860352e+00
-1.218379688262939453e+01 -4.012362003326416016e+00 1.917964935302734375e+00
-1.221453571319580078e+01 -3.953780651092529297e+00 1.851171731948852539e+00
-1.225912380218505859e+01 -4.021601676940917969e+00 1.633136868476867676e+00
-1.226119518280029297e+01 -3.887584686279296875e+00 1.637036323547363281e+00
-1.231914806365966797e+01 -3.839572429656982422e+00 1.580266714096069336e+00
-1.238529109954833984e+01 -3.758846998214721680e+00 1.580346345901489258e+00
-1.246688652038574219e+01 -3.776221275329589844e+00 1.471974134445190430e+00
-1.248216056823730469e+01 -3.679335355758666992e+00 1.440282225608825684e+00
-1.252660369873046875e+01 -3.652871847152709961e+00 1.334427952766418457e+00
-1.257581996917724609e+01 -3.587738513946533203e+00 1.286656141281127930e+00
-1.261054134368896484e+01 -3.515602827072143555e+00 1.245830416679382324e+00
-1.265171337127685547e+01 -3.409454107284545898e+00 1.285395026206970215e+00
-1.273722457885742188e+01 -3.406909704208374023e+00 1.216598391532897949e+00
-1.291766166687011719e+01 -3.502889633178710938e+00 1.172580599784851074e+00
-1.304311847686767578e+01 -3.499524593353271484e+00 1.217035889625549316e+00
-1.314560794830322266e+01 -3.499692678451538086e+00 1.204430580139160156e+00
-1.305641746520996094e+01 -3.321666717529296875e+00 1.021213889122009277e+00
-1.310239505767822266e+01 -3.261061429977416992e+00 9.981870055198669434e-01
-1.318050003051757812e+01 -3.228799104690551758e+00 9.881626367568969727e-01
-1.328180980682373047e+01 -3.227183341979980469e+00 9.996218085289001465e-01
-1.337226295471191406e+01 -3.201174497604370117e+00 1.009989738464355469e+00
-1.352391147613525391e+01 -3.214019060134887695e+00 1.246913313865661621e+00
-1.357452392578125000e+01 -3.164052009582519531e+00 1.286013007164001465e+00
-1.363073158264160156e+01 -3.105483055114746094e+00 1.328017354011535645e+00
-1.366731452941894531e+01 -3.035079956054687500e+00 1.365104317665100098e+00
-1.371514511108398438e+01 -2.970062971115112305e+00 1.361053347587585449e+00
-1.363694572448730469e+01 -2.795435667037963867e+00 1.023515224456787109e+00
-1.368117809295654297e+01 -2.719423532485961914e+00 1.012381911277770996e+00
-1.375994205474853516e+01 -2.657084226608276367e+00 9.832594394683837891e-01
-1.374223804473876953e+01 -2.553012371063232422e+00 9.944438338279724121e-01
-1.394514369964599609e+01 -2.598176956176757812e+00 1.376276612281799316e+00
-1.396636009216308594e+01 -2.517834663391113281e+00 1.421242356300354004e+00
-1.398398971557617188e+01 -2.438035964965820312e+00 1.472358942031860352e+00
-1.401646709442138672e+01 -2.358332157135009766e+00 1.499820113182067871e+00
-1.385946273803710938e+01 -2.150791645050048828e+00 1.069132924079895020e+00
-1.393123626708984375e+01 -2.083214998245239258e+00 1.095463275909423828e+00
-1.415989971160888672e+01 -2.093082189559936523e+00 1.337686538696289062e+00
-1.401083183288574219e+01 -1.926227807998657227e+00 1.095763444900512695e+00
-1.399099063873291016e+01 -1.841609120368957520e+00 1.107753276824951172e+00
-1.400674343109130859e+01 -1.760336041450500488e+00 1.112878203392028809e+00
-1.417603874206542969e+01 -1.831583976745605469e+00 1.639601707458496094e+00
-1.416275215148925781e+01 -1.758387684822082520e+00 1.682001471519470215e+00
-1.416953468322753906e+01 -1.687481403350830078e+00 1.708057761192321777e+00
-1.419522190093994141e+01 -1.599295496940612793e+00 1.691802382469177246e+00
-1.421851253509521484e+01 -1.504340767860412598e+00 1.660497188568115234e+00
-1.405579471588134766e+01 -1.317866444587707520e+00 1.232010006904602051e+00
-1.399388980865478516e+01 -1.253568768501281738e+00 1.225044846534729004e+00
-1.396328926086425781e+01 -1.191847443580627441e+00 1.245620489120483398e+00
-1.391892814636230469e+01 -1.138485789299011230e+00 1.253916501998901367e+00
-1.405245590209960938e+01 -1.070720672607421875e+00 1.469931960105895996e+00
-1.406841945648193359e+01 -1.123137712478637695e+00 1.793248414993286133e+00
-1.385255241394042969e+01 -9.770442843437194824e-01 1.399940729141235352e+00
-1.394083881378173828e+01 -1.062692642211914062e+00 1.869966626167297363e+00
-1.387323856353759766e+01 -1.051447629928588867e+00 1.916961669921875000e+00
-1.380587100982666016e+01 -1.033899784088134766e+00 1.942275524139404297e+00
-1.373533535003662109e+01 -1.016127467155456543e+00 1.956375479698181152e+00
-1.353580856323242188e+01 -8.659956455230712891e-01 1.528434157371520996e+00
-1.345211219787597656e+01 -8.703171014785766602e-01 1.557083129882812500e+00
-1.337653160095214844e+01 -8.767747282981872559e-01 1.606991767883300781e+00
-1.340426063537597656e+01 -9.732642769813537598e-01 2.007505655288696289e+00
-1.328219223022460938e+01 -9.453298449516296387e-01 1.935355305671691895e+00
-1.316864871978759766e+01 -9.438464045524597168e-01 1.905435442924499512e+00
-1.307138729095458984e+01 -9.534181952476501465e-01 1.932648897171020508e+00
-1.296601772308349609e+01 -9.601687192916870117e-01 1.954608917236328125e+00
-1.285493087768554688e+01 -9.609938859939575195e-01 1.975223183631896973e+00
-1.274342536926269531e+01 -9.482057690620422363e-01 2.016248226165771484e+00
-1.262981700897216797e+01 -9.518938660621643066e-01 2.052483797073364258e+00
-1.251188468933105469e+01 -9.547110199928283691e-01 2.090875864028930664e+00
-1.238752079010009766e+01 -9.506940841674804688e-01 2.115985393524169922e+00
-1.227301502227783203e+01 -9.374612569808959961e-01 2.149218559265136719e+00
-1.215598106384277344e+01 -9.366281628608703613e-01 2.187044143676757812e+00
-1.204026222229003906e+01 -9.346621036529541016e-01 2.222269535064697266e+00
-1.192588424682617188e+01 -9.284535050392150879e-01 2.246313095092773438e+00
-1.181905364990234375e+01 -9.238443374633789062e-01 2.275190591812133789e+00
-1.174075031280517578e+01 -9.015040993690490723e-01 2.350691080093383789e+00
-1.165539550781250000e+01 -8.965493440628051758e-01 2.412075996398925781e+00
-1.155568504333496094e+01 -8.778396844863891602e-01 2.413843154907226562e+00
-1.146297264099121094e+01 -8.696815967559814453e-01 2.419702291488647461e+00
-1.139065265655517578e+01 -8.606294393539428711e-01 2.454241275787353516e+00
-1.131216621398925781e+01 -8.498706221580505371e-01 2.485548973083496094e+00
-1.123478031158447266e+01 -8.611668944358825684e-01 2.547029733657836914e+00
-1.112998390197753906e+01 -8.354418873786926270e-01 2.460823535919189453e+00
-1.104770374298095703e+01 -8.033240437507629395e-01 2.424939870834350586e+00
-1.098189353942871094e+01 -7.663763761520385742e-01 2.415700912475585938e+00
-1.102684307098388672e+01 -7.573087811470031738e-01 2.754223108291625977e+00
-1.085951519012451172e+01 -7.293752431869506836e-01 2.503123044967651367e+00
-1.092603874206542969e+01 -6.754695773124694824e-01 2.814532756805419922e+00
-1.086776733398437500e+01 -6.374655365943908691e-01 2.826226711273193359e+00
-1.082330226898193359e+01 -5.872578024864196777e-01 2.845824718475341797e+00
-1.066913318634033203e+01 -5.088110566139221191e-01 2.502366304397583008e+00
-1.071455478668212891e+01 -4.942716658115386963e-01 2.847303152084350586e+00
-1.057703876495361328e+01 -4.167381227016448975e-01 2.579429388046264648e+00
-1.055128955841064453e+01 -3.319012820720672607e-01 2.555730819702148438e+00
-1.057035827636718750e+01 -2.140852510929107666e-01 2.516545295715332031e+00
-1.061450576782226562e+01 -8.638449013233184814e-02 2.516920328140258789e+00
-1.075368404388427734e+01 -2.274274826049804688e-02 2.917242527008056641e+00
-1.072006034851074219e+01 3.885960951447486877e-02 2.941725492477416992e+00
-1.065541458129882812e+01 9.471993893384933472e-02 2.975469112396240234e+00
-1.054966545104980469e+01 2.428487837314605713e-01 2.607532024383544922e+00
-1.043942642211914062e+01 2.755769491195678711e-01 2.649885892868041992e+00
-1.028603267669677734e+01 2.381270825862884521e-01 2.865367174148559570e+00
-1.030336761474609375e+01 3.309475779533386230e-01 2.969691991806030273e+00
-1.020548343658447266e+01 4.277454018592834473e-01 2.848320960998535156e+00
-1.042363929748535156e+01 6.609668731689453125e-01 2.816285610198974609e+00
-1.041139507293701172e+01 7.191442251205444336e-01 2.968106508255004883e+00
-1.030086135864257812e+01 7.600307464599609375e-01 3.045170307159423828e+00
-1.019216060638427734e+01 7.950823903083801270e-01 3.127473592758178711e+00
-1.011479854583740234e+01 9.417105317115783691e-01 2.904313325881958008e+00
-9.964835166931152344e+00 9.407592415809631348e-01 3.029716968536376953e+00
-1.000457191467285156e+01 1.096992135047912598e+00 2.950454235076904297e+00
-9.936757087707519531e+00 1.112871170043945312e+00 3.117566823959350586e+00
-1.012201786041259766e+01 1.332433938980102539e+00 3.047497987747192383e+00
-1.013866424560546875e+01 1.362545609474182129e+00 3.264194965362548828e+00
-1.011224937438964844e+01 1.503515720367431641e+00 3.121256589889526367e+00
-9.959000587463378906e+00 1.524934530258178711e+00 3.121344804763793945e+00
-9.832635879516601562e+00 1.455818891525268555e+00 3.375613689422607422e+00
-9.760061264038085938e+00 1.599882841110229492e+00 3.153301000595092773e+00
-9.713455200195312500e+00 1.626694083213806152e+00 3.257699012756347656e+00
-9.724748611450195312e+00 1.671710014343261719e+00 3.401484966278076172e+00
-9.836083412170410156e+00 1.880391955375671387e+00 3.287308216094970703e+00
-9.767406463623046875e+00 1.908592820167541504e+00 3.347142219543457031e+00
-9.746714591979980469e+00 1.981585264205932617e+00 3.373164415359497070e+00
-9.698241233825683594e+00 2.052575349807739258e+00 3.383097410202026367e+00
-9.647993087768554688e+00 2.124000549316406250e+00 3.397377729415893555e+00
-9.543708801269531250e+00 2.155645847320556641e+00 3.416151285171508789e+00
-9.411447525024414062e+00 2.109505653381347656e+00 3.552455663681030273e+00
-9.374357223510742188e+00 2.213265419006347656e+00 3.504590749740600586e+00
-9.308530807495117188e+00 2.245691061019897461e+00 3.565680742263793945e+00
-9.263632774353027344e+00 2.300609111785888672e+00 3.603890419006347656e+00
-9.226424217224121094e+00 2.362112998962402344e+00 3.641355037689208984e+00
-9.200222969055175781e+00 2.418767213821411133e+00 3.688823223114013672e+00
-9.167987823486328125e+00 2.474975109100341797e+00 3.728426456451416016e+00
-9.140779495239257812e+00 2.527665853500366211e+00 3.773727178573608398e+00
-9.125902175903320312e+00 2.589159011840820312e+00 3.811305522918701172e+00
-9.086985588073730469e+00 2.644645690917968750e+00 3.855019092559814453e+00
-9.100801467895507812e+00 2.707310676574707031e+00 3.899207353591918945e+00
-9.121889114379882812e+00 2.774963855743408203e+00 3.941618680953979492e+00
-9.150001525878906250e+00 2.837822914123535156e+00 3.989708900451660156e+00
-9.187450408935546875e+00 2.900723218917846680e+00 4.042371273040771484e+00
-9.240653991699218750e+00 2.964253902435302734e+00 4.106601238250732422e+00
-9.297729492187500000e+00 3.027709960937500000e+00 4.181287288665771484e+00
-9.363595962524414062e+00 3.092946052551269531e+00 4.271612644195556641e+00
-9.431480407714843750e+00 3.165557384490966797e+00 4.373131275177001953e+00
-9.514397621154785156e+00 3.245380878448486328e+00 4.486207485198974609e+00
-9.611922264099121094e+00 3.337419033050537109e+00 4.619136333465576172e+00
-9.718191146850585938e+00 3.438382625579833984e+00 4.761991024017333984e+00
-9.828267097473144531e+00 3.550498962402343750e+00 4.909027576446533203e+00
-9.955708503723144531e+00 3.670095920562744141e+00 5.063599109649658203e+00
-1.008917140960693359e+01 3.799537420272827148e+00 5.214494705200195312e+00
-1.022174072265625000e+01 3.927186250686645508e+00 5.361891269683837891e+00
-1.035219001770019531e+01 4.049833774566650391e+00 5.500625610351562500e+00
-1.047230529785156250e+01 4.162837982177734375e+00 5.632626056671142578e+00
-1.058165740966796875e+01 4.258608341217041016e+00 5.750573635101318359e+00
-1.068026065826416016e+01 4.351616859436035156e+00 5.853462696075439453e+00
-1.077729892730712891e+01 4.428688526153564453e+00 5.945274829864501953e+00
-1.086316299438476562e+01 4.496308326721191406e+00 6.034391403198242188e+00
-1.093790245056152344e+01 4.558063030242919922e+00 6.105579376220703125e+00
-1.100448703765869141e+01 4.624021530151367188e+00 6.164949893951416016e+00
-1.106626510620117188e+01 4.677828788757324219e+00 6.209454536437988281e+00
-1.111716842651367188e+01 4.731120109558105469e+00 6.237955570220947266e+00
-1.115796470642089844e+01 4.778861522674560547e+00 6.252043247222900391e+00
-1.118918704986572266e+01 4.820029735565185547e+00 6.253575325012207031e+00
-1.120625019073486328e+01 4.858426094055175781e+00 6.247442722320556641e+00
-1.122098445892333984e+01 4.892735481262207031e+00 6.229044914245605469e+00
-1.122633934020996094e+01 4.921799182891845703e+00 6.201004505157470703e+00
-1.122666740417480469e+01 4.948769569396972656e+00 6.161206722259521484e+00
-1.121718883514404297e+01 4.974451541900634766e+00 6.110086441040039062e+00
-1.120003318786621094e+01 5.000211715698242188e+00 6.039145946502685547e+00
-1.117153167724609375e+01 5.021964073181152344e+00 5.961383342742919922e+00
-1.113363075256347656e+01 5.039876937866210938e+00 5.869201183319091797e+00
-1.109798717498779297e+01 5.051865577697753906e+00 5.771217346191406250e+00
-1.104403781890869141e+01 5.052876949310302734e+00 5.659728050231933594e+00
-1.099034500122070312e+01 5.052587985992431641e+00 5.538514614105224609e+00
-1.093658924102783203e+01 5.060394287109375000e+00 5.399853706359863281e+00
-1.086902046203613281e+01 5.057586669921875000e+00 5.256069183349609375e+00
-1.079569816589355469e+01 5.058620929718017578e+00 5.097738265991210938e+00
-1.072173881530761719e+01 5.059815406799316406e+00 4.927765846252441406e+00
-1.064399719238281250e+01 5.058429718017578125e+00 4.745140075683593750e+00
-1.056671333312988281e+01 5.062680721282958984e+00 4.567074298858642578e+00
-1.048330116271972656e+01 5.053461074829101562e+00 4.384641647338867188e+00
-1.040091896057128906e+01 5.042101383209228516e+00 4.213414669036865234e+00
-1.032414817810058594e+01 5.025089740753173828e+00 4.048641204833984375e+00
-1.024917888641357422e+01 5.007959842681884766e+00 3.899578332901000977e+00
-1.017610073089599609e+01 4.987659931182861328e+00 3.769692897796630859e+00
-1.011390972137451172e+01 4.968843460083007812e+00 3.651905059814453125e+00
-1.004092502593994141e+01 4.944193840026855469e+00 3.546532154083251953e+00
-9.988443374633789062e+00 4.926258563995361328e+00 3.442251920700073242e+00
-9.941879272460937500e+00 4.905825138092041016e+00 3.347790002822875977e+00
-9.897836685180664062e+00 4.882639884948730469e+00 3.261233091354370117e+00
-9.859978675842285156e+00 4.860105514526367188e+00 3.179393768310546875e+00
-9.783542633056640625e+00 4.844684123992919922e+00 3.134141445159912109e+00
-9.743636131286621094e+00 4.818595409393310547e+00 3.069862127304077148e+00
-9.695967674255371094e+00 4.795331954956054688e+00 3.013824939727783203e+00
-9.631726264953613281e+00 4.790051460266113281e+00 2.979937791824340820e+00
-9.577187538146972656e+00 4.758915901184082031e+00 2.939318418502807617e+00
-9.550296783447265625e+00 4.711941719055175781e+00 2.884202480316162109e+00
-9.472417831420898438e+00 4.702171802520751953e+00 2.872759342193603516e+00
-9.398355484008789062e+00 4.683262348175048828e+00 2.856280088424682617e+00
-9.344773292541503906e+00 4.634904384613037109e+00 2.840851545333862305e+00
-9.268676757812500000e+00 4.604844570159912109e+00 2.845901489257812500e+00
-9.188540458679199219e+00 4.572896957397460938e+00 2.861363649368286133e+00
-9.110366821289062500e+00 4.530030250549316406e+00 2.876800537109375000e+00
-9.044702529907226562e+00 4.475115776062011719e+00 2.873360872268676758e+00
-8.976179122924804688e+00 4.415374755859375000e+00 2.871888160705566406e+00
-8.893165588378906250e+00 4.347878932952880859e+00 2.854164600372314453e+00
-8.815605163574218750e+00 4.284467220306396484e+00 2.841259241104125977e+00
-8.725634574890136719e+00 4.214093208312988281e+00 2.827317714691162109e+00
-8.625733375549316406e+00 4.137891769409179688e+00 2.810779333114624023e+00
-8.501008987426757812e+00 4.054066181182861328e+00 2.797764778137207031e+00
-8.378301620483398438e+00 3.963874578475952148e+00 2.766970396041870117e+00
-8.239857673645019531e+00 3.868964672088623047e+00 2.730643033981323242e+00
-8.082428932189941406e+00 3.769758224487304688e+00 2.689867019653320312e+00
-7.912235736846923828e+00 3.670164108276367188e+00 2.642957925796508789e+00
-7.732786655426025391e+00 3.574743747711181641e+00 2.593700170516967773e+00
-7.544302463531494141e+00 3.483064413070678711e+00 2.541265964508056641e+00
-7.353313446044921875e+00 3.398787021636962891e+00 2.490243196487426758e+00
-7.170885086059570312e+00 3.325266122817993164e+00 2.443193674087524414e+00
-7.003129005432128906e+00 3.264454603195190430e+00 2.402044534683227539e+00
-6.853421688079833984e+00 3.215936183929443359e+00 2.366918563842773438e+00
-6.723832607269287109e+00 3.179929733276367188e+00 2.337073802947998047e+00
-6.589978218078613281e+00 3.149894952774047852e+00 2.308735132217407227e+00
-6.443770408630371094e+00 3.129017353057861328e+00 2.281694412231445312e+00
2.635591030120849609e+00 8.779595375061035156e+00 1.374313116073608398e+00
2.772259950637817383e+00 8.739068031311035156e+00 1.410524606704711914e+00
2.897344112396240234e+00 8.696444511413574219e+00 1.450965523719787598e+00
3.023910045623779297e+00 8.651128768920898438e+00 1.500947833061218262e+00
3.159615039825439453e+00 8.598885536193847656e+00 1.560531497001647949e+00
3.302915334701538086e+00 8.540748596191406250e+00 1.628218412399291992e+00
3.449588775634765625e+00 8.477821350097656250e+00 1.700615167617797852e+00
3.595604419708251953e+00 8.409729957580566406e+00 1.780332088470458984e+00
3.735224962234497070e+00 8.338599205017089844e+00 1.862702250480651855e+00
3.861316680908203125e+00 8.270509719848632812e+00 1.939514517784118652e+00
3.972721576690673828e+00 8.206933975219726562e+00 2.012128114700317383e+00
4.072727680206298828e+00 8.147379875183105469e+00 2.079390525817871094e+00
4.157732963562011719e+00 8.088135719299316406e+00 2.145920991897583008e+00
4.231198787689208984e+00 8.036351203918457031e+00 2.204731702804565430e+00
4.292538166046142578e+00 7.987795352935791016e+00 2.256886720657348633e+00
4.348068714141845703e+00 7.942378044128417969e+00 2.310060739517211914e+00
4.392105579376220703e+00 7.898354530334472656e+00 2.358775615692138672e+00
4.427521228790283203e+00 7.854955196380615234e+00 2.408279895782470703e+00
4.456537723541259766e+00 7.808158874511718750e+00 2.459403514862060547e+00
4.482748508453369141e+00 7.763792037963867188e+00 2.514252662658691406e+00
4.503791332244873047e+00 7.713994979858398438e+00 2.570642232894897461e+00
4.521735668182373047e+00 7.659519672393798828e+00 2.630649566650390625e+00
4.539093971252441406e+00 7.598057746887207031e+00 2.696448802947998047e+00
4.559721946716308594e+00 7.530003070831298828e+00 2.768183946609497070e+00
4.575437545776367188e+00 7.456182003021240234e+00 2.846279144287109375e+00
4.590938091278076172e+00 7.372413635253906250e+00 2.930919170379638672e+00
4.608831405639648438e+00 7.275729179382324219e+00 3.026239633560180664e+00
4.627722263336181641e+00 7.169073581695556641e+00 3.131551504135131836e+00
4.651086330413818359e+00 7.050295352935791016e+00 3.243871450424194336e+00
4.674702644348144531e+00 6.921092033386230469e+00 3.367330789566040039e+00
4.698663711547851562e+00 6.786269664764404297e+00 3.491721868515014648e+00
4.724212169647216797e+00 6.643876075744628906e+00 3.621680498123168945e+00
4.752883911132812500e+00 6.500188350677490234e+00 3.757876157760620117e+00
4.782749652862548828e+00 6.347666740417480469e+00 3.900300264358520508e+00
4.814834117889404297e+00 6.197262763977050781e+00 4.041575908660888672e+00
4.850972652435302734e+00 6.046135902404785156e+00 4.186652660369873047e+00
4.888973712921142578e+00 5.896787643432617188e+00 4.331414222717285156e+00
4.931020259857177734e+00 5.746163845062255859e+00 4.479153633117675781e+00
4.975409507751464844e+00 5.603992938995361328e+00 4.623531341552734375e+00
5.022588253021240234e+00 5.459366798400878906e+00 4.772170066833496094e+00
5.072126388549804688e+00 5.319678783416748047e+00 4.916346549987792969e+00
5.122872829437255859e+00 5.185781002044677734e+00 5.057767868041992188e+00
5.172479629516601562e+00 5.057812213897705078e+00 5.192596435546875000e+00
5.224606990814208984e+00 4.932553291320800781e+00 5.327150821685791016e+00
5.274821758270263672e+00 4.814615726470947266e+00 5.453275203704833984e+00
5.323572158813476562e+00 4.703234672546386719e+00 5.571901798248291016e+00
5.369946479797363281e+00 4.599722862243652344e+00 5.682166099548339844e+00
5.411655902862548828e+00 4.501656055450439453e+00 5.780644893646240234e+00
5.452348232269287109e+00 4.411718845367431641e+00 5.874079704284667969e+00
5.488790512084960938e+00 4.328977108001708984e+00 5.957422256469726562e+00
5.521851539611816406e+00 4.253142833709716797e+00 6.031853675842285156e+00
5.550637722015380859e+00 4.182621002197265625e+00 6.101368427276611328e+00
5.577720642089843750e+00 4.115154743194580078e+00 6.164074897766113281e+00
5.601568698883056641e+00 4.046646595001220703e+00 6.220254898071289062e+00
5.622977733612060547e+00 3.980458021163940430e+00 6.272913455963134766e+00
5.641058444976806641e+00 3.913172483444213867e+00 6.321407318115234375e+00
5.657830238342285156e+00 3.840412855148315430e+00 6.368208885192871094e+00
5.670493602752685547e+00 3.761212587356567383e+00 6.406981468200683594e+00
5.678946971893310547e+00 3.674996852874755859e+00 6.440919399261474609e+00
5.684677124023437500e+00 3.572890996932983398e+00 6.469561576843261719e+00
5.685597419738769531e+00 3.454427242279052734e+00 6.492408275604248047e+00
5.682074069976806641e+00 3.315676212310791016e+00 6.508051872253417969e+00
5.671535015106201172e+00 3.152311563491821289e+00 6.517605781555175781e+00
5.647661209106445312e+00 2.954848289489746094e+00 6.513145446777343750e+00
5.615624427795410156e+00 2.728337764739990234e+00 6.507562637329101562e+00
5.569869518280029297e+00 2.465562820434570312e+00 6.496086120605468750e+00
5.507362365722656250e+00 2.178023099899291992e+00 6.480687141418457031e+00
5.419369220733642578e+00 1.854813814163208008e+00 6.452971458435058594e+00
5.312058925628662109e+00 1.527966022491455078e+00 6.416429042816162109e+00
5.177814006805419922e+00 1.187905311584472656e+00 6.370541572570800781e+00
5.016001224517822266e+00 8.464877009391784668e-01 6.313619613647460938e+00
4.832793235778808594e+00 5.221930146217346191e-01 6.252964019775390625e+00
4.628618717193603516e+00 2.222880125045776367e-01 6.188025951385498047e+00
4.408184051513671875e+00 -5.142939463257789612e-02 6.125316619873046875e+00
4.158849716186523438e+00 -3.005912303924560547e-01 6.066521167755126953e+00
3.896350383758544922e+00 -5.192468166351318359e-01 6.015266418457031250e+00
3.623885869979858398e+00 -6.970497369766235352e-01 5.964236259460449219e+00
3.355674505233764648e+00 -8.424123525619506836e-01 5.916443347930908203e+00
3.103727579116821289e+00 -9.528840184211730957e-01 5.869090557098388672e+00
2.879715681076049805e+00 -1.031528353691101074e+00 5.832529067993164062e+00
2.679029464721679688e+00 -1.078965425491333008e+00 5.795244693756103516e+00
2.511502504348754883e+00 -1.108169794082641602e+00 5.762439250946044922e+00
2.373631477355957031e+00 -1.120175838470458984e+00 5.736975193023681641e+00
2.261676073074340820e+00 -1.115050196647644043e+00 5.715169906616210938e+00
2.171030998229980469e+00 -1.096893072128295898e+00 5.696869850158691406e+00
2.098537445068359375e+00 -1.064495801925659180e+00 5.683388710021972656e+00
2.037850856781005859e+00 -1.018954515457153320e+00 5.673119068145751953e+00
1.987820625305175781e+00 -9.572054743766784668e-01 5.670879364013671875e+00
1.943664193153381348e+00 -8.797282576560974121e-01 5.673812866210937500e+00
1.902536749839782715e+00 -7.839894890785217285e-01 5.687018871307373047e+00
1.863388538360595703e+00 -6.674365401268005371e-01 5.717683792114257812e+00
1.823850035667419434e+00 -5.254557728767395020e-01 5.767077445983886719e+00
1.792623281478881836e+00 -3.560426831245422363e-01 5.848787784576416016e+00
1.763519763946533203e+00 -1.547450423240661621e-01 5.962108135223388672e+00
1.750346779823303223e+00 7.211884111166000366e-02 6.112839221954345703e+00
1.752457976341247559e+00 3.227625191211700439e-01 6.294535636901855469e+00
1.773920178413391113e+00 5.929151773452758789e-01 6.501961231231689453e+00
1.824536442756652832e+00 8.660965561866760254e-01 6.721688747406005859e+00
1.895615100860595703e+00 1.131617903709411621e+00 6.933223247528076172e+00
1.996707797050476074e+00 1.392806172370910645e+00 7.131605625152587891e+00
2.131121635437011719e+00 1.648498892784118652e+00 7.309025764465332031e+00
2.296770572662353516e+00 1.895665526390075684e+00 7.457802295684814453e+00
2.492951154708862305e+00 2.130481243133544922e+00 7.573428630828857422e+00
2.722126007080078125e+00 2.360916376113891602e+00 7.664097309112548828e+00
2.975970268249511719e+00 2.575115680694580078e+00 7.739176273345947266e+00
3.244582891464233398e+00 2.770154237747192383e+00 7.800544738769531250e+00
3.513409137725830078e+00 2.936899900436401367e+00 7.856245517730712891e+00
3.778576135635375977e+00 3.076836824417114258e+00 7.909426212310791016e+00
4.029801368713378906e+00 3.186983346939086914e+00 7.956681251525878906e+00
4.271609306335449219e+00 3.274426221847534180e+00 8.000139236450195312e+00
4.498172760009765625e+00 3.338824033737182617e+00 8.040156364440917969e+00
4.708821296691894531e+00 3.384248971939086914e+00 8.076383590698242188e+00
4.900336742401123047e+00 3.410843372344970703e+00 8.111259460449218750e+00
5.090246200561523438e+00 3.426251411437988281e+00 8.147209167480468750e+00
5.259970188140869141e+00 3.427107810974121094e+00 8.183462142944335938e+00
5.429189205169677734e+00 3.418360948562622070e+00 8.220366477966308594e+00
5.585049152374267578e+00 3.401726484298706055e+00 8.256670951843261719e+00
5.729028701782226562e+00 3.377326011657714844e+00 8.293320655822753906e+00
5.866779327392578125e+00 3.346652507781982422e+00 8.330605506896972656e+00
5.995904922485351562e+00 3.308867692947387695e+00 8.368085861206054688e+00
6.115449905395507812e+00 3.265667676925659180e+00 8.404125213623046875e+00
6.228646755218505859e+00 3.219904899597167969e+00 8.442008972167968750e+00
6.334749698638916016e+00 3.168855190277099609e+00 8.480595588684082031e+00
6.436320304870605469e+00 3.111509561538696289e+00 8.518234252929687500e+00
6.534808158874511719e+00 3.050719261169433594e+00 8.556589126586914062e+00
6.624939918518066406e+00 2.985431432723999023e+00 8.594452857971191406e+00
6.710863113403320312e+00 2.915786504745483398e+00 8.632336616516113281e+00
6.785703182220458984e+00 2.848239660263061523e+00 8.669096946716308594e+00
6.860535621643066406e+00 2.768874406814575195e+00 8.708016395568847656e+00
6.929030418395996094e+00 2.683136224746704102e+00 8.746681213378906250e+00
6.993130683898925781e+00 2.597005844116210938e+00 8.783018112182617188e+00
7.054420948028564453e+00 2.505347490310668945e+00 8.823694229125976562e+00
7.108720779418945312e+00 2.405910015106201172e+00 8.866643905639648438e+00
7.159447193145751953e+00 2.306195497512817383e+00 8.906480789184570312e+00
7.203671455383300781e+00 2.203905344009399414e+00 8.951087951660156250e+00
7.237306118011474609e+00 2.107130765914916992e+00 8.985781669616699219e+00
7.263595104217529297e+00 2.003043889999389648e+00 9.026968955993652344e+00
7.294954299926757812e+00 1.913087487220764160e+00 9.074949264526367188e+00
7.318312168121337891e+00 1.814726352691650391e+00 9.115673065185546875e+00
7.334856033325195312e+00 1.718644857406616211e+00 9.154294013977050781e+00
7.351695537567138672e+00 1.625905275344848633e+00 9.190971374511718750e+00
7.361027240753173828e+00 1.543652892112731934e+00 9.235280990600585938e+00
7.368664741516113281e+00 1.462083578109741211e+00 9.274391174316406250e+00
7.365484714508056641e+00 1.368223309516906738e+00 9.304394721984863281e+00
7.349662780761718750e+00 1.290187954902648926e+00 9.329709053039550781e+00
7.341067790985107422e+00 1.221397042274475098e+00 9.366468429565429688e+00
7.333485603332519531e+00 1.172219514846801758e+00 9.417161941528320312e+00
7.321899414062500000e+00 1.134284973144531250e+00 9.468329429626464844e+00
7.301808357238769531e+00 1.099352955818176270e+00 9.516693115234375000e+00
7.270488739013671875e+00 1.070938587188720703e+00 9.561576843261718750e+00
7.261003494262695312e+00 1.074359893798828125e+00 9.656474113464355469e+00
7.223757743835449219e+00 1.058274865150451660e+00 9.700699806213378906e+00
7.186982154846191406e+00 1.041348934173583984e+00 9.743371963500976562e+00
7.140801906585693359e+00 1.022032380104064941e+00 9.778568267822265625e+00
7.093129634857177734e+00 9.923833012580871582e-01 9.803058624267578125e+00
7.052441120147705078e+00 9.591600298881530762e-01 9.831480979919433594e+00
7.011141777038574219e+00 9.186415076255798340e-01 9.865797042846679688e+00
6.980369091033935547e+00 8.635056018829345703e-01 9.892461776733398438e+00
6.955217361450195312e+00 7.956944704055786133e-01 9.928619384765625000e+00
6.915406227111816406e+00 7.289845347404479980e-01 9.970855712890625000e+00
6.869238853454589844e+00 6.534884572029113770e-01 1.001721000671386719e+01
6.817882061004638672e+00 5.693373084068298340e-01 1.007034111022949219e+01
6.757051467895507812e+00 4.767443239688873291e-01 1.013194656372070312e+01
6.698371410369873047e+00 3.644369244575500488e-01 1.019544219970703125e+01
6.606100082397460938e+00 2.440979480743408203e-01 1.026921749114990234e+01
6.506651878356933594e+00 1.066532060503959656e-01 1.034974575042724609e+01
6.395245075225830078e+00 -4.679786413908004761e-02 1.043407630920410156e+01
6.274418354034423828e+00 -2.113295942544937134e-01 1.051740264892578125e+01
6.151039123535156250e+00 -3.751895427703857422e-01 1.059134960174560547e+01
6.029468536376953125e+00 -5.394253134727478027e-01 1.065515136718750000e+01
5.919137001037597656e+00 -6.868723630905151367e-01 1.070319271087646484e+01
5.818964004516601562e+00 -8.224333524703979492e-01 1.073582553863525391e+01
5.724860191345214844e+00 -9.507362246513366699e-01 1.075300121307373047e+01
5.627257823944091797e+00 -1.084123134613037109e+00 1.074901199340820312e+01
-1.087641119956970215e+00 7.804905772209167480e-01 6.076561450958251953e+00
-1.081741333007812500e+00 7.057375311851501465e-01 6.211622238159179688e+00
-1.069076418876647949e+00 6.409726738929748535e-01 6.340543746948242188e+00
-1.053154230117797852e+00 5.807136297225952148e-01 6.465822696685791016e+00
-1.035457491874694824e+00 5.257767438888549805e-01 6.587541580200195312e+00
-1.014367818832397461e+00 4.776846170425415039e-01 6.704533576965332031e+00
-9.951752424240112305e-01 4.320609867572784424e-01 6.808789253234863281e+00
-9.789915680885314941e-01 3.935046494007110596e-01 6.900612831115722656e+00
-9.609723091125488281e-01 3.628815710544586182e-01 6.980768680572509766e+00
-9.424145221710205078e-01 3.385504782199859619e-01 7.053219318389892578e+00
-9.229868054389953613e-01 3.212825655937194824e-01 7.116471290588378906e+00
-9.038187265396118164e-01 3.075141012668609619e-01 7.173376083374023438e+00
-8.785467743873596191e-01 3.015989959239959717e-01 7.231102466583251953e+00
-8.479121327400207520e-01 3.018419742584228516e-01 7.290125370025634766e+00
-8.114015460014343262e-01 3.078298568725585938e-01 7.350593090057373047e+00
-7.681753039360046387e-01 3.155277073383331299e-01 7.420558452606201172e+00
-7.162109613418579102e-01 3.322092890739440918e-01 7.498275279998779297e+00
-6.533951759338378906e-01 3.557108044624328613e-01 7.588284492492675781e+00
-5.759376883506774902e-01 3.818076848983764648e-01 7.698597908020019531e+00
-4.853845834732055664e-01 4.149750471115112305e-01 7.826851367950439453e+00
-3.762804269790649414e-01 4.545720815658569336e-01 7.978851318359375000e+00
-2.483506947755813599e-01 5.000619888305664062e-01 8.158696174621582031e+00
-1.049555018544197083e-01 5.482790470123291016e-01 8.354981422424316406e+00
6.153944879770278931e-02 6.009905338287353516e-01 8.564077377319335938e+00
2.538775503635406494e-01 6.564428210258483887e-01 8.790416717529296875e+00
5.198690295219421387e-01 7.109778523445129395e-01 9.061317443847656250e+00
1.454860448837280273e+00 1.006964087486267090e+00 1.175388145446777344e+01
1.704334855079650879e+00 1.062925696372985840e+00 1.178746604919433594e+01
1.962020754814147949e+00 1.132068514823913574e+00 1.177803039550781250e+01
2.237507104873657227e+00 1.210698246955871582e+00 1.174192237854003906e+01
2.528680086135864258e+00 1.286256432533264160e+00 1.169143104553222656e+01
2.811213970184326172e+00 1.361102104187011719e+00 1.164248943328857422e+01
3.075021982192993164e+00 1.433302760124206543e+00 1.160724735260009766e+01
3.308127164840698242e+00 1.503354907035827637e+00 1.158303928375244141e+01
3.511582136154174805e+00 1.564274907112121582e+00 1.155819988250732422e+01
3.688959121704101562e+00 1.604468584060668945e+00 1.153734493255615234e+01
3.835094928741455078e+00 1.625995635986328125e+00 1.152195262908935547e+01
3.947330713272094727e+00 1.629383325576782227e+00 1.150923538208007812e+01
4.031382560729980469e+00 1.619244575500488281e+00 1.150300025939941406e+01
4.095119953155517578e+00 1.595560908317565918e+00 1.150474834442138672e+01
4.142575740814208984e+00 1.560081124305725098e+00 1.151663017272949219e+01
4.178875923156738281e+00 1.506606578826904297e+00 1.153585529327392578e+01
4.197688579559326172e+00 1.444831252098083496e+00 1.156575489044189453e+01
4.201761722564697266e+00 1.369864344596862793e+00 1.160610675811767578e+01
4.192572116851806641e+00 1.283346772193908691e+00 1.166065216064453125e+01
4.167838573455810547e+00 1.185786485671997070e+00 1.172028446197509766e+01
4.121087551116943359e+00 1.076593875885009766e+00 1.179903984069824219e+01
4.056096076965332031e+00 9.641615748405456543e-01 1.188515090942382812e+01
3.972547054290771484e+00 8.529571890830993652e-01 1.198176860809326172e+01
3.865901708602905273e+00 7.489557862281799316e-01 1.209122467041015625e+01
3.740951061248779297e+00 6.581717729568481445e-01 1.221040916442871094e+01
3.596604585647583008e+00 5.939037203788757324e-01 1.233243846893310547e+01
3.439344167709350586e+00 5.497959256172180176e-01 1.245400428771972656e+01
3.282078742980957031e+00 5.173776745796203613e-01 1.256282138824462891e+01
3.123416662216186523e+00 4.809331297874450684e-01 1.265520095825195312e+01
2.968088865280151367e+00 4.512071907520294189e-01 1.273335647583007812e+01
2.824188709259033203e+00 4.099948406219482422e-01 1.278786849975585938e+01
2.698649883270263672e+00 3.683291673660278320e-01 1.282720088958740234e+01
2.589620351791381836e+00 3.165244460105895996e-01 1.285070800781250000e+01
2.504348278045654297e+00 2.620140314102172852e-01 1.286432170867919922e+01
2.440756559371948242e+00 2.051802277565002441e-01 1.286999225616455078e+01
2.399034261703491211e+00 1.487023681402206421e-01 1.287009716033935547e+01
2.376006603240966797e+00 9.155602008104324341e-02 1.286719799041748047e+01
2.373995065689086914e+00 3.216773644089698792e-02 1.285700798034667969e+01
2.385113000869750977e+00 -3.132591769099235535e-02 1.284475326538085938e+01
2.414844751358032227e+00 -1.021041497588157654e-01 1.282745075225830078e+01
2.456961154937744141e+00 -1.754164695739746094e-01 1.281007099151611328e+01
2.523209571838378906e+00 -2.501155436038970947e-01 1.278529071807861328e+01
2.606115341186523438e+00 -3.248555362224578857e-01 1.275498485565185547e+01
2.702501296997070312e+00 -3.922204077243804932e-01 1.272175502777099609e+01
2.813975811004638672e+00 -4.515355825424194336e-01 1.268568706512451172e+01
2.928699254989624023e+00 -5.093826651573181152e-01 1.264080810546875000e+01
3.050133466720581055e+00 -5.567956566810607910e-01 1.259435462951660156e+01
3.169816017150878906e+00 -6.019566059112548828e-01 1.254724693298339844e+01
3.278902769088745117e+00 -6.524435877799987793e-01 1.249700260162353516e+01
3.372726678848266602e+00 -7.060537934303283691e-01 1.245243453979492188e+01
3.451316833496093750e+00 -7.683019638061523438e-01 1.241182994842529297e+01
3.512740373611450195e+00 -8.405626416206359863e-01 1.237777328491210938e+01
3.558128833770751953e+00 -9.262585043907165527e-01 1.234927177429199219e+01
3.580943584442138672e+00 -1.029344439506530762e+00 1.233001995086669922e+01
3.579794168472290039e+00 -1.154456377029418945e+00 1.231863689422607422e+01
3.560633659362792969e+00 -1.296294331550598145e+00 1.231153106689453125e+01
3.516489744186401367e+00 -1.456786990165710449e+00 1.231057548522949219e+01
3.444010496139526367e+00 -1.634277820587158203e+00 1.231614494323730469e+01
3.343299150466918945e+00 -1.822967171669006348e+00 1.232468032836914062e+01
3.214981079101562500e+00 -2.015971183776855469e+00 1.233638572692871094e+01
3.057461500167846680e+00 -2.211305856704711914e+00 1.234914588928222656e+01
2.879740238189697266e+00 -2.409919977188110352e+00 1.236078548431396484e+01
2.679372072219848633e+00 -2.594576597213745117e+00 1.237121105194091797e+01
2.460357427597045898e+00 -2.768980741500854492e+00 1.237915611267089844e+01
2.239822149276733398e+00 -2.928896188735961914e+00 1.238197898864746094e+01
2.003327369689941406e+00 -3.076946973800659180e+00 1.238052940368652344e+01
1.761095285415649414e+00 -3.212731838226318359e+00 1.237291240692138672e+01
1.510976791381835938e+00 -3.336570024490356445e+00 1.235759639739990234e+01
1.258649349212646484e+00 -3.450422525405883789e+00 1.233504962921142578e+01
1.006172776222229004e+00 -3.550434350967407227e+00 1.230600261688232422e+01
7.553418874740600586e-01 -3.640115976333618164e+00 1.226816558837890625e+01
5.198094248771667480e-01 -3.711462736129760742e+00 1.221803951263427734e+01
2.925769686698913574e-01 -3.774812221527099609e+00 1.216456222534179688e+01
8.687163889408111572e-02 -3.829243659973144531e+00 1.210826873779296875e+01
-9.143952280282974243e-02 -3.870347738265991211e+00 1.204966259002685547e+01
-2.478188723325729370e-01 -3.906544923782348633e+00 1.199205303192138672e+01
-3.791475296020507812e-01 -3.930377244949340820e+00 1.193464756011962891e+01
-4.909525513648986816e-01 -3.948689222335815430e+00 1.188215160369873047e+01
-5.878555774688720703e-01 -3.961262226104736328e+00 1.183045291900634766e+01
-6.644947528839111328e-01 -3.964959383010864258e+00 1.178187847137451172e+01
-7.289198637008666992e-01 -3.962075471878051758e+00 1.173367691040039062e+01
-7.842455506324768066e-01 -3.950242996215820312e+00 1.168472099304199219e+01
-8.317425847053527832e-01 -3.930537939071655273e+00 1.163495063781738281e+01
-8.732959032058715820e-01 -3.900505781173706055e+00 1.158072566986083984e+01
-9.108244776725769043e-01 -3.858966588973999023e+00 1.152098464965820312e+01
-9.466651082038879395e-01 -3.805572509765625000e+00 1.145921230316162109e+01
-9.762955307960510254e-01 -3.728967666625976562e+00 1.138959026336669922e+01
-1.001760125160217285e+00 -3.622111558914184570e+00 1.130941200256347656e+01
-1.023543834686279297e+00 -3.488320350646972656e+00 1.122054386138916016e+01
-1.037151217460632324e+00 -3.314268112182617188e+00 1.112410926818847656e+01
-1.035748958587646484e+00 -3.104045391082763672e+00 1.102715301513671875e+01
-1.023078799247741699e+00 -2.852888822555541992e+00 1.093138027191162109e+01
-9.782898426055908203e-01 -2.570354223251342773e+00 1.084047794342041016e+01
-9.113118052482604980e-01 -2.258077621459960938e+00 1.076171684265136719e+01
-8.043593168258666992e-01 -1.930210351943969727e+00 1.070356273651123047e+01
-6.601425409317016602e-01 -1.606931686401367188e+00 1.066541290283203125e+01
-4.750665128231048584e-01 -1.281183362007141113e+00 1.064641571044921875e+01
-2.449679672718048096e-01 -9.767822623252868652e-01 1.064654350280761719e+01
2.278567664325237274e-02 -6.892363429069519043e-01 1.065726661682128906e+01
3.089225292205810547e-01 -4.209823608398437500e-01 1.067707061767578125e+01
5.978189110755920410e-01 -1.752956956624984741e-01 1.069982814788818359e+01
8.797642588615417480e-01 3.492326661944389343e-02 1.072237014770507812e+01
1.145964503288269043e+00 1.955441832542419434e-01 1.073149681091308594e+01
1.395879983901977539e+00 3.094926476478576660e-01 1.072522163391113281e+01
1.620095252990722656e+00 3.839044868946075439e-01 1.071154689788818359e+01
1.812098622322082520e+00 4.264412522315979004e-01 1.069748115539550781e+01
1.971902728080749512e+00 4.529938101768493652e-01 1.068668365478515625e+01
2.101218938827514648e+00 4.593757390975952148e-01 1.067781829833984375e+01
2.206712245941162109e+00 4.452034235000610352e-01 1.067176914215087891e+01
2.291245222091674805e+00 4.069642126560211182e-01 1.066727924346923828e+01
2.359458446502685547e+00 3.475912213325500488e-01 1.066139984130859375e+01
2.414326429367065430e+00 2.631012797355651855e-01 1.064983367919921875e+01
2.455609321594238281e+00 1.522915959358215332e-01 1.062663936614990234e+01
2.490990638732910156e+00 1.239172741770744324e-02 1.057905387878417969e+01
2.518389225006103516e+00 -1.595326811075210571e-01 1.049622726440429688e+01
2.540921926498413086e+00 -3.621433377265930176e-01 1.036172580718994141e+01
2.552726030349731445e+00 -5.909568071365356445e-01 1.017269802093505859e+01
2.552308797836303711e+00 -8.407012224197387695e-01 9.927508354187011719e+00
2.539217472076416016e+00 -1.109517931938171387e+00 9.639295578002929688e+00
2.508763551712036133e+00 -1.394664645195007324e+00 9.325126647949218750e+00
2.459977626800537109e+00 -1.683368325233459473e+00 9.010634422302246094e+00
2.391658544540405273e+00 -1.977676153182983398e+00 8.703116416931152344e+00
2.305194854736328125e+00 -2.274964570999145508e+00 8.413915634155273438e+00
2.190310001373291016e+00 -2.578357458114624023e+00 8.158140182495117188e+00
2.043898344039916992e+00 -2.882178306579589844e+00 7.949582576751708984e+00
1.864318013191223145e+00 -3.188242197036743164e+00 7.792321205139160156e+00
1.663666009902954102e+00 -3.490665674209594727e+00 7.689933300018310547e+00
1.458203196525573730e+00 -3.775732994079589844e+00 7.641670227050781250e+00
1.251383543014526367e+00 -4.050650596618652344e+00 7.639122962951660156e+00
1.059325098991394043e+00 -4.288794040679931641e+00 7.667904853820800781e+00
8.908063769340515137e-01 -4.490309715270996094e+00 7.722354412078857422e+00
7.463178634643554688e-01 -4.660341739654541016e+00 7.792388916015625000e+00
6.257649660110473633e-01 -4.790690898895263672e+00 7.864901542663574219e+00
5.245493650436401367e-01 -4.900336265563964844e+00 7.942713737487792969e+00
4.396278262138366699e-01 -4.974646568298339844e+00 8.014893531799316406e+00
3.695830702781677246e-01 -5.021868228912353516e+00 8.085590362548828125e+00
3.107161521911621094e-01 -5.050714015960693359e+00 8.151702880859375000e+00
2.633394896984100342e-01 -5.060369014739990234e+00 8.215528488159179688e+00
2.252308726310729980e-01 -5.051149845123291016e+00 8.275974273681640625e+00
1.948796510696411133e-01 -5.023365497589111328e+00 8.340513229370117188e+00
1.707131564617156982e-01 -4.975446224212646484e+00 8.408612251281738281e+00
1.512611508369445801e-01 -4.904177188873291016e+00 8.482517242431640625e+00
1.351383328437805176e-01 -4.804434299468994141e+00 8.562047004699707031e+00
1.180553063750267029e-01 -4.673958778381347656e+00 8.647672653198242188e+00
1.009791269898414612e-01 -4.506203651428222656e+00 8.731892585754394531e+00
7.360527664422988892e-02 -4.302397251129150391e+00 8.815279960632324219e+00
3.600050136446952820e-02 -4.050650119781494141e+00 8.889930725097656250e+00
-2.647454850375652313e-02 -3.751263141632080078e+00 8.962951660156250000e+00
-9.758396446704864502e-02 -3.421018838882446289e+00 9.025520324707031250e+00
-1.784302592277526855e-01 -3.052477598190307617e+00 9.074932098388671875e+00
-2.625832855701446533e-01 -2.673073053359985352e+00 9.128907203674316406e+00
-3.326274156570434570e-01 -2.299165725708007812e+00 9.184211730957031250e+00
-3.935510814189910889e-01 -1.929601907730102539e+00 9.246262550354003906e+00
-4.341934025287628174e-01 -1.567484021186828613e+00 9.323231697082519531e+00
-4.556085765361785889e-01 -1.180359959602355957e+00 9.422833442687988281e+00
-4.486781358718872070e-01 -7.607908248901367188e-01 9.558863639831542969e+00
-3.984800577163696289e-01 -3.077024221420288086e-01 9.721968650817871094e+00
-2.878183722496032715e-01 1.530073732137680054e-01 9.896620750427246094e+00
-8.623570948839187622e-02 5.678628087043762207e-01 1.004053878784179688e+01
2.024629265069961548e-01 9.525101780891418457e-01 1.017707347869873047e+01
4.770654141902923584e-01 1.267247557640075684e+00 1.031065464019775391e+01
7.355993390083312988e-01 1.515845537185668945e+00 1.039506626129150391e+01
1.032124638557434082e+00 1.734519124031066895e+00 1.040549564361572266e+01
1.384400010108947754e+00 1.955325961112976074e+00 1.038502883911132812e+01
1.743606686592102051e+00 2.159804105758666992e+00 1.035404682159423828e+01
2.075541496276855469e+00 2.332204103469848633e+00 1.033469200134277344e+01
2.360737323760986328e+00 2.464301824569702148e+00 1.030988311767578125e+01
2.613068580627441406e+00 2.565083026885986328e+00 1.028791427612304688e+01
2.829054355621337891e+00 2.634420156478881836e+00 1.026904010772705078e+01
3.013446807861328125e+00 2.674503087997436523e+00 1.025660514831542969e+01
3.172180891036987305e+00 2.695156097412109375e+00 1.024426078796386719e+01
3.306636333465576172e+00 2.696536064147949219e+00 1.023387050628662109e+01
3.416912078857421875e+00 2.678958177566528320e+00 1.022357654571533203e+01
3.515826225280761719e+00 2.652958869934082031e+00 1.021584510803222656e+01
3.596509695053100586e+00 2.614233732223510742e+00 1.021281719207763672e+01
3.672464132308959961e+00 2.559459924697875977e+00 1.020661640167236328e+01
3.740094661712646484e+00 2.491403341293334961e+00 1.020075130462646484e+01
3.800222396850585938e+00 2.402950525283813477e+00 1.019295120239257812e+01
3.854964971542358398e+00 2.288313627243041992e+00 1.017893123626708984e+01
3.898167133331298828e+00 2.147105693817138672e+00 1.015953159332275391e+01
3.933469533920288086e+00 1.968160867691040039e+00 1.013065147399902344e+01
3.954789876937866211e+00 1.745976448059082031e+00 1.008917427062988281e+01
3.952645778656005859e+00 1.483571648597717285e+00 1.003607177734375000e+01
3.933089494705200195e+00 1.182689666748046875e+00 9.965178489685058594e+00
3.890955686569213867e+00 8.423900008201599121e-01 9.880109786987304688e+00
3.824411153793334961e+00 4.827978312969207764e-01 9.766889572143554688e+00
3.727413654327392578e+00 1.070253178477287292e-01 9.616426467895507812e+00
3.603410959243774414e+00 -2.590942382812500000e-01 9.441904067993164062e+00
3.452821016311645508e+00 -6.059252619743347168e-01 9.244417190551757812e+00
3.281579494476318359e+00 -9.226829409599304199e-01 9.032601356506347656e+00
3.091651201248168945e+00 -1.220567226409912109e+00 8.805801391601562500e+00
2.886672735214233398e+00 -1.499255418777465820e+00 8.572078704833984375e+00
2.667302846908569336e+00 -1.764228343963623047e+00 8.341781616210937500e+00
2.431002140045166016e+00 -2.014374971389770508e+00 8.125759124755859375e+00
2.178879022598266602e+00 -2.257962942123413086e+00 7.932537555694580078e+00
1.915536880493164062e+00 -2.491219997406005859e+00 7.771553516387939453e+00
1.641243696212768555e+00 -2.731381177902221680e+00 7.644146442413330078e+00
1.357571959495544434e+00 -2.966068506240844727e+00 7.549478530883789062e+00
1.074049353599548340e+00 -3.191396713256835938e+00 7.484986782073974609e+00
7.689321041107177734e-01 -3.408843278884887695e+00 7.443553924560546875e+00
4.527626931667327881e-01 -3.624388217926025391e+00 7.424315929412841797e+00
1.249030306935310364e-01 -3.844222784042358398e+00 7.437788963317871094e+00
-1.839447319507598877e-01 -4.059789180755615234e+00 7.482633590698242188e+00
-4.559764266014099121e-01 -4.266718387603759766e+00 7.551527023315429688e+00
-6.846111416816711426e-01 -4.451992034912109375e+00 7.632805347442626953e+00
-8.711661696434020996e-01 -4.603312015533447266e+00 7.703881263732910156e+00
-1.028784275054931641e+00 -4.729718685150146484e+00 7.764540672302246094e+00
-1.166706204414367676e+00 -4.813776493072509766e+00 7.820080757141113281e+00
-1.295668959617614746e+00 -4.876106262207031250e+00 7.863429546356201172e+00
-1.417408823966979980e+00 -4.921840190887451172e+00 7.898480892181396484e+00
-1.520507574081420898e+00 -4.944202423095703125e+00 7.932015419006347656e+00
-1.612419605255126953e+00 -4.954807758331298828e+00 7.963949203491210938e+00
-1.692100048065185547e+00 -4.950774192810058594e+00 7.994976043701171875e+00
-1.759614944458007812e+00 -4.933868885040283203e+00 8.025881767272949219e+00
-1.815725803375244141e+00 -4.905423164367675781e+00 8.060581207275390625e+00
-1.861859321594238281e+00 -4.861696243286132812e+00 8.100631713867187500e+00
-1.897185683250427246e+00 -4.808077335357666016e+00 8.146766662597656250e+00
-1.925628066062927246e+00 -4.738984107971191406e+00 8.210468292236328125e+00
-1.940017223358154297e+00 -4.653627872467041016e+00 8.286733627319335938e+00
-1.940824747085571289e+00 -4.547833919525146484e+00 8.386083602905273438e+00
-1.929421424865722656e+00 -4.424962997436523438e+00 8.506542205810546875e+00
-1.899798512458801270e+00 -4.274170398712158203e+00 8.651131629943847656e+00
-1.860674500465393066e+00 -4.101249217987060547e+00 8.821419715881347656e+00
-1.809553980827331543e+00 -3.895054578781127930e+00 9.015555381774902344e+00
-1.745926141738891602e+00 -3.657590150833129883e+00 9.214413642883300781e+00
-1.671774029731750488e+00 -3.384893417358398438e+00 9.410917282104492188e+00
-1.590756535530090332e+00 -3.075663089752197266e+00 9.591956138610839844e+00
-1.508106708526611328e+00 -2.744706153869628906e+00 9.739217758178710938e+00
-1.424416661262512207e+00 -2.387714385986328125e+00 9.868028640747070312e+00
-1.331361770629882812e+00 -2.016652345657348633e+00 9.985959053039550781e+00
-1.235594511032104492e+00 -1.637917876243591309e+00 1.009415817260742188e+01
-1.114724874496459961e+00 -1.242115736007690430e+00 1.021741580963134766e+01
-9.731266498565673828e-01 -8.701119422912597656e-01 1.033692264556884766e+01
-8.169180750846862793e-01 -5.266427993774414062e-01 1.045474338531494141e+01
-6.514704823493957520e-01 -2.163258343935012817e-01 1.056096553802490234e+01
-4.907450675964355469e-01 5.160714685916900635e-02 1.064367580413818359e+01
-3.398397266864776611e-01 2.792781889438629150e-01 1.070231914520263672e+01
-2.090081572532653809e-01 4.716179668903350830e-01 1.074667835235595703e+01
-9.295120835304260254e-02 6.437429785728454590e-01 1.076933002471923828e+01
-5.442382302135229111e-03 7.939739227294921875e-01 1.077676677703857422e+01
4.730264097452163696e-02 9.315261840820312500e-01 1.077390384674072266e+01
6.043506041169166565e-02 1.052055597305297852e+00 1.076317882537841797e+01
2.571263164281845093e-02 1.165605306625366211e+00 1.074689102172851562e+01
-6.777989119291305542e-02 1.288050413131713867e+00 1.071780300140380859e+01
-2.124512195587158203e-01 1.417538404464721680e+00 1.067735099792480469e+01
-4.165329337120056152e-01 1.559488892555236816e+00 1.061524009704589844e+01
-6.477425694465637207e-01 1.706985712051391602e+00 1.053786087036132812e+01
-8.940492272377014160e-01 1.861720085144042969e+00 1.044655132293701172e+01
-1.135551929473876953e+00 2.021886825561523438e+00 1.035116481781005859e+01
-1.367646455764770508e+00 2.170484781265258789e+00 1.025660324096679688e+01
-1.584928035736083984e+00 2.313757181167602539e+00 1.016350460052490234e+01
-1.802674531936645508e+00 2.456395387649536133e+00 1.007047939300537109e+01
-2.014872789382934570e+00 2.595690488815307617e+00 9.978096961975097656e+00
-2.220787048339843750e+00 2.731753349304199219e+00 9.887915611267089844e+00
-2.407409191131591797e+00 2.855588197708129883e+00 9.804522514343261719e+00
-2.568345785140991211e+00 2.960397243499755859e+00 9.732306480407714844e+00
-2.695827484130859375e+00 3.042258262634277344e+00 9.674188613891601562e+00
-2.792129039764404297e+00 3.104646205902099609e+00 9.629976272583007812e+00
-2.861662149429321289e+00 3.149174451828002930e+00 9.598256111145019531e+00
-2.911165475845336914e+00 3.181043624877929688e+00 9.576603889465332031e+00
-2.945509433746337891e+00 3.203671455383300781e+00 9.561059951782226562e+00
-2.970315933227539062e+00 3.218630790710449219e+00 9.551629066467285156e+00
-2.988213062286376953e+00 3.229824304580688477e+00 9.543812751770019531e+00
-2.998885869979858398e+00 3.237215995788574219e+00 9.538829803466796875e+00
-3.006906747817993164e+00 3.242339134216308594e+00 9.535569190979003906e+00
-3.011502981185913086e+00 3.245470523834228516e+00 9.534325599670410156e+00
-3.013702869415283203e+00 3.246576070785522461e+00 9.533278465270996094e+00
-3.014615058898925781e+00 3.247102737426757812e+00 9.532641410827636719e+00
-3.014835357666015625e+00 3.247243642807006836e+00 9.532545089721679688e+00
