1.644083786010742188e+01 7.897866249084472656e+00 -3.493690252304077148e+00
1.639199066162109375e+01 7.901224136352539062e+00 -3.432748079299926758e+00
1.633177185058593750e+01 7.905499458312988281e+00 -3.355086803436279297e+00
1.625407791137695312e+01 7.909767150878906250e+00 -3.252931356430053711e+00
1.615007591247558594e+01 7.911326408386230469e+00 -3.113916158676147461e+00
1.602254486083984375e+01 7.914044857025146484e+00 -2.938327312469482422e+00
1.588563919067382812e+01 7.911013126373291016e+00 -2.744810342788696289e+00
1.575149726867675781e+01 7.903548240661621094e+00 -2.547085046768188477e+00
1.562407684326171875e+01 7.892196178436279297e+00 -2.356694936752319336e+00
1.550691032409667969e+01 7.880810260772705078e+00 -2.183517694473266602e+00
1.540580272674560547e+01 7.867852687835693359e+00 -2.025549650192260742e+00
1.531057357788085938e+01 7.857595920562744141e+00 -1.884214758872985840e+00
1.522767734527587891e+01 7.847129344940185547e+00 -1.762495756149291992e+00
1.515388488769531250e+01 7.838018894195556641e+00 -1.655206918716430664e+00
1.508732223510742188e+01 7.830338001251220703e+00 -1.560938000679016113e+00
1.502099609375000000e+01 7.828623294830322266e+00 -1.480878829956054688e+00
1.496010494232177734e+01 7.825751781463623047e+00 -1.402439355850219727e+00
1.490116310119628906e+01 7.825559139251708984e+00 -1.333064079284667969e+00
1.484103012084960938e+01 7.826800823211669922e+00 -1.266597509384155273e+00
1.477772331237792969e+01 7.833240509033203125e+00 -1.204594850540161133e+00
1.471372795104980469e+01 7.840445518493652344e+00 -1.146070003509521484e+00
1.464797687530517578e+01 7.851994991302490234e+00 -1.095343828201293945e+00
1.457728672027587891e+01 7.866868019104003906e+00 -1.042343020439147949e+00
1.450440216064453125e+01 7.882836341857910156e+00 -9.897019267082214355e-01
1.442995071411132812e+01 7.901978492736816406e+00 -9.383050799369812012e-01
1.435107135772705078e+01 7.925125598907470703e+00 -8.933618068695068359e-01
1.426926803588867188e+01 7.950185775756835938e+00 -8.517670035362243652e-01
1.418659877777099609e+01 7.981786727905273438e+00 -8.132146000862121582e-01
1.410115623474121094e+01 8.015879631042480469e+00 -7.765384912490844727e-01
1.400832080841064453e+01 8.052739143371582031e+00 -7.370497584342956543e-01
1.391797065734863281e+01 8.094826698303222656e+00 -7.054591774940490723e-01
1.382221221923828125e+01 8.141364097595214844e+00 -6.788442134857177734e-01
1.371765899658203125e+01 8.194111824035644531e+00 -6.546272635459899902e-01
1.361353778839111328e+01 8.253010749816894531e+00 -6.316244006156921387e-01
1.349939918518066406e+01 8.322611808776855469e+00 -6.105914115905761719e-01
1.337628364562988281e+01 8.401847839355468750e+00 -5.893543958663940430e-01
1.324548435211181641e+01 8.497209548950195312e+00 -5.726656317710876465e-01
1.310775375366210938e+01 8.608151435852050781e+00 -5.561199784278869629e-01
1.296097660064697266e+01 8.739587783813476562e+00 -5.401155948638916016e-01
1.280982208251953125e+01 8.890763282775878906e+00 -5.234385728836059570e-01
1.265636825561523438e+01 9.061209678649902344e+00 -5.052159428596496582e-01
1.249914073944091797e+01 9.254581451416015625e+00 -4.863924980163574219e-01
1.234813880920410156e+01 9.467889785766601562e+00 -4.641602039337158203e-01
1.219553375244140625e+01 9.699610710144042969e+00 -4.412614405155181885e-01
1.204431247711181641e+01 9.945449829101562500e+00 -4.157297313213348389e-01
1.189765357971191406e+01 1.020318984985351562e+01 -3.897734582424163818e-01
1.176202964782714844e+01 1.046084785461425781e+01 -3.656744956970214844e-01
1.163387298583984375e+01 1.073034763336181641e+01 -3.442752361297607422e-01
1.152077865600585938e+01 1.099939918518066406e+01 -3.297374844551086426e-01
1.142567062377929688e+01 1.125747013092041016e+01 -3.216308951377868652e-01
1.134983062744140625e+01 1.149821376800537109e+01 -3.264931440353393555e-01
1.129132461547851562e+01 1.172062492370605469e+01 -3.409418761730194092e-01
1.124835586547851562e+01 1.192005252838134766e+01 -3.640629351139068604e-01
1.122021579742431641e+01 1.209397506713867188e+01 -3.970732986927032471e-01
1.120468139648437500e+01 1.224480915069580078e+01 -4.328791201114654541e-01
1.119931602478027344e+01 1.237045288085937500e+01 -4.761054515838623047e-01
1.120587730407714844e+01 1.247695636749267578e+01 -5.229898691177368164e-01
1.122028827667236328e+01 1.256408596038818359e+01 -5.730374455451965332e-01
1.124158287048339844e+01 1.263700199127197266e+01 -6.271961927413940430e-01
1.127016162872314453e+01 1.269594669342041016e+01 -6.873027086257934570e-01
1.130587005615234375e+01 1.274476909637451172e+01 -7.537820339202880859e-01
1.135047721862792969e+01 1.278037834167480469e+01 -8.286162018775939941e-01
1.140507507324218750e+01 1.280473423004150391e+01 -9.160851836204528809e-01
1.146870231628417969e+01 1.281743812561035156e+01 -1.014556527137756348e+00
1.154013729095458984e+01 1.281767559051513672e+01 -1.124725699424743652e+00
1.162341976165771484e+01 1.280330562591552734e+01 -1.253045082092285156e+00
1.171575736999511719e+01 1.276995182037353516e+01 -1.397233724594116211e+00
1.181433200836181641e+01 1.271796035766601562e+01 -1.557903885841369629e+00
1.191834926605224609e+01 1.263925838470458984e+01 -1.735077381134033203e+00
1.202089881896972656e+01 1.253801155090332031e+01 -1.922299265861511230e+00
1.211986255645751953e+01 1.240952491760253906e+01 -2.119787931442260742e+00
1.220842647552490234e+01 1.225654792785644531e+01 -2.317494630813598633e+00
1.228081417083740234e+01 1.208406543731689453e+01 -2.507891893386840820e+00
1.233556747436523438e+01 1.190386295318603516e+01 -2.683039665222167969e+00
1.236915302276611328e+01 1.171709728240966797e+01 -2.839961051940917969e+00
1.238613510131835938e+01 1.153690814971923828e+01 -2.975722789764404297e+00
1.238670825958251953e+01 1.136780166625976562e+01 -3.087770938873291016e+00
1.237072563171386719e+01 1.121469306945800781e+01 -3.174552202224731445e+00
1.234233283996582031e+01 1.108033275604248047e+01 -3.242151021957397461e+00
1.230395889282226562e+01 1.096430206298828125e+01 -3.293718576431274414e+00
1.225829505920410156e+01 1.086606597900390625e+01 -3.329329252243041992e+00
1.220073604583740234e+01 1.078185367584228516e+01 -3.348809480667114258e+00
1.213573360443115234e+01 1.070599269866943359e+01 -3.360645294189453125e+00
1.206018257141113281e+01 1.063859462738037109e+01 -3.361551046371459961e+00
1.197226810455322266e+01 1.057806491851806641e+01 -3.349660873413085938e+00
1.186787986755371094e+01 1.052444744110107422e+01 -3.322634696960449219e+00
1.174352264404296875e+01 1.047929000854492188e+01 -3.275464057922363281e+00
1.159779357910156250e+01 1.044528007507324219e+01 -3.201534032821655273e+00
1.142382431030273438e+01 1.042478275299072266e+01 -3.100837945938110352e+00
1.122519874572753906e+01 1.042861080169677734e+01 -2.962974786758422852e+00
1.099895381927490234e+01 1.046265316009521484e+01 -2.790335655212402344e+00
1.074541568756103516e+01 1.053327369689941406e+01 -2.589349031448364258e+00
1.047259712219238281e+01 1.064494323730468750e+01 -2.369822978973388672e+00
1.019142055511474609e+01 1.080863761901855469e+01 -2.153999567031860352e+00
9.912232398986816406e+00 1.103085136413574219e+01 -1.955318689346313477e+00
9.642477989196777344e+00 1.130058097839355469e+01 -1.799249529838562012e+00
9.407631874084472656e+00 1.158249092102050781e+01 -1.704086184501647949e+00
9.192461013793945312e+00 1.186430931091308594e+01 -1.658731937408447266e+00
9.009308815002441406e+00 1.210759449005126953e+01 -1.656872272491455078e+00
8.853246688842773438e+00 1.231219959259033203e+01 -1.683027863502502441e+00
8.716779708862304688e+00 1.247962665557861328e+01 -1.721791863441467285e+00
8.601373672485351562e+00 1.262010478973388672e+01 -1.773827910423278809e+00
8.508366584777832031e+00 1.273657798767089844e+01 -1.832223057746887207e+00
8.437675476074218750e+00 1.283165740966796875e+01 -1.896779417991638184e+00
8.390308380126953125e+00 1.291111278533935547e+01 -1.966395616531372070e+00
8.365728378295898438e+00 1.297851562500000000e+01 -2.038420915603637695e+00
8.364691734313964844e+00 1.303325176239013672e+01 -2.114192008972167969e+00
8.384232521057128906e+00 1.307893753051757812e+01 -2.194678783416748047e+00
8.422311782836914062e+00 1.311651134490966797e+01 -2.282142639160156250e+00
8.478407859802246094e+00 1.314720726013183594e+01 -2.380562067031860352e+00
8.550414085388183594e+00 1.317082881927490234e+01 -2.489803791046142578e+00
8.636417388916015625e+00 1.318612670898437500e+01 -2.612447261810302734e+00
8.735511779785156250e+00 1.319117641448974609e+01 -2.752552509307861328e+00
8.845354080200195312e+00 1.318616008758544922e+01 -2.914627313613891602e+00
8.972932815551757812e+00 1.316310977935791016e+01 -3.092037916183471680e+00
9.111563682556152344e+00 1.312047004699707031e+01 -3.278804063796997070e+00
9.264204025268554688e+00 1.305435562133789062e+01 -3.472284555435180664e+00
9.421649932861328125e+00 1.296157169342041016e+01 -3.661082267761230469e+00
9.576216697692871094e+00 1.284370803833007812e+01 -3.832159519195556641e+00
9.726690292358398438e+00 1.270823955535888672e+01 -3.979626893997192383e+00
9.865945816040039062e+00 1.255459117889404297e+01 -4.099148273468017578e+00
9.983921051025390625e+00 1.240110969543457031e+01 -4.190586566925048828e+00
1.008009815216064453e+01 1.224879169464111328e+01 -4.254854679107666016e+00
1.015423583984375000e+01 1.210427570343017578e+01 -4.294670104980468750e+00
1.020648765563964844e+01 1.197253036499023438e+01 -4.314621925354003906e+00
1.024039745330810547e+01 1.185312843322753906e+01 -4.317942142486572266e+00
1.025470542907714844e+01 1.175071239471435547e+01 -4.306196212768554688e+00
1.025493240356445312e+01 1.165766811370849609e+01 -4.281096458435058594e+00
1.024034881591796875e+01 1.157398796081542969e+01 -4.242059707641601562e+00
1.021066474914550781e+01 1.149621772766113281e+01 -4.186142444610595703e+00
1.016451072692871094e+01 1.142238330841064453e+01 -4.112845420837402344e+00
1.010232543945312500e+01 1.135222530364990234e+01 -4.020072460174560547e+00
1.001875400543212891e+01 1.128524398803710938e+01 -3.901352167129516602e+00
9.914203643798828125e+00 1.122354698181152344e+01 -3.754173755645751953e+00
9.788750648498535156e+00 1.116898918151855469e+01 -3.577869415283203125e+00
9.643876075744628906e+00 1.112765979766845703e+01 -3.373581886291503906e+00
9.475727081298828125e+00 1.110326957702636719e+01 -3.136647701263427734e+00
9.282796859741210938e+00 1.109776496887207031e+01 -2.869640827178955078e+00
9.063073158264160156e+00 1.112424278259277344e+01 -2.570344686508178711e+00
8.815052986145019531e+00 1.119857692718505859e+01 -2.217909097671508789e+00
8.530502319335937500e+00 1.134354782104492188e+01 -1.804490685462951660e+00
8.252863883972167969e+00 1.155780506134033203e+01 -1.461802721023559570e+00
7.984092235565185547e+00 1.179502105712890625e+01 -1.262725591659545898e+00
7.727383613586425781e+00 1.201429176330566406e+01 -1.169978380203247070e+00
7.476906776428222656e+00 1.221638870239257812e+01 -1.140743732452392578e+00
7.239783763885498047e+00 1.238961029052734375e+01 -1.160944104194641113e+00
7.022863864898681641e+00 1.253800487518310547e+01 -1.214578390121459961e+00
6.827415466308593750e+00 1.265719699859619141e+01 -1.284499168395996094e+00
6.659015655517578125e+00 1.275241756439208984e+01 -1.368526935577392578e+00
6.515817165374755859e+00 1.282894229888916016e+01 -1.460766911506652832e+00
6.401186466217041016e+00 1.288717937469482422e+01 -1.554325342178344727e+00
6.311639308929443359e+00 1.293257999420166016e+01 -1.652674436569213867e+00
6.245649814605712891e+00 1.296635055541992188e+01 -1.751402139663696289e+00
6.200514316558837891e+00 1.299364852905273438e+01 -1.856324911117553711e+00
6.173377037048339844e+00 1.301395893096923828e+01 -1.966976404190063477e+00
6.165680885314941406e+00 1.302867126464843750e+01 -2.083104372024536133e+00
6.180963039398193359e+00 1.303888702392578125e+01 -2.209458827972412109e+00
6.216417312622070312e+00 1.304304695129394531e+01 -2.345642089843750000e+00
6.268263339996337891e+00 1.303959751129150391e+01 -2.494879484176635742e+00
6.344273567199707031e+00 1.302880096435546875e+01 -2.662082433700561523e+00
6.439146041870117188e+00 1.300595378875732422e+01 -2.846799612045288086e+00
6.549421310424804688e+00 1.297100734710693359e+01 -3.046631574630737305e+00
6.678825378417968750e+00 1.292065429687500000e+01 -3.263991117477416992e+00
6.814643859863281250e+00 1.285369682312011719e+01 -3.493332386016845703e+00
6.956759452819824219e+00 1.277272796630859375e+01 -3.735308408737182617e+00
7.102752685546875000e+00 1.267439174652099609e+01 -3.988919019699096680e+00
7.245446681976318359e+00 1.256574535369873047e+01 -4.242797851562500000e+00
7.396915435791015625e+00 1.244031429290771484e+01 -4.507000446319580078e+00
7.556497573852539062e+00 1.230439853668212891e+01 -4.769822120666503906e+00
7.725572109222412109e+00 1.216091823577880859e+01 -5.022439002990722656e+00
7.901122093200683594e+00 1.201558208465576172e+01 -5.257234573364257812e+00
8.085851669311523438e+00 1.186987113952636719e+01 -5.471107482910156250e+00
8.275461196899414062e+00 1.172334575653076172e+01 -5.660642147064208984e+00
8.467185020446777344e+00 1.157935523986816406e+01 -5.825513839721679688e+00
8.654780387878417969e+00 1.144169044494628906e+01 -5.960494518280029297e+00
8.838708877563476562e+00 1.130679416656494141e+01 -6.074881076812744141e+00
9.016574859619140625e+00 1.117647933959960938e+01 -6.167042255401611328e+00
9.187075614929199219e+00 1.105111885070800781e+01 -6.240453720092773438e+00
9.342049598693847656e+00 1.093135070800781250e+01 -6.291409969329833984e+00
9.484119415283203125e+00 1.082282829284667969e+01 -6.330225944519042969e+00
9.615780830383300781e+00 1.071980762481689453e+01 -6.355170726776123047e+00
9.736592292785644531e+00 1.062027549743652344e+01 -6.368823051452636719e+00
9.845866203308105469e+00 1.053094673156738281e+01 -6.373348712921142578e+00
9.944543838500976562e+00 1.044547557830810547e+01 -6.370088100433349609e+00
1.003076171875000000e+01 1.036711406707763672e+01 -6.357131958007812500e+00
1.010797977447509766e+01 1.029405212402343750e+01 -6.337878704071044922e+00
1.017774772644042969e+01 1.022518062591552734e+01 -6.311496257781982422e+00
1.024052238464355469e+01 1.015916728973388672e+01 -6.278694152832031250e+00
1.029770088195800781e+01 1.009537792205810547e+01 -6.237708568572998047e+00
1.035186862945556641e+01 1.003221797943115234e+01 -6.188178062438964844e+00
1.039847564697265625e+01 9.971069335937500000e+00 -6.131673812866210938e+00
1.043986797332763672e+01 9.910382270812988281e+00 -6.064277648925781250e+00
1.047634696960449219e+01 9.849524497985839844e+00 -5.985846042633056641e+00
1.050883483886718750e+01 9.787204742431640625e+00 -5.892313003540039062e+00
1.053619289398193359e+01 9.721121788024902344e+00 -5.782555580139160156e+00
1.055636787414550781e+01 9.652166366577148438e+00 -5.654752254486083984e+00
1.056942081451416016e+01 9.583238601684570312e+00 -5.502117156982421875e+00
1.057213211059570312e+01 9.513953208923339844e+00 -5.324757099151611328e+00
1.056094074249267578e+01 9.447517395019531250e+00 -5.121780395507812500e+00
1.053191375732421875e+01 9.390076637268066406e+00 -4.888293266296386719e+00
1.048084545135498047e+01 9.347455024719238281e+00 -4.627877712249755859e+00
1.039748001098632812e+01 9.329298973083496094e+00 -4.334132671356201172e+00
1.027408885955810547e+01 9.337855339050292969e+00 -4.012769222259521484e+00
1.009922790527343750e+01 9.372512817382812500e+00 -3.652670621871948242e+00
9.867609024047851562e+00 9.432728767395019531e+00 -3.260300636291503906e+00
9.595087051391601562e+00 9.515840530395507812e+00 -2.876198053359985352e+00
9.304640769958496094e+00 9.617661476135253906e+00 -2.533179998397827148e+00
9.002985000610351562e+00 9.738898277282714844e+00 -2.248636007308959961e+00
8.694820404052734375e+00 9.877281188964843750e+00 -2.015994548797607422e+00
8.372961044311523438e+00 1.003349781036376953e+01 -1.837244629859924316e+00
8.049077033996582031e+00 1.019940471649169922e+01 -1.708734035491943359e+00
7.726954460144042969e+00 1.036849308013916016e+01 -1.627959966659545898e+00
7.405319213867187500e+00 1.054375267028808594e+01 -1.588338494300842285e+00
7.091738700866699219e+00 1.071758460998535156e+01 -1.586380362510681152e+00
6.784530162811279297e+00 1.088840484619140625e+01 -1.617260813713073730e+00
6.485193252563476562e+00 1.105114841461181641e+01 -1.673687815666198730e+00
6.206481933593750000e+00 1.120589256286621094e+01 -1.747959256172180176e+00
5.956666946411132812e+00 1.134838294982910156e+01 -1.837437152862548828e+00
5.742497920989990234e+00 1.146736431121826172e+01 -1.927786111831665039e+00
5.564356803894042969e+00 1.157111072540283203e+01 -2.016968250274658203e+00
5.414875030517578125e+00 1.165719985961914062e+01 -2.108042001724243164e+00
5.292015552520751953e+00 1.172816181182861328e+01 -2.195452928543090820e+00
5.197120189666748047e+00 1.178203868865966797e+01 -2.284620046615600586e+00
5.121556758880615234e+00 1.182241058349609375e+01 -2.369833946228027344e+00
5.069018363952636719e+00 1.184840583801269531e+01 -2.455157756805419922e+00
5.033079624176025391e+00 1.186355781555175781e+01 -2.540735483169555664e+00
5.015995502471923828e+00 1.187017250061035156e+01 -2.628797054290771484e+00
5.015872478485107422e+00 1.186451244354248047e+01 -2.720742702484130859e+00
5.031500339508056641e+00 1.185399150848388672e+01 -2.823399543762207031e+00
5.063864707946777344e+00 1.183274078369140625e+01 -2.930263519287109375e+00
5.112735271453857422e+00 1.180256366729736328e+01 -3.042970657348632812e+00
5.178373336791992188e+00 1.176049137115478516e+01 -3.172069549560546875e+00
5.261920928955078125e+00 1.170611000061035156e+01 -3.310984849929809570e+00
5.363150119781494141e+00 1.163741302490234375e+01 -3.463016748428344727e+00
5.486740589141845703e+00 1.154806423187255859e+01 -3.625863075256347656e+00
5.629512310028076172e+00 1.144047927856445312e+01 -3.789618730545043945e+00
5.788633823394775391e+00 1.130924701690673828e+01 -3.954437255859375000e+00
5.959247112274169922e+00 1.115345478057861328e+01 -4.111187934875488281e+00
6.136013507843017578e+00 1.097817993164062500e+01 -4.256624221801757812e+00
6.320819854736328125e+00 1.078242015838623047e+01 -4.383654117584228516e+00
6.507592201232910156e+00 1.057022190093994141e+01 -4.489947795867919922e+00
6.697832584381103516e+00 1.034388923645019531e+01 -4.577850818634033203e+00
6.889121055603027344e+00 1.011249065399169922e+01 -4.640968322753906250e+00
7.082974433898925781e+00 9.874279022216796875e+00 -4.683289051055908203e+00
7.277031421661376953e+00 9.637598037719726562e+00 -4.707009315490722656e+00
7.472206592559814453e+00 9.406582832336425781e+00 -4.715672492980957031e+00
7.665904998779296875e+00 9.183184623718261719e+00 -4.711125373840332031e+00
7.855319023132324219e+00 8.970965385437011719e+00 -4.696384906768798828e+00
8.040820121765136719e+00 8.773804664611816406e+00 -4.676207542419433594e+00
8.217539787292480469e+00 8.587673187255859375e+00 -4.652206420898437500e+00
8.386412620544433594e+00 8.418369293212890625e+00 -4.625882148742675781e+00
8.545562744140625000e+00 8.261254310607910156e+00 -4.599149227142333984e+00
8.692554473876953125e+00 8.122138977050781250e+00 -4.573400020599365234e+00
8.830934524536132812e+00 7.993848800659179688e+00 -4.548001766204833984e+00
8.956995964050292969e+00 7.878882408142089844e+00 -4.523317337036132812e+00
9.064754486083984375e+00 7.784119129180908203e+00 -4.504380702972412109e+00
9.171419143676757812e+00 7.691228866577148438e+00 -4.481644153594970703e+00
9.268891334533691406e+00 7.606776237487792969e+00 -4.460265636444091797e+00
9.357275962829589844e+00 7.528114318847656250e+00 -4.440218448638916016e+00
9.440331459045410156e+00 7.456041812896728516e+00 -4.419385910034179688e+00
9.518762588500976562e+00 7.386013507843017578e+00 -4.397879600524902344e+00
9.593360900878906250e+00 7.318203926086425781e+00 -4.376415252685546875e+00
9.665233612060546875e+00 7.252697944641113281e+00 -4.356086730957031250e+00
9.735022544860839844e+00 7.188598632812500000e+00 -4.332479953765869141e+00
9.798831939697265625e+00 7.124837398529052734e+00 -4.307014465332031250e+00
9.859893798828125000e+00 7.064646720886230469e+00 -4.276357650756835938e+00
9.923310279846191406e+00 6.997083663940429688e+00 -4.249849796295166016e+00
9.985054016113281250e+00 6.931898593902587891e+00 -4.220246791839599609e+00
1.004323673248291016e+01 6.864519119262695312e+00 -4.187791824340820312e+00
1.010596179962158203e+01 6.795883655548095703e+00 -4.158630371093750000e+00
1.016634368896484375e+01 6.729081153869628906e+00 -4.126031398773193359e+00
1.022443294525146484e+01 6.659749984741210938e+00 -4.093026638031005859e+00
1.028762245178222656e+01 6.592879772186279297e+00 -4.063245773315429688e+00
1.033983993530273438e+01 6.525238037109375000e+00 -4.028661251068115234e+00
1.039749813079833984e+01 6.455002784729003906e+00 -3.999362707138061523e+00
1.045656108856201172e+01 6.383708477020263672e+00 -3.972704887390136719e+00
1.050757408142089844e+01 6.313882350921630859e+00 -3.945014953613281250e+00
1.057685852050781250e+01 6.251255512237548828e+00 -3.929085254669189453e+00
1.063336753845214844e+01 6.185318946838378906e+00 -3.903409242630004883e+00
1.069008255004882812e+01 6.127933502197265625e+00 -3.870181560516357422e+00
1.076044940948486328e+01 6.093533039093017578e+00 -3.837833881378173828e+00
1.080788898468017578e+01 6.046878814697265625e+00 -3.797683477401733398e+00
1.084197425842285156e+01 5.988923549652099609e+00 -3.754670619964599609e+00
1.091567897796630859e+01 5.965376853942871094e+00 -3.712658882141113281e+00
1.096511459350585938e+01 5.936438560485839844e+00 -3.655982017517089844e+00
1.099943542480468750e+01 5.898805618286132812e+00 -3.596790790557861328e+00
1.103283405303955078e+01 5.870270252227783203e+00 -3.530567884445190430e+00
1.105086326599121094e+01 5.823150157928466797e+00 -3.457938432693481445e+00
1.106334114074707031e+01 5.775966644287109375e+00 -3.385487318038940430e+00
1.109209442138671875e+01 5.774322986602783203e+00 -3.295538902282714844e+00
1.110491657257080078e+01 5.758386135101318359e+00 -3.200143337249755859e+00
1.111481666564941406e+01 5.747375965118408203e+00 -3.100346565246582031e+00
1.112554168701171875e+01 5.740372180938720703e+00 -2.995800256729125977e+00
1.112501621246337891e+01 5.727290630340576172e+00 -2.886821508407592773e+00
1.112767887115478516e+01 5.716615200042724609e+00 -2.773905992507934570e+00
1.111896324157714844e+01 5.705272197723388672e+00 -2.656912565231323242e+00
1.112470436096191406e+01 5.702487468719482422e+00 -2.538687944412231445e+00
1.111180114746093750e+01 5.693795680999755859e+00 -2.430781602859497070e+00
1.109996032714843750e+01 5.693922042846679688e+00 -2.316468715667724609e+00
1.107955741882324219e+01 5.696102619171142578e+00 -2.208072900772094727e+00
1.105930137634277344e+01 5.706922054290771484e+00 -2.109166145324707031e+00
1.103627777099609375e+01 5.729822635650634766e+00 -2.024702310562133789e+00
1.100351047515869141e+01 5.751705169677734375e+00 -1.948489069938659668e+00
1.096754074096679688e+01 5.780919075012207031e+00 -1.886465072631835938e+00
1.092632770538330078e+01 5.816148281097412109e+00 -1.836186528205871582e+00
1.088287162780761719e+01 5.861121654510498047e+00 -1.795948982238769531e+00
1.083409881591796875e+01 5.915578842163085938e+00 -1.768667817115783691e+00
1.077859115600585938e+01 5.982402801513671875e+00 -1.751433491706848145e+00
1.071712112426757812e+01 6.062429904937744141e+00 -1.745283603668212891e+00
1.064529991149902344e+01 6.157561779022216797e+00 -1.747652888298034668e+00
1.056814002990722656e+01 6.269918918609619141e+00 -1.753672838211059570e+00
1.048099517822265625e+01 6.403620719909667969e+00 -1.760618686676025391e+00
1.038074493408203125e+01 6.560781955718994141e+00 -1.756964087486267090e+00
1.026348876953125000e+01 6.744439125061035156e+00 -1.733312368392944336e+00
1.012656974792480469e+01 6.962171554565429688e+00 -1.684582710266113281e+00
9.970015525817871094e+00 7.211216926574707031e+00 -1.606473207473754883e+00
9.795151710510253906e+00 7.491169929504394531e+00 -1.504412293434143066e+00
9.597310066223144531e+00 7.808915138244628906e+00 -1.383360385894775391e+00
9.374316215515136719e+00 8.156903266906738281e+00 -1.251353383064270020e+00
9.124858856201171875e+00 8.542991638183593750e+00 -1.110818982124328613e+00
8.831260681152343750e+00 8.953491210937500000e+00 -9.526471495628356934e-01
8.486886978149414062e+00 9.379441261291503906e+00 -7.872864603996276855e-01
8.099897384643554688e+00 9.795760154724121094e+00 -6.323209404945373535e-01
7.685307025909423828e+00 1.017776679992675781e+01 -5.120753049850463867e-01
7.244112014770507812e+00 1.051838970184326172e+01 -4.220413863658905029e-01
6.765069961547851562e+00 1.083058547973632812e+01 -3.776789009571075439e-01
6.237117767333984375e+00 1.111808395385742188e+01 -3.867762386798858643e-01
5.714326381683349609e+00 1.135960102081298828e+01 -4.481592178344726562e-01
5.218214511871337891e+00 1.155022811889648438e+01 -5.489760041236877441e-01
4.791779994964599609e+00 1.167307949066162109e+01 -6.699625849723815918e-01
4.411882400512695312e+00 1.174874687194824219e+01 -7.898185253143310547e-01
4.090630054473876953e+00 1.178724479675292969e+01 -9.076769948005676270e-01
3.805843830108642578e+00 1.180050849914550781e+01 -1.017148494720458984e+00
3.569839239120483398e+00 1.179747581481933594e+01 -1.115709185600280762e+00
3.370234966278076172e+00 1.178378486633300781e+01 -1.207111358642578125e+00
3.203028202056884766e+00 1.176231002807617188e+01 -1.291622877120971680e+00
3.061551332473754883e+00 1.173633956909179688e+01 -1.370439648628234863e+00
2.942794799804687500e+00 1.170410251617431641e+01 -1.445311546325683594e+00
2.840235710144042969e+00 1.167012500762939453e+01 -1.519894719123840332e+00
2.752121448516845703e+00 1.163402080535888672e+01 -1.595738530158996582e+00
2.676610469818115234e+00 1.159291172027587891e+01 -1.671460270881652832e+00
2.612313270568847656e+00 1.154419231414794922e+01 -1.757909178733825684e+00
2.554717063903808594e+00 1.149195575714111328e+01 -1.851765513420104980e+00
2.500415325164794922e+00 1.143203258514404297e+01 -1.957734942436218262e+00
2.455886125564575195e+00 1.136357593536376953e+01 -2.079975843429565430e+00
2.422080278396606445e+00 1.128380489349365234e+01 -2.220790624618530273e+00
2.401646852493286133e+00 1.118835830688476562e+01 -2.386530876159667969e+00
2.395659208297729492e+00 1.107391929626464844e+01 -2.578048944473266602e+00
2.408137798309326172e+00 1.093812942504882812e+01 -2.789106130599975586e+00
2.451585292816162109e+00 1.077782058715820312e+01 -3.023723840713500977e+00
2.524623632431030273e+00 1.059357166290283203e+01 -3.276078939437866211e+00
2.636338472366333008e+00 1.040953254699707031e+01 -3.524698495864868164e+00
2.764922857284545898e+00 1.021993160247802734e+01 -3.783076763153076172e+00
2.918672561645507812e+00 1.002910423278808594e+01 -4.046725273132324219e+00
3.105141639709472656e+00 9.839672088623046875e+00 -4.322839736938476562e+00
3.312491416931152344e+00 9.651781082153320312e+00 -4.600750446319580078e+00
3.541747331619262695e+00 9.472697257995605469e+00 -4.872662544250488281e+00
3.796405553817749023e+00 9.285752296447753906e+00 -5.146193504333496094e+00
4.057297229766845703e+00 9.098156929016113281e+00 -5.404916763305664062e+00
4.338658809661865234e+00 8.909392356872558594e+00 -5.647319793701171875e+00
4.636137485504150391e+00 8.714739799499511719e+00 -5.872564792633056641e+00
4.919982433319091797e+00 8.520299911499023438e+00 -6.066553592681884766e+00
5.211547851562500000e+00 8.333543777465820312e+00 -6.248161315917968750e+00
5.493360996246337891e+00 8.154254913330078125e+00 -6.417428970336914062e+00
5.760717868804931641e+00 7.988260746002197266e+00 -6.575599670410156250e+00
6.006333827972412109e+00 7.839604377746582031e+00 -6.722908973693847656e+00
6.248899459838867188e+00 7.703514099121093750e+00 -6.864038944244384766e+00
6.476966381072998047e+00 7.572676658630371094e+00 -6.996295928955078125e+00
6.680119991302490234e+00 7.454356670379638672e+00 -7.115180492401123047e+00
6.867581367492675781e+00 7.343714714050292969e+00 -7.219163894653320312e+00
7.046583175659179688e+00 7.232376098632812500e+00 -7.313554286956787109e+00
7.210799694061279297e+00 7.123574733734130859e+00 -7.395637035369873047e+00
7.360882759094238281e+00 7.017922878265380859e+00 -7.465945243835449219e+00
7.502046108245849609e+00 6.913445472717285156e+00 -7.524607658386230469e+00
7.632965087890625000e+00 6.811373710632324219e+00 -7.573741436004638672e+00
7.757553577423095703e+00 6.709224224090576172e+00 -7.614536285400390625e+00
7.877832412719726562e+00 6.606413364410400391e+00 -7.646259784698486328e+00
7.990929126739501953e+00 6.504504680633544922e+00 -7.670139789581298828e+00
8.097597122192382812e+00 6.405320167541503906e+00 -7.682180404663085938e+00
8.198969841003417969e+00 6.309226989746093750e+00 -7.694361686706542969e+00
8.302198410034179688e+00 6.207502841949462891e+00 -7.696785449981689453e+00
8.403621673583984375e+00 6.106228351593017578e+00 -7.695537567138671875e+00
8.500035285949707031e+00 6.006058692932128906e+00 -7.686170101165771484e+00
8.592559814453125000e+00 5.909005165100097656e+00 -7.671820163726806641e+00
8.682260513305664062e+00 5.812578201293945312e+00 -7.652828693389892578e+00
8.769551277160644531e+00 5.718978404998779297e+00 -7.628382205963134766e+00
8.850651741027832031e+00 5.630495071411132812e+00 -7.600113868713378906e+00
8.929599761962890625e+00 5.544946193695068359e+00 -7.569371223449707031e+00
9.004911422729492188e+00 5.462115287780761719e+00 -7.536361217498779297e+00
9.075897216796875000e+00 5.387109279632568359e+00 -7.496724128723144531e+00
9.142996788024902344e+00 5.313335418701171875e+00 -7.458946704864501953e+00
9.205824851989746094e+00 5.244543075561523438e+00 -7.421397209167480469e+00
9.262773513793945312e+00 5.182339191436767578e+00 -7.380323886871337891e+00
9.318131446838378906e+00 5.126914501190185547e+00 -7.332237720489501953e+00
9.366240501403808594e+00 5.075047492980957031e+00 -7.284691333770751953e+00
9.411328315734863281e+00 5.029127120971679688e+00 -7.236677646636962891e+00
9.459564208984375000e+00 4.983337402343750000e+00 -7.181436538696289062e+00
9.501654624938964844e+00 4.942959308624267578e+00 -7.123603820800781250e+00
9.543213844299316406e+00 4.908971786499023438e+00 -7.056504249572753906e+00
9.584821701049804688e+00 4.879227638244628906e+00 -6.981559753417968750e+00
9.629203796386718750e+00 4.850876331329345703e+00 -6.899677753448486328e+00
9.677638053894042969e+00 4.824707984924316406e+00 -6.808408260345458984e+00
9.730357170104980469e+00 4.800280570983886719e+00 -6.706637859344482422e+00
9.790592193603515625e+00 4.775740623474121094e+00 -6.592263221740722656e+00
9.856935501098632812e+00 4.751794815063476562e+00 -6.469397068023681641e+00
9.926769256591796875e+00 4.729972362518310547e+00 -6.337217807769775391e+00
9.998446464538574219e+00 4.710417270660400391e+00 -6.197710514068603516e+00
1.006683063507080078e+01 4.691540718078613281e+00 -6.051121234893798828e+00
1.013154792785644531e+01 4.675092697143554688e+00 -5.893613815307617188e+00
7.770074367523193359e+00 7.680140018463134766e+00 -8.709694147109985352e-01
7.648469924926757812e+00 7.838530063629150391e+00 -8.126201629638671875e-01
7.526094436645507812e+00 7.982135295867919922e+00 -7.717060446739196777e-01
7.387078285217285156e+00 8.133439064025878906e+00 -7.353697419166564941e-01
7.222031593322753906e+00 8.301370620727539062e+00 -7.011309266090393066e-01
7.025794982910156250e+00 8.488040924072265625e+00 -6.697036027908325195e-01
6.811656951904296875e+00 8.678232192993164062e+00 -6.505452990531921387e-01
6.571954250335693359e+00 8.873860359191894531e+00 -6.506888866424560547e-01
6.320880889892578125e+00 9.065592765808105469e+00 -6.789739727973937988e-01
6.060529708862304688e+00 9.244521141052246094e+00 -7.400621771812438965e-01
5.805983066558837891e+00 9.400758743286132812e+00 -8.328093886375427246e-01
5.557371616363525391e+00 9.538422584533691406e+00 -9.611544013023376465e-01
5.331503391265869141e+00 9.648908615112304688e+00 -1.112522363662719727e+00
5.131624698638916016e+00 9.733317375183105469e+00 -1.273324608802795410e+00
4.956757068634033203e+00 9.791521072387695312e+00 -1.436777472496032715e+00
4.814998626708984375e+00 9.833815574645996094e+00 -1.589804053306579590e+00
4.698474884033203125e+00 9.859833717346191406e+00 -1.729530692100524902e+00
4.603656768798828125e+00 9.874124526977539062e+00 -1.856234312057495117e+00
4.526434421539306641e+00 9.878932952880859375e+00 -1.973807334899902344e+00
4.463580131530761719e+00 9.876661300659179688e+00 -2.076876640319824219e+00
4.413072109222412109e+00 9.869168281555175781e+00 -2.177360057830810547e+00
4.372745990753173828e+00 9.856796264648437500e+00 -2.279195070266723633e+00
4.342869758605957031e+00 9.838862419128417969e+00 -2.382726907730102539e+00
4.320280551910400391e+00 9.817179679870605469e+00 -2.493221998214721680e+00
4.304672241210937500e+00 9.791883468627929688e+00 -2.617431879043579102e+00
4.298896789550781250e+00 9.763804435729980469e+00 -2.751072406768798828e+00
4.298808574676513672e+00 9.727512359619140625e+00 -2.912404775619506836e+00
4.310453891754150391e+00 9.687020301818847656e+00 -3.099317789077758789e+00
4.336992263793945312e+00 9.636335372924804688e+00 -3.311865329742431641e+00
4.381727218627929688e+00 9.573748588562011719e+00 -3.542236328125000000e+00
4.447995662689208984e+00 9.492313385009765625e+00 -3.785909175872802734e+00
4.539123058319091797e+00 9.388450622558593750e+00 -4.024869918823242188e+00
4.655592918395996094e+00 9.262364387512207031e+00 -4.250308036804199219e+00
4.787418842315673828e+00 9.097028732299804688e+00 -4.452755451202392578e+00
4.933913707733154297e+00 8.896611213684082031e+00 -4.621511936187744141e+00
5.094658851623535156e+00 8.671960830688476562e+00 -4.750613212585449219e+00
5.261606216430664062e+00 8.425670623779296875e+00 -4.841950893402099609e+00
5.437104225158691406e+00 8.170450210571289062e+00 -4.884981155395507812e+00
5.613348484039306641e+00 7.912374973297119141e+00 -4.887632846832275391e+00
5.789704322814941406e+00 7.663332939147949219e+00 -4.852959632873535156e+00
5.961669921875000000e+00 7.431650638580322266e+00 -4.780989646911621094e+00
6.131984710693359375e+00 7.219653606414794922e+00 -4.676862239837646484e+00
6.291954040527343750e+00 7.039836406707763672e+00 -4.557146072387695312e+00
6.436441421508789062e+00 6.892369270324707031e+00 -4.428245544433593750e+00
6.561227798461914062e+00 6.776356697082519531e+00 -4.300219058990478516e+00
6.664962768554687500e+00 6.690744400024414062e+00 -4.178740978240966797e+00
6.751056671142578125e+00 6.628623008728027344e+00 -4.058252334594726562e+00
6.820405006408691406e+00 6.583670616149902344e+00 -3.938193321228027344e+00
6.876596450805664062e+00 6.559437274932861328e+00 -3.814326047897338867e+00
6.920201778411865234e+00 6.548870086669921875e+00 -3.677691221237182617e+00
6.949320316314697266e+00 6.557677745819091797e+00 -3.521157979965209961e+00
6.966353893280029297e+00 6.586314201354980469e+00 -3.337903499603271484e+00
6.964706420898437500e+00 6.644989013671875000e+00 -3.122453212738037109e+00
6.942889213562011719e+00 6.736392021179199219e+00 -2.870890617370605469e+00
6.899290084838867188e+00 6.862972736358642578e+00 -2.586621284484863281e+00
6.829680442810058594e+00 7.022924900054931641e+00 -2.277837276458740234e+00
6.723989486694335938e+00 7.209506511688232422e+00 -1.961359262466430664e+00
6.577113151550292969e+00 7.410744667053222656e+00 -1.653909206390380859e+00
6.377461433410644531e+00 7.625401496887207031e+00 -1.359833598136901855e+00
6.138296127319335938e+00 7.851491451263427734e+00 -1.084403634071350098e+00
5.867845535278320312e+00 8.077258110046386719e+00 -8.463362455368041992e-01
5.560540199279785156e+00 8.313497543334960938e+00 -6.502307653427124023e-01
5.217147350311279297e+00 8.552994728088378906e+00 -5.160438418388366699e-01
4.846161365509033203e+00 8.790413856506347656e+00 -4.477932751178741455e-01
4.464071273803710938e+00 9.014693260192871094e+00 -4.466899335384368896e-01
4.092562675476074219e+00 9.209809303283691406e+00 -4.985694885253906250e-01
3.746091365814208984e+00 9.375303268432617188e+00 -5.879984498023986816e-01
3.435995578765869141e+00 9.511272430419921875e+00 -7.022628188133239746e-01
3.157732963562011719e+00 9.621873855590820312e+00 -8.243150115013122559e-01
2.927074432373046875e+00 9.712709426879882812e+00 -9.446541070938110352e-01
2.734558105468750000e+00 9.788252830505371094e+00 -1.063199758529663086e+00
2.576472997665405273e+00 9.851624488830566406e+00 -1.177153825759887695e+00
2.442526817321777344e+00 9.904533386230468750e+00 -1.286576390266418457e+00
2.338011741638183594e+00 9.945443153381347656e+00 -1.386741399765014648e+00
2.251929283142089844e+00 9.975327491760253906e+00 -1.485167384147644043e+00
2.183079242706298828e+00 9.994917869567871094e+00 -1.583821892738342285e+00
2.126942873001098633e+00 1.000514507293701172e+01 -1.688193321228027344e+00
2.079430341720581055e+00 1.000831508636474609e+01 -1.794569611549377441e+00
2.046545982360839844e+00 1.000260734558105469e+01 -1.912281990051269531e+00
2.024751663208007812e+00 9.988656044006347656e+00 -2.042143583297729492e+00
2.017004013061523438e+00 9.967356681823730469e+00 -2.186914920806884766e+00
2.022647380828857422e+00 9.938113212585449219e+00 -2.355926752090454102e+00
2.043830633163452148e+00 9.901453018188476562e+00 -2.545665740966796875e+00
2.083666086196899414e+00 9.855398178100585938e+00 -2.765908241271972656e+00
2.151523828506469727e+00 9.800227165222167969e+00 -3.012581586837768555e+00
2.248749732971191406e+00 9.730207443237304688e+00 -3.285114765167236328e+00
2.379465818405151367e+00 9.648061752319335938e+00 -3.574367284774780273e+00
2.542943716049194336e+00 9.550342559814453125e+00 -3.880816936492919922e+00
2.742325544357299805e+00 9.427576065063476562e+00 -4.198311805725097656e+00
2.968406438827514648e+00 9.286835670471191406e+00 -4.507338523864746094e+00
3.213476657867431641e+00 9.123462677001953125e+00 -4.800195217132568359e+00
3.477075815200805664e+00 8.933732986450195312e+00 -5.073748111724853516e+00
3.748548269271850586e+00 8.716666221618652344e+00 -5.322206497192382812e+00
4.008362770080566406e+00 8.477210044860839844e+00 -5.518304347991943359e+00
4.274269104003906250e+00 8.213115692138671875e+00 -5.683481693267822266e+00
4.526525974273681641e+00 7.946957588195800781e+00 -5.807214736938476562e+00
4.764235973358154297e+00 7.671965599060058594e+00 -5.898848533630371094e+00
4.985114097595214844e+00 7.386095046997070312e+00 -5.959911823272705078e+00
5.190140247344970703e+00 7.109991550445556641e+00 -6.002721786499023438e+00
5.375082969665527344e+00 6.835233688354492188e+00 -6.027585029602050781e+00
5.542396068572998047e+00 6.572139739990234375e+00 -6.043277740478515625e+00
5.699570178985595703e+00 6.317140102386474609e+00 -6.058733940124511719e+00
5.842538833618164062e+00 6.078929901123046875e+00 -6.073851108551025391e+00
5.978878021240234375e+00 5.856593132019042969e+00 -6.090501785278320312e+00
6.102891445159912109e+00 5.663683891296386719e+00 -6.106671810150146484e+00
6.223811149597167969e+00 5.483211517333984375e+00 -6.124752521514892578e+00
6.336719036102294922e+00 5.323153972625732422e+00 -6.142508983612060547e+00
6.443758010864257812e+00 5.181502342224121094e+00 -6.159430503845214844e+00
6.545322895050048828e+00 5.058457374572753906e+00 -6.175565719604492188e+00
6.639563083648681641e+00 4.949957370758056641e+00 -6.190915584564208984e+00
6.729448318481445312e+00 4.855663299560546875e+00 -6.205008983612060547e+00
6.816727638244628906e+00 4.772138118743896484e+00 -6.217681884765625000e+00
6.897791862487792969e+00 4.693616867065429688e+00 -6.227024078369140625e+00
6.978396892547607422e+00 4.625845432281494141e+00 -6.236574649810791016e+00
7.056830883026123047e+00 4.562365531921386719e+00 -6.244630813598632812e+00
7.130231380462646484e+00 4.504227161407470703e+00 -6.251350402832031250e+00
7.203256607055664062e+00 4.445873260498046875e+00 -6.253940105438232422e+00
7.278704166412353516e+00 4.385613918304443359e+00 -6.253395080566406250e+00
7.345605373382568359e+00 4.327994823455810547e+00 -6.247800827026367188e+00
7.411898136138916016e+00 4.263326168060302734e+00 -6.238029956817626953e+00
7.473626613616943359e+00 4.194605827331542969e+00 -6.224439144134521484e+00
7.531639099121093750e+00 4.116771697998046875e+00 -6.204560756683349609e+00
7.580083370208740234e+00 4.035491466522216797e+00 -6.179829597473144531e+00
7.620431423187255859e+00 3.947562694549560547e+00 -6.150465965270996094e+00
7.651750564575195312e+00 3.852019786834716797e+00 -6.115258693695068359e+00
7.668058395385742188e+00 3.748414516448974609e+00 -6.074542522430419922e+00
7.675018787384033203e+00 3.640272617340087891e+00 -6.030011653900146484e+00
7.670664787292480469e+00 3.529105186462402344e+00 -5.982415676116943359e+00
7.653309822082519531e+00 3.412496805191040039e+00 -5.932126045227050781e+00
7.626711368560791016e+00 3.291999816894531250e+00 -5.879106521606445312e+00
7.592122554779052734e+00 3.168695688247680664e+00 -5.824367046356201172e+00
7.552149772644042969e+00 3.041760683059692383e+00 -5.770363330841064453e+00
7.498127460479736328e+00 2.911020755767822266e+00 -5.715229511260986328e+00
7.438130855560302734e+00 2.778632640838623047e+00 -5.661368370056152344e+00
7.371698856353759766e+00 2.642883062362670898e+00 -5.606760501861572266e+00
7.298399925231933594e+00 2.502303123474121094e+00 -5.554470062255859375e+00
7.221466541290283203e+00 2.355241060256958008e+00 -5.503858566284179688e+00
7.130855083465576172e+00 2.201136827468872070e+00 -5.450871467590332031e+00
7.030078887939453125e+00 2.035624980926513672e+00 -5.398297309875488281e+00
6.925219535827636719e+00 1.868851423263549805e+00 -5.351715087890625000e+00
6.814851760864257812e+00 1.694967865943908691e+00 -5.308850765228271484e+00
6.699153423309326172e+00 1.512642860412597656e+00 -5.270498752593994141e+00
6.579881191253662109e+00 1.323348999023437500e+00 -5.238288402557373047e+00
6.460880279541015625e+00 1.135176897048950195e+00 -5.215944290161132812e+00
6.343891143798828125e+00 9.452910423278808594e-01 -5.204175949096679688e+00
6.225417613983154297e+00 7.463043928146362305e-01 -5.202067375183105469e+00
6.110742092132568359e+00 5.449526309967041016e-01 -5.210699081420898438e+00
5.999899387359619141e+00 3.395711183547973633e-01 -5.229636192321777344e+00
5.896969795227050781e+00 1.347042024135589600e-01 -5.258243083953857422e+00
5.799796104431152344e+00 -7.456356287002563477e-02 -5.295917510986328125e+00
5.710907936096191406e+00 -2.837750613689422607e-01 -5.340637207031250000e+00
5.630984306335449219e+00 -4.924674332141876221e-01 -5.391105175018310547e+00
5.559985160827636719e+00 -6.955008506774902344e-01 -5.445516586303710938e+00
5.497419357299804688e+00 -8.952684998512268066e-01 -5.503111362457275391e+00
5.441122055053710938e+00 -1.095119237899780273e+00 -5.564786911010742188e+00
5.392597198486328125e+00 -1.280029535293579102e+00 -5.625582218170166016e+00
5.348189353942871094e+00 -1.462051033973693848e+00 -5.688604354858398438e+00
5.307427406311035156e+00 -1.634594678878784180e+00 -5.752194881439208984e+00
5.268963813781738281e+00 -1.799105644226074219e+00 -5.815510272979736328e+00
5.243037700653076172e+00 -1.964452266693115234e+00 -5.876884937286376953e+00
5.212951660156250000e+00 -2.113932609558105469e+00 -5.939402103424072266e+00
5.185003757476806641e+00 -2.255218505859375000e+00 -6.001124858856201172e+00
5.158904552459716797e+00 -2.391343116760253906e+00 -6.062705039978027344e+00
5.133263587951660156e+00 -2.520584583282470703e+00 -6.122892379760742188e+00
5.107743263244628906e+00 -2.644606828689575195e+00 -6.179667949676513672e+00
5.082241535186767578e+00 -2.762856960296630859e+00 -6.236679077148437500e+00
5.067699909210205078e+00 -2.870558977127075195e+00 -6.292545795440673828e+00
5.044500350952148438e+00 -2.974540710449218750e+00 -6.341111660003662109e+00
5.024722576141357422e+00 -3.071665763854980469e+00 -6.394333839416503906e+00
5.015443801879882812e+00 -3.161971569061279297e+00 -6.451067447662353516e+00
5.001370906829833984e+00 -3.252714633941650391e+00 -6.504820823669433594e+00
4.966000556945800781e+00 -3.354490995407104492e+00 -6.523921966552734375e+00
4.918945789337158203e+00 -3.469372272491455078e+00 -6.495170116424560547e+00
4.950425624847412109e+00 -3.532630681991577148e+00 -6.595149993896484375e+00
4.998686313629150391e+00 -3.593191146850585938e+00 -6.681212902069091797e+00
4.986200809478759766e+00 -3.683322429656982422e+00 -6.665042877197265625e+00
4.998279094696044922e+00 -3.767901420593261719e+00 -6.668412685394287109e+00
5.141471862792968750e+00 -3.773086547851562500e+00 -6.790348529815673828e+00
5.215494155883789062e+00 -3.815332174301147461e+00 -6.801561355590820312e+00
5.147092819213867188e+00 -3.936378240585327148e+00 -6.688821315765380859e+00
5.105570316314697266e+00 -4.019721031188964844e+00 -6.528740882873535156e+00
5.164545536041259766e+00 -4.051493644714355469e+00 -6.512757778167724609e+00
5.297109603881835938e+00 -4.046132087707519531e+00 -6.586038112640380859e+00
5.361921310424804688e+00 -4.059869766235351562e+00 -6.539729595184326172e+00
5.413051128387451172e+00 -4.066017627716064453e+00 -6.474688053131103516e+00
5.506536006927490234e+00 -4.039161682128906250e+00 -6.450774192810058594e+00
5.568099498748779297e+00 -4.017398834228515625e+00 -6.376795291900634766e+00
5.640429973602294922e+00 -3.979194402694702148e+00 -6.309535026550292969e+00
5.712348937988281250e+00 -3.935600519180297852e+00 -6.231091976165771484e+00
5.788163661956787109e+00 -3.878046274185180664e+00 -6.154367923736572266e+00
5.872665882110595703e+00 -3.821032524108886719e+00 -6.068560123443603516e+00
5.956197738647460938e+00 -3.755301952362060547e+00 -5.974023818969726562e+00
6.044129371643066406e+00 -3.683497428894042969e+00 -5.867577552795410156e+00
6.144586086273193359e+00 -3.609389781951904297e+00 -5.750951290130615234e+00
6.256322383880615234e+00 -3.533268690109252930e+00 -5.622205257415771484e+00
6.378756523132324219e+00 -3.455507278442382812e+00 -5.478934764862060547e+00
6.511917114257812500e+00 -3.378771781921386719e+00 -5.322704315185546875e+00
6.657184600830078125e+00 -3.316095113754272461e+00 -5.160709857940673828e+00
6.806525707244873047e+00 -3.242182254791259766e+00 -4.978549003601074219e+00
6.965358257293701172e+00 -3.174767732620239258e+00 -4.785469055175781250e+00
7.131508827209472656e+00 -3.114649534225463867e+00 -4.582981586456298828e+00
7.301811695098876953e+00 -3.061364650726318359e+00 -4.374043464660644531e+00
7.468476295471191406e+00 -3.015197277069091797e+00 -4.166147232055664062e+00
7.641380310058593750e+00 -2.973309516906738281e+00 -3.948832988739013672e+00
7.809270858764648438e+00 -2.936655044555664062e+00 -3.734679937362670898e+00
7.976491451263427734e+00 -2.904369592666625977e+00 -3.517123222351074219e+00
8.140764236450195312e+00 -2.876805067062377930e+00 -3.300586462020874023e+00
8.304409027099609375e+00 -2.853336334228515625e+00 -3.081966400146484375e+00
8.464652061462402344e+00 -2.834443569183349609e+00 -2.862816572189331055e+00
8.618812561035156250e+00 -2.819547891616821289e+00 -2.646314620971679688e+00
8.766168594360351562e+00 -2.808371305465698242e+00 -2.431953907012939453e+00
8.906620979309082031e+00 -2.799880266189575195e+00 -2.219401836395263672e+00
9.037705421447753906e+00 -2.792881965637207031e+00 -2.011872529983520508e+00
9.156288146972656250e+00 -2.786472320556640625e+00 -1.813149690628051758e+00
9.265387535095214844e+00 -2.781214952468872070e+00 -1.619112968444824219e+00
9.362614631652832031e+00 -2.775009155273437500e+00 -1.434413671493530273e+00
9.448500633239746094e+00 -2.768080711364746094e+00 -1.259994745254516602e+00
9.523088455200195312e+00 -2.759219884872436523e+00 -1.096731901168823242e+00
9.587574958801269531e+00 -2.747597455978393555e+00 -9.409280419349670410e-01
9.645604133605957031e+00 -2.734578847885131836e+00 -7.922371029853820801e-01
9.693917274475097656e+00 -2.717926263809204102e+00 -6.545552015304565430e-01
9.735386848449707031e+00 -2.698452234268188477e+00 -5.238870382308959961e-01
9.770062446594238281e+00 -2.675094842910766602e+00 -3.975036144256591797e-01
9.801973342895507812e+00 -2.649541139602661133e+00 -2.749304175376892090e-01
9.826384544372558594e+00 -2.615357398986816406e+00 -1.580898612737655640e-01
9.848600387573242188e+00 -2.578848838806152344e+00 -4.359566420316696167e-02
9.866843223571777344e+00 -2.537842750549316406e+00 6.752061098814010620e-02
9.882051467895507812e+00 -2.490272998809814453e+00 1.770703345537185669e-01
9.891691207885742188e+00 -2.433782100677490234e+00 2.835506200790405273e-01
9.899145126342773438e+00 -2.373349428176879883e+00 3.873151838779449463e-01
9.903972625732421875e+00 -2.308408498764038086e+00 4.873317778110504150e-01
9.904404640197753906e+00 -2.239207267761230469e+00 5.825248360633850098e-01
9.902316093444824219e+00 -2.163111686706542969e+00 6.712352633476257324e-01
9.898498535156250000e+00 -2.085794687271118164e+00 7.548373341560363770e-01
9.889966964721679688e+00 -2.003819704055786133e+00 8.334940075874328613e-01
9.879558563232421875e+00 -1.918311119079589844e+00 9.062859416007995605e-01
9.866941452026367188e+00 -1.830996751785278320e+00 9.710085391998291016e-01
9.852581977844238281e+00 -1.741426467895507812e+00 1.028102993965148926e+00
9.835357666015625000e+00 -1.649859189987182617e+00 1.077232241630554199e+00
9.814538955688476562e+00 -1.553215384483337402e+00 1.117474079132080078e+00
9.792258262634277344e+00 -1.454090595245361328e+00 1.155209898948669434e+00
9.766799926757812500e+00 -1.351982235908508301e+00 1.186455607414245605e+00
9.736329078674316406e+00 -1.241979598999023438e+00 1.207308530807495117e+00
9.699965476989746094e+00 -1.121255517005920410e+00 1.221479773521423340e+00
9.656955718994140625e+00 -9.896997809410095215e-01 1.231535315513610840e+00
9.606783866882324219e+00 -8.447915315628051758e-01 1.239539027214050293e+00
9.546110153198242188e+00 -6.838086247444152832e-01 1.239181160926818848e+00
9.473845481872558594e+00 -5.035097599029541016e-01 1.234488606452941895e+00
9.388187408447265625e+00 -3.029317259788513184e-01 1.224679827690124512e+00
9.292433738708496094e+00 -8.830733597278594971e-02 1.209643721580505371e+00
9.191902160644531250e+00 1.322077661752700806e-01 1.189995288848876953e+00
9.095027923583984375e+00 3.491885960102081299e-01 1.165150642395019531e+00
9.012708663940429688e+00 5.609664320945739746e-01 1.134021759033203125e+00
8.946207046508789062e+00 7.920121550559997559e-01 1.089632511138916016e+00
7.300147056579589844e+00 2.883687734603881836e+00 6.897594928741455078e-01
7.035474777221679688e+00 3.047622203826904297e+00 6.505016684532165527e-01
6.809146881103515625e+00 3.186793088912963867e+00 6.037442088127136230e-01
6.585063457489013672e+00 3.301334857940673828e+00 5.544131994247436523e-01
6.354109287261962891e+00 3.405428171157836914e+00 4.938074946403503418e-01
6.117005348205566406e+00 3.500437736511230469e+00 4.220045506954193115e-01
5.877923011779785156e+00 3.584265708923339844e+00 3.342610001564025879e-01
5.648679733276367188e+00 3.659490108489990234e+00 2.377335131168365479e-01
5.439815521240234375e+00 3.722761869430541992e+00 1.332767456769943237e-01
5.257714748382568359e+00 3.774366378784179688e+00 2.819682657718658447e-02
5.100800991058349609e+00 3.815381288528442383e+00 -7.270926982164382935e-02
4.968304634094238281e+00 3.851322174072265625e+00 -1.677080243825912476e-01
4.860886096954345703e+00 3.877652406692504883e+00 -2.603012919425964355e-01
4.777129173278808594e+00 3.896728277206420898e+00 -3.481931984424591064e-01
4.715048313140869141e+00 3.907424211502075195e+00 -4.291189908981323242e-01
4.666866779327392578e+00 3.911728382110595703e+00 -5.101031661033630371e-01
4.643126010894775391e+00 3.908309459686279297e+00 -5.831983685493469238e-01
4.630764961242675781e+00 3.899903774261474609e+00 -6.549080610275268555e-01
4.631167888641357422e+00 3.884130716323852539e+00 -7.259541749954223633e-01
4.645968914031982422e+00 3.859241247177124023e+00 -7.956379055976867676e-01
4.668321132659912109e+00 3.828278064727783203e+00 -8.666154146194458008e-01
4.707597732543945312e+00 3.786968946456909180e+00 -9.382579922676086426e-01
4.755850791931152344e+00 3.733493328094482422e+00 -1.007462263107299805e+00
4.816891670227050781e+00 3.670902013778686523e+00 -1.077718496322631836e+00
4.891337394714355469e+00 3.597156763076782227e+00 -1.145630717277526855e+00
4.977025032043457031e+00 3.508549213409423828e+00 -1.213689923286437988e+00
5.074824810028076172e+00 3.404562711715698242e+00 -1.280818343162536621e+00
5.183050632476806641e+00 3.288751840591430664e+00 -1.338248729705810547e+00
5.309133052825927734e+00 3.158214807510375977e+00 -1.391526103019714355e+00
5.445720672607421875e+00 3.013777732849121094e+00 -1.432488918304443359e+00
5.591304302215576172e+00 2.860372543334960938e+00 -1.459888100624084473e+00
5.741742134094238281e+00 2.699255943298339844e+00 -1.468462467193603516e+00
5.893858909606933594e+00 2.534276485443115234e+00 -1.456825256347656250e+00
6.043331146240234375e+00 2.373548984527587891e+00 -1.425119400024414062e+00
6.186228752136230469e+00 2.220194578170776367e+00 -1.374035239219665527e+00
6.327102661132812500e+00 2.073222160339355469e+00 -1.303885936737060547e+00
6.459293365478515625e+00 1.936769604682922363e+00 -1.220223903656005859e+00
6.585417747497558594e+00 1.810648202896118164e+00 -1.120370268821716309e+00
6.702395439147949219e+00 1.696462631225585938e+00 -1.011831402778625488e+00
6.812718868255615234e+00 1.593474030494689941e+00 -8.934420943260192871e-01
6.917312145233154297e+00 1.503059148788452148e+00 -7.656541466712951660e-01
7.014873981475830078e+00 1.426128983497619629e+00 -6.338663101196289062e-01
7.105701923370361328e+00 1.361597418785095215e+00 -4.979492425918579102e-01
7.193684577941894531e+00 1.309703826904296875e+00 -3.579733371734619141e-01
7.274940967559814453e+00 1.270496845245361328e+00 -2.178316265344619751e-01
7.350607872009277344e+00 1.241808533668518066e+00 -7.855331897735595703e-02
7.421394348144531250e+00 1.220686435699462891e+00 6.076423078775405884e-02
7.478863239288330078e+00 1.212942481040954590e+00 1.895605027675628662e-01
7.534961700439453125e+00 1.210695862770080566e+00 3.152930140495300293e-01
7.585410594940185547e+00 1.215180158615112305e+00 4.419715404510498047e-01
7.628934860229492188e+00 1.225526213645935059e+00 5.609493851661682129e-01
7.666744232177734375e+00 1.240014314651489258e+00 6.763969659805297852e-01
7.698350429534912109e+00 1.257543683052062988e+00 7.882236838340759277e-01
7.723104000091552734e+00 1.280054092407226562e+00 8.986723423004150391e-01
7.744241237640380859e+00 1.304481625556945801e+00 1.004384756088256836e+00
7.759885311126708984e+00 1.331990122795104980e+00 1.108145117759704590e+00
7.768595218658447266e+00 1.364061951637268066e+00 1.210717439651489258e+00
7.775097846984863281e+00 1.400059938430786133e+00 1.311928033828735352e+00
7.772548198699951172e+00 1.440627694129943848e+00 1.411041140556335449e+00
7.765996932983398438e+00 1.491070389747619629e+00 1.508425831794738770e+00
7.746704578399658203e+00 1.546954631805419922e+00 1.603446364402770996e+00
7.717636585235595703e+00 1.611514329910278320e+00 1.701007366180419922e+00
7.676329135894775391e+00 1.685443043708801270e+00 1.799708127975463867e+00
7.622932434082031250e+00 1.771519184112548828e+00 1.898533105850219727e+00
7.552496433258056641e+00 1.865046262741088867e+00 1.997779846191406250e+00
7.471796512603759766e+00 1.975113391876220703e+00 2.095113754272460938e+00
7.375027179718017578e+00 2.096254825592041016e+00 2.193116664886474609e+00
7.263582706451416016e+00 2.227945089340209961e+00 2.288569688796997070e+00
7.132198333740234375e+00 2.372028350830078125e+00 2.380961894989013672e+00
6.983460903167724609e+00 2.526633262634277344e+00 2.466809749603271484e+00
6.815322399139404297e+00 2.692551136016845703e+00 2.543721199035644531e+00
6.629249572753906250e+00 2.866226196289062500e+00 2.608314037322998047e+00
6.425958633422851562e+00 3.049433469772338867e+00 2.659317493438720703e+00
6.216483116149902344e+00 3.231463193893432617e+00 2.693889856338500977e+00
5.981905937194824219e+00 3.430637598037719727e+00 2.709116697311401367e+00
5.736979484558105469e+00 3.637674093246459961e+00 2.704042673110961914e+00
5.482185363769531250e+00 3.847451686859130859e+00 2.677901983261108398e+00
5.220134258270263672e+00 4.064052581787109375e+00 2.634607553482055664e+00
4.951614379882812500e+00 4.283076286315917969e+00 2.573037624359130859e+00
4.682528018951416016e+00 4.497633457183837891e+00 2.496520996093750000e+00
4.410506248474121094e+00 4.705873489379882812e+00 2.407087564468383789e+00
4.140521526336669922e+00 4.904717445373535156e+00 2.309761524200439453e+00
3.875751256942749023e+00 5.091042041778564453e+00 2.199814081192016602e+00
3.613675832748413086e+00 5.263830661773681641e+00 2.090530633926391602e+00
3.353728055953979492e+00 5.424812793731689453e+00 1.976552844047546387e+00
3.101666688919067383e+00 5.570692062377929688e+00 1.862334370613098145e+00
2.859883785247802734e+00 5.700418949127197266e+00 1.750459909439086914e+00
2.623000621795654297e+00 5.819930076599121094e+00 1.637743353843688965e+00
2.392831563949584961e+00 5.925181388854980469e+00 1.529694199562072754e+00
2.172426700592041016e+00 6.019937992095947266e+00 1.427356362342834473e+00
1.961474418640136719e+00 6.107443809509277344e+00 1.334007740020751953e+00
1.760626077651977539e+00 6.189228057861328125e+00 1.251036405563354492e+00
1.568731546401977539e+00 6.268425464630126953e+00 1.181224465370178223e+00
1.378888130187988281e+00 6.354508399963378906e+00 1.125231266021728516e+00
1.202305912971496582e+00 6.440320968627929688e+00 1.084847688674926758e+00
1.031106829643249512e+00 6.532477855682373047e+00 1.061759591102600098e+00
8.670899868011474609e-01 6.633059978485107422e+00 1.054987907409667969e+00
7.077262997627258301e-01 6.738600730895996094e+00 1.063806056976318359e+00
5.519770383834838867e-01 6.846312522888183594e+00 1.085861206054687500e+00
4.025500416755676270e-01 6.959293365478515625e+00 1.122499465942382812e+00
2.559395134449005127e-01 7.071164131164550781e+00 1.167813539505004883e+00
1.121312230825424194e-01 7.182435512542724609e+00 1.223425149917602539e+00
-1.944579556584358215e-02 7.286368370056152344e+00 1.281785726547241211e+00
-1.552861332893371582e-01 7.394040107727050781e+00 1.347164869308471680e+00
-2.849579155445098877e-01 7.494270324707031250e+00 1.415210604667663574e+00
-4.132884740829467773e-01 7.594626903533935547e+00 1.485952496528625488e+00
-5.374162793159484863e-01 7.692271232604980469e+00 1.558766722679138184e+00
-6.574341654777526855e-01 7.786441326141357422e+00 1.631678342819213867e+00
-7.740973234176635742e-01 7.878450393676757812e+00 1.701952219009399414e+00
-8.840519785881042480e-01 7.962765693664550781e+00 1.768844485282897949e+00
-9.870824813842773438e-01 8.041877746582031250e+00 1.836620807647705078e+00
-1.087535381317138672e+00 8.117637634277343750e+00 1.902759313583374023e+00
-1.182478904724121094e+00 8.189729690551757812e+00 1.965698122978210449e+00
-1.273506641387939453e+00 8.256993293762207031e+00 2.027418851852416992e+00
-1.360966563224792480e+00 8.321434020996093750e+00 2.084789752960205078e+00
-1.445518255233764648e+00 8.384545326232910156e+00 2.138978481292724609e+00
-1.525487780570983887e+00 8.444747924804687500e+00 2.191446304321289062e+00
-1.602542281150817871e+00 8.501969337463378906e+00 2.242202520370483398e+00
-1.677783489227294922e+00 8.560555458068847656e+00 2.289769649505615234e+00
-1.752559423446655273e+00 8.614043235778808594e+00 2.334624290466308594e+00
-1.812005281448364258e+00 8.672960281372070312e+00 2.395874500274658203e+00
-1.877511739730834961e+00 8.727025985717773438e+00 2.446479320526123047e+00
-1.959103226661682129e+00 8.761054992675781250e+00 2.492258071899414062e+00
-2.030963659286499023e+00 8.805036544799804688e+00 2.537248134613037109e+00
-2.096196174621582031e+00 8.851078033447265625e+00 2.590795516967773438e+00
-2.167960166931152344e+00 8.904267311096191406e+00 2.628049612045288086e+00
-2.220865488052368164e+00 8.993132591247558594e+00 2.658668994903564453e+00
-2.248042106628417969e+00 9.048418045043945312e+00 2.753988742828369141e+00
-2.312210559844970703e+00 9.160410881042480469e+00 2.752477169036865234e+00
-2.543170213699340820e+00 8.965133666992187500e+00 2.769253969192504883e+00
-2.599248170852661133e+00 9.152263641357421875e+00 2.709125995635986328e+00
-2.459481239318847656e+00 9.129355430603027344e+00 3.098673105239868164e+00
-2.541800260543823242e+00 9.121402740478515625e+00 3.153683900833129883e+00
-2.672924995422363281e+00 9.427154541015625000e+00 2.895792961120605469e+00
-2.613896131515502930e+00 9.457935333251953125e+00 3.113081455230712891e+00
-2.976161479949951172e+00 9.230792045593261719e+00 2.896880865097045898e+00
-2.715598821640014648e+00 9.574013710021972656e+00 3.166872978210449219e+00
-3.093074560165405273e+00 9.335847854614257812e+00 2.949734449386596680e+00
-3.088009119033813477e+00 9.119490623474121094e+00 3.217715740203857422e+00
-3.032011985778808594e+00 9.153938293457031250e+00 3.389664888381958008e+00
-2.913612127304077148e+00 9.378134727478027344e+00 3.538858413696289062e+00
-3.052163600921630859e+00 9.732818603515625000e+00 3.279134988784790039e+00
-3.345197439193725586e+00 9.509513854980468750e+00 3.109022617340087891e+00
-3.037509202957153320e+00 9.680261611938476562e+00 3.563217163085937500e+00
-3.341635942459106445e+00 9.721574783325195312e+00 3.241659641265869141e+00
-3.388118505477905273e+00 9.736106872558593750e+00 3.284863233566284180e+00
-3.201213598251342773e+00 9.718051910400390625e+00 3.666363954544067383e+00
-3.254471302032470703e+00 9.484649658203125000e+00 3.780190706253051758e+00
-3.439118862152099609e+00 9.817649841308593750e+00 3.544189691543579102e+00
-3.366903781890869141e+00 9.605349540710449219e+00 3.820761680603027344e+00
-3.722709894180297852e+00 9.587467193603515625e+00 3.445616245269775391e+00
-3.611784934997558594e+00 9.359979629516601562e+00 3.780705451965332031e+00
-3.818591833114624023e+00 9.486034393310546875e+00 3.595225572586059570e+00
-3.846191406250000000e+00 9.457427978515625000e+00 3.697953939437866211e+00
-3.818732976913452148e+00 9.711245536804199219e+00 3.833864450454711914e+00
-3.873967647552490234e+00 9.607496261596679688e+00 3.929893970489501953e+00
-3.984395980834960938e+00 9.614547729492187500e+00 3.950286626815795898e+00
-4.054182052612304688e+00 9.608975410461425781e+00 4.027263164520263672e+00
-4.153337001800537109e+00 9.613102912902832031e+00 4.071119785308837891e+00
-4.244509220123291016e+00 9.612462043762207031e+00 4.129486083984375000e+00
-4.337280273437500000e+00 9.605975151062011719e+00 4.195600032806396484e+00
-4.450441837310791016e+00 9.595808982849121094e+00 4.252987861633300781e+00
-4.539834499359130859e+00 9.599493980407714844e+00 4.328582763671875000e+00
-4.633974552154541016e+00 9.601784706115722656e+00 4.400771141052246094e+00
-4.725124359130859375e+00 9.606435775756835938e+00 4.471744537353515625e+00
-4.822113037109375000e+00 9.609719276428222656e+00 4.542709827423095703e+00
-4.918134689331054688e+00 9.608378410339355469e+00 4.615293502807617188e+00
-5.004784107208251953e+00 9.611623764038085938e+00 4.682840347290039062e+00
-5.097280502319335938e+00 9.616449356079101562e+00 4.752111911773681641e+00
-5.190933227539062500e+00 9.621862411499023438e+00 4.819020748138427734e+00
-5.280324459075927734e+00 9.629360198974609375e+00 4.885065078735351562e+00
-5.369364738464355469e+00 9.636845588684082031e+00 4.951336860656738281e+00
-5.453662872314453125e+00 9.645261764526367188e+00 5.012557983398437500e+00
-5.533080101013183594e+00 9.654656410217285156e+00 5.069010734558105469e+00
-5.610309123992919922e+00 9.666572570800781250e+00 5.125948429107666016e+00
-5.684089183807373047e+00 9.682723999023437500e+00 5.181521892547607422e+00
-5.756716251373291016e+00 9.700584411621093750e+00 5.238078594207763672e+00
-5.832840919494628906e+00 9.718611717224121094e+00 5.283351421356201172e+00
-5.891794204711914062e+00 9.739178657531738281e+00 5.326988697052001953e+00
-5.962904930114746094e+00 9.762887001037597656e+00 5.376857757568359375e+00
-6.033767223358154297e+00 9.790355682373046875e+00 5.423667430877685547e+00
-6.102552890777587891e+00 9.820254325866699219e+00 5.471053600311279297e+00
-6.176390171051025391e+00 9.855948448181152344e+00 5.516608238220214844e+00
-6.256088733673095703e+00 9.893216133117675781e+00 5.562788009643554688e+00
-6.337248802185058594e+00 9.934165000915527344e+00 5.612933635711669922e+00
-6.423036098480224609e+00 9.982252120971679688e+00 5.667653083801269531e+00
-6.519406795501708984e+00 1.003548526763916016e+01 5.725618362426757812e+00
-6.622451782226562500e+00 1.009276866912841797e+01 5.786150455474853516e+00
-6.736238002777099609e+00 1.015860652923583984e+01 5.853931427001953125e+00
-6.850914478302001953e+00 1.022528076171875000e+01 5.919766426086425781e+00
-6.961940288543701172e+00 1.029124641418457031e+01 5.986103534698486328e+00
-7.085822105407714844e+00 1.036630821228027344e+01 6.056640625000000000e+00
-7.206248760223388672e+00 1.044426822662353516e+01 6.126364231109619141e+00
-7.324254989624023438e+00 1.052663040161132812e+01 6.193347930908203125e+00
-7.445842266082763672e+00 1.062572574615478516e+01 6.262160778045654297e+00
4.214031219482421875e+00 -8.289871215820312500e+00 -1.161551594734191895e+00
4.230581283569335938e+00 -8.220351219177246094e+00 -1.005915760993957520e+00
4.270448207855224609e+00 -8.152783393859863281e+00 -8.619543910026550293e-01
4.337013721466064453e+00 -8.077542304992675781e+00 -7.117512226104736328e-01
4.427980899810791016e+00 -7.989223957061767578e+00 -5.470970869064331055e-01
4.547261714935302734e+00 -7.885666370391845703e+00 -3.668003976345062256e-01
4.696859359741210938e+00 -7.765316486358642578e+00 -1.755308508872985840e-01
4.873992443084716797e+00 -7.630854606628417969e+00 1.712082698941230774e-02
5.079266071319580078e+00 -7.483164787292480469e+00 2.015203386545181274e-01
5.310834407806396484e+00 -7.321066379547119141e+00 3.732986450195312500e-01
5.569083213806152344e+00 -7.142004966735839844e+00 5.358718037605285645e-01
5.849783897399902344e+00 -6.944745063781738281e+00 6.902252435684204102e-01
6.147432804107666016e+00 -6.732131004333496094e+00 8.395329713821411133e-01
6.458109378814697266e+00 -6.504042148590087891e+00 9.870316982269287109e-01
6.771219253540039062e+00 -6.269917964935302734e+00 1.132300376892089844e+00
7.066738128662109375e+00 -6.046848773956298828e+00 1.268863797187805176e+00
7.349295139312744141e+00 -5.829503536224365234e+00 1.400465130805969238e+00
7.603613853454589844e+00 -5.630938053131103516e+00 1.521660208702087402e+00
7.821394920349121094e+00 -5.454880237579345703e+00 1.628722906112670898e+00
8.008071899414062500e+00 -5.299226284027099609e+00 1.723773956298828125e+00
8.161949157714843750e+00 -5.162859439849853516e+00 1.808867335319519043e+00
8.288621902465820312e+00 -5.045588493347167969e+00 1.884709477424621582e+00
8.392403602600097656e+00 -4.942652225494384766e+00 1.952664017677307129e+00
8.475785255432128906e+00 -4.849371910095214844e+00 2.016762495040893555e+00
8.544278144836425781e+00 -4.766444206237792969e+00 2.074085235595703125e+00
8.601358413696289062e+00 -4.690535545349121094e+00 2.131350755691528320e+00
8.647693634033203125e+00 -4.618598461151123047e+00 2.186345577239990234e+00
8.687037467956542969e+00 -4.547724723815917969e+00 2.242032766342163086e+00
8.716245651245117188e+00 -4.474333286285400391e+00 2.302191734313964844e+00
8.741998672485351562e+00 -4.396709442138671875e+00 2.367028474807739258e+00
8.760775566101074219e+00 -4.317492961883544922e+00 2.431363105773925781e+00
8.775019645690917969e+00 -4.228559970855712891e+00 2.505716800689697266e+00
8.782668113708496094e+00 -4.129380702972412109e+00 2.587692737579345703e+00
8.783407211303710938e+00 -4.020833015441894531e+00 2.677819490432739258e+00
8.777600288391113281e+00 -3.901393175125122070e+00 2.777436017990112305e+00
8.763875961303710938e+00 -3.772120714187622070e+00 2.884681224822998047e+00
8.739946365356445312e+00 -3.631426334381103516e+00 3.000101089477539062e+00
8.709975242614746094e+00 -3.492634773254394531e+00 3.111091375350952148e+00
8.666415214538574219e+00 -3.338151931762695312e+00 3.236537218093872070e+00
8.611526489257812500e+00 -3.181472063064575195e+00 3.361613512039184570e+00
8.551072120666503906e+00 -3.020625829696655273e+00 3.485309362411499023e+00
8.483429908752441406e+00 -2.861948490142822266e+00 3.601652860641479492e+00
8.411525726318359375e+00 -2.706505775451660156e+00 3.710630655288696289e+00
8.335154533386230469e+00 -2.549504756927490234e+00 3.813845396041870117e+00
8.255717277526855469e+00 -2.395686864852905273e+00 3.908397674560546875e+00
8.172878265380859375e+00 -2.244703054428100586e+00 3.991968870162963867e+00
8.086141586303710938e+00 -2.094913005828857422e+00 4.070987224578857422e+00
7.995701789855957031e+00 -1.944669842720031738e+00 4.143643379211425781e+00
7.899428844451904297e+00 -1.792097568511962891e+00 4.212154388427734375e+00
7.794347763061523438e+00 -1.632910847663879395e+00 4.276314258575439453e+00
7.676478862762451172e+00 -1.465613722801208496e+00 4.339453697204589844e+00
7.539755344390869141e+00 -1.282793164253234863e+00 4.398219585418701172e+00
7.373744487762451172e+00 -1.075401067733764648e+00 4.456042766571044922e+00
7.170688152313232422e+00 -8.449441790580749512e-01 4.506095886230468750e+00
6.928012847900390625e+00 -5.866928100585937500e-01 4.532375335693359375e+00
6.631626129150390625e+00 -3.033543825149536133e-01 4.518052101135253906e+00
6.291018962860107422e+00 -4.152394831180572510e-03 4.465287685394287109e+00
5.935042858123779297e+00 2.772488892078399658e-01 4.372998237609863281e+00
5.578295230865478516e+00 5.344057083129882812e-01 4.257892131805419922e+00
5.221471309661865234e+00 7.643294334411621094e-01 4.131335735321044922e+00
4.855532169342041016e+00 9.734168648719787598e-01 3.992055177688598633e+00
4.487860202789306641e+00 1.155081272125244141e+00 3.848110198974609375e+00
4.111258983612060547e+00 1.313187360763549805e+00 3.700214385986328125e+00
3.723021268844604492e+00 1.447306990623474121e+00 3.548117876052856445e+00
3.333831548690795898e+00 1.560771226882934570e+00 3.394181013107299805e+00
2.941526174545288086e+00 1.651600718498229980e+00 3.237915992736816406e+00
2.559506893157958984e+00 1.722048640251159668e+00 3.076828479766845703e+00
2.183227777481079102e+00 1.775015830993652344e+00 2.905798196792602539e+00
1.819049715995788574e+00 1.807633399963378906e+00 2.721459388732910156e+00
1.466672301292419434e+00 1.829584956169128418e+00 2.520405769348144531e+00
1.140527248382568359e+00 1.836457014083862305e+00 2.308050155639648438e+00
8.480080962181091309e-01 1.833795189857482910e+00 2.093607425689697266e+00
5.943098664283752441e-01 1.826227545738220215e+00 1.888215065002441406e+00
3.821785449981689453e-01 1.817966461181640625e+00 1.699320554733276367e+00
2.089269310235977173e-01 1.813959360122680664e+00 1.527974247932434082e+00
6.957647949457168579e-02 1.807472586631774902e+00 1.373752117156982422e+00
-4.610487446188926697e-02 1.801557302474975586e+00 1.236115694046020508e+00
-1.383764594793319702e-01 1.791347146034240723e+00 1.113654851913452148e+00
-2.094190418720245361e-01 1.771533250808715820e+00 1.002006888389587402e+00
-2.656604051589965820e-01 1.742185592651367188e+00 8.984396457672119141e-01
-3.069001436233520508e-01 1.703329563140869141e+00 8.008453845977783203e-01
-3.336687684059143066e-01 1.652059912681579590e+00 7.045183777809143066e-01
-3.486688733100891113e-01 1.589217424392700195e+00 6.089263558387756348e-01
-3.521505594253540039e-01 1.512786149978637695e+00 5.094757080078125000e-01
-3.426972031593322754e-01 1.422627806663513184e+00 4.048666954040527344e-01
-3.226761519908905029e-01 1.316625595092773438e+00 2.917847931385040283e-01
-2.918595969676971436e-01 1.191337704658508301e+00 1.687373816967010498e-01
-2.452305108308792114e-01 1.044742107391357422e+00 3.319827094674110413e-02
-1.869055181741714478e-01 8.778182864189147949e-01 -1.125178933143615723e-01
-1.085234507918357849e-01 6.853802800178527832e-01 -2.657290399074554443e-01
-1.340256538242101669e-02 4.750866591930389404e-01 -4.209451079368591309e-01
9.563659131526947021e-02 2.549204230308532715e-01 -5.674639940261840820e-01
2.132971137762069702e-01 3.687795996665954590e-02 -7.002627253532409668e-01
3.358912765979766846e-01 -1.666353195905685425e-01 -8.152655959129333496e-01
4.569418132305145264e-01 -3.494031727313995361e-01 -9.120620489120483398e-01
5.737058520317077637e-01 -5.047369599342346191e-01 -9.898795485496520996e-01
6.930770874023437500e-01 -6.431925296783447266e-01 -1.054929018020629883e+00
8.343948721885681152e-01 -7.805640101432800293e-01 -1.111765623092651367e+00
6.007772922515869141e+00 -2.601829051971435547e+00 -1.232896566390991211e+00
6.135327816009521484e+00 -2.549577236175537109e+00 -1.092292785644531250e+00
6.237696170806884766e+00 -2.495461225509643555e+00 -9.522767066955566406e-01
6.331590175628662109e+00 -2.432367801666259766e+00 -7.971580028533935547e-01
6.422649860382080078e+00 -2.358499526977539062e+00 -6.212742328643798828e-01
6.506841182708740234e+00 -2.277096033096313477e+00 -4.266343712806701660e-01
6.584653377532958984e+00 -2.191348314285278320e+00 -2.146513760089874268e-01
6.649885177612304688e+00 -2.106128692626953125e+00 7.420806679874658585e-03
6.706212520599365234e+00 -2.028637647628784180e+00 2.323405891656875610e-01
6.754015922546386719e+00 -1.957913279533386230e+00 4.599320888519287109e-01
6.797412872314453125e+00 -1.896615743637084961e+00 6.815230250358581543e-01
6.838316440582275391e+00 -1.841970086097717285e+00 8.951539397239685059e-01
6.875106334686279297e+00 -1.794660329818725586e+00 1.099776506423950195e+00
6.908640861511230469e+00 -1.750426411628723145e+00 1.300399541854858398e+00
6.939498901367187500e+00 -1.707834720611572266e+00 1.489961743354797363e+00
6.968681335449218750e+00 -1.667111754417419434e+00 1.668619990348815918e+00
6.995508670806884766e+00 -1.625589013099670410e+00 1.840028405189514160e+00
7.019268035888671875e+00 -1.583842039108276367e+00 2.001008033752441406e+00
7.040962219238281250e+00 -1.541602492332458496e+00 2.152161359786987305e+00
7.059624671936035156e+00 -1.499827861785888672e+00 2.293104171752929688e+00
7.074084758758544922e+00 -1.454999327659606934e+00 2.424193859100341797e+00
7.087573051452636719e+00 -1.414349079132080078e+00 2.549300909042358398e+00
7.096628665924072266e+00 -1.370640516281127930e+00 2.663711547851562500e+00
7.101109504699707031e+00 -1.325937628746032715e+00 2.766466379165649414e+00
7.101510047912597656e+00 -1.279979109764099121e+00 2.859693050384521484e+00
7.099041461944580078e+00 -1.238169550895690918e+00 2.941102027893066406e+00
7.091006755828857422e+00 -1.189806222915649414e+00 3.015745401382446289e+00
7.079022884368896484e+00 -1.138078808784484863e+00 3.080963134765625000e+00
7.062186241149902344e+00 -1.083419680595397949e+00 3.137907266616821289e+00
7.041434764862060547e+00 -1.024030685424804688e+00 3.188781738281250000e+00
7.016000747680664062e+00 -9.599212408065795898e-01 3.233012914657592773e+00
6.983184814453125000e+00 -8.888937830924987793e-01 3.273296117782592773e+00
6.944604873657226562e+00 -8.083187937736511230e-01 3.313126564025878906e+00
6.898145675659179688e+00 -7.185877561569213867e-01 3.347039937973022461e+00
6.841324806213378906e+00 -6.163805723190307617e-01 3.381698131561279297e+00
6.770854949951171875e+00 -4.983438849449157715e-01 3.411494016647338867e+00
6.685048103332519531e+00 -3.612379431724548340e-01 3.438971757888793945e+00
6.579947948455810547e+00 -2.051328122615814209e-01 3.464402675628662109e+00
6.448118686676025391e+00 -2.189230173826217651e-02 3.484187841415405273e+00
6.283362388610839844e+00 1.845787465572357178e-01 3.497627973556518555e+00
6.088373661041259766e+00 4.127138555049896240e-01 3.490406036376953125e+00
5.862319946289062500e+00 6.520553231239318848e-01 3.464915513992309570e+00
5.608419895172119141e+00 8.976607322692871094e-01 3.415797472000122070e+00
5.330056667327880859e+00 1.145945072174072266e+00 3.339179992675781250e+00
5.032237529754638672e+00 1.391260623931884766e+00 3.237423658370971680e+00
4.726738929748535156e+00 1.631507873535156250e+00 3.120869874954223633e+00
4.407269954681396484e+00 1.876006603240966797e+00 2.989061832427978516e+00
4.095921993255615234e+00 2.108151912689208984e+00 2.860255479812622070e+00
3.779185295104980469e+00 2.332929372787475586e+00 2.737357616424560547e+00
3.461235523223876953e+00 2.546100139617919922e+00 2.624252557754516602e+00
3.153095483779907227e+00 2.740126848220825195e+00 2.524044752120971680e+00
2.843864679336547852e+00 2.920676708221435547e+00 2.431942224502563477e+00
2.536519765853881836e+00 3.085350990295410156e+00 2.340854883193969727e+00
2.230824708938598633e+00 3.230490922927856445e+00 2.250161886215209961e+00
1.927275776863098145e+00 3.357084274291992188e+00 2.156269788742065430e+00
1.634387493133544922e+00 3.463050842285156250e+00 2.058199405670166016e+00
1.349964737892150879e+00 3.549166202545166016e+00 1.950933933258056641e+00
1.086546778678894043e+00 3.610436677932739258e+00 1.840576052665710449e+00
8.463711738586425781e-01 3.653147220611572266e+00 1.727954983711242676e+00
6.327213048934936523e-01 3.674707889556884766e+00 1.612817287445068359e+00
4.408259391784667969e-01 3.685098409652709961e+00 1.497623324394226074e+00
2.739212214946746826e-01 3.683577775955200195e+00 1.388905167579650879e+00
1.354724913835525513e-01 3.664526700973510742e+00 1.280795454978942871e+00
1.290931086987257004e-02 3.639231204986572266e+00 1.178591847419738770e+00
-9.139596670866012573e-02 3.603740930557250977e+00 1.077849745750427246e+00
-1.785988509654998779e-01 3.560829401016235352e+00 9.802306294441223145e-01
-2.503600120544433594e-01 3.506128311157226562e+00 8.816862702369689941e-01
-3.084125518798828125e-01 3.441657543182373047e+00 7.823683619499206543e-01
-3.566227257251739502e-01 3.371129989624023438e+00 6.814624071121215820e-01
-3.875478804111480713e-01 3.285430908203125000e+00 5.762140750885009766e-01
-4.061537981033325195e-01 3.188560485839843750e+00 4.660049378871917725e-01
-4.127213060855865479e-01 3.080990076065063477e+00 3.496180772781372070e-01
-4.095308482646942139e-01 2.961776018142700195e+00 2.243490368127822876e-01
-3.837376534938812256e-01 2.830073595046997070e+00 9.123704582452774048e-02
-3.401359915733337402e-01 2.684976100921630859e+00 -5.216421931982040405e-02
-2.794119715690612793e-01 2.527368545532226562e+00 -2.072226107120513916e-01
-1.917654573917388916e-01 2.356062650680541992e+00 -3.687205910682678223e-01
-7.548537850379943848e-02 2.173714399337768555e+00 -5.408053994178771973e-01
6.904770433902740479e-02 1.982190847396850586e+00 -7.144007086753845215e-01
2.425824105739593506e-01 1.791234612464904785e+00 -8.845446109771728516e-01
4.473686218261718750e-01 1.603819131851196289e+00 -1.050700902938842773e+00
6.818062067031860352e-01 1.429647922515869141e+00 -1.207087635993957520e+00
9.470895528793334961e-01 1.276547551155090332e+00 -1.353382229804992676e+00
1.239544391632080078e+00 1.146422147750854492e+00 -1.495928525924682617e+00
1.557116508483886719e+00 1.053613901138305664e+00 -1.642015457153320312e+00
1.890394449234008789e+00 9.876743555068969727e-01 -1.794767379760742188e+00
2.244304418563842773e+00 9.268510937690734863e-01 -1.949570417404174805e+00
2.598674058914184570e+00 8.603652715682983398e-01 -2.081309795379638672e+00
2.960621356964111328e+00 7.772754430770874023e-01 -2.178219556808471680e+00
3.321301221847534180e+00 6.830015182495117188e-01 -2.229702949523925781e+00
3.668930292129516602e+00 5.833697915077209473e-01 -2.233120679855346680e+00
3.999950885772705078e+00 4.801170229911804199e-01 -2.192012071609497070e+00
4.305338859558105469e+00 3.804098367691040039e-01 -2.112305641174316406e+00
4.581376552581787109e+00 2.849647998809814453e-01 -2.000536680221557617e+00
4.820022583007812500e+00 2.032654583454132080e-01 -1.866326570510864258e+00
5.022187232971191406e+00 1.314858347177505493e-01 -1.718505024909973145e+00
5.183603763580322266e+00 7.296828180551528931e-02 -1.561457633972167969e+00
5.313726425170898438e+00 2.980549819767475128e-02 -1.399795889854431152e+00
5.414624214172363281e+00 -2.227877033874392509e-03 -1.242827653884887695e+00
5.491401195526123047e+00 -2.219125069677829742e-02 -1.087022900581359863e+00
5.545568466186523438e+00 -2.999770268797874451e-02 -9.378657341003417969e-01
5.584670543670654297e+00 -3.035435639321804047e-02 -7.897058725357055664e-01
5.605391979217529297e+00 -1.417249254882335663e-02 -6.394025683403015137e-01
5.608516693115234375e+00 1.765460707247257233e-02 -4.962160885334014893e-01
5.595623493194580078e+00 6.853296607732772827e-02 -3.475539088249206543e-01
5.564802169799804688e+00 1.447532176971435547e-01 -1.941941231489181519e-01
5.513351917266845703e+00 2.505781650543212891e-01 -3.545700013637542725e-02
5.439855098724365234e+00 3.879963755607604980e-01 1.305746734142303467e-01
5.343040943145751953e+00 5.615677833557128906e-01 3.045166432857513428e-01
5.226965427398681641e+00 7.606885433197021484e-01 4.841831326484680176e-01
5.097910404205322266e+00 9.981496334075927734e-01 6.653231382369995117e-01
4.956100940704345703e+00 1.261482357978820801e+00 8.404498696327209473e-01
4.807487010955810547e+00 1.539222002029418945e+00 1.000439643859863281e+00
4.651827335357666016e+00 1.825021862983703613e+00 1.135412216186523438e+00
4.485899448394775391e+00 2.109867572784423828e+00 1.238849282264709473e+00
4.310094356536865234e+00 2.386131048202514648e+00 1.309071779251098633e+00
4.117678642272949219e+00 2.650725126266479492e+00 1.351005315780639648e+00
3.909147500991821289e+00 2.896415710449218750e+00 1.374582648277282715e+00
3.679964065551757812e+00 3.124737977981567383e+00 1.391036510467529297e+00
3.434912919998168945e+00 3.334397315979003906e+00 1.404526472091674805e+00
3.174781322479248047e+00 3.532472848892211914e+00 1.407595634460449219e+00
2.901497602462768555e+00 3.721872568130493164e+00 1.400895595550537109e+00
2.630913257598876953e+00 3.897377729415893555e+00 1.378915309906005859e+00
2.364539384841918945e+00 4.060258388519287109e+00 1.330515146255493164e+00
2.114339351654052734e+00 4.203537464141845703e+00 1.260750770568847656e+00
1.876252532005310059e+00 4.326769828796386719e+00 1.173885703086853027e+00
1.655935287475585938e+00 4.427149772644042969e+00 1.073115348815917969e+00
1.449050545692443848e+00 4.508358955383300781e+00 9.671702980995178223e-01
1.262783885002136230e+00 4.566903591156005859e+00 8.601442575454711914e-01
1.093418240547180176e+00 4.605594635009765625e+00 7.540596127510070801e-01
9.367500543594360352e-01 4.627367973327636719e+00 6.483887434005737305e-01
7.999673485755920410e-01 4.625713825225830078e+00 5.492822527885437012e-01
6.806164383888244629e-01 4.607000350952148438e+00 4.490733444690704346e-01
5.747762322425842285e-01 4.574615001678466797e+00 3.488165140151977539e-01
4.809187948703765869e-01 4.523824214935302734e+00 2.466557174921035767e-01
3.999187648296356201e-01 4.458627700805664062e+00 1.427512168884277344e-01
3.296686708927154541e-01 4.378663063049316406e+00 3.514045849442481995e-02
2.720392644405364990e-01 4.281621456146240234e+00 -7.788477092981338501e-02
2.226564586162567139e-01 4.167932987213134766e+00 -1.958944797515869141e-01
1.862600147724151611e-01 4.040829658508300781e+00 -3.161696791648864746e-01
1.603150963783264160e-01 3.893661022186279297e+00 -4.440982341766357422e-01
1.454863846302032471e-01 3.730063676834106445e+00 -5.775808095932006836e-01
1.420324891805648804e-01 3.552142858505249023e+00 -7.190144658088684082e-01
1.506982892751693726e-01 3.358012437820434570e+00 -8.647517561912536621e-01
1.748827993869781494e-01 3.146801471710205078e+00 -1.019135594367980957e+00
2.157117873430252075e-01 2.923344612121582031e+00 -1.180483698844909668e+00
2.757901847362518311e-01 2.687113523483276367e+00 -1.347672224044799805e+00
3.564113080501556396e-01 2.439144134521484375e+00 -1.519608736038208008e+00
4.568006694316864014e-01 2.179958820343017578e+00 -1.692939758300781250e+00
5.803973674774169922e-01 1.904431223869323730e+00 -1.860470771789550781e+00
7.238479852676391602e-01 1.622484564781188965e+00 -2.014021396636962891e+00
8.933231830596923828e-01 1.329431653022766113e+00 -2.150275468826293945e+00
1.093522191047668457e+00 1.034348249435424805e+00 -2.260776042938232422e+00
1.305560111999511719e+00 7.556291818618774414e-01 -2.333947181701660156e+00
1.531557679176330566e+00 4.965391159057617188e-01 -2.376923084259033203e+00
1.760079979896545410e+00 2.665195167064666748e-01 -2.391209363937377930e+00
1.986985683441162109e+00 6.590056419372558594e-02 -2.375454425811767578e+00
2.211822748184204102e+00 -1.109007894992828369e-01 -2.334728956222534180e+00
2.432683229446411133e+00 -2.654193639755249023e-01 -2.271311998367309570e+00
2.646349668502807617e+00 -3.993494510650634766e-01 -2.184586048126220703e+00
2.851561784744262695e+00 -5.126421451568603516e-01 -2.074137926101684570e+00
3.049896955490112305e+00 -6.042472124099731445e-01 -1.943018794059753418e+00
3.230422496795654297e+00 -6.755212545394897461e-01 -1.799881935119628906e+00
3.403126239776611328e+00 -7.294855117797851562e-01 -1.643026351928710938e+00
3.562217473983764648e+00 -7.671489119529724121e-01 -1.474050998687744141e+00
3.713345527648925781e+00 -7.886689305305480957e-01 -1.290724992752075195e+00
3.851818561553955078e+00 -7.980666756629943848e-01 -1.111371397972106934e+00
3.977783679962158203e+00 -7.974413037300109863e-01 -9.286381006240844727e-01
4.092661380767822266e+00 -7.923225164413452148e-01 -7.503213882446289062e-01
4.195439815521240234e+00 -7.850693464279174805e-01 -5.813500285148620605e-01
4.289177894592285156e+00 -7.847946882247924805e-01 -4.204097390174865723e-01
4.372251033782958984e+00 -7.852255702018737793e-01 -2.725689113140106201e-01
4.442759037017822266e+00 -7.921151518821716309e-01 -1.377901136875152588e-01
4.510136604309082031e+00 -8.064072728157043457e-01 -1.154558174312114716e-02
4.568234443664550781e+00 -8.255905508995056152e-01 1.020717546343803406e-01
4.618629455566406250e+00 -8.517679572105407715e-01 2.003803849220275879e-01
4.657324314117431641e+00 -8.853633999824523926e-01 2.797035276889801025e-01
4.685151576995849609e+00 -9.184370040893554688e-01 3.429044187068939209e-01
4.702075958251953125e+00 -9.521984457969665527e-01 3.907771110534667969e-01
4.712710857391357422e+00 -9.875633716583251953e-01 4.264432787895202637e-01
4.712218761444091797e+00 -1.026387810707092285e+00 4.486819803714752197e-01
4.704489231109619141e+00 -1.071043848991394043e+00 4.592887163162231445e-01
4.685720443725585938e+00 -1.124702095985412598e+00 4.588971734046936035e-01
4.654633998870849609e+00 -1.190820932388305664e+00 4.447378516197204590e-01
4.608144760131835938e+00 -1.276435136795043945e+00 4.129156470298767090e-01
4.541921615600585938e+00 -1.380205392837524414e+00 3.610167801380157471e-01
4.459412097930908203e+00 -1.497822999954223633e+00 2.852118611335754395e-01
4.361094951629638672e+00 -1.620693206787109375e+00 1.898097395896911621e-01
4.245407581329345703e+00 -1.753338575363159180e+00 7.047469168901443481e-02
4.117414474487304688e+00 -1.895642161369323730e+00 -7.094126939773559570e-02
3.974315404891967773e+00 -2.040706634521484375e+00 -2.359253913164138794e-01
3.822020053863525391e+00 -2.186091184616088867e+00 -4.192812740802764893e-01
3.664851665496826172e+00 -2.327253580093383789e+00 -6.161307096481323242e-01
3.507679462432861328e+00 -2.456570625305175781e+00 -8.187994360923767090e-01
3.348771810531616211e+00 -2.574471235275268555e+00 -1.033316135406494141e+00
3.192389249801635742e+00 -2.680215835571289062e+00 -1.250742554664611816e+00
3.045228719711303711e+00 -2.776000976562500000e+00 -1.469612360000610352e+00
2.908834695816040039e+00 -2.862049341201782227e+00 -1.691165089607238770e+00
2.792199850082397461e+00 -2.942395687103271484e+00 -1.916607737541198730e+00
2.695507287979125977e+00 -3.019663572311401367e+00 -2.144166469573974609e+00
2.622316122055053711e+00 -3.096400499343872070e+00 -2.376538991928100586e+00
2.569334745407104492e+00 -3.176970720291137695e+00 -2.615853071212768555e+00
2.534415006637573242e+00 -3.260779380798339844e+00 -2.856005668640136719e+00
2.513138771057128906e+00 -3.349834918975830078e+00 -3.097949504852294922e+00
2.502620220184326172e+00 -3.440170764923095703e+00 -3.326773881912231445e+00
2.497722625732421875e+00 -3.538053989410400391e+00 -3.553824186325073242e+00
2.496763467788696289e+00 -3.638351678848266602e+00 -3.768377542495727539e+00
2.495573997497558594e+00 -3.742421627044677734e+00 -3.972249984741210938e+00
2.492505788803100586e+00 -3.845396995544433594e+00 -4.157547473907470703e+00
2.487892389297485352e+00 -3.951400995254516602e+00 -4.332873344421386719e+00
2.481546640396118164e+00 -4.057027816772460938e+00 -4.493978977203369141e+00
2.473249673843383789e+00 -4.160821437835693359e+00 -4.640281677246093750e+00
2.463234663009643555e+00 -4.263487815856933594e+00 -4.773479461669921875e+00
2.450972080230712891e+00 -4.361457824707031250e+00 -4.892012596130371094e+00
2.436986684799194336e+00 -4.457218647003173828e+00 -5.001297950744628906e+00
2.419040679931640625e+00 -4.552662849426269531e+00 -5.097827911376953125e+00
2.400497674942016602e+00 -4.644362449645996094e+00 -5.183123588562011719e+00
2.380739927291870117e+00 -4.734682083129882812e+00 -5.260516166687011719e+00
2.360714673995971680e+00 -4.821930408477783203e+00 -5.329334735870361328e+00
2.337505340576171875e+00 -4.906263828277587891e+00 -5.391480922698974609e+00
2.311514377593994141e+00 -4.989139080047607422e+00 -5.444744586944580078e+00
2.286269903182983398e+00 -5.071101665496826172e+00 -5.489896774291992188e+00
2.256328344345092773e+00 -5.149141311645507812e+00 -5.525656223297119141e+00
2.224613904953002930e+00 -5.227529525756835938e+00 -5.558630943298339844e+00
2.188720703125000000e+00 -5.305299758911132812e+00 -5.585577487945556641e+00
2.150632143020629883e+00 -5.381789684295654297e+00 -5.606303215026855469e+00
2.108336448669433594e+00 -5.459784984588623047e+00 -5.620225429534912109e+00
2.063619613647460938e+00 -5.535489559173583984e+00 -5.626730442047119141e+00
2.015151739120483398e+00 -5.611284732818603516e+00 -5.628093242645263672e+00
1.962949156761169434e+00 -5.687188625335693359e+00 -5.622118949890136719e+00
1.906236290931701660e+00 -5.764282226562500000e+00 -5.610351085662841797e+00
1.847203731536865234e+00 -5.844158172607421875e+00 -5.596291542053222656e+00
1.782627344131469727e+00 -5.922908782958984375e+00 -5.572358608245849609e+00
1.715120792388916016e+00 -6.004495143890380859e+00 -5.542115688323974609e+00
1.645360350608825684e+00 -6.088240623474121094e+00 -5.507583141326904297e+00
1.569357752799987793e+00 -6.175991058349609375e+00 -5.463203907012939453e+00
1.489269852638244629e+00 -6.267905235290527344e+00 -5.410773277282714844e+00
1.404008746147155762e+00 -6.362363338470458984e+00 -5.349469184875488281e+00
1.314745187759399414e+00 -6.458992958068847656e+00 -5.279892444610595703e+00
1.226269721984863281e+00 -6.557190895080566406e+00 -5.195837497711181641e+00
1.134255766868591309e+00 -6.654214382171630859e+00 -5.105344295501708984e+00
1.043982148170471191e+00 -6.749864578247070312e+00 -5.006242752075195312e+00
9.562687873840332031e-01 -6.840691089630126953e+00 -4.892722606658935547e+00
8.774238824844360352e-01 -6.921590328216552734e+00 -4.766676425933837891e+00
8.109717965126037598e-01 -6.990345478057861328e+00 -4.632892131805419922e+00
7.566008567810058594e-01 -7.045602321624755859e+00 -4.491246223449707031e+00
7.179642915725708008e-01 -7.086594104766845703e+00 -4.345400333404541016e+00
6.920233368873596191e-01 -7.116373062133789062e+00 -4.197904109954833984e+00
6.773374676704406738e-01 -7.136756420135498047e+00 -4.046466350555419922e+00
6.721610426902770996e-01 -7.149743080139160156e+00 -3.897766113281250000e+00
6.757903099060058594e-01 -7.156784534454345703e+00 -3.752696990966796875e+00
6.870207190513610840e-01 -7.161828994750976562e+00 -3.607909679412841797e+00
7.062457799911499023e-01 -7.163875579833984375e+00 -3.469761848449707031e+00
7.314249277114868164e-01 -7.164851188659667969e+00 -3.329642772674560547e+00
7.632064223289489746e-01 -7.165576934814453125e+00 -3.193176984786987305e+00
8.018276691436767578e-01 -7.165774822235107422e+00 -3.051928997039794922e+00
8.453620076179504395e-01 -7.165361881256103516e+00 -2.910040616989135742e+00
8.961679935455322266e-01 -7.164534091949462891e+00 -2.762782812118530273e+00
9.557642936706542969e-01 -7.161525726318359375e+00 -2.608095169067382812e+00
1.021645545959472656e+00 -7.157784461975097656e+00 -2.444609165191650391e+00
1.096459507942199707e+00 -7.150097846984863281e+00 -2.269407510757446289e+00
1.181194782257080078e+00 -7.135312080383300781e+00 -2.087044239044189453e+00
1.273818492889404297e+00 -7.113912105560302734e+00 -1.897639989852905273e+00
1.377282023429870605e+00 -7.081958293914794922e+00 -1.697089552879333496e+00
1.486371517181396484e+00 -7.037454128265380859e+00 -1.495195150375366211e+00
1.602774739265441895e+00 -6.976375579833984375e+00 -1.289650917053222656e+00
1.725149273872375488e+00 -6.898697853088378906e+00 -1.084505677223205566e+00
1.854512453079223633e+00 -6.805204868316650391e+00 -8.798372149467468262e-01
1.992577910423278809e+00 -6.697827816009521484e+00 -6.762580275535583496e-01
2.140420913696289062e+00 -6.583117485046386719e+00 -4.768989980220794678e-01
2.303115606307983398e+00 -6.463671684265136719e+00 -2.788820862770080566e-01
2.482332944869995117e+00 -6.344501018524169922e+00 -8.311524242162704468e-02
2.679126977920532227e+00 -6.228904247283935547e+00 1.083218231797218323e-01
2.891286134719848633e+00 -6.121774196624755859e+00 2.928364872932434082e-01
3.122318267822265625e+00 -6.022736072540283203e+00 4.757868945598602295e-01
3.372530698776245117e+00 -5.930448055267333984e+00 6.520631909370422363e-01
3.629495382308959961e+00 -5.848043441772460938e+00 8.223282098770141602e-01
3.893701791763305664e+00 -5.774178981781005859e+00 9.903792738914489746e-01
4.162452697753906250e+00 -5.706856250762939453e+00 1.159488320350646973e+00
4.426487922668457031e+00 -5.645878791809082031e+00 1.329269289970397949e+00
4.678030967712402344e+00 -5.590916633605957031e+00 1.501308560371398926e+00
4.915449619293212891e+00 -5.536731243133544922e+00 1.676203846931457520e+00
5.133476734161376953e+00 -5.480202674865722656e+00 1.853635787963867188e+00
5.337180137634277344e+00 -5.420415878295898438e+00 2.036568164825439453e+00
5.518314361572265625e+00 -5.354357719421386719e+00 2.223756074905395508e+00
5.681203365325927734e+00 -5.280207157135009766e+00 2.411115646362304688e+00
5.822205543518066406e+00 -5.196393013000488281e+00 2.595574855804443359e+00
5.941302776336669922e+00 -5.104458808898925781e+00 2.775903463363647461e+00
6.037696838378906250e+00 -5.002568721771240234e+00 2.951261997222900391e+00
6.110960006713867188e+00 -4.896253585815429688e+00 3.109323740005493164e+00
6.166166305541992188e+00 -4.788880825042724609e+00 3.258619308471679688e+00
6.199584960937500000e+00 -4.680502414703369141e+00 3.393087148666381836e+00
6.215406894683837891e+00 -4.576332092285156250e+00 3.511741638183593750e+00
6.217741489410400391e+00 -4.469238281250000000e+00 3.621695756912231445e+00
6.203685283660888672e+00 -4.368973255157470703e+00 3.715589523315429688e+00
6.175384521484375000e+00 -4.270413398742675781e+00 3.795927286148071289e+00
6.133737564086914062e+00 -4.173937797546386719e+00 3.866056203842163086e+00
6.081552982330322266e+00 -4.079407691955566406e+00 3.924586296081542969e+00
6.013701438903808594e+00 -3.984542131423950195e+00 3.973602533340454102e+00
5.932697296142578125e+00 -3.888802766799926758e+00 4.011793136596679688e+00
5.832672595977783203e+00 -3.789614677429199219e+00 4.041262626647949219e+00
5.717612743377685547e+00 -3.688325405120849609e+00 4.064885139465332031e+00
5.581851959228515625e+00 -3.584566354751586914e+00 4.080206871032714844e+00
5.419599533081054688e+00 -3.475641012191772461e+00 4.089602470397949219e+00
5.231245040893554688e+00 -3.364781379699707031e+00 4.095114231109619141e+00
5.010046958923339844e+00 -3.252402782440185547e+00 4.092827796936035156e+00
4.761926651000976562e+00 -3.138841629028320312e+00 4.081672191619873047e+00
4.482775688171386719e+00 -3.023563146591186523e+00 4.055292129516601562e+00
4.180014133453369141e+00 -2.906881570816040039e+00 4.013142108917236328e+00
3.863706827163696289e+00 -2.789283037185668945e+00 3.952598810195922852e+00
3.542551755905151367e+00 -2.670291423797607422e+00 3.871358394622802734e+00
3.212299108505249023e+00 -2.545992851257324219e+00 3.770968437194824219e+00
2.890897512435913086e+00 -2.430260181427001953e+00 3.661232948303222656e+00
2.574646472930908203e+00 -2.327397584915161133e+00 3.548156261444091797e+00
2.255520820617675781e+00 -2.242005348205566406e+00 3.424206495285034180e+00
1.936606764793395996e+00 -2.178273916244506836e+00 3.280334949493408203e+00
1.626984357833862305e+00 -2.136873245239257812e+00 3.106159448623657227e+00
1.335558176040649414e+00 -2.120880365371704102e+00 2.900828599929809570e+00
1.077691912651062012e+00 -2.135001182556152344e+00 2.671835660934448242e+00
8.540343046188354492e-01 -2.172517299652099609e+00 2.430016517639160156e+00
6.711375713348388672e-01 -2.228306770324707031e+00 2.194300413131713867e+00
5.266079902648925781e-01 -2.290525197982788086e+00 1.977440714836120605e+00
4.124103188514709473e-01 -2.353632211685180664e+00 1.787655115127563477e+00
3.245497643947601318e-01 -2.413939714431762695e+00 1.625147700309753418e+00
2.579663097858428955e-01 -2.473606348037719727e+00 1.484064936637878418e+00
2.097261846065521240e-01 -2.527380466461181641e+00 1.365201592445373535e+00
1.747256219387054443e-01 -2.579602003097534180e+00 1.261970043182373047e+00
1.557348817586898804e-01 -2.630115270614624023e+00 1.173959374427795410e+00
1.496117264032363892e-01 -2.680531501770019531e+00 1.094087004661560059e+00
1.569999605417251587e-01 -2.732979536056518555e+00 1.020205974578857422e+00
1.767976582050323486e-01 -2.789178848266601562e+00 9.501609802246093750e-01
2.108345031738281250e-01 -2.848990201950073242e+00 8.817816376686096191e-01
2.609891593456268311e-01 -2.914434909820556641e+00 8.148030638694763184e-01
3.307497501373291016e-01 -2.987620592117309570e+00 7.453151345252990723e-01
4.238495230674743652e-01 -3.066987752914428711e+00 6.801004409790039062e-01
5.404037833213806152e-01 -3.153673171997070312e+00 6.170441508293151855e-01
6.846669316291809082e-01 -3.244175910949707031e+00 5.603030920028686523e-01
8.590207099914550781e-01 -3.333201169967651367e+00 5.142682194709777832e-01
1.058705449104309082e+00 -3.413453578948974609e+00 4.839501082897186279e-01
1.279970884323120117e+00 -3.475599288940429688e+00 4.746485650539398193e-01
1.513173460960388184e+00 -3.516313076019287109e+00 4.896710515022277832e-01
1.749068617820739746e+00 -3.527017354965209961e+00 5.275593996047973633e-01
1.977352380752563477e+00 -3.508350849151611328e+00 5.879828929901123047e-01
2.192067384719848633e+00 -3.454960584640502930e+00 6.687896847724914551e-01
2.383099555969238281e+00 -3.378652095794677734e+00 7.625314593315124512e-01
2.552898406982421875e+00 -3.280555486679077148e+00 8.615104556083679199e-01
2.692071437835693359e+00 -3.163853645324707031e+00 9.645694494247436523e-01
2.807202100753784180e+00 -3.040852546691894531e+00 1.064549207687377930e+00
2.899459838867187500e+00 -2.916831254959106445e+00 1.160732030868530273e+00
2.966534852981567383e+00 -2.792310237884521484e+00 1.251993775367736816e+00
3.016632318496704102e+00 -2.672204732894897461e+00 1.338906526565551758e+00
3.052853584289550781e+00 -2.553503274917602539e+00 1.428080081939697266e+00
3.073503971099853516e+00 -2.435547590255737305e+00 1.521226882934570312e+00
3.078374862670898438e+00 -2.316533803939819336e+00 1.623410582542419434e+00
3.066480636596679688e+00 -2.197452068328857422e+00 1.737150907516479492e+00
3.033838272094726562e+00 -2.069499254226684570e+00 1.865215063095092773e+00
2.978229045867919922e+00 -1.931916594505310059e+00 2.007820844650268555e+00
2.898544311523437500e+00 -1.779698133468627930e+00 2.161962270736694336e+00
2.786878347396850586e+00 -1.609789013862609863e+00 2.324951171875000000e+00
2.642723560333251953e+00 -1.423914313316345215e+00 2.491207599639892578e+00
2.461901664733886719e+00 -1.230172276496887207e+00 2.654464244842529297e+00
2.249293327331542969e+00 -1.035270333290100098e+00 2.808627128601074219e+00
2.013021469116210938e+00 -8.496926426887512207e-01 2.947065114974975586e+00
1.757030725479125977e+00 -6.723196506500244141e-01 3.070019245147705078e+00
1.486923456192016602e+00 -5.020222663879394531e-01 3.184411764144897461e+00
1.200321912765502930e+00 -3.391117453575134277e-01 3.293941974639892578e+00
8.967114686965942383e-01 -1.853743493556976318e-01 3.400547742843627930e+00
5.699125528335571289e-01 -4.106079414486885071e-02 3.507486343383789062e+00
2.355230152606964111e-01 8.872474730014801025e-02 3.608585357666015625e+00
-1.052469462156295776e-01 2.019666880369186401e-01 3.708048105239868164e+00
-4.396705031394958496e-01 2.953374385833740234e-01 3.803639888763427734e+00
-7.513018250465393066e-01 3.694392144680023193e-01 3.892801046371459961e+00
-1.053305149078369141e+00 4.252972602844238281e-01 3.982882976531982422e+00
-1.336712837219238281e+00 4.705250859260559082e-01 4.072243690490722656e+00
-1.601142287254333496e+00 5.056439042091369629e-01 4.160096645355224609e+00
-1.844426989555358887e+00 5.362765192985534668e-01 4.246838569641113281e+00
-2.078030347824096680e+00 5.644622445106506348e-01 4.335042476654052734e+00
-2.296634197235107422e+00 5.917363166809082031e-01 4.421899318695068359e+00
-2.501908540725708008e+00 6.226567625999450684e-01 4.508534431457519531e+00
-2.695077657699584961e+00 6.556906700134277344e-01 4.593822479248046875e+00
-2.875160217285156250e+00 6.932706236839294434e-01 4.677148818969726562e+00
-3.044758319854736328e+00 7.353454828262329102e-01 4.756410598754882812e+00
-3.197785854339599609e+00 7.820976972579956055e-01 4.831361293792724609e+00
-3.342439174652099609e+00 8.392657637596130371e-01 4.905525684356689453e+00
-3.481299161911010742e+00 8.995425105094909668e-01 4.977955341339111328e+00
-3.614982366561889648e+00 9.676643013954162598e-01 5.048878192901611328e+00
-3.738945245742797852e+00 1.040873289108276367e+00 5.116921901702880859e+00
-3.856702566146850586e+00 1.123152852058410645e+00 5.183629512786865234e+00
-3.964546680450439453e+00 1.206444740295410156e+00 5.245714664459228516e+00
-4.063227176666259766e+00 1.298199176788330078e+00 5.305307865142822266e+00
-4.155546188354492188e+00 1.398140311241149902e+00 5.362690448760986328e+00
-4.242797374725341797e+00 1.502031922340393066e+00 5.418415069580078125e+00
-4.321615695953369141e+00 1.609596610069274902e+00 5.470633983612060547e+00
-4.394161701202392578e+00 1.718249797821044922e+00 5.520646095275878906e+00
-4.461751937866210938e+00 1.831093907356262207e+00 5.567997455596923828e+00
-4.523812770843505859e+00 1.946548104286193848e+00 5.612823486328125000e+00
-4.584298133850097656e+00 2.062937498092651367e+00 5.656293869018554688e+00
-4.635307788848876953e+00 2.176167964935302734e+00 5.695053577423095703e+00
-4.687077045440673828e+00 2.293136119842529297e+00 5.734207153320312500e+00
-4.736184120178222656e+00 2.412483692169189453e+00 5.771554946899414062e+00
-4.783927440643310547e+00 2.535221576690673828e+00 5.806810855865478516e+00
-4.828677177429199219e+00 2.656216621398925781e+00 5.841234683990478516e+00
-4.874589443206787109e+00 2.779011487960815430e+00 5.874082088470458984e+00
-4.919352531433105469e+00 2.904989480972290039e+00 5.906083106994628906e+00
-4.964786052703857422e+00 3.034773588180541992e+00 5.937317848205566406e+00
-5.005755901336669922e+00 3.164648056030273438e+00 5.964329719543457031e+00
-5.050018787384033203e+00 3.296365022659301758e+00 5.992462158203125000e+00
-5.094675540924072266e+00 3.431782722473144531e+00 6.018909454345703125e+00
-5.137719631195068359e+00 3.567377328872680664e+00 6.044890880584716797e+00
-5.178923130035400391e+00 3.698001384735107422e+00 6.065979480743408203e+00
-5.217395305633544922e+00 3.835248231887817383e+00 6.084611892700195312e+00
-5.268954753875732422e+00 3.958838939666748047e+00 6.101912975311279297e+00
-5.323498249053955078e+00 4.079742908477783203e+00 6.125956058502197266e+00
-5.366206645965576172e+00 4.196034908294677734e+00 6.145451068878173828e+00
-5.406534194946289062e+00 4.310322284698486328e+00 6.167947769165039062e+00
-5.431835174560546875e+00 4.425028800964355469e+00 6.207879066467285156e+00
-5.424821853637695312e+00 4.545466423034667969e+00 6.282116889953613281e+00
-5.468348979949951172e+00 4.643782615661621094e+00 6.354657649993896484e+00
-5.565558433532714844e+00 4.712563514709472656e+00 6.381290912628173828e+00
-5.438283920288085938e+00 4.831284046173095703e+00 6.072448730468750000e+00
-5.631317138671875000e+00 4.876618385314941406e+00 6.406628608703613281e+00
-5.860833168029785156e+00 4.887345314025878906e+00 6.203926086425781250e+00
-5.892666816711425781e+00 4.952157497406005859e+00 6.173967361450195312e+00
-5.912135124206542969e+00 5.017474651336669922e+00 5.934547424316406250e+00
-5.894418239593505859e+00 5.091302394866943359e+00 5.848978996276855469e+00
-5.882772922515869141e+00 5.164340496063232422e+00 5.795649528503417969e+00
-5.345781803131103516e+00 5.346017837524414062e+00 6.245531558990478516e+00
-5.313555717468261719e+00 5.420294284820556641e+00 6.144939899444580078e+00
-5.325500965118408203e+00 5.490334033966064453e+00 5.971730709075927734e+00
-5.403081893920898438e+00 5.555515289306640625e+00 5.800368785858154297e+00
-5.897174358367919922e+00 5.506206035614013672e+00 5.691384315490722656e+00
-5.881600856781005859e+00 5.588115215301513672e+00 5.670295238494873047e+00
-5.352643013000488281e+00 5.768523216247558594e+00 5.948883533477783203e+00
-5.850715637207031250e+00 5.750445365905761719e+00 5.676823139190673828e+00
-5.817648887634277344e+00 5.840039253234863281e+00 5.692770004272460938e+00
-5.772968769073486328e+00 5.941474437713623047e+00 5.724361896514892578e+00
-5.698471069335937500e+00 6.053021907806396484e+00 5.780713081359863281e+00
-5.634810447692871094e+00 6.146195888519287109e+00 5.870789051055908203e+00
-5.614074707031250000e+00 6.214189052581787109e+00 5.946265697479248047e+00
-5.427652359008789062e+00 6.123972415924072266e+00 6.368733406066894531e+00
-5.599774360656738281e+00 6.336026191711425781e+00 6.101576805114746094e+00
-5.624654293060302734e+00 6.393681049346923828e+00 6.154670238494873047e+00
-5.574400424957275391e+00 6.147195339202880859e+00 6.621545791625976562e+00
-5.681210994720458984e+00 6.505650520324707031e+00 6.282742977142333984e+00
-5.664271354675292969e+00 6.186102390289306641e+00 6.748046398162841797e+00
-5.735313892364501953e+00 6.161259651184082031e+00 6.822854518890380859e+00
-5.773470401763916016e+00 6.588442325592041016e+00 6.525160789489746094e+00
-5.812482357025146484e+00 6.598966121673583984e+00 6.617856025695800781e+00
-5.859990596771240234e+00 6.594204902648925781e+00 6.730293750762939453e+00
-5.920518398284912109e+00 6.579497337341308594e+00 6.815763950347900391e+00
-6.055858612060546875e+00 6.181701183319091797e+00 7.017264366149902344e+00
-6.060038566589355469e+00 6.572529315948486328e+00 6.914902210235595703e+00
-6.219615936279296875e+00 6.148535251617431641e+00 7.040499210357666016e+00
-6.214083671569824219e+00 6.535733699798583984e+00 6.990554332733154297e+00
-6.375855445861816406e+00 6.146407604217529297e+00 7.040151596069335938e+00
-6.461567401885986328e+00 6.127967834472656250e+00 7.012104988098144531e+00
-6.545691490173339844e+00 6.099616050720214844e+00 6.975766658782958984e+00
-6.505891323089599609e+00 6.501874923706054688e+00 6.988545894622802734e+00
-6.592881679534912109e+00 6.467988014221191406e+00 6.975615024566650391e+00
-6.762759685516357422e+00 6.096216678619384766e+00 6.837760448455810547e+00
-6.822634220123291016e+00 6.124677181243896484e+00 6.792545795440673828e+00
-6.880177497863769531e+00 6.119869709014892578e+00 6.717205524444580078e+00
-6.927582740783691406e+00 6.155696392059326172e+00 6.640242576599121094e+00
-6.975332260131835938e+00 6.163050174713134766e+00 6.522405147552490234e+00
-7.004547595977783203e+00 6.184714317321777344e+00 6.412754535675048828e+00
-7.024307250976562500e+00 6.220891952514648438e+00 6.294523239135742188e+00
-7.074512004852294922e+00 6.289904117584228516e+00 6.272794246673583984e+00
-7.059449672698974609e+00 6.347638607025146484e+00 6.143552303314208984e+00
-7.038432598114013672e+00 6.426166534423828125e+00 6.036781787872314453e+00
-7.021973133087158203e+00 6.516697406768798828e+00 5.962274074554443359e+00
-7.022096633911132812e+00 6.603213787078857422e+00 5.912225246429443359e+00
-6.984101295471191406e+00 6.725364685058593750e+00 5.855877399444580078e+00
-6.955646991729736328e+00 6.857442378997802734e+00 5.859580993652343750e+00
-6.943474769592285156e+00 6.980505943298339844e+00 5.883388519287109375e+00
-6.935912609100341797e+00 7.098200321197509766e+00 5.921511650085449219e+00
-6.983404159545898438e+00 7.188070774078369141e+00 5.973942279815673828e+00
-7.042485713958740234e+00 7.270655155181884766e+00 6.036906242370605469e+00
-7.170899868011474609e+00 7.310963630676269531e+00 6.073261260986328125e+00
-7.225782871246337891e+00 7.395907878875732422e+00 6.115571975708007812e+00
-7.301273822784423828e+00 7.455739498138427734e+00 6.148772239685058594e+00
-7.363119125366210938e+00 7.534912586212158203e+00 6.191117286682128906e+00
-7.416964530944824219e+00 7.625077724456787109e+00 6.245800495147705078e+00
-7.484344482421875000e+00 7.707518577575683594e+00 6.269174575805664062e+00
-7.547498226165771484e+00 7.792142868041992188e+00 6.321844100952148438e+00
-7.611818313598632812e+00 7.887414932250976562e+00 6.357507228851318359e+00
-7.680350303649902344e+00 7.984671115875244141e+00 6.395511150360107422e+00
-7.752532482147216797e+00 8.088229179382324219e+00 6.429585933685302734e+00
-7.830701828002929688e+00 8.196321487426757812e+00 6.466206550598144531e+00
-7.913355350494384766e+00 8.309571266174316406e+00 6.503341674804687500e+00
-7.998475551605224609e+00 8.431619644165039062e+00 6.542867183685302734e+00
-8.086250305175781250e+00 8.555909156799316406e+00 6.582889556884765625e+00
-8.176618576049804688e+00 8.681464195251464844e+00 6.622050285339355469e+00
-8.264669418334960938e+00 8.805844306945800781e+00 6.659592628479003906e+00
-8.350598335266113281e+00 8.928241729736328125e+00 6.697147846221923828e+00
-8.435788154602050781e+00 9.043314933776855469e+00 6.733217239379882812e+00
-8.522608757019042969e+00 9.156852722167968750e+00 6.770593643188476562e+00
-8.621346473693847656e+00 9.273015022277832031e+00 6.811834335327148438e+00
2.857328891754150391e+00 -8.616520881652832031e+00 -7.865055799484252930e-01
2.898483037948608398e+00 -8.546671867370605469e+00 -6.425783634185791016e-01
2.940742015838623047e+00 -8.485692024230957031e+00 -4.972570836544036865e-01
2.989517688751220703e+00 -8.428440093994140625e+00 -3.381805121898651123e-01
3.044385194778442383e+00 -8.364262580871582031e+00 -1.549704521894454956e-01
3.109323263168334961e+00 -8.291893005371093750e+00 5.597345530986785889e-02
3.188183784484863281e+00 -8.210962295532226562e+00 2.923182547092437744e-01
3.280625343322753906e+00 -8.122126579284667969e+00 5.458078384399414062e-01
3.388270139694213867e+00 -8.028203010559082031e+00 8.081373572349548340e-01
3.511735677719116211e+00 -7.928279399871826172e+00 1.076708912849426270e+00
3.651969671249389648e+00 -7.822951316833496094e+00 1.346953868865966797e+00
3.811057329177856445e+00 -7.708932876586914062e+00 1.618076086044311523e+00
3.989292383193969727e+00 -7.582992553710937500e+00 1.889423489570617676e+00
4.183652400970458984e+00 -7.441635131835937500e+00 2.162106990814208984e+00
4.395938396453857422e+00 -7.282542228698730469e+00 2.435484409332275391e+00
4.619409084320068359e+00 -7.102492809295654297e+00 2.706497430801391602e+00
4.851877689361572266e+00 -6.900022029876708984e+00 2.974113702774047852e+00
5.085779666900634766e+00 -6.680372714996337891e+00 3.234147548675537109e+00
5.309180259704589844e+00 -6.451217174530029297e+00 3.479022979736328125e+00
5.525650978088378906e+00 -6.219190597534179688e+00 3.713559627532958984e+00
5.718073368072509766e+00 -5.998644351959228516e+00 3.934305191040039062e+00
5.884913444519042969e+00 -5.798422813415527344e+00 4.139157772064208984e+00
6.020564556121826172e+00 -5.617210388183593750e+00 4.329086303710937500e+00
6.129267215728759766e+00 -5.455612659454345703e+00 4.511330604553222656e+00
6.211263656616210938e+00 -5.313137531280517578e+00 4.680546760559082031e+00
6.267836570739746094e+00 -5.188483238220214844e+00 4.841289997100830078e+00
6.305280685424804688e+00 -5.079155921936035156e+00 4.994379520416259766e+00
6.322173118591308594e+00 -4.983454227447509766e+00 5.140387058258056641e+00
6.324359416961669922e+00 -4.897056579589843750e+00 5.279193401336669922e+00
6.314571380615234375e+00 -4.818472385406494141e+00 5.413101196289062500e+00
6.293957710266113281e+00 -4.744619369506835938e+00 5.541726112365722656e+00
6.261453151702880859e+00 -4.676344871520996094e+00 5.665907859802246094e+00
6.220574378967285156e+00 -4.611883163452148438e+00 5.786231040954589844e+00
6.167835712432861328e+00 -4.549633979797363281e+00 5.904367923736572266e+00
6.103001117706298828e+00 -4.489961624145507812e+00 6.020132541656494141e+00
6.030422210693359375e+00 -4.431835174560546875e+00 6.133663654327392578e+00
5.946829319000244141e+00 -4.375447273254394531e+00 6.245238780975341797e+00
5.859943866729736328e+00 -4.322205543518066406e+00 6.351578712463378906e+00
5.757929801940917969e+00 -4.268693923950195312e+00 6.458740711212158203e+00
5.646965980529785156e+00 -4.216020584106445312e+00 6.564130306243896484e+00
5.528204917907714844e+00 -4.166794300079345703e+00 6.664561271667480469e+00
5.392740249633789062e+00 -4.118187904357910156e+00 6.762629985809326172e+00
5.248673439025878906e+00 -4.070271015167236328e+00 6.857522010803222656e+00
5.096037864685058594e+00 -4.023878574371337891e+00 6.946934700012207031e+00
4.931403160095214844e+00 -3.978158473968505859e+00 7.031704902648925781e+00
4.754673004150390625e+00 -3.931441783905029297e+00 7.111762046813964844e+00
4.562674045562744141e+00 -3.883557558059692383e+00 7.187058448791503906e+00
4.362226963043212891e+00 -3.835899591445922852e+00 7.252829551696777344e+00
4.146959304809570312e+00 -3.784373283386230469e+00 7.311483383178710938e+00
3.916976451873779297e+00 -3.728195190429687500e+00 7.360564231872558594e+00
3.675973176956176758e+00 -3.664981603622436523e+00 7.396766185760498047e+00
3.415025472640991211e+00 -3.591630220413208008e+00 7.418200969696044922e+00
3.144066095352172852e+00 -3.509516716003417969e+00 7.422815322875976562e+00
2.856287956237792969e+00 -3.415761709213256836e+00 7.406789302825927734e+00
2.555328845977783203e+00 -3.313022613525390625e+00 7.365401268005371094e+00
2.251082181930541992e+00 -3.205502271652221680e+00 7.300045013427734375e+00
1.931738257408142090e+00 -3.092599868774414062e+00 7.205271244049072266e+00
1.610707759857177734e+00 -2.980299472808837891e+00 7.083467483520507812e+00
1.290150880813598633e+00 -2.869875907897949219e+00 6.935872554779052734e+00
9.674692153930664062e-01 -2.763729333877563477e+00 6.763020038604736328e+00
6.537161469459533691e-01 -2.665795326232910156e+00 6.571072101593017578e+00
3.360472023487091064e-01 -2.572673797607421875e+00 6.353965759277343750e+00
2.010138332843780518e-02 -2.491304159164428711e+00 6.115290164947509766e+00
-2.873653769493103027e-01 -2.423622131347656250e+00 5.861415386199951172e+00
-5.879172086715698242e-01 -2.370588302612304688e+00 5.593811035156250000e+00
-8.716080784797668457e-01 -2.334607362747192383e+00 5.322936534881591797e+00
-1.134679555892944336e+00 -2.317024946212768555e+00 5.055544376373291016e+00
-1.369383096694946289e+00 -2.311639547348022461e+00 4.803356647491455078e+00
-1.583335161209106445e+00 -2.319131612777709961e+00 4.564474582672119141e+00
-1.768466949462890625e+00 -2.334599733352661133e+00 4.347702503204345703e+00
-1.926821827888488770e+00 -2.357898235321044922e+00 4.154621124267578125e+00
-2.061677932739257812e+00 -2.387573719024658203e+00 3.978581190109252930e+00
-2.177224874496459961e+00 -2.420691728591918945e+00 3.825696945190429688e+00
-2.269745349884033203e+00 -2.454026460647583008e+00 3.685099840164184570e+00
-2.347798824310302734e+00 -2.496461153030395508e+00 3.560633420944213867e+00
-2.408715248107910156e+00 -2.543172836303710938e+00 3.448224782943725586e+00
-2.455500841140747070e+00 -2.595396280288696289e+00 3.344520807266235352e+00
-2.479770898818969727e+00 -2.656791448593139648e+00 3.251020193099975586e+00
-2.487427711486816406e+00 -2.721803665161132812e+00 3.166291713714599609e+00
-2.470910787582397461e+00 -2.795629024505615234e+00 3.090229511260986328e+00
-2.436121463775634766e+00 -2.880325078964233398e+00 3.020851373672485352e+00
-2.380759477615356445e+00 -2.974807977676391602e+00 2.960609674453735352e+00
-2.302462100982666016e+00 -3.087613582611083984e+00 2.905247211456298828e+00
-2.200617790222167969e+00 -3.218999862670898438e+00 2.858029127120971680e+00
-2.081265926361083984e+00 -3.367354869842529297e+00 2.810547351837158203e+00
-1.945688366889953613e+00 -3.533029079437255859e+00 2.755972146987915039e+00
-1.789920330047607422e+00 -3.713918447494506836e+00 2.694001913070678711e+00
-1.614361405372619629e+00 -3.910090446472167969e+00 2.616926431655883789e+00
-1.418084502220153809e+00 -4.114907264709472656e+00 2.526983261108398438e+00
-1.203144073486328125e+00 -4.316856861114501953e+00 2.434350252151489258e+00
-9.743098020553588867e-01 -4.511561870574951172e+00 2.345414400100708008e+00
-7.355717420578002930e-01 -4.696066379547119141e+00 2.273163795471191406e+00
-4.925199449062347412e-01 -4.869471073150634766e+00 2.229686975479125977e+00
-2.486091703176498413e-01 -5.038198947906494141e+00 2.220137119293212891e+00
-1.059310976415872574e-02 -5.202539920806884766e+00 2.250618457794189453e+00
2.183139175176620483e-01 -5.362071037292480469e+00 2.323451757431030273e+00
4.336067736148834229e-01 -5.516075134277343750e+00 2.439715623855590820e+00
6.344283819198608398e-01 -5.659506797790527344e+00 2.594035148620605469e+00
8.121245503425598145e-01 -5.786595821380615234e+00 2.779634952545166016e+00
9.657184481620788574e-01 -5.901323795318603516e+00 2.996894598007202148e+00
1.090578198432922363e+00 -6.004118442535400391e+00 3.232925653457641602e+00
1.194997668266296387e+00 -6.088365554809570312e+00 3.485019207000732422e+00
1.280925750732421875e+00 -6.159339904785156250e+00 3.750225067138671875e+00
1.350318312644958496e+00 -6.215140342712402344e+00 4.014937877655029297e+00
1.411015391349792480e+00 -6.258965492248535156e+00 4.281816482543945312e+00
1.465708851814270020e+00 -6.290342330932617188e+00 4.542905807495117188e+00
1.518123745918273926e+00 -6.309529781341552734e+00 4.799552917480468750e+00
1.570529222488403320e+00 -6.320919513702392578e+00 5.045870780944824219e+00
1.622322320938110352e+00 -6.324716091156005859e+00 5.281458854675292969e+00
1.673047304153442383e+00 -6.321894645690917969e+00 5.496728420257568359e+00
1.727004885673522949e+00 -6.315382480621337891e+00 5.701753616333007812e+00
1.782189965248107910e+00 -6.307189941406250000e+00 5.890167713165283203e+00
1.835250854492187500e+00 -6.297302246093750000e+00 6.061448097229003906e+00
1.888865947723388672e+00 -6.286553859710693359e+00 6.217109680175781250e+00
1.941813588142395020e+00 -6.274902343750000000e+00 6.358619213104248047e+00
1.994419097900390625e+00 -6.263601779937744141e+00 6.486228942871093750e+00
2.044001817703247070e+00 -6.252199649810791016e+00 6.603862762451171875e+00
2.095462560653686523e+00 -6.240660190582275391e+00 6.710451126098632812e+00
2.146093845367431641e+00 -6.227776050567626953e+00 6.808843612670898438e+00
2.188592910766601562e+00 -6.215552330017089844e+00 6.902695178985595703e+00
2.230246782302856445e+00 -6.202390193939208984e+00 6.991159915924072266e+00
2.266764402389526367e+00 -6.188943386077880859e+00 7.072459220886230469e+00
2.291831731796264648e+00 -6.175878524780273438e+00 7.152363300323486328e+00
2.310151815414428711e+00 -6.164328098297119141e+00 7.230238437652587891e+00
2.317618131637573242e+00 -6.151769161224365234e+00 7.304003715515136719e+00
2.308604717254638672e+00 -6.140689849853515625e+00 7.377875328063964844e+00
2.293144464492797852e+00 -6.130434036254882812e+00 7.448726177215576172e+00
2.265958786010742188e+00 -6.121456623077392578e+00 7.519654750823974609e+00
2.228858470916748047e+00 -6.115260124206542969e+00 7.592537879943847656e+00
2.180930137634277344e+00 -6.109801769256591797e+00 7.667580604553222656e+00
2.120687246322631836e+00 -6.103991031646728516e+00 7.744435787200927734e+00
2.055620431900024414e+00 -6.097538948059082031e+00 7.827631473541259766e+00
1.981202125549316406e+00 -6.088261127471923828e+00 7.917917728424072266e+00
1.906192064285278320e+00 -6.074760913848876953e+00 8.020755767822265625e+00
1.819181323051452637e+00 -6.057432651519775391e+00 8.129583358764648438e+00
1.733050584793090820e+00 -6.036127567291259766e+00 8.248022079467773438e+00
1.644799828529357910e+00 -6.011122226715087891e+00 8.371407508850097656e+00
1.558595895767211914e+00 -5.982835292816162109e+00 8.495615959167480469e+00
1.475631237030029297e+00 -5.952343463897705078e+00 8.617667198181152344e+00
1.400559186935424805e+00 -5.920772552490234375e+00 8.732605934143066406e+00
1.331457614898681641e+00 -5.886383533477783203e+00 8.846135139465332031e+00
1.271559000015258789e+00 -5.846549987792968750e+00 8.963186264038085938e+00
1.114272356033325195e+00 -1.125214004516601562e+01 3.209926486015319824e-01
1.047301292419433594e+00 -1.123402786254882812e+01 1.832648962736129761e-01
9.842976927757263184e-01 -1.120968723297119141e+01 5.639817193150520325e-02
9.210355877876281738e-01 -1.118225002288818359e+01 -6.918369978666305542e-02
8.552796840667724609e-01 -1.115224266052246094e+01 -2.043312340974807739e-01
7.866352796554565430e-01 -1.111946868896484375e+01 -3.479333221912384033e-01
7.160077691078186035e-01 -1.108291053771972656e+01 -5.009384751319885254e-01
6.420797705650329590e-01 -1.104365921020507812e+01 -6.620450019836425781e-01
5.658494234085083008e-01 -1.100117015838623047e+01 -8.268376588821411133e-01
4.895193576812744141e-01 -1.095616340637207031e+01 -9.951812624931335449e-01
4.140265583992004395e-01 -1.090839958190917969e+01 -1.165783882141113281e+00
3.362333476543426514e-01 -1.085869026184082031e+01 -1.332505583763122559e+00
2.591326236724853516e-01 -1.080548000335693359e+01 -1.499459743499755859e+00
1.815342754125595093e-01 -1.074860000610351562e+01 -1.666515350341796875e+00
1.035997867584228516e-01 -1.068921947479248047e+01 -1.827210307121276855e+00
2.916314825415611267e-02 -1.062524127960205078e+01 -1.987335205078125000e+00
-4.913485050201416016e-02 -1.055636787414550781e+01 -2.148816823959350586e+00
-1.247741580009460449e-01 -1.048125648498535156e+01 -2.309211015701293945e+00
-2.014195472002029419e-01 -1.040006542205810547e+01 -2.468567371368408203e+00
-2.746658623218536377e-01 -1.031517887115478516e+01 -2.621963262557983398e+00
-3.426234126091003418e-01 -1.022467136383056641e+01 -2.772393703460693359e+00
-4.100040197372436523e-01 -1.012468147277832031e+01 -2.921962022781372070e+00
-4.713525474071502686e-01 -1.001715946197509766e+01 -3.069347858428955078e+00
-5.305528044700622559e-01 -9.901046752929687500e+00 -3.219788074493408203e+00
-5.828502178192138672e-01 -9.777401924133300781e+00 -3.359169006347656250e+00
-6.310328841209411621e-01 -9.647421836853027344e+00 -3.494465351104736328e+00
-6.761376261711120605e-01 -9.508889198303222656e+00 -3.624950885772705078e+00
-7.192845940589904785e-01 -9.362462043762207031e+00 -3.754130840301513672e+00
-7.601335048675537109e-01 -9.212240219116210938e+00 -3.869993925094604492e+00
-7.998661994934082031e-01 -9.061306953430175781e+00 -3.973867893218994141e+00
-8.411178588867187500e-01 -8.904693603515625000e+00 -4.068128585815429688e+00
-8.859504461288452148e-01 -8.750866889953613281e+00 -4.148832798004150391e+00
-9.292818903923034668e-01 -8.596795082092285156e+00 -4.220322608947753906e+00
-9.749677777290344238e-01 -8.443981170654296875e+00 -4.278229236602783203e+00
-1.020301938056945801e+00 -8.298846244812011719e+00 -4.326490879058837891e+00
-1.065256953239440918e+00 -8.162659645080566406e+00 -4.351659297943115234e+00
-1.110125899314880371e+00 -8.028901100158691406e+00 -4.374042987823486328e+00
-1.155199527740478516e+00 -7.903357505798339844e+00 -4.386993408203125000e+00
-1.198125004768371582e+00 -7.784824371337890625e+00 -4.386864185333251953e+00
-1.239122629165649414e+00 -7.675097465515136719e+00 -4.381923675537109375e+00
-1.277121424674987793e+00 -7.569991588592529297e+00 -4.367668628692626953e+00
-1.313265681266784668e+00 -7.470658302307128906e+00 -4.349190711975097656e+00
-1.343032836914062500e+00 -7.382499217987060547e+00 -4.314477920532226562e+00
-1.368385195732116699e+00 -7.301927566528320312e+00 -4.275743484497070312e+00
-1.386996507644653320e+00 -7.232765674591064453e+00 -4.229570388793945312e+00
-1.403665304183959961e+00 -7.166454792022705078e+00 -4.172350406646728516e+00
-1.415651798248291016e+00 -7.108784675598144531e+00 -4.110046863555908203e+00
-1.420917391777038574e+00 -7.059866905212402344e+00 -4.034677505493164062e+00
-1.422761797904968262e+00 -7.017183780670166016e+00 -3.954473257064819336e+00
-1.419718265533447266e+00 -6.983398437500000000e+00 -3.863863229751586914e+00
-1.413015961647033691e+00 -6.954334259033203125e+00 -3.765205621719360352e+00
-1.402506470680236816e+00 -6.931949138641357422e+00 -3.654092788696289062e+00
-1.388242483139038086e+00 -6.916111946105957031e+00 -3.531053781509399414e+00
-1.371815919876098633e+00 -6.903451442718505859e+00 -3.394460916519165039e+00
-1.355562448501586914e+00 -6.887330532073974609e+00 -3.242570161819458008e+00
-1.334899902343750000e+00 -6.879846572875976562e+00 -3.070293188095092773e+00
-1.312393188476562500e+00 -6.873398780822753906e+00 -2.878968000411987305e+00
-1.290200591087341309e+00 -6.872358322143554688e+00 -2.661952257156372070e+00
-1.267026901245117188e+00 -6.872094631195068359e+00 -2.419693470001220703e+00
-1.240291953086853027e+00 -6.881690502166748047e+00 -2.151372194290161133e+00
-1.211020588874816895e+00 -6.897292613983154297e+00 -1.862070918083190918e+00
-1.176840186119079590e+00 -6.918430805206298828e+00 -1.553938984870910645e+00
-1.135764598846435547e+00 -6.945771217346191406e+00 -1.235007286071777344e+00
-1.083759546279907227e+00 -6.980123996734619141e+00 -9.050273895263671875e-01
-1.013729095458984375e+00 -7.019703865051269531e+00 -5.769265294075012207e-01
-9.193961024284362793e-01 -7.067349910736083984e+00 -2.595081031322479248e-01
-7.955947518348693848e-01 -7.127843856811523438e+00 3.817824646830558777e-02
-6.387738585472106934e-01 -7.205622673034667969e+00 3.196521997451782227e-01
-4.497995972633361816e-01 -7.296639442443847656e+00 5.908707380294799805e-01
-2.335530370473861694e-01 -7.398646831512451172e+00 8.541628718376159668e-01
4.781086463481187820e-03 -7.503555297851562500e+00 1.114728689193725586e+00
2.710193097591400146e-01 -7.612954139709472656e+00 1.377884864807128906e+00
5.520787239074707031e-01 -7.715361595153808594e+00 1.643186092376708984e+00
8.422588706016540527e-01 -7.803605079650878906e+00 1.903513908386230469e+00
1.143157720565795898e+00 -7.869468212127685547e+00 2.157699346542358398e+00
1.459993124008178711e+00 -7.907261848449707031e+00 2.413886308670043945e+00
1.778291344642639160e+00 -7.904417514801025391e+00 2.657312393188476562e+00
2.097666025161743164e+00 -7.862327575683593750e+00 2.893928289413452148e+00
2.408010482788085938e+00 -7.785232543945312500e+00 3.124782562255859375e+00
2.697862863540649414e+00 -7.678888797760009766e+00 3.341105699539184570e+00
2.965859651565551758e+00 -7.552489757537841797e+00 3.541019439697265625e+00
3.212074518203735352e+00 -7.405741214752197266e+00 3.723383188247680664e+00
3.430073022842407227e+00 -7.246416091918945312e+00 3.884199380874633789e+00
3.619499683380126953e+00 -7.071383953094482422e+00 4.028629779815673828e+00
3.785348415374755859e+00 -6.886639595031738281e+00 4.166711330413818359e+00
3.914067745208740234e+00 -6.703805923461914062e+00 4.292944908142089844e+00
4.012096405029296875e+00 -6.525112628936767578e+00 4.411151885986328125e+00
4.078080177307128906e+00 -6.353857040405273438e+00 4.524749279022216797e+00
4.116716861724853516e+00 -6.188263893127441406e+00 4.633925437927246094e+00
4.126122474670410156e+00 -6.039906024932861328e+00 4.733918190002441406e+00
4.114171028137207031e+00 -5.899992465972900391e+00 4.828395366668701172e+00
4.085196495056152344e+00 -5.771740913391113281e+00 4.915664672851562500e+00
4.043039798736572266e+00 -5.652894020080566406e+00 4.997382164001464844e+00
3.985735893249511719e+00 -5.541164398193359375e+00 5.072592735290527344e+00
3.922076940536499023e+00 -5.438538551330566406e+00 5.140563964843750000e+00
3.847832202911376953e+00 -5.337954998016357422e+00 5.205737113952636719e+00
3.761409282684326172e+00 -5.238299369812011719e+00 5.267895221710205078e+00
3.661776065826416016e+00 -5.137634754180908203e+00 5.326622962951660156e+00
3.548498868942260742e+00 -5.032626152038574219e+00 5.384414196014404297e+00
3.416555404663085938e+00 -4.920748233795166016e+00 5.441034317016601562e+00
3.262506484985351562e+00 -4.800702095031738281e+00 5.494729518890380859e+00
3.082703828811645508e+00 -4.671576499938964844e+00 5.544806957244873047e+00
2.869265794754028320e+00 -4.531187057495117188e+00 5.590889453887939453e+00
2.629968643188476562e+00 -4.389019012451171875e+00 5.628013134002685547e+00
2.361825704574584961e+00 -4.247089385986328125e+00 5.652763843536376953e+00
2.072095155715942383e+00 -4.111635684967041016e+00 5.661345958709716797e+00
1.771632432937622070e+00 -3.985886573791503906e+00 5.651654720306396484e+00
1.464162111282348633e+00 -3.872170448303222656e+00 5.619587898254394531e+00
1.154399752616882324e+00 -3.771180868148803711e+00 5.568327903747558594e+00
8.447318673133850098e-01 -3.684795379638671875e+00 5.498288154602050781e+00
5.319736599922180176e-01 -3.611837625503540039e+00 5.411648750305175781e+00
2.141004651784896851e-01 -3.555437803268432617e+00 5.306214332580566406e+00
-1.032494604587554932e-01 -3.516885995864868164e+00 5.187630176544189453e+00
-4.220674633979797363e-01 -3.492123842239379883e+00 5.058243274688720703e+00
-7.405720353126525879e-01 -3.482401371002197266e+00 4.913623809814453125e+00
-1.063283324241638184e+00 -3.485289335250854492e+00 4.753188133239746094e+00
-1.395446896553039551e+00 -3.500387668609619141e+00 4.571058273315429688e+00
-1.739743828773498535e+00 -3.518938779830932617e+00 4.367316246032714844e+00
-2.098821878433227539e+00 -3.537220239639282227e+00 4.140901565551757812e+00
-2.459040403366088867e+00 -3.544447183609008789e+00 3.886197090148925781e+00
-2.789591312408447266e+00 -3.524845838546752930e+00 3.594522237777709961e+00
-3.028901338577270508e+00 -3.484106540679931641e+00 3.306264638900756836e+00
-3.184140205383300781e+00 -3.453583717346191406e+00 3.057900190353393555e+00
-3.300708055496215820e+00 -3.444583177566528320e+00 2.843600273132324219e+00
-3.394308567047119141e+00 -3.458532094955444336e+00 2.662877321243286133e+00
-3.475756168365478516e+00 -3.484876155853271484e+00 2.509425401687622070e+00
-3.546980857849121094e+00 -3.518630027770996094e+00 2.379108667373657227e+00
-3.601977825164794922e+00 -3.550367832183837891e+00 2.265115737915039062e+00
-3.651409149169921875e+00 -3.590177536010742188e+00 2.168178319931030273e+00
-3.688735723495483398e+00 -3.629677534103393555e+00 2.082531690597534180e+00
-3.714158773422241211e+00 -3.672417879104614258e+00 2.008406639099121094e+00
-3.726958751678466797e+00 -3.718093872070312500e+00 1.943889379501342773e+00
-3.731455326080322266e+00 -3.765048027038574219e+00 1.886318087577819824e+00
-3.724431276321411133e+00 -3.816480875015258789e+00 1.833940744400024414e+00
-3.706748247146606445e+00 -3.873967885971069336e+00 1.784389376640319824e+00
-3.678351879119873047e+00 -3.937556266784667969e+00 1.736433744430541992e+00
-3.640539884567260742e+00 -4.006774425506591797e+00 1.684363365173339844e+00
-3.587742805480957031e+00 -4.087584495544433594e+00 1.635368108749389648e+00
-3.521840572357177734e+00 -4.180452823638916016e+00 1.584291458129882812e+00
-3.440165758132934570e+00 -4.286876201629638672e+00 1.528534054756164551e+00
-3.340903759002685547e+00 -4.409816741943359375e+00 1.465573549270629883e+00
-3.220424175262451172e+00 -4.551283359527587891e+00 1.395707011222839355e+00
-3.073232412338256836e+00 -4.715239524841308594e+00 1.322238564491271973e+00
-2.896353244781494141e+00 -4.900929450988769531e+00 1.244057893753051758e+00
-2.680223464965820312e+00 -5.113953590393066406e+00 1.164981722831726074e+00
-2.426318407058715820e+00 -5.348715782165527344e+00 1.089795470237731934e+00
-2.138844966888427734e+00 -5.596186637878417969e+00 1.032030105590820312e+00
-1.832825779914855957e+00 -5.841691493988037109e+00 1.000951886177062988e+00
-1.522063851356506348e+00 -6.072272300720214844e+00 1.009700298309326172e+00
-1.220682978630065918e+00 -6.274928092956542969e+00 1.064924716949462891e+00
-9.268492460250854492e-01 -6.454386234283447266e+00 1.163879275321960449e+00
-6.349934339523315430e-01 -6.620764255523681641e+00 1.296432852745056152e+00
-3.492906093597412109e-01 -6.774989604949951172e+00 1.457284212112426758e+00
-7.358478754758834839e-02 -6.918745040893554688e+00 1.642480850219726562e+00
1.888606697320938110e-01 -7.049391269683837891e+00 1.849437475204467773e+00
4.353805184364318848e-01 -7.169959068298339844e+00 2.072251558303833008e+00
6.658718585968017578e-01 -7.281103610992431641e+00 2.313284397125244141e+00
8.788896203041076660e-01 -7.383253097534179688e+00 2.567529201507568359e+00
1.080175876617431641e+00 -7.485593795776367188e+00 2.835655689239501953e+00
1.265156984329223633e+00 -7.580273628234863281e+00 3.106817007064819336e+00
1.437263607978820801e+00 -7.668976306915283203e+00 3.376142740249633789e+00
1.597827672958374023e+00 -7.752428531646728516e+00 3.639414072036743164e+00
1.743887662887573242e+00 -7.829816341400146484e+00 3.889032602310180664e+00
1.871097683906555176e+00 -7.894550323486328125e+00 4.119962692260742188e+00
1.982314944267272949e+00 -7.952915668487548828e+00 4.337772369384765625e+00
2.078154087066650391e+00 -8.004909515380859375e+00 4.540643215179443359e+00
2.156933784484863281e+00 -8.050936698913574219e+00 4.729094982147216797e+00
2.224833250045776367e+00 -8.092794418334960938e+00 4.906656265258789062e+00
2.282437801361083984e+00 -8.128185272216796875e+00 5.072324275970458984e+00
2.332677125930786133e+00 -8.160950660705566406e+00 5.228691577911376953e+00
2.375479698181152344e+00 -8.188260078430175781e+00 5.376594543457031250e+00
2.414540052413940430e+00 -8.212130546569824219e+00 5.523595809936523438e+00
2.450353384017944336e+00 -8.232674598693847656e+00 5.664146900177001953e+00
2.484053850173950195e+00 -8.250860214233398438e+00 5.803051471710205078e+00
2.516602277755737305e+00 -8.267190933227539062e+00 5.942455768585205078e+00
2.549557685852050781e+00 -8.282023429870605469e+00 6.082115173339843750e+00
2.583150148391723633e+00 -8.295521736145019531e+00 6.220343589782714844e+00
2.617940425872802734e+00 -8.307500839233398438e+00 6.360177516937255859e+00
2.655251741409301758e+00 -8.320593833923339844e+00 6.501986980438232422e+00
2.693746805191040039e+00 -8.334492683410644531e+00 6.644748687744140625e+00
2.732939243316650391e+00 -8.348676681518554688e+00 6.785358905792236328e+00
2.772106647491455078e+00 -8.364973068237304688e+00 6.923715114593505859e+00
2.810540199279785156e+00 -8.381806373596191406e+00 7.059977531433105469e+00
2.848714113235473633e+00 -8.399408340454101562e+00 7.190023422241210938e+00
2.884051799774169922e+00 -8.417023658752441406e+00 7.313530445098876953e+00
2.917124986648559570e+00 -8.432390213012695312e+00 7.427227497100830078e+00
2.945859670639038086e+00 -8.448302268981933594e+00 7.536565780639648438e+00
2.969087362289428711e+00 -8.462493896484375000e+00 7.630498886108398438e+00
2.990098953247070312e+00 -8.474637985229492188e+00 7.716440677642822266e+00
3.006757974624633789e+00 -8.484674453735351562e+00 7.792350769042968750e+00
3.020027160644531250e+00 -8.492652893066406250e+00 7.859485626220703125e+00
3.029924869537353516e+00 -8.498685836791992188e+00 7.916746616363525391e+00
3.036811828613281250e+00 -8.503521919250488281e+00 7.967679023742675781e+00
3.042531728744506836e+00 -8.506742477416992188e+00 8.014892578125000000e+00
3.045367479324340820e+00 -8.508810997009277344e+00 8.059154510498046875e+00
3.046438217163085938e+00 -8.509684562683105469e+00 8.102536201477050781e+00
3.045107603073120117e+00 -8.509551048278808594e+00 8.147870063781738281e+00
-8.486464619636535645e-01 -6.936717510223388672e+00 9.053824424743652344e+00
-8.588162660598754883e-01 -6.896506786346435547e+00 9.041261672973632812e+00
-8.680549263954162598e-01 -6.849081039428710938e+00 9.029094696044921875e+00
-8.771743178367614746e-01 -6.792592048645019531e+00 9.017043113708496094e+00
-8.862583041191101074e-01 -6.725152969360351562e+00 9.006175041198730469e+00
-8.963016867637634277e-01 -6.643100261688232422e+00 8.996814727783203125e+00
-9.078006744384765625e-01 -6.545010089874267578e+00 8.989054679870605469e+00
-9.210497140884399414e-01 -6.427383422851562500e+00 8.983616828918457031e+00
-9.366062283515930176e-01 -6.288741588592529297e+00 8.981510162353515625e+00
-9.546401500701904297e-01 -6.137399196624755859e+00 8.983506202697753906e+00
-9.734020829200744629e-01 -5.978997707366943359e+00 8.988263130187988281e+00
-9.934353232383728027e-01 -5.820610523223876953e+00 8.994934082031250000e+00
-1.014024138450622559e+00 -5.668363571166992188e+00 9.002441406250000000e+00
-1.032591700553894043e+00 -5.524227142333984375e+00 9.009288787841796875e+00
-1.050508618354797363e+00 -5.384314060211181641e+00 9.016641616821289062e+00
-1.069324970245361328e+00 -5.239230632781982422e+00 9.024271965026855469e+00
-1.698048233985900879e+00 -1.061936092376708984e+01 1.171071648597717285e+00
-1.729753732681274414e+00 -1.059567165374755859e+01 1.023284316062927246e+00
-1.765160322189331055e+00 -1.057533836364746094e+01 8.868052959442138672e-01
-1.806426644325256348e+00 -1.055771446228027344e+01 7.492566704750061035e-01
-1.851492404937744141e+00 -1.054277992248535156e+01 6.019880175590515137e-01
-1.901586771011352539e+00 -1.053081607818603516e+01 4.393718838691711426e-01
-1.956491351127624512e+00 -1.052149200439453125e+01 2.651680409908294678e-01
-2.014192342758178711e+00 -1.051785564422607422e+01 7.904366403818130493e-02
-2.072432279586791992e+00 -1.051841545104980469e+01 -1.150424703955650330e-01
-2.128061056137084961e+00 -1.052263832092285156e+01 -3.067307770252227783e-01
-2.183586359024047852e+00 -1.052981567382812500e+01 -5.030063390731811523e-01
-2.236582517623901367e+00 -1.053643608093261719e+01 -6.924664378166198730e-01
-2.285810232162475586e+00 -1.054292774200439453e+01 -8.759358525276184082e-01
-2.332028388977050781e+00 -1.054846858978271484e+01 -1.052582144737243652e+00
-2.375669479370117188e+00 -1.055086612701416016e+01 -1.221639394760131836e+00
-2.415627002716064453e+00 -1.055051898956298828e+01 -1.382215261459350586e+00
-2.452105045318603516e+00 -1.054720115661621094e+01 -1.533993721008300781e+00
-2.486969232559204102e+00 -1.054128742218017578e+01 -1.664116740226745605e+00
-2.520116806030273438e+00 -1.053019809722900391e+01 -1.792551517486572266e+00
-2.551908254623413086e+00 -1.051683425903320312e+01 -1.913275361061096191e+00
-2.582298994064331055e+00 -1.050007438659667969e+01 -2.026112794876098633e+00
-2.612042427062988281e+00 -1.047883892059326172e+01 -2.133797645568847656e+00
-2.640772104263305664e+00 -1.045440578460693359e+01 -2.235919475555419922e+00
-2.670778512954711914e+00 -1.042549991607666016e+01 -2.333974123001098633e+00
-2.698891878128051758e+00 -1.039371967315673828e+01 -2.430509090423583984e+00
-2.729031801223754883e+00 -1.035698699951171875e+01 -2.523926496505737305e+00
-2.760658025741577148e+00 -1.031770992279052734e+01 -2.617906808853149414e+00
-2.791409015655517578e+00 -1.026996994018554688e+01 -2.706250667572021484e+00
-2.824819087982177734e+00 -1.022202205657958984e+01 -2.797942638397216797e+00
-2.861123085021972656e+00 -1.016724395751953125e+01 -2.887240171432495117e+00
-2.897962808609008789e+00 -1.010861396789550781e+01 -2.980595111846923828e+00
-2.936655521392822266e+00 -1.004938793182373047e+01 -3.073337793350219727e+00
-2.976164340972900391e+00 -9.986795425415039062e+00 -3.165432929992675781e+00
-3.015306234359741211e+00 -9.925525665283203125e+00 -3.259205341339111328e+00
-3.053923606872558594e+00 -9.860135078430175781e+00 -3.348604202270507812e+00
-3.092277526855468750e+00 -9.794853210449218750e+00 -3.438329458236694336e+00
-3.128799438476562500e+00 -9.731105804443359375e+00 -3.525153398513793945e+00
-3.164756298065185547e+00 -9.658598899841308594e+00 -3.604170799255371094e+00
-3.201063156127929688e+00 -9.592650413513183594e+00 -3.684570074081420898e+00
-3.227622985839843750e+00 -9.524252891540527344e+00 -3.762806892395019531e+00
-3.251280069351196289e+00 -9.453778266906738281e+00 -3.835572957992553711e+00
-3.287234306335449219e+00 -9.372136116027832031e+00 -3.884183645248413086e+00
-3.311596870422363281e+00 -9.294519424438476562e+00 -3.936375379562377930e+00
-3.320122718811035156e+00 -9.215070724487304688e+00 -3.981633901596069336e+00
-3.334202527999877930e+00 -9.130906105041503906e+00 -4.018104076385498047e+00
-3.315125942230224609e+00 -9.043245315551757812e+00 -4.057383537292480469e+00
-3.327836275100708008e+00 -8.955725669860839844e+00 -4.067305088043212891e+00
-3.331274747848510742e+00 -8.866878509521484375e+00 -4.072312355041503906e+00
-3.321320056915283203e+00 -8.778513908386230469e+00 -4.060112953186035156e+00
-3.317028284072875977e+00 -8.690298080444335938e+00 -4.037725925445556641e+00
-3.307905673980712891e+00 -8.608406066894531250e+00 -4.001735210418701172e+00
-3.300210237503051758e+00 -8.531344413757324219e+00 -3.951649188995361328e+00
-3.291272401809692383e+00 -8.457780838012695312e+00 -3.893997192382812500e+00
-3.281536579132080078e+00 -8.394961357116699219e+00 -3.822109460830688477e+00
-3.271730899810791016e+00 -8.340223312377929688e+00 -3.742720603942871094e+00
-3.257689476013183594e+00 -8.295452117919921875e+00 -3.658177375793457031e+00
-3.245566844940185547e+00 -8.261038780212402344e+00 -3.558955430984497070e+00
-3.230429887771606445e+00 -8.240575790405273438e+00 -3.452322959899902344e+00
-3.215039253234863281e+00 -8.219808578491210938e+00 -3.340524673461914062e+00
-3.195176601409912109e+00 -8.219094276428222656e+00 -3.220922946929931641e+00
-3.171376466751098633e+00 -8.224920272827148438e+00 -3.094655036926269531e+00
-3.144480943679809570e+00 -8.235754966735839844e+00 -2.960244894027709961e+00
-3.110325336456298828e+00 -8.247918128967285156e+00 -2.814035892486572266e+00
-3.069386959075927734e+00 -8.266437530517578125e+00 -2.655338287353515625e+00
-3.019293785095214844e+00 -8.284709930419921875e+00 -2.478802204132080078e+00
-2.959417581558227539e+00 -8.302324295043945312e+00 -2.283960103988647461e+00
-2.888139963150024414e+00 -8.313710212707519531e+00 -2.067291736602783203e+00
-2.805007219314575195e+00 -8.326329231262207031e+00 -1.831000685691833496e+00
-2.709684371948242188e+00 -8.332465171813964844e+00 -1.573606610298156738e+00
-2.603031158447265625e+00 -8.331206321716308594e+00 -1.293630480766296387e+00
-2.482445716857910156e+00 -8.323329925537109375e+00 -9.914882183074951172e-01
-2.349460363388061523e+00 -8.309613227844238281e+00 -6.723684668540954590e-01
-2.202853441238403320e+00 -8.294174194335937500e+00 -3.329914808273315430e-01
-2.044017791748046875e+00 -8.280504226684570312e+00 1.893604546785354614e-02
-1.876762151718139648e+00 -8.274362564086914062e+00 3.750457167625427246e-01
-1.698354721069335938e+00 -8.278985977172851562e+00 7.311509251594543457e-01
-1.505737066268920898e+00 -8.298604011535644531e+00 1.082836389541625977e+00
-1.306636571884155273e+00 -8.332859039306640625e+00 1.419229984283447266e+00
-1.099458098411560059e+00 -8.383830070495605469e+00 1.745802521705627441e+00
-8.843462467193603516e-01 -8.446910858154296875e+00 2.068697214126586914e+00
-6.795446872711181641e-01 -8.520201683044433594e+00 2.381657600402832031e+00
-4.864344000816345215e-01 -8.600003242492675781e+00 2.688667535781860352e+00
-3.165659308433532715e-01 -8.682433128356933594e+00 2.992673635482788086e+00
-1.723110824823379517e-01 -8.760943412780761719e+00 3.293013811111450195e+00
-4.983441531658172607e-02 -8.828351020812988281e+00 3.587061166763305664e+00
4.794768989086151123e-02 -8.888029098510742188e+00 3.870719909667968750e+00
1.241727098822593689e-01 -8.939769744873046875e+00 4.149401187896728516e+00
1.827317029237747192e-01 -8.981795310974121094e+00 4.415044307708740234e+00
2.244739383459091187e-01 -9.015421867370605469e+00 4.666339874267578125e+00
2.553508281707763672e-01 -9.041127204895019531e+00 4.905118942260742188e+00
2.751133441925048828e-01 -9.060563087463378906e+00 5.130908489227294922e+00
2.826593518257141113e-01 -9.073596000671386719e+00 5.345007419586181641e+00
2.807854413986206055e-01 -9.080211639404296875e+00 5.549560546875000000e+00
2.682276666164398193e-01 -9.081689834594726562e+00 5.751965045928955078e+00
2.445746213197708130e-01 -9.078955650329589844e+00 5.950537204742431641e+00
2.096832692623138428e-01 -9.073651313781738281e+00 6.146790504455566406e+00
1.649523973464965820e-01 -9.065034866333007812e+00 6.343395709991455078e+00
1.052749529480934143e-01 -9.053254127502441406e+00 6.546812057495117188e+00
3.449900075793266296e-02 -9.040256500244140625e+00 6.751490592956542969e+00
-4.551591351628303528e-02 -9.027207374572753906e+00 6.951856613159179688e+00
-1.367124766111373901e-01 -9.013864517211914062e+00 7.152080059051513672e+00
-2.308997958898544312e-01 -8.999991416931152344e+00 7.335247993469238281e+00
-3.298259377479553223e-01 -8.984685897827148438e+00 7.512525081634521484e+00
-4.310542643070220947e-01 -8.969673156738281250e+00 7.675190925598144531e+00
-5.317654013633728027e-01 -8.953070640563964844e+00 7.824711799621582031e+00
-6.317167282104492188e-01 -8.934902191162109375e+00 7.958414077758789062e+00
-7.243448495864868164e-01 -8.916996955871582031e+00 8.074773788452148438e+00
-8.163534998893737793e-01 -8.897313117980957031e+00 8.181404113769531250e+00
-9.058188199996948242e-01 -8.879033088684082031e+00 8.277379035949707031e+00
-9.942063093185424805e-01 -8.860610008239746094e+00 8.363128662109375000e+00
-1.080634713172912598e+00 -8.842350006103515625e+00 8.442213058471679688e+00
-1.168208837509155273e+00 -8.823974609375000000e+00 8.513907432556152344e+00
-1.254761815071105957e+00 -8.805665016174316406e+00 8.579125404357910156e+00
-1.343070149421691895e+00 -8.785020828247070312e+00 8.640911102294921875e+00
-1.431384801864624023e+00 -8.764919281005859375e+00 8.695190429687500000e+00
-1.522777676582336426e+00 -8.743058204650878906e+00 8.751291275024414062e+00
-1.618401765823364258e+00 -8.723435401916503906e+00 8.802852630615234375e+00
-1.716934084892272949e+00 -8.700077056884765625e+00 8.849184989929199219e+00
-1.822675585746765137e+00 -8.673081398010253906e+00 8.893290519714355469e+00
-1.929246664047241211e+00 -8.643920898437500000e+00 8.934188842773437500e+00
-2.036446094512939453e+00 -8.612311363220214844e+00 8.968931198120117188e+00
-2.148614168167114258e+00 -8.576564788818359375e+00 9.001370429992675781e+00
-2.262103796005249023e+00 -8.537963867187500000e+00 9.024904251098632812e+00
-2.372215747833251953e+00 -8.498763084411621094e+00 9.043444633483886719e+00
-2.490907430648803711e+00 -8.453619003295898438e+00 9.055384635925292969e+00
-2.611551284790039062e+00 -8.403059959411621094e+00 9.059677124023437500e+00
-2.737920522689819336e+00 -8.347329139709472656e+00 9.054604530334472656e+00
-2.862792015075683594e+00 -8.288860321044921875e+00 9.040766716003417969e+00
-2.995713472366333008e+00 -8.220211982727050781e+00 9.015686988830566406e+00
-3.132619142532348633e+00 -8.146078109741210938e+00 8.980250358581542969e+00
-3.270472764968872070e+00 -8.064846038818359375e+00 8.932177543640136719e+00
-3.424792051315307617e+00 -7.970846652984619141e+00 8.864510536193847656e+00
-3.582109928131103516e+00 -7.862806320190429688e+00 8.778646469116210938e+00
-3.744492053985595703e+00 -7.743472576141357422e+00 8.672677993774414062e+00
-3.911352157592773438e+00 -7.610386371612548828e+00 8.544282913208007812e+00
-4.074413776397705078e+00 -7.469069957733154297e+00 8.393858909606933594e+00
-4.237436771392822266e+00 -7.311695575714111328e+00 8.212821006774902344e+00
-4.393546581268310547e+00 -7.144320964813232422e+00 8.008380889892578125e+00
-4.539328575134277344e+00 -6.976441860198974609e+00 7.783408641815185547e+00
-4.673547744750976562e+00 -6.806680679321289062e+00 7.539122581481933594e+00
-4.791218757629394531e+00 -6.642982006072998047e+00 7.285523414611816406e+00
-4.891162872314453125e+00 -6.487575531005859375e+00 7.025102615356445312e+00
-4.972169876098632812e+00 -6.347960472106933594e+00 6.767320632934570312e+00
-5.035234928131103516e+00 -6.221671104431152344e+00 6.513235092163085938e+00
-5.074796199798583984e+00 -6.115150451660156250e+00 6.268590450286865234e+00
-5.106289386749267578e+00 -6.033002853393554688e+00 6.023576259613037109e+00
-5.120912075042724609e+00 -5.975499629974365234e+00 5.785771846771240234e+00
-5.124006271362304688e+00 -5.944096088409423828e+00 5.560744762420654297e+00
-5.115529060363769531e+00 -5.933013916015625000e+00 5.350773334503173828e+00
-5.101357460021972656e+00 -5.932768344879150391e+00 5.165746212005615234e+00
-5.082049846649169922e+00 -5.943346023559570312e+00 4.998723030090332031e+00
-5.059161663055419922e+00 -5.959313392639160156e+00 4.849751472473144531e+00
-5.035254001617431641e+00 -5.981629371643066406e+00 4.723804950714111328e+00
-5.009552001953125000e+00 -6.006466865539550781e+00 4.612904071807861328e+00
-4.981829166412353516e+00 -6.034802913665771484e+00 4.515407085418701172e+00
-4.951303958892822266e+00 -6.067152976989746094e+00 4.427857875823974609e+00
-4.916230201721191406e+00 -6.103139877319335938e+00 4.346370220184326172e+00
-4.876588821411132812e+00 -6.143703937530517578e+00 4.268124580383300781e+00
-4.830595493316650391e+00 -6.189676284790039062e+00 4.190860748291015625e+00
-4.775664329528808594e+00 -6.243324279785156250e+00 4.110370159149169922e+00
-4.709547042846679688e+00 -6.306230545043945312e+00 4.029130935668945312e+00
-4.631128311157226562e+00 -6.377783775329589844e+00 3.942709922790527344e+00
-4.533928394317626953e+00 -6.462595462799072266e+00 3.848118066787719727e+00
-4.416309356689453125e+00 -6.559536933898925781e+00 3.740827798843383789e+00
-4.274777412414550781e+00 -6.670568943023681641e+00 3.628989219665527344e+00
-4.107310295104980469e+00 -6.796196460723876953e+00 3.510540723800659180e+00
-3.910776376724243164e+00 -6.937745094299316406e+00 3.390141010284423828e+00
-3.694384336471557617e+00 -7.089705467224121094e+00 3.279255151748657227e+00
-3.461987257003784180e+00 -7.247406005859375000e+00 3.186234712600708008e+00
-3.222748756408691406e+00 -7.410192966461181641e+00 3.123461008071899414e+00
-2.988631248474121094e+00 -7.572041034698486328e+00 3.099582433700561523e+00
-2.766365051269531250e+00 -7.732136249542236328e+00 3.118546724319458008e+00
-2.567902088165283203e+00 -7.883062362670898438e+00 3.180732488632202148e+00
-2.384789228439331055e+00 -8.032308578491210938e+00 3.282432317733764648e+00
-2.226552248001098633e+00 -8.170998573303222656e+00 3.417313098907470703e+00
-2.090142011642456055e+00 -8.301738739013671875e+00 3.579811096191406250e+00
-1.977141499519348145e+00 -8.418454170227050781e+00 3.760142564773559570e+00
-1.888558506965637207e+00 -8.520008087158203125e+00 3.949867010116577148e+00
-1.817040681838989258e+00 -8.605170249938964844e+00 4.144907474517822266e+00
-1.762143492698669434e+00 -8.674314498901367188e+00 4.339677333831787109e+00
-1.720899939537048340e+00 -8.729685783386230469e+00 4.527107238769531250e+00
-1.690234780311584473e+00 -8.768391609191894531e+00 4.703217983245849609e+00
-1.667233824729919434e+00 -8.796486854553222656e+00 4.873688697814941406e+00
-1.647047996520996094e+00 -8.815340995788574219e+00 5.033797264099121094e+00
-1.635166168212890625e+00 -8.823858261108398438e+00 5.184270381927490234e+00
-1.627655625343322754e+00 -8.823657035827636719e+00 5.326051712036132812e+00
-1.624316930770874023e+00 -8.815411567687988281e+00 5.463231086730957031e+00
-1.622993111610412598e+00 -8.800452232360839844e+00 5.594696044921875000e+00
-1.621855378150939941e+00 -8.776943206787109375e+00 5.722777366638183594e+00
-1.623001456260681152e+00 -8.745087623596191406e+00 5.850381851196289062e+00
-1.628285765647888184e+00 -8.704833984375000000e+00 5.974887371063232422e+00
-1.634496331214904785e+00 -8.656185150146484375e+00 6.098738193511962891e+00
-1.642774224281311035e+00 -8.598474502563476562e+00 6.221787452697753906e+00
-1.653017878532409668e+00 -8.529097557067871094e+00 6.343973159790039062e+00
-1.664777278900146484e+00 -8.453802108764648438e+00 6.465342998504638672e+00
-1.677106738090515137e+00 -8.369699478149414062e+00 6.582352638244628906e+00
-1.689699053764343262e+00 -8.276099205017089844e+00 6.696467876434326172e+00
-1.702756166458129883e+00 -8.178186416625976562e+00 6.806145668029785156e+00
-1.718410372734069824e+00 -8.076549530029296875e+00 6.913099765777587891e+00
-1.732404828071594238e+00 -7.968068599700927734e+00 7.013247489929199219e+00
-1.750136494636535645e+00 -7.858863353729248047e+00 7.106545448303222656e+00
-1.770084738731384277e+00 -7.749557495117187500e+00 7.190335750579833984e+00
-1.796302437782287598e+00 -7.635026454925537109e+00 7.266758441925048828e+00
-1.830601096153259277e+00 -7.519665718078613281e+00 7.332370281219482422e+00
-1.869947075843811035e+00 -7.400716781616210938e+00 7.393500804901123047e+00
-1.918287754058837891e+00 -7.277413368225097656e+00 7.443198680877685547e+00
-1.973566770553588867e+00 -7.153367042541503906e+00 7.490763664245605469e+00
-2.038062810897827148e+00 -7.025074958801269531e+00 7.532210350036621094e+00
-2.114680290222167969e+00 -6.890180110931396484e+00 7.569537639617919922e+00
-2.199405431747436523e+00 -6.755238533020019531e+00 7.603025436401367188e+00
-2.296450614929199219e+00 -6.611101627349853516e+00 7.634153366088867188e+00
-2.406418085098266602e+00 -6.463617324829101562e+00 7.662333965301513672e+00
-2.530823230743408203e+00 -6.315768718719482422e+00 7.687062740325927734e+00
-2.671077966690063477e+00 -6.169703483581542969e+00 7.704209327697753906e+00
-2.823670387268066406e+00 -6.031560897827148438e+00 7.711166858673095703e+00
-2.995419025421142578e+00 -5.897943973541259766e+00 7.706426620483398438e+00
-3.182346582412719727e+00 -5.772981166839599609e+00 7.688963413238525391e+00
-3.381620168685913086e+00 -5.655946254730224609e+00 7.657155513763427734e+00
-3.590130329132080078e+00 -5.545252323150634766e+00 7.612823009490966797e+00
-3.802227735519409180e+00 -5.444980621337890625e+00 7.553907394409179688e+00
-4.017341613769531250e+00 -5.349910736083984375e+00 7.484945297241210938e+00
-4.230182647705078125e+00 -5.256989002227783203e+00 7.406721591949462891e+00
-4.441790580749511719e+00 -5.166631221771240234e+00 7.326068878173828125e+00
-4.648572444915771484e+00 -5.073989391326904297e+00 7.246957302093505859e+00
-4.847825050354003906e+00 -4.974705696105957031e+00 7.178018569946289062e+00
-5.038954734802246094e+00 -4.863819122314453125e+00 7.123775959014892578e+00
-5.214634418487548828e+00 -4.748269557952880859e+00 7.094995975494384766e+00
-5.383287429809570312e+00 -4.617321968078613281e+00 7.092642307281494141e+00
-5.544088840484619141e+00 -4.465422630310058594e+00 7.122328758239746094e+00
-5.696031093597412109e+00 -4.302250385284423828e+00 7.175183296203613281e+00
-5.834653854370117188e+00 -4.133457660675048828e+00 7.247275352478027344e+00
-5.963188171386718750e+00 -3.966028451919555664e+00 7.326521396636962891e+00
-6.081281661987304688e+00 -3.798784494400024414e+00 7.409466743469238281e+00
-6.184051513671875000e+00 -3.640270471572875977e+00 7.492954254150390625e+00
-6.283564090728759766e+00 -3.488931655883789062e+00 7.570643901824951172e+00
-6.371695995330810547e+00 -3.344362020492553711e+00 7.645307064056396484e+00
-6.450252056121826172e+00 -3.208646535873413086e+00 7.714977741241455078e+00
-6.522779464721679688e+00 -3.080501794815063477e+00 7.777116298675537109e+00
-6.589911460876464844e+00 -2.958608388900756836e+00 7.832690238952636719e+00
-6.652009010314941406e+00 -2.842186689376831055e+00 7.885623455047607422e+00
-6.710924625396728516e+00 -2.729967355728149414e+00 7.933634757995605469e+00
-6.767129421234130859e+00 -2.621473312377929688e+00 7.977902889251708984e+00
-6.821941375732421875e+00 -2.514301300048828125e+00 8.019187927246093750e+00
-6.873290538787841797e+00 -2.411747694015502930e+00 8.059514045715332031e+00
-6.924859523773193359e+00 -2.311315536499023438e+00 8.091587066650390625e+00
-6.976012706756591797e+00 -2.210380077362060547e+00 8.127402305603027344e+00
-7.030413627624511719e+00 -2.110757350921630859e+00 8.161318778991699219e+00
-7.084274291992187500e+00 -2.010034799575805664e+00 8.197094917297363281e+00
-7.139232158660888672e+00 -1.910610914230346680e+00 8.231452941894531250e+00
-7.198358058929443359e+00 -1.814534902572631836e+00 8.269620895385742188e+00
-7.259567260742187500e+00 -1.717018842697143555e+00 8.311871528625488281e+00
-7.327590465545654297e+00 -1.615798115730285645e+00 8.357674598693847656e+00
-7.394375324249267578e+00 -1.521192312240600586e+00 8.406558990478515625e+00
-7.463393211364746094e+00 -1.427284479141235352e+00 8.459026336669921875e+00
-7.533577919006347656e+00 -1.337565064430236816e+00 8.513901710510253906e+00
-7.607687473297119141e+00 -1.254972696304321289e+00 8.568951606750488281e+00
-7.682600021362304688e+00 -1.172871947288513184e+00 8.626679420471191406e+00
-7.761915206909179688e+00 -1.094974875450134277e+00 8.684266090393066406e+00
-7.842692852020263672e+00 -1.016567587852478027e+00 8.742173194885253906e+00
-7.919481277465820312e+00 -9.471049308776855469e-01 8.797359466552734375e+00
-7.997030735015869141e+00 -8.821080327033996582e-01 8.849844932556152344e+00
-8.073927879333496094e+00 -8.201568126678466797e-01 8.898961067199707031e+00
-8.155169486999511719e+00 -7.587133646011352539e-01 8.939349174499511719e+00
-8.232141494750976562e+00 -7.063268423080444336e-01 8.975327491760253906e+00
-8.311898231506347656e+00 -6.530010700225830078e-01 9.013166427612304688e+00
-8.390516281127929688e+00 -5.969591736793518066e-01 9.046206474304199219e+00
-8.462890625000000000e+00 -5.529016256332397461e-01 9.075044631958007812e+00
-8.546980857849121094e+00 -5.044055581092834473e-01 9.100973129272460938e+00
-8.633388519287109375e+00 -4.563811421394348145e-01 9.120041847229003906e+00
-8.722450256347656250e+00 -4.086228013038635254e-01 9.135228157043457031e+00
-8.814311027526855469e+00 -3.633527755737304688e-01 9.145203590393066406e+00
-8.909707069396972656e+00 -3.165739774703979492e-01 9.150791168212890625e+00
-9.006690025329589844e+00 -2.684768736362457275e-01 9.151277542114257812e+00
-9.111647605895996094e+00 -2.177022099494934082e-01 9.142134666442871094e+00
-9.220104217529296875e+00 -1.692464798688888550e-01 9.134692192077636719e+00
-9.330728530883789062e+00 -1.154424846172332764e-01 9.124106407165527344e+00
-9.442706108093261719e+00 -6.630486994981765747e-02 9.108088493347167969e+00
-9.554657936096191406e+00 -8.114814758300781250e-03 9.084019660949707031e+00
-9.668651580810546875e+00 4.502392187714576721e-02 9.062620162963867188e+00
-9.785463333129882812e+00 1.017741411924362183e-01 9.044810295104980469e+00
-9.895090103149414062e+00 1.550205945968627930e-01 9.021436691284179688e+00
-9.991425514221191406e+00 2.184917330741882324e-01 8.983390808105468750e+00
-1.009550762176513672e+01 2.648311257362365723e-01 8.965045928955078125e+00
-1.019556140899658203e+01 3.176251351833343506e-01 8.939100265502929688e+00
-1.029566097259521484e+01 3.597286641597747803e-01 8.921442031860351562e+00
-1.039987564086914062e+01 3.904721140861511230e-01 8.901169776916503906e+00
-1.047473526000976562e+01 4.493861198425292969e-01 8.861301422119140625e+00
-1.051980876922607422e+01 5.329431295394897461e-01 8.795105934143066406e+00
-1.058694362640380859e+01 5.631784200668334961e-01 8.750259399414062500e+00
-1.064879703521728516e+01 5.930187106132507324e-01 8.701387405395507812e+00
-1.072140693664550781e+01 5.881570577621459961e-01 8.660161972045898438e+00
-1.077874279022216797e+01 5.820065140724182129e-01 8.617277145385742188e+00
-1.081529426574707031e+01 5.851473808288574219e-01 8.555350303649902344e+00
-1.083549118041992188e+01 5.836260318756103516e-01 8.487039566040039062e+00
-1.086320972442626953e+01 5.529441237449645996e-01 8.432804107666015625e+00
-1.088784790039062500e+01 5.104010105133056641e-01 8.381704330444335938e+00
-1.089909839630126953e+01 4.630332291126251221e-01 8.327313423156738281e+00
-1.088322162628173828e+01 4.199646711349487305e-01 8.260855674743652344e+00
-1.088999271392822266e+01 3.398206532001495361e-01 8.215322494506835938e+00
-1.087164115905761719e+01 2.729787826538085938e-01 8.161184310913085938e+00
-1.084135246276855469e+01 1.939032375812530518e-01 8.107329368591308594e+00
-1.082484626770019531e+01 1.081891283392906189e-01 8.054327011108398438e+00
-1.077740478515625000e+01 2.081884816288948059e-02 7.992646694183349609e+00
-1.073167705535888672e+01 -7.743559777736663818e-02 7.937064647674560547e+00
-1.068450355529785156e+01 -1.785415261983871460e-01 7.871406078338623047e+00
-1.063702392578125000e+01 -2.901392579078674316e-01 7.806308269500732422e+00
-1.058994483947753906e+01 -4.124626517295837402e-01 7.731425762176513672e+00
-1.054438591003417969e+01 -5.422729849815368652e-01 7.648382663726806641e+00
-1.050357818603515625e+01 -6.827013492584228516e-01 7.556540012359619141e+00
-1.046713447570800781e+01 -8.333770632743835449e-01 7.457362651824951172e+00
-1.043821907043457031e+01 -9.969695806503295898e-01 7.348634243011474609e+00
-1.041575813293457031e+01 -1.166523098945617676e+00 7.241048812866210938e+00
-1.040538883209228516e+01 -1.341093897819519043e+00 7.134452342987060547e+00
-1.040493583679199219e+01 -1.531188726425170898e+00 7.028180599212646484e+00
-1.041438198089599609e+01 -1.727031946182250977e+00 6.926784515380859375e+00
-1.043148517608642578e+01 -1.934104800224304199e+00 6.828686714172363281e+00
-1.045387458801269531e+01 -2.145135879516601562e+00 6.734726905822753906e+00
-1.047649192810058594e+01 -2.364427328109741211e+00 6.645019054412841797e+00
-1.049948024749755859e+01 -2.585064888000488281e+00 6.560310840606689453e+00
-1.052016162872314453e+01 -2.805724382400512695e+00 6.477697849273681641e+00
-1.053317928314208984e+01 -3.019826650619506836e+00 6.402969837188720703e+00
-1.053982639312744141e+01 -3.230494737625122070e+00 6.332338333129882812e+00
-1.054241466522216797e+01 -3.433579683303833008e+00 6.263166427612304688e+00
-1.053605747222900391e+01 -3.621742725372314453e+00 6.198413372039794922e+00
-1.052496528625488281e+01 -3.795556545257568359e+00 6.139835834503173828e+00
-1.051176261901855469e+01 -3.952560186386108398e+00 6.086416721343994141e+00
-1.049695587158203125e+01 -4.095462322235107422e+00 6.037774562835693359e+00
-1.047879219055175781e+01 -4.232511043548583984e+00 5.991499900817871094e+00
-1.045406436920166016e+01 -4.378038406372070312e+00 5.943675041198730469e+00
8.742378950119018555e-01 -1.106597614288330078e+01 3.137865543365478516e+00
9.380623102188110352e-01 -1.113229179382324219e+01 3.268639564514160156e+00
9.899551272392272949e-01 -1.119576358795166016e+01 3.395036458969116211e+00
1.034201383590698242e+00 -1.125893974304199219e+01 3.525780200958251953e+00
1.078169941902160645e+00 -1.132330608367919922e+01 3.661904096603393555e+00
1.116485714912414551e+00 -1.138666820526123047e+01 3.802513599395751953e+00
1.149970412254333496e+00 -1.144659805297851562e+01 3.947071075439453125e+00
1.181100606918334961e+00 -1.150695610046386719e+01 4.094551086425781250e+00
1.205230712890625000e+00 -1.156167507171630859e+01 4.240819454193115234e+00
1.223930120468139648e+00 -1.160980892181396484e+01 4.385297775268554688e+00
1.237788319587707520e+00 -1.165214252471923828e+01 4.525817871093750000e+00
1.245334506034851074e+00 -1.168796920776367188e+01 4.661106109619140625e+00
1.248474955558776855e+00 -1.171802425384521484e+01 4.795218467712402344e+00
1.246062755584716797e+00 -1.174203300476074219e+01 4.925604820251464844e+00
1.239021539688110352e+00 -1.176122188568115234e+01 5.054609298706054688e+00
1.228599786758422852e+00 -1.177461338043212891e+01 5.179467678070068359e+00
1.213564515113830566e+00 -1.178306102752685547e+01 5.302290916442871094e+00
1.195196270942687988e+00 -1.178641510009765625e+01 5.422769546508789062e+00
1.169155359268188477e+00 -1.178211021423339844e+01 5.539176940917968750e+00
1.141651630401611328e+00 -1.177530479431152344e+01 5.655127048492431641e+00
1.111478447914123535e+00 -1.176437568664550781e+01 5.767251968383789062e+00
1.076441526412963867e+00 -1.174812412261962891e+01 5.877008914947509766e+00
1.036161065101623535e+00 -1.172699451446533203e+01 5.984416961669921875e+00
9.943888187408447266e-01 -1.170219326019287109e+01 6.089192390441894531e+00
9.494510889053344727e-01 -1.167474365234375000e+01 6.190053939819335938e+00
9.001970887184143066e-01 -1.164272880554199219e+01 6.291583538055419922e+00
8.413280248641967773e-01 -1.160640525817871094e+01 6.394108772277832031e+00
7.805532217025756836e-01 -1.156837463378906250e+01 6.496019840240478516e+00
7.131291627883911133e-01 -1.152683162689208984e+01 6.597870826721191406e+00
6.384714245796203613e-01 -1.148235034942626953e+01 6.704566478729248047e+00
5.596570372581481934e-01 -1.143695831298828125e+01 6.808991909027099609e+00
4.750876128673553467e-01 -1.138858318328857422e+01 6.917561531066894531e+00
3.854547142982482910e-01 -1.133907318115234375e+01 7.025716781616210938e+00
2.920159697532653809e-01 -1.128957366943359375e+01 7.136273860931396484e+00
2.007290273904800415e-01 -1.124332237243652344e+01 7.241487026214599609e+00
1.087827384471893311e-01 -1.119880771636962891e+01 7.341644287109375000e+00
1.482000760734081268e-02 -1.115541267395019531e+01 7.443397045135498047e+00
-8.869364857673645020e-02 -1.111241626739501953e+01 7.547585487365722656e+00
-2.229423761367797852e+00 -4.379856586456298828e+00 7.484944820404052734e+00
-2.359625816345214844e+00 -4.283804416656494141e+00 7.437587738037109375e+00
-2.480570316314697266e+00 -4.191194534301757812e+00 7.383603572845458984e+00
-2.604328870773315430e+00 -4.092252731323242188e+00 7.313984870910644531e+00
-2.738011598587036133e+00 -3.975574970245361328e+00 7.227735042572021484e+00
-2.882663726806640625e+00 -3.842035055160522461e+00 7.124948501586914062e+00
-3.034725904464721680e+00 -3.691565036773681641e+00 7.006397724151611328e+00
-3.191707849502563477e+00 -3.527296066284179688e+00 6.875669002532958984e+00
-3.349766969680786133e+00 -3.354867219924926758e+00 6.736440181732177734e+00
-3.505141019821166992e+00 -3.177349328994750977e+00 6.596229076385498047e+00
-3.657849550247192383e+00 -2.993870258331298828e+00 6.459496498107910156e+00
-3.807629108428955078e+00 -2.805097103118896484e+00 6.327457427978515625e+00
-3.957716226577758789e+00 -2.615492343902587891e+00 6.205138683319091797e+00
-4.099415302276611328e+00 -2.438930511474609375e+00 6.097730159759521484e+00
-4.243908882141113281e+00 -2.259540081024169922e+00 6.001678943634033203e+00
-4.381135940551757812e+00 -2.088059186935424805e+00 5.919760704040527344e+00
-4.521582603454589844e+00 -1.922183513641357422e+00 5.848429679870605469e+00
-4.655632019042968750e+00 -1.764852285385131836e+00 5.791128158569335938e+00
-4.790737152099609375e+00 -1.624446392059326172e+00 5.748177051544189453e+00
-4.924493789672851562e+00 -1.491154074668884277e+00 5.714522838592529297e+00
-5.057872295379638672e+00 -1.366948604583740234e+00 5.688339233398437500e+00
-5.190809249877929688e+00 -1.254680752754211426e+00 5.670079231262207031e+00
-5.322943210601806641e+00 -1.150130629539489746e+00 5.656795024871826172e+00
-5.448827266693115234e+00 -1.063231348991394043e+00 5.650015354156494141e+00
-5.582952976226806641e+00 -9.791932702064514160e-01 5.647806644439697266e+00
-5.715515136718750000e+00 -9.067526459693908691e-01 5.648005485534667969e+00
-5.849759578704833984e+00 -8.384829163551330566e-01 5.651576042175292969e+00
-5.978793144226074219e+00 -7.810049653053283691e-01 5.658111095428466797e+00
-6.117496013641357422e+00 -7.262628078460693359e-01 5.667640686035156250e+00
-6.258507728576660156e+00 -6.790979504585266113e-01 5.679837226867675781e+00
-6.395965099334716797e+00 -6.358768343925476074e-01 5.691185951232910156e+00
-6.542026519775390625e+00 -5.950247049331665039e-01 5.704783439636230469e+00
-6.690975666046142578e+00 -5.597685575485229492e-01 5.720948696136474609e+00
-6.840857028961181641e+00 -5.266510844230651855e-01 5.737491607666015625e+00
-6.995460033416748047e+00 -4.947256147861480713e-01 5.752999305725097656e+00
-7.142514705657958984e+00 -4.657687842845916748e-01 5.766118526458740234e+00
-7.295079231262207031e+00 -4.380422830581665039e-01 5.778822422027587891e+00
-7.444084644317626953e+00 -4.091583192348480225e-01 5.790153980255126953e+00
-7.589728355407714844e+00 -3.811241090297698975e-01 5.796485900878906250e+00
-7.727768898010253906e+00 -3.532109558582305908e-01 5.800135612487792969e+00
-7.861349105834960938e+00 -3.250556290149688721e-01 5.799853324890136719e+00
-7.985377788543701172e+00 -2.953231632709503174e-01 5.794631958007812500e+00
-8.106995582580566406e+00 -2.654679715633392334e-01 5.781998157501220703e+00
-8.215456008911132812e+00 -2.337062507867813110e-01 5.765754222869873047e+00
-8.323818206787109375e+00 -2.016794681549072266e-01 5.747697830200195312e+00
-8.427977561950683594e+00 -1.739341020584106445e-01 5.725341796875000000e+00
-8.517498016357421875e+00 -1.423935741186141968e-01 5.699787616729736328e+00
-8.608669281005859375e+00 -1.101937741041183472e-01 5.669557094573974609e+00
-8.702490806579589844e+00 -7.435315847396850586e-02 5.634257793426513672e+00
-8.789285659790039062e+00 -3.931335359811782837e-02 5.599666118621826172e+00
-8.878427505493164062e+00 -8.909462019801139832e-03 5.566176891326904297e+00
-8.962169647216796875e+00 2.279464714229106903e-02 5.529623031616210938e+00
-9.044286727905273438e+00 5.444710329174995422e-02 5.488255023956298828e+00
-9.115980148315429688e+00 1.034185662865638733e-01 5.444649696350097656e+00
-9.196003913879394531e+00 1.473415642976760864e-01 5.403111934661865234e+00
-9.274167060852050781e+00 1.947530359029769897e-01 5.363398551940917969e+00
-9.351882934570312500e+00 2.563361525535583496e-01 5.330480575561523438e+00
-9.426689147949218750e+00 3.263496458530426025e-01 5.298812866210937500e+00
-9.511187553405761719e+00 3.173470795154571533e-01 5.223765373229980469e+00
-9.618003845214843750e+00 2.367985844612121582e-01 5.136195182800292969e+00
-9.722909927368164062e+00 2.362587600946426392e-01 5.116617202758789062e+00
-9.815176963806152344e+00 4.652162492275238037e-01 5.256863117218017578e+00
-9.876768112182617188e+00 2.494547367095947266e-01 4.997036933898925781e+00
-9.895255088806152344e+00 6.398118138313293457e-01 5.171741008758544922e+00
-1.000110721588134766e+01 6.527056694030761719e-01 5.167793273925781250e+00
-9.912529945373535156e+00 6.306334733963012695e-01 4.809714317321777344e+00
-1.003398609161376953e+01 7.934128046035766602e-01 4.978874683380126953e+00
-1.024962997436523438e+01 3.167082369327545166e-01 4.841434478759765625e+00
-1.007359027862548828e+01 6.946585178375244141e-01 4.664422988891601562e+00
-1.024664020538330078e+01 4.294450581073760986e-01 4.637492179870605469e+00
-1.045555305480957031e+01 3.633526563644409180e-01 4.795671939849853516e+00
-1.058447456359863281e+01 4.895707368850708008e-01 4.951367378234863281e+00
-1.064312171936035156e+01 5.748102664947509766e-01 4.968207359313964844e+00
-1.063141918182373047e+01 8.214300274848937988e-01 4.976972103118896484e+00
-1.048692989349365234e+01 1.015276432037353516e+00 4.776028156280517578e+00
-1.052535820007324219e+01 1.028707623481750488e+00 4.732419013977050781e+00
-1.057550621032714844e+01 1.039622306823730469e+00 4.700281620025634766e+00
-1.072825050354003906e+01 9.975711703300476074e-01 4.756205558776855469e+00
-1.084701156616210938e+01 9.099103808403015137e-01 4.748746395111083984e+00
-1.093464469909667969e+01 7.161121964454650879e-01 4.663320064544677734e+00
-1.094936084747314453e+01 6.906029582023620605e-01 4.569471836090087891e+00
-1.095314788818359375e+01 6.763156652450561523e-01 4.471827030181884766e+00
-1.082741069793701172e+01 7.830714583396911621e-01 4.297461509704589844e+00
-1.087329101562500000e+01 8.339649438858032227e-01 4.255720615386962891e+00
-1.092429161071777344e+01 8.667510151863098145e-01 4.197851657867431641e+00
-1.099764728546142578e+01 9.004509449005126953e-01 4.142975807189941406e+00
-1.105217838287353516e+01 9.080832600593566895e-01 4.054840564727783203e+00
-1.111643886566162109e+01 9.310736656188964844e-01 3.965916872024536133e+00
-1.119221687316894531e+01 9.443336129188537598e-01 3.862563848495483398e+00
-1.126119327545166016e+01 9.791109561920166016e-01 3.750688791275024414e+00
-1.133561515808105469e+01 1.009059190750122070e+00 3.622255325317382812e+00
-1.141644096374511719e+01 1.044877529144287109e+00 3.490665435791015625e+00
-1.150309944152832031e+01 1.086142420768737793e+00 3.345739364624023438e+00
-1.159285449981689453e+01 1.134362816810607910e+00 3.196685552597045898e+00
-1.168455505371093750e+01 1.179257392883300781e+00 3.039518833160400391e+00
-1.177956771850585938e+01 1.218962192535400391e+00 2.885400772094726562e+00
-1.186721229553222656e+01 1.259396672248840332e+00 2.735208272933959961e+00
-1.194938659667968750e+01 1.296502947807312012e+00 2.595037221908569336e+00
-1.202146816253662109e+01 1.331136226654052734e+00 2.467589616775512695e+00
-1.207333850860595703e+01 1.371983408927917480e+00 2.344189405441284180e+00
-1.211467266082763672e+01 1.395625114440917969e+00 2.225064754486083984e+00
-1.215035820007324219e+01 1.425797224044799805e+00 2.122564554214477539e+00
-1.217813968658447266e+01 1.478886365890502930e+00 2.038937568664550781e+00
-1.218286800384521484e+01 1.641432642936706543e+00 1.985673308372497559e+00
-1.247997283935546875e+01 1.385074138641357422e+00 1.991952300071716309e+00
-1.258801937103271484e+01 1.423150658607482910e+00 1.974007964134216309e+00
-1.267176914215087891e+01 1.516891002655029297e+00 1.956694364547729492e+00
-1.240518665313720703e+01 1.896433353424072266e+00 1.842332959175109863e+00
-1.274143600463867188e+01 1.702815175056457520e+00 1.873690724372863770e+00
-1.256956672668457031e+01 1.915020823478698730e+00 1.770854830741882324e+00
-1.260198879241943359e+01 1.921620368957519531e+00 1.715902686119079590e+00
-1.257595443725585938e+01 1.940420746803283691e+00 1.644685745239257812e+00
-1.283370018005371094e+01 1.692448019981384277e+00 1.632845640182495117e+00
-1.284241390228271484e+01 1.506026625633239746e+00 1.575704216957092285e+00
-1.279863071441650391e+01 1.427416324615478516e+00 1.502592206001281738e+00
-1.242521572113037109e+01 1.885643601417541504e+00 1.332396984100341797e+00
-1.234847068786621094e+01 1.804076552391052246e+00 1.244829654693603516e+00
-1.230398082733154297e+01 1.724610328674316406e+00 1.155805468559265137e+00
-1.231858444213867188e+01 1.438146233558654785e+00 1.092087507247924805e+00
-1.255824470520019531e+01 1.252317190170288086e+00 1.037866115570068359e+00
-1.251972961425781250e+01 1.275332570075988770e+00 9.036996960639953613e-01
-1.283695125579833984e+01 1.498960375785827637e+00 7.783731222152709961e-01
-1.281644630432128906e+01 1.591461181640625000e+00 6.214850544929504395e-01
-1.252215003967285156e+01 1.639128208160400391e+00 4.384470880031585693e-01
-1.243576526641845703e+01 1.491042256355285645e+00 3.159842491149902344e-01
-1.248016643524169922e+01 1.537295818328857422e+00 1.836554408073425293e-01
-1.264735698699951172e+01 1.136954426765441895e+00 1.557220965623855591e-01
-1.275499343872070312e+01 1.091448307037353516e+00 6.506244093179702759e-02
-1.275301456451416016e+01 1.667988538742065430e+00 -1.608551293611526489e-01
-1.285169792175292969e+01 1.663211941719055176e+00 -2.560929358005523682e-01
-1.309767341613769531e+01 1.409684777259826660e+00 -2.796056568622589111e-01
-1.308009910583496094e+01 1.557819128036499023e+00 -4.106411635875701904e-01
-1.314633464813232422e+01 1.512741327285766602e+00 -4.945129752159118652e-01
-1.297496032714843750e+01 8.483187556266784668e-01 -4.117063283920288086e-01
-1.304473018646240234e+01 8.513882756233215332e-01 -4.997800588607788086e-01
-1.307382106781005859e+01 8.358895182609558105e-01 -5.786970257759094238e-01
-1.312947654724121094e+01 8.551715016365051270e-01 -6.724687814712524414e-01
-1.315927696228027344e+01 8.766411542892456055e-01 -7.517125606536865234e-01
-1.326259803771972656e+01 1.187132120132446289e+00 -9.322972297668457031e-01
-1.324379348754882812e+01 1.180777311325073242e+00 -9.756873846054077148e-01
-1.309253406524658203e+01 8.250374794006347656e-01 -8.433355093002319336e-01
-1.317789840698242188e+01 1.306861519813537598e+00 -1.061012268066406250e+00
-1.310757827758789062e+01 1.411150455474853516e+00 -1.092109441757202148e+00
-1.300331020355224609e+01 1.518735408782958984e+00 -1.105243444442749023e+00
-1.287420463562011719e+01 1.601473331451416016e+00 -1.094676852226257324e+00
-1.274894428253173828e+01 1.649350881576538086e+00 -1.068598389625549316e+00
-1.262833023071289062e+01 1.652516603469848633e+00 -1.036379337310791016e+00
-1.251011562347412109e+01 1.638380408287048340e+00 -1.002120256423950195e+00
-1.237548542022705078e+01 1.587597012519836426e+00 -9.437673091888427734e-01
-1.227673053741455078e+01 1.519157171249389648e+00 -9.050596356391906738e-01
-1.219565868377685547e+01 1.405220150947570801e+00 -8.540883064270019531e-01
-1.214447879791259766e+01 1.289156436920166016e+00 -8.243647813796997070e-01
-1.211645126342773438e+01 1.193724751472473145e+00 -8.190425634384155273e-01
-1.216308212280273438e+01 9.511826038360595703e-01 -7.662848830223083496e-01
-1.221839332580566406e+01 8.298417925834655762e-01 -7.831034064292907715e-01
-1.229310512542724609e+01 7.253537774085998535e-01 -8.209631443023681641e-01
-1.232896327972412109e+01 6.746643781661987305e-01 -8.737358450889587402e-01
-1.235982799530029297e+01 6.385696530342102051e-01 -9.392585754394531250e-01
-1.224966049194335938e+01 7.068220973014831543e-01 -1.037513494491577148e+00
-1.213873863220214844e+01 1.166445136070251465e+00 -1.342740774154663086e+00
-1.215476989746093750e+01 1.097658038139343262e+00 -1.403058052062988281e+00
-1.230611038208007812e+01 1.163414597511291504e+00 -1.551497578620910645e+00
-1.245442295074462891e+01 1.146965384483337402e+00 -1.648416757583618164e+00
-1.260487174987792969e+01 1.067414283752441406e+00 -1.717048883438110352e+00
-1.271540260314941406e+01 9.103531837463378906e-01 -1.733080029487609863e+00
-1.260500907897949219e+01 5.566452145576477051e-01 -1.603402256965637207e+00
-1.262744522094726562e+01 5.935795903205871582e-01 -1.752125382423400879e+00
-1.257226467132568359e+01 5.872591137886047363e-01 -1.871344447135925293e+00
-1.256016731262207031e+01 5.181054472923278809e-01 -1.967996001243591309e+00
-1.254999923706054688e+01 4.436427652835845947e-01 -2.075320720672607422e+00
-1.256441974639892578e+01 3.498902320861816406e-01 -2.180460929870605469e+00
-1.254728603363037109e+01 2.588958442211151123e-01 -2.300295352935791016e+00
-1.253544139862060547e+01 1.608680784702301025e-01 -2.425162315368652344e+00
-1.252476692199707031e+01 5.553551763296127319e-02 -2.554967880249023438e+00
-1.251432037353515625e+01 -4.410896822810173035e-02 -2.677855968475341797e+00
-1.250522327423095703e+01 -1.507476121187210083e-01 -2.802974939346313477e+00
-1.249650764465332031e+01 -2.577968537807464600e-01 -2.925454854965209961e+00
-1.248737049102783203e+01 -3.631379306316375732e-01 -3.042967796325683594e+00
-1.247918891906738281e+01 -4.682227075099945068e-01 -3.157240629196166992e+00
-1.247166156768798828e+01 -5.699058771133422852e-01 -3.266232728958129883e+00
-1.246544837951660156e+01 -6.673294305801391602e-01 -3.368171215057373047e+00
-1.246005249023437500e+01 -7.596992850303649902e-01 -3.464125871658325195e+00
-1.245608425140380859e+01 -8.507390618324279785e-01 -3.554841279983520508e+00
-1.245310211181640625e+01 -9.379143714904785156e-01 -3.641535282135009766e+00
-1.245184421539306641e+01 -1.021352887153625488e+00 -3.722170352935791016e+00
-1.245183944702148438e+01 -1.101233124732971191e+00 -3.797393321990966797e+00
-1.245302486419677734e+01 -1.180431246757507324e+00 -3.866726636886596680e+00
-1.245160865783691406e+01 -1.246653318405151367e+00 -3.931646347045898438e+00
-1.245304107666015625e+01 -1.318088173866271973e+00 -3.994315862655639648e+00
-1.245258998870849609e+01 -1.385692834854125977e+00 -4.053319454193115234e+00
-1.245552635192871094e+01 -1.455118298530578613e+00 -4.111797332763671875e+00
-1.246137809753417969e+01 -1.521879076957702637e+00 -4.172080516815185547e+00
-1.246736145019531250e+01 -1.593669891357421875e+00 -4.221926212310791016e+00
-1.248130321502685547e+01 -1.663157105445861816e+00 -4.274316787719726562e+00
-1.249680137634277344e+01 -1.736584901809692383e+00 -4.327504634857177734e+00
-1.249367427825927734e+01 -1.815478324890136719e+00 -4.372900009155273438e+00
-1.251900959014892578e+01 -1.902141213417053223e+00 -4.409983158111572266e+00
-1.252128505706787109e+01 -1.987768173217773438e+00 -4.457131862640380859e+00
-1.255457115173339844e+01 -2.072601556777954102e+00 -4.503284454345703125e+00
-1.256764698028564453e+01 -2.172920703887939453e+00 -4.520626544952392578e+00
-1.253802776336669922e+01 -2.266103982925415039e+00 -4.585174560546875000e+00
-1.257776832580566406e+01 -2.338960409164428711e+00 -4.669243335723876953e+00
-1.260265159606933594e+01 -2.440267801284790039e+00 -4.709713935852050781e+00
-1.262786579132080078e+01 -2.554718971252441406e+00 -4.725274562835693359e+00
-1.263562297821044922e+01 -2.650284767150878906e+00 -4.781043052673339844e+00
-1.265301322937011719e+01 -2.736018180847167969e+00 -4.858181476593017578e+00
-1.272417259216308594e+01 -2.829481840133666992e+00 -4.886410713195800781e+00
-1.268706607818603516e+01 -2.989853858947753906e+00 -4.758065223693847656e+00
-1.264210224151611328e+01 -3.020783662796020508e+00 -4.979381561279296875e+00
-1.263758087158203125e+01 -3.101321458816528320e+00 -5.048837661743164062e+00
-1.269698143005371094e+01 -3.169826507568359375e+00 -5.134875297546386719e+00
-1.282308483123779297e+01 -3.255942344665527344e+00 -5.162906646728515625e+00
-1.291628646850585938e+01 -3.416687965393066406e+00 -4.858331203460693359e+00
-1.295876979827880859e+01 -3.436035633087158203e+00 -5.163868427276611328e+00
-1.284739971160888672e+01 -3.487624645233154297e+00 -5.273252964019775391e+00
-1.290667438507080078e+01 -3.567044734954833984e+00 -5.290899276733398438e+00
-1.293166828155517578e+01 -3.754107475280761719e+00 -4.834964752197265625e+00
-1.306205368041992188e+01 -3.788264513015747070e+00 -5.097116947174072266e+00
-1.276488399505615234e+01 -3.905404567718505859e+00 -4.802127361297607422e+00
-1.281387042999267578e+01 -3.993174791336059570e+00 -4.832338809967041016e+00
-1.259538745880126953e+01 -4.009217739105224609e+00 -4.906547546386718750e+00
-1.296954250335693359e+01 -4.143567085266113281e+00 -5.006902694702148438e+00
-1.279358291625976562e+01 -4.209690570831298828e+00 -4.917158603668212891e+00
-1.246317005157470703e+01 -4.119050025939941406e+00 -5.172235965728759766e+00
-1.291524124145507812e+01 -4.362175941467285156e+00 -5.073921680450439453e+00
-1.288923835754394531e+01 -4.309066772460937500e+00 -5.477848052978515625e+00
-1.292004585266113281e+01 -4.484969615936279297e+00 -5.225239753723144531e+00
-1.282153224945068359e+01 -4.429283618927001953e+00 -5.550503253936767578e+00
-1.239883708953857422e+01 -4.358976840972900391e+00 -5.538184642791748047e+00
-1.237260913848876953e+01 -4.426950931549072266e+00 -5.557397365570068359e+00
-1.284014701843261719e+01 -4.706116199493408203e+00 -5.486616134643554688e+00
-1.232702255249023438e+01 -4.553459167480468750e+00 -5.635817050933837891e+00
-1.237826728820800781e+01 -4.649808883666992188e+00 -5.725630283355712891e+00
-1.238391590118408203e+01 -4.738945007324218750e+00 -5.756834506988525391e+00
-1.235858440399169922e+01 -4.816091537475585938e+00 -5.770334720611572266e+00
-1.234367465972900391e+01 -4.898170948028564453e+00 -5.782423973083496094e+00
-1.270343875885009766e+01 -5.130887031555175781e+00 -5.548784255981445312e+00
-1.267332267761230469e+01 -5.203325748443603516e+00 -5.541627883911132812e+00
-1.265602016448974609e+01 -5.270577430725097656e+00 -5.490658760070800781e+00
-1.255545234680175781e+01 -5.324532985687255859e+00 -5.563362598419189453e+00
-1.213448143005371094e+01 -5.218205451965332031e+00 -5.697383880615234375e+00
-1.214472198486328125e+01 -5.311770915985107422e+00 -5.671565055847167969e+00
-1.254805469512939453e+01 -5.465415954589843750e+00 -5.240601539611816406e+00
-1.207895469665527344e+01 -5.426646232604980469e+00 -5.583365440368652344e+00
-1.205524921417236328e+01 -5.489375591278076172e+00 -5.524986267089843750e+00
-1.203211975097656250e+01 -5.546499252319335938e+00 -5.460448265075683594e+00
-1.236892795562744141e+01 -5.599465847015380859e+00 -5.015984535217285156e+00
-1.209787273406982422e+01 -5.723960399627685547e+00 -5.268889427185058594e+00
-1.203017139434814453e+01 -5.755422115325927734e+00 -5.215585231781005859e+00
-1.220855712890625000e+01 -5.677118778228759766e+00 -4.832464694976806641e+00
-1.191232490539550781e+01 -5.841964721679687500e+00 -5.112997055053710938e+00
-1.209145259857177734e+01 -5.667141914367675781e+00 -4.680644512176513672e+00
-1.202421760559082031e+01 -5.632542610168457031e+00 -4.598021030426025391e+00
-1.196214866638183594e+01 -5.606810569763183594e+00 -4.517025947570800781e+00
-1.169782638549804688e+01 -6.007392883300781250e+00 -4.899212360382080078e+00
-1.166371345520019531e+01 -6.044080257415771484e+00 -4.825832843780517578e+00
-1.177439594268798828e+01 -5.621047019958496094e+00 -4.332623958587646484e+00
-1.171481132507324219e+01 -5.670256614685058594e+00 -4.285875797271728516e+00
-1.165077400207519531e+01 -5.760839462280273438e+00 -4.259694576263427734e+00
-1.157725048065185547e+01 -5.751364231109619141e+00 -4.213256359100341797e+00
-1.137845516204833984e+01 -6.103477954864501953e+00 -4.542529582977294922e+00
-1.130582046508789062e+01 -6.093724250793457031e+00 -4.514299869537353516e+00
-1.123241329193115234e+01 -6.079011917114257812e+00 -4.501103401184082031e+00
-1.127325153350830078e+01 -5.715976715087890625e+00 -4.148499011993408203e+00
-1.109176254272460938e+01 -6.017739295959472656e+00 -4.478697776794433594e+00
-1.113984298706054688e+01 -5.619141578674316406e+00 -4.163906097412109375e+00
-1.107324028015136719e+01 -5.578613758087158203e+00 -4.191115379333496094e+00
-1.101009368896484375e+01 -5.533741474151611328e+00 -4.229649543762207031e+00
-1.084509468078613281e+01 -5.841802120208740234e+00 -4.603071689605712891e+00
-1.079201602935791016e+01 -5.773057937622070312e+00 -4.639589786529541016e+00
-1.082878112792968750e+01 -5.390245914459228516e+00 -4.394383430480957031e+00
-1.075622177124023438e+01 -5.360274791717529297e+00 -4.479027748107910156e+00
-1.064882278442382812e+01 -5.483644485473632812e+00 -4.737520694732666016e+00
-1.060358428955078125e+01 -5.345035552978515625e+00 -4.722609996795654297e+00
-1.054407119750976562e+01 -5.260525703430175781e+00 -4.789752960205078125e+00
-1.047683334350585938e+01 -5.178453445434570312e+00 -4.866239070892333984e+00
-1.040024185180664062e+01 -5.097394466400146484e+00 -4.940807819366455078e+00
-1.032648944854736328e+01 -5.007769107818603516e+00 -5.001628875732421875e+00
-1.023823356628417969e+01 -4.924412727355957031e+00 -5.068877696990966797e+00
-1.016529083251953125e+01 -4.830636501312255859e+00 -5.132056236267089844e+00
-1.009051036834716797e+01 -4.740739345550537109e+00 -5.193598747253417969e+00
-1.001963520050048828e+01 -4.654211997985839844e+00 -5.251165866851806641e+00
-9.942193031311035156e+00 -4.575084686279296875e+00 -5.294282436370849609e+00
-9.896139144897460938e+00 -4.485394954681396484e+00 -5.366671085357666016e+00
-9.837936401367187500e+00 -4.404992580413818359e+00 -5.416153907775878906e+00
-9.770434379577636719e+00 -4.342244148254394531e+00 -5.469676494598388672e+00
-9.716440200805664062e+00 -4.266433715820312500e+00 -5.521864891052246094e+00
-9.661315917968750000e+00 -4.195367813110351562e+00 -5.559903621673583984e+00
-9.612488746643066406e+00 -4.121052265167236328e+00 -5.596540927886962891e+00
-9.566521644592285156e+00 -4.048869609832763672e+00 -5.638250350952148438e+00
-9.520600318908691406e+00 -3.970111846923828125e+00 -5.666540622711181641e+00
-9.479523658752441406e+00 -3.896994590759277344e+00 -5.709018230438232422e+00
-9.443445205688476562e+00 -3.819477796554565430e+00 -5.748611927032470703e+00
-9.362973213195800781e+00 -3.732975006103515625e+00 -5.714282989501953125e+00
-9.435695648193359375e+00 -3.680371284484863281e+00 -5.901681423187255859e+00
-9.435612678527832031e+00 -3.599797248840332031e+00 -5.950562953948974609e+00
-9.293110847473144531e+00 -3.470393180847167969e+00 -5.777794837951660156e+00
-9.296923637390136719e+00 -3.367689609527587891e+00 -5.786628246307373047e+00
-9.447483062744140625e+00 -3.327178478240966797e+00 -6.033878326416015625e+00
-9.292969703674316406e+00 -3.197165489196777344e+00 -5.856171607971191406e+00
-9.312625885009765625e+00 -3.119431972503662109e+00 -5.928987026214599609e+00
-9.226298332214355469e+00 -3.057107686996459961e+00 -5.925498962402343750e+00
-9.187695503234863281e+00 -2.998049974441528320e+00 -5.964194297790527344e+00
-9.241030693054199219e+00 -2.949967622756958008e+00 -6.101822853088378906e+00
-9.237782478332519531e+00 -2.918268442153930664e+00 -6.209249019622802734e+00
-9.173829078674316406e+00 -2.877944469451904297e+00 -6.247336864471435547e+00
-9.095501899719238281e+00 -2.838236093521118164e+00 -6.261647701263427734e+00
-9.013980865478515625e+00 -2.817346096038818359e+00 -6.303452968597412109e+00
-8.934661865234375000e+00 -2.805112838745117188e+00 -6.353331089019775391e+00
-8.857847213745117188e+00 -2.800951004028320312e+00 -6.408209323883056641e+00
-8.793869018554687500e+00 -2.786542892456054688e+00 -6.479995250701904297e+00
-8.726426124572753906e+00 -2.770507335662841797e+00 -6.551075458526611328e+00
-8.650067329406738281e+00 -2.746186733245849609e+00 -6.619442462921142578e+00
-8.572628021240234375e+00 -2.719386816024780273e+00 -6.686423778533935547e+00
-8.493380546569824219e+00 -2.689349174499511719e+00 -6.762038707733154297e+00
-8.405196189880371094e+00 -2.655780315399169922e+00 -6.848561286926269531e+00
-8.315209388732910156e+00 -2.619182109832763672e+00 -6.935361862182617188e+00
-8.222418785095214844e+00 -2.577168464660644531e+00 -7.020095825195312500e+00
-8.121901512145996094e+00 -2.538336515426635742e+00 -7.116387844085693359e+00
-8.018133163452148438e+00 -2.497656583786010742e+00 -7.215116977691650391e+00
-7.911292552947998047e+00 -2.456806182861328125e+00 -7.313794136047363281e+00
-7.803601741790771484e+00 -2.418051004409790039e+00 -7.414337635040283203e+00
-7.699832439422607422e+00 -2.369320392608642578e+00 -7.510154724121093750e+00
-7.591684341430664062e+00 -2.328538417816162109e+00 -7.604150772094726562e+00
-7.481462478637695312e+00 -2.287383794784545898e+00 -7.700539112091064453e+00
-7.381243228912353516e+00 -2.247589111328125000e+00 -7.793921947479248047e+00
-7.278019428253173828e+00 -2.211447477340698242e+00 -7.880344867706298828e+00
-7.175372600555419922e+00 -2.183979034423828125e+00 -7.961685657501220703e+00
-7.078490734100341797e+00 -2.159132480621337891e+00 -8.033131599426269531e+00
-6.979795932769775391e+00 -2.134075641632080078e+00 -8.090579032897949219e+00
-6.877423286437988281e+00 -2.115426301956176758e+00 -8.136406898498535156e+00
-6.768379688262939453e+00 -2.078832387924194336e+00 -8.161674499511718750e+00
-6.690989494323730469e+00 -2.217620134353637695e+00 -8.282089233398437500e+00
-6.612714290618896484e+00 -1.900075793266296387e+00 -8.194901466369628906e+00
-6.530923366546630859e+00 -1.861830353736877441e+00 -8.225878715515136719e+00
-6.478147983551025391e+00 -2.236010313034057617e+00 -8.455829620361328125e+00
-6.415232658386230469e+00 -2.228494882583618164e+00 -8.508840560913085938e+00
-6.355225563049316406e+00 -2.212238311767578125e+00 -8.559878349304199219e+00
-6.306745052337646484e+00 -1.738069295883178711e+00 -8.396173477172851562e+00
-6.208918571472167969e+00 -1.939258813858032227e+00 -8.539162635803222656e+00
-6.201747417449951172e+00 -1.773687958717346191e+00 -8.540371894836425781e+00
-6.204477787017822266e+00 -1.719009995460510254e+00 -8.589133262634277344e+00
-6.207829475402832031e+00 -1.686213254928588867e+00 -8.646861076354980469e+00
-6.233630180358886719e+00 -2.024165868759155273e+00 -8.871170043945312500e+00
-6.259387493133544922e+00 -1.598961949348449707e+00 -8.746701240539550781e+00
-6.313048362731933594e+00 -1.991741180419921875e+00 -8.995359420776367188e+00
-6.370035171508789062e+00 -1.975545883178710938e+00 -9.051836013793945312e+00
-6.438618659973144531e+00 -1.962501406669616699e+00 -9.097485542297363281e+00
-6.509456157684326172e+00 -1.941388130187988281e+00 -9.139751434326171875e+00
-6.547137260437011719e+00 -1.455652117729187012e+00 -8.959741592407226562e+00
-6.610981941223144531e+00 -1.438457608222961426e+00 -9.015704154968261719e+00
-6.705481052398681641e+00 -1.439465284347534180e+00 -9.067185401916503906e+00
-6.817854404449462891e+00 -1.758764863014221191e+00 -9.274877548217773438e+00
-6.902394294738769531e+00 -1.553863763809204102e+00 -9.235980033874511719e+00
-7.002387523651123047e+00 -1.547681450843811035e+00 -9.291241645812988281e+00
-7.090276241302490234e+00 -1.525365114212036133e+00 -9.358615875244140625e+00
-7.171926021575927734e+00 -1.483209252357482910e+00 -9.430466651916503906e+00
-7.252420902252197266e+00 -1.438171386718750000e+00 -9.516988754272460938e+00
-7.329894065856933594e+00 -1.391751170158386230e+00 -9.602727890014648438e+00
-7.400660514831542969e+00 -1.342436432838439941e+00 -9.704587936401367188e+00
-7.484303951263427734e+00 -1.294573783874511719e+00 -9.802897453308105469e+00
-7.566571712493896484e+00 -1.245180606842041016e+00 -9.909737586975097656e+00
-7.653321743011474609e+00 -1.196019411087036133e+00 -1.001156711578369141e+01
-7.738178730010986328e+00 -1.146493554115295410e+00 -1.011502170562744141e+01
-7.824772357940673828e+00 -1.095885872840881348e+00 -1.022151947021484375e+01
-7.910746574401855469e+00 -1.045535445213317871e+00 -1.032739734649658203e+01
-7.995241641998291016e+00 -9.993066787719726562e-01 -1.042646789550781250e+01
-8.083183288574218750e+00 -9.496341943740844727e-01 -1.053290653228759766e+01
-8.172578811645507812e+00 -9.004435539245605469e-01 -1.063887119293212891e+01
-8.264929771423339844e+00 -8.507408499717712402e-01 -1.074658298492431641e+01
-8.358804702758789062e+00 -8.030442595481872559e-01 -1.085180091857910156e+01
-8.454522132873535156e+00 -7.519974112510681152e-01 -1.095922470092773438e+01
-8.552596092224121094e+00 -7.023935914039611816e-01 -1.106884193420410156e+01
-8.653404235839843750e+00 -6.630306243896484375e-01 -1.116650772094726562e+01
-8.755887985229492188e+00 -6.173831224441528320e-01 -1.126911163330078125e+01
-8.858789443969726562e+00 -5.715363025665283203e-01 -1.137136268615722656e+01
-8.962187767028808594e+00 -5.276495814323425293e-01 -1.147035408020019531e+01
-9.067695617675781250e+00 -4.839161336421966553e-01 -1.156380844116210938e+01
-9.170969963073730469e+00 -4.497683942317962646e-01 -1.166174125671386719e+01
-9.276836395263671875e+00 -4.098429679870605469e-01 -1.174340915679931641e+01
-9.375007629394531250e+00 -3.631951212882995605e-01 -1.182663631439208984e+01
-9.468707084655761719e+00 -3.298160433769226074e-01 -1.191148376464843750e+01
-9.559977531433105469e+00 -2.931137084960937500e-01 -1.199007606506347656e+01
-9.647958755493164062e+00 -2.531194090843200684e-01 -1.206752395629882812e+01
-9.722040176391601562e+00 -2.167446166276931763e-01 -1.216863536834716797e+01
-9.795902252197265625e+00 -2.025168091058731079e-01 -1.227311897277832031e+01
-9.876013755798339844e+00 -2.180206626653671265e-01 -1.237670898437500000e+01
-9.964825630187988281e+00 -2.030693888664245605e-01 -1.243222999572753906e+01
-1.005402183532714844e+01 -4.523793235421180725e-02 -1.238934230804443359e+01
-1.019036483764648438e+01 8.319404721260070801e-02 -1.220871734619140625e+01
-1.028711414337158203e+01 9.116556495428085327e-02 -1.217502784729003906e+01
-1.038066101074218750e+01 8.314221352338790894e-02 -1.213672924041748047e+01
-1.040298938751220703e+01 -4.198568761348724365e-01 -1.253913879394531250e+01
-1.049430084228515625e+01 -4.587693810462951660e-01 -1.251601028442382812e+01
-1.058589744567871094e+01 -4.955457150936126709e-01 -1.248260688781738281e+01
-1.075382900238037109e+01 -4.378622397780418396e-02 -1.201271915435791016e+01
-1.083939456939697266e+01 -9.425151348114013672e-02 -1.200089263916015625e+01
-1.092335700988769531e+01 -1.571837812662124634e-01 -1.200494670867919922e+01
-1.096358299255371094e+01 -5.136289596557617188e-01 -1.231772041320800781e+01
-1.106235504150390625e+01 -4.715335667133331299e-01 -1.224646759033203125e+01
-1.104287338256835938e+01 -5.224213600158691406e-01 -1.245719528198242188e+01
-1.111876583099365234e+01 -5.014315843582153320e-01 -1.244050025939941406e+01
-1.118486309051513672e+01 -4.773377180099487305e-01 -1.244269275665283203e+01
-1.130654335021972656e+01 -7.253785431385040283e-02 -1.211577033996582031e+01
-1.136752891540527344e+01 -1.740992963314056396e-01 -1.223177337646484375e+01
-1.137961006164550781e+01 -2.642523348331451416e-01 -1.238561630249023438e+01
-1.139531326293945312e+01 1.051234677433967590e-01 -1.223260879516601562e+01
-1.140179157257080078e+01 1.808515191078186035e-01 -1.228042411804199219e+01
-1.141390609741210938e+01 2.359810620546340942e-01 -1.234753894805908203e+01
-1.140685176849365234e+01 3.050106763839721680e-01 -1.240646839141845703e+01
-1.128056049346923828e+01 -4.488692805171012878e-02 -1.282995510101318359e+01
-1.125607681274414062e+01 4.723883420228958130e-02 -1.288884067535400391e+01
-1.122548007965087891e+01 1.481685936450958252e-01 -1.294538593292236328e+01
-1.121100997924804688e+01 2.502498924732208252e-01 -1.298886394500732422e+01
-1.116387557983398438e+01 3.127717375755310059e-01 -1.309620857238769531e+01
-1.130190563201904297e+01 6.890609860420227051e-01 -1.289201259613037109e+01
-1.127331542968750000e+01 7.458271980285644531e-01 -1.300037670135498047e+01
-1.123806190490722656e+01 8.008151650428771973e-01 -1.311150074005126953e+01
-1.125702762603759766e+01 8.732539415359497070e-01 -1.319296360015869141e+01
-1.125569915771484375e+01 9.200221300125122070e-01 -1.329249286651611328e+01
-1.110133171081542969e+01 6.223679780960083008e-01 -1.365151786804199219e+01
-1.112774944305419922e+01 7.918701171875000000e-01 -1.366265106201171875e+01
-1.112282466888427734e+01 7.274243831634521484e-01 -1.380688476562500000e+01
-1.114502906799316406e+01 8.050088286399841309e-01 -1.386640357971191406e+01
-1.138186550140380859e+01 1.220402479171752930e+00 -1.362512779235839844e+01
-1.120458698272705078e+01 8.812428712844848633e-01 -1.399758243560791016e+01
-1.144810009002685547e+01 1.253136873245239258e+00 -1.377201652526855469e+01
-1.152053928375244141e+01 1.273195862770080566e+00 -1.380222988128662109e+01
-1.158424568176269531e+01 1.274730443954467773e+00 -1.384580993652343750e+01
-1.145283412933349609e+01 9.151363372802734375e-01 -1.418267154693603516e+01
-1.153687953948974609e+01 9.113256335258483887e-01 -1.420582962036132812e+01
-1.162934303283691406e+01 9.141780138015747070e-01 -1.421306228637695312e+01
-1.189408874511718750e+01 1.200697183609008789e+00 -1.391928005218505859e+01
-1.177693176269531250e+01 7.733702659606933594e-01 -1.421745681762695312e+01
-1.207148551940917969e+01 1.129395961761474609e+00 -1.386713981628417969e+01
-1.195033550262451172e+01 6.888696551322937012e-01 -1.416648292541503906e+01
-1.208573627471923828e+01 7.364446520805358887e-01 -1.412347507476806641e+01
-1.217708015441894531e+01 6.967013478279113770e-01 -1.408047103881835938e+01
-1.226344299316406250e+01 6.555651426315307617e-01 -1.403208255767822266e+01
-1.245450496673583984e+01 7.827803492546081543e-01 -1.391648101806640625e+01
-1.254771232604980469e+01 7.496001124382019043e-01 -1.384944438934326172e+01
-1.264026641845703125e+01 7.090931534767150879e-01 -1.380138969421386719e+01
-1.272117805480957031e+01 6.594941020011901855e-01 -1.369351196289062500e+01
-1.279968643188476562e+01 6.021211743354797363e-01 -1.364938640594482422e+01
-1.287069797515869141e+01 5.468088984489440918e-01 -1.359033775329589844e+01
-1.273099708557128906e+01 2.202444821596145630e-01 -1.353139209747314453e+01
-1.297543811798095703e+01 3.930047452449798584e-01 -1.348023319244384766e+01
-1.298511314392089844e+01 2.677707374095916748e-01 -1.344773292541503906e+01
-1.288201332092285156e+01 2.693170867860317230e-02 -1.347038173675537109e+01
-1.295349216461181641e+01 -1.008713990449905396e-02 -1.346158599853515625e+01
-1.299419116973876953e+01 -6.311505287885665894e-02 -1.346877193450927734e+01
-1.304761314392089844e+01 -9.487580507993698120e-02 -1.348751449584960938e+01
-1.335525131225585938e+01 1.444936692714691162e-01 -1.362826061248779297e+01
-1.334181785583496094e+01 1.837915182113647461e-02 -1.362447547912597656e+01
-1.338963890075683594e+01 3.317829687148332596e-03 -1.370752048492431641e+01
-1.339132785797119141e+01 -1.032907366752624512e-01 -1.375517368316650391e+01
-1.342075157165527344e+01 -1.190828084945678711e-01 -1.384774494171142578e+01
-1.342908477783203125e+01 -1.281998008489608765e-01 -1.395506858825683594e+01
-1.342539119720458984e+01 -1.168619692325592041e-01 -1.407317256927490234e+01
-1.340085220336914062e+01 -1.465422660112380981e-01 -1.417274188995361328e+01
-1.336391544342041016e+01 -2.174836993217468262e-01 -1.425333213806152344e+01
-1.332432079315185547e+01 -3.035975694656372070e-01 -1.431091690063476562e+01
-1.327526473999023438e+01 -3.257681131362915039e-01 -1.441855716705322266e+01
-1.320658779144287109e+01 -3.644468188285827637e-01 -1.452046394348144531e+01
-1.310994815826416016e+01 -4.027695357799530029e-01 -1.461854553222656250e+01
-1.304228210449218750e+01 -4.587344229221343994e-01 -1.470431041717529297e+01
-1.297932434082031250e+01 -5.396963357925415039e-01 -1.478040695190429688e+01
-1.287093544006347656e+01 -5.876160264015197754e-01 -1.486665248870849609e+01
-1.276570320129394531e+01 -6.532853841781616211e-01 -1.493378925323486328e+01
-1.268026828765869141e+01 -7.290277481079101562e-01 -1.498820495605468750e+01
-1.286818790435791016e+01 -9.706297516822814941e-01 -1.501533985137939453e+01
-1.258158206939697266e+01 -9.327093362808227539e-01 -1.507895469665527344e+01
-1.252867031097412109e+01 -1.017330050468444824e+00 -1.508594799041748047e+01
-1.246318054199218750e+01 -1.083973526954650879e+00 -1.507368755340576172e+01
-1.244275283813476562e+01 -1.161361455917358398e+00 -1.505457401275634766e+01
-1.244236087799072266e+01 -1.227810978889465332e+00 -1.502589225769042969e+01
-1.242794322967529297e+01 -1.276133656501770020e+00 -1.496532058715820312e+01
-1.242254161834716797e+01 -1.309721827507019043e+00 -1.488860988616943359e+01
-1.243045997619628906e+01 -1.327848911285400391e+00 -1.477724361419677734e+01
-1.249435615539550781e+01 -1.349429845809936523e+00 -1.464458751678466797e+01
-1.258027839660644531e+01 -1.350124001502990723e+00 -1.449023342132568359e+01
-1.263696670532226562e+01 -1.310579061508178711e+00 -1.430170154571533203e+01
-1.276831436157226562e+01 -1.293031454086303711e+00 -1.407913780212402344e+01
-1.292670631408691406e+01 -1.262384295463562012e+00 -1.381320953369140625e+01
-1.309904861450195312e+01 -1.219669938087463379e+00 -1.349189376831054688e+01
-1.325492572784423828e+01 -1.186082839965820312e+00 -1.315627765655517578e+01
-1.339742469787597656e+01 -1.169939279556274414e+00 -1.283560848236083984e+01
-1.352760982513427734e+01 -1.170596241950988770e+00 -1.255842399597167969e+01
-1.362618541717529297e+01 -1.177641034126281738e+00 -1.230643749237060547e+01
-1.371561145782470703e+01 -1.185141682624816895e+00 -1.208054924011230469e+01
-1.380109500885009766e+01 -1.196542501449584961e+00 -1.187380409240722656e+01
-1.388725852966308594e+01 -1.211566448211669922e+00 -1.167492103576660156e+01
-1.397606849670410156e+01 -1.227427124977111816e+00 -1.147432327270507812e+01
-1.406228446960449219e+01 -1.241051435470581055e+00 -1.127387905120849609e+01
-1.414431476593017578e+01 -1.253627896308898926e+00 -1.107783508300781250e+01
-1.421381282806396484e+01 -1.263076424598693848e+00 -1.090330982208251953e+01
-1.427161026000976562e+01 -1.270601391792297363e+00 -1.075242519378662109e+01
-1.431846237182617188e+01 -1.274318099021911621e+00 -1.062492084503173828e+01
-1.435469436645507812e+01 -1.276984572410583496e+00 -1.052261066436767578e+01
-1.438354778289794922e+01 -1.280555367469787598e+00 -1.044136524200439453e+01
-1.440522003173828125e+01 -1.283378005027770996e+00 -1.037977218627929688e+01
-1.442046833038330078e+01 -1.286053419113159180e+00 -1.033318328857421875e+01
-1.443180751800537109e+01 -1.288082599639892578e+00 -1.029893684387207031e+01
-1.444064712524414062e+01 -1.288688302040100098e+00 -1.027461910247802734e+01
-1.444661045074462891e+01 -1.289551734924316406e+00 -1.025661849975585938e+01
-1.445071315765380859e+01 -1.290416598320007324e+00 -1.024458503723144531e+01
-1.445327186584472656e+01 -1.291168451309204102e+00 -1.023717689514160156e+01
-1.445540523529052734e+01 -1.290975809097290039e+00 -1.023346233367919922e+01
-1.445611095428466797e+01 -1.291827917098999023e+00 -1.023100376129150391e+01
-1.445640182495117188e+01 -1.292147517204284668e+00 -1.023014259338378906e+01
-1.445648097991943359e+01 -1.292156934738159180e+00 -1.022991180419921875e+01
