3.958077192306518555e+00 -6.760592460632324219e+00 2.238866567611694336e+00
4.096106529235839844e+00 -7.023859024047851562e+00 2.225603103637695312e+00
4.223911762237548828e+00 -7.270058631896972656e+00 2.202745914459228516e+00
4.341330528259277344e+00 -7.498713493347167969e+00 2.171005725860595703e+00
4.448340415954589844e+00 -7.709583282470703125e+00 2.131213426589965820e+00
4.545044422149658203e+00 -7.902639389038085938e+00 2.084305047988891602e+00
4.633968353271484375e+00 -8.081976890563964844e+00 2.029828310012817383e+00
4.719329833984375000e+00 -8.251137733459472656e+00 1.979830861091613770e+00
4.796255588531494141e+00 -8.404224395751953125e+00 1.928596019744873047e+00
4.863946437835693359e+00 -8.540544509887695312e+00 1.874668359756469727e+00
4.922678470611572266e+00 -8.660403251647949219e+00 1.819188117980957031e+00
4.973588943481445312e+00 -8.764583587646484375e+00 1.766249299049377441e+00
5.018588066101074219e+00 -8.855147361755371094e+00 1.721707582473754883e+00
5.055585384368896484e+00 -8.931153297424316406e+00 1.678886651992797852e+00
5.084136486053466797e+00 -8.991057395935058594e+00 1.638414263725280762e+00
5.104227066040039062e+00 -9.034661293029785156e+00 1.601316094398498535e+00
5.115344047546386719e+00 -9.060835838317871094e+00 1.570706725120544434e+00
5.117424011230468750e+00 -9.069297790527343750e+00 1.547020792961120605e+00
5.110734939575195312e+00 -9.060402870178222656e+00 1.528589367866516113e+00
5.094976425170898438e+00 -9.033438682556152344e+00 1.516211867332458496e+00
5.069787502288818359e+00 -8.987595558166503906e+00 1.510647416114807129e+00
5.034766197204589844e+00 -8.921995162963867188e+00 1.512597441673278809e+00
4.989480018615722656e+00 -8.835715293884277344e+00 1.522703170776367188e+00
4.933500289916992188e+00 -8.727854728698730469e+00 1.541526556015014648e+00
4.865483283996582031e+00 -8.595810890197753906e+00 1.574234604835510254e+00
4.785395145416259766e+00 -8.439459800720214844e+00 1.619557619094848633e+00
4.693210601806640625e+00 -8.258710861206054688e+00 1.676472544670104980e+00
4.589758396148681641e+00 -8.056181907653808594e+00 1.745980381965637207e+00
4.475073814392089844e+00 -7.831390380859375000e+00 1.828859806060791016e+00
4.363756179809570312e+00 -7.607948303222656250e+00 1.906554818153381348e+00
4.259743690490722656e+00 -7.394865512847900391e+00 1.974430799484252930e+00
4.150069713592529297e+00 -7.163941383361816406e+00 2.068052053451538086e+00
4.033412456512451172e+00 -6.916998863220214844e+00 2.172987222671508789e+00
3.910161256790161133e+00 -6.655503749847412109e+00 2.286741971969604492e+00
3.781089544296264648e+00 -6.381151199340820312e+00 2.408446073532104492e+00
3.641713619232177734e+00 -6.081884384155273438e+00 2.523270130157470703e+00
3.498074054718017578e+00 -5.772959709167480469e+00 2.642682075500488281e+00
3.351636648178100586e+00 -5.457668304443359375e+00 2.765994787216186523e+00
3.203806400299072266e+00 -5.139081001281738281e+00 2.891920804977416992e+00
3.056096315383911133e+00 -4.820502281188964844e+00 3.019082307815551758e+00
2.906569242477416992e+00 -4.514674663543701172e+00 3.046828746795654297e+00
2.764352560043334961e+00 -4.224348545074462891e+00 3.050465822219848633e+00
2.576489925384521484e+00 -3.844859361648559570e+00 3.052162170410156250e+00
2.445526123046875000e+00 -3.459123849868774414e+00 3.105826616287231445e+00
2.370765447616577148e+00 -3.063503742218017578e+00 3.128055334091186523e+00
2.305544376373291016e+00 -2.731037378311157227e+00 3.141301393508911133e+00
2.123976945877075195e+00 -2.235582590103149414e+00 2.863526105880737305e+00
2.121510028839111328e+00 -2.224510192871093750e+00 2.838685750961303711e+00
2.127964496612548828e+00 -2.216936588287353516e+00 2.800930023193359375e+00
2.133925914764404297e+00 -2.212698698043823242e+00 2.775066614151000977e+00
2.139321327209472656e+00 -2.211866140365600586e+00 2.761461019515991211e+00
2.143326759338378906e+00 -2.213433980941772461e+00 2.760118484497070312e+00
2.146832942962646484e+00 -2.218641042709350586e+00 2.771257877349853516e+00
2.151067733764648438e+00 -2.228536605834960938e+00 2.795068740844726562e+00
2.158899545669555664e+00 -2.245084285736083984e+00 2.832113265991210938e+00
2.167010784149169922e+00 -2.265697002410888672e+00 2.880745887756347656e+00
2.173965215682983398e+00 -2.288288116455078125e+00 2.939869880676269531e+00
2.180425882339477539e+00 -2.313540220260620117e+00 3.008713722229003906e+00
2.193019151687622070e+00 -2.328126907348632812e+00 3.049917936325073242e+00
2.318816423416137695e+00 -2.586654186248779297e+00 3.181258916854858398e+00
2.397616386413574219e+00 -2.969146966934204102e+00 3.206600189208984375e+00
2.453464508056640625e+00 -3.262748479843139648e+00 3.216741085052490234e+00
2.508231639862060547e+00 -3.564187765121459961e+00 3.228516340255737305e+00
2.601944446563720703e+00 -3.879948377609252930e+00 3.203305959701538086e+00
2.781488418579101562e+00 -4.258594989776611328e+00 3.179007530212402344e+00
2.895622730255126953e+00 -4.496838569641113281e+00 3.171020507812500000e+00
3.007326602935791016e+00 -4.730377197265625000e+00 3.161376237869262695e+00
3.113331317901611328e+00 -4.955273151397705078e+00 3.137337684631347656e+00
3.207570314407348633e+00 -5.169206619262695312e+00 3.049460411071777344e+00
3.300055503845214844e+00 -5.374838829040527344e+00 2.958854913711547852e+00
3.382563829421997070e+00 -5.559204101562500000e+00 2.875057935714721680e+00
3.454653263092041016e+00 -5.720663070678710938e+00 2.799870252609252930e+00
3.515657901763916016e+00 -5.857345581054687500e+00 2.734764575958251953e+00
3.562507152557373047e+00 -5.963804244995117188e+00 2.679931163787841797e+00
3.594285726547241211e+00 -6.038059711456298828e+00 2.636200666427612305e+00
3.610335350036621094e+00 -6.078680992126464844e+00 2.604221582412719727e+00
3.610273122787475586e+00 -6.084822654724121094e+00 2.584439277648925781e+00
3.594001770019531250e+00 -6.056245803833007812e+00 2.577099561691284180e+00
3.561712741851806641e+00 -5.993329048156738281e+00 2.582232952117919922e+00
3.513889789581298828e+00 -5.897068977355957031e+00 2.599664926528930664e+00
3.451304674148559570e+00 -5.769073486328125000e+00 2.629007101058959961e+00
3.380500793457031250e+00 -5.619361877441406250e+00 2.662868499755859375e+00
3.301164150238037109e+00 -5.448375701904296875e+00 2.702470541000366211e+00
3.211612701416015625e+00 -5.255792140960693359e+00 2.749395847320556641e+00
3.112256050109863281e+00 -5.047624588012695312e+00 2.798152685165405273e+00
3.003874540328979492e+00 -4.822040557861328125e+00 2.820351839065551758e+00
2.887828111648559570e+00 -4.582466602325439453e+00 2.807060241699218750e+00
2.745474576950073242e+00 -4.292463302612304688e+00 2.799756526947021484e+00
2.596826553344726562e+00 -3.993507623672485352e+00 2.791737556457519531e+00
2.418288469314575195e+00 -3.627578020095825195e+00 2.869284629821777344e+00
2.286499977111816406e+00 -3.288600444793701172e+00 2.997809171676635742e+00
2.276260614395141602e+00 -3.056653022766113281e+00 3.088567972183227539e+00
2.277112007141113281e+00 -2.817878246307373047e+00 3.133877992630004883e+00
2.251831531524658203e+00 -2.503826856613159180e+00 3.112960815429687500e+00
2.159840106964111328e+00 -2.285804510116577148e+00 2.962832212448120117e+00
2.154980659484863281e+00 -2.275631666183471680e+00 2.952612638473510742e+00
2.153800964355468750e+00 -2.270581007003784180e+00 2.946426868438720703e+00
2.160289049148559570e+00 -2.273087263107299805e+00 2.938849925994873047e+00
2.164911746978759766e+00 -2.276471138000488281e+00 2.940831899642944336e+00
2.169206857681274414e+00 -2.282862901687622070e+00 2.952732801437377930e+00
2.173078536987304688e+00 -2.292131662368774414e+00 2.974335432052612305e+00
2.176440238952636719e+00 -2.304094791412353516e+00 3.005251646041870117e+00
2.177245855331420898e+00 -2.310197830200195312e+00 3.036827564239501953e+00
2.176752090454101562e+00 -2.309164285659790039e+00 3.064924955368041992e+00
2.178651094436645508e+00 -2.310982942581176758e+00 3.088931083679199219e+00
2.260397434234619141e+00 -2.514778852462768555e+00 3.137254476547241211e+00
2.302911758422851562e+00 -2.849797964096069336e+00 3.164590597152709961e+00
2.311213016510009766e+00 -3.096467494964599609e+00 3.122127771377563477e+00
2.348045825958251953e+00 -3.376209497451782227e+00 3.070826530456542969e+00
2.442258834838867188e+00 -3.665932416915893555e+00 2.993707656860351562e+00
2.629024267196655273e+00 -4.037603855133056641e+00 2.924130201339721680e+00
2.782504558563232422e+00 -4.340014457702636719e+00 2.909526109695434570e+00
2.891617298126220703e+00 -4.566178798675537109e+00 2.906793117523193359e+00
2.996374607086181641e+00 -4.784174919128417969e+00 2.901393413543701172e+00
3.093234062194824219e+00 -4.992928028106689453e+00 2.887616634368896484e+00
3.178571224212646484e+00 -5.182631492614746094e+00 2.830905914306640625e+00
3.253254652023315430e+00 -5.351182937622070312e+00 2.761162757873535156e+00
3.320259094238281250e+00 -5.500496864318847656e+00 2.700199127197265625e+00
3.374026298522949219e+00 -5.624684810638427734e+00 2.643143653869628906e+00
3.414206981658935547e+00 -5.719280719757080078e+00 2.594293832778930664e+00
3.439841032028198242e+00 -5.782082557678222656e+00 2.554625034332275391e+00
3.450213432312011719e+00 -5.811419963836669922e+00 2.524963140487670898e+00
3.444867849349975586e+00 -5.806183815002441406e+00 2.505976915359497070e+00
3.423612356185913086e+00 -5.765845298767089844e+00 2.498160123825073242e+00
3.386528015136718750e+00 -5.690471172332763672e+00 2.501828193664550781e+00
3.333863258361816406e+00 -5.580953121185302734e+00 2.516701698303222656e+00
3.265254974365234375e+00 -5.440632343292236328e+00 2.538963556289672852e+00
3.182446479797363281e+00 -5.269500732421875000e+00 2.571661710739135742e+00
3.086585760116577148e+00 -5.069883346557617188e+00 2.614440202713012695e+00
2.974683761596679688e+00 -4.839536190032958984e+00 2.606824398040771484e+00
2.851405143737792969e+00 -4.585304260253906250e+00 2.590480804443359375e+00
2.723167419433593750e+00 -4.310142040252685547e+00 2.610391616821289062e+00
2.597717285156250000e+00 -4.014343261718750000e+00 2.723748683929443359e+00
2.365268468856811523e+00 -3.535548448562622070e+00 2.865612745285034180e+00
2.271958827972412109e+00 -3.217293262481689453e+00 2.976420640945434570e+00
2.268929004669189453e+00 -2.868424177169799805e+00 3.043979883193969727e+00
2.162865638732910156e+00 -2.308894395828247070e+00 2.968386650085449219e+00
2.156597137451171875e+00 -2.281405687332153320e+00 3.000403642654418945e+00
2.154201745986938477e+00 -2.259258985519409180e+00 2.942181587219238281e+00
2.162300586700439453e+00 -2.236509084701538086e+00 2.873248815536499023e+00
2.182357549667358398e+00 -2.223686933517456055e+00 2.806367635726928711e+00
2.201972246170043945e+00 -2.213237762451171875e+00 2.745838165283203125e+00
2.219793558120727539e+00 -2.204526662826538086e+00 2.692667245864868164e+00
2.235556125640869141e+00 -2.197609424591064453e+00 2.647448062896728516e+00
2.249035596847534180e+00 -2.192517280578613281e+00 2.610642671585083008e+00
2.260051488876342773e+00 -2.189250707626342773e+00 2.582564830780029297e+00
2.268469810485839844e+00 -2.187787294387817383e+00 2.563387632369995117e+00
2.274203538894653320e+00 -2.188077449798583984e+00 2.553138732910156250e+00
2.277212381362915039e+00 -2.190049886703491211e+00 2.551710367202758789e+00
2.277502536773681641e+00 -2.193611860275268555e+00 2.558861732482910156e+00
2.275123119354248047e+00 -2.198652505874633789e+00 2.574230194091796875e+00
2.270163536071777344e+00 -2.205043792724609375e+00 2.597342729568481445e+00
2.262750625610351562e+00 -2.212645530700683594e+00 2.627629756927490234e+00
2.253040313720703125e+00 -2.221303701400756836e+00 2.664436578750610352e+00
2.241215705871582031e+00 -2.230857610702514648e+00 2.707041978836059570e+00
2.227480888366699219e+00 -2.241140365600585938e+00 2.754675149917602539e+00
2.212053537368774414e+00 -2.251982688903808594e+00 2.806531906127929688e+00
2.195163011550903320e+00 -2.263215780258178711e+00 2.861791610717773438e+00
2.177197456359863281e+00 -2.275607585906982422e+00 2.924961090087890625e+00
2.167758703231811523e+00 -2.298636674880981445e+00 3.013566970825195312e+00
2.163819789886474609e+00 -2.295215368270874023e+00 3.049486398696899414e+00
2.198711633682250977e+00 -2.362093925476074219e+00 3.074201583862304688e+00
2.341032028198242188e+00 -2.939655065536499023e+00 3.148497343063354492e+00
2.375624179840087891e+00 -3.271760225296020508e+00 3.103470563888549805e+00
2.445647239685058594e+00 -3.595081567764282227e+00 3.053984403610229492e+00
2.637852907180786133e+00 -3.998909235000610352e+00 3.041035652160644531e+00
2.790629625320434570e+00 -4.300110340118408203e+00 3.034573793411254883e+00
2.904737234115600586e+00 -4.531466960906982422e+00 3.047184944152832031e+00
3.014647960662841797e+00 -4.754134654998779297e+00 3.059734821319580078e+00
3.119575500488281250e+00 -4.966747760772705078e+00 3.071533918380737305e+00
3.213993072509765625e+00 -5.171197891235351562e+00 3.016708135604858398e+00
3.311514139175415039e+00 -5.377678394317626953e+00 2.943595170974731445e+00
3.403161048889160156e+00 -5.571692943572998047e+00 2.874762773513793945e+00
3.488800048828125000e+00 -5.752968788146972656e+00 2.810334205627441406e+00
3.568329572677612305e+00 -5.921312808990478516e+00 2.750388622283935547e+00
3.641668081283569336e+00 -6.076581954956054688e+00 2.694966554641723633e+00
3.708732843399047852e+00 -6.218639373779296875e+00 2.644096612930297852e+00
3.769430398941040039e+00 -6.347332477569580078e+00 2.597795963287353516e+00
3.823638439178466797e+00 -6.462450504302978516e+00 2.556094884872436523e+00
3.869019031524658203e+00 -6.558034896850585938e+00 2.513479232788085938e+00
3.907604455947875977e+00 -6.639519691467285156e+00 2.475723981857299805e+00
3.939396381378173828e+00 -6.707072257995605469e+00 2.443584918975830078e+00
3.964103460311889648e+00 -6.760119438171386719e+00 2.417249917984008789e+00
3.981388330459594727e+00 -6.797982692718505859e+00 2.396959781646728516e+00
3.990875244140625000e+00 -6.819890022277832031e+00 2.383012056350708008e+00
3.992148876190185547e+00 -6.824976921081542969e+00 2.375748634338378906e+00
3.984779357910156250e+00 -6.812332153320312500e+00 2.375554323196411133e+00
3.968323707580566406e+00 -6.781006336212158203e+00 2.382851600646972656e+00
3.942354202270507812e+00 -6.730062484741210938e+00 2.398076772689819336e+00
3.906465530395507812e+00 -6.658599853515625000e+00 2.421677350997924805e+00
3.860305547714233398e+00 -6.565815925598144531e+00 2.454080581665039062e+00
3.803590297698974609e+00 -6.451037406921386719e+00 2.495683193206787109e+00
3.736127376556396484e+00 -6.313770294189453125e+00 2.546828985214233398e+00
3.656446456909179688e+00 -6.150134086608886719e+00 2.604242324829101562e+00
3.563784122467041016e+00 -5.958014488220214844e+00 2.666025161743164062e+00
3.460034608840942383e+00 -5.742135047912597656e+00 2.736562013626098633e+00
3.351115226745605469e+00 -5.511061191558837891e+00 2.808915615081787109e+00
3.241128206253051758e+00 -5.271318435668945312e+00 2.877874612808227539e+00
3.116077184677124023e+00 -5.012713432312011719e+00 2.890593051910400391e+00
2.975317001342773438e+00 -4.728412151336669922e+00 2.870607852935791016e+00
2.798108577728271484e+00 -4.372018814086914062e+00 2.858978033065795898e+00
2.615629673004150391e+00 -4.002750396728515625e+00 2.854023694992065430e+00
2.382503509521484375e+00 -3.524404287338256836e+00 2.969414949417114258e+00
2.332088232040405273e+00 -3.128770589828491211e+00 3.173058509826660156e+00
2.318983793258666992e+00 -2.695583581924438477e+00 3.220215559005737305e+00
2.209286689758300781e+00 -2.313808202743530273e+00 2.902458906173706055e+00
2.205988883972167969e+00 -2.290328025817871094e+00 2.853510856628417969e+00
2.214103698730468750e+00 -2.267182111740112305e+00 2.786163568496704102e+00
2.229851245880126953e+00 -2.247646331787109375e+00 2.712711334228515625e+00
2.253496408462524414e+00 -2.234917402267456055e+00 2.640266180038452148e+00
2.275352001190185547e+00 -2.222718954086303711e+00 2.572241544723510742e+00
2.295144557952880859e+00 -2.211224794387817383e+00 2.509559631347656250e+00
2.308983087539672852e+00 -2.202056646347045898e+00 2.473371982574462891e+00
2.302237033843994141e+00 -2.181807279586791992e+00 2.466725111007690430e+00
2.293460369110107422e+00 -2.160847902297973633e+00 2.457450628280639648e+00
2.285348892211914062e+00 -2.143096685409545898e+00 2.450190067291259766e+00
2.278019666671752930e+00 -2.128797769546508789e+00 2.445076227188110352e+00
2.271581411361694336e+00 -2.118149995803833008e+00 2.442210435867309570e+00
2.266132354736328125e+00 -2.111300468444824219e+00 2.441661596298217773e+00
2.261758804321289062e+00 -2.108345746994018555e+00 2.443467378616333008e+00
2.258532524108886719e+00 -2.109327793121337891e+00 2.447630167007446289e+00
2.256512165069580078e+00 -2.114237070083618164e+00 2.454122304916381836e+00
2.255740642547607422e+00 -2.123010873794555664e+00 2.462881803512573242e+00
2.256244897842407227e+00 -2.135537385940551758e+00 2.473819494247436523e+00
2.258035659790039062e+00 -2.151657819747924805e+00 2.486816644668579102e+00
2.261110305786132812e+00 -2.171173334121704102e+00 2.501733064651489258e+00
2.260160207748413086e+00 -2.192989110946655273e+00 2.535882949829101562e+00
2.245470762252807617e+00 -2.213174343109130859e+00 2.612619638442993164e+00
2.223584175109863281e+00 -2.226022720336914062e+00 2.683820247650146484e+00
2.200853347778320312e+00 -2.239954471588134766e+00 2.759190320968627930e+00
2.177572250366210938e+00 -2.254830598831176758e+00 2.837858915328979492e+00
2.164751052856445312e+00 -2.279113292694091797e+00 2.927074670791625977e+00
2.168797492980957031e+00 -2.300056695938110352e+00 3.018132686614990234e+00
2.186198472976684570e+00 -2.336081981658935547e+00 3.039151906967163086e+00
2.356086254119873047e+00 -2.894179821014404297e+00 3.106760740280151367e+00
2.406001329421997070e+00 -3.291438817977905273e+00 3.068117856979370117e+00
2.458860397338867188e+00 -3.624213457107543945e+00 3.023998737335205078e+00
2.666620016098022461e+00 -4.074628829956054688e+00 2.975188493728637695e+00
2.825736999511718750e+00 -4.394917011260986328e+00 2.967574834823608398e+00
2.956316709518432617e+00 -4.664185047149658203e+00 2.967835903167724609e+00
3.080815792083740234e+00 -4.920735359191894531e+00 2.968154191970825195e+00
3.198637485504150391e+00 -5.163291931152343750e+00 2.968656063079833984e+00
3.303369760513305664e+00 -5.391505241394042969e+00 2.910699367523193359e+00
3.399165153503417969e+00 -5.604118824005126953e+00 2.838924884796142578e+00
3.492407321929931641e+00 -5.806947708129882812e+00 2.767691850662231445e+00
3.581067562103271484e+00 -5.997003555297851562e+00 2.699424982070922852e+00
3.661811351776123047e+00 -6.169522285461425781e+00 2.638180732727050781e+00
3.734699726104736328e+00 -6.324649810791015625e+00 2.583831071853637695e+00
3.799301385879516602e+00 -6.461226463317871094e+00 2.534728288650512695e+00
3.854158401489257812e+00 -6.575411796569824219e+00 2.486381769180297852e+00
3.902091026306152344e+00 -6.674469947814941406e+00 2.445003747940063477e+00
3.943384170532226562e+00 -6.759060859680175781e+00 2.410189390182495117e+00
3.978358745574951172e+00 -6.829927444458007812e+00 2.381496667861938477e+00
4.007365226745605469e+00 -6.887873649597167969e+00 2.358460664749145508e+00
4.030776023864746094e+00 -6.933751106262207031e+00 2.340605020523071289e+00
4.048979282379150391e+00 -6.968446731567382812e+00 2.327446699142456055e+00
4.062376499176025391e+00 -6.992872714996337891e+00 2.318506956100463867e+00
4.071774482727050781e+00 -7.008594512939453125e+00 2.313485145568847656e+00
4.077007293701171875e+00 -7.015601634979248047e+00 2.311688661575317383e+00
4.078403472900390625e+00 -7.014676094055175781e+00 2.312651872634887695e+00
4.076409339904785156e+00 -7.006783962249755859e+00 2.315977573394775391e+00
4.071687698364257812e+00 -6.993232727050781250e+00 2.321386575698852539e+00
4.064920425415039062e+00 -6.975348472595214844e+00 2.328635692596435547e+00
4.056237697601318359e+00 -6.953555583953857422e+00 2.337276220321655273e+00
4.046042919158935547e+00 -6.928709983825683594e+00 2.346999406814575195e+00
4.034736156463623047e+00 -6.901647567749023438e+00 2.357525825500488281e+00
4.022708415985107422e+00 -6.873182296752929688e+00 2.368590831756591797e+00
4.010345935821533203e+00 -6.844110488891601562e+00 2.379951715469360352e+00
3.998022556304931641e+00 -6.815194129943847656e+00 2.391384601593017578e+00
3.986104965209960938e+00 -6.787176609039306641e+00 2.402680873870849609e+00
3.974943637847900391e+00 -6.760765552520751953e+00 2.413643836975097656e+00
3.964875936508178711e+00 -6.736637115478515625e+00 2.424088716506958008e+00
3.956217765808105469e+00 -6.715426445007324219e+00 2.433841466903686523e+00
3.949265956878662109e+00 -6.697723388671875000e+00 2.442736387252807617e+00
3.944288730621337891e+00 -6.684064865112304688e+00 2.450619220733642578e+00
3.941524028778076172e+00 -6.674928665161132812e+00 2.457341432571411133e+00
3.941175937652587891e+00 -6.670726299285888672e+00 2.462766885757446289e+00
3.943407773971557617e+00 -6.671788215637207031e+00 2.466770887374877930e+00
3.948337554931640625e+00 -6.678359985351562500e+00 2.469241857528686523e+00
3.956035137176513672e+00 -6.690591335296630859e+00 2.470084905624389648e+00
3.966513156890869141e+00 -6.708523273468017578e+00 2.469228029251098633e+00
3.979725837707519531e+00 -6.732082366943359375e+00 2.466620922088623047e+00
3.995561122894287109e+00 -6.761064052581787109e+00 2.462241888046264648e+00
4.013841629028320312e+00 -6.795135498046875000e+00 2.456107854843139648e+00
4.034315109252929688e+00 -6.833816528320312500e+00 2.448271036148071289e+00
4.056654930114746094e+00 -6.876478195190429688e+00 2.438825845718383789e+00
4.080458164215087891e+00 -6.922337532043457031e+00 2.427919864654541016e+00
4.105247497558593750e+00 -6.970461845397949219e+00 2.415749073028564453e+00
4.130463600158691406e+00 -7.019753456115722656e+00 2.402571439743041992e+00
4.155478954315185547e+00 -7.068967819213867188e+00 2.388702630996704102e+00
4.179592132568359375e+00 -7.116715431213378906e+00 2.374519824981689453e+00
4.202035427093505859e+00 -7.161463737487792969e+00 2.360463857650756836e+00
4.221987247467041016e+00 -7.201561450958251953e+00 2.347047090530395508e+00
4.240044116973876953e+00 -7.239219665527343750e+00 2.326331853866577148e+00
4.254071712493896484e+00 -7.269286632537841797e+00 2.306020259857177734e+00
4.262331485748291016e+00 -7.287687301635742188e+00 2.291436195373535156e+00
4.263773441314697266e+00 -7.292200088500976562e+00 2.283905267715454102e+00
4.257350444793701172e+00 -7.280596733093261719e+00 2.284804582595825195e+00
4.242038726806640625e+00 -7.250681877136230469e+00 2.295527458190917969e+00
4.216857910156250000e+00 -7.200334548950195312e+00 2.317475318908691406e+00
4.182617187500000000e+00 -7.132215499877929688e+00 2.342045307159423828e+00
4.139309406280517578e+00 -7.046712875366210938e+00 2.365790605545043945e+00
4.084883213043212891e+00 -6.938608646392822266e+00 2.397654294967651367e+00
4.018808841705322266e+00 -6.806708335876464844e+00 2.438393115997314453e+00
3.940694093704223633e+00 -6.650080680847167969e+00 2.488703012466430664e+00
3.850296974182128906e+00 -6.468091964721679688e+00 2.549202203750610352e+00
3.747543811798095703e+00 -6.260441303253173828e+00 2.620413780212402344e+00
3.632534027099609375e+00 -6.027174949645996094e+00 2.702743530273437500e+00
3.502743244171142578e+00 -5.761397361755371094e+00 2.789295673370361328e+00
3.359095811843872070e+00 -5.465084552764892578e+00 2.881338357925415039e+00
3.204521894454956055e+00 -5.144899368286132812e+00 2.983747005462646484e+00
3.040117740631103516e+00 -4.820789813995361328e+00 2.970702409744262695e+00
2.840541839599609375e+00 -4.420711994171142578e+00 2.956790685653686523e+00
2.621761083602905273e+00 -3.981267213821411133e+00 2.948194742202758789e+00
2.354489803314208984e+00 -3.407910108566284180e+00 3.054727077484130859e+00
2.322989702224731445e+00 -2.901717901229858398e+00 3.235653162002563477e+00
2.201534032821655273e+00 -2.246726274490356445e+00 2.691102743148803711e+00
2.180728435516357422e+00 -2.199137210845947266e+00 2.624432802200317383e+00
2.196575880050659180e+00 -2.180594444274902344e+00 2.557719707489013672e+00
2.219448328018188477e+00 -2.158617734909057617e+00 2.469434738159179688e+00
2.257848024368286133e+00 -2.148079872131347656e+00 2.378831148147583008e+00
2.288744688034057617e+00 -2.141198873519897461e+00 2.330234527587890625e+00
2.306311607360839844e+00 -2.140197515487670898e+00 2.354644775390625000e+00
2.320743560791015625e+00 -2.136082410812377930e+00 2.374354362487792969e+00
2.317659139633178711e+00 -2.108820199966430664e+00 2.364383935928344727e+00
2.314732789993286133e+00 -2.083610773086547852e+00 2.355618476867675781e+00
2.311937570571899414e+00 -2.060650110244750977e+00 2.348078966140747070e+00
2.309247970581054688e+00 -2.040110826492309570e+00 2.341775655746459961e+00
2.306640148162841797e+00 -2.022145271301269531e+00 2.336711645126342773e+00
2.304118633270263672e+00 -2.006910800933837891e+00 2.332899808883666992e+00
2.311492681503295898e+00 -2.006480693817138672e+00 2.337608575820922852e+00
2.316814422607421875e+00 -2.006390333175659180e+00 2.341982364654541016e+00
2.320019483566284180e+00 -2.006619691848754883e+00 2.345961809158325195e+00
2.316476106643676758e+00 -2.000923633575439453e+00 2.341079473495483398e+00
2.310487031936645508e+00 -1.995124459266662598e+00 2.335192441940307617e+00
2.303845882415771484e+00 -1.991607069969177246e+00 2.331521987915039062e+00
2.296664714813232422e+00 -1.990441918373107910e+00 2.330163717269897461e+00
2.289075613021850586e+00 -1.991691946983337402e+00 2.331210613250732422e+00
2.281225442886352539e+00 -1.995407700538635254e+00 2.334744691848754883e+00
2.273273944854736328e+00 -2.001627206802368164e+00 2.340841054916381836e+00
2.276726722717285156e+00 -2.024185419082641602e+00 2.357951641082763672e+00
2.282519102096557617e+00 -2.051834821701049805e+00 2.379279851913452148e+00
2.285398006439208984e+00 -2.077270030975341797e+00 2.395374774932861328e+00
2.287083625793457031e+00 -2.102580070495605469e+00 2.409241437911987305e+00
2.289622783660888672e+00 -2.130285978317260742e+00 2.424487829208374023e+00
2.293091058731079102e+00 -2.160233497619628906e+00 2.441112279891967773e+00
2.301501274108886719e+00 -2.194639444351196289e+00 2.459404945373535156e+00
2.320135116577148438e+00 -2.222646236419677734e+00 2.442314863204956055e+00
2.305388450622558594e+00 -2.244824647903442383e+00 2.514725446701049805e+00
2.282498359680175781e+00 -2.266376733779907227e+00 2.609434604644775391e+00
2.258391857147216797e+00 -2.291427373886108398e+00 2.729517221450805664e+00
2.283484458923339844e+00 -2.355438470840454102e+00 2.856136083602905273e+00
2.529012918472290039e+00 -2.817618131637573242e+00 3.382281541824340820e+00
2.625974893569946289e+00 -3.390366792678833008e+00 3.384982824325561523e+00
2.708240032196044922e+00 -3.875744581222534180e+00 3.363834142684936523e+00
2.848968744277954102e+00 -4.282750129699707031e+00 3.298498392105102539e+00
2.990639686584472656e+00 -4.613028526306152344e+00 3.245502233505249023e+00
3.130263090133666992e+00 -4.913228988647460938e+00 3.204837322235107422e+00
3.266201972961425781e+00 -5.206060886383056641e+00 3.151417016983032227e+00
3.391443252563476562e+00 -5.490493297576904297e+00 3.015333175659179688e+00
3.508275032043457031e+00 -5.756206512451171875e+00 2.888067483901977539e+00
3.616603374481201172e+00 -6.002829551696777344e+00 2.770011901855468750e+00
3.716451406478881836e+00 -6.230257034301757812e+00 2.661420106887817383e+00
3.807943344116210938e+00 -6.438625812530517578e+00 2.562407016754150391e+00
3.888999462127685547e+00 -6.622317314147949219e+00 2.467097997665405273e+00
3.960718154907226562e+00 -6.783969402313232422e+00 2.377383232116699219e+00
4.025365352630615234e+00 -6.929242134094238281e+00 2.297836065292358398e+00
4.083358764648437500e+00 -7.058985710144042969e+00 2.228073596954345703e+00
4.135159492492675781e+00 -7.174162864685058594e+00 2.167614698410034180e+00
4.181259632110595703e+00 -7.275824546813964844e+00 2.115908861160278320e+00
4.222858905792236328e+00 -7.364768981933593750e+00 2.077710390090942383e+00
4.262410640716552734e+00 -7.445584297180175781e+00 2.052037715911865234e+00
4.299326896667480469e+00 -7.519178390502929688e+00 2.032250404357910156e+00
4.332643985748291016e+00 -7.584109783172607422e+00 2.016261816024780273e+00
4.363354206085205078e+00 -7.642447471618652344e+00 2.001896619796752930e+00
4.389691352844238281e+00 -7.691755294799804688e+00 1.990903496742248535e+00
4.412151336669921875e+00 -7.733075618743896484e+00 1.982713937759399414e+00
4.431155204772949219e+00 -7.767300605773925781e+00 1.976842045783996582e+00
4.447033882141113281e+00 -7.795139312744140625e+00 1.972904205322265625e+00
4.460019111633300781e+00 -7.817105293273925781e+00 1.970620989799499512e+00
4.470234870910644531e+00 -7.833490848541259766e+00 1.969827532768249512e+00
4.477692127227783203e+00 -7.844358444213867188e+00 1.970475316047668457e+00
4.482283592224121094e+00 -7.849536418914794922e+00 1.972638130187988281e+00
4.485081672668457031e+00 -7.849861145019531250e+00 1.979069590568542480e+00
4.484848022460937500e+00 -7.843820571899414062e+00 1.988293528556823730e+00
4.480945587158203125e+00 -7.830368518829345703e+00 2.000343561172485352e+00
4.472844600677490234e+00 -7.808450698852539062e+00 2.015762567520141602e+00
4.459939479827880859e+00 -7.776848793029785156e+00 2.035198211669921875e+00
4.441561222076416016e+00 -7.734199047088623047e+00 2.059392213821411133e+00
4.417870044708251953e+00 -7.681424140930175781e+00 2.082968473434448242e+00
4.388237953186035156e+00 -7.617300987243652344e+00 2.105982542037963867e+00
4.353661537170410156e+00 -7.541387557983398438e+00 2.138008832931518555e+00
4.311991691589355469e+00 -7.449798583984375000e+00 2.179382324218750000e+00
4.262020587921142578e+00 -7.341201305389404297e+00 2.227137804031372070e+00
4.203214645385742188e+00 -7.214428901672363281e+00 2.281916856765747070e+00
4.135134696960449219e+00 -7.068487644195556641e+00 2.344324827194213867e+00
4.057448387145996094e+00 -6.902599334716796875e+00 2.414903879165649414e+00
3.969953536987304688e+00 -6.716242790222167969e+00 2.494113445281982422e+00
3.872592449188232422e+00 -6.509191513061523438e+00 2.582309961318969727e+00
3.765469551086425781e+00 -6.281550884246826172e+00 2.679723501205444336e+00
3.645655632019042969e+00 -6.025446891784667969e+00 2.778287649154663086e+00
3.514641523361206055e+00 -5.744412422180175781e+00 2.880577087402343750e+00
3.374799728393554688e+00 -5.444190979003906250e+00 2.990785121917724609e+00
3.224283933639526367e+00 -5.131367683410644531e+00 3.046375036239624023e+00
3.030113697052001953e+00 -4.740054607391357422e+00 3.054507493972778320e+00
2.834813117980957031e+00 -4.342441558837890625e+00 3.057065963745117188e+00
2.594780921936035156e+00 -3.865719079971313477e+00 3.074937105178833008e+00
2.423748493194580078e+00 -3.368895530700683594e+00 3.188803434371948242e+00
2.393779993057250977e+00 -2.861383676528930664e+00 3.313488245010375977e+00
2.264983654022216797e+00 -2.305553197860717773e+00 2.690026521682739258e+00
2.221291542053222656e+00 -2.235085010528564453e+00 2.624386310577392578e+00
2.228361368179321289e+00 -2.202993631362915039e+00 2.536851644515991211e+00
2.245088815689086914e+00 -2.180172204971313477e+00 2.451781272888183594e+00
2.272499084472656250e+00 -2.166414737701416016e+00 2.368081569671630859e+00
2.294138908386230469e+00 -2.155364036560058594e+00 2.313253402709960938e+00
2.303040504455566406e+00 -2.149769067764282227e+00 2.325019598007202148e+00
2.307037591934204102e+00 -2.139218091964721680e+00 2.329417228698730469e+00
2.299737691879272461e+00 -2.114907979965209961e+00 2.315365552902221680e+00
2.293024539947509766e+00 -2.093807935714721680e+00 2.303622722625732422e+00
2.286953687667846680e+00 -2.076157808303833008e+00 2.294303178787231445e+00
2.281579017639160156e+00 -2.062163114547729492e+00 2.287497758865356445e+00
2.276955604553222656e+00 -2.051994085311889648e+00 2.283277273178100586e+00
2.273135900497436523e+00 -2.045779943466186523e+00 2.281686067581176758e+00
2.270170688629150391e+00 -2.043607234954833984e+00 2.282741069793701172e+00
2.268106460571289062e+00 -2.045518875122070312e+00 2.286438226699829102e+00
2.266984224319458008e+00 -2.051510572433471680e+00 2.292742013931274414e+00
2.266837358474731445e+00 -2.061530590057373047e+00 2.301590442657470703e+00
2.267693519592285156e+00 -2.075481176376342773e+00 2.312897682189941406e+00
2.269569158554077148e+00 -2.093216657638549805e+00 2.326547861099243164e+00
2.272470235824584961e+00 -2.114543676376342773e+00 2.342400789260864258e+00
2.276391744613647461e+00 -2.139225006103515625e+00 2.360288143157958984e+00
2.288374423980712891e+00 -2.163450956344604492e+00 2.349628448486328125e+00
2.290841341018676758e+00 -2.180836915969848633e+00 2.356004714965820312e+00
2.279024839401245117e+00 -2.203950643539428711e+00 2.434293270111083984e+00
2.264691829681396484e+00 -2.227138280868530273e+00 2.517470121383666992e+00
2.255518913269042969e+00 -2.256150960922241211e+00 2.608338117599487305e+00
2.296908140182495117e+00 -2.332417249679565430e+00 2.731869935989379883e+00
2.559737682342529297e+00 -2.855926990509033203e+00 3.403707027435302734e+00
2.679146289825439453e+00 -3.426095008850097656e+00 3.430981397628784180e+00
2.763792753219604492e+00 -3.935598373413085938e+00 3.396459579467773438e+00
2.895654678344726562e+00 -4.356502532958984375e+00 3.317063570022583008e+00
3.032881498336791992e+00 -4.664083480834960938e+00 3.275599241256713867e+00
3.162822246551513672e+00 -4.943365097045898438e+00 3.239532232284545898e+00
3.282291889190673828e+00 -5.201551437377929688e+00 3.200205564498901367e+00
3.388606309890747070e+00 -5.444488525390625000e+00 3.084606885910034180e+00
3.479850053787231445e+00 -5.654979705810546875e+00 2.981385946273803711e+00
3.554655551910400391e+00 -5.829902648925781250e+00 2.892049789428710938e+00
3.611846446990966797e+00 -5.966540336608886719e+00 2.817958831787109375e+00
3.650453805923461914e+00 -6.062627792358398438e+00 2.760297775268554688e+00
3.669737815856933594e+00 -6.116389274597167969e+00 2.720072507858276367e+00
3.669197082519531250e+00 -6.126571655273437500e+00 2.698082447052001953e+00
3.648582935333251953e+00 -6.092466831207275391e+00 2.694913387298583984e+00
3.607909679412841797e+00 -6.013942241668701172e+00 2.710926055908203125e+00
3.547455549240112305e+00 -5.891442775726318359e+00 2.746241331100463867e+00
3.467772960662841797e+00 -5.726014614105224609e+00 2.800738334655761719e+00
3.363516569137573242e+00 -5.510420322418212891e+00 2.868877887725830078e+00
3.221458435058593750e+00 -5.216033935546875000e+00 2.915383577346801758e+00
3.067351818084716797e+00 -4.892560958862304688e+00 2.927339315414428711e+00
2.898293972015380859e+00 -4.536249637603759766e+00 2.945473909378051758e+00
2.717906475067138672e+00 -4.156263828277587891e+00 2.982083559036254883e+00
2.546032905578613281e+00 -3.766686201095581055e+00 3.105999469757080078e+00
2.462927818298339844e+00 -3.318144083023071289e+00 3.367291688919067383e+00
2.448230743408203125e+00 -2.699157953262329102e+00 3.424627780914306641e+00
2.321465730667114258e+00 -2.326532602310180664e+00 2.685841083526611328e+00
2.298454999923706055e+00 -2.270988702774047852e+00 2.615972518920898438e+00
2.318237304687500000e+00 -2.243243455886840820e+00 2.513503074645996094e+00
2.356595516204833984e+00 -2.225652456283569336e+00 2.399525403976440430e+00
2.382243633270263672e+00 -2.212834596633911133e+00 2.351667404174804688e+00
2.396028280258178711e+00 -2.204452753067016602e+00 2.363851785659790039e+00
2.396516323089599609e+00 -2.179187059402465820e+00 2.354347229003906250e+00
2.386831998825073242e+00 -2.141778707504272461e+00 2.328726053237915039e+00
2.377144813537597656e+00 -2.106879949569702148e+00 2.304816007614135742e+00
2.367563962936401367e+00 -2.074908256530761719e+00 2.282890319824218750e+00
2.358196020126342773e+00 -2.046237945556640625e+00 2.263194322586059570e+00
2.352575302124023438e+00 -2.025376558303833008e+00 2.248489618301391602e+00
2.354991436004638672e+00 -2.017706394195556641e+00 2.242069005966186523e+00
2.355345249176025391e+00 -2.011034965515136719e+00 2.236542224884033203e+00
2.353647232055664062e+00 -2.005437612533569336e+00 2.231978893280029297e+00
2.349939823150634766e+00 -2.000982046127319336e+00 2.228443384170532227e+00
2.344293117523193359e+00 -1.997723221778869629e+00 2.225995302200317383e+00
2.336805343627929688e+00 -1.995706200599670410e+00 2.224685907363891602e+00
2.327599048614501953e+00 -1.994963765144348145e+00 2.224558830261230469e+00
2.316818237304687500e+00 -1.995513796806335449e+00 2.225645303726196289e+00
2.304625988006591797e+00 -1.997362732887268066e+00 2.227969169616699219e+00
2.296372652053833008e+00 -2.006804704666137695e+00 2.235370397567749023e+00
2.296297311782836914e+00 -2.028753042221069336e+00 2.250847339630126953e+00
2.297286272048950195e+00 -2.054265737533569336e+00 2.268968820571899414e+00
2.299327611923217773e+00 -2.083036422729492188e+00 2.289548158645629883e+00
2.302397966384887695e+00 -2.114730596542358398e+00 2.312374114990234375e+00
2.306462287902832031e+00 -2.148992538452148438e+00 2.337219715118408203e+00
2.299424171447753906e+00 -2.168439388275146484e+00 2.342831373214721680e+00
2.288642406463623047e+00 -2.178407907485961914e+00 2.333122253417968750e+00
2.255496978759765625e+00 -2.195412874221801758e+00 2.432644605636596680e+00
2.229915618896484375e+00 -2.218678951263427734e+00 2.536419391632080078e+00
2.302711725234985352e+00 -2.323764562606811523e+00 2.658628702163696289e+00
2.554580450057983398e+00 -2.814878702163696289e+00 3.473366498947143555e+00
2.652985095977783203e+00 -3.414309263229370117e+00 3.471068620681762695e+00
2.748853683471679688e+00 -3.919559240341186523e+00 3.422887563705444336e+00
2.903728008270263672e+00 -4.374303817749023438e+00 3.306358814239501953e+00
3.045249938964843750e+00 -4.698250770568847656e+00 3.252189159393310547e+00
3.189159870147705078e+00 -5.004835128784179688e+00 3.218059778213500977e+00
3.326139688491821289e+00 -5.296236991882324219e+00 3.186752557754516602e+00
3.451382160186767578e+00 -5.579144954681396484e+00 3.060720682144165039e+00
3.567897796630859375e+00 -5.844326972961425781e+00 2.932075023651123047e+00
3.675982952117919922e+00 -6.090267181396484375e+00 2.813157320022583008e+00
3.775391101837158203e+00 -6.316228866577148438e+00 2.703602313995361328e+00
3.862185955047607422e+00 -6.511853218078613281e+00 2.593242406845092773e+00
3.941235542297363281e+00 -6.689671039581298828e+00 2.493973493576049805e+00
4.012797832489013672e+00 -6.850198745727539062e+00 2.405612707138061523e+00
4.077188968658447266e+00 -6.994101047515869141e+00 2.327863454818725586e+00
4.134778499603271484e+00 -7.122167587280273438e+00 2.260328531265258789e+00
4.189582347869873047e+00 -7.245037078857421875e+00 2.181638479232788086e+00
4.238399028778076172e+00 -7.353846073150634766e+00 2.112257242202758789e+00
4.281011581420898438e+00 -7.447803497314453125e+00 2.055392503738403320e+00
4.319324970245361328e+00 -7.527460575103759766e+00 2.020865201950073242e+00
4.352244377136230469e+00 -7.594686508178710938e+00 1.995253443717956543e+00
4.382440567016601562e+00 -7.653074264526367188e+00 1.980795025825500488e+00
4.410082340240478516e+00 -7.704771041870117188e+00 1.973064661026000977e+00
4.433636665344238281e+00 -7.748257637023925781e+00 1.969649910926818848e+00
4.452271461486816406e+00 -7.781599998474121094e+00 1.969917893409729004e+00
4.466333389282226562e+00 -7.805541992187500000e+00 1.973301291465759277e+00
4.476094245910644531e+00 -7.820672988891601562e+00 1.979295611381530762e+00
4.481742382049560547e+00 -7.827415466308593750e+00 1.987456679344177246e+00
4.483388423919677734e+00 -7.826030254364013672e+00 1.997404217720031738e+00
4.481515407562255859e+00 -7.817045211791992188e+00 2.009740591049194336e+00
4.477638244628906250e+00 -7.801898956298828125e+00 2.027325868606567383e+00
4.470068931579589844e+00 -7.778868198394775391e+00 2.046896219253540039e+00
4.458774566650390625e+00 -7.747545719146728516e+00 2.069500684738159180e+00
4.446798801422119141e+00 -7.710634231567382812e+00 2.104119062423706055e+00
4.432351589202880859e+00 -7.667233467102050781e+00 2.142697334289550781e+00
4.414092063903808594e+00 -7.615034580230712891e+00 2.184979677200317383e+00
4.391724586486816406e+00 -7.553407669067382812e+00 2.231210947036743164e+00
4.364938735961914062e+00 -7.481690883636474609e+00 2.281679868698120117e+00
4.333428859710693359e+00 -7.399232864379882812e+00 2.336704969406127930e+00
4.296901702880859375e+00 -7.305405139923095703e+00 2.396622896194458008e+00
4.255087852478027344e+00 -7.199637889862060547e+00 2.461768627166748047e+00
4.209497451782226562e+00 -7.086035728454589844e+00 2.523817300796508789e+00
4.159693717956542969e+00 -6.963548660278320312e+00 2.584304332733154297e+00
4.104409694671630859e+00 -6.828917026519775391e+00 2.649102449417114258e+00
4.047513484954833984e+00 -6.687285423278808594e+00 2.720469713211059570e+00
3.986782312393188477e+00 -6.537099361419677734e+00 2.796444654464721680e+00
3.922067403793334961e+00 -6.378177642822265625e+00 2.876963376998901367e+00
3.852340698242187500e+00 -6.208233833312988281e+00 2.961957216262817383e+00
3.776570796966552734e+00 -6.024544239044189453e+00 3.048207521438598633e+00
3.694104194641113281e+00 -5.825347900390625000e+00 3.133252382278442383e+00
3.607243061065673828e+00 -5.616538047790527344e+00 3.221953868865966797e+00
3.518270015716552734e+00 -5.393791198730468750e+00 3.318244218826293945e+00
3.431758880615234375e+00 -5.146758079528808594e+00 3.430905580520629883e+00
3.342279672622680664e+00 -4.892658710479736328e+00 3.546758890151977539e+00
3.299266338348388672e+00 -4.619733333587646484e+00 3.658164739608764648e+00
3.307740211486816406e+00 -4.360470771789550781e+00 3.816576957702636719e+00
3.286678552627563477e+00 -4.049210548400878906e+00 3.892048597335815430e+00
3.219056367874145508e+00 -3.635545015335083008e+00 3.919265985488891602e+00
2.813968658447265625e+00 -2.632506132125854492e+00 2.161958932876586914e+00
2.133333921432495117e+00 -1.036617994308471680e+00 -1.530396103858947754e+00
2.109616279602050781e+00 -9.820368289947509766e-01 -1.572973370552062988e+00
2.083377838134765625e+00 -9.668916463851928711e-01 -1.478271603584289551e+00
2.057561635971069336e+00 -9.522856473922729492e-01 -1.383963942527770996e+00
2.032316207885742188e+00 -9.382307529449462891e-01 -1.290632128715515137e+00
2.008245229721069336e+00 -9.245725870132446289e-01 -1.200842022895812988e+00
2.005683422088623047e+00 -9.043691754341125488e-01 -1.202650189399719238e+00
2.003469228744506836e+00 -8.849315643310546875e-01 -1.204359889030456543e+00
2.000462770462036133e+00 -8.684577941894531250e-01 -1.197442889213562012e+00
1.996912479400634766e+00 -8.545681238174438477e-01 -1.183622479438781738e+00
1.997840642929077148e+00 -8.458774089813232422e-01 -1.167797684669494629e+00
2.002879619598388672e+00 -8.378778100013732910e-01 -1.156234145164489746e+00
2.007730722427368164e+00 -8.282681703567504883e-01 -1.150102734565734863e+00
2.026232481002807617e+00 -8.191869258880615234e-01 -1.171973109245300293e+00
2.048280239105224609e+00 -8.063861131668090820e-01 -1.209775567054748535e+00
2.069506168365478516e+00 -7.945913076400756836e-01 -1.245690226554870605e+00
2.089834213256835938e+00 -7.838159203529357910e-01 -1.279588818550109863e+00
2.110625267028808594e+00 -7.766937613487243652e-01 -1.308086752891540527e+00
2.132284164428710938e+00 -7.736738324165344238e-01 -1.330049633979797363e+00
2.155227661132812500e+00 -7.744666934013366699e-01 -1.344525218009948730e+00
2.176237821578979492e+00 -7.754451036453247070e-01 -1.357719540596008301e+00
2.195189952850341797e+00 -7.766220569610595703e-01 -1.369471669197082520e+00
2.211947917938232422e+00 -7.780004739761352539e-01 -1.379640460014343262e+00
2.226459980010986328e+00 -7.797538042068481445e-01 -1.387794613838195801e+00
2.240172863006591797e+00 -7.849342226982116699e-01 -1.388566613197326660e+00
2.250751495361328125e+00 -7.893474698066711426e-01 -1.389044165611267090e+00
2.258010387420654297e+00 -7.929127216339111328e-01 -1.389263033866882324e+00
2.261765003204345703e+00 -7.955409884452819824e-01 -1.389290213584899902e+00
2.261833667755126953e+00 -7.971342802047729492e-01 -1.389218926429748535e+00
2.258046150207519531e+00 -7.975900769233703613e-01 -1.389177918434143066e+00
2.250242948532104492e+00 -7.968037724494934082e-01 -1.389309763908386230e+00
2.238570213317871094e+00 -7.952177524566650391e-01 -1.388842940330505371e+00
2.224957466125488281e+00 -7.966502308845520020e-01 -1.381227612495422363e+00
2.208825349807739258e+00 -7.991514801979064941e-01 -1.369793057441711426e+00
2.192748308181762695e+00 -8.057238459587097168e-01 -1.349331974983215332e+00
2.173550128936767578e+00 -8.125840425491333008e-01 -1.326525330543518066e+00
2.151233434677124023e+00 -8.196460604667663574e-01 -1.301605582237243652e+00
2.127766609191894531e+00 -8.303321599960327148e-01 -1.270476460456848145e+00
2.104054927825927734e+00 -8.460801243782043457e-01 -1.231522679328918457e+00
2.084772348403930664e+00 -8.639053106307983398e-01 -1.202074646949768066e+00
2.091827154159545898e+00 -8.867501020431518555e-01 -1.211620450019836426e+00
2.104874610900878906e+00 -9.176698923110961914e-01 -1.213568329811096191e+00
2.118373870849609375e+00 -9.497290849685668945e-01 -1.216901898384094238e+00
2.124749422073364258e+00 -9.712864160537719727e-01 -1.232853055000305176e+00
2.129699468612670898e+00 -9.948725700378417969e-01 -1.242544770240783691e+00
2.161465406417846680e+00 -1.009006619453430176e+00 -1.371529698371887207e+00
2.197001695632934570e+00 -1.021413564682006836e+00 -1.520138621330261230e+00
2.237523555755615234e+00 -1.045034050941467285e+00 -1.648168444633483887e+00
2.272746562957763672e+00 -1.096852660179138184e+00 -1.661018967628479004e+00
3.354068994522094727e+00 -3.585211992263793945e+00 4.162821292877197266e+00
3.439096689224243164e+00 -4.120687484741210938e+00 4.125584125518798828e+00
3.502203941345214844e+00 -4.578410148620605469e+00 4.052324771881103516e+00
3.508145093917846680e+00 -4.939716339111328125e+00 3.930552482604980469e+00
3.585081577301025391e+00 -5.321140289306640625e+00 3.774680852890014648e+00
3.707881212234497070e+00 -5.666554927825927734e+00 3.601277351379394531e+00
3.829911947250366211e+00 -5.991906642913818359e+00 3.439729213714599609e+00
3.954764366149902344e+00 -6.291091918945312500e+00 3.272374391555786133e+00
4.078281402587890625e+00 -6.588750839233398438e+00 3.059130907058715820e+00
4.195506095886230469e+00 -6.871201515197753906e+00 2.856129407882690430e+00
4.309979438781738281e+00 -7.146317481994628906e+00 2.664215087890625000e+00
4.420010566711425781e+00 -7.410173892974853516e+00 2.483977079391479492e+00
4.524567604064941406e+00 -7.658630371093750000e+00 2.316833734512329102e+00
4.622802734375000000e+00 -7.890448093414306641e+00 2.162614583969116211e+00
4.713549613952636719e+00 -8.104071617126464844e+00 2.020750522613525391e+00
4.796947002410888672e+00 -8.299782752990722656e+00 1.891195297241210938e+00
4.875459671020507812e+00 -8.477063179016113281e+00 1.791216492652893066e+00
4.948196411132812500e+00 -8.637086868286132812e+00 1.711329460144042969e+00
5.014050483703613281e+00 -8.781286239624023438e+00 1.639850616455078125e+00
5.076664447784423828e+00 -8.916142463684082031e+00 1.575040578842163086e+00
5.136478424072265625e+00 -9.043717384338378906e+00 1.525776028633117676e+00
5.189107894897460938e+00 -9.155045509338378906e+00 1.487189650535583496e+00
5.235653877258300781e+00 -9.252703666687011719e+00 1.455040216445922852e+00
5.278012752532958984e+00 -9.338716506958007812e+00 1.433006405830383301e+00
5.315692901611328125e+00 -9.413577079772949219e+00 1.417433381080627441e+00
5.348311424255371094e+00 -9.477786064147949219e+00 1.405178666114807129e+00
5.376265525817871094e+00 -9.532201766967773438e+00 1.395961403846740723e+00
5.399886608123779297e+00 -9.577550888061523438e+00 1.389532446861267090e+00
5.419420719146728516e+00 -9.614385604858398438e+00 1.385680556297302246e+00
5.435023784637451172e+00 -9.643078804016113281e+00 1.384235262870788574e+00
5.450665473937988281e+00 -9.669724464416503906e+00 1.391716837882995605e+00
5.463186264038085938e+00 -9.689580917358398438e+00 1.402748703956604004e+00
5.472877502441406250e+00 -9.701816558837890625e+00 1.420247435569763184e+00
5.479809284210205078e+00 -9.706190109252929688e+00 1.445255398750305176e+00
5.482149124145507812e+00 -9.701233863830566406e+00 1.472771048545837402e+00
5.479486942291259766e+00 -9.686174392700195312e+00 1.502886652946472168e+00
5.471350669860839844e+00 -9.660110473632812500e+00 1.535739779472351074e+00
5.457210540771484375e+00 -9.622017860412597656e+00 1.571495890617370605e+00
5.436506748199462891e+00 -9.570803642272949219e+00 1.610353827476501465e+00
5.408656120300292969e+00 -9.505324363708496094e+00 1.652525663375854492e+00
5.373081207275390625e+00 -9.424444198608398438e+00 1.698222994804382324e+00
5.335185050964355469e+00 -9.337208747863769531e+00 1.743850111961364746e+00
5.291297435760498047e+00 -9.237236976623535156e+00 1.791597604751586914e+00
5.239038467407226562e+00 -9.120364189147949219e+00 1.842826604843139648e+00
5.177866458892822266e+00 -8.985239028930664062e+00 1.900371670722961426e+00
5.107301712036132812e+00 -8.830599784851074219e+00 1.967422366142272949e+00
5.029073238372802734e+00 -8.656861305236816406e+00 2.050297975540161133e+00
4.943574905395507812e+00 -8.463915824890136719e+00 2.151816129684448242e+00
4.848156929016113281e+00 -8.251374244689941406e+00 2.265113115310668945e+00
4.740880966186523438e+00 -8.017206192016601562e+00 2.400442361831665039e+00
4.625213623046875000e+00 -7.766114234924316406e+00 2.542707920074462891e+00
4.502220153808593750e+00 -7.500478267669677734e+00 2.691051483154296875e+00
4.377932548522949219e+00 -7.232859134674072266e+00 2.845092058181762695e+00
4.260087966918945312e+00 -6.984379768371582031e+00 2.946257829666137695e+00
4.138284206390380859e+00 -6.729031085968017578e+00 3.045286417007446289e+00
4.013000011444091797e+00 -6.467513561248779297e+00 3.144560098648071289e+00
3.885394573211669922e+00 -6.202293395996093750e+00 3.243052482604980469e+00
3.752197265625000000e+00 -5.924260616302490234e+00 3.328179359436035156e+00
3.618607044219970703e+00 -5.646304130554199219e+00 3.408750534057617188e+00
3.486682891845703125e+00 -5.373106956481933594e+00 3.485447645187377930e+00
3.349814176559448242e+00 -5.097525596618652344e+00 3.511790990829467773e+00
3.217761039733886719e+00 -4.830792427062988281e+00 3.527800321578979492e+00
3.098538875579833984e+00 -4.570584774017333984e+00 3.551506757736206055e+00
2.996206283569335938e+00 -4.300694465637207031e+00 3.591374635696411133e+00
2.935544013977050781e+00 -4.037929534912109375e+00 3.640345335006713867e+00
2.891813278198242188e+00 -3.784336328506469727e+00 3.660066843032836914e+00
2.854331016540527344e+00 -3.568868398666381836e+00 3.675862550735473633e+00
2.823411464691162109e+00 -3.393608808517456055e+00 3.687525033950805664e+00
2.799291610717773438e+00 -3.259947538375854492e+00 3.694980621337890625e+00
2.772241115570068359e+00 -3.152519226074218750e+00 3.691414833068847656e+00
2.747081756591796875e+00 -3.062647581100463867e+00 3.665509462356567383e+00
2.742393016815185547e+00 -3.052150487899780273e+00 3.657881975173950195e+00
2.760096788406372070e+00 -3.128031015396118164e+00 3.673928022384643555e+00
2.781319141387939453e+00 -3.220176219940185547e+00 3.670212030410766602e+00
2.796425819396972656e+00 -3.333512067794799805e+00 3.651674270629882812e+00
2.817648887634277344e+00 -3.478713750839233398e+00 3.631730556488037109e+00
2.844046831130981445e+00 -3.655052900314331055e+00 3.609054088592529297e+00
2.875104665756225586e+00 -3.859061002731323242e+00 3.584087133407592773e+00
2.910271644592285156e+00 -4.087027549743652344e+00 3.557293415069580078e+00
2.960319042205810547e+00 -4.308201313018798828e+00 3.502971887588500977e+00
3.058371067047119141e+00 -4.552162647247314453e+00 3.473035097122192383e+00
3.138741970062255859e+00 -4.737475872039794922e+00 3.451423406600952148e+00
3.216674327850341797e+00 -4.899917602539062500e+00 3.441794395446777344e+00
3.296463489532470703e+00 -5.065613746643066406e+00 3.432691574096679688e+00
3.376623153686523438e+00 -5.234069824218750000e+00 3.408659696578979492e+00
3.455266475677490234e+00 -5.406202793121337891e+00 3.340880632400512695e+00
3.533246994018554688e+00 -5.576173782348632812e+00 3.274967193603515625e+00
3.609910011291503906e+00 -5.742549896240234375e+00 3.211502075195312500e+00
3.684700012207031250e+00 -5.904125213623046875e+00 3.150964736938476562e+00
3.757163047790527344e+00 -6.059925079345703125e+00 3.093728303909301758e+00
3.826945781707763672e+00 -6.209207534790039062e+00 3.040060758590698242e+00
3.891173362731933594e+00 -6.344635963439941406e+00 2.983454465866088867e+00
3.952051401138305664e+00 -6.472065925598144531e+00 2.930026292800903320e+00
4.009912014007568359e+00 -6.592450141906738281e+00 2.880823135375976562e+00
4.064744949340820312e+00 -6.705829620361328125e+00 2.835762500762939453e+00
4.118772506713867188e+00 -6.818249702453613281e+00 2.782096147537231445e+00
4.171214103698730469e+00 -6.927631378173828125e+00 2.724615097045898438e+00
4.220544815063476562e+00 -7.029876232147216797e+00 2.672528266906738281e+00
4.268653392791748047e+00 -7.129324913024902344e+00 2.625455379486083984e+00
4.314958572387695312e+00 -7.224749088287353516e+00 2.582968950271606445e+00
4.358383178710937500e+00 -7.313804626464843750e+00 2.544642210006713867e+00
4.399167060852050781e+00 -7.396988868713378906e+00 2.510188579559326172e+00
4.447751998901367188e+00 -7.487818241119384766e+00 2.491865634918212891e+00
4.496835708618164062e+00 -7.576994419097900391e+00 2.480936765670776367e+00
4.542620658874511719e+00 -7.659679889678955078e+00 2.472569704055786133e+00
4.584893703460693359e+00 -7.735538959503173828e+00 2.466670036315917969e+00
4.623349189758300781e+00 -7.804038047790527344e+00 2.463253974914550781e+00
4.657592773437500000e+00 -7.864444255828857422e+00 2.462449073791503906e+00
4.687144756317138672e+00 -7.915835857391357422e+00 2.464504480361938477e+00
4.711438179016113281e+00 -7.957097053527832031e+00 2.469782590866088867e+00
4.729829788208007812e+00 -7.986944198608398438e+00 2.478754520416259766e+00
4.741613388061523438e+00 -8.003947257995605469e+00 2.491984605789184570e+00
4.746033668518066406e+00 -8.006560325622558594e+00 2.510133028030395508e+00
4.742302894592285156e+00 -7.993161201477050781e+00 2.533919572830200195e+00
4.729621887207031250e+00 -7.962085723876953125e+00 2.564123868942260742e+00
4.707202911376953125e+00 -7.911680698394775391e+00 2.601547479629516602e+00
4.675385951995849609e+00 -7.842823982238769531e+00 2.647024393081665039e+00
4.633393764495849609e+00 -7.753842830657958984e+00 2.701347351074218750e+00
4.579887390136718750e+00 -7.641773223876953125e+00 2.765255451202392578e+00
4.518749713897705078e+00 -7.517337799072265625e+00 2.814164876937866211e+00
4.448085308074951172e+00 -7.375575542449951172e+00 2.857503175735473633e+00
4.365724086761474609e+00 -7.210671424865722656e+00 2.907023429870605469e+00
4.271606922149658203e+00 -7.022408485412597656e+00 2.963046550750732422e+00
4.165834426879882812e+00 -6.810878753662109375e+00 3.025811910629272461e+00
4.048675537109375000e+00 -6.576509475708007812e+00 3.095474720001220703e+00
3.920568943023681641e+00 -6.320060253143310547e+00 3.172095060348510742e+00
3.782128810882568359e+00 -6.042639732360839844e+00 3.255629777908325195e+00
3.628979444503784180e+00 -5.732272148132324219e+00 3.332792520523071289e+00
3.464970111846923828e+00 -5.413051605224609375e+00 3.326593160629272461e+00
3.259904146194458008e+00 -5.013109207153320312e+00 3.334266662597656250e+00
3.054114818572998047e+00 -4.607875347137451172e+00 3.347191333770751953e+00
2.817351341247558594e+00 -4.131779670715332031e+00 3.354188442230224609e+00
2.705924034118652344e+00 -3.656006097793579102e+00 3.470384836196899414e+00
2.669832229614257812e+00 -3.154320716857910156e+00 3.558455228805541992e+00
2.380914211273193359e+00 -2.293822050094604492e+00 2.334074258804321289e+00
2.343985795974731445e+00 -2.237617969512939453e+00 2.269800186157226562e+00
2.303318023681640625e+00 -2.167303800582885742e+00 2.200592041015625000e+00
2.307456016540527344e+00 -2.134875059127807617e+00 2.112883329391479492e+00
2.310842514038085938e+00 -2.115694522857666016e+00 2.088482141494750977e+00
2.307859420776367188e+00 -2.102104425430297852e+00 2.110851526260375977e+00
2.305120944976806641e+00 -2.088064908981323242e+00 2.128781318664550781e+00
2.302523612976074219e+00 -2.073457717895507812e+00 2.141813039779663086e+00
2.298712253570556641e+00 -2.056407928466796875e+00 2.147387027740478516e+00
2.276808738708496094e+00 -2.013139724731445312e+00 2.115970373153686523e+00
2.256512880325317383e+00 -1.971516251564025879e+00 2.081866741180419922e+00
2.240174293518066406e+00 -1.935319542884826660e+00 2.048913240432739258e+00
2.231812953948974609e+00 -1.910974860191345215e+00 2.023724079132080078e+00
2.224059104919433594e+00 -1.886975169181823730e+00 1.994561910629272461e+00
2.216742515563964844e+00 -1.863160729408264160e+00 1.961396455764770508e+00
2.209682703018188477e+00 -1.839364290237426758e+00 1.924240946769714355e+00
2.202700138092041016e+00 -1.815418601036071777e+00 1.883152484893798828e+00
2.192175626754760742e+00 -1.787237286567687988e+00 1.834549069404602051e+00
2.172173976898193359e+00 -1.748091220855712891e+00 1.772400736808776855e+00
2.152634859085083008e+00 -1.709358096122741699e+00 1.707697153091430664e+00
2.133380889892578125e+00 -1.670875310897827148e+00 1.640616059303283691e+00
2.115609884262084961e+00 -1.634434819221496582e+00 1.571007013320922852e+00
2.102370977401733398e+00 -1.604461789131164551e+00 1.498270750045776367e+00
2.088655710220336914e+00 -1.573899507522583008e+00 1.423845648765563965e+00
2.076898574829101562e+00 -1.543725967407226562e+00 1.348334908485412598e+00
2.075122356414794922e+00 -1.517198801040649414e+00 1.273218035697937012e+00
2.072374343872070312e+00 -1.489879727363586426e+00 1.197005867958068848e+00
2.065251827239990234e+00 -1.456968903541564941e+00 1.123180985450744629e+00
2.060038805007934570e+00 -1.425216197967529297e+00 1.053716540336608887e+00
2.053718090057373047e+00 -1.392702460289001465e+00 9.837796092033386230e-01
2.046327114105224609e+00 -1.359501719474792480e+00 9.135991930961608887e-01
2.045560836791992188e+00 -1.333595395088195801e+00 8.573958277702331543e-01
2.051714897155761719e+00 -1.315577030181884766e+00 8.128795027732849121e-01
2.057233333587646484e+00 -1.297382354736328125e+00 7.690708041191101074e-01
2.067695379257202148e+00 -1.281691908836364746e+00 7.242867350578308105e-01
2.081213712692260742e+00 -1.267674803733825684e+00 6.793231368064880371e-01
2.094577789306640625e+00 -1.253876924514770508e+00 6.353966593742370605e-01
2.107846260070800781e+00 -1.240376949310302734e+00 5.926069617271423340e-01
2.121075391769409180e+00 -1.227252006530761719e+00 5.510365366935729980e-01
2.134311914443969727e+00 -1.214570879936218262e+00 5.107480883598327637e-01
2.147595643997192383e+00 -1.202396750450134277e+00 4.717952609062194824e-01
2.160959005355834961e+00 -1.190787196159362793e+00 4.342154860496520996e-01
2.174423694610595703e+00 -1.179791808128356934e+00 3.980399966239929199e-01
2.188003540039062500e+00 -1.169453501701354980e+00 3.632878661155700684e-01
2.203502893447875977e+00 -1.157834410667419434e+00 3.225573897361755371e-01
2.221449136734008789e+00 -1.148545622825622559e+00 2.806290984153747559e-01
2.240696668624877930e+00 -1.142223000526428223e+00 2.411238402128219604e-01
2.259754657745361328e+00 -1.136525630950927734e+00 2.034563273191452026e-01
2.279078960418701172e+00 -1.131862640380859375e+00 1.683315485715866089e-01
2.300005674362182617e+00 -1.129377007484436035e+00 1.376952379941940308e-01
2.320462942123413086e+00 -1.127379894256591797e+00 1.087483614683151245e-01
2.340371131896972656e+00 -1.125839591026306152e+00 8.147518336772918701e-02
2.359643936157226562e+00 -1.124721169471740723e+00 5.586616694927215576e-02
2.378375291824340820e+00 -1.124284625053405762e+00 3.164236247539520264e-02
2.396648168563842773e+00 -1.124774813652038574e+00 8.541509509086608887e-03
2.414020538330078125e+00 -1.125567078590393066e+00 -1.290734112262725830e-02
2.430406808853149414e+00 -1.126623392105102539e+00 -3.270585834980010986e-02
2.447525501251220703e+00 -1.130702853202819824e+00 -4.812343418598175049e-02
2.464788913726806641e+00 -1.136975646018981934e+00 -5.993516743183135986e-02
2.480508804321289062e+00 -1.142890691757202148e+00 -7.060487568378448486e-02
2.494624376296997070e+00 -1.148418784141540527e+00 -8.013541996479034424e-02
2.507107973098754883e+00 -1.153581023216247559e+00 -8.832199871540069580e-02
2.517978191375732422e+00 -1.158479213714599609e+00 -9.462268650531768799e-02
2.527120590209960938e+00 -1.162911295890808105e+00 -9.986288845539093018e-02
2.534520626068115234e+00 -1.166862607002258301e+00 -1.040583401918411255e-01
2.540176630020141602e+00 -1.170321822166442871e+00 -1.072312146425247192e-01
2.544099330902099609e+00 -1.173279643058776855e+00 -1.094101220369338989e-01
2.546318054199218750e+00 -1.175733089447021484e+00 -1.106308251619338989e-01
2.546872615814208984e+00 -1.177681565284729004e+00 -1.109350472688674927e-01
2.545820236206054688e+00 -1.179127097129821777e+00 -1.103711873292922974e-01
2.543231725692749023e+00 -1.180077314376831055e+00 -1.089926511049270630e-01
2.539193153381347656e+00 -1.180541992187500000e+00 -1.068609505891799927e-01
2.533801555633544922e+00 -1.180534958839416504e+00 -1.040385514497756958e-01
2.527168750762939453e+00 -1.180073499679565430e+00 -1.005957871675491333e-01
2.519415855407714844e+00 -1.179178118705749512e+00 -9.660132229328155518e-02
2.511724472045898438e+00 -1.178632855415344238e+00 -9.134919941425323486e-02
2.504131793975830078e+00 -1.178392291069030762e+00 -8.498533070087432861e-02
2.497456073760986328e+00 -1.180405139923095703e+00 -7.836969196796417236e-02
2.490392684936523438e+00 -1.182385802268981934e+00 -7.151015102863311768e-02
2.482866287231445312e+00 -1.184031367301940918e+00 -6.448061764240264893e-02
2.474983453750610352e+00 -1.185339927673339844e+00 -5.735881626605987549e-02
2.467834949493408203e+00 -1.187850832939147949e+00 -4.871733486652374268e-02
2.462166786193847656e+00 -1.192581057548522949e+00 -3.763253986835479736e-02
2.456385850906372070e+00 -1.196935415267944336e+00 -2.671130001544952393e-02
2.450549840927124023e+00 -1.200905203819274902e+00 -1.602442562580108643e-02
2.444706201553344727e+00 -1.204495668411254883e+00 -5.626037716865539551e-03
2.438889026641845703e+00 -1.207722067832946777e+00 4.448100924491882324e-03
2.433118820190429688e+00 -1.210612654685974121e+00 1.418177783489227295e-02
2.427399873733520508e+00 -1.213209271430969238e+00 2.357642352581024170e-02
2.422407150268554688e+00 -1.215960621833801270e+00 3.197090327739715576e-02
2.418694972991943359e+00 -1.219268202781677246e+00 3.882710635662078857e-02
2.415012836456298828e+00 -1.222520470619201660e+00 4.540197551250457764e-02
2.411350727081298828e+00 -1.225838303565979004e+00 5.171649158000946045e-02
2.407689332962036133e+00 -1.229356765747070312e+00 5.780212581157684326e-02
2.403997421264648438e+00 -1.233221650123596191e+00 6.369940936565399170e-02
2.400380849838256836e+00 -1.237429380416870117e+00 6.885258853435516357e-02
2.397351503372192383e+00 -1.241522550582885742e+00 7.099191844463348389e-02
2.394200801849365234e+00 -1.246379137039184570e+00 7.285134494304656982e-02
2.390883684158325195e+00 -1.252138495445251465e+00 7.439462840557098389e-02
2.387350797653198242e+00 -1.258934855461120605e+00 7.558147609233856201e-02
2.383549690246582031e+00 -1.266896367073059082e+00 7.636491954326629639e-02
2.379423141479492188e+00 -1.276137590408325195e+00 7.669655978679656982e-02
2.370430231094360352e+00 -1.278230786323547363e+00 6.989447772502899170e-02
2.358050584793090820e+00 -1.276185393333435059e+00 5.817262828350067139e-02
2.344277143478393555e+00 -1.273964524269104004e+00 4.449526965618133545e-02
2.329015493392944336e+00 -1.271533370018005371e+00 2.873985469341278076e-02
2.313930273056030273e+00 -1.269992470741271973e+00 9.945556521415710449e-03
2.302906036376953125e+00 -1.271880626678466797e+00 -1.389510929584503174e-02
2.303871631622314453e+00 -1.280890107154846191e+00 -4.744108021259307861e-02
2.317340135574340820e+00 -1.299529075622558594e+00 -8.386357128620147705e-02
2.345413446426391602e+00 -1.333414912223815918e+00 -9.698469936847686768e-02
2.380481004714965820e+00 -1.374746203422546387e+00 -1.014948636293411255e-01
2.417645931243896484e+00 -1.418492913246154785e+00 -1.067126542329788208e-01
2.452630281448364258e+00 -1.459698319435119629e+00 -1.116038113832473755e-01
2.440008401870727539e+00 -1.430441021919250488e+00 -2.766166329383850098e-01
2.426315307617187500e+00 -1.400750517845153809e+00 -4.456692337989807129e-01
2.428084373474121094e+00 -1.356455206871032715e+00 -7.394304871559143066e-01
2.476490020751953125e+00 -1.347557902336120605e+00 -1.005725264549255371e+00
2.525191307067871094e+00 -1.337536454200744629e+00 -1.278442978858947754e+00
2.572585821151733398e+00 -1.390603184700012207e+00 -1.333450436592102051e+00
3.749737739562988281e+00 -4.123641490936279297e+00 4.616621971130371094e+00
3.872575759887695312e+00 -4.848746299743652344e+00 4.588014602661132812e+00
3.932330608367919922e+00 -5.358987808227539062e+00 4.394779682159423828e+00
3.981404304504394531e+00 -5.760333061218261719e+00 4.178550720214843750e+00
4.103071689605712891e+00 -6.172989845275878906e+00 4.000170707702636719e+00
4.232177734375000000e+00 -6.541683197021484375e+00 3.795832395553588867e+00
4.356857299804687500e+00 -6.866369247436523438e+00 3.597436428070068359e+00
4.490912437438964844e+00 -7.194828033447265625e+00 3.352200746536254883e+00
4.619567394256591797e+00 -7.510762214660644531e+00 3.109231233596801758e+00
4.745807647705078125e+00 -7.819984436035156250e+00 2.879365205764770508e+00
4.866185665130615234e+00 -8.114542007446289062e+00 2.663419008255004883e+00
4.978182792663574219e+00 -8.388591766357421875e+00 2.462033510208129883e+00
5.081691741943359375e+00 -8.641742706298828125e+00 2.276171207427978516e+00
5.175769329071044922e+00 -8.871439933776855469e+00 2.116629362106323242e+00
5.261710166931152344e+00 -9.080866813659667969e+00 1.971695899963378906e+00
5.343068599700927734e+00 -9.269123077392578125e+00 1.866720557212829590e+00
5.416211605072021484e+00 -9.436687469482421875e+00 1.786041975021362305e+00
5.480054378509521484e+00 -9.584331512451171875e+00 1.724001526832580566e+00
5.546149730682373047e+00 -9.727353096008300781e+00 1.685572624206542969e+00
5.609233856201171875e+00 -9.859946250915527344e+00 1.657293677330017090e+00
5.673629760742187500e+00 -9.990003585815429688e+00 1.633758902549743652e+00
5.732416152954101562e+00 -1.010622787475585938e+01 1.618906617164611816e+00
5.785474777221679688e+00 -1.020905017852783203e+01 1.611989617347717285e+00
5.833436965942382812e+00 -1.029988574981689453e+01 1.612370610237121582e+00
5.876875400543212891e+00 -1.038004398345947266e+01 1.619408965110778809e+00
5.916285514831542969e+00 -1.045068073272705078e+01 1.632478117942810059e+00
5.952066898345947266e+00 -1.051275920867919922e+01 1.650988459587097168e+00
5.984505653381347656e+00 -1.056701755523681641e+01 1.674376845359802246e+00
6.013762950897216797e+00 -1.061394023895263672e+01 1.702147841453552246e+00
6.039866447448730469e+00 -1.065373706817626953e+01 1.733859896659851074e+00
6.062705516815185547e+00 -1.068633270263671875e+01 1.769151329994201660e+00
6.082027435302734375e+00 -1.071135807037353516e+01 1.807727694511413574e+00
6.097438812255859375e+00 -1.072814846038818359e+01 1.849386572837829590e+00
6.110526084899902344e+00 -1.073935985565185547e+01 1.892664313316345215e+00
6.122009277343750000e+00 -1.074612522125244141e+01 1.936646342277526855e+00
6.128263473510742188e+00 -1.074212932586669922e+01 1.983192563056945801e+00
6.128487586975097656e+00 -1.072583103179931641e+01 2.032382011413574219e+00
6.121832847595214844e+00 -1.069556808471679688e+01 2.084338665008544922e+00
6.107414245605468750e+00 -1.064958858489990234e+01 2.139231681823730469e+00
6.084338188171386719e+00 -1.058611297607421875e+01 2.197266817092895508e+00
6.051721572875976562e+00 -1.050336551666259766e+01 2.258666753768920898e+00
6.008726119995117188e+00 -1.039965248107910156e+01 2.323662042617797852e+00
5.954560279846191406e+00 -1.027334213256835938e+01 2.392697572708129883e+00
5.887796401977539062e+00 -1.012057399749755859e+01 2.475641965866088867e+00
5.810981750488281250e+00 -9.941424369812011719e+00 2.582362413406372070e+00
5.722925662994384766e+00 -9.735532760620117188e+00 2.706269979476928711e+00
5.625124454498291016e+00 -9.507450103759765625e+00 2.839085817337036133e+00
5.519585132598876953e+00 -9.263491630554199219e+00 2.980283021926879883e+00
5.402015686035156250e+00 -8.993925094604492188e+00 3.129640817642211914e+00
5.272718429565429688e+00 -8.699380874633789062e+00 3.286836624145507812e+00
5.132186412811279297e+00 -8.380906105041503906e+00 3.451377153396606445e+00
4.985022544860839844e+00 -8.054253578186035156e+00 3.597483634948730469e+00
4.829404830932617188e+00 -7.720162868499755859e+00 3.735823869705200195e+00
4.665089607238769531e+00 -7.368526458740234375e+00 3.878782987594604492e+00
4.493248462677001953e+00 -7.001789093017578125e+00 4.025497436523437500e+00
4.301473617553710938e+00 -6.608901023864746094e+00 4.090816974639892578e+00
4.075069904327392578e+00 -6.148301124572753906e+00 4.129306316375732422e+00
3.849493503570556641e+00 -5.673442363739013672e+00 4.176006793975830078e+00
3.706303834915161133e+00 -5.199301719665527344e+00 4.298970222473144531e+00
3.603777885437011719e+00 -4.551215648651123047e+00 4.368541240692138672e+00
3.406310558319091797e+00 -3.777023077011108398e+00 4.339135169982910156e+00
2.765486955642700195e+00 -2.266344785690307617e+00 1.273120760917663574e+00
2.677855491638183594e+00 -2.168365716934204102e+00 1.186036229133605957e+00
2.577337265014648438e+00 -2.089958667755126953e+00 1.232715487480163574e+00
2.527436494827270508e+00 -2.056070327758789062e+00 1.295154213905334473e+00
2.479239702224731445e+00 -2.021883726119995117e+00 1.352232575416564941e+00
2.445853471755981445e+00 -1.993514895439147949e+00 1.388393878936767578e+00
2.425368309020996094e+00 -1.970604300498962402e+00 1.406476140022277832e+00
2.409021139144897461e+00 -1.950954318046569824e+00 1.419518589973449707e+00
2.396856307983398438e+00 -1.934692740440368652e+00 1.427473664283752441e+00
2.388875007629394531e+00 -1.921915292739868164e+00 1.430364966392517090e+00
2.385614871978759766e+00 -1.913228154182434082e+00 1.426577925682067871e+00
2.385135889053344727e+00 -1.908648848533630371e+00 1.421598911285400391e+00
2.389036655426025391e+00 -1.907963752746582031e+00 1.413571834564208984e+00
2.397280931472778320e+00 -1.909733295440673828e+00 1.397862911224365234e+00
2.408422708511352539e+00 -1.913791775703430176e+00 1.377626538276672363e+00
2.423518180847167969e+00 -1.920933008193969727e+00 1.352926969528198242e+00
2.442384004592895508e+00 -1.931730866432189941e+00 1.324865579605102539e+00
2.463588953018188477e+00 -1.946637272834777832e+00 1.295698404312133789e+00
2.487479925155639648e+00 -1.964530587196350098e+00 1.264239668846130371e+00
2.512624263763427734e+00 -1.983662486076354980e+00 1.230667948722839355e+00
2.536001205444335938e+00 -2.000139713287353516e+00 1.194788813591003418e+00
2.560920000076293945e+00 -2.018573522567749023e+00 1.157895207405090332e+00
2.587142229080200195e+00 -2.038790941238403320e+00 1.120427250862121582e+00
2.614428520202636719e+00 -2.060602903366088867e+00 1.082797646522521973e+00
2.675935268402099609e+00 -2.125512123107910156e+00 1.105343937873840332e+00
2.733573436737060547e+00 -2.202167510986328125e+00 1.198620676994323730e+00
3.093070983886718750e+00 -3.024538278579711914e+00 3.015892982482910156e+00
3.464776992797851562e+00 -4.077485561370849609e+00 4.282379627227783203e+00
3.554807186126708984e+00 -4.602217197418212891e+00 4.270481586456298828e+00
3.585754871368408203e+00 -5.013151645660400391e+00 4.203211307525634766e+00
3.632565259933471680e+00 -5.326426982879638672e+00 4.080186843872070312e+00
3.751531600952148438e+00 -5.642367362976074219e+00 3.928464174270629883e+00
3.867262840270996094e+00 -5.949485301971435547e+00 3.781690359115600586e+00
3.986647605895996094e+00 -6.225296020507812500e+00 3.657252311706542969e+00
4.101425647735595703e+00 -6.489318847656250000e+00 3.539098501205444336e+00
4.206728935241699219e+00 -6.729930877685546875e+00 3.407944440841674805e+00
4.314825057983398438e+00 -6.979855537414550781e+00 3.237063407897949219e+00
4.416622161865234375e+00 -7.214625358581542969e+00 3.078132390975952148e+00
4.526734828948974609e+00 -7.458241462707519531e+00 2.942989110946655273e+00
4.639988899230957031e+00 -7.698907852172851562e+00 2.831659078598022461e+00
4.746343135833740234e+00 -7.923105239868164062e+00 2.732140302658081055e+00
4.845903396606445312e+00 -8.131144523620605469e+00 2.644025325775146484e+00
4.938856601715087891e+00 -8.323522567749023438e+00 2.566792011260986328e+00
5.025448799133300781e+00 -8.500873565673828125e+00 2.499829530715942383e+00
5.105972766876220703e+00 -8.663935661315917969e+00 2.442467927932739258e+00
5.178517341613769531e+00 -8.810796737670898438e+00 2.404659271240234375e+00
5.243696689605712891e+00 -8.942620277404785156e+00 2.384261846542358398e+00
5.304005622863769531e+00 -9.062847137451171875e+00 2.370045900344848633e+00
5.359688282012939453e+00 -9.172146797180175781e+00 2.361438512802124023e+00
5.410942077636718750e+00 -9.271085739135742188e+00 2.357921123504638672e+00
5.457895278930664062e+00 -9.360079765319824219e+00 2.359050750732421875e+00
5.500600814819335938e+00 -9.439373016357421875e+00 2.364465475082397461e+00
5.539022922515869141e+00 -9.509014129638671875e+00 2.373898744583129883e+00
5.573029518127441406e+00 -9.568843841552734375e+00 2.387181043624877930e+00
5.602395057678222656e+00 -9.618479728698730469e+00 2.404256582260131836e+00
5.626791000366210938e+00 -9.657319068908691406e+00 2.425172567367553711e+00
5.645794868469238281e+00 -9.684545516967773438e+00 2.450082302093505859e+00
5.658896446228027344e+00 -9.699143409729003906e+00 2.479234933853149414e+00
5.665508270263671875e+00 -9.699920654296875000e+00 2.512967348098754883e+00
5.664978027343750000e+00 -9.685535430908203125e+00 2.551697969436645508e+00
5.656606674194335938e+00 -9.654539108276367188e+00 2.595894575119018555e+00
5.639662742614746094e+00 -9.605401992797851562e+00 2.646073579788208008e+00
5.613414764404296875e+00 -9.536586761474609375e+00 2.702771425247192383e+00
5.577138900756835938e+00 -9.446562767028808594e+00 2.766523599624633789e+00
5.530970096588134766e+00 -9.335731506347656250e+00 2.837854385375976562e+00
5.475870132446289062e+00 -9.206341743469238281e+00 2.917255401611328125e+00
5.409274101257324219e+00 -9.052674293518066406e+00 3.005092144012451172e+00
5.330784320831298828e+00 -8.873872756958007812e+00 3.101672887802124023e+00
5.240125656127929688e+00 -8.669350624084472656e+00 3.207197189331054688e+00
5.137167453765869141e+00 -8.438824653625488281e+00 3.321735620498657227e+00
5.021945953369140625e+00 -8.182364463806152344e+00 3.445222377777099609e+00
4.899087905883789062e+00 -7.915409564971923828e+00 3.549816846847534180e+00
4.767710685729980469e+00 -7.636933326721191406e+00 3.641420841217041016e+00
4.622663497924804688e+00 -7.333127021789550781e+00 3.752300977706909180e+00
4.444559097290039062e+00 -6.961970329284667969e+00 3.893836021423339844e+00
4.240138053894042969e+00 -6.550133705139160156e+00 3.978894710540771484e+00
4.022071361541748047e+00 -6.116496086120605469e+00 4.017282009124755859e+00
3.792014598846435547e+00 -5.656935691833496094e+00 4.044946670532226562e+00
3.563930034637451172e+00 -5.172554016113281250e+00 4.087441921234130859e+00
3.426038026809692383e+00 -4.637185573577880859e+00 4.211325168609619141e+00
3.304873943328857422e+00 -3.970613241195678711e+00 4.271090030670166016e+00
2.782802581787109375e+00 -2.568635225296020508e+00 2.209840536117553711e+00
2.604975223541259766e+00 -2.239436864852905273e+00 1.583385467529296875e+00
2.528874397277832031e+00 -2.162824153900146484e+00 1.587193131446838379e+00
2.470050334930419922e+00 -2.123030900955200195e+00 1.680251479148864746e+00
2.433753252029418945e+00 -2.091889619827270508e+00 1.731560349464416504e+00
2.416446447372436523e+00 -2.065167665481567383e+00 1.748504400253295898e+00
2.401426315307617188e+00 -2.039550781250000000e+00 1.759685277938842773e+00
2.391365289688110352e+00 -2.017788648605346680e+00 1.766657948493957520e+00
2.383014202117919922e+00 -1.997735857963562012e+00 1.770100116729736328e+00
2.376820564270019531e+00 -1.982021927833557129e+00 1.773213744163513184e+00
2.372982501983642578e+00 -1.971074938774108887e+00 1.776216983795166016e+00
2.368836164474487305e+00 -1.960169672966003418e+00 1.775243520736694336e+00
2.364385366439819336e+00 -1.949372410774230957e+00 1.770338654518127441e+00
2.359647750854492188e+00 -1.938763737678527832e+00 1.761616349220275879e+00
2.354655265808105469e+00 -1.928439021110534668e+00 1.749255418777465820e+00
2.349449872970581055e+00 -1.918503999710083008e+00 1.733494400978088379e+00
2.344089031219482422e+00 -1.909077763557434082e+00 1.714626431465148926e+00
2.338637351989746094e+00 -1.900282740592956543e+00 1.692985653877258301e+00
2.333170890808105469e+00 -1.892248868942260742e+00 1.668943166732788086e+00
2.327770948410034180e+00 -1.885105013847351074e+00 1.642894148826599121e+00
2.322523593902587891e+00 -1.878978133201599121e+00 1.615251421928405762e+00
2.317515373229980469e+00 -1.873987436294555664e+00 1.586429953575134277e+00
2.321936130523681641e+00 -1.876845479011535645e+00 1.559812545776367188e+00
2.336971998214721680e+00 -1.888447761535644531e+00 1.536157608032226562e+00
2.352889060974121094e+00 -1.901756405830383301e+00 1.512642383575439453e+00
2.369612216949462891e+00 -1.916725873947143555e+00 1.489568591117858887e+00
2.387113094329833984e+00 -1.934160351753234863e+00 1.468088746070861816e+00
2.412491798400878906e+00 -1.956269383430480957e+00 1.430784225463867188e+00
2.447620391845703125e+00 -1.979534983634948730e+00 1.369903922080993652e+00
2.485579013824462891e+00 -2.003561973571777344e+00 1.307429790496826172e+00
2.520597696304321289e+00 -2.024044036865234375e+00 1.244966387748718262e+00
2.556176900863647461e+00 -2.045823335647583008e+00 1.183763623237609863e+00
2.627561569213867188e+00 -2.109980344772338867e+00 1.175015807151794434e+00
2.696307897567749023e+00 -2.189776897430419922e+00 1.251573681831359863e+00
2.763505458831787109e+00 -2.276309490203857422e+00 1.357860445976257324e+00
3.390383243560791016e+00 -3.885434389114379883e+00 4.168303966522216797e+00
3.506970405578613281e+00 -4.456046581268310547e+00 4.173547744750976562e+00
3.549448966979980469e+00 -4.908789157867431641e+00 4.124229907989501953e+00
3.580864429473876953e+00 -5.228247642517089844e+00 4.007586479187011719e+00
3.696923732757568359e+00 -5.533973693847656250e+00 3.867376804351806641e+00
3.810913801193237305e+00 -5.828372478485107422e+00 3.734311103820800781e+00
3.923584938049316406e+00 -6.095046997070312500e+00 3.617637395858764648e+00
4.031237125396728516e+00 -6.339801788330078125e+00 3.511856555938720703e+00
4.130632400512695312e+00 -6.566221714019775391e+00 3.412313222885131836e+00
4.224535465240478516e+00 -6.782613754272460938e+00 3.264189958572387695e+00
4.308771133422851562e+00 -6.977641105651855469e+00 3.127502679824829102e+00
4.382004261016845703e+00 -7.148095130920410156e+00 3.006497383117675781e+00
4.446182250976562500e+00 -7.298424720764160156e+00 2.902141809463500977e+00
4.499495506286621094e+00 -7.424595832824707031e+00 2.815285444259643555e+00
4.539057731628417969e+00 -7.520135879516601562e+00 2.746693134307861328e+00
4.564316749572753906e+00 -7.583832740783691406e+00 2.697100400924682617e+00
4.574808597564697266e+00 -7.614661216735839844e+00 2.667160987854003906e+00
4.571629524230957031e+00 -7.613675117492675781e+00 2.659279108047485352e+00
4.562988281250000000e+00 -7.591102600097656250e+00 2.684609174728393555e+00
4.537491798400878906e+00 -7.532248497009277344e+00 2.729229211807250977e+00
4.495008468627929688e+00 -7.436908245086669922e+00 2.793145418167114258e+00
4.435560703277587891e+00 -7.305196285247802734e+00 2.876232385635375977e+00
4.360087394714355469e+00 -7.139263153076171875e+00 2.978214979171752930e+00
4.272718429565429688e+00 -6.948445320129394531e+00 3.098556995391845703e+00
4.180268287658691406e+00 -6.752585887908935547e+00 3.177920103073120117e+00
4.074420928955078125e+00 -6.528847217559814453e+00 3.267569303512573242e+00
3.955960750579833984e+00 -6.278862953186035156e+00 3.366946220397949219e+00
3.816078901290893555e+00 -5.982320785522460938e+00 3.471069097518920898e+00
3.633574962615966797e+00 -5.596988677978515625e+00 3.611567735671997070e+00
3.437114238739013672e+00 -5.197511672973632812e+00 3.669036149978637695e+00
3.230365753173828125e+00 -4.782766819000244141e+00 3.690716505050659180e+00
3.075096607208251953e+00 -4.343438148498535156e+00 3.780627012252807617e+00
2.967289447784423828e+00 -3.787963628768920898e+00 3.867055654525756836e+00
2.839553356170654297e+00 -3.103085517883300781e+00 3.859139204025268555e+00
2.453941345214843750e+00 -2.263338327407836914e+00 1.981013894081115723e+00
2.397860765457153320e+00 -2.184374094009399414e+00 1.930627584457397461e+00
2.352136850357055664e+00 -2.105047225952148438e+00 1.850001692771911621e+00
2.342811822891235352e+00 -2.081065416336059570e+00 1.854145526885986328e+00
2.335368156433105469e+00 -2.062724828720092773e+00 1.875507593154907227e+00
2.330562353134155273e+00 -2.046209812164306641e+00 1.893049716949462891e+00
2.325955390930175781e+00 -2.029911041259765625e+00 1.907054305076599121e+00
2.321500778198242188e+00 -2.013867139816284180e+00 1.917239308357238770e+00
2.317151546478271484e+00 -1.998120665550231934e+00 1.923389911651611328e+00
2.312447071075439453e+00 -1.983262419700622559e+00 1.923762321472167969e+00
2.304091215133666992e+00 -1.963970303535461426e+00 1.913215398788452148e+00
2.297237634658813477e+00 -1.947095274925231934e+00 1.901206493377685547e+00
2.291857004165649414e+00 -1.932693123817443848e+00 1.887822508811950684e+00
2.287914276123046875e+00 -1.920808911323547363e+00 1.873193740844726562e+00
2.285368204116821289e+00 -1.911475062370300293e+00 1.857495307922363281e+00
2.284176588058471680e+00 -1.904714941978454590e+00 1.840936183929443359e+00
2.284294128417968750e+00 -1.900541663169860840e+00 1.823765039443969727e+00
2.285676002502441406e+00 -1.898959040641784668e+00 1.806253433227539062e+00
2.288280725479125977e+00 -1.899964094161987305e+00 1.788699030876159668e+00
2.288642883300781250e+00 -1.898709297180175781e+00 1.765443921089172363e+00
2.283673763275146484e+00 -1.890867233276367188e+00 1.731490731239318848e+00
2.278593063354492188e+00 -1.883822560310363770e+00 1.696316003799438477e+00
2.274173259735107422e+00 -1.878218531608581543e+00 1.660699963569641113e+00
2.287995815277099609e+00 -1.886880040168762207e+00 1.630896806716918945e+00
2.302263736724853516e+00 -1.896957993507385254e+00 1.601598143577575684e+00
2.316912889480590820e+00 -1.908451437950134277e+00 1.573246836662292480e+00
2.331990480422973633e+00 -1.923254728317260742e+00 1.548194527626037598e+00
2.347504615783691406e+00 -1.942336440086364746e+00 1.527814269065856934e+00
2.363276958465576172e+00 -1.963074326515197754e+00 1.509783506393432617e+00
2.393182992935180664e+00 -1.983308911323547363e+00 1.452495932579040527e+00
2.427018404006958008e+00 -2.005702257156372070e+00 1.390795826911926270e+00
2.465370416641235352e+00 -2.032581329345703125e+00 1.331253409385681152e+00
2.533077239990234375e+00 -2.088920354843139648e+00 1.299980998039245605e+00
2.594250202178955078e+00 -2.160210371017456055e+00 1.364593386650085449e+00
2.655231475830078125e+00 -2.234796047210693359e+00 1.446620225906372070e+00
3.222384452819824219e+00 -3.486765384674072266e+00 4.102375984191894531e+00
3.347867012023925781e+00 -4.074953079223632812e+00 4.088795185089111328e+00
3.414451837539672852e+00 -4.536652565002441406e+00 4.055980205535888672e+00
3.446334838867187500e+00 -4.890871524810791016e+00 3.999305963516235352e+00
3.499577522277832031e+00 -5.164139270782470703e+00 3.855149984359741211e+00
3.607433080673217773e+00 -5.444579124450683594e+00 3.729483604431152344e+00
3.711790323257446289e+00 -5.713307380676269531e+00 3.610741138458251953e+00
3.817986488342285156e+00 -5.954004764556884766e+00 3.511676073074340820e+00
3.919368743896484375e+00 -6.183388710021972656e+00 3.418699026107788086e+00
4.015695095062255859e+00 -6.400856018066406250e+00 3.332055330276489258e+00
4.112766265869140625e+00 -6.622121810913085938e+00 3.217171192169189453e+00
4.202279567718505859e+00 -6.825090408325195312e+00 3.097098588943481445e+00
4.284938812255859375e+00 -7.011480331420898438e+00 2.985977888107299805e+00
4.361493110656738281e+00 -7.183272361755371094e+00 2.885989665985107422e+00
4.431838512420654297e+00 -7.340230941772460938e+00 2.797057390213012695e+00
4.495875835418701172e+00 -7.482143402099609375e+00 2.719058036804199219e+00
4.556329727172851562e+00 -7.615175247192382812e+00 2.651896238327026367e+00
4.610558032989501953e+00 -7.733386039733886719e+00 2.595365524291992188e+00
4.658390045166015625e+00 -7.835831642150878906e+00 2.550049066543579102e+00
4.712265968322753906e+00 -7.938339233398437500e+00 2.531640768051147461e+00
4.758267402648925781e+00 -8.023083686828613281e+00 2.522501707077026367e+00
4.796231746673583984e+00 -8.089795112609863281e+00 2.522412061691284180e+00
4.825989723205566406e+00 -8.138197898864746094e+00 2.531174421310424805e+00
4.847374439239501953e+00 -8.168021202087402344e+00 2.548607587814331055e+00
4.860223770141601562e+00 -8.178996086120605469e+00 2.574552774429321289e+00
4.864382743835449219e+00 -8.170878410339355469e+00 2.608862161636352539e+00
4.859711647033691406e+00 -8.143447875976562500e+00 2.651405572891235352e+00
4.846093654632568359e+00 -8.096532821655273438e+00 2.702060461044311523e+00
4.825337409973144531e+00 -8.034307479858398438e+00 2.760733127593994141e+00
4.795974731445312500e+00 -7.953536987304687500e+00 2.827272653579711914e+00
4.757710933685302734e+00 -7.853633403778076172e+00 2.901528596878051758e+00
4.710568428039550781e+00 -7.734716415405273438e+00 2.983336210250854492e+00
4.654623508453369141e+00 -7.597018241882324219e+00 3.072503805160522461e+00
4.590013504028320312e+00 -7.440901279449462891e+00 3.168802976608276367e+00
4.516934871673583984e+00 -7.266851425170898438e+00 3.271961212158203125e+00
4.435652256011962891e+00 -7.075498580932617188e+00 3.381667375564575195e+00
4.346498966217041016e+00 -6.867614746093750000e+00 3.497561216354370117e+00
4.252017021179199219e+00 -6.649902343750000000e+00 3.606828212738037109e+00
4.154060363769531250e+00 -6.427251338958740234e+00 3.692858934402465820e+00
4.054350852966308594e+00 -6.165078163146972656e+00 3.790400981903076172e+00
3.949923992156982422e+00 -5.888448715209960938e+00 3.892342805862426758e+00
3.855183601379394531e+00 -5.566421508789062500e+00 3.963123559951782227e+00
3.825172901153564453e+00 -5.272289276123046875e+00 4.087018489837646484e+00
3.804643630981445312e+00 -4.948508262634277344e+00 4.243497371673583984e+00
3.724662303924560547e+00 -4.550976753234863281e+00 4.346497058868408203e+00
3.616642713546752930e+00 -4.003392219543457031e+00 4.383372783660888672e+00
2.801369190216064453e+00 -2.201310157775878906e+00 6.755325198173522949e-01
2.394897937774658203e+00 -1.115898489952087402e+00 -1.833960652351379395e+00
2.369516611099243164e+00 -1.082170486450195312e+00 -1.800951123237609863e+00
2.342048406600952148e+00 -1.053009152412414551e+00 -1.747993350028991699e+00
2.309146165847778320e+00 -1.035666108131408691e+00 -1.641924977302551270e+00
2.276689052581787109e+00 -1.018751740455627441e+00 -1.537424921989440918e+00
2.244865655899047852e+00 -1.002346634864807129e+00 -1.435038685798645020e+00
2.230066776275634766e+00 -9.814749956130981445e-01 -1.404444336891174316e+00
2.221023082733154297e+00 -9.655495882034301758e-01 -1.383099675178527832e+00
2.213071346282958984e+00 -9.511935710906982422e-01 -1.362402796745300293e+00
2.209644317626953125e+00 -9.427167177200317383e-01 -1.335632205009460449e+00
2.211887836456298828e+00 -9.414829611778259277e-01 -1.301182627677917480e+00
2.210259199142456055e+00 -9.303120374679565430e-01 -1.285454392433166504e+00
2.208530902862548828e+00 -9.190875291824340820e-01 -1.272000908851623535e+00
2.207117795944213867e+00 -9.087841510772705078e-01 -1.259293198585510254e+00
2.208286762237548828e+00 -8.994551897048950195e-01 -1.246567606925964355e+00
2.214663982391357422e+00 -8.898153305053710938e-01 -1.246679902076721191e+00
2.227449417114257812e+00 -8.823792338371276855e-01 -1.257556319236755371e+00
2.239708423614501953e+00 -8.759827017784118652e-01 -1.267378449440002441e+00
2.251490116119384766e+00 -8.706217408180236816e-01 -1.276108145713806152e+00
2.262840270996093750e+00 -8.662880063056945801e-01 -1.283695101737976074e+00
2.275468349456787109e+00 -8.659875392913818359e-01 -1.286338686943054199e+00
2.287830114364624023e+00 -8.668285608291625977e-01 -1.287536501884460449e+00
2.299687623977661133e+00 -8.682953715324401855e-01 -1.287829041481018066e+00
2.311090230941772461e+00 -8.704006075859069824e-01 -1.287091851234436035e+00
2.323382854461669922e+00 -8.746817708015441895e-01 -1.282528042793273926e+00
2.335289716720581055e+00 -8.796074986457824707e-01 -1.276689887046813965e+00
2.346585988998413086e+00 -8.848835825920104980e-01 -1.269968390464782715e+00
2.357298612594604492e+00 -8.905224204063415527e-01 -1.262209057807922363e+00
2.367441415786743164e+00 -8.965258598327636719e-01 -1.253274798393249512e+00
2.377015113830566406e+00 -9.028883576393127441e-01 -1.243046641349792480e+00
2.386005640029907227e+00 -9.095976948738098145e-01 -1.231415152549743652e+00
2.394386768341064453e+00 -9.166306853294372559e-01 -1.218301653861999512e+00
2.402190208435058594e+00 -9.240938425064086914e-01 -1.203414320945739746e+00
2.409590721130371094e+00 -9.323822259902954102e-01 -1.185982823371887207e+00
2.416062355041503906e+00 -9.405586719512939453e-01 -1.167536854743957520e+00
2.421530961990356445e+00 -9.485634565353393555e-01 -1.148121714591979980e+00
2.425912141799926758e+00 -9.563248157501220703e-01 -1.127828478813171387e+00
2.429111957550048828e+00 -9.637582302093505859e-01 -1.106794476509094238e+00
2.431385993957519531e+00 -9.714494943618774414e-01 -1.084031701087951660e+00
2.434305667877197266e+00 -9.812822341918945312e-01 -1.056296229362487793e+00
2.436200857162475586e+00 -9.911885261535644531e-01 -1.027268052101135254e+00
2.436980962753295898e+00 -1.001077413558959961e+00 -9.972139000892639160e-01
2.436561822891235352e+00 -1.010861515998840332e+00 -9.664228558540344238e-01
2.434861898422241211e+00 -1.020446181297302246e+00 -9.352257847785949707e-01
2.431802034378051758e+00 -1.029732823371887207e+00 -9.039860367774963379e-01
2.427306175231933594e+00 -1.038616418838500977e+00 -8.731041550636291504e-01
2.421304941177368164e+00 -1.046990871429443359e+00 -8.430028557777404785e-01
2.413731575012207031e+00 -1.054744601249694824e+00 -8.141329884529113770e-01
2.404529094696044922e+00 -1.061767697334289551e+00 -7.869535088539123535e-01
2.393644332885742188e+00 -1.067949891090393066e+00 -7.619288563728332520e-01
2.381036043167114258e+00 -1.073183417320251465e+00 -7.395287156105041504e-01
2.366670608520507812e+00 -1.077365875244140625e+00 -7.202036976814270020e-01
2.350524425506591797e+00 -1.080399870872497559e+00 -7.043908238410949707e-01
2.333206415176391602e+00 -1.083323955535888672e+00 -6.910994648933410645e-01
2.317273616790771484e+00 -1.090694308280944824e+00 -6.749594807624816895e-01
2.313890695571899414e+00 -1.093463063240051270e+00 -6.981154084205627441e-01
2.313049316406250000e+00 -1.095632910728454590e+00 -7.328630089759826660e-01
2.317939758300781250e+00 -1.103965878486633301e+00 -7.653568387031555176e-01
2.327298164367675781e+00 -1.116847038269042969e+00 -7.978010773658752441e-01
2.337151050567626953e+00 -1.129344820976257324e+00 -8.366943001747131348e-01
2.347504615783691406e+00 -1.141436219215393066e+00 -8.820057511329650879e-01
2.360538482666015625e+00 -1.155433654785156250e+00 -9.339576363563537598e-01
2.371784448623657227e+00 -1.162294030189514160e+00 -1.004060149192810059e+00
2.378865718841552734e+00 -1.165210247039794922e+00 -1.077576279640197754e+00
2.385001420974731445e+00 -1.169524431228637695e+00 -1.148283362388610840e+00
2.416399478912353516e+00 -1.168889880180358887e+00 -1.318739771842956543e+00
2.450661182403564453e+00 -1.172680020332336426e+00 -1.486187338829040527e+00
2.487668275833129883e+00 -1.192628145217895508e+00 -1.610585808753967285e+00
2.527666330337524414e+00 -1.254215478897094727e+00 -1.608796715736389160e+00
3.571924686431884766e+00 -3.573691129684448242e+00 3.697309017181396484e+00
3.771856784820556641e+00 -4.387719631195068359e+00 4.501086235046386719e+00
3.899112224578857422e+00 -5.004488945007324219e+00 4.389306545257568359e+00
3.933218002319335938e+00 -5.389128684997558594e+00 4.184504032135009766e+00
3.983644008636474609e+00 -5.737199306488037109e+00 4.017702579498291016e+00
4.089353084564208984e+00 -6.113327503204345703e+00 3.903302907943725586e+00
4.210733413696289062e+00 -6.454131126403808594e+00 3.740487098693847656e+00
4.336216449737548828e+00 -6.800357818603515625e+00 3.518472909927368164e+00
4.464598178863525391e+00 -7.105245590209960938e+00 3.317920207977294922e+00
4.594950675964355469e+00 -7.404714584350585938e+00 3.133704662322998047e+00
4.730879783630371094e+00 -7.708611488342285156e+00 2.967888355255126953e+00
4.865085124969482422e+00 -8.006573677062988281e+00 2.813184022903442383e+00
4.994356632232666016e+00 -8.291382789611816406e+00 2.670064926147460938e+00
5.118231296539306641e+00 -8.562050819396972656e+00 2.538960695266723633e+00
5.236185550689697266e+00 -8.817460060119628906e+00 2.420952558517456055e+00
5.347347259521484375e+00 -9.055617332458496094e+00 2.320763826370239258e+00
5.448571681976318359e+00 -9.273118972778320312e+00 2.248427867889404297e+00
5.541071414947509766e+00 -9.471137046813964844e+00 2.196151494979858398e+00
5.626288414001464844e+00 -9.651139259338378906e+00 2.155006885528564453e+00
5.703829765319824219e+00 -9.812340736389160156e+00 2.125127077102661133e+00
5.775185108184814453e+00 -9.953127861022949219e+00 2.121227502822875977e+00
5.837595462799072266e+00 -1.007379436492919922e+01 2.124973058700561523e+00
5.890646457672119141e+00 -1.017360782623291016e+01 2.136194229125976562e+00
5.933930397033691406e+00 -1.025185585021972656e+01 2.154704809188842773e+00
5.967051029205322266e+00 -1.030784893035888672e+01 2.180309534072875977e+00
5.989634513854980469e+00 -1.034095096588134766e+01 2.212802648544311523e+00
6.001327514648437500e+00 -1.035056591033935547e+01 2.251957654953002930e+00
6.001818656921386719e+00 -1.033618354797363281e+01 2.297547101974487305e+00
5.990839481353759766e+00 -1.029738235473632812e+01 2.349319696426391602e+00
5.968181610107421875e+00 -1.023386669158935547e+01 2.407003164291381836e+00
5.935159206390380859e+00 -1.014331912994384766e+01 2.489952087402343750e+00
5.891067504882812500e+00 -1.002712535858154297e+01 2.586817502975463867e+00
5.835490226745605469e+00 -9.885899543762207031e+00 2.692601203918457031e+00
5.771037578582763672e+00 -9.725681304931640625e+00 2.806806802749633789e+00
5.698056221008300781e+00 -9.547383308410644531e+00 2.928812980651855469e+00
5.614625930786132812e+00 -9.346794128417968750e+00 3.057856082916259766e+00
5.521213531494140625e+00 -9.125072479248046875e+00 3.193121194839477539e+00
5.418414592742919922e+00 -8.883663177490234375e+00 3.333678007125854492e+00
5.306960105895996094e+00 -8.624300956726074219e+00 3.478496789932250977e+00
5.187707901000976562e+00 -8.348999977111816406e+00 3.626436710357666016e+00
5.058930397033691406e+00 -8.056747436523437500e+00 3.789326906204223633e+00
4.920221328735351562e+00 -7.748254776000976562e+00 3.973111391067504883e+00
4.780205726623535156e+00 -7.440525531768798828e+00 4.137419700622558594e+00
4.644119739532470703e+00 -7.147029876708984375e+00 4.258220672607421875e+00
4.505784034729003906e+00 -6.851272106170654297e+00 4.372059822082519531e+00
4.349696159362792969e+00 -6.533075809478759766e+00 4.401716709136962891e+00
4.187463760375976562e+00 -6.174648284912109375e+00 4.440166950225830078e+00
4.093461990356445312e+00 -5.836458206176757812e+00 4.513854980468750000e+00
4.027290821075439453e+00 -5.475571632385253906e+00 4.570220470428466797e+00
3.913487195968627930e+00 -4.990274906158447266e+00 4.573737621307373047e+00
3.794473171234130859e+00 -4.488413333892822266e+00 4.581171512603759766e+00
3.676043748855590820e+00 -3.999417543411254883e+00 4.567677021026611328e+00
3.091914892196655273e+00 -2.541402816772460938e+00 1.405261397361755371e+00
2.942731857299804688e+00 -2.236619710922241211e+00 7.693516612052917480e-01
2.902149200439453125e+00 -2.193061351776123047e+00 7.282878756523132324e-01
2.868075370788574219e+00 -2.159901618957519531e+00 7.085139155387878418e-01
2.840478658676147461e+00 -2.136504650115966797e+00 7.054652571678161621e-01
2.817900180816650391e+00 -2.122680902481079102e+00 7.221705317497253418e-01
2.805041790008544922e+00 -2.117729902267456055e+00 7.394384741783142090e-01
2.800140857696533203e+00 -2.121849536895751953e+00 7.643517851829528809e-01
2.800676345825195312e+00 -2.135206937789916992e+00 8.065544962882995605e-01
2.808077812194824219e+00 -2.157186746597290039e+00 8.586947321891784668e-01
2.822092533111572266e+00 -2.187297821044921875e+00 9.198364615440368652e-01
2.842370510101318359e+00 -2.224932670593261719e+00 9.889141917228698730e-01
2.868680000305175781e+00 -2.270674228668212891e+00 1.072195649147033691e+00
3.459431648254394531e+00 -3.706432580947875977e+00 4.434239387512207031e+00
3.538324356079101562e+00 -4.081501960754394531e+00 4.440148830413818359e+00
3.622477531433105469e+00 -4.493724822998046875e+00 4.420275211334228516e+00
3.709764242172241211e+00 -4.909455299377441406e+00 4.404779911041259766e+00
3.754226207733154297e+00 -5.251096725463867188e+00 4.357115745544433594e+00
3.788761138916015625e+00 -5.500024795532226562e+00 4.235278129577636719e+00
3.867400169372558594e+00 -5.744076728820800781e+00 4.136506557464599609e+00
3.962871789932250977e+00 -5.982780456542968750e+00 4.041108608245849609e+00
4.056227207183837891e+00 -6.214792251586914062e+00 3.951433658599853516e+00
4.154116630554199219e+00 -6.429379463195800781e+00 3.863312959671020508e+00
4.248498916625976562e+00 -6.635163307189941406e+00 3.766889810562133789e+00
4.331512928009033203e+00 -6.813220977783203125e+00 3.677402496337890625e+00
4.404748439788818359e+00 -6.968502044677734375e+00 3.604851961135864258e+00
4.466695308685302734e+00 -7.097846031188964844e+00 3.550791501998901367e+00
4.515998363494873047e+00 -7.198445320129394531e+00 3.516541481018066406e+00
4.551485061645507812e+00 -7.267893791198730469e+00 3.503175973892211914e+00
4.572176933288574219e+00 -7.304216384887695312e+00 3.511510372161865234e+00
4.577310562133789062e+00 -7.305900096893310547e+00 3.542085886001586914e+00
4.566349983215332031e+00 -7.271926879882812500e+00 3.595165967941284180e+00
4.538991451263427734e+00 -7.201779365539550781e+00 3.670728206634521484e+00
4.495173931121826172e+00 -7.095455646514892578e+00 3.768462181091308594e+00
4.441722869873046875e+00 -6.971417427062988281e+00 3.849338293075561523e+00
4.369853496551513672e+00 -6.809125900268554688e+00 3.941782236099243164e+00
4.263188362121582031e+00 -6.574250221252441406e+00 4.069544792175292969e+00
4.137772560119628906e+00 -6.314116477966308594e+00 4.126208782196044922e+00
3.993032455444335938e+00 -6.016550540924072266e+00 4.155396461486816406e+00
3.833802223205566406e+00 -5.689008712768554688e+00 4.186100959777832031e+00
3.713260650634765625e+00 -5.343068122863769531e+00 4.272014141082763672e+00
3.625268936157226562e+00 -4.881559371948242188e+00 4.361373901367187500e+00
3.485218763351440430e+00 -4.276230812072753906e+00 4.376142978668212891e+00
3.255096912384033203e+00 -3.408886671066284180e+00 3.864694118499755859e+00
2.758979320526123047e+00 -2.230524063110351562e+00 1.197521805763244629e+00
2.695262908935546875e+00 -2.142889499664306641e+00 1.097371697425842285e+00
2.622572422027587891e+00 -2.082254648208618164e+00 1.180088162422180176e+00
2.580072879791259766e+00 -2.043542146682739258e+00 1.242398858070373535e+00
2.560340166091918945e+00 -2.017704486846923828e+00 1.272339463233947754e+00
2.540324687957763672e+00 -1.991887450218200684e+00 1.301000237464904785e+00
2.520150661468505859e+00 -1.966163992881774902e+00 1.327797532081604004e+00
2.499929666519165039e+00 -1.940586566925048828e+00 1.352174878120422363e+00
2.480051994323730469e+00 -1.916102647781372070e+00 1.374628663063049316e+00
2.462224721908569336e+00 -1.897785425186157227e+00 1.400304675102233887e+00
2.444457054138183594e+00 -1.879228472709655762e+00 1.421657919883728027e+00
2.424703121185302734e+00 -1.857399702072143555e+00 1.434543251991271973e+00
2.401968240737915039e+00 -1.826142072677612305e+00 1.423962712287902832e+00
2.383723258972167969e+00 -1.798054456710815430e+00 1.408280014991760254e+00
2.371877908706665039e+00 -1.772337436676025391e+00 1.380579352378845215e+00
2.348505020141601562e+00 -1.734058856964111328e+00 1.338363051414489746e+00
2.326515674591064453e+00 -1.697922587394714355e+00 1.295519709587097168e+00
2.309587717056274414e+00 -1.669162273406982422e+00 1.251081347465515137e+00
2.295871257781982422e+00 -1.645135045051574707e+00 1.205468773841857910e+00
2.282517433166503906e+00 -1.621770977973937988e+00 1.159351706504821777e+00
2.269463539123535156e+00 -1.598962664604187012e+00 1.112705588340759277e+00
2.256649017333984375e+00 -1.576602101325988770e+00 1.065507292747497559e+00
2.241941452026367188e+00 -1.551755905151367188e+00 1.019239783287048340e+00
2.225923299789428711e+00 -1.525189280509948730e+00 9.734241366386413574e-01
2.214419126510620117e+00 -1.503314971923828125e+00 9.355627894401550293e-01
2.209646701812744141e+00 -1.487973451614379883e+00 9.088911414146423340e-01
2.204576492309570312e+00 -1.472317576408386230e+00 8.810333609580993652e-01
2.199248552322387695e+00 -1.456349492073059082e+00 8.521828055381774902e-01
2.199898958206176758e+00 -1.441065192222595215e+00 8.190554976463317871e-01
2.201168537139892578e+00 -1.425659418106079102e+00 7.849976420402526855e-01
2.202243328094482422e+00 -1.410033702850341797e+00 7.507275938987731934e-01
2.203171253204345703e+00 -1.394222855567932129e+00 7.164453864097595215e-01
2.204712152481079102e+00 -1.379125475883483887e+00 6.823210120201110840e-01
2.207340002059936523e+00 -1.365303635597229004e+00 6.485089659690856934e-01
2.209981918334960938e+00 -1.351462960243225098e+00 6.151573061943054199e-01
2.212658166885375977e+00 -1.337634801864624023e+00 5.823850035667419434e-01
2.215381860733032227e+00 -1.323849678039550781e+00 5.502900481224060059e-01
2.218158721923828125e+00 -1.310138106346130371e+00 5.189570784568786621e-01
2.220989704132080078e+00 -1.296531796455383301e+00 4.884507060050964355e-01
2.223870038986206055e+00 -1.283064723014831543e+00 4.588283896446228027e-01
2.226792573928833008e+00 -1.269770264625549316e+00 4.301316142082214355e-01
2.232324123382568359e+00 -1.257899165153503418e+00 4.015352129936218262e-01
2.244153261184692383e+00 -1.249722599983215332e+00 3.713380694389343262e-01
2.256688356399536133e+00 -1.242832422256469727e+00 3.412682414054870605e-01
2.269193410873413086e+00 -1.236143231391906738e+00 3.123676180839538574e-01
2.281605958938598633e+00 -1.229683279991149902e+00 2.846683859825134277e-01
2.293864011764526367e+00 -1.223483681678771973e+00 2.582022547721862793e-01
2.305909633636474609e+00 -1.217577457427978516e+00 2.329982966184616089e-01
2.317832946777343750e+00 -1.212061047554016113e+00 2.094115465879440308e-01
2.329746723175048828e+00 -1.207039237022399902e+00 1.878344267606735229e-01
2.341268062591552734e+00 -1.202407479286193848e+00 1.675218790769577026e-01
2.352360248565673828e+00 -1.198204159736633301e+00 1.484955996274948120e-01
2.362991333007812500e+00 -1.194465517997741699e+00 1.307758539915084839e-01
2.373333454132080078e+00 -1.191008329391479492e+00 1.135622709989547729e-01
2.384192466735839844e+00 -1.186961531639099121e+00 9.346954524517059326e-02
2.394396066665649414e+00 -1.183615565299987793e+00 7.526247203350067139e-02
2.403934955596923828e+00 -1.180989623069763184e+00 5.893151462078094482e-02
2.413528442382812500e+00 -1.179660439491271973e+00 4.364268481731414795e-02
2.422363758087158203e+00 -1.178992271423339844e+00 3.026907145977020264e-02
2.430384159088134766e+00 -1.178930163383483887e+00 1.882641017436981201e-02
2.437600851058959961e+00 -1.179458737373352051e+00 9.242460131645202637e-03
2.444027900695800781e+00 -1.180552124977111816e+00 1.430436968803405762e-03
2.449683666229248047e+00 -1.182177782058715820e+00 -4.710748791694641113e-03
2.454590797424316406e+00 -1.184294342994689941e+00 -9.298875927925109863e-03
2.458774089813232422e+00 -1.186854481697082520e+00 -1.246006786823272705e-02
2.462261676788330078e+00 -1.189804196357727051e+00 -1.433284580707550049e-02
2.465209722518920898e+00 -1.193156361579895020e+00 -1.518829166889190674e-02
2.469423294067382812e+00 -1.197866082191467285e+00 -1.693733036518096924e-02
2.473152637481689453e+00 -1.202842593193054199e+00 -1.795919239521026611e-02
2.476626157760620117e+00 -1.208171248435974121e+00 -1.862271130084991455e-02
2.480136871337890625e+00 -1.213987469673156738e+00 -1.936371624469757080e-02
2.483278751373291016e+00 -1.219877362251281738e+00 -1.982815563678741455e-02
2.486069202423095703e+00 -1.225762248039245605e+00 -2.012546360492706299e-02
2.488527774810791016e+00 -1.231564879417419434e+00 -2.036006748676300049e-02
2.490677833557128906e+00 -1.237214207649230957e+00 -2.062495052814483643e-02
2.492545843124389648e+00 -1.242647409439086914e+00 -2.100260555744171143e-02
2.494161367416381836e+00 -1.247805953025817871e+00 -2.156956493854522705e-02
2.495558500289916992e+00 -1.252642512321472168e+00 -2.238710224628448486e-02
2.496773719787597656e+00 -1.257115602493286133e+00 -2.350981533527374268e-02
2.497849464416503906e+00 -1.261195182800292969e+00 -2.498181164264678955e-02
2.498828172683715820e+00 -1.264857053756713867e+00 -2.683718502521514893e-02
2.499756336212158203e+00 -1.268086791038513184e+00 -2.910239994525909424e-02
2.500681877136230469e+00 -1.270877599716186523e+00 -3.179533779621124268e-02
2.501652479171752930e+00 -1.273229479789733887e+00 -3.492744266986846924e-02
2.502716064453125000e+00 -1.275148391723632812e+00 -3.850086033344268799e-02
2.503919363021850586e+00 -1.276647210121154785e+00 -4.251535236835479736e-02
2.505306243896484375e+00 -1.277742743492126465e+00 -4.696162045001983643e-02
2.506915569305419922e+00 -1.278453826904296875e+00 -5.182678997516632080e-02
2.508782863616943359e+00 -1.278805375099182129e+00 -5.709202587604522705e-02
2.510936260223388672e+00 -1.278821945190429688e+00 -6.273229420185089111e-02
2.513396263122558594e+00 -1.278531432151794434e+00 -6.871850788593292236e-02
2.516176700592041016e+00 -1.277961611747741699e+00 -7.501418888568878174e-02
2.519281625747680664e+00 -1.277142882347106934e+00 -8.157618343830108643e-02
2.522705793380737305e+00 -1.276105284690856934e+00 -8.835704624652862549e-02
2.526434421539306641e+00 -1.274880170822143555e+00 -9.529979526996612549e-02
2.530442714691162109e+00 -1.273500323295593262e+00 -1.023407727479934692e-01
2.534697532653808594e+00 -1.272001504898071289e+00 -1.094084531068801880e-01
2.539154291152954102e+00 -1.270419716835021973e+00 -1.164236813783645630e-01
2.543762207031250000e+00 -1.268795132637023926e+00 -1.233018189668655396e-01
2.548460483551025391e+00 -1.267170667648315430e+00 -1.299505978822708130e-01
2.553182601928710938e+00 -1.265593886375427246e+00 -1.362713128328323364e-01
2.557855129241943359e+00 -1.264115571975708008e+00 -1.421621590852737427e-01
2.562399625778198242e+00 -1.262792944908142090e+00 -1.475168019533157349e-01
2.566733121871948242e+00 -1.261685490608215332e+00 -1.522296220064163208e-01
2.570770263671875000e+00 -1.260860323905944824e+00 -1.561947613954544067e-01
2.574423313140869141e+00 -1.260387301445007324e+00 -1.593087464570999146e-01
2.577604532241821289e+00 -1.260342121124267578e+00 -1.614728718996047974e-01
2.580225706100463867e+00 -1.260803341865539551e+00 -1.625993996858596802e-01
2.582200765609741211e+00 -1.261854290962219238e+00 -1.626046448945999146e-01
2.583445787429809570e+00 -1.263579130172729492e+00 -1.614204198122024536e-01
2.583880901336669922e+00 -1.266065239906311035e+00 -1.589904576539993286e-01
2.583430051803588867e+00 -1.269401192665100098e+00 -1.552716046571731567e-01
2.582023620605468750e+00 -1.273673653602600098e+00 -1.502397805452346802e-01
2.579597473144531250e+00 -1.278968453407287598e+00 -1.438859254121780396e-01
2.576095342636108398e+00 -1.285369515419006348e+00 -1.362179070711135864e-01
2.571468591690063477e+00 -1.292955994606018066e+00 -1.272617131471633911e-01
2.564024448394775391e+00 -1.298658013343811035e+00 -1.195033341646194458e-01
2.551991224288940430e+00 -1.299229979515075684e+00 -1.155770570039749146e-01
2.537981033325195312e+00 -1.299741506576538086e+00 -1.116660386323928833e-01
2.521949291229248047e+00 -1.300177693367004395e+00 -1.079111844301223755e-01
2.503867149353027344e+00 -1.300523161888122559e+00 -1.044617444276809692e-01
2.485081911087036133e+00 -1.299276947975158691e+00 -1.070583611726760864e-01
2.467205286026000977e+00 -1.297456860542297363e+00 -1.166666299104690552e-01
2.452807903289794922e+00 -1.298705458641052246e+00 -1.305282860994338989e-01
2.437377452850341797e+00 -1.300046801567077637e+00 -1.465516835451126099e-01
2.423475742340087891e+00 -1.302581429481506348e+00 -1.669903546571731567e-01
2.422600030899047852e+00 -1.311313271522521973e+00 -2.017634660005569458e-01
2.433174133300781250e+00 -1.330957770347595215e+00 -2.322293072938919067e-01
2.454355001449584961e+00 -1.361638188362121582e+00 -2.468279153108596802e-01
2.486254215240478516e+00 -1.403417468070983887e+00 -2.451771050691604614e-01
2.505406856536865234e+00 -1.425062894821166992e+00 -2.873070836067199707e-01
2.492937088012695312e+00 -1.396905660629272461e+00 -4.383073449134826660e-01
2.481674194335937500e+00 -1.378672599792480469e+00 -5.617712140083312988e-01
2.480727910995483398e+00 -1.370447516441345215e+00 -6.772814393043518066e-01
2.519573688507080078e+00 -1.357593655586242676e+00 -9.251490235328674316e-01
2.565252304077148438e+00 -1.350311040878295898e+00 -1.177108883857727051e+00
2.616292953491210938e+00 -1.391994714736938477e+00 -1.284740805625915527e+00
2.921761512756347656e+00 -2.062300682067871094e+00 1.263915747404098511e-01
3.873898983001708984e+00 -4.370687007904052734e+00 4.751384735107421875e+00
4.008086204528808594e+00 -5.100125312805175781e+00 4.719321250915527344e+00
4.094458103179931641e+00 -5.642773628234863281e+00 4.533830165863037109e+00
4.171685218811035156e+00 -6.063081741333007812e+00 4.361119270324707031e+00
4.310422897338867188e+00 -6.488125801086425781e+00 4.219363212585449219e+00
4.456166267395019531e+00 -6.871934413909912109e+00 4.021488189697265625e+00
4.616547584533691406e+00 -7.251627922058105469e+00 3.795001506805419922e+00
4.776418685913085938e+00 -7.612256050109863281e+00 3.587460279464721680e+00
4.932256221771240234e+00 -7.960762977600097656e+00 3.393225193023681641e+00
5.083959579467773438e+00 -8.296865463256835938e+00 3.213053941726684570e+00
5.234987258911132812e+00 -8.628361701965332031e+00 3.047603368759155273e+00
5.380192279815673828e+00 -8.943652153015136719e+00 2.897226572036743164e+00
5.519234657287597656e+00 -9.242033004760742188e+00 2.762200117111206055e+00
5.649608612060546875e+00 -9.520256042480468750e+00 2.653329849243164062e+00
5.769673347473144531e+00 -9.776218414306640625e+00 2.577360630035400391e+00
5.883183479309082031e+00 -1.001446437835693359e+01 2.515293359756469727e+00
5.990018844604492188e+00 -1.023489856719970703e+01 2.466826200485229492e+00
6.090099334716796875e+00 -1.043754673004150391e+01 2.431550264358520508e+00
6.184348583221435547e+00 -1.062209987640380859e+01 2.416521310806274414e+00
6.272390365600585938e+00 -1.078867530822753906e+01 2.419756889343261719e+00
6.353031158447265625e+00 -1.093760490417480469e+01 2.433906555175781250e+00
6.426541805267333984e+00 -1.106996059417724609e+01 2.455443382263183594e+00
6.492962837219238281e+00 -1.118605136871337891e+01 2.483850717544555664e+00
6.552325248718261719e+00 -1.128617000579833984e+01 2.518607854843139648e+00
6.604649543762207031e+00 -1.137058544158935547e+01 2.559200763702392578e+00
6.649927616119384766e+00 -1.143950557708740234e+01 2.605135917663574219e+00
6.688119888305664062e+00 -1.149306201934814453e+01 2.655947923660278320e+00
6.719152450561523438e+00 -1.153130912780761719e+01 2.711207628250122070e+00
6.742902278900146484e+00 -1.155418586730957031e+01 2.770526647567749023e+00
6.759199619293212891e+00 -1.156152534484863281e+01 2.833557844161987305e+00
6.769371032714843750e+00 -1.155237102508544922e+01 2.911971330642700195e+00
6.771945953369140625e+00 -1.152648448944091797e+01 2.998226881027221680e+00
6.767810344696044922e+00 -1.148634433746337891e+01 3.093021631240844727e+00
6.757355690002441406e+00 -1.143329715728759766e+01 3.193318367004394531e+00
6.738347053527832031e+00 -1.136245632171630859e+01 3.299023389816284180e+00
6.710409164428710938e+00 -1.127311229705810547e+01 3.410127401351928711e+00
6.673167228698730469e+00 -1.116453933715820312e+01 3.526665449142456055e+00
6.626255035400390625e+00 -1.103601551055908203e+01 3.648693084716796875e+00
6.569335937500000000e+00 -1.088685703277587891e+01 3.776282310485839844e+00
6.502110958099365234e+00 -1.071645641326904297e+01 3.909507989883422852e+00
6.424344062805175781e+00 -1.052432346343994141e+01 4.048415660858154297e+00
6.335868835449218750e+00 -1.031011104583740234e+01 4.193018436431884766e+00
6.236610889434814453e+00 -1.007366085052490234e+01 4.343274116516113281e+00
6.126602172851562500e+00 -9.815037727355957031e+00 4.499057769775390625e+00
6.005987644195556641e+00 -9.534550666809082031e+00 4.660168170928955078e+00
5.875046730041503906e+00 -9.232796669006347656e+00 4.826287746429443359e+00
5.720082283020019531e+00 -8.893625259399414062e+00 4.945916175842285156e+00
5.543066501617431641e+00 -8.528602600097656250e+00 4.968393802642822266e+00
5.353494644165039062e+00 -8.141812324523925781e+00 5.007694721221923828e+00
5.153128623962402344e+00 -7.736203670501708984e+00 5.060337543487548828e+00
4.945732593536376953e+00 -7.317288398742675781e+00 5.113962173461914062e+00
4.787249565124511719e+00 -6.885080814361572266e+00 5.217980384826660156e+00
4.672550201416015625e+00 -6.347262382507324219e+00 5.281966686248779297e+00
4.472124099731445312e+00 -5.605820655822753906e+00 5.255200386047363281e+00
4.253717422485351562e+00 -4.713690280914306641e+00 5.197988986968994141e+00
3.363878726959228516e+00 -2.425405502319335938e+00 4.186963438987731934e-01
3.247293949127197266e+00 -2.307642459869384766e+00 3.472847342491149902e-01
3.121742248535156250e+00 -2.195490598678588867e+00 3.323745131492614746e-01
3.041676044464111328e+00 -2.139043092727661133e+00 4.041296839714050293e-01
2.996628046035766602e+00 -2.107895374298095703e+00 4.770302176475524902e-01
2.952459335327148438e+00 -2.077574968338012695e+00 5.462796092033386230e-01
2.909485340118408203e+00 -2.048273324966430664e+00 6.111761927604675293e-01
2.868005037307739258e+00 -2.020177841186523438e+00 6.710874438285827637e-01
2.828312158584594727e+00 -1.993509888648986816e+00 7.254969477653503418e-01
2.792553901672363281e+00 -1.974323153495788574e+00 7.804684042930603027e-01
2.758800745010375977e+00 -1.956045269966125488e+00 8.281242251396179199e-01
2.727242946624755859e+00 -1.938778758049011230e+00 8.681241869926452637e-01
2.698351621627807617e+00 -1.922200441360473633e+00 8.978590369224548340e-01
2.672397613525390625e+00 -1.906227946281433105e+00 9.162039160728454590e-01
2.648394107818603516e+00 -1.892496824264526367e+00 9.318041205406188965e-01
2.626445770263671875e+00 -1.881074547767639160e+00 9.446529746055603027e-01
2.607396602630615234e+00 -1.870955348014831543e+00 9.488677382469177246e-01
2.591666221618652344e+00 -1.861678600311279297e+00 9.417735934257507324e-01
2.578786134719848633e+00 -1.853990912437438965e+00 9.275826811790466309e-01
2.571380138397216797e+00 -1.849846601486206055e+00 9.075989127159118652e-01
2.583046197891235352e+00 -1.859161019325256348e+00 8.867689967155456543e-01
2.598392963409423828e+00 -1.870445489883422852e+00 8.606988787651062012e-01
2.616490364074707031e+00 -1.882678151130676270e+00 8.297616839408874512e-01
2.636233568191528320e+00 -1.896743059158325195e+00 7.964496016502380371e-01
2.655328273773193359e+00 -1.911724448204040527e+00 7.627875208854675293e-01
2.677171707153320312e+00 -1.928849935531616211e+00 7.266308665275573730e-01
2.701506137847900391e+00 -1.947949767112731934e+00 6.884910464286804199e-01
2.728062152862548828e+00 -1.968836426734924316e+00 6.488627791404724121e-01
2.757597923278808594e+00 -1.992111563682556152e+00 6.080173850059509277e-01
2.842351436614990234e+00 -2.058375358581542969e+00 5.561577677726745605e-01
2.905024528503417969e+00 -2.142505645751953125e+00 6.551885008811950684e-01
2.968487262725830078e+00 -2.236394405364990234e+00 7.988469004631042480e-01
3.712015867233276367e+00 -4.067008018493652344e+00 4.688565731048583984e+00
3.839927911758422852e+00 -4.674898147583007812e+00 4.660285949707031250e+00
3.969370841979980469e+00 -5.233080863952636719e+00 4.654558658599853516e+00
4.059293270111083984e+00 -5.699398517608642578e+00 4.623662471771240234e+00
4.109503746032714844e+00 -6.004946708679199219e+00 4.491772651672363281e+00
4.216240882873535156e+00 -6.294610023498535156e+00 4.398491382598876953e+00
4.323849678039550781e+00 -6.559668540954589844e+00 4.303077697753906250e+00
4.430729866027832031e+00 -6.800333023071289062e+00 4.225915431976318359e+00
4.534255504608154297e+00 -7.020459175109863281e+00 4.138517856597900391e+00
4.635213851928710938e+00 -7.234876632690429688e+00 4.037134647369384766e+00
4.729871749877929688e+00 -7.433627605438232422e+00 3.949637651443481445e+00
4.818150520324707031e+00 -7.616677284240722656e+00 3.875618934631347656e+00
4.900061607360839844e+00 -7.784196376800537109e+00 3.814523696899414062e+00
4.975694656372070312e+00 -7.936536788940429688e+00 3.765675544738769531e+00
5.045209407806396484e+00 -8.074206352233886719e+00 3.728291034698486328e+00
5.108824253082275391e+00 -8.197844505310058594e+00 3.701508760452270508e+00
5.166803359985351562e+00 -8.308189392089843750e+00 3.684409856796264648e+00
5.219449520111083984e+00 -8.406058311462402344e+00 3.676041364669799805e+00
5.267084598541259766e+00 -8.492306709289550781e+00 3.675438404083251953e+00
5.310039997100830078e+00 -8.567807197570800781e+00 3.681640625000000000e+00
5.348650455474853516e+00 -8.633425712585449219e+00 3.693722248077392578e+00
5.383232116699218750e+00 -8.689984321594238281e+00 3.710797071456909180e+00
5.414078712463378906e+00 -8.738245010375976562e+00 3.732040882110595703e+00
5.441450119018554688e+00 -8.778883934020996094e+00 3.756706953048706055e+00
5.464537620544433594e+00 -8.811229705810546875e+00 3.789035558700561523e+00
5.484347343444824219e+00 -8.836755752563476562e+00 3.824421405792236328e+00
5.501328468322753906e+00 -8.856198310852050781e+00 3.860728740692138672e+00
5.515524864196777344e+00 -8.869729995727539062e+00 3.897600650787353516e+00
5.526913166046142578e+00 -8.877371788024902344e+00 3.934758186340332031e+00
5.535414695739746094e+00 -8.879014968872070312e+00 3.972020149230957031e+00
5.540880680084228516e+00 -8.874390602111816406e+00 4.009280681610107422e+00
5.543108463287353516e+00 -8.863103866577148438e+00 4.046518802642822266e+00
5.541839599609375000e+00 -8.844638824462890625e+00 4.083778381347656250e+00
5.536767959594726562e+00 -8.818366050720214844e+00 4.121177196502685547e+00
5.527547836303710938e+00 -8.783568382263183594e+00 4.158882617950439453e+00
5.513800144195556641e+00 -8.739462852478027344e+00 4.197107315063476562e+00
5.495128631591796875e+00 -8.685218811035156250e+00 4.236098289489746094e+00
5.471129417419433594e+00 -8.619991302490234375e+00 4.276126861572265625e+00
5.441401481628417969e+00 -8.542942047119140625e+00 4.317480564117431641e+00
5.403512954711914062e+00 -8.450781822204589844e+00 4.370264053344726562e+00
5.358775138854980469e+00 -8.344800949096679688e+00 4.426757335662841797e+00
5.306880950927734375e+00 -8.224363327026367188e+00 4.487195014953613281e+00
5.247558593750000000e+00 -8.088927268981933594e+00 4.551856994628906250e+00
5.180608272552490234e+00 -7.938096523284912109e+00 4.620969295501708984e+00
5.107516765594482422e+00 -7.775989055633544922e+00 4.685372829437255859e+00
5.029731750488281250e+00 -7.606565952301025391e+00 4.736556529998779297e+00
4.949126243591308594e+00 -7.410149574279785156e+00 4.800241947174072266e+00
4.867896080017089844e+00 -7.182977676391601562e+00 4.861922264099121094e+00
4.797576904296875000e+00 -6.917977333068847656e+00 4.906198024749755859e+00
4.751984119415283203e+00 -6.650067329406738281e+00 4.973313808441162109e+00
4.683942794799804688e+00 -6.322926521301269531e+00 5.025205135345458984e+00
4.609289169311523438e+00 -5.955924987792968750e+00 5.049502849578857422e+00
4.506667613983154297e+00 -5.474981307983398438e+00 5.049006938934326172e+00
4.400464534759521484e+00 -4.966789245605468750e+00 5.054386615753173828e+00
4.024748325347900391e+00 -3.862732648849487305e+00 3.480415821075439453e+00
2.941627502441406250e+00 -1.400075674057006836e+00 -2.137332201004028320e+00
2.878644943237304688e+00 -1.322006702423095703e+00 -2.176608085632324219e+00
2.817346096038818359e+00 -1.250368237495422363e+00 -2.198391437530517578e+00
2.772789478302001953e+00 -1.220715403556823730e+00 -2.119666576385498047e+00
2.722189903259277344e+00 -1.202627420425415039e+00 -1.985708832740783691e+00
2.669419765472412109e+00 -1.188944220542907715e+00 -1.831334233283996582e+00
2.632636785507202148e+00 -1.170073747634887695e+00 -1.745567202568054199e+00
2.603682279586791992e+00 -1.149718880653381348e+00 -1.691096425056457520e+00
2.573019981384277344e+00 -1.133607745170593262e+00 -1.621510148048400879e+00
2.543708324432373047e+00 -1.118621349334716797e+00 -1.553099274635314941e+00
2.512727737426757812e+00 -1.094386339187622070e+00 -1.505682349205017090e+00
2.495967388153076172e+00 -1.072061657905578613e+00 -1.485192656517028809e+00
2.483731031417846680e+00 -1.062129139900207520e+00 -1.435716509819030762e+00
2.474767684936523438e+00 -1.058797121047973633e+00 -1.373683810234069824e+00
2.466023445129394531e+00 -1.055598020553588867e+00 -1.313229680061340332e+00
2.457575082778930664e+00 -1.052502989768981934e+00 -1.254680514335632324e+00
2.452363491058349609e+00 -1.046342968940734863e+00 -1.210145831108093262e+00
2.449530124664306641e+00 -1.038106918334960938e+00 -1.176067709922790527e+00
2.446842670440673828e+00 -1.030286431312561035e+00 -1.143217444419860840e+00
2.454705715179443359e+00 -1.026598572731018066e+00 -1.124450802803039551e+00
2.466241359710693359e+00 -1.026363015174865723e+00 -1.107056498527526855e+00
2.477330207824707031e+00 -1.025949358940124512e+00 -1.091124653816223145e+00
2.487994194030761719e+00 -1.025404572486877441e+00 -1.076593041419982910e+00
2.498243331909179688e+00 -1.024782299995422363e+00 -1.063361525535583496e+00
2.508070230484008789e+00 -1.024141430854797363e+00 -1.051287293434143066e+00
2.518483400344848633e+00 -1.024376273155212402e+00 -1.041336417198181152e+00
2.529551982879638672e+00 -1.025635838508605957e+00 -1.033428788185119629e+00
2.540030956268310547e+00 -1.027067184448242188e+00 -1.025645852088928223e+00
2.551207304000854492e+00 -1.030329227447509766e+00 -1.014926075935363770e+00
2.561323404312133789e+00 -1.033624291419982910e+00 -1.004251599311828613e+00
2.572740793228149414e+00 -1.041732907295227051e+00 -9.852364659309387207e-01
2.582311868667602539e+00 -1.048891782760620117e+00 -9.676082730293273926e-01
2.589869737625122070e+00 -1.055062651634216309e+00 -9.512649178504943848e-01
2.595240116119384766e+00 -1.060193538665771484e+00 -9.361408352851867676e-01
2.598240852355957031e+00 -1.064217805862426758e+00 -9.222145676612854004e-01
2.598690748214721680e+00 -1.067057847976684570e+00 -9.095070958137512207e-01
2.596407413482666016e+00 -1.068620324134826660e+00 -8.980892300605773926e-01
2.591216087341308594e+00 -1.068804860115051270e+00 -8.880730271339416504e-01
2.584040164947509766e+00 -1.068593144416809082e+00 -8.777008652687072754e-01
2.574628114700317383e+00 -1.067767500877380371e+00 -8.673556447029113770e-01
2.562251567840576172e+00 -1.065607190132141113e+00 -8.583441376686096191e-01
2.546853780746459961e+00 -1.062080502510070801e+00 -8.507991433143615723e-01
2.532482147216796875e+00 -1.064971923828125000e+00 -8.314667344093322754e-01
2.515630722045898438e+00 -1.067544102668762207e+00 -8.120611310005187988e-01
2.496280193328857422e+00 -1.069692134857177734e+00 -7.929397225379943848e-01
2.475144386291503906e+00 -1.071878314018249512e+00 -7.752793431282043457e-01
2.455407381057739258e+00 -1.078066468238830566e+00 -7.578964829444885254e-01
2.436096191406250000e+00 -1.088358521461486816e+00 -7.365952134132385254e-01
2.415148973464965820e+00 -1.098770499229431152e+00 -7.166004776954650879e-01
2.392666816711425781e+00 -1.109202027320861816e+00 -6.983197331428527832e-01
2.372814655303955078e+00 -1.115118861198425293e+00 -6.988192200660705566e-01
2.364081382751464844e+00 -1.121635437011718750e+00 -7.222924828529357910e-01
2.374365329742431641e+00 -1.140818595886230469e+00 -7.522740960121154785e-01
2.385394573211669922e+00 -1.159999728202819824e+00 -7.875404953956604004e-01
2.397177934646606445e+00 -1.179055571556091309e+00 -8.281956315040588379e-01
2.413067579269409180e+00 -1.201445698738098145e+00 -8.747919201850891113e-01
2.424685239791870117e+00 -1.210045456886291504e+00 -9.494450688362121582e-01
2.434497833251953125e+00 -1.218539476394653320e+00 -1.022082209587097168e+00
2.441967010498046875e+00 -1.233449816703796387e+00 -1.071095108985900879e+00
2.467659950256347656e+00 -1.248387336730957031e+00 -1.179425835609436035e+00
2.505942344665527344e+00 -1.258510351181030273e+00 -1.343981623649597168e+00
2.549649715423583984e+00 -1.308690428733825684e+00 -1.393281340599060059e+00
2.588828086853027344e+00 -1.385938525199890137e+00 -1.338637948036193848e+00
3.732539653778076172e+00 -3.889081716537475586e+00 4.329664707183837891e+00
3.847489833831787109e+00 -4.536627292633056641e+00 4.664940834045410156e+00
3.967916727066040039e+00 -5.131452560424804688e+00 4.630605220794677734e+00
4.037642002105712891e+00 -5.539811134338378906e+00 4.481632232666015625e+00
4.074126243591308594e+00 -5.860305786132812500e+00 4.320565700531005859e+00
4.178647994995117188e+00 -6.216032028198242188e+00 4.220299720764160156e+00
4.308741569519042969e+00 -6.558767795562744141e+00 4.088612079620361328e+00
4.443204879760742188e+00 -6.897059440612792969e+00 3.911913871765136719e+00
4.580942153930664062e+00 -7.202068805694580078e+00 3.762750864028930664e+00
4.715166091918945312e+00 -7.489999771118164062e+00 3.627863168716430664e+00
4.843951225280761719e+00 -7.763836860656738281e+00 3.504513740539550781e+00
4.966832160949707031e+00 -8.022634506225585938e+00 3.393064975738525391e+00
5.083348274230957031e+00 -8.265484809875488281e+00 3.293835878372192383e+00
5.193042755126953125e+00 -8.491502761840820312e+00 3.207099199295043945e+00
5.295452594757080078e+00 -8.699812889099121094e+00 3.133089303970336914e+00
5.390119075775146484e+00 -8.889555931091308594e+00 3.072025299072265625e+00
5.476572036743164062e+00 -9.059868812561035156e+00 3.024101972579956055e+00
5.554338455200195312e+00 -9.209889411926269531e+00 2.989503860473632812e+00
5.619999885559082031e+00 -9.335172653198242188e+00 2.982526063919067383e+00
5.675377368927001953e+00 -9.437653541564941406e+00 2.992290973663330078e+00
5.721091270446777344e+00 -9.517809867858886719e+00 3.013671159744262695e+00
5.756705760955810547e+00 -9.574842453002929688e+00 3.046650648117065430e+00
5.781789779663085938e+00 -9.607964515686035156e+00 3.091203927993774414e+00
5.795935630798339844e+00 -9.616439819335937500e+00 3.147289514541625977e+00
5.798759460449218750e+00 -9.599578857421875000e+00 3.214833974838256836e+00
5.789916992187500000e+00 -9.556777000427246094e+00 3.293745517730712891e+00
5.769108772277832031e+00 -9.487524032592773438e+00 3.383886098861694336e+00
5.736096858978271484e+00 -9.391436576843261719e+00 3.485077857971191406e+00
5.690709590911865234e+00 -9.268275260925292969e+00 3.597084760665893555e+00
5.632858276367187500e+00 -9.117972373962402344e+00 3.719606399536132812e+00
5.562544822692871094e+00 -8.940654754638671875e+00 3.852277755737304688e+00
5.479875564575195312e+00 -8.736673355102539062e+00 3.994644165039062500e+00
5.383096218109130859e+00 -8.504211425781250000e+00 4.155620098114013672e+00
5.270681381225585938e+00 -8.241841316223144531e+00 4.343508243560791016e+00
5.153528213500976562e+00 -7.974304199218750000e+00 4.500231266021728516e+00
5.029875278472900391e+00 -7.696601867675781250e+00 4.638535022735595703e+00
4.895205020904541016e+00 -7.400971412658691406e+00 4.757402896881103516e+00
4.727875232696533203e+00 -7.051849842071533203e+00 4.809241771697998047e+00
4.569519996643066406e+00 -6.628331184387207031e+00 4.893464565277099609e+00
4.496375083923339844e+00 -6.188522338867187500e+00 4.991147518157958984e+00
4.333111763000488281e+00 -5.532346248626708984e+00 4.997614383697509766e+00
4.156496047973632812e+00 -4.769278526306152344e+00 5.015089035034179688e+00
3.275621414184570312e+00 -2.436296224594116211e+00 6.363481879234313965e-01
3.132227420806884766e+00 -2.249188661575317383e+00 4.085945487022399902e-01
3.008902549743652344e+00 -2.137972831726074219e+00 3.946797251701354980e-01
2.930109024047851562e+00 -2.081642866134643555e+00 4.663836359977722168e-01
2.878475427627563477e+00 -2.046265363693237305e+00 5.318376421928405762e-01
2.822399854660034180e+00 -2.003989458084106445e+00 5.940336585044860840e-01
2.767757892608642578e+00 -1.962387442588806152e+00 6.535448431968688965e-01
2.714776992797851562e+00 -1.923496842384338379e+00 7.117013335227966309e-01
2.662425041198730469e+00 -1.889708280563354492e+00 7.716216444969177246e-01
2.613318443298339844e+00 -1.857705473899841309e+00 8.267092108726501465e-01
2.567771434783935547e+00 -1.827654004096984863e+00 8.764585852622985840e-01
2.526925325393676758e+00 -1.799102544784545898e+00 9.169575572013854980e-01
2.494919776916503906e+00 -1.769700884819030762e+00 9.326185584068298340e-01
2.468126773834228516e+00 -1.742999434471130371e+00 9.440032839775085449e-01
2.447066068649291992e+00 -1.719192504882812500e+00 9.508046507835388184e-01
2.428252458572387695e+00 -1.697885632514953613e+00 9.554430842399597168e-01
2.411744594573974609e+00 -1.679211258888244629e+00 9.580211043357849121e-01
2.397583723068237305e+00 -1.663291931152343750e+00 9.586893916130065918e-01
2.386318922042846680e+00 -1.650388240814208984e+00 9.568523764610290527e-01
2.383376598358154297e+00 -1.642112135887145996e+00 9.445046782493591309e-01
2.381876945495605469e+00 -1.636633992195129395e+00 9.323787093162536621e-01
2.381837368011474609e+00 -1.634037494659423828e+00 9.207188487052917480e-01
2.383267879486083984e+00 -1.634387493133544922e+00 9.097680449485778809e-01
2.386174201965332031e+00 -1.637733936309814453e+00 8.997687697410583496e-01
2.390557765960693359e+00 -1.644107341766357422e+00 8.909530043601989746e-01
2.397363901138305664e+00 -1.652944326400756836e+00 8.797404170036315918e-01
2.411199569702148438e+00 -1.661468982696533203e+00 8.479298949241638184e-01
2.429160118103027344e+00 -1.674086451530456543e+00 8.150572180747985840e-01
2.457285881042480469e+00 -1.694991469383239746e+00 7.799374461174011230e-01
2.488031387329101562e+00 -1.719026446342468262e+00 7.449030280113220215e-01
2.521153211593627930e+00 -1.746032595634460449e+00 7.103473544120788574e-01
2.553605794906616211e+00 -1.772824645042419434e+00 6.778861880302429199e-01
2.582592248916625977e+00 -1.798827528953552246e+00 6.499196887016296387e-01
2.608170032501220703e+00 -1.825105190277099609e+00 6.269487738609313965e-01
2.634650707244873047e+00 -1.853163599967956543e+00 6.058594584465026855e-01
2.661849021911621094e+00 -1.882787585258483887e+00 5.867697596549987793e-01
2.689575433731079102e+00 -1.913743257522583008e+00 5.697590708732604980e-01
2.767800331115722656e+00 -1.984526753425598145e+00 5.444561839103698730e-01
2.846655368804931641e+00 -2.072699308395385742e+00 5.932120680809020996e-01
2.910879135131835938e+00 -2.176698446273803711e+00 7.663237452507019043e-01
3.631411790847778320e+00 -3.906565666198730469e+00 4.603249549865722656e+00
3.754313468933105469e+00 -4.505339622497558594e+00 4.580770015716552734e+00
3.878046989440917969e+00 -5.061656951904296875e+00 4.576119422912597656e+00
3.972967147827148438e+00 -5.530797004699707031e+00 4.573829174041748047e+00
4.007549285888671875e+00 -5.832788944244384766e+00 4.449142932891845703e+00
4.108440399169921875e+00 -6.115398406982421875e+00 4.356398105621337891e+00
4.213268280029296875e+00 -6.375501632690429688e+00 4.262682437896728516e+00
4.317020416259765625e+00 -6.614504814147949219e+00 4.184360027313232422e+00
4.417539596557617188e+00 -6.828128814697265625e+00 4.116411685943603516e+00
4.517716407775878906e+00 -7.041482925415039062e+00 4.016876220703125000e+00
4.613615512847900391e+00 -7.243799209594726562e+00 3.924757719039916992e+00
4.704485893249511719e+00 -7.433094978332519531e+00 3.844371795654296875e+00
4.790428638458251953e+00 -7.609693527221679688e+00 3.775258064270019531e+00
4.871589660644531250e+00 -7.774026870727539062e+00 3.716861009597778320e+00
4.948147773742675781e+00 -7.926624774932861328e+00 3.668537616729736328e+00
5.020312309265136719e+00 -8.068089485168457031e+00 3.629578590393066406e+00
5.088310241699218750e+00 -8.199077606201171875e+00 3.599229335784912109e+00
5.152379035949707031e+00 -8.320277214050292969e+00 3.576700687408447266e+00
5.212762355804443359e+00 -8.432393074035644531e+00 3.561197042465209961e+00
5.269697189331054688e+00 -8.536122322082519531e+00 3.551918983459472656e+00
5.323407173156738281e+00 -8.632130622863769531e+00 3.548093795776367188e+00
5.374098777770996094e+00 -8.721045494079589844e+00 3.548984289169311523e+00
5.421947956085205078e+00 -8.803423881530761719e+00 3.553901195526123047e+00
5.465823650360107422e+00 -8.878197669982910156e+00 3.568338632583618164e+00
5.506292343139648438e+00 -8.946312904357910156e+00 3.589510917663574219e+00
5.544365406036376953e+00 -9.009206771850585938e+00 3.612366199493408203e+00
5.580039978027343750e+00 -9.067023277282714844e+00 3.636552810668945312e+00
5.613258361816406250e+00 -9.119774818420410156e+00 3.661799192428588867e+00
5.643906116485595703e+00 -9.167341232299804688e+00 3.687928915023803711e+00
5.671806335449218750e+00 -9.209453582763671875e+00 3.714843034744262695e+00
5.696723937988281250e+00 -9.245703697204589844e+00 3.742543458938598633e+00
5.718358993530273438e+00 -9.275534629821777344e+00 3.771108627319335938e+00
5.736353397369384766e+00 -9.298256874084472656e+00 3.800690650939941406e+00
5.750294685363769531e+00 -9.313047409057617188e+00 3.831524848937988281e+00
5.759716033935546875e+00 -9.318963050842285156e+00 3.863900184631347656e+00
5.764107704162597656e+00 -9.314960479736328125e+00 3.898163557052612305e+00
5.762926101684570312e+00 -9.299910545349121094e+00 3.934701204299926758e+00
5.755599021911621094e+00 -9.272624969482421875e+00 3.973935365676879883e+00
5.741544246673583984e+00 -9.231881141662597656e+00 4.016302108764648438e+00
5.720175743103027344e+00 -9.176447868347167969e+00 4.062240123748779297e+00
5.690922737121582031e+00 -9.105121612548828125e+00 4.112180709838867188e+00
5.653244018554687500e+00 -9.016757011413574219e+00 4.166528701782226562e+00
5.606646060943603516e+00 -8.910302162170410156e+00 4.225659847259521484e+00
5.550695419311523438e+00 -8.784832954406738281e+00 4.289893627166748047e+00
5.457999706268310547e+00 -8.584616661071777344e+00 4.437837123870849609e+00
5.446300029754638672e+00 -8.546862602233886719e+00 4.475705623626708984e+00
5.429356575012207031e+00 -8.500140190124511719e+00 4.508576869964599609e+00
5.407102584838867188e+00 -8.444362640380859375e+00 4.535874843597412109e+00
5.378438949584960938e+00 -8.376633644104003906e+00 4.563072681427001953e+00
5.343183517456054688e+00 -8.296522140502929688e+00 4.590443134307861328e+00
5.301176071166992188e+00 -8.203625679016113281e+00 4.618292331695556641e+00
5.252281188964843750e+00 -8.097591400146484375e+00 4.646945476531982422e+00
5.196404933929443359e+00 -7.978140830993652344e+00 4.676739692687988281e+00
5.133499622344970703e+00 -7.845085620880126953e+00 4.708007335662841797e+00
5.063569068908691406e+00 -7.698345184326171875e+00 4.741069316864013672e+00
4.986676692962646484e+00 -7.537961959838867188e+00 4.776214599609375000e+00
4.903240680694580078e+00 -7.363325119018554688e+00 4.814331531524658203e+00
4.818578243255615234e+00 -7.160388946533203125e+00 4.866782665252685547e+00
4.734295845031738281e+00 -6.919660568237304688e+00 4.899468898773193359e+00
4.697389125823974609e+00 -6.686055183410644531e+00 4.954428195953369141e+00
4.625836372375488281e+00 -6.404329299926757812e+00 4.957047939300537109e+00
4.555265426635742188e+00 -6.090848922729492188e+00 4.974223136901855469e+00
4.456889152526855469e+00 -5.668323516845703125e+00 4.963229179382324219e+00
4.353543281555175781e+00 -5.215188026428222656e+00 4.954677104949951172e+00
4.247808456420898438e+00 -4.737819671630859375e+00 4.952450752258300781e+00
3.804937362670898438e+00 -3.490656137466430664e+00 2.845771551132202148e+00
2.864692687988281250e+00 -1.470638513565063477e+00 -1.701067090034484863e+00
2.804305553436279297e+00 -1.396337151527404785e+00 -1.738326668739318848e+00
2.743597507476806641e+00 -1.322392106056213379e+00 -1.773586869239807129e+00
2.683278799057006836e+00 -1.255741596221923828e+00 -1.782387852668762207e+00
2.631270647048950195e+00 -1.233367681503295898e+00 -1.662492871284484863e+00
2.581566572189331055e+00 -1.225884079933166504e+00 -1.501544594764709473e+00
2.553260803222656250e+00 -1.211675882339477539e+00 -1.432066321372985840e+00
2.525173187255859375e+00 -1.198234081268310547e+00 -1.361996054649353027e+00
2.495360136032104492e+00 -1.189290165901184082e+00 -1.276858448982238770e+00
2.466171741485595703e+00 -1.180612087249755859e+00 -1.193872570991516113e+00
2.435186147689819336e+00 -1.165501713752746582e+00 -1.124702095985412598e+00
2.404229402542114258e+00 -1.146299958229064941e+00 -1.067649006843566895e+00
2.386867046356201172e+00 -1.130049109458923340e+00 -1.034790635108947754e+00
2.372996330261230469e+00 -1.118075489997863770e+00 -9.987402558326721191e-01
2.363458633422851562e+00 -1.111365675926208496e+00 -9.583283066749572754e-01
2.353853464126586914e+00 -1.104474186897277832e+00 -9.207850098609924316e-01
2.344177007675170898e+00 -1.097366452217102051e+00 -8.861802220344543457e-01
2.334426879882812500e+00 -1.090016007423400879e+00 -8.545313477516174316e-01
2.324604988098144531e+00 -1.082409739494323730e+00 -8.257930874824523926e-01
2.317579507827758789e+00 -1.073082089424133301e+00 -8.085928559303283691e-01
2.313594818115234375e+00 -1.064321160316467285e+00 -7.979896664619445801e-01
2.310445785522460938e+00 -1.057693123817443848e+00 -7.861650586128234863e-01
2.306744337081909180e+00 -1.050606131553649902e+00 -7.762115597724914551e-01
2.302567005157470703e+00 -1.043120741844177246e+00 -7.679169774055480957e-01
2.297998905181884766e+00 -1.035310029983520508e+00 -7.610440850257873535e-01
2.293128252029418945e+00 -1.027255415916442871e+00 -7.553372979164123535e-01
2.288050651550292969e+00 -1.019047141075134277e+00 -7.505281567573547363e-01
2.288361072540283203e+00 -1.011840462684631348e+00 -7.552865147590637207e-01
2.288810253143310547e+00 -1.004707694053649902e+00 -7.606361508369445801e-01
2.289302110671997070e+00 -9.977180957794189453e-01 -7.659884095191955566e-01
2.289951801300048828e+00 -9.909797906875610352e-01 -7.711172699928283691e-01
2.290864467620849609e+00 -9.846037626266479492e-01 -7.758002877235412598e-01
2.292128086090087891e+00 -9.786940813064575195e-01 -7.798188328742980957e-01
2.293814897537231445e+00 -9.733504056930541992e-01 -7.829676270484924316e-01
2.295975446701049805e+00 -9.686619043350219727e-01 -7.850542664527893066e-01
2.299839973449707031e+00 -9.661183357238769531e-01 -7.834473252296447754e-01
2.304332971572875977e+00 -9.645165205001831055e-01 -7.802160382270812988e-01
2.309273481369018555e+00 -9.637194871902465820e-01 -7.755766510963439941e-01
2.314610242843627930e+00 -9.637540578842163086e-01 -7.694528698921203613e-01
2.320647239685058594e+00 -9.649379253387451172e-01 -7.622342705726623535e-01
2.327519893646240234e+00 -9.674507379531860352e-01 -7.541993260383605957e-01
2.334390163421630859e+00 -9.706889390945434570e-01 -7.446153759956359863e-01
2.341081142425537109e+00 -9.745780229568481445e-01 -7.335603833198547363e-01
2.347393512725830078e+00 -9.790204763412475586e-01 -7.211578488349914551e-01
2.353936910629272461e+00 -9.854851961135864258e-01 -7.048521637916564941e-01
2.359984159469604492e+00 -9.928880929946899414e-01 -6.864858269691467285e-01
2.364621400833129883e+00 -9.997910261154174805e-01 -6.685236096382141113e-01
2.367560386657714844e+00 -1.005948662757873535e+00 -6.513999104499816895e-01
2.368512630462646484e+00 -1.011105537414550781e+00 -6.355851292610168457e-01
2.367196321487426758e+00 -1.015002608299255371e+00 -6.215735077857971191e-01
2.363342046737670898e+00 -1.017379164695739746e+00 -6.098852753639221191e-01
2.356698036193847656e+00 -1.017980337142944336e+00 -6.010490059852600098e-01
2.348477602005004883e+00 -1.019321441650390625e+00 -5.908585190773010254e-01
2.340830087661743164e+00 -1.023497223854064941e+00 -5.769348740577697754e-01
2.333223819732666016e+00 -1.029148697853088379e+00 -5.640946030616760254e-01
2.323556423187255859e+00 -1.034183382987976074e+00 -5.533719658851623535e-01
2.311758518218994141e+00 -1.038467526435852051e+00 -5.451689362525939941e-01
2.297790050506591797e+00 -1.041878819465637207e+00 -5.398672223091125488e-01
2.281641721725463867e+00 -1.044308781623840332e+00 -5.378254055976867676e-01
2.263335943222045898e+00 -1.045666813850402832e+00 -5.393660664558410645e-01
2.242927551269531250e+00 -1.045880675315856934e+00 -5.447691082954406738e-01
2.225603580474853516e+00 -1.050338625907897949e+00 -5.519064068794250488e-01
2.222689867019653320e+00 -1.060933113098144531e+00 -5.797520279884338379e-01
2.226203441619873047e+00 -1.064080238342285156e+00 -6.399872899055480957e-01
2.237965106964111328e+00 -1.075254678726196289e+00 -6.979604363441467285e-01
2.257884025573730469e+00 -1.095128893852233887e+00 -7.533238530158996582e-01
2.278843402862548828e+00 -1.115239977836608887e+00 -8.137775063514709473e-01
2.300807237625122070e+00 -1.135526180267333984e+00 -8.790012001991271973e-01
2.323729991912841797e+00 -1.155927896499633789e+00 -9.485993981361389160e-01
2.340017557144165039e+00 -1.170277476310729980e+00 -1.019188284873962402e+00
2.354541301727294922e+00 -1.180232763290405273e+00 -1.098175406455993652e+00
2.396462440490722656e+00 -1.180575966835021973e+00 -1.296615719795227051e+00
2.437179565429687500e+00 -1.196073055267333984e+00 -1.443138480186462402e+00
2.484561443328857422e+00 -1.257294297218322754e+00 -1.452767491340637207e+00
3.267506599426269531e+00 -2.989382028579711914e+00 2.439227104187011719e+00
3.781775474548339844e+00 -4.283859252929687500e+00 4.628520965576171875e+00
3.914189338684082031e+00 -4.868303298950195312e+00 4.551416873931884766e+00
4.026422977447509766e+00 -5.341042518615722656e+00 4.459845066070556641e+00
4.087291240692138672e+00 -5.686740875244140625e+00 4.346451282501220703e+00
4.167657852172851562e+00 -6.029075622558593750e+00 4.257862567901611328e+00
4.290400028228759766e+00 -6.390745162963867188e+00 4.199458122253417969e+00
4.420114517211914062e+00 -6.717989921569824219e+00 4.084422111511230469e+00
4.546393871307373047e+00 -7.014541149139404297e+00 3.974293470382690430e+00
4.669986724853515625e+00 -7.279471397399902344e+00 3.889236927032470703e+00
4.788607597351074219e+00 -7.517273426055908203e+00 3.825078010559082031e+00
4.899118423461914062e+00 -7.735286235809326172e+00 3.775364398956298828e+00
5.001332283020019531e+00 -7.933314323425292969e+00 3.739666700363159180e+00
5.095161437988281250e+00 -8.111413002014160156e+00 3.717367887496948242e+00
5.180621147155761719e+00 -8.269879341125488281e+00 3.707684993743896484e+00
5.257825374603271484e+00 -8.409249305725097656e+00 3.709685564041137695e+00
5.326983451843261719e+00 -8.530266761779785156e+00 3.722314834594726562e+00
5.388393402099609375e+00 -8.633885383605957031e+00 3.744410991668701172e+00
5.442436218261718750e+00 -8.721228599548339844e+00 3.774731874465942383e+00
5.489563465118408203e+00 -8.793569564819335938e+00 3.811992645263671875e+00
5.530286788940429688e+00 -8.852302551269531250e+00 3.854874610900878906e+00
5.565167903900146484e+00 -8.898909568786621094e+00 3.902071475982666016e+00
5.594805240631103516e+00 -8.934928894042968750e+00 3.952297925949096680e+00
5.619813919067382812e+00 -8.961913108825683594e+00 4.004330158233642578e+00
5.640819549560546875e+00 -8.981405258178710938e+00 4.057020187377929688e+00
5.658434391021728516e+00 -8.994891166687011719e+00 4.109323501586914062e+00
5.673248291015625000e+00 -9.003770828247070312e+00 4.160317420959472656e+00
5.685812950134277344e+00 -9.009330749511718750e+00 4.209218502044677734e+00
5.696622848510742188e+00 -9.012701034545898438e+00 4.255396842956542969e+00
5.706110954284667969e+00 -9.014840126037597656e+00 4.298380374908447266e+00
5.714625835418701172e+00 -9.016502380371093750e+00 4.337871551513671875e+00
5.722431659698486328e+00 -9.018227577209472656e+00 4.373745441436767578e+00
5.729691505432128906e+00 -9.020308494567871094e+00 4.406048774719238281e+00
5.736467361450195312e+00 -9.022803306579589844e+00 4.434997081756591797e+00
5.742712020874023438e+00 -9.025518417358398438e+00 4.460964202880859375e+00
5.748269081115722656e+00 -9.028006553649902344e+00 4.484473705291748047e+00
5.752873420715332031e+00 -9.029582023620605469e+00 4.506188392639160156e+00
5.756154060363769531e+00 -9.029328346252441406e+00 4.526878833770751953e+00
5.757643222808837891e+00 -9.026118278503417969e+00 4.547426700592041016e+00
5.756784915924072266e+00 -9.018639564514160156e+00 4.568778514862060547e+00
5.752941608428955078e+00 -9.005415916442871094e+00 4.591944217681884766e+00
5.745417594909667969e+00 -8.984851837158203125e+00 4.617959022521972656e+00
5.733466625213623047e+00 -8.955265045166015625e+00 4.647863864898681641e+00
5.716954231262207031e+00 -8.916643142700195312e+00 4.679008960723876953e+00
5.696450233459472656e+00 -8.870913505554199219e+00 4.704541206359863281e+00
5.669599056243896484e+00 -8.812097549438476562e+00 4.734580039978027344e+00
5.635716915130615234e+00 -8.738739013671875000e+00 4.769660949707031250e+00
5.594169616699218750e+00 -8.649498939514160156e+00 4.810245513916015625e+00
5.544396877288818359e+00 -8.543208122253417969e+00 4.856706142425537109e+00
5.485925674438476562e+00 -8.418897628784179688e+00 4.909310817718505859e+00
5.418393135070800781e+00 -8.275838851928710938e+00 4.968229770660400391e+00
5.340566635131835938e+00 -8.116154670715332031e+00 5.005741119384765625e+00
5.252186775207519531e+00 -7.940090656280517578e+00 5.017382621765136719e+00
5.154292583465576172e+00 -7.745193481445312500e+00 5.030876636505126953e+00
5.035410404205322266e+00 -7.509305477142333984e+00 5.050313949584960938e+00
4.901395797729492188e+00 -7.228763580322265625e+00 5.076674938201904297e+00
4.817116260528564453e+00 -6.931951999664306641e+00 5.137527942657470703e+00
4.723564624786376953e+00 -6.534774780273437500e+00 5.161059379577636719e+00
4.576254367828369141e+00 -6.009046554565429688e+00 5.133854389190673828e+00
4.425500869750976562e+00 -5.457249641418457031e+00 5.111491203308105469e+00
4.275980949401855469e+00 -4.865965366363525391e+00 5.106669902801513672e+00
3.533109188079833984e+00 -2.878831863403320312e+00 1.538627028465270996e+00
3.239147901535034180e+00 -2.307808399200439453e+00 4.046086668968200684e-01
3.136132001876831055e+00 -2.217058658599853516e+00 3.907362818717956543e-01
3.033679962158203125e+00 -2.127187252044677734e+00 3.777462840080261230e-01
2.969565868377685547e+00 -2.078888654708862305e+00 4.017190337181091309e-01
2.919132232666015625e+00 -2.048374652862548828e+00 4.621054530143737793e-01
2.869901418685913086e+00 -2.018887281417846680e+00 5.210432410240173340e-01
2.822291135787963867e+00 -1.990696072578430176e+00 5.780052542686462402e-01
2.772655248641967773e+00 -1.958614945411682129e+00 6.315304636955261230e-01
2.725306510925292969e+00 -1.928182244300842285e+00 6.820856928825378418e-01
2.681300878524780273e+00 -1.900573134422302246e+00 7.294141650199890137e-01
2.640101671218872070e+00 -1.877432584762573242e+00 7.755293250083923340e-01
2.604868888854980469e+00 -1.857720494270324707e+00 8.121477961540222168e-01
2.575958967208862305e+00 -1.840943098068237305e+00 8.388640284538269043e-01
2.550289392471313477e+00 -1.827567696571350098e+00 8.648671507835388184e-01
2.528032064437866211e+00 -1.817703127861022949e+00 8.900212645530700684e-01
2.509320020675659180e+00 -1.811417102813720703e+00 9.142002463340759277e-01
2.494254112243652344e+00 -1.808742761611938477e+00 9.372941851615905762e-01
2.482896327972412109e+00 -1.809672832489013672e+00 9.591996073722839355e-01
2.477235794067382812e+00 -1.813969373703002930e+00 9.742528796195983887e-01
2.479629039764404297e+00 -1.821317553520202637e+00 9.756512045860290527e-01
2.486926078796386719e+00 -1.831912159919738770e+00 9.721683859825134277e-01
2.497732639312744141e+00 -1.847502708435058594e+00 9.672750830650329590e-01
2.514027833938598633e+00 -1.866994738578796387e+00 9.569320082664489746e-01
2.531803369522094727e+00 -1.884003758430480957e+00 9.391388297080993652e-01
2.551743030548095703e+00 -1.902948617935180664e+00 9.198030829429626465e-01
2.573641777038574219e+00 -1.923640489578247070e+00 8.991662859916687012e-01
2.597289562225341797e+00 -1.945880055427551270e+00 8.774639964103698730e-01
2.622467994689941406e+00 -1.969452738761901855e+00 8.549105525016784668e-01
2.664048671722412109e+00 -2.005864858627319336e+00 8.287639021873474121e-01
2.738717079162597656e+00 -2.069250345230102539e+00 8.019947409629821777e-01
2.806145668029785156e+00 -2.153576135635375977e+00 8.967127203941345215e-01
2.865704536437988281e+00 -2.240912437438964844e+00 1.034043908119201660e+00
3.607861518859863281e+00 -3.943783521652221680e+00 4.684428691864013672e+00
3.735521793365478516e+00 -4.483336448669433594e+00 4.679481506347656250e+00
3.867018699645996094e+00 -4.983700752258300781e+00 4.695151329040527344e+00
3.964187622070312500e+00 -5.434072017669677734e+00 4.647985935211181641e+00
4.025225639343261719e+00 -5.769426822662353516e+00 4.514343738555908203e+00
4.101842403411865234e+00 -6.044664859771728516e+00 4.423512458801269531e+00
4.211781024932861328e+00 -6.301397323608398438e+00 4.345914840698242188e+00
4.318154335021972656e+00 -6.546471118927001953e+00 4.277453899383544922e+00
4.420941352844238281e+00 -6.778110504150390625e+00 4.218994140625000000e+00
4.521656513214111328e+00 -6.979228019714355469e+00 4.173647403717041016e+00
4.616527557373046875e+00 -7.165304183959960938e+00 4.133934020996093750e+00
4.707744598388671875e+00 -7.342340469360351562e+00 4.096601963043212891e+00
4.797056198120117188e+00 -7.515258789062500000e+00 4.050685882568359375e+00
4.881003379821777344e+00 -7.674898147583007812e+00 4.015560626983642578e+00
4.959605216979980469e+00 -7.821490764617919922e+00 3.990640640258789062e+00
5.032911300659179688e+00 -7.955343246459960938e+00 3.975275754928588867e+00
5.100989818572998047e+00 -8.076811790466308594e+00 3.968782663345336914e+00
5.163909912109375000e+00 -8.186270713806152344e+00 3.970447063446044922e+00
5.221738338470458984e+00 -8.284090042114257812e+00 3.979556083679199219e+00
5.274518966674804688e+00 -8.370601654052734375e+00 3.995412349700927734e+00
5.322270393371582031e+00 -8.446084976196289062e+00 4.017344951629638672e+00
5.364972114562988281e+00 -8.510735511779785156e+00 4.044730663299560547e+00
5.402558326721191406e+00 -8.564658164978027344e+00 4.077003002166748047e+00
5.434915542602539062e+00 -8.607848167419433594e+00 4.113659858703613281e+00
5.461875915527343750e+00 -8.640183448791503906e+00 4.154270648956298828e+00
5.483217239379882812e+00 -8.661419868469238281e+00 4.198483943939208984e+00
5.498665809631347656e+00 -8.671196937561035156e+00 4.246031761169433594e+00
5.507898330688476562e+00 -8.669035911560058594e+00 4.296723365783691406e+00
5.510547637939453125e+00 -8.654357910156250000e+00 4.350451946258544922e+00
5.506212234497070312e+00 -8.626494407653808594e+00 4.407177448272705078e+00
5.494466781616210938e+00 -8.584711074829101562e+00 4.466928005218505859e+00
5.474871158599853516e+00 -8.528226852416992188e+00 4.529796123504638672e+00
5.448679924011230469e+00 -8.460812568664550781e+00 4.586137294769287109e+00
5.416508674621582031e+00 -8.384490013122558594e+00 4.630119323730468750e+00
5.375701904296875000e+00 -8.292403221130371094e+00 4.675029277801513672e+00
5.325929641723632812e+00 -8.183918952941894531e+00 4.721010684967041016e+00
5.266916275024414062e+00 -8.058499336242675781e+00 4.768222332000732422e+00
5.198460102081298828e+00 -7.915732383728027344e+00 4.816836833953857422e+00
5.120447158813476562e+00 -7.755357742309570312e+00 4.867026329040527344e+00
5.032858848571777344e+00 -7.577290058135986328e+00 4.918956279754638672e+00
4.934877872467041016e+00 -7.384000778198242188e+00 4.947420597076416016e+00
4.827258110046386719e+00 -7.170058727264404297e+00 4.944921493530273438e+00
4.712500572204589844e+00 -6.908260345458984375e+00 4.953871250152587891e+00
4.624584197998046875e+00 -6.609213829040527344e+00 4.985869884490966797e+00
4.533251762390136719e+00 -6.258515834808349609e+00 5.006063461303710938e+00
4.378207206726074219e+00 -5.757833003997802734e+00 4.965012073516845703e+00
4.212729454040527344e+00 -5.232030868530273438e+00 4.919045925140380859e+00
4.043393135070800781e+00 -4.683405876159667969e+00 4.876473903656005859e+00
3.514547824859619141e+00 -3.319378614425659180e+00 2.978458404541015625e+00
3.030713558197021484e+00 -2.273084163665771484e+00 7.217070460319519043e-01
2.916241645812988281e+00 -2.184419870376586914e+00 7.405518889427185059e-01
2.801278114318847656e+00 -2.095164060592651367e+00 7.590135931968688965e-01
2.720808982849121094e+00 -2.042222023010253906e+00 8.072642683982849121e-01
2.654307842254638672e+00 -2.006488800048828125e+00 8.956877589225769043e-01
2.607632398605346680e+00 -1.983275532722473145e+00 9.906122088432312012e-01
2.562896728515625000e+00 -1.960334181785583496e+00 1.080520033836364746e+00
2.525389432907104492e+00 -1.928589820861816406e+00 1.117186427116394043e+00
2.488780498504638672e+00 -1.897296071052551270e+00 1.151464819908142090e+00
2.453258514404296875e+00 -1.866522192955017090e+00 1.182899832725524902e+00
2.419197797775268555e+00 -1.836971521377563477e+00 1.211793541908264160e+00
2.388129711151123047e+00 -1.813009023666381836e+00 1.242577195167541504e+00
2.371812343597412109e+00 -1.792484879493713379e+00 1.247431635856628418e+00
2.359052896499633789e+00 -1.772280812263488770e+00 1.242788195610046387e+00
2.342670917510986328e+00 -1.748385787010192871e+00 1.232510447502136230e+00
2.329750537872314453e+00 -1.726589322090148926e+00 1.218293070793151855e+00
2.317114353179931641e+00 -1.704702019691467285e+00 1.200941681861877441e+00
2.301866531372070312e+00 -1.678869247436523438e+00 1.179810643196105957e+00
2.286280155181884766e+00 -1.652192473411560059e+00 1.155499577522277832e+00
2.270804405212402344e+00 -1.625323057174682617e+00 1.128205418586730957e+00
2.255363464355468750e+00 -1.598208785057067871e+00 1.098023533821105957e+00
2.239884376525878906e+00 -1.570802569389343262e+00 1.065070033073425293e+00
2.224294662475585938e+00 -1.543057918548583984e+00 1.029477238655090332e+00
2.208480119705200195e+00 -1.514869928359985352e+00 9.913167357444763184e-01
2.191777706146240234e+00 -1.485357880592346191e+00 9.497069716453552246e-01
2.175673484802246094e+00 -1.456673383712768555e+00 9.075166583061218262e-01
2.164580345153808594e+00 -1.433146119117736816e+00 8.737646937370300293e-01
2.162293434143066406e+00 -1.416930794715881348e+00 8.485600352287292480e-01
2.161311864852905273e+00 -1.401194572448730469e+00 8.206686377525329590e-01
2.159719944000244141e+00 -1.384872317314147949e+00 7.913042902946472168e-01
2.158844947814941406e+00 -1.369370341300964355e+00 7.619549632072448730e-01
2.158097505569458008e+00 -1.354115128517150879e+00 7.322925925254821777e-01
2.156673669815063477e+00 -1.338309168815612793e+00 7.017661929130554199e-01
2.154623270034790039e+00 -1.322034478187561035e+00 6.706134676933288574e-01
2.151998996734619141e+00 -1.305373549461364746e+00 6.390535235404968262e-01
2.148858547210693359e+00 -1.288411140441894531e+00 6.072909235954284668e-01
2.145656824111938477e+00 -1.271730422973632812e+00 5.757293105125427246e-01
2.143154144287109375e+00 -1.256292939186096191e+00 5.449168086051940918e-01
2.140329837799072266e+00 -1.240824580192565918e+00 5.144206881523132324e-01
2.137238264083862305e+00 -1.225397467613220215e+00 4.843732714653015137e-01
2.133927822113037109e+00 -1.210074424743652344e+00 4.548839926719665527e-01
2.130442619323730469e+00 -1.194912791252136230e+00 4.260484576225280762e-01
2.126821756362915039e+00 -1.179960608482360840e+00 3.979415297508239746e-01
2.123099803924560547e+00 -1.165259718894958496e+00 3.706216216087341309e-01
2.119305849075317383e+00 -1.150843262672424316e+00 3.441361784934997559e-01
2.115550994873046875e+00 -1.136855959892272949e+00 3.186666369438171387e-01
2.115568399429321289e+00 -1.126830935478210449e+00 2.963306307792663574e-01
2.120716333389282227e+00 -1.117795586585998535e+00 2.661082148551940918e-01
2.131432533264160156e+00 -1.108826041221618652e+00 2.262560576200485229e-01
2.142179250717163086e+00 -1.099890112876892090e+00 1.866370886564254761e-01
2.152686357498168945e+00 -1.091269373893737793e+00 1.483360975980758667e-01
2.162941932678222656e+00 -1.082958102226257324e+00 1.113676279783248901e-01
2.172933101654052734e+00 -1.074953436851501465e+00 7.575194537639617920e-02
2.182644844055175781e+00 -1.067249894142150879e+00 4.150907695293426514e-02
2.192062377929687500e+00 -1.059845924377441406e+00 8.666917681694030762e-03
2.201169252395629883e+00 -1.052739977836608887e+00 -2.274091541767120361e-02
2.209949493408203125e+00 -1.045933365821838379e+00 -5.267889797687530518e-02
2.219232082366943359e+00 -1.040152192115783691e+00 -8.190996944904327393e-02
2.228952407836914062e+00 -1.035306215286254883e+00 -1.092961579561233521e-01
2.240036725997924805e+00 -1.032090067863464355e+00 -1.334300786256790161e-01
2.250575065612792969e+00 -1.029079079627990723e+00 -1.558430939912796021e-01
2.260539293289184570e+00 -1.026278853416442871e+00 -1.764927655458450317e-01
2.269899368286132812e+00 -1.023694992065429688e+00 -1.953361779451370239e-01
2.278623342514038086e+00 -1.021335482597351074e+00 -2.123320847749710083e-01
2.286677360534667969e+00 -1.019207119941711426e+00 -2.274399548768997192e-01
2.294022560119628906e+00 -1.017315030097961426e+00 -2.406292706727981567e-01
2.300110340118408203e+00 -1.014697194099426270e+00 -2.526252865791320801e-01
2.306955814361572266e+00 -1.014457821846008301e+00 -2.602656483650207520e-01
2.313040256500244141e+00 -1.014602303504943848e+00 -2.658105492591857910e-01
2.317890167236328125e+00 -1.014487862586975098e+00 -2.698996663093566895e-01
2.321440219879150391e+00 -1.014113545417785645e+00 -2.725577950477600098e-01
2.323622703552246094e+00 -1.013478040695190430e+00 -2.738221287727355957e-01
2.325021982192993164e+00 -1.013637661933898926e+00 -2.737763524055480957e-01
2.324747562408447266e+00 -1.013276457786560059e+00 -2.724390625953674316e-01
2.322663784027099609e+00 -1.012297868728637695e+00 -2.698813080787658691e-01
2.318679094314575195e+00 -1.010678887367248535e+00 -2.661901116371154785e-01
2.312704086303710938e+00 -1.008400082588195801e+00 -2.614641785621643066e-01
2.304651021957397461e+00 -1.005442619323730469e+00 -2.558167576789855957e-01
2.294946670532226562e+00 -1.002353787422180176e+00 -2.495005875825881958e-01
2.285851240158081055e+00 -1.002085924148559570e+00 -2.431009560823440552e-01
2.277788877487182617e+00 -1.006174921989440918e+00 -2.321012765169143677e-01
2.269073486328125000e+00 -1.012087821960449219e+00 -2.191572934389114380e-01
2.259059190750122070e+00 -1.018853306770324707e+00 -2.053657323122024536e-01
2.244615554809570312e+00 -1.020580887794494629e+00 -1.954882889986038208e-01
2.228326320648193359e+00 -1.022231936454772949e+00 -1.858590394258499146e-01
2.210163354873657227e+00 -1.023774504661560059e+00 -1.766954213380813599e-01
2.190111637115478516e+00 -1.025178551673889160e+00 -1.682055741548538208e-01
2.168174266815185547e+00 -1.026420950889587402e+00 -1.605888158082962036e-01
2.149407863616943359e+00 -1.031303286552429199e+00 -1.498173028230667114e-01
2.129513025283813477e+00 -1.036520957946777344e+00 -1.396950036287307739e-01
2.116936206817626953e+00 -1.045791745185852051e+00 -1.376987248659133911e-01
2.111223697662353516e+00 -1.058870911598205566e+00 -1.435371190309524536e-01
2.105332851409912109e+00 -1.072537541389465332e+00 -1.513939648866653442e-01
2.099294662475585938e+00 -1.086755871772766113e+00 -1.613221913576126099e-01
2.098193645477294922e+00 -1.109349131584167480e+00 -1.663177758455276489e-01
2.126134395599365234e+00 -1.147312164306640625e+00 -1.716447621583938599e-01
2.155037403106689453e+00 -1.177669405937194824e+00 -2.097249776124954224e-01
2.178883552551269531e+00 -1.197620868682861328e+00 -2.803922295570373535e-01
2.203486680984497070e+00 -1.220290660858154297e+00 -3.467834591865539551e-01
2.229484081268310547e+00 -1.249728679656982422e+00 -3.961473107337951660e-01
2.252877712249755859e+00 -1.274407029151916504e+00 -4.579618573188781738e-01
2.256751298904418945e+00 -1.269314289093017578e+00 -5.765388607978820801e-01
2.260553836822509766e+00 -1.256172060966491699e+00 -7.281215786933898926e-01
2.315238714218139648e+00 -1.263765096664428711e+00 -9.192317128181457520e-01
2.371978998184204102e+00 -1.305486917495727539e+00 -1.011396288871765137e+00
3.278336763381958008e+00 -3.179798841476440430e+00 3.125936985015869141e+00
3.741738796234130859e+00 -4.272256374359130859e+00 4.508215904235839844e+00
3.875575065612792969e+00 -4.867486476898193359e+00 4.427587509155273438e+00
3.934206008911132812e+00 -5.265980720520019531e+00 4.289759635925292969e+00
3.962293148040771484e+00 -5.582959651947021484e+00 4.123878002166748047e+00
4.052311897277832031e+00 -5.930473327636718750e+00 4.014278888702392578e+00
4.156277656555175781e+00 -6.266190528869628906e+00 3.913344621658325195e+00
4.268091678619384766e+00 -6.562184333801269531e+00 3.749150276184082031e+00
4.379954338073730469e+00 -6.861701965332031250e+00 3.558694362640380859e+00
4.491198062896728516e+00 -7.132287979125976562e+00 3.389877080917358398e+00
4.604580879211425781e+00 -7.385903358459472656e+00 3.244169950485229492e+00
4.727558612823486328e+00 -7.646475315093994141e+00 3.126688480377197266e+00
4.844903945922851562e+00 -7.892558574676513672e+00 3.020889520645141602e+00
4.956561088562011719e+00 -8.124038696289062500e+00 2.926863908767700195e+00
5.062493324279785156e+00 -8.340872764587402344e+00 2.844616174697875977e+00
5.162680625915527344e+00 -8.543075561523437500e+00 2.774083137512207031e+00
5.257097721099853516e+00 -8.730669975280761719e+00 2.715145349502563477e+00
5.345709800720214844e+00 -8.903689384460449219e+00 2.667630910873413086e+00
5.427942276000976562e+00 -9.060868263244628906e+00 2.634705781936645508e+00
5.503923892974853516e+00 -9.202706336975097656e+00 2.614706277847290039e+00
5.571667671203613281e+00 -9.327303886413574219e+00 2.615640401840209961e+00
5.632081508636474609e+00 -9.435804367065429688e+00 2.632034063339233398e+00
5.686372280120849609e+00 -9.529682159423828125e+00 2.656719923019409180e+00
5.734272956848144531e+00 -9.608588218688964844e+00 2.689345836639404297e+00
5.775473117828369141e+00 -9.672079086303710938e+00 2.729568481445312500e+00
5.809605121612548828e+00 -9.719613075256347656e+00 2.777047634124755859e+00
5.836261749267578125e+00 -9.750563621520996094e+00 2.831463336944580078e+00
5.855000972747802734e+00 -9.764231681823730469e+00 2.892508745193481445e+00
5.865357875823974609e+00 -9.759870529174804688e+00 2.959894895553588867e+00
5.866851806640625000e+00 -9.736695289611816406e+00 3.033348321914672852e+00
5.859004497528076172e+00 -9.693924903869628906e+00 3.112600564956665039e+00
5.841354370117187500e+00 -9.630799293518066406e+00 3.197402238845825195e+00
5.813475608825683594e+00 -9.546623229980468750e+00 3.287500619888305664e+00
5.774468421936035156e+00 -9.439240455627441406e+00 3.386394023895263672e+00
5.724004745483398438e+00 -9.308123588562011719e+00 3.493931055068969727e+00
5.662240028381347656e+00 -9.154086112976074219e+00 3.607063055038452148e+00
5.589037895202636719e+00 -8.976985931396484375e+00 3.725484371185302734e+00
5.504382133483886719e+00 -8.776904106140136719e+00 3.848859310150146484e+00
5.408371448516845703e+00 -8.554153442382812500e+00 3.976800203323364258e+00
5.296504974365234375e+00 -8.303550720214843750e+00 4.131612300872802734e+00
5.172456741333007812e+00 -8.029955863952636719e+00 4.296952247619628906e+00
5.044773101806640625e+00 -7.754965782165527344e+00 4.426628589630126953e+00
4.912025451660156250e+00 -7.474309444427490234e+00 4.532112598419189453e+00
4.770414352416992188e+00 -7.177206039428710938e+00 4.639304637908935547e+00
4.597168922424316406e+00 -6.800693511962890625e+00 4.772527694702148438e+00
4.469972610473632812e+00 -6.405468940734863281e+00 4.853982925415039062e+00
4.372986316680908203e+00 -5.977377414703369141e+00 4.918990135192871094e+00
4.202860832214355469e+00 -5.343286991119384766e+00 4.906353473663330078e+00
4.011830806732177734e+00 -4.681068420410156250e+00 4.876195430755615234e+00
3.451752185821533203e+00 -3.339538812637329102e+00 3.138699293136596680e+00
2.921121358871459961e+00 -2.220762014389038086e+00 7.752980589866638184e-01
2.795820713043212891e+00 -2.119385004043579102e+00 7.834641337394714355e-01
2.688713550567626953e+00 -2.035161733627319336e+00 8.064929842948913574e-01
2.618075370788574219e+00 -1.990086436271667480e+00 8.728057742118835449e-01
2.550062894821166992e+00 -1.950096964836120605e+00 9.592978358268737793e-01
2.503749132156372070e+00 -1.925196528434753418e+00 1.047825694084167480e+00
2.459116220474243164e+00 -1.900652289390563965e+00 1.130779385566711426e+00
2.415531158447265625e+00 -1.875808715820312500e+00 1.206978440284729004e+00
2.373160362243652344e+00 -1.850606679916381836e+00 1.275620102882385254e+00
2.334971904754638672e+00 -1.821185946464538574e+00 1.314272642135620117e+00
2.304932117462158203e+00 -1.797301888465881348e+00 1.338866591453552246e+00
2.283915519714355469e+00 -1.772060871124267578e+00 1.335075616836547852e+00
2.263382911682128906e+00 -1.746348977088928223e+00 1.325793027877807617e+00
2.242624044418334961e+00 -1.719984650611877441e+00 1.312134861946105957e+00
2.221608638763427734e+00 -1.692918062210083008e+00 1.294073343276977539e+00
2.200312137603759766e+00 -1.665113568305969238e+00 1.271641731262207031e+00
2.178714752197265625e+00 -1.636549949645996094e+00 1.244933962821960449e+00
2.156804084777832031e+00 -1.607221841812133789e+00 1.214099168777465820e+00
2.134575366973876953e+00 -1.577140450477600098e+00 1.179340004920959473e+00
2.109691143035888672e+00 -1.543183207511901855e+00 1.140351176261901855e+00
2.088227272033691406e+00 -1.510231733322143555e+00 1.099338412284851074e+00
2.071718215942382812e+00 -1.480475544929504395e+00 1.056971430778503418e+00
2.055024623870849609e+00 -1.450243949890136719e+00 1.011913180351257324e+00
2.038116693496704102e+00 -1.419581651687622070e+00 9.645189642906188965e-01
2.020978689193725586e+00 -1.388545989990234375e+00 9.151508212089538574e-01
2.003610134124755859e+00 -1.357212305068969727e+00 8.641909956932067871e-01
1.987561464309692383e+00 -1.327250003814697266e+00 8.138353228569030762e-01
1.972991466522216797e+00 -1.298892855644226074e+00 7.646176218986511230e-01
1.958172559738159180e+00 -1.270429491996765137e+00 7.148215174674987793e-01
1.943188786506652832e+00 -1.242008805274963379e+00 6.648432612419128418e-01
1.928129315376281738e+00 -1.213781595230102539e+00 6.150633692741394043e-01
1.913085937500000000e+00 -1.185894846916198730e+00 5.658287405967712402e-01
1.905015945434570312e+00 -1.165513157844543457e+00 5.308725237846374512e-01
1.897564172744750977e+00 -1.146177887916564941e+00 4.978918433189392090e-01
1.890229105949401855e+00 -1.127411365509033203e+00 4.659921526908874512e-01
1.884093999862670898e+00 -1.110588908195495605e+00 4.358918070793151855e-01
1.878881573677062988e+00 -1.095373749732971191e+00 4.075426459312438965e-01
1.876876473426818848e+00 -1.079599976539611816e+00 3.715011477470397949e-01
1.877154111862182617e+00 -1.062469840049743652e+00 3.287619948387145996e-01
1.878635048866271973e+00 -1.048657774925231934e+00 2.922284007072448730e-01
1.881343483924865723e+00 -1.038166880607604980e+00 2.618648409843444824e-01
1.884010434150695801e+00 -1.028475403785705566e+00 2.335924357175827026e-01
1.886661171913146973e+00 -1.019577622413635254e+00 2.073446959257125854e-01
1.889318943023681641e+00 -1.011457681655883789e+00 1.830302923917770386e-01
1.892002820968627930e+00 -1.004091978073120117e+00 1.605445593595504761e-01
1.894729614257812500e+00 -9.974516630172729492e-01 1.397735327482223511e-01
1.897510766983032227e+00 -9.914976358413696289e-01 1.205922812223434448e-01
1.900354981422424316e+00 -9.861892461776733398e-01 1.028730124235153198e-01
1.903264760971069336e+00 -9.814773797988891602e-01 8.648650348186492920e-02
1.906490564346313477e+00 -9.775024652481079102e-01 7.151524722576141357e-02
1.911379814147949219e+00 -9.752370119094848633e-01 5.896870791912078857e-02
1.919639110565185547e+00 -9.748896360397338867e-01 4.451863467693328857e-02
1.927965760231018066e+00 -9.749180078506469727e-01 3.078477084636688232e-02
1.936104297637939453e+00 -9.751573801040649414e-01 1.785318553447723389e-02
1.944036483764648438e+00 -9.755543470382690430e-01 5.624458193778991699e-03
1.951740622520446777e+00 -9.760571718215942383e-01 -5.987480282783508301e-03
1.959194421768188477e+00 -9.766198396682739258e-01 -1.705439388751983643e-02
1.966372251510620117e+00 -9.771975278854370117e-01 -2.763326466083526611e-02
1.973247170448303223e+00 -9.777536392211914062e-01 -3.776343166828155518e-02
1.979789972305297852e+00 -9.782553911209106445e-01 -4.746849834918975830e-02
1.985969901084899902e+00 -9.786740541458129883e-01 -5.675823986530303955e-02
1.991756200790405273e+00 -9.789886474609375000e-01 -6.562550365924835205e-02
1.997115492820739746e+00 -9.791818857192993164e-01 -7.405073940753936768e-02
2.002015113830566406e+00 -9.792416095733642578e-01 -8.200414478778839111e-02
2.006422996520996094e+00 -9.791628122329711914e-01 -8.943946659564971924e-02
2.010305404663085938e+00 -9.789432287216186523e-01 -9.630616009235382080e-02
2.013632059097290039e+00 -9.785842895507812500e-01 -1.025474816560745239e-01
2.016372680664062500e+00 -9.780939817428588867e-01 -1.080983430147171021e-01
2.018499135971069336e+00 -9.774807691574096680e-01 -1.128946095705032349e-01
2.019986152648925781e+00 -9.767566919326782227e-01 -1.168735772371292114e-01
2.020811557769775391e+00 -9.759354591369628906e-01 -1.199737340211868286e-01
2.020956516265869141e+00 -9.750305414199829102e-01 -1.221423894166946411e-01
2.020405769348144531e+00 -9.740575551986694336e-01 -1.233349591493606567e-01
2.019149780273437500e+00 -9.730292558670043945e-01 -1.235180646181106567e-01
2.017182826995849609e+00 -9.719583988189697266e-01 -1.226738244295120239e-01
2.014504432678222656e+00 -9.708544015884399414e-01 -1.208017617464065552e-01
2.011121988296508789e+00 -9.697247743606567383e-01 -1.179197579622268677e-01
2.007045984268188477e+00 -9.685734510421752930e-01 -1.140652447938919067e-01
2.002294778823852539e+00 -9.673994779586791992e-01 -1.092985421419143677e-01
1.996892929077148438e+00 -9.662009477615356445e-01 -1.036985665559768677e-01
1.990871071815490723e+00 -9.649692773818969727e-01 -9.736974537372589111e-02
1.984265804290771484e+00 -9.636923074722290039e-01 -9.043510258197784424e-02
1.977119684219360352e+00 -9.623553752899169922e-01 -8.303745090961456299e-02
1.969481229782104492e+00 -9.609383344650268555e-01 -7.534153759479522705e-02
1.961402773857116699e+00 -9.594184160232543945e-01 -6.752450764179229736e-02
1.952942132949829102e+00 -9.577711820602416992e-01 -5.977757275104522705e-02
1.944159626960754395e+00 -9.559670686721801758e-01 -5.230458080768585205e-02
1.935119152069091797e+00 -9.539781808853149414e-01 -4.531462490558624268e-02
1.925885319709777832e+00 -9.517728090286254883e-01 -3.902085125446319580e-02
1.920321226119995117e+00 -9.510324001312255859e-01 -3.680284321308135986e-02
1.916062712669372559e+00 -9.506305456161499023e-01 -3.684146702289581299e-02
1.911860585212707520e+00 -9.499436616897583008e-01 -3.824122250080108643e-02
1.907735705375671387e+00 -9.489254951477050781e-01 -4.115398228168487549e-02
1.903705835342407227e+00 -9.475302696228027344e-01 -4.571659862995147705e-02
1.899784803390502930e+00 -9.457176923751831055e-01 -5.204375088214874268e-02
1.895983457565307617e+00 -9.434502124786376953e-01 -6.022746860980987549e-02
1.892307281494140625e+00 -9.406963586807250977e-01 -7.033403217792510986e-02
1.888759374618530273e+00 -9.374310374259948730e-01 -8.240158855915069580e-02
1.885338425636291504e+00 -9.336346387863159180e-01 -9.644015133380889893e-02
1.882042050361633301e+00 -9.292987585067749023e-01 -1.124261170625686646e-01
1.877299070358276367e+00 -9.150802493095397949e-01 -1.554678231477737427e-01
1.871956110000610352e+00 -8.960900902748107910e-01 -2.117341309785842896e-01
1.866575598716735840e+00 -8.757537603378295898e-01 -2.719286084175109863e-01
1.861111640930175781e+00 -8.493753075599670410e-01 -3.558259606361389160e-01
1.855580091476440430e+00 -8.177709579467773438e-01 -4.601474404335021973e-01
1.850041627883911133e+00 -7.857119441032409668e-01 -5.650842785835266113e-01
1.844509959220886230e+00 -7.534301877021789551e-01 -6.698597073554992676e-01
1.839003086090087891e+00 -7.211646437644958496e-01 -7.736957669258117676e-01
1.833539724349975586e+00 -6.891551613807678223e-01 -8.758271336555480957e-01
1.828143119812011719e+00 -6.576403379440307617e-01 -9.755161404609680176e-01
1.822838783264160156e+00 -6.268522143363952637e-01 -1.072061419486999512e+00
1.817654371261596680e+00 -5.970143675804138184e-01 -1.164810538291931152e+00
1.812619447708129883e+00 -5.683357119560241699e-01 -1.253172039985656738e+00
1.807765722274780273e+00 -5.410096645355224609e-01 -1.336623311042785645e+00
1.803124427795410156e+00 -5.152092576026916504e-01 -1.414714455604553223e+00
1.797394752502441406e+00 -4.964813888072967529e-01 -1.465623736381530762e+00
1.790070533752441406e+00 -4.871257245540618896e-01 -1.480423808097839355e+00
1.783279657363891602e+00 -4.787732660770416260e-01 -1.492622971534729004e+00
1.777065038681030273e+00 -4.714485108852386475e-01 -1.502320885658264160e+00
1.771462917327880859e+00 -4.651622474193572998e-01 -1.509645819664001465e+00
1.766503930091857910e+00 -4.599143564701080322e-01 -1.514751791954040527e+00
1.762210845947265625e+00 -4.556922018527984619e-01 -1.517810702323913574e+00
1.758598804473876953e+00 -4.524725377559661865e-01 -1.519014239311218262e+00
1.755675554275512695e+00 -4.502204358577728271e-01 -1.518564343452453613e+00
1.753439903259277344e+00 -4.488911330699920654e-01 -1.516674637794494629e+00
1.751882791519165039e+00 -4.484314024448394775e-01 -1.513558983802795410e+00
1.750986218452453613e+00 -4.487781226634979248e-01 -1.509436011314392090e+00
1.750725150108337402e+00 -4.498626887798309326e-01 -1.504521250724792480e+00
1.751066446304321289e+00 -4.516098797321319580e-01 -1.499023318290710449e+00
1.751968145370483398e+00 -4.539371430873870850e-01 -1.493145346641540527e+00
1.753383517265319824e+00 -4.567609727382659912e-01 -1.487078785896301270e+00
1.755257606506347656e+00 -4.599919617176055908e-01 -1.481002449989318848e+00
1.757530689239501953e+00 -4.635408222675323486e-01 -1.475080847740173340e+00
1.760138034820556641e+00 -4.673167765140533447e-01 -1.469461321830749512e+00
1.763010382652282715e+00 -4.712288081645965576e-01 -1.464275956153869629e+00
1.766075372695922852e+00 -4.751881062984466553e-01 -1.459635615348815918e+00
1.769257307052612305e+00 -4.791081845760345459e-01 -1.455634713172912598e+00
1.772480964660644531e+00 -4.829068481922149658e-01 -1.452344775199890137e+00
1.775668382644653320e+00 -4.865057170391082764e-01 -1.449817776679992676e+00
1.778743743896484375e+00 -4.898334443569183350e-01 -1.448085665702819824e+00
1.781631946563720703e+00 -4.928242266178131104e-01 -1.447160363197326660e+00
1.784260988235473633e+00 -4.954206049442291260e-01 -1.447034001350402832e+00
1.786561489105224609e+00 -4.975722134113311768e-01 -1.447679400444030762e+00
1.788469672203063965e+00 -4.992382228374481201e-01 -1.449054598808288574e+00
1.789927124977111816e+00 -5.003879666328430176e-01 -1.451097130775451660e+00
1.790881633758544922e+00 -5.009979009628295898e-01 -1.453735947608947754e+00
1.791288256645202637e+00 -5.010561347007751465e-01 -1.456882596015930176e+00
1.791110277175903320e+00 -5.005596876144409180e-01 -1.460442185401916504e+00
1.790320277214050293e+00 -4.995155036449432373e-01 -1.464309096336364746e+00
1.788898706436157227e+00 -4.979399144649505615e-01 -1.468371510505676270e+00
1.786836266517639160e+00 -4.958578050136566162e-01 -1.472513318061828613e+00
1.784134030342102051e+00 -4.933032691478729248e-01 -1.476616263389587402e+00
1.780801892280578613e+00 -4.903188049793243408e-01 -1.480561137199401855e+00
1.776860356330871582e+00 -4.869521558284759521e-01 -1.484232306480407715e+00
1.772338867187500000e+00 -4.832598268985748291e-01 -1.487514376640319824e+00
1.767275452613830566e+00 -4.793007075786590576e-01 -1.490301251411437988e+00
1.761717081069946289e+00 -4.751389324665069580e-01 -1.492493271827697754e+00
1.755717515945434570e+00 -4.708404242992401123e-01 -1.494000554084777832e+00
1.749337196350097656e+00 -4.664728343486785889e-01 -1.494742274284362793e+00
1.742640376091003418e+00 -4.621020257472991943e-01 -1.494653582572937012e+00
1.735697269439697266e+00 -4.577936828136444092e-01 -1.493682503700256348e+00
1.728579521179199219e+00 -4.536090791225433350e-01 -1.491794705390930176e+00
1.721359491348266602e+00 -4.496037662029266357e-01 -1.488972306251525879e+00
1.714625120162963867e+00 -4.467623531818389893e-01 -1.484057068824768066e+00
1.708066225051879883e+00 -4.441561996936798096e-01 -1.479115128517150879e+00
1.701575040817260742e+00 -4.396091997623443604e-01 -1.482614159584045410e+00
1.695236921310424805e+00 -4.352588951587677002e-01 -1.485759139060974121e+00
1.689110755920410156e+00 -4.311339557170867920e-01 -1.488569378852844238e+00
1.683248758316040039e+00 -4.272556006908416748e-01 -1.491073250770568848e+00
1.677697420120239258e+00 -4.236370623111724854e-01 -1.493311524391174316e+00
1.672495841979980469e+00 -4.202828109264373779e-01 -1.495335936546325684e+00
1.667675495147705078e+00 -4.171905219554901123e-01 -1.497204661369323730e+00
1.663259148597717285e+00 -4.143499433994293213e-01 -1.498982071876525879e+00
1.659375667572021484e+00 -4.118854105472564697e-01 -1.500501513481140137e+00
1.655938982963562012e+00 -4.096589982509613037e-01 -1.502028346061706543e+00
1.652910470962524414e+00 -4.075964391231536865e-01 -1.503710508346557617e+00
1.650276303291320801e+00 -4.056600034236907959e-01 -1.505627989768981934e+00
1.648013591766357422e+00 -4.038080275058746338e-01 -1.507856249809265137e+00
1.646093726158142090e+00 -4.019967019557952881e-01 -1.510467171669006348e+00
1.644479393959045410e+00 -4.001801908016204834e-01 -1.513525009155273438e+00
1.643130302429199219e+00 -3.983139693737030029e-01 -1.517084121704101562e+00
1.641999959945678711e+00 -3.963553011417388916e-01 -1.521186590194702148e+00
1.641039252281188965e+00 -3.942628800868988037e-01 -1.525863528251647949e+00
1.640197277069091797e+00 -3.920011222362518311e-01 -1.531131148338317871e+00
1.639422178268432617e+00 -3.895383775234222412e-01 -1.536991953849792480e+00
1.638663530349731445e+00 -3.868500888347625732e-01 -1.543432235717773438e+00
1.637931942939758301e+00 -3.839932382106781006e-01 -1.550296425819396973e+00
1.637325286865234375e+00 -3.811359703540802002e-01 -1.557241916656494141e+00
1.636637210845947266e+00 -3.780708611011505127e-01 -1.564553618431091309e+00
1.635828495025634766e+00 -3.748008906841278076e-01 -1.572162389755249023e+00
1.634864568710327148e+00 -3.713349401950836182e-01 -1.579991817474365234e+00
1.633717060089111328e+00 -3.676891028881072998e-01 -1.587955951690673828e+00
1.632363557815551758e+00 -3.638855516910552979e-01 -1.595963001251220703e+00
1.630788087844848633e+00 -3.599511086940765381e-01 -1.603917360305786133e+00
1.628981590270996094e+00 -3.559195101261138916e-01 -1.611721992492675781e+00
1.626941919326782227e+00 -3.518260419368743896e-01 -1.619280576705932617e+00
1.624673843383789062e+00 -3.477109372615814209e-01 -1.626498460769653320e+00
1.622188210487365723e+00 -3.436158597469329834e-01 -1.633288145065307617e+00
1.619503259658813477e+00 -3.395839035511016846e-01 -1.639569520950317383e+00
1.616642117500305176e+00 -3.356581628322601318e-01 -1.645270705223083496e+00
1.613633036613464355e+00 -3.318806588649749756e-01 -1.650332808494567871e+00
1.610510349273681641e+00 -3.282923400402069092e-01 -1.654709577560424805e+00
1.607310056686401367e+00 -3.249308764934539795e-01 -1.658368706703186035e+00
1.604073166847229004e+00 -3.218310773372650146e-01 -1.661289572715759277e+00
1.600842118263244629e+00 -3.190229833126068115e-01 -1.663472414016723633e+00
1.597660779953002930e+00 -3.165327608585357666e-01 -1.664927482604980469e+00
1.594573259353637695e+00 -3.143818080425262451e-01 -1.665679574012756348e+00
1.591624498367309570e+00 -3.125852644443511963e-01 -1.665770530700683594e+00
1.588856697082519531e+00 -3.111539185047149658e-01 -1.665249824523925781e+00
1.586311936378479004e+00 -3.100931942462921143e-01 -1.664181828498840332e+00
1.584027528762817383e+00 -3.094032108783721924e-01 -1.662636399269104004e+00
1.582038879394531250e+00 -3.090789616107940674e-01 -1.660691499710083008e+00
1.580377101898193359e+00 -3.091105520725250244e-01 -1.658432602882385254e+00
1.579067468643188477e+00 -3.094854652881622314e-01 -1.655942320823669434e+00
1.578130960464477539e+00 -3.101851642131805420e-01 -1.653309106826782227e+00
1.577582836151123047e+00 -3.111902177333831787e-01 -1.650616168975830078e+00
1.577431678771972656e+00 -3.124761879444122314e-01 -1.647944092750549316e+00
1.577680110931396484e+00 -3.140183985233306885e-01 -1.645367860794067383e+00
1.578324794769287109e+00 -3.157885372638702393e-01 -1.642957091331481934e+00
1.579355239868164062e+00 -3.177586495876312256e-01 -1.640769720077514648e+00
1.580755233764648438e+00 -3.198991715908050537e-01 -1.638857126235961914e+00
1.582502961158752441e+00 -3.221809566020965576e-01 -1.637260079383850098e+00
1.584569931030273438e+00 -3.245745599269866943e-01 -1.636007189750671387e+00
1.586923122406005859e+00 -3.270509541034698486e-01 -1.635117888450622559e+00
1.589524984359741211e+00 -3.295821845531463623e-01 -1.634601712226867676e+00
1.592334032058715820e+00 -3.321420252323150635e-01 -1.634456753730773926e+00
1.595305442810058594e+00 -3.347043097019195557e-01 -1.634673357009887695e+00
1.598391771316528320e+00 -3.372460901737213135e-01 -1.635232448577880859e+00
1.601544857025146484e+00 -3.397451937198638916e-01 -1.636108636856079102e+00
1.604713916778564453e+00 -3.421805799007415771e-01 -1.637268662452697754e+00
1.607849121093750000e+00 -3.445334732532501221e-01 -1.638677716255187988e+00
1.610902070999145508e+00 -3.467876017093658447e-01 -1.640296697616577148e+00
1.613824129104614258e+00 -3.489266335964202881e-01 -1.642082095146179199e+00
1.616570472717285156e+00 -3.509368002414703369e-01 -1.643994450569152832e+00
1.619099020957946777e+00 -3.528051674365997314e-01 -1.645992755889892578e+00
1.621371030807495117e+00 -3.545206487178802490e-01 -1.648038864135742188e+00
1.623352766036987305e+00 -3.560733497142791748e-01 -1.650096654891967773e+00
1.625015497207641602e+00 -3.574549257755279541e-01 -1.652134180068969727e+00
1.626335382461547852e+00 -3.586579263210296631e-01 -1.654125094413757324e+00
1.627295017242431641e+00 -3.596771061420440674e-01 -1.656044483184814453e+00
1.627883672714233398e+00 -3.605082929134368896e-01 -1.657874107360839844e+00
1.628096103668212891e+00 -3.611492216587066650e-01 -1.659600257873535156e+00
1.627934217453002930e+00 -3.616004288196563721e-01 -1.661210417747497559e+00
1.627406597137451172e+00 -3.618635237216949463e-01 -1.662697315216064453e+00
1.626527905464172363e+00 -3.619412481784820557e-01 -1.664057612419128418e+00
1.625318288803100586e+00 -3.618405759334564209e-01 -1.665288567543029785e+00
1.623804092407226562e+00 -3.615693151950836182e-01 -1.666388511657714844e+00
1.622016191482543945e+00 -3.611359298229217529e-01 -1.667359948158264160e+00
1.619990587234497070e+00 -3.605531156063079834e-01 -1.668204545974731445e+00
1.617766380310058594e+00 -3.598329126834869385e-01 -1.668924689292907715e+00
1.615386486053466797e+00 -3.589900434017181396e-01 -1.669524312019348145e+00
1.612894654273986816e+00 -3.580397665500640869e-01 -1.670004248619079590e+00
1.610355615615844727e+00 -3.570200502872467041e-01 -1.670333504676818848e+00
1.607890129089355469e+00 -3.560405075550079346e-01 -1.670357704162597656e+00
1.605448484420776367e+00 -3.549990355968475342e-01 -1.670279383659362793e+00
1.603073596954345703e+00 -3.539082109928131104e-01 -1.670108795166015625e+00
1.600805282592773438e+00 -3.527812659740447998e-01 -1.669852018356323242e+00
1.598682641983032227e+00 -3.516310751438140869e-01 -1.669519782066345215e+00
1.596740722656250000e+00 -3.504697382450103760e-01 -1.669120907783508301e+00
1.595012187957763672e+00 -3.493085801601409912e-01 -1.668664216995239258e+00
1.593525290489196777e+00 -3.481583297252655029e-01 -1.668160438537597656e+00
1.592306017875671387e+00 -3.470309674739837646e-01 -1.667618870735168457e+00
1.591374993324279785e+00 -3.459359705448150635e-01 -1.667049169540405273e+00
1.590749859809875488e+00 -3.448833525180816650e-01 -1.666462779045104980e+00
1.590444087982177734e+00 -3.438831865787506104e-01 -1.665869116783142090e+00
1.590466260910034180e+00 -3.429441154003143311e-01 -1.665279746055603027e+00
1.590823292732238770e+00 -3.420763313770294189e-01 -1.664704918861389160e+00
1.591515541076660156e+00 -3.412875235080718994e-01 -1.664156198501586914e+00
1.592614412307739258e+00 -3.406780660152435303e-01 -1.663490414619445801e+00
1.594190120697021484e+00 -3.403503596782684326e-01 -1.662559866905212402e+00
1.596112966537475586e+00 -3.401620686054229736e-01 -1.661625862121582031e+00
1.598368048667907715e+00 -3.401196300983428955e-01 -1.660695433616638184e+00
1.600939035415649414e+00 -3.402287662029266357e-01 -1.659778356552124023e+00
1.603803515434265137e+00 -3.404931724071502686e-01 -1.658880472183227539e+00
1.606938600540161133e+00 -3.409179747104644775e-01 -1.658006191253662109e+00
1.610316276550292969e+00 -3.415052592754364014e-01 -1.657155990600585938e+00
1.613906383514404297e+00 -3.422583043575286865e-01 -1.656327128410339355e+00
1.617676019668579102e+00 -3.431775867938995361e-01 -1.655512928962707520e+00
1.621590614318847656e+00 -3.442651331424713135e-01 -1.654702067375183105e+00
1.625612258911132812e+00 -3.455201089382171631e-01 -1.653876781463623047e+00
1.629703283309936523e+00 -3.469433486461639404e-01 -1.653015851974487305e+00
1.633823990821838379e+00 -3.485333621501922607e-01 -1.652092695236206055e+00
1.637934923171997070e+00 -3.502890765666961670e-01 -1.651075124740600586e+00
1.641996622085571289e+00 -3.522096574306488037e-01 -1.649926543235778809e+00
1.645970821380615234e+00 -3.542935550212860107e-01 -1.648605704307556152e+00
1.649821043014526367e+00 -3.565399348735809326e-01 -1.647066712379455566e+00
1.653513550758361816e+00 -3.589479029178619385e-01 -1.645262718200683594e+00
1.657017230987548828e+00 -3.615166842937469482e-01 -1.643143892288208008e+00
1.660304784774780273e+00 -3.642465770244598389e-01 -1.640658378601074219e+00
1.663353085517883301e+00 -3.671360313892364502e-01 -1.637758493423461914e+00
1.666144013404846191e+00 -3.701863586902618408e-01 -1.634395122528076172e+00
1.668664097785949707e+00 -3.733959496021270752e-01 -1.630525708198547363e+00
1.670904159545898438e+00 -3.767640292644500732e-01 -1.626108884811401367e+00
1.672861218452453613e+00 -3.802886903285980225e-01 -1.621114373207092285e+00
1.674536705017089844e+00 -3.839674890041351318e-01 -1.615515828132629395e+00
1.675936698913574219e+00 -3.877958953380584717e-01 -1.609296441078186035e+00
1.677071571350097656e+00 -3.917675912380218506e-01 -1.602450728416442871e+00
1.677955508232116699e+00 -3.958747684955596924e-01 -1.594981551170349121e+00
1.678606271743774414e+00 -4.001076519489288330e-01 -1.586902499198913574e+00
1.679044246673583984e+00 -4.044535458087921143e-01 -1.578238129615783691e+00
1.679784297943115234e+00 -4.095094501972198486e-01 -1.568004012107849121e+00
1.680977821350097656e+00 -4.154166877269744873e-01 -1.555977463722229004e+00
1.682103037834167480e+00 -4.214778840541839600e-01 -1.543347954750061035e+00
1.683177113533020020e+00 -4.276616871356964111e-01 -1.530194640159606934e+00
1.684215068817138672e+00 -4.339344203472137451e-01 -1.516605496406555176e+00
1.685231685638427734e+00 -4.402593076229095459e-01 -1.502678751945495605e+00
1.686239957809448242e+00 -4.465995132923126221e-01 -1.488515019416809082e+00
1.687251091003417969e+00 -4.529162347316741943e-01 -1.474222540855407715e+00
1.688275337219238281e+00 -4.591717422008514404e-01 -1.459909081459045410e+00
1.689321517944335938e+00 -4.653285443782806396e-01 -1.445685029029846191e+00
1.690397500991821289e+00 -4.713511168956756592e-01 -1.431658387184143066e+00
1.691509723663330078e+00 -4.772068560123443604e-01 -1.417932629585266113e+00
1.692665576934814453e+00 -4.828659594058990479e-01 -1.404611229896545410e+00
1.693871259689331055e+00 -4.883019626140594482e-01 -1.391789317131042480e+00
1.695132970809936523e+00 -4.934934079647064209e-01 -1.379553198814392090e+00
1.696457147598266602e+00 -4.984230697154998779e-01 -1.367986083030700684e+00
1.697851896286010742e+00 -5.030790567398071289e-01 -1.357158541679382324e+00
1.699324131011962891e+00 -5.074534416198730469e-01 -1.347135663032531738e+00
1.700882077217102051e+00 -5.115440487861633301e-01 -1.337970376014709473e+00
1.702533721923828125e+00 -5.153524279594421387e-01 -1.329706549644470215e+00
1.704287290573120117e+00 -5.188843607902526855e-01 -1.322379469871520996e+00
1.706149578094482422e+00 -5.221499204635620117e-01 -1.316012978553771973e+00
1.708127498626708984e+00 -5.251607894897460938e-01 -1.310623526573181152e+00
1.710226058959960938e+00 -5.279320478439331055e-01 -1.306217312812805176e+00
1.712446928024291992e+00 -5.304794311523437500e-01 -1.302790284156799316e+00
1.714790821075439453e+00 -5.328208208084106445e-01 -1.300330758094787598e+00
1.717254161834716797e+00 -5.349726676940917969e-01 -1.298817753791809082e+00
1.719829559326171875e+00 -5.369519591331481934e-01 -1.298224568367004395e+00
1.722505331039428711e+00 -5.387738943099975586e-01 -1.298512816429138184e+00
1.725265502929687500e+00 -5.404515266418457031e-01 -1.299640297889709473e+00
1.728087902069091797e+00 -5.419960021972656250e-01 -1.301558136940002441e+00
1.730947494506835938e+00 -5.434159636497497559e-01 -1.304210782051086426e+00
1.733812689781188965e+00 -5.447157621383666992e-01 -1.307540059089660645e+00
1.736646413803100586e+00 -5.458961129188537598e-01 -1.311481595039367676e+00
1.739409446716308594e+00 -5.469545722007751465e-01 -1.315974354743957520e+00
1.742056727409362793e+00 -5.478832721710205078e-01 -1.320953726768493652e+00
1.744541168212890625e+00 -5.486714839935302734e-01 -1.326357960700988770e+00
1.746813058853149414e+00 -5.493027567863464355e-01 -1.332129120826721191e+00
1.748821020126342773e+00 -5.497571229934692383e-01 -1.338213324546813965e+00
1.750513076782226562e+00 -5.500103831291198730e-01 -1.344563841819763184e+00
1.751837968826293945e+00 -5.500347614288330078e-01 -1.351142287254333496e+00
1.752746820449829102e+00 -5.497985482215881348e-01 -1.357919096946716309e+00
1.753192663192749023e+00 -5.492689609527587891e-01 -1.364873528480529785e+00
1.753132462501525879e+00 -5.484099388122558594e-01 -1.371994614601135254e+00
1.752528429031372070e+00 -5.471849441528320312e-01 -1.379283070564270020e+00
1.751347780227661133e+00 -5.455576181411743164e-01 -1.386746764183044434e+00
1.749564409255981445e+00 -5.434926152229309082e-01 -1.394401192665100098e+00
1.747159600257873535e+00 -5.409563183784484863e-01 -1.402271389961242676e+00
1.744121789932250977e+00 -5.379186272621154785e-01 -1.410387158393859863e+00
1.740446686744689941e+00 -5.343538522720336914e-01 -1.418778300285339355e+00
1.736139774322509766e+00 -5.302416086196899414e-01 -1.427481293678283691e+00
1.731181621551513672e+00 -5.226810574531555176e-01 -1.448612332344055176e+00
1.725568771362304688e+00 -5.094687938690185547e-01 -1.491399884223937988e+00
1.719382524490356445e+00 -4.955508410930633545e-01 -1.535156607627868652e+00
1.712658405303955078e+00 -4.809729754924774170e-01 -1.579744458198547363e+00
1.705438613891601562e+00 -4.657900035381317139e-01 -1.625013709068298340e+00
1.697771430015563965e+00 -4.500666558742523193e-01 -1.670798301696777344e+00
1.689709901809692383e+00 -4.338768422603607178e-01 -1.716916084289550781e+00
1.681316137313842773e+00 -4.173559248447418213e-01 -1.762974858283996582e+00
1.672879934310913086e+00 -4.033683836460113525e-01 -1.798521518707275391e+00
1.664237141609191895e+00 -3.892425596714019775e-01 -1.833558917045593262e+00
1.655451297760009766e+00 -3.750542104244232178e-01 -1.867954969406127930e+00
1.646586179733276367e+00 -3.608805835247039795e-01 -1.901580095291137695e+00
1.637704849243164062e+00 -3.467989861965179443e-01 -1.934306621551513672e+00
1.628869533538818359e+00 -3.328852951526641846e-01 -1.966018080711364746e+00
1.620139598846435547e+00 -3.192138373851776123e-01 -1.996601462364196777e+00
1.611571550369262695e+00 -3.058546483516693115e-01 -2.025955915451049805e+00
1.603218078613281250e+00 -2.928734123706817627e-01 -2.053989648818969727e+00
1.595127820968627930e+00 -2.803311049938201904e-01 -2.080625772476196289e+00
1.587344169616699219e+00 -2.682815492153167725e-01 -2.105799436569213867e+00
1.579905509948730469e+00 -2.567729055881500244e-01 -2.129460573196411133e+00
1.572844386100769043e+00 -2.458449304103851318e-01 -2.151572704315185547e+00
1.566187620162963867e+00 -2.355309426784515381e-01 -2.172113656997680664e+00
1.559956073760986328e+00 -2.258556783199310303e-01 -2.191076993942260742e+00
1.554164171218872070e+00 -2.168374359607696533e-01 -2.208467245101928711e+00
1.548820376396179199e+00 -2.084858715534210205e-01 -2.224302053451538086e+00
1.543927192687988281e+00 -2.008040249347686768e-01 -2.238613367080688477e+00
1.539481163024902344e+00 -1.937874853610992432e-01 -2.251441240310668945e+00
1.535473346710205078e+00 -1.874262392520904541e-01 -2.262833833694458008e+00
1.531889557838439941e+00 -1.817028820514678955e-01 -2.272850036621093750e+00
1.528710842132568359e+00 -1.765953600406646729e-01 -2.281555414199829102e+00
1.525914669036865234e+00 -1.720773279666900635e-01 -2.289018154144287109e+00
1.523473262786865234e+00 -1.681171357631683350e-01 -2.295313119888305664e+00
1.521358013153076172e+00 -1.646798551082611084e-01 -2.300518512725830078e+00
1.519537210464477539e+00 -1.617285907268524170e-01 -2.304713010787963867e+00
1.517977237701416016e+00 -1.592236459255218506e-01 -2.307976484298706055e+00
1.516644120216369629e+00 -1.571235954761505127e-01 -2.310388803482055664e+00
1.515503883361816406e+00 -1.553880274295806885e-01 -2.312026500701904297e+00
1.514523029327392578e+00 -1.539751589298248291e-01 -2.312967061996459961e+00
1.513668537139892578e+00 -1.528443992137908936e-01 -2.313282489776611328e+00
1.512910127639770508e+00 -1.519559323787689209e-01 -2.313041925430297852e+00
1.512218832969665527e+00 -1.512718498706817627e-01 -2.312311410903930664e+00
1.511569023132324219e+00 -1.507568657398223877e-01 -2.311151266098022461e+00
1.510937213897705078e+00 -1.503769457340240479e-01 -2.309620141983032227e+00
1.510303735733032227e+00 -1.501012742519378662e-01 -2.307770013809204102e+00
1.509651899337768555e+00 -1.499010622501373291e-01 -2.305651187896728516e+00
1.508969306945800781e+00 -1.497515738010406494e-01 -2.303309679031372070e+00
1.508245825767517090e+00 -1.496292054653167725e-01 -2.300790071487426758e+00
1.507476329803466797e+00 -1.495139896869659424e-01 -2.298135280609130859e+00
1.506658315658569336e+00 -1.493887603282928467e-01 -2.295383691787719727e+00
1.505793571472167969e+00 -1.492377817630767822e-01 -2.292577981948852539e+00
1.504889965057373047e+00 -1.490532457828521729e-01 -2.289751291275024414e+00
1.503965854644775391e+00 -1.488347351551055908e-01 -2.286933898925781250e+00
1.503003597259521484e+00 -1.485452353954315186e-01 -2.284199953079223633e+00
1.502019882202148438e+00 -1.481825411319732666e-01 -2.281588077545166016e+00
1.501033782958984375e+00 -1.477459967136383057e-01 -2.279136419296264648e+00
1.500065565109252930e+00 -1.472366154193878174e-01 -2.276885509490966797e+00
1.499135971069335938e+00 -1.466572582721710205e-01 -2.274874925613403320e+00
1.498266696929931641e+00 -1.460111439228057861e-01 -2.273147583007812500e+00
1.497478365898132324e+00 -1.453029811382293701e-01 -2.271742582321166992e+00
1.496790409088134766e+00 -1.445371210575103760e-01 -2.270701169967651367e+00
1.496220588684082031e+00 -1.437200009822845459e-01 -2.270058393478393555e+00
1.495783209800720215e+00 -1.428569257259368896e-01 -2.269848585128784180e+00
1.495491027832031250e+00 -1.419548690319061279e-01 -2.270097017288208008e+00
1.495351314544677734e+00 -1.410204470157623291e-01 -2.270825386047363281e+00
1.495367765426635742e+00 -1.400605142116546631e-01 -2.272044658660888672e+00
1.495540618896484375e+00 -1.390831172466278076e-01 -2.273755550384521484e+00
1.495862483978271484e+00 -1.380948722362518311e-01 -2.275949478149414062e+00
1.496324777603149414e+00 -1.371044814586639404e-01 -2.278603076934814453e+00
1.496912002563476562e+00 -1.361206471920013428e-01 -2.281681776046752930e+00
1.497605085372924805e+00 -1.351517140865325928e-01 -2.285137414932250977e+00
1.498380661010742188e+00 -1.342081129550933838e-01 -2.288906335830688477e+00
1.499213695526123047e+00 -1.332994997501373291e-01 -2.292916059494018555e+00
1.500074863433837891e+00 -1.324370205402374268e-01 -2.297079563140869141e+00
1.500935077667236328e+00 -1.316331923007965088e-01 -2.301299810409545898e+00
1.501764893531799316e+00 -1.309009492397308350e-01 -2.305473566055297852e+00
1.502535223960876465e+00 -1.302537024021148682e-01 -2.309489488601684570e+00
1.503220558166503906e+00 -1.297068297863006592e-01 -2.313234567642211914e+00
1.503798246383666992e+00 -1.292761266231536865e-01 -2.316596031188964844e+00
1.504252314567565918e+00 -1.289788782596588135e-01 -2.319464445114135742e+00
1.504571557044982910e+00 -1.288333237171173096e-01 -2.321737051010131836e+00
1.504753828048706055e+00 -1.288578808307647705e-01 -2.323321580886840820e+00
1.504805326461791992e+00 -1.290722191333770752e-01 -2.324140310287475586e+00
1.504742026329040527e+00 -1.294964849948883057e-01 -2.324131727218627930e+00
1.504590272903442383e+00 -1.301512420177459717e-01 -2.323253870010375977e+00
1.504387021064758301e+00 -1.310567557811737061e-01 -2.321486949920654297e+00
1.504180431365966797e+00 -1.322334110736846924e-01 -2.318836212158203125e+00
1.504027843475341797e+00 -1.336987912654876709e-01 -2.315333843231201172e+00
1.503998160362243652e+00 -1.354723870754241943e-01 -2.311035871505737305e+00
1.504167556762695312e+00 -1.375695168972015381e-01 -2.306027650833129883e+00
1.504619598388671875e+00 -1.400033533573150635e-01 -2.300417900085449219e+00
1.505444884300231934e+00 -1.427858173847198486e-01 -2.294342279434204102e+00
1.506735086441040039e+00 -1.459223330020904541e-01 -2.287958621978759766e+00
1.508584022521972656e+00 -1.494162380695343018e-01 -2.281443357467651367e+00
1.511082530021667480e+00 -1.532648503780364990e-01 -2.274989843368530273e+00
1.514315962791442871e+00 -1.574597656726837158e-01 -2.268801927566528320e+00
1.518360018730163574e+00 -1.619851887226104736e-01 -2.263090372085571289e+00
1.523278713226318359e+00 -1.668189465999603271e-01 -2.258067846298217773e+00
1.529117584228515625e+00 -1.719294488430023193e-01 -2.253942251205444336e+00
1.535902261734008789e+00 -1.772765219211578369e-01 -2.250907659530639648e+00
1.543633460998535156e+00 -1.828092634677886963e-01 -2.249146223068237305e+00
1.552283287048339844e+00 -1.884674131870269775e-01 -2.248813390731811523e+00
1.561791777610778809e+00 -1.941783726215362549e-01 -2.250036001205444336e+00
1.572064399719238281e+00 -1.998591125011444092e-01 -2.252906560897827148e+00
1.582968831062316895e+00 -2.054142057895660400e-01 -2.257475614547729492e+00
1.594499349594116211e+00 -2.109096348285675049e-01 -2.263549089431762695e+00
1.606435060501098633e+00 -2.162192165851593018e-01 -2.271093130111694336e+00
1.618335247039794922e+00 -2.210210859775543213e-01 -2.280235290527343750e+00
1.629902720451354980e+00 -2.251747548580169678e-01 -2.290825605392456055e+00
1.640801072120666504e+00 -2.285328805446624756e-01 -2.302653074264526367e+00
1.650660157203674316e+00 -2.309438884258270264e-01 -2.315447330474853516e+00
1.659078121185302734e+00 -2.322529852390289307e-01 -2.328876495361328125e+00
1.665629386901855469e+00 -2.323086559772491455e-01 -2.342548370361328125e+00
1.669869184494018555e+00 -2.309632003307342529e-01 -2.356013059616088867e+00
1.671342968940734863e+00 -2.280777990818023682e-01 -2.368767499923706055e+00
1.669594883918762207e+00 -2.235267460346221924e-01 -2.380260705947875977e+00
1.664178252220153809e+00 -2.172019779682159424e-01 -2.389898538589477539e+00
1.654666185379028320e+00 -2.090162932872772217e-01 -2.397057771682739258e+00
1.640663862228393555e+00 -1.989094316959381104e-01 -2.401089906692504883e+00
1.621819496154785156e+00 -1.868509948253631592e-01 -2.401338815689086914e+00
1.597843647003173828e+00 -1.728516519069671631e-01 -2.397141695022583008e+00
1.568956017494201660e+00 -1.574179232120513916e-01 -2.387316942214965820e+00
1.534596204757690430e+00 -1.402045190334320068e-01 -2.371760368347167969e+00
1.494955539703369141e+00 -1.218001469969749451e-01 -2.349339246749877930e+00
1.450050115585327148e+00 -1.023399457335472107e-01 -2.319604635238647461e+00
1.399771094322204590e+00 -8.158572763204574585e-02 -2.282703638076782227e+00
1.344349861145019531e+00 -5.976005643606185913e-02 -2.238362550735473633e+00
1.284128189086914062e+00 -3.711917251348495483e-02 -2.186431646347045898e+00
1.219556331634521484e+00 -1.394971460103988647e-02 -2.126890897750854492e+00
1.151192545890808105e+00 9.436286985874176025e-03 -2.059867382049560547e+00
1.079692125320434570e+00 3.270886093378067017e-02 -1.985639214515686035e+00
1.005799770355224609e+00 5.552742630243301392e-02 -1.904642224311828613e+00
9.303328990936279297e-01 7.755274325609207153e-02 -1.817473292350769043e+00
8.541647195816040039e-01 9.845424443483352661e-02 -1.724884867668151855e+00
7.782027721405029297e-01 1.179225519299507141e-01 -1.627776145935058594e+00
7.033632397651672363e-01 1.356814801692962646e-01 -1.527179837226867676e+00
6.311991214752197266e-01 1.501649022102355957e-01 -1.420307636260986328e+00
5.620354413986206055e-01 1.622695326805114746e-01 -1.311563849449157715e+00
4.963382184505462646e-01 1.725145578384399414e-01 -1.204106450080871582e+00
4.347802698612213135e-01 1.808584630489349365e-01 -1.099249601364135742e+00
3.779105246067047119e-01 1.873250007629394531e-01 -9.982568621635437012e-01
3.262792229652404785e-01 1.921640932559967041e-01 -9.028993248939514160e-01
2.802158892154693604e-01 1.956227719783782959e-01 -8.145648837089538574e-01
2.395156174898147583e-01 1.975997388362884521e-01 -7.329502701759338379e-01
2.041030824184417725e-01 1.983518004417419434e-01 -6.587390303611755371e-01
1.737706214189529419e-01 1.981604695320129395e-01 -5.924086570739746094e-01
