-8.544185161590576172e-01 5.173435807228088379e-01 4.821446910500526428e-02
-8.283895850181579590e-01 5.592579841613769531e-01 3.163991495966911316e-02
-7.954506874084472656e-01 6.011657118797302246e-01 7.653698325157165527e-02
-7.592913508415222168e-01 6.427122950553894043e-01 1.019689440727233887e-01
-7.116171121597290039e-01 6.832500696182250977e-01 1.636172682046890259e-01
-6.052700281143188477e-01 7.409600019454956055e-01 2.909065485000610352e-01
-2.778301537036895752e-01 7.739171385765075684e-01 5.690892934799194336e-01
4.770178496837615967e-01 3.987599313259124756e-01 7.832269668579101562e-01
8.032522201538085938e-01 -5.592739582061767578e-02 5.930076241493225098e-01
8.544719219207763672e-01 -2.390802651643753052e-01 4.612140059471130371e-01
8.605401515960693359e-01 -3.212759792804718018e-01 3.952875733375549316e-01
8.580920100212097168e-01 -3.655104339122772217e-01 3.606662154197692871e-01
8.538625240325927734e-01 -3.922385871410369873e-01 3.421515226364135742e-01
8.493860960006713867e-01 -4.095936715602874756e-01 3.328308463096618652e-01
8.450214266777038574e-01 -4.213991761207580566e-01 3.291832804679870605e-01
8.408155441284179688e-01 -4.297041893005371094e-01 3.292165100574493408e-01
8.367329239845275879e-01 -4.357262253761291504e-01 3.316937386989593506e-01
8.327184319496154785e-01 -4.402572214603424072e-01 3.357880115509033203e-01
8.287224173545837402e-01 -4.438520371913909912e-01 3.409025669097900391e-01
8.247025609016418457e-01 -4.469251334667205811e-01 3.465884625911712646e-01
8.206272721290588379e-01 -4.498030543327331543e-01 3.524885475635528564e-01
8.164727687835693359e-01 -4.527518749237060547e-01 3.583124577999114990e-01
8.122231364250183105e-01 -4.559939801692962646e-01 3.638172745704650879e-01
8.078656196594238281e-01 -4.597178697586059570e-01 3.687987029552459717e-01
8.033916950225830078e-01 -4.640820622444152832e-01 3.730812668800354004e-01
7.987928390502929688e-01 -4.692178964614868164e-01 3.765163719654083252e-01
7.940616607666015625e-01 -4.752306044101715088e-01 3.789748847484588623e-01
7.891898155212402344e-01 -4.821993410587310791e-01 3.803462982177734375e-01
7.841686010360717773e-01 -4.901759028434753418e-01 3.805355131626129150e-01
7.789896130561828613e-01 -4.991847872734069824e-01 3.794597983360290527e-01
7.736452221870422363e-01 -5.092231631278991699e-01 3.770476281642913818e-01
7.681306600570678711e-01 -5.202589035034179688e-01 3.732371628284454346e-01
7.624455690383911133e-01 -5.322332382202148438e-01 3.679734170436859131e-01
7.565947771072387695e-01 -5.450618863105773926e-01 3.612088859081268311e-01
7.505910992622375488e-01 -5.586368441581726074e-01 3.528991639614105225e-01
7.444549798965454102e-01 -5.728320479393005371e-01 3.430018126964569092e-01
7.382137179374694824e-01 -5.875075459480285645e-01 3.314745128154754639e-01
7.319000363349914551e-01 -6.025175452232360840e-01 3.182687163352966309e-01
7.255480289459228516e-01 -6.177143454551696777e-01 3.033300042152404785e-01
7.191863656044006348e-01 -6.329590678215026855e-01 2.865898311138153076e-01
7.128295898437500000e-01 -6.481267809867858887e-01 2.679654955863952637e-01
7.064722180366516113e-01 -6.631093621253967285e-01 2.473518252372741699e-01
7.000737190246582031e-01 -6.778200864791870117e-01 2.246257960796356201e-01
6.935519576072692871e-01 -6.921911835670471191e-01 1.996424496173858643e-01
6.867699623107910156e-01 -7.061735987663269043e-01 1.722375303506851196e-01
6.795288920402526855e-01 -7.197279930114746094e-01 1.422397345304489136e-01
6.715617179870605469e-01 -7.328163385391235352e-01 1.094765812158584595e-01
6.625311374664306641e-01 -7.453902959823608398e-01 7.379554957151412964e-02
6.520355939865112305e-01 -7.573759555816650391e-01 3.508737683296203613e-02
6.396169662475585938e-01 -7.686647772789001465e-01 -6.683784537017345428e-03
6.247860193252563477e-01 -7.790991663932800293e-01 -5.144656449556350708e-02
6.070522069931030273e-01 -7.884727716445922852e-01 -9.898651391267776489e-02
5.859709978103637695e-01 -7.965314984321594238e-01 -1.489147543907165527e-01
5.611945390701293945e-01 -8.029945492744445801e-01 -2.006502449512481689e-01
5.325245261192321777e-01 -8.075834512710571289e-01 -2.534296512603759766e-01
4.999639689922332764e-01 -8.100578188896179199e-01 -3.063369095325469971e-01
4.637329876422882080e-01 -8.102599382400512695e-01 -3.583721220493316650e-01
4.242652654647827148e-01 -8.081420063972473145e-01 -4.085407257080078125e-01
3.821634352207183838e-01 -8.037811517715454102e-01 -4.559461772441864014e-01
3.381310999393463135e-01 -7.973662018775939941e-01 -4.998744726181030273e-01
2.928830385208129883e-01 -7.891665101051330566e-01 -5.398478507995605469e-01
2.470663487911224365e-01 -7.794855237007141113e-01 -5.756392478942871094e-01
2.011933028697967529e-01 -7.686117291450500488e-01 -6.072539091110229492e-01
1.556052714586257935e-01 -7.567713260650634766e-01 -6.348890066146850586e-01
1.104495227336883545e-01 -7.440994381904602051e-01 -6.588755249977111816e-01
6.569240987300872803e-02 -7.306109666824340820e-01 -6.796264648437500000e-01
2.112519554793834686e-02 -7.161887288093566895e-01 -6.975868344306945801e-01
-2.360550314188003540e-02 -7.005736231803894043e-01 -7.131895422935485840e-01
-6.897278130054473877e-02 -6.833524703979492188e-01 -7.268233299255371094e-01
-1.155379265546798706e-01 -6.639480590820312500e-01 -7.387990355491638184e-01
-1.639096438884735107e-01 -6.416062116622924805e-01 -7.493163943290710449e-01
-2.146914154291152954e-01 -6.153807044029235840e-01 -7.584287524223327637e-01
-2.684010863304138184e-01 -5.841347575187683105e-01 -7.659944295883178711e-01
-3.253553807735443115e-01 -5.465668439865112305e-01 -7.716271877288818359e-01
-3.855079710483551025e-01 -5.012882947921752930e-01 -7.746571302413940430e-01
-4.482519030570983887e-01 -4.470010995864868164e-01 -7.741189599037170410e-01
-5.122278928756713867e-01 -3.827930092811584473e-01 -7.688251733779907227e-01
-5.752300620079040527e-01 -3.085354268550872803e-01 -7.575726509094238281e-01
-6.343538165092468262e-01 -2.252855598926544189e-01 -7.394875288009643555e-01
-6.864570379257202148e-01 -1.354787498712539673e-01 -7.144383192062377930e-01
-7.288658618927001953e-01 -4.270252212882041931e-02 -6.833235621452331543e-01
-7.600383162498474121e-01 4.896523430943489075e-02 -6.480309963226318359e-01
-7.798550724983215332e-01 1.358135789632797241e-01 -6.110488176345825195e-01
-7.894291281700134277e-01 2.151466906070709229e-01 -5.749030709266662598e-01
-7.906032204627990723e-01 2.855147719383239746e-01 -5.416899323463439941e-01
-7.854206562042236328e-01 3.465598821640014648e-01 -5.128455758094787598e-01
-7.757443189620971680e-01 3.986854255199432373e-01 -4.891531467437744141e-01
-7.630888223648071289e-01 4.427076876163482666e-01 -4.708560705184936523e-01
-7.485817074775695801e-01 4.796043932437896729e-01 -4.578265845775604248e-01
-7.330113053321838379e-01 5.103561878204345703e-01 -4.497010111808776855e-01
-7.169055342674255371e-01 5.358642339706420898e-01 -4.459776282310485840e-01
-7.006006240844726562e-01 5.569258928298950195e-01 -4.460855722427368164e-01
-6.843031048774719238e-01 5.742372870445251465e-01 -4.494226276874542236e-01
-6.681398749351501465e-01 5.884051918983459473e-01 -4.553773403167724609e-01
-6.521890759468078613e-01 5.999677181243896484e-01 -4.633445441722869873e-01
-6.365031003952026367e-01 6.094102263450622559e-01 -4.727398157119750977e-01
-6.211254000663757324e-01 6.171790957450866699e-01 -4.830042421817779541e-01
-6.060944795608520508e-01 6.236895918846130371e-01 -4.936201572418212891e-01
-5.914472937583923340e-01 6.293256282806396484e-01 -5.041222572326660156e-01
-5.772219300270080566e-01 6.344394683837890625e-01 -5.141023993492126465e-01
-5.634480118751525879e-01 6.393457055091857910e-01 -5.232241153717041016e-01
-5.501494407653808594e-01 6.443114876747131348e-01 -5.312234163284301758e-01
-5.373354554176330566e-01 6.495516300201416016e-01 -5.379157066345214844e-01
-5.250041484832763672e-01 6.552240848541259766e-01 -5.431869029998779297e-01
-5.131362080574035645e-01 6.614269614219665527e-01 -5.469968914985656738e-01
-5.017018318176269531e-01 6.681985259056091309e-01 -5.493687391281127930e-01
-4.906575381755828857e-01 6.755246520042419434e-01 -5.503832101821899414e-01
-4.799534976482391357e-01 6.833431124687194824e-01 -5.501698255538940430e-01
-4.695377349853515625e-01 6.915557980537414551e-01 -5.488942861557006836e-01
-4.593579471111297607e-01 7.000368833541870117e-01 -5.467526912689208984e-01
-4.493657946586608887e-01 7.086473703384399414e-01 -5.439571738243103027e-01
-4.395223557949066162e-01 7.172388434410095215e-01 -5.407295823097229004e-01
-4.297962784767150879e-01 7.256689667701721191e-01 -5.372892618179321289e-01
-4.201671183109283447e-01 7.338050603866577148e-01 -5.338442921638488770e-01
-4.106248617172241211e-01 7.415299415588378906e-01 -5.305849909782409668e-01
-4.011674821376800537e-01 7.487461566925048828e-01 -5.276777148246765137e-01
-3.918046653270721436e-01 7.553774118423461914e-01 -5.252561569213867188e-01
-3.825512230396270752e-01 7.613691091537475586e-01 -5.234228968620300293e-01
-3.734304606914520264e-01 7.666878104209899902e-01 -5.222446918487548828e-01
-3.644705414772033691e-01 7.713215351104736328e-01 -5.217512845993041992e-01
-3.557049632072448730e-01 7.752766013145446777e-01 -5.219388008117675781e-01
-3.471722900867462158e-01 7.785773873329162598e-01 -5.227702260017395020e-01
-3.389149308204650879e-01 7.812638282775878906e-01 -5.241788625717163086e-01
-3.309811055660247803e-01 7.833893299102783203e-01 -5.260728597640991211e-01
-3.234215974807739258e-01 7.850195765495300293e-01 -5.283396840095520020e-01
-3.162926137447357178e-01 7.862282991409301758e-01 -5.308521389961242676e-01
-3.096545040607452393e-01 7.870973348617553711e-01 -5.334714651107788086e-01
-3.035699427127838135e-01 7.877126336097717285e-01 -5.360542535781860352e-01
-2.981056272983551025e-01 7.881621718406677246e-01 -5.384546518325805664e-01
-2.933268845081329346e-01 7.885355949401855469e-01 -5.405283570289611816e-01
-2.893007993698120117e-01 7.889203429222106934e-01 -5.421344041824340820e-01
-2.860859930515289307e-01 7.894032001495361328e-01 -5.431366562843322754e-01
-2.837356925010681152e-01 7.900682091712951660e-01 -5.434024930000305176e-01
-2.822885811328887939e-01 7.909969687461853027e-01 -5.428047776222229004e-01
-2.817658782005310059e-01 7.922699451446533203e-01 -5.412174463272094727e-01
-2.821665704250335693e-01 7.939684391021728516e-01 -5.385128855705261230e-01
-2.834571301937103271e-01 7.961737513542175293e-01 -5.345647335052490234e-01
-2.855683565139770508e-01 7.989709973335266113e-01 -5.292409658432006836e-01
-2.883901000022888184e-01 8.024479746818542480e-01 -5.224063992500305176e-01
-2.917632162570953369e-01 8.066920638084411621e-01 -5.139281153678894043e-01
-2.954800724983215332e-01 8.117930293083190918e-01 -5.036701560020446777e-01
-2.992809712886810303e-01 8.178314566612243652e-01 -4.915105104446411133e-01
-3.028570711612701416e-01 8.248788118362426758e-01 -4.773390293121337891e-01
-3.058526217937469482e-01 8.329861164093017578e-01 -4.610730111598968506e-01
-3.078804612159729004e-01 8.421748280525207520e-01 -4.426637887954711914e-01
-3.085288703441619873e-01 8.524300456047058105e-01 -4.221054911613464355e-01
-3.073762357234954834e-01 8.636917471885681152e-01 -3.994451165199279785e-01
-3.040135502815246582e-01 8.758515119552612305e-01 -3.747796714305877686e-01
-2.980554699897766113e-01 8.887495398521423340e-01 -3.482629954814910889e-01
-2.891572415828704834e-01 9.021775722503662109e-01 -3.200996816158294678e-01
-2.770326137542724609e-01 9.158829450607299805e-01 -2.905365526676177979e-01
-2.614565789699554443e-01 9.295787215232849121e-01 -2.598536610603332520e-01
-2.422762662172317505e-01 9.429519772529602051e-01 -2.283502817153930664e-01
-2.194067984819412231e-01 9.556751847267150879e-01 -1.963304430246353149e-01
-1.928312480449676514e-01 9.674143791198730469e-01 -1.640902906656265259e-01
-1.625961959362030029e-01 9.778360128402709961e-01 -1.319061070680618286e-01
-1.288024038076400757e-01 9.866127371788024902e-01 -1.000262722373008728e-01
-9.160328656435012817e-02 9.934253096580505371e-01 -6.866524368524551392e-02
-5.120097845792770386e-02 9.979651570320129395e-01 -3.799996525049209595e-02
-7.847748696804046631e-03 9.999358057975769043e-01 -8.172596804797649384e-03
3.815246373414993286e-02 9.990573525428771973e-01 2.070691809058189392e-02
8.643769472837448120e-02 9.950732588768005371e-01 4.855646565556526184e-02
1.365808099508285522e-01 9.877613782882690430e-01 7.532037049531936646e-02
1.880897879600524902e-01 9.769491553306579590e-01 1.009586304426193237e-01
2.404033988714218140e-01 9.625322222709655762e-01 1.254508495330810547e-01
2.929058969020843506e-01 9.444935917854309082e-01 1.487884968519210815e-01
3.449402451515197754e-01 9.229201078414916992e-01 1.709816455841064453e-01
3.958368897438049316e-01 8.980135917663574219e-01 1.920538842678070068e-01
4.449449181556701660e-01 8.700922131538391113e-01 2.120460420846939087e-01
4.916685223579406738e-01 8.395782709121704102e-01 2.310202568769454956e-01
5.354980230331420898e-01 8.069784641265869141e-01 2.490534335374832153e-01
5.760363340377807617e-01 7.728512883186340332e-01 2.662386000156402588e-01
6.130102276802062988e-01 7.377752065658569336e-01 2.826768159866333008e-01
6.462777256965637207e-01 7.023102045059204102e-01 2.984719872474670410e-01
6.758154630661010742e-01 6.669706106185913086e-01 3.137255311012268066e-01
7.017074227333068848e-01 6.322012543678283691e-01 3.285245895385742188e-01
7.241212725639343262e-01 5.983639955520629883e-01 3.429415822029113770e-01
7.432885766029357910e-01 5.657324790954589844e-01 3.570278584957122803e-01
7.594851851463317871e-01 5.344910025596618652e-01 3.708121180534362793e-01
7.730121612548828125e-01 5.047429203987121582e-01 3.843004107475280762e-01
7.841822504997253418e-01 4.765178859233856201e-01 3.974780440330505371e-01
7.933101654052734375e-01 4.497812092304229736e-01 4.103118777275085449e-01
8.007036447525024414e-01 4.244438409805297852e-01 4.227541983127593994e-01
8.066579103469848633e-01 4.003733992576599121e-01 4.347460567951202393e-01
8.114498257637023926e-01 3.774022459983825684e-01 4.462249875068664551e-01
8.153375387191772461e-01 3.553333580493927002e-01 4.571245908737182617e-01
8.185541629791259766e-01 3.339496254920959473e-01 4.673829078674316406e-01
8.213048577308654785e-01 3.130220174789428711e-01 4.769439697265625000e-01
8.237630724906921387e-01 2.923168241977691650e-01 4.857624173164367676e-01
8.260673880577087402e-01 2.716032862663269043e-01 4.938060641288757324e-01
8.283144235610961914e-01 2.506670057773590088e-01 5.010600686073303223e-01
8.305584788322448730e-01 2.293196767568588257e-01 5.075283050537109375e-01
8.328065276145935059e-01 2.074148803949356079e-01 5.132371783256530762e-01
8.350185751914978027e-01 1.848628818988800049e-01 5.182371139526367188e-01
8.371103405952453613e-01 1.616415679454803467e-01 5.226072669029235840e-01
8.389594554901123047e-01 1.378163546323776245e-01 5.264539718627929688e-01
8.404150605201721191e-01 1.135453134775161743e-01 5.299150347709655762e-01
8.413125872611999512e-01 8.908613026142120361e-02 5.331574082374572754e-01
8.414925932884216309e-01 6.478793919086456299e-02 5.363699793815612793e-01
8.408148288726806641e-01 4.107671976089477539e-02 5.397620201110839844e-01
8.391777276992797852e-01 1.843131892383098602e-02 5.435448288917541504e-01
8.365271687507629395e-01 -2.651796443387866020e-03 5.479189157485961914e-01
8.328633904457092285e-01 -2.169636078178882599e-02 5.530530214309692383e-01
8.282365798950195312e-01 -3.828385099768638611e-02 5.590694546699523926e-01
8.227410912513732910e-01 -5.209372192621231079e-02 5.660242438316345215e-01
8.165062069892883301e-01 -6.291687488555908203e-02 5.738980770111083984e-01
8.096808791160583496e-01 -7.068406790494918823e-02 5.825980901718139648e-01
8.024292588233947754e-01 -7.545737922191619873e-02 5.919572710990905762e-01
7.949175834655761719e-01 -7.742828875780105591e-02 6.017564535140991211e-01
7.873138189315795898e-01 -7.689981907606124878e-02 6.117379665374755859e-01
7.797795534133911133e-01 -7.425625622272491455e-02 6.216349005699157715e-01
7.724682092666625977e-01 -6.993713229894638062e-02 6.311906576156616211e-01
7.655191421508789062e-01 -6.440198421478271484e-02 6.401818394660949707e-01
7.590541243553161621e-01 -5.809873342514038086e-02 6.484299898147583008e-01
7.531701922416687012e-01 -5.143963918089866638e-02 6.558113694190979004e-01
7.479365468025207520e-01 -4.477493092417716980e-02 6.622583866119384766e-01
7.433888912200927734e-01 -3.838177397847175598e-02 6.677572727203369141e-01
7.395318746566772461e-01 -3.245639055967330933e-02 6.723386645317077637e-01
7.363364100456237793e-01 -2.711235731840133667e-02 6.760722398757934570e-01
7.337441444396972656e-01 -2.238153666257858276e-02 6.790571808815002441e-01
7.316703200340270996e-01 -1.822235248982906342e-02 6.814150214195251465e-01
7.300108075141906738e-01 -1.453156583011150360e-02 6.832810044288635254e-01
7.286467552185058594e-01 -1.115006208419799805e-02 6.847988963127136230e-01
7.274488210678100586e-01 -7.876777090132236481e-03 6.861166954040527344e-01
7.262843251228332520e-01 -4.478687420487403870e-03 6.873798370361328125e-01
7.250167131423950195e-01 -7.043193909339606762e-04 6.887308955192565918e-01
7.235131263732910156e-01 3.709531622007489204e-03 6.903007030487060547e-01
7.216395139694213867e-01 9.024573490023612976e-03 6.922101974487304688e-01
7.192668914794921875e-01 1.549454312771558762e-02 6.945610046386718750e-01
7.162643074989318848e-01 2.336052805185317993e-02 6.974380016326904297e-01
7.124990224838256836e-01 3.283615037798881531e-02 7.009043097496032715e-01
7.078381180763244629e-01 4.410793632268905640e-02 7.049962878227233887e-01
7.021407485008239746e-01 5.733029171824455261e-02 7.097263336181640625e-01
6.952624320983886719e-01 7.261938601732254028e-02 7.150780558586120605e-01
6.870532631874084473e-01 9.004838764667510986e-02 7.210056185722351074e-01
6.773591041564941406e-01 1.096510738134384155e-01 7.274346947669982910e-01
6.660272479057312012e-01 1.314083933830261230e-01 7.342612147331237793e-01
6.529110074043273926e-01 1.552553772926330566e-01 7.413521409034729004e-01
6.378806829452514648e-01 1.810758113861083984e-01 7.485451102256774902e-01
6.208302974700927734e-01 2.086960971355438232e-01 7.556557655334472656e-01
6.016963720321655273e-01 2.378870844841003418e-01 7.624770402908325195e-01
5.804681181907653809e-01 2.683688402175903320e-01 7.687879800796508789e-01
5.572038292884826660e-01 2.998071610927581787e-01 7.743639945983886719e-01
5.320425629615783691e-01 3.318214118480682373e-01 7.789899706840515137e-01
5.052142739295959473e-01 3.640032112598419189e-01 7.824705839157104492e-01
4.770421087741851807e-01 3.959220945835113525e-01 7.846505641937255859e-01
4.479374289512634277e-01 4.271557033061981201e-01 7.854234576225280762e-01
4.183912575244903564e-01 4.573028087615966797e-01 7.847439050674438477e-01
3.889540135860443115e-01 4.860087633132934570e-01 7.826303243637084961e-01
3.602218329906463623e-01 5.129747390747070312e-01 7.791643738746643066e-01
3.328073322772979736e-01 5.379747152328491211e-01 7.744820713996887207e-01
3.073334693908691406e-01 5.608512759208679199e-01 7.687600255012512207e-01
2.844129502773284912e-01 5.815134644508361816e-01 7.622015476226806641e-01
2.646546959877014160e-01 5.999220609664916992e-01 7.550175189971923828e-01
2.486588358879089355e-01 6.160785555839538574e-01 7.474061846733093262e-01
2.370353490114212036e-01 6.299968361854553223e-01 7.395392656326293945e-01
2.304176986217498779e-01 6.416831612586975098e-01 7.315397262573242188e-01
2.294809967279434204e-01 6.511079668998718262e-01 7.234616875648498535e-01
2.349626421928405762e-01 6.581717729568481445e-01 7.152639031410217285e-01
2.476697564125061035e-01 6.626667380332946777e-01 7.067761421203613281e-01
2.684819996356964111e-01 6.642259955406188965e-01 6.976540684700012207e-01
2.983061969280242920e-01 6.622629165649414062e-01 6.873290538787841797e-01
3.379985690116882324e-01 6.559179425239562988e-01 6.749286055564880371e-01
3.881697058677673340e-01 6.439998745918273926e-01 6.592331528663635254e-01
4.488958716392517090e-01 6.249960660934448242e-01 6.386488676071166992e-01
5.192848443984985352e-01 5.971952080726623535e-01 6.113110184669494629e-01
5.970183014869689941e-01 5.590319037437438965e-01 5.753715634346008301e-01
6.781006455421447754e-01 5.096580386161804199e-01 5.295548439025878906e-01
7.571846842765808105e-01 4.496184587478637695e-01 4.738295972347259521e-01
8.286445736885070801e-01 3.812394142150878906e-01 4.098837673664093018e-01
8.880770802497863770e-01 3.083309233188629150e-01 3.409561812877655029e-01
9.333925843238830566e-01 2.352395653724670410e-01 2.709992229938507080e-01
9.649174213409423828e-01 1.657236367464065552e-01 2.036420106887817383e-01
9.846446514129638672e-01 1.022921204566955566e-01 1.414610892534255981e-01
9.952422380447387695e-01 4.610463231801986694e-02 8.583254367113113403e-02
9.993057250976562500e-01 -2.715500071644783020e-03 3.715915977954864502e-02
9.989899396896362305e-01 -4.467871412634849548e-02 -4.785349592566490173e-03
9.959217309951782227e-01 -8.059524744749069214e-02 -4.054887220263481140e-02
9.912557601928710938e-01 -1.113534346222877502e-01 -7.079832255840301514e-02
9.857771992683410645e-01 -1.377974748611450195e-01 -9.620293229818344116e-02
9.800027012825012207e-01 -1.606747806072235107e-01 -1.173816695809364319e-01
9.742615222930908203e-01 -1.806130409240722656e-01 -1.348828524351119995e-01
9.687560796737670898e-01 -1.981276124715805054e-01 -1.491875052452087402e-01
9.636047482490539551e-01 -2.136292159557342529e-01 -1.607118695974349976e-01
9.588695764541625977e-01 -2.274404913187026978e-01 -1.698234081268310547e-01
9.545766711235046387e-01 -2.398090958595275879e-01 -1.768470704555511475e-01
9.507296681404113770e-01 -2.509227693080902100e-01 -1.820738613605499268e-01
9.473165273666381836e-01 -2.609237134456634521e-01 -1.857697218656539917e-01
9.443169236183166504e-01 -2.699157893657684326e-01 -1.881778091192245483e-01
9.417057633399963379e-01 -2.779752016067504883e-01 -1.895258277654647827e-01
9.394527077674865723e-01 -2.851642966270446777e-01 -1.900258213281631470e-01
9.375258684158325195e-01 -2.915301620960235596e-01 -1.898822486400604248e-01
9.358903169631958008e-01 -2.971150279045104980e-01 -1.892933100461959839e-01
9.345073103904724121e-01 -3.019631505012512207e-01 -1.884524226188659668e-01
9.333334565162658691e-01 -3.061231374740600586e-01 -1.875560581684112549e-01
9.323189258575439453e-01 -3.096518218517303467e-01 -1.868079602718353271e-01
9.314046502113342285e-01 -3.126221299171447754e-01 -1.864208579063415527e-01
9.305220246315002441e-01 -3.151199817657470703e-01 -1.866229921579360962e-01
9.295879006385803223e-01 -3.172547519207000732e-01 -1.876586824655532837e-01
9.285039901733398438e-01 -3.191522955894470215e-01 -1.897948831319808960e-01
9.271522760391235352e-01 -3.209629058837890625e-01 -1.933175772428512573e-01
9.253902435302734375e-01 -3.228563666343688965e-01 -1.985361278057098389e-01
9.230514168739318848e-01 -3.250149786472320557e-01 -2.057701051235198975e-01
9.199364185333251953e-01 -3.276289999485015869e-01 -2.153512984514236450e-01
9.158135652542114258e-01 -3.308815062046051025e-01 -2.276023924350738525e-01
9.104135632514953613e-01 -3.349380791187286377e-01 -2.428245842456817627e-01
9.034326672554016113e-01 -3.399223387241363525e-01 -2.612703442573547363e-01
8.945349454879760742e-01 -3.459038436412811279e-01 -2.831215560436248779e-01
8.833680152893066406e-01 -3.528725802898406982e-01 -3.084508478641510010e-01
8.695798516273498535e-01 -3.607337474822998047e-01 -3.371973633766174316e-01
8.528513312339782715e-01 -3.692933619022369385e-01 -3.691435754299163818e-01
8.329349756240844727e-01 -3.782662749290466309e-01 -4.038984477519989014e-01
8.096947669982910156e-01 -3.872951269149780273e-01 -4.409046769142150879e-01
7.831503152847290039e-01 -3.959713280200958252e-01 -4.794603586196899414e-01
7.534978389739990234e-01 -4.038760960102081299e-01 -5.187726616859436035e-01
7.211169600486755371e-01 -4.106182456016540527e-01 -5.580169558525085449e-01
6.865448951721191406e-01 -4.158699214458465576e-01 -5.964128375053405762e-01
6.504361033439636230e-01 -4.193875491619110107e-01 -6.332827210426330566e-01
6.134968400001525879e-01 -4.210163354873657227e-01 -6.681068539619445801e-01
5.764251351356506348e-01 -4.206859171390533447e-01 -7.005407810211181641e-01
5.398501157760620117e-01 -4.183927178382873535e-01 -7.304171919822692871e-01
5.042937994003295898e-01 -4.141727089881896973e-01 -7.577260136604309082e-01
4.701521694660186768e-01 -4.080722630023956299e-01 -7.825816273689270020e-01
4.376824796199798584e-01 -4.001315832138061523e-01 -8.051886558532714844e-01
4.070174396038055420e-01 -3.903583884239196777e-01 -8.258069753646850586e-01
3.781765699386596680e-01 -3.787201046943664551e-01 -8.447210192680358887e-01
3.510886430740356445e-01 -3.651369810104370117e-01 -8.622133135795593262e-01
3.256073296070098877e-01 -3.494789302349090576e-01 -8.785467147827148438e-01
3.015393316745758057e-01 -3.315656781196594238e-01 -8.939452767372131348e-01
2.786552309989929199e-01 -3.111737072467803955e-01 -9.085825085639953613e-01
2.567126750946044922e-01 -2.880442738533020020e-01 -9.225665926933288574e-01
2.354719787836074829e-01 -2.618972063064575195e-01 -9.359288215637207031e-01
2.147144228219985962e-01 -2.324484139680862427e-01 -9.486123323440551758e-01
1.942635476589202881e-01 -1.994342803955078125e-01 -9.604622125625610352e-01
1.740046739578247070e-01 -1.626422703266143799e-01 -9.712207913398742676e-01
1.539067029953002930e-01 -1.219429224729537964e-01 -9.805318117141723633e-01
1.340440362691879272e-01 -7.732923328876495361e-02 -9.879536628723144531e-01
1.146124526858329773e-01 -2.895767986774444580e-02 -9.929881691932678223e-01
9.594257920980453491e-02 2.283303625881671906e-02 -9.951249957084655762e-01
7.849308103322982788e-02 7.750806212425231934e-02 -9.938970208168029785e-01
6.284019351005554199e-02 1.343536972999572754e-01 -9.889389276504516602e-01
4.964345321059226990e-02 1.925209462642669678e-01 -9.800363183021545410e-01
3.960692510008811951e-02 2.510888576507568359e-01 -9.671533703804016113e-01
3.343078121542930603e-02 3.091380894184112549e-01 -9.504294395446777344e-01
3.177025169134140015e-02 3.658156096935272217e-01 -9.301449060440063477e-01
3.520190715789794922e-02 4.203799366950988770e-01 -9.066650271415710449e-01
4.419770836830139160e-02 4.722165465354919434e-01 -8.803738951683044434e-01
5.910848826169967651e-02 5.208227634429931641e-01 -8.516160249710083008e-01
8.015095442533493042e-02 5.657754540443420410e-01 -8.206546306610107422e-01
1.073895543813705444e-01 6.066892147064208984e-01 -7.876519560813903809e-01
1.407156735658645630e-01 6.431784629821777344e-01 -7.526755332946777344e-01
1.798170804977416992e-01 6.748355627059936523e-01 -7.157253026962280273e-01
2.241552770137786865e-01 7.012287378311157227e-01 -6.767810583114624023e-01
2.729479968547821045e-01 7.219346761703491211e-01 -6.358535289764404297e-01
3.251732885837554932e-01 7.365914583206176758e-01 -5.930391550064086914e-01
3.796126544475555420e-01 7.449647784233093262e-01 -5.485633015632629395e-01
4.349237084388732910e-01 7.470192909240722656e-01 -5.027956366539001465e-01
4.897441864013671875e-01 7.429613471031188965e-01 -4.562445282936096191e-01
5.428085923194885254e-01 7.332522273063659668e-01 -4.095118343830108643e-01
5.930444598197937012e-01 7.185781002044677734e-01 -3.632406592369079590e-01
6.396455168724060059e-01 6.997845172882080078e-01 -3.180490136146545410e-01
6.820970773696899414e-01 6.777948141098022461e-01 -2.744771242141723633e-01
7.201618552207946777e-01 6.535283923149108887e-01 -2.329537123441696167e-01
7.538400292396545410e-01 6.278321743011474609e-01 -1.937832981348037720e-01
7.833096981048583984e-01 6.014399528503417969e-01 -1.571491509675979614e-01
8.088713288307189941e-01 5.749481916427612305e-01 -1.231332048773765564e-01
8.308948874473571777e-01 5.488143563270568848e-01 -9.174166619777679443e-02
8.497813940048217773e-01 5.233659148216247559e-01 -6.292615085840225220e-02
8.659328222274780273e-01 4.988188743591308594e-01 -3.660646080970764160e-02
8.797345161437988281e-01 4.752956330776214600e-01 -1.269169803708791733e-02
8.915446996688842773e-01 4.528449773788452148e-01 8.911168202757835388e-03
9.016895890235900879e-01 4.314576983451843262e-01 2.828555181622505188e-02
9.104611277580261230e-01 4.110843539237976074e-01 4.549952968955039978e-02
9.181195497512817383e-01 3.916422128677368164e-01 6.060401350259780884e-02
9.248934984207153320e-01 3.730288743972778320e-01 7.362982630729675293e-02
9.309816956520080566e-01 3.551297783851623535e-01 8.459231257438659668e-02
9.365561008453369141e-01 3.378194570541381836e-01 9.349226206541061401e-02
9.417603611946105957e-01 3.209730386734008789e-01 1.003181338310241699e-01
9.467117786407470703e-01 3.044669628143310547e-01 1.050556972622871399e-01
9.514997601509094238e-01 2.881850302219390869e-01 1.076916679739952087e-01
9.561855792999267578e-01 2.720246911048889160e-01 1.082205697894096375e-01
9.608008265495300293e-01 2.559013664722442627e-01 1.066593974828720093e-01
9.653484821319580078e-01 2.397556453943252563e-01 1.030514016747474670e-01
9.698023796081542969e-01 2.235639691352844238e-01 9.748134016990661621e-02
9.741123914718627930e-01 2.073389291763305664e-01 9.008642286062240601e-02
9.782083630561828613e-01 1.911446750164031982e-01 8.106831461191177368e-02
9.820101261138916016e-01 1.750947535037994385e-01 7.069540768861770630e-02
9.854368567466735840e-01 1.593613773584365845e-01 5.931365489959716797e-02
9.884200096130371094e-01 1.441703289747238159e-01 4.733641445636749268e-02
9.909145832061767578e-01 1.297932863235473633e-01 3.524281084537506104e-02
9.929070472717285156e-01 1.165367886424064636e-01 2.355165779590606689e-02
9.944186210632324219e-01 1.047257557511329651e-01 1.281150151044130325e-02
9.955008029937744141e-01 9.468620270490646362e-02 3.556611947715282440e-03
9.962260127067565918e-01 8.671694993972778320e-02 -3.709611250087618828e-03
9.966717362403869629e-01 8.107040822505950928e-02 -8.551245555281639099e-03
9.969016909599304199e-01 7.793611288070678711e-02 -1.062673516571521759e-02
9.969511032104492188e-01 7.742241770029067993e-02 -9.703541174530982971e-03
9.968149065971374512e-01 7.954763621091842651e-02 -5.680351518094539642e-03
9.964449405670166016e-01 8.423543721437454224e-02 1.413951162248849869e-03
9.957566261291503906e-01 9.131546318531036377e-02 1.141545083373785019e-02
9.946424961090087891e-01 1.005403175950050354e-01 2.403777837753295898e-02
9.929925799369812012e-01 1.115906760096549988e-01 3.889860212802886963e-02
9.907130002975463867e-01 1.241099312901496887e-01 5.553857982158660889e-02
9.877412319183349609e-01 1.377305686473846436e-01 7.346756756305694580e-02
9.840564727783203125e-01 1.520974487066268921e-01 9.219066798686981201e-02
9.796776771545410156e-01 1.668967455625534058e-01 1.112534552812576294e-01
9.746549129486083984e-01 1.818805634975433350e-01 1.302587091922760010e-01
9.690569639205932617e-01 1.968729346990585327e-01 1.488948613405227661e-01
9.629547595977783203e-01 2.117771357297897339e-01 1.669388860464096069e-01
9.564073681831359863e-01 2.265727221965789795e-01 1.842542588710784912e-01
9.494493007659912109e-01 2.413093000650405884e-01 2.007882893085479736e-01
9.420840144157409668e-01 2.560904324054718018e-01 2.165535986423492432e-01
9.342800378799438477e-01 2.710636854171752930e-01 2.316144406795501709e-01
9.259704947471618652e-01 2.864042520523071289e-01 2.460715025663375854e-01
9.170571565628051758e-01 3.022987842559814453e-01 2.600413262844085693e-01
9.074138998985290527e-01 3.189341425895690918e-01 2.736438214778900146e-01
8.968936800956726074e-01 3.364802002906799316e-01 2.869891822338104248e-01
8.853374719619750977e-01 3.550804853439331055e-01 3.001589775085449219e-01
8.725812435150146484e-01 3.748377263545989990e-01 3.132069408893585205e-01
8.584710359573364258e-01 3.958033025264739990e-01 3.261397480964660645e-01
8.428692817687988281e-01 4.179740846157073975e-01 3.389233052730560303e-01
8.256744146347045898e-01 4.412810802459716797e-01 3.514722883701324463e-01
8.068311214447021484e-01 4.655909240245819092e-01 3.636599481105804443e-01
7.863464951515197754e-01 4.907097220420837402e-01 3.753174245357513428e-01
7.642960548400878906e-01 5.163925290107727051e-01 3.862515091896057129e-01
7.408357858657836914e-01 5.423557758331298828e-01 3.962480127811431885e-01
7.161962389945983887e-01 5.682993531227111816e-01 4.050909876823425293e-01
6.906797885894775391e-01 5.939221978187561035e-01 4.125745892524719238e-01
6.646440625190734863e-01 6.189491748809814453e-01 4.185094237327575684e-01
6.384821534156799316e-01 6.431455016136169434e-01 4.227344095706939697e-01
6.125991940498352051e-01 6.663315296173095703e-01 4.251170158386230469e-01
5.873863101005554199e-01 6.883928775787353516e-01 4.255498051643371582e-01
5.631992816925048828e-01 7.092804312705993652e-01 4.239433407783508301e-01
5.403366088867187500e-01 7.290078997611999512e-01 4.202187657356262207e-01
5.190261602401733398e-01 7.476459145545959473e-01 4.142915308475494385e-01
4.994120895862579346e-01 7.653092145919799805e-01 4.060656130313873291e-01
4.815492033958435059e-01 7.821484804153442383e-01 3.954163491725921631e-01
4.654007554054260254e-01 7.983337044715881348e-01 3.821850419044494629e-01
4.508361220359802246e-01 8.140445947647094727e-01 3.661670088768005371e-01
4.376285970211029053e-01 8.294559121131896973e-01 3.471081554889678955e-01
4.254558384418487549e-01 8.447238206863403320e-01 3.246983289718627930e-01
4.139021039009094238e-01 8.599634766578674316e-01 2.985765933990478516e-01
4.024523496627807617e-01 8.752323389053344727e-01 2.683290541172027588e-01
3.904962539672851562e-01 8.904995322227478027e-01 2.335021197795867920e-01
3.773335516452789307e-01 9.056096673011779785e-01 1.936247348785400391e-01
3.621759712696075439e-01 9.202464222908020020e-01 1.482400000095367432e-01
3.441788852214813232e-01 9.338837265968322754e-01 9.696485847234725952e-02
3.224748671054840088e-01 9.457507133483886719e-01 3.956618532538414001e-02
2.962452471256256104e-01 9.548121094703674316e-01 -2.392885461449623108e-02
2.648174762725830078e-01 9.597926735877990723e-01 -9.311050921678543091e-02
2.277913838624954224e-01 9.592713117599487305e-01 -1.670619100332260132e-01
1.851819455623626709e-01 9.518536329269409180e-01 -2.442997097969055176e-01
1.375217139720916748e-01 9.364235401153564453e-01 -3.227982223033905029e-01
8.588600158691406250e-02 9.124055504798889160e-01 -4.001746177673339844e-01
3.180105239152908325e-02 8.799554705619812012e-01 -4.739906489849090576e-01
-2.295984141528606415e-02 8.399959802627563477e-01 -5.421066284179687500e-01
-7.664062827825546265e-02 7.940677404403686523e-01 -6.029780507087707520e-01
-1.277408450841903687e-01 7.440487742424011230e-01 -6.558000445365905762e-01
-1.751542091369628906e-01 6.918541789054870605e-01 -7.004704475402832031e-01
-2.182120680809020996e-01 6.391912102699279785e-01 -7.374401688575744629e-01
-2.566375732421875000e-01 5.874274969100952148e-01 -7.675064206123352051e-01
-2.904469966888427734e-01 5.375568270683288574e-01 -7.916268706321716309e-01
-3.198660016059875488e-01 4.902336299419403076e-01 -8.107753396034240723e-01
-3.452321290969848633e-01 4.458380937576293945e-01 -8.258590102195739746e-01
-3.669397532939910889e-01 4.045497775077819824e-01 -8.376722335815429688e-01
-3.853986263275146484e-01 3.664072155952453613e-01 -8.468846082687377930e-01
-4.010038673877716064e-01 3.313665688037872314e-01 -8.540445566177368164e-01
-4.141273498535156250e-01 2.993330955505371094e-01 -8.595919013023376465e-01
-4.251117110252380371e-01 2.701873779296875000e-01 -8.638742566108703613e-01
-4.342668652534484863e-01 2.438012659549713135e-01 -8.671638965606689453e-01
-4.418707787990570068e-01 2.200547903776168823e-01 -8.696701526641845703e-01
-4.481767416000366211e-01 1.988327354192733765e-01 -8.715521693229675293e-01
-4.534098207950592041e-01 1.800344586372375488e-01 -8.729301691055297852e-01
-4.577728211879730225e-01 1.635754257440567017e-01 -8.738919496536254883e-01
-4.614502787590026855e-01 1.493805795907974243e-01 -8.744993209838867188e-01
-4.646039605140686035e-01 1.373934149742126465e-01 -8.747949004173278809e-01
-4.673836529254913330e-01 1.275679767131805420e-01 -8.748022913932800293e-01
-4.699214696884155273e-01 1.198661476373672485e-01 -8.745318651199340820e-01
-4.723350107669830322e-01 1.142619773745536804e-01 -8.739815950393676758e-01
-4.747318327426910400e-01 1.107328459620475769e-01 -8.731368184089660645e-01
-4.772053360939025879e-01 1.092581599950790405e-01 -8.719735145568847656e-01
-4.798405766487121582e-01 1.098207980394363403e-01 -8.704552650451660156e-01
-4.827123582363128662e-01 1.124021783471107483e-01 -8.685358762741088867e-01
-4.858879148960113525e-01 1.169767007231712341e-01 -8.661578297615051270e-01
-4.894244372844696045e-01 1.235194727778434753e-01 -8.632535338401794434e-01
-4.933776259422302246e-01 1.319909989833831787e-01 -8.597423434257507324e-01
-4.977884888648986816e-01 1.423447132110595703e-01 -8.555375933647155762e-01
-5.026996731758117676e-01 1.545238643884658813e-01 -8.505382537841796875e-01
-5.081388354301452637e-01 1.684551537036895752e-01 -8.446406722068786621e-01
-5.141327381134033203e-01 1.840513050556182861e-01 -8.377306461334228516e-01
-5.206946730613708496e-01 2.012097239494323730e-01 -8.296936750411987305e-01
-5.278312563896179199e-01 2.198101431131362915e-01 -8.204130530357360840e-01
-5.355351567268371582e-01 2.397160828113555908e-01 -8.097766637802124023e-01
-5.437842011451721191e-01 2.607694566249847412e-01 -7.976828813552856445e-01
-5.525439381599426270e-01 2.827974855899810791e-01 -7.840412855148315430e-01
-5.617555975914001465e-01 3.056114315986633301e-01 -7.687861919403076172e-01
-5.713478922843933105e-01 3.290084898471832275e-01 -7.518743872642517090e-01
-5.812227129936218262e-01 3.527767658233642578e-01 -7.332998514175415039e-01
-5.912656784057617188e-01 3.766980469226837158e-01 -7.130943536758422852e-01
-6.013435721397399902e-01 4.005572795867919922e-01 -6.913318037986755371e-01
-6.113111972808837891e-01 4.241480827331542969e-01 -6.681295037269592285e-01
-6.210118532180786133e-01 4.472804367542266846e-01 -6.436493992805480957e-01
-6.302878260612487793e-01 4.697853922843933105e-01 -6.180929541587829590e-01
-6.389883756637573242e-01 4.915227293968200684e-01 -5.916917920112609863e-01
-6.469737887382507324e-01 5.123861432075500488e-01 -5.646993517875671387e-01
-6.541239619255065918e-01 5.323039889335632324e-01 -5.373773574829101562e-01
-6.603426337242126465e-01 5.512368083000183105e-01 -5.099858641624450684e-01
-6.655617356300354004e-01 5.691777467727661133e-01 -4.827673137187957764e-01
-6.697418093681335449e-01 5.861489772796630859e-01 -4.559334218502044678e-01
-6.728690266609191895e-01 6.021923422813415527e-01 -4.296646118164062500e-01
-6.749561429023742676e-01 6.173642277717590332e-01 -4.040984511375427246e-01
-6.760357618331909180e-01 6.317324042320251465e-01 -3.793280422687530518e-01
-6.761567592620849609e-01 6.453669667243957520e-01 -3.554061651229858398e-01
-6.753801703453063965e-01 6.583380103111267090e-01 -3.323443233966827393e-01
-6.737733483314514160e-01 6.707112789154052734e-01 -3.101223707199096680e-01
-6.714063286781311035e-01 6.825475692749023438e-01 -2.886906862258911133e-01
-6.683485507965087891e-01 6.938998103141784668e-01 -2.679801285266876221e-01
-6.646671891212463379e-01 7.048103213310241699e-01 -2.479112297296524048e-01
-6.604230999946594238e-01 7.153160572052001953e-01 -2.283952087163925171e-01
-6.556712985038757324e-01 7.254437208175659180e-01 -2.093477249145507812e-01
-6.504626274108886719e-01 7.352115511894226074e-01 -1.906887888908386230e-01
-6.448413729667663574e-01 7.446299195289611816e-01 -1.723542511463165283e-01
-6.388480663299560547e-01 7.537023425102233887e-01 -1.542920172214508057e-01
-6.325216889381408691e-01 7.624245285987854004e-01 -1.364744454622268677e-01
-6.258991956710815430e-01 7.707886099815368652e-01 -1.188914999365806580e-01
-6.190215945243835449e-01 7.787800431251525879e-01 -1.015570610761642456e-01
-6.119308471679687500e-01 7.863838076591491699e-01 -8.450519293546676636e-02
-6.046741008758544922e-01 7.935832738876342773e-01 -6.778649985790252686e-02
-5.973026156425476074e-01 8.003627061843872070e-01 -5.146970972418785095e-02
-5.898733139038085938e-01 8.067092895507812500e-01 -3.563064709305763245e-02
-5.824472308158874512e-01 8.126136064529418945e-01 -2.035382203757762909e-02
-5.750874280929565430e-01 8.180720210075378418e-01 -5.723854526877403259e-03
-5.678575634956359863e-01 8.230862617492675781e-01 8.177028968930244446e-03
-5.608242750167846680e-01 8.276615142822265625e-01 2.127285487949848175e-02
-5.540475845336914062e-01 8.318108320236206055e-01 3.349538147449493408e-02
-5.475856661796569824e-01 8.355500698089599609e-01 4.478780925273895264e-02
-5.414914488792419434e-01 8.388983607292175293e-01 5.510496348142623901e-02
-5.358119010925292969e-01 8.418769240379333496e-01 6.441093236207962036e-02
-5.305849313735961914e-01 8.445098400115966797e-01 7.268232852220535278e-02
-5.258434414863586426e-01 8.468201160430908203e-01 7.990285754203796387e-02
-5.216118097305297852e-01 8.488309979438781738e-01 8.606429398059844971e-02
-5.179074406623840332e-01 8.505651354789733887e-01 9.116424620151519775e-02
-5.147391557693481445e-01 8.520444631576538086e-01 9.520429372787475586e-02
-5.121111869812011719e-01 8.532886505126953125e-01 9.818683564662933350e-02
-5.100191235542297363e-01 8.543168306350708008e-01 1.001161038875579834e-01
-5.084524154663085938e-01 8.551470041275024414e-01 1.009944528341293335e-01
-5.073946118354797363e-01 8.557950258255004883e-01 1.008240357041358948e-01
-5.068225860595703125e-01 8.562768697738647461e-01 9.960293024778366089e-02
-5.067073702812194824e-01 8.566064834594726562e-01 9.732932597398757935e-02
-5.070127248764038086e-01 8.567979335784912109e-01 9.399689733982086182e-02
-5.076974630355834961e-01 8.568634986877441406e-01 8.960063755512237549e-02
-5.087133646011352539e-01 8.568152785301208496e-01 8.413251489400863647e-02
-5.100071430206298828e-01 8.566639423370361328e-01 7.758662104606628418e-02
-5.115184783935546875e-01 8.564197421073913574e-01 6.995742768049240112e-02
-5.131837725639343262e-01 8.560910224914550781e-01 6.124191358685493469e-02
-5.149325728416442871e-01 8.556857705116271973e-01 5.144240334630012512e-02
-5.166922211647033691e-01 8.552097082138061523e-01 4.056452587246894836e-02
-5.183874368667602539e-01 8.546667695045471191e-01 2.862254343926906586e-02
-5.199388265609741211e-01 8.540603518486022949e-01 1.563561521470546722e-02
-5.212707519531250000e-01 8.533897399902343750e-01 1.635110238566994667e-03
-5.223069190979003906e-01 8.526532053947448730e-01 -1.334228180348873138e-02
-5.229759812355041504e-01 8.518455028533935547e-01 -2.924592979252338409e-02
-5.232108831405639648e-01 8.509598970413208008e-01 -4.601768776774406433e-02
-5.229533910751342773e-01 8.499861359596252441e-01 -6.358637660741806030e-02
-5.221546888351440430e-01 8.489118218421936035e-01 -8.187296986579895020e-02
-5.207746624946594238e-01 8.477237224578857422e-01 -1.007884070277214050e-01
-5.187867879867553711e-01 8.464059829711914062e-01 -1.202375665307044983e-01
-5.161764621734619141e-01 8.449429273605346680e-01 -1.401192098855972290e-01
-5.129392743110656738e-01 8.433196544647216797e-01 -1.603287905454635620e-01
-5.090858936309814453e-01 8.415209054946899414e-01 -1.807597577571868896e-01
-5.046346783638000488e-01 8.395350575447082520e-01 -2.013073265552520752e-01
-4.996165037155151367e-01 8.373522162437438965e-01 -2.218662798404693604e-01
-4.940698146820068359e-01 8.349658846855163574e-01 -2.423364222049713135e-01
-4.880406260490417480e-01 8.323749303817749023e-01 -2.626182436943054199e-01
-4.815827608108520508e-01 8.295824527740478516e-01 -2.826144397258758545e-01
-4.747545123100280762e-01 8.265985846519470215e-01 -3.022299706935882568e-01
-4.676205217838287354e-01 8.234403133392333984e-01 -3.213674426078796387e-01
-4.602487087249755859e-01 8.201349973678588867e-01 -3.399260044097900391e-01
-4.527140259742736816e-01 8.167186379432678223e-01 -3.577999472618103027e-01
-4.450932443141937256e-01 8.132398128509521484e-01 -3.748773336410522461e-01
-4.374672770500183105e-01 8.097604513168334961e-01 -3.910375535488128662e-01
-4.299204647541046143e-01 8.063556551933288574e-01 -4.061512351036071777e-01
-4.225342273712158203e-01 8.031171560287475586e-01 -4.200805723667144775e-01
-4.153884947299957275e-01 8.001485466957092285e-01 -4.326831400394439697e-01
-4.085546433925628662e-01 7.975674867630004883e-01 -4.438121616840362549e-01
-4.020933806896209717e-01 7.954986691474914551e-01 -4.533242285251617432e-01
-3.960480093955993652e-01 7.940728068351745605e-01 -4.610795974731445312e-01
-3.904388546943664551e-01 7.934167385101318359e-01 -4.669553339481353760e-01
-3.852591216564178467e-01 7.936505675315856934e-01 -4.708440899848937988e-01
-3.804715871810913086e-01 7.948760986328125000e-01 -4.726663231849670410e-01
-3.760028779506683350e-01 7.971727848052978516e-01 -4.723742604255676270e-01
-3.717467188835144043e-01 8.005903959274291992e-01 -4.699567854404449463e-01
-3.675608634948730469e-01 8.051461577415466309e-01 -4.654445946216583252e-01
-3.632702827453613281e-01 8.108221292495727539e-01 -4.589142203330993652e-01
-3.586740493774414062e-01 8.175665140151977539e-01 -4.504863023757934570e-01
-3.535490930080413818e-01 8.252966403961181641e-01 -4.403277337551116943e-01
-3.476561605930328369e-01 8.339058756828308105e-01 -4.286445677280426025e-01
-3.407480120658874512e-01 8.432697653770446777e-01 -4.156764745712280273e-01
-3.325756192207336426e-01 8.532523512840270996e-01 -4.016887843608856201e-01
-3.228903710842132568e-01 8.637146949768066406e-01 -3.869609236717224121e-01
-3.114499449729919434e-01 8.745189309120178223e-01 -3.717736005783081055e-01
-2.980184257030487061e-01 8.855296969413757324e-01 -3.564016819000244141e-01
-2.823674082756042480e-01 8.966163992881774902e-01 -3.410977721214294434e-01
-2.642730474472045898e-01 9.076496958732604980e-01 -3.260856270790100098e-01
-2.435171008110046387e-01 9.184966683387756348e-01 -3.115496933460235596e-01
-2.198847532272338867e-01 9.290136694908142090e-01 -2.976311147212982178e-01
-1.931674927473068237e-01 9.390375018119812012e-01 -2.844203412532806396e-01
-1.631662696599960327e-01 9.483753442764282227e-01 -2.719577252864837646e-01
-1.297034770250320435e-01 9.567961096763610840e-01 -2.602272331714630127e-01
-9.263293445110321045e-02 9.640214443206787109e-01 -2.491619884967803955e-01
-5.186452344059944153e-02 9.697215557098388672e-01 -2.386422157287597656e-01
-7.388713769614696503e-03 9.735152125358581543e-01 -2.285028398036956787e-01
4.069431498646736145e-02 9.749786853790283203e-01 -2.185421586036682129e-01
9.214197099208831787e-02 9.736658334732055664e-01 -2.085297852754592896e-01
1.465424746274948120e-01 9.691388010978698730e-01 -1.982304006814956665e-01
2.033033072948455811e-01 9.610106945037841797e-01 -1.874197870492935181e-01
2.616553604602813721e-01 9.489949941635131836e-01 -1.759119331836700439e-01
3.206881284713745117e-01 9.329524636268615723e-01 -1.635813117027282715e-01
3.794043064117431641e-01 9.129281044006347656e-01 -1.503814756870269775e-01
4.368053078651428223e-01 8.891612291336059570e-01 -1.363576352596282959e-01
4.919702112674713135e-01 8.620720505714416504e-01 -1.216430440545082092e-01
5.441367626190185547e-01 8.322158455848693848e-01 -1.064516380429267883e-01
5.927487611770629883e-01 8.002240657806396484e-01 -9.105180948972702026e-02
6.374809741973876953e-01 7.667329907417297363e-01 -7.575280219316482544e-02
6.782271265983581543e-01 7.323273420333862305e-01 -6.086558848619461060e-02
7.150680422782897949e-01 6.974934935569763184e-01 -4.669657722115516663e-02
7.482248544692993164e-01 6.625978946685791016e-01 -3.352230042219161987e-02
7.780092954635620117e-01 6.278820633888244629e-01 -2.158179134130477905e-02
8.047806620597839355e-01 5.934690237045288086e-01 -1.107494160532951355e-02
8.289021849632263184e-01 5.593892335891723633e-01 -2.153276000171899796e-03
8.507196307182312012e-01 5.255953073501586914e-01 5.070891231298446655e-03
8.705360293388366699e-01 4.919920265674591064e-01 1.053228229284286499e-02
8.886030912399291992e-01 4.584569633007049561e-01 1.420196145772933960e-02
9.051150083541870117e-01 4.248620569705963135e-01 1.609295792877674103e-02
9.202092289924621582e-01 3.910892307758331299e-01 1.625144109129905701e-02
9.339705109596252441e-01 3.570450246334075928e-01 1.475980225950479507e-02
9.464384913444519043e-01 3.226709365844726562e-01 1.172823458909988403e-02
9.576179385185241699e-01 2.879489958286285400e-01 7.299376651644706726e-03
9.674890041351318359e-01 2.529077231884002686e-01 1.637677196413278580e-03
9.760205149650573730e-01 2.176196575164794922e-01 -5.068054422736167908e-03
9.831802845001220703e-01 1.822016984224319458e-01 -1.261721551418304443e-02
9.889461994171142578e-01 1.468091607093811035e-01 -2.079344913363456726e-02
9.933157563209533691e-01 1.116271913051605225e-01 -2.938093245029449463e-02
9.963113069534301758e-01 7.685945928096771240e-02 -3.816236928105354309e-02
9.979840517044067383e-01 4.272432625293731689e-02 -4.693062976002693176e-02
9.984145760536193848e-01 9.439921006560325623e-03 -5.549161508679389954e-02
9.977106451988220215e-01 -2.278562448918819427e-02 -6.367320567369461060e-02
9.960028529167175293e-01 -5.376394838094711304e-02 -7.132904231548309326e-02
9.934379458427429199e-01 -8.333174139261245728e-02 -7.833903282880783081e-02
9.901715517044067383e-01 -1.113564521074295044e-01 -8.461745083332061768e-02
9.863605499267578125e-01 -1.377418637275695801e-01 -9.011068940162658691e-02
9.821551442146301270e-01 -1.624305397272109985e-01 -9.480308741331100464e-02
9.776905775070190430e-01 -1.854091882705688477e-01 -9.871482849121093750e-02
9.730814099311828613e-01 -2.067048996686935425e-01 -1.019093692302703857e-01
9.684172272682189941e-01 -2.263856828212738037e-01 -1.044866144657135010e-01
9.637566804885864258e-01 -2.445640861988067627e-01 -1.065898314118385315e-01
9.591260552406311035e-01 -2.613919973373413086e-01 -1.084042862057685852e-01
9.545171260833740234e-01 -2.770603299140930176e-01 -1.101570203900337219e-01
9.498873949050903320e-01 -2.917939722537994385e-01 -1.121171861886978149e-01
9.451581239700317383e-01 -3.058524131774902344e-01 -1.145878583192825317e-01
9.402155876159667969e-01 -3.195168972015380859e-01 -1.179127618670463562e-01
9.349092245101928711e-01 -3.330882489681243896e-01 -1.224617660045623779e-01
9.290502667427062988e-01 -3.468726873397827148e-01 -1.286269873380661011e-01
9.224059581756591797e-01 -3.611763715744018555e-01 -1.368167549371719360e-01
9.146977663040161133e-01 -3.762833476066589355e-01 -1.474408209323883057e-01
9.055965542793273926e-01 -3.924373984336853027e-01 -1.608962863683700562e-01
8.947187066078186035e-01 -4.098236560821533203e-01 -1.775472015142440796e-01
8.816247582435607910e-01 -4.285453557968139648e-01 -1.977031826972961426e-01
8.658332228660583496e-01 -4.485893249511718750e-01 -2.215862721204757690e-01
8.468351364135742188e-01 -4.698120653629302979e-01 -2.492927163839340210e-01
8.241342902183532715e-01 -4.919112026691436768e-01 -2.807595729827880859e-01
7.972993254661560059e-01 -5.144250988960266113e-01 -3.157224655151367188e-01
7.660330533981323242e-01 -5.367398858070373535e-01 -3.537000715732574463e-01
7.302466034889221191e-01 -5.581341385841369629e-01 -3.939874470233917236e-01
6.901247501373291016e-01 -5.778381824493408203e-01 -4.356960058212280273e-01
6.461572051048278809e-01 -5.951219797134399414e-01 -4.778186678886413574e-01
5.991304516792297363e-01 -6.093750596046447754e-01 -5.193310976028442383e-01
5.500580668449401855e-01 -6.201832294464111328e-01 -5.592931509017944336e-01
5.000794529914855957e-01 -6.273567676544189453e-01 -5.969455242156982422e-01
4.503386020660400391e-01 -6.309282183647155762e-01 -6.317632198333740234e-01
4.018739461898803711e-01 -6.311119198799133301e-01 -6.634718775749206543e-01
3.555402159690856934e-01 -6.282421350479125977e-01 -6.920281648635864258e-01
3.119687139987945557e-01 -6.227073669433593750e-01 -7.175730466842651367e-01
2.715590298175811768e-01 -6.148943901062011719e-01 -7.403787374496459961e-01
2.345012426376342773e-01 -6.051452159881591797e-01 -7.607946395874023438e-01
2.008046209812164307e-01 -5.937255620956420898e-01 -7.792094349861145020e-01
1.703336685895919800e-01 -5.808144211769104004e-01 -7.960157394409179688e-01
1.428412497043609619e-01 -5.664941668510437012e-01 -8.115915060043334961e-01
1.179927811026573181e-01 -5.507513284683227539e-01 -8.262872099876403809e-01
9.539091587066650391e-02 -5.334797501564025879e-01 -8.404165506362915039e-01
7.459026575088500977e-02 -5.144887566566467285e-01 -8.542468547821044922e-01
5.511481687426567078e-02 -4.935036897659301758e-01 -8.679956793785095215e-01
3.646390140056610107e-02 -4.701806902885437012e-01 -8.818165659904479980e-01
1.812911778688430786e-02 -4.441097676753997803e-01 -8.957889080047607422e-01
-3.970863472204655409e-04 -4.148372411727905273e-01 -9.098955988883972168e-01
-1.959939487278461456e-02 -3.818814158439636230e-01 -9.240034222602844238e-01
-3.992237150669097900e-02 -3.447710275650024414e-01 -9.378374218940734863e-01
-6.173904240131378174e-02 -3.030922412872314453e-01 -9.509592652320861816e-01
-8.531466126441955566e-02 -2.565535306930541992e-01 -9.627573490142822266e-01
-1.107673496007919312e-01 -2.050719559192657471e-01 -9.724587798118591309e-01
-1.380302160978317261e-01 -1.488585919141769409e-01 -9.791775941848754883e-01
-1.668219715356826782e-01 -8.849763870239257812e-02 -9.820073843002319336e-01
-1.966538876295089722e-01 -2.498093433678150177e-02 -9.801546931266784668e-01
-2.268582284450531006e-01 4.032080247998237610e-02 -9.730927944183349609e-01
-2.566753327846527100e-01 1.057764738798141479e-01 -9.606919288635253906e-01
-2.853470444679260254e-01 1.696719378232955933e-01 -9.432859420776367188e-01
-3.122192919254302979e-01 2.304195463657379150e-01 -9.216430783271789551e-01
-3.368192911148071289e-01 2.867280244827270508e-01 -8.968499898910522461e-01
-3.588815927505493164e-01 3.377024233341217041e-01 -8.701500296592712402e-01
-3.783412277698516846e-01 3.828628361225128174e-01 -8.427774906158447266e-01
-3.952906131744384766e-01 4.220874309539794922e-01 -8.158354759216308594e-01
-4.099330604076385498e-01 4.555265009403228760e-01 -7.902217507362365723e-01
-4.225283861160278320e-01 4.835058450698852539e-01 -7.666106224060058594e-01
-4.333604276180267334e-01 5.064423680305480957e-01 -7.454628944396972656e-01
-4.427060484886169434e-01 5.247877836227416992e-01 -7.270550727844238281e-01
-4.508209228515625000e-01 5.389856696128845215e-01 -7.115159630775451660e-01
-4.579292237758636475e-01 5.494515299797058105e-01 -6.988589763641357422e-01
-4.642244577407836914e-01 5.565664768218994141e-01 -6.890060305595397949e-01
-4.698637127876281738e-01 5.606773495674133301e-01 -6.818130016326904297e-01
-4.749742746353149414e-01 5.621060132980346680e-01 -6.770792603492736816e-01
-4.796541333198547363e-01 5.611624121665954590e-01 -6.745581030845642090e-01
-4.839747250080108643e-01 5.581539869308471680e-01 -6.739678382873535156e-01
-4.879890084266662598e-01 5.534003376960754395e-01 -6.749925017356872559e-01
-4.917292892932891846e-01 5.472458004951477051e-01 -6.772919297218322754e-01
-4.952185153961181641e-01 5.400633811950683594e-01 -6.805072426795959473e-01
-4.984685480594635010e-01 5.322650074958801270e-01 -6.842683553695678711e-01
-5.014891028404235840e-01 5.242968797683715820e-01 -6.882016062736511230e-01
-5.042865872383117676e-01 5.166348814964294434e-01 -6.919417977333068848e-01
-5.068691372871398926e-01 5.097743868827819824e-01 -6.951358318328857422e-01
-5.092424750328063965e-01 5.042148828506469727e-01 -6.974521279335021973e-01
-5.114135742187500000e-01 5.004371404647827148e-01 -6.985833644866943359e-01
-5.133828520774841309e-01 4.988847970962524414e-01 -6.982492208480834961e-01
-5.151441693305969238e-01 4.999384880065917969e-01 -6.961953639984130859e-01
-5.166758298873901367e-01 5.038975477218627930e-01 -6.921946406364440918e-01
-5.179445743560791016e-01 5.109543800354003906e-01 -6.860460042953491211e-01
-5.188970565795898438e-01 5.211839079856872559e-01 -6.775789260864257812e-01
-5.194665193557739258e-01 5.345326662063598633e-01 -6.666553020477294922e-01
-5.195720195770263672e-01 5.508126020431518555e-01 -6.531847715377807617e-01
-5.191296339035034180e-01 5.697102546691894531e-01 -6.371299624443054199e-01
-5.180605649948120117e-01 5.907996892929077148e-01 -6.185216903686523438e-01
-5.162972211837768555e-01 6.135707497596740723e-01 -5.974680781364440918e-01
-5.138017535209655762e-01 6.374612450599670410e-01 -5.741523504257202148e-01
-5.105622410774230957e-01 6.618945002555847168e-01 -5.488367676734924316e-01
-5.066024661064147949e-01 6.863189339637756348e-01 -5.218431353569030762e-01
-5.019789338111877441e-01 7.102394700050354004e-01 -4.935351610183715820e-01
-4.967705011367797852e-01 7.332440018653869629e-01 -4.642976522445678711e-01
-4.910764694213867188e-01 7.550143003463745117e-01 -4.345082342624664307e-01
-4.850018024444580078e-01 7.753289341926574707e-01 -4.045222997665405273e-01
-4.786490201950073242e-01 7.940593957901000977e-01 -3.746529519557952881e-01
-4.721136987209320068e-01 8.111535906791687012e-01 -3.451644778251647949e-01
-4.654757380485534668e-01 8.266227245330810547e-01 -3.162705898284912109e-01
-4.588015973567962646e-01 8.405230641365051270e-01 -2.881353497505187988e-01
-4.521396458148956299e-01 8.529431819915771484e-01 -2.608785927295684814e-01
-4.455266594886779785e-01 8.639886975288391113e-01 -2.345837205648422241e-01
-4.389863312244415283e-01 8.737747669219970703e-01 -2.093054205179214478e-01
-4.325349330902099609e-01 8.824173212051391602e-01 -1.850764602422714233e-01
-4.261825382709503174e-01 8.900292515754699707e-01 -1.619146764278411865e-01
-4.199373126029968262e-01 8.967167139053344727e-01 -1.398277729749679565e-01
-4.138061702251434326e-01 9.025780558586120605e-01 -1.188163384795188904e-01
-4.077982604503631592e-01 9.077025055885314941e-01 -9.887740761041641235e-02
-4.019246399402618408e-01 9.121710062026977539e-01 -8.000387996435165405e-02
-3.961995840072631836e-01 9.160558581352233887e-01 -6.218902021646499634e-02
-3.906422555446624756e-01 9.194213151931762695e-01 -4.542150348424911499e-02
-3.852745890617370605e-01 9.223242402076721191e-01 -2.968900837004184723e-02
-3.801239728927612305e-01 9.248142838478088379e-01 -1.497600413858890533e-02
-3.752202689647674561e-01 9.269348382949829102e-01 -1.262896694242954254e-03
-3.705977797508239746e-01 9.287225604057312012e-01 1.147437840700149536e-02
-3.662949800491333008e-01 9.302079677581787109e-01 2.326386794447898865e-02
-3.623527884483337402e-01 9.314154982566833496e-01 3.414034470915794373e-02
-3.588139116764068604e-01 9.323645830154418945e-01 4.414669424295425415e-02
-3.557232916355133057e-01 9.330685138702392578e-01 5.333009734749794006e-02
-3.531275987625122070e-01 9.335352182388305664e-01 6.174879521131515503e-02
-3.510716557502746582e-01 9.337679147720336914e-01 6.947018206119537354e-02
-3.495986461639404297e-01 9.337652325630187988e-01 7.657138258218765259e-02
-3.487456142902374268e-01 9.335223436355590820e-01 8.314175903797149658e-02
-3.485428690910339355e-01 9.330309629440307617e-01 8.928075432777404785e-02
-3.490079343318939209e-01 9.322819709777832031e-01 9.509871155023574829e-02
-3.501430153846740723e-01 9.312660694122314453e-01 1.007142588496208191e-01
-3.519297838211059570e-01 9.299766421318054199e-01 1.062492579221725464e-01
-3.543257415294647217e-01 9.284114241600036621e-01 1.118279546499252319e-01
-3.572606742382049561e-01 9.265763759613037109e-01 1.175629273056983948e-01
-3.606377243995666504e-01 9.244859814643859863e-01 1.235561370849609375e-01
-3.643313050270080566e-01 9.221674799919128418e-01 1.298841536045074463e-01
-3.681926429271697998e-01 9.196611642837524414e-01 1.365927010774612427e-01
-3.720582723617553711e-01 9.170203208923339844e-01 1.436887383460998535e-01
-3.757598400115966797e-01 9.143088459968566895e-01 1.511421352624893188e-01
-3.791348338127136230e-01 9.115995764732360840e-01 1.588806509971618652e-01
-3.820371329784393311e-01 9.089697599411010742e-01 1.667981147766113281e-01
-3.843502998352050781e-01 9.064948558807373047e-01 1.747622638940811157e-01
-3.859903812408447266e-01 9.042456150054931641e-01 1.826231926679611206e-01
-3.869100213050842285e-01 9.022827744483947754e-01 1.902275979518890381e-01
-3.870974183082580566e-01 9.006544351577758789e-01 1.974263191223144531e-01
-3.865703344345092773e-01 8.993958830833435059e-01 2.040843367576599121e-01
-3.853714168071746826e-01 8.985286951065063477e-01 2.100833803415298462e-01
-3.835589885711669922e-01 8.980621695518493652e-01 2.153299450874328613e-01
-3.812010884284973145e-01 8.979955911636352539e-01 2.197490483522415161e-01
-3.783682286739349365e-01 8.983207345008850098e-01 2.232878655195236206e-01
-3.751311600208282471e-01 8.990227580070495605e-01 2.259087264537811279e-01
-3.715538978576660156e-01 9.000840783119201660e-01 2.275882363319396973e-01
-3.676940202713012695e-01 9.014844298362731934e-01 2.283131778240203857e-01
-3.636036813259124756e-01 9.032018780708312988e-01 2.280761748552322388e-01
-3.593248128890991211e-01 9.052144289016723633e-01 2.268756181001663208e-01
-3.548945188522338867e-01 9.074991345405578613e-01 2.247114032506942749e-01
-3.503427207469940186e-01 9.100328087806701660e-01 2.215857952833175659e-01
-3.456962406635284424e-01 9.127911925315856934e-01 2.175003141164779663e-01
-3.409768939018249512e-01 9.157484769821166992e-01 2.124605625867843628e-01
-3.362081050872802734e-01 9.188766479492187500e-01 2.064699977636337280e-01
-3.314121365547180176e-01 9.221443533897399902e-01 1.995390802621841431e-01
-3.266158699989318848e-01 9.255161881446838379e-01 1.916817575693130493e-01
-3.218495249748229980e-01 9.289526939392089844e-01 1.829201132059097290e-01
-3.171513378620147705e-01 9.324086308479309082e-01 1.732893735170364380e-01
-3.125663697719573975e-01 9.358343482017517090e-01 1.628385186195373535e-01
-3.081506192684173584e-01 9.391748309135437012e-01 1.516369879245758057e-01
-3.039705157279968262e-01 9.423711299896240234e-01 1.397808194160461426e-01
-3.001016378402709961e-01 9.453626871109008789e-01 1.273900568485260010e-01
-2.966311872005462646e-01 9.480885863304138184e-01 1.146212369203567505e-01
-2.936525940895080566e-01 9.504913091659545898e-01 1.016589477658271790e-01
-2.912644743919372559e-01 9.525194168090820312e-01 8.872268348932266235e-02
-2.895659208297729492e-01 9.541313648223876953e-01 7.605884969234466553e-02
-2.886503636837005615e-01 9.552974104881286621e-01 6.393641233444213867e-02
-2.885969281196594238e-01 9.560027718544006348e-01 5.263469368219375610e-02
-2.894659638404846191e-01 9.562473297119140625e-01 4.243171215057373047e-02
-2.912904620170593262e-01 9.560447931289672852e-01 3.358772024512290955e-02
-2.940692305564880371e-01 9.554213881492614746e-01 2.632822655141353607e-02
-2.977656424045562744e-01 9.544116258621215820e-01 2.083349414169788361e-02
-3.023043274879455566e-01 9.530559778213500977e-01 1.721771247684955597e-02
-3.075763881206512451e-01 9.513966441154479980e-01 1.552721392363309860e-02
-3.134422004222869873e-01 9.494768977165222168e-01 1.573260687291622162e-02
-3.197434842586517334e-01 9.473381042480468750e-01 1.773447915911674500e-02
-3.263078033924102783e-01 9.450221657752990723e-01 2.136422134935855865e-02
-3.329644501209259033e-01 9.425696730613708496e-01 2.640116028487682343e-02
-3.395531475543975830e-01 9.400223493576049805e-01 3.258407488465309143e-02
-3.459306657314300537e-01 9.374230504035949707e-01 3.962311521172523499e-02
-3.519803285598754883e-01 9.348157048225402832e-01 4.721787944436073303e-02
-3.576124310493469238e-01 9.322450757026672363e-01 5.506820976734161377e-02
-3.627682924270629883e-01 9.297552704811096191e-01 6.288351118564605713e-02
-3.674186468124389648e-01 9.273881912231445312e-01 7.038865238428115845e-02
-3.715600371360778809e-01 9.251829981803894043e-01 7.732783257961273193e-02
-3.752144575119018555e-01 9.231726527214050293e-01 8.346474170684814453e-02
-3.784220218658447266e-01 9.213851094245910645e-01 8.857919275760650635e-02
-3.812393248081207275e-01 9.198403954505920410e-01 9.246700257062911987e-02
-3.837353885173797607e-01 9.185509085655212402e-01 9.492894262075424194e-02
-3.859884142875671387e-01 9.175186753273010254e-01 9.577223658561706543e-02
-3.880857825279235840e-01 9.167346954345703125e-01 9.479894489049911499e-02
-3.901167809963226318e-01 9.161773324012756348e-01 9.180415421724319458e-02
-3.921758830547332764e-01 9.158075451850891113e-01 8.657087385654449463e-02
-3.943578004837036133e-01 9.155666232109069824e-01 7.886522263288497925e-02
-3.967575728893280029e-01 9.153687953948974609e-01 6.843622028827667236e-02
-3.994662463665008545e-01 9.150956869125366211e-01 5.501435324549674988e-02
-4.025691747665405273e-01 9.145873785018920898e-01 3.831624612212181091e-02
-4.061400890350341797e-01 9.136325120925903320e-01 1.805344037711620331e-02
-4.102370440959930420e-01 9.119588136672973633e-01 -6.053559947758913040e-03
-4.148920476436614990e-01 9.092256426811218262e-01 -3.425474092364311218e-02
-4.201057255268096924e-01 9.050182700157165527e-01 -6.673161685466766357e-02
-4.258351922035217285e-01 8.988543152809143066e-01 -1.035627499222755432e-01
-4.319864809513092041e-01 8.902021646499633789e-01 -1.446641385555267334e-01
-4.384156167507171631e-01 8.785160779953002930e-01 -1.897398531436920166e-01
-4.449242353439331055e-01 8.633004426956176758e-01 -2.382324934005737305e-01
-4.512825310230255127e-01 8.441855311393737793e-01 -2.893004715442657471e-01
-4.572521150112152100e-01 8.210175633430480957e-01 -3.418342769145965576e-01
-4.626239538192749023e-01 7.939324975013732910e-01 -3.945252001285552979e-01
-4.672556817531585693e-01 7.633951902389526367e-01 -4.459819793701171875e-01
-4.710971117019653320e-01 7.301833629608154297e-01 -4.948736131191253662e-01
-4.742030203342437744e-01 6.953112483024597168e-01 -5.400683879852294922e-01
-4.767222106456756592e-01 6.599153876304626465e-01 -5.807301998138427734e-01
-4.788699448108673096e-01 6.251285076141357422e-01 -6.163585782051086426e-01
-4.808943271636962891e-01 5.919750928878784180e-01 -6.467659473419189453e-01
-4.830434620380401611e-01 5.613011121749877930e-01 -6.720194220542907715e-01
-4.855430424213409424e-01 5.337501764297485352e-01 -6.923574209213256836e-01
-4.885780215263366699e-01 5.097668170928955078e-01 -7.081167697906494141e-01
-4.922930598258972168e-01 4.896282255649566650e-01 -7.196608185768127441e-01
-4.967861771583557129e-01 4.734762907028198242e-01 -7.273402214050292969e-01
-5.021184086799621582e-01 4.613565802574157715e-01 -7.314555644989013672e-01
-5.083113312721252441e-01 4.532455801963806152e-01 -7.322486639022827148e-01
-5.153577327728271484e-01 4.490763545036315918e-01 -7.298882007598876953e-01
-5.232165455818176270e-01 4.487545788288116455e-01 -7.244747877120971680e-01
-5.318176746368408203e-01 4.521628618240356445e-01 -7.160437703132629395e-01
-5.410568714141845703e-01 4.591639339923858643e-01 -7.045750617980957031e-01
-5.507948994636535645e-01 4.695960581302642822e-01 -6.900033354759216309e-01
-5.608522891998291016e-01 4.832670390605926514e-01 -6.722334027290344238e-01
-5.710093379020690918e-01 4.999408125877380371e-01 -6.511585712432861328e-01
-5.810038447380065918e-01 5.193259716033935547e-01 -6.266857981681823730e-01
-5.905361771583557129e-01 5.410675406455993652e-01 -5.987595319747924805e-01
-5.992781519889831543e-01 5.647396445274353027e-01 -5.673930644989013672e-01
-6.068887114524841309e-01 5.898473262786865234e-01 -5.326972603797912598e-01
-6.130378246307373047e-01 6.158370971679687500e-01 -4.949033558368682861e-01
-6.174306869506835938e-01 6.421204209327697754e-01 -4.543795585632324219e-01
-6.198357343673706055e-01 6.681056022644042969e-01 -4.116293191909790039e-01
-6.201103329658508301e-01 6.932339668273925781e-01 -3.672733008861541748e-01
-6.182141304016113281e-01 7.170180082321166992e-01 -3.220192790031433105e-01
-6.142135858535766602e-01 7.390724420547485352e-01 -2.766110301017761230e-01
-6.082723140716552734e-01 7.591323852539062500e-01 -2.317818254232406616e-01
-6.006314158439636230e-01 7.770596146583557129e-01 -1.882026642560958862e-01
-5.915842056274414062e-01 7.928309440612792969e-01 -1.464487612247467041e-01
-5.814467668533325195e-01 8.065209984779357910e-01 -1.069744005799293518e-01
-5.705326199531555176e-01 8.182774186134338379e-01 -7.010433077812194824e-02
-5.591344833374023438e-01 8.282932639122009277e-01 -3.604154661297798157e-02
-5.475085377693176270e-01 8.367857933044433594e-01 -4.876811522990465164e-03
-5.358692407608032227e-01 8.439768552780151367e-01 2.339178882539272308e-02
-5.243867039680480957e-01 8.500784635543823242e-01 4.883747920393943787e-02
-5.131881237030029297e-01 8.552852272987365723e-01 7.158979028463363647e-02
-5.023628473281860352e-01 8.597681522369384766e-01 9.181669354438781738e-02
-4.919681549072265625e-01 8.636729121208190918e-01 1.097105666995048523e-01
-4.820343255996704102e-01 8.671205043792724609e-01 1.254793256521224976e-01
-4.725712835788726807e-01 8.702077865600585938e-01 1.393368244171142578e-01
-4.635746479034423828e-01 8.730103373527526855e-01 1.514979153871536255e-01
-4.550300240516662598e-01 8.755841851234436035e-01 1.621725112199783325e-01
-4.469180703163146973e-01 8.779693841934204102e-01 1.715633869171142578e-01
-4.392172992229461670e-01 8.801919817924499512e-01 1.798615753650665283e-01
-4.319069385528564453e-01 8.822673559188842773e-01 1.872454434633255005e-01
-4.249690771102905273e-01 8.842017650604248047e-01 1.938776224851608276e-01
-4.183904230594635010e-01 8.859956264495849609e-01 1.999028772115707397e-01
-4.121618866920471191e-01 8.876449465751647949e-01 2.054484188556671143e-01
-4.062803983688354492e-01 8.891430497169494629e-01 2.106201052665710449e-01
-4.007467627525329590e-01 8.904829621315002441e-01 2.155041545629501343e-01
-3.955672979354858398e-01 8.916578292846679688e-01 2.201652526855468750e-01
-3.907495737075805664e-01 8.926634788513183594e-01 2.246481180191040039e-01
-3.863039612770080566e-01 8.934978842735290527e-01 2.289774566888809204e-01
-3.822415769100189209e-01 8.941630721092224121e-01 2.331601679325103760e-01
-3.785733878612518311e-01 8.946650028228759766e-01 2.371852248907089233e-01
-3.753077983856201172e-01 8.950136899948120117e-01 2.410281449556350708e-01
-3.724508881568908691e-01 8.952239751815795898e-01 2.446515560150146484e-01
-3.700065612792968750e-01 8.953140974044799805e-01 2.480077147483825684e-01
-3.679744005203247070e-01 8.953058123588562012e-01 2.510423958301544189e-01
-3.663507103919982910e-01 8.952233791351318359e-01 2.536973357200622559e-01
-3.651256859302520752e-01 8.950930833816528320e-01 2.559131681919097900e-01
-3.642848134040832520e-01 8.949421644210815430e-01 2.576335668563842773e-01
-3.638083040714263916e-01 8.947972655296325684e-01 2.588077485561370850e-01
-3.636681735515594482e-01 8.946842551231384277e-01 2.593944072723388672e-01
-3.638292551040649414e-01 8.946278691291809082e-01 2.593634426593780518e-01
-3.642481565475463867e-01 8.946486711502075195e-01 2.587027251720428467e-01
-3.648717105388641357e-01 8.947655558586120605e-01 2.574164271354675293e-01
-3.656389713287353516e-01 8.949923515319824219e-01 2.555322647094726562e-01
-3.664799332618713379e-01 8.953398466110229492e-01 2.530989646911621094e-01
-3.673177957534790039e-01 8.958135843276977539e-01 2.501912713050842285e-01
-3.680714070796966553e-01 8.964147567749023438e-01 2.469090074300765991e-01
-3.686569333076477051e-01 8.971402049064636230e-01 2.433754950761795044e-01
-3.689925074577331543e-01 8.979815840721130371e-01 2.397366017103195190e-01
-3.690030276775360107e-01 8.989258408546447754e-01 2.361550331115722656e-01
-3.686254620552062988e-01 8.999540805816650391e-01 2.328045964241027832e-01
-3.678123950958251953e-01 9.010421633720397949e-01 2.298630028963088989e-01
-3.665381968021392822e-01 9.021600484848022461e-01 2.275016158819198608e-01
-3.648019433021545410e-01 9.032714366912841797e-01 2.258763909339904785e-01
-3.626322150230407715e-01 9.043338298797607422e-01 2.251180857419967651e-01
-3.600862622261047363e-01 9.053001999855041504e-01 2.253207415342330933e-01
-3.572527170181274414e-01 9.061185717582702637e-01 2.265385538339614868e-01
-3.542486727237701416e-01 9.067354798316955566e-01 2.287762165069580078e-01
-3.512175679206848145e-01 9.070978760719299316e-01 2.319908142089843750e-01
-3.483260273933410645e-01 9.071548581123352051e-01 2.360909283161163330e-01
-3.457581698894500732e-01 9.068619608879089355e-01 2.409412860870361328e-01
-3.437132239341735840e-01 9.061803817749023438e-01 2.463701665401458740e-01
-3.423974812030792236e-01 9.050801396369934082e-01 2.521783411502838135e-01
-3.420214354991912842e-01 9.035380482673645020e-01 2.581478357315063477e-01
-3.427964448928833008e-01 9.015361070632934570e-01 2.640516757965087891e-01
-3.449306786060333252e-01 8.990576267242431641e-01 2.696630060672760010e-01
-3.486262857913970947e-01 8.960834741592407227e-01 2.747619450092315674e-01
-3.540778160095214844e-01 8.925855755805969238e-01 2.791412770748138428e-01
-3.614695370197296143e-01 8.885215520858764648e-01 2.826116979122161865e-01
-3.709732294082641602e-01 8.838281631469726562e-01 2.850026786327362061e-01
-3.827416896820068359e-01 8.784169554710388184e-01 2.861684858798980713e-01
-3.969011008739471436e-01 8.721707463264465332e-01 2.859855294227600098e-01
-4.135438501834869385e-01 8.649395108222961426e-01 2.843608260154724121e-01
-4.327082335948944092e-01 8.565464615821838379e-01 2.812324464321136475e-01
-4.543648958206176758e-01 8.467922210693359375e-01 2.765780389308929443e-01
-4.783961474895477295e-01 8.354696631431579590e-01 2.704209089279174805e-01
-5.045710206031799316e-01 8.223880529403686523e-01 2.628422677516937256e-01
-5.325380563735961914e-01 8.073996901512145996e-01 2.539859116077423096e-01
-5.618127584457397461e-01 7.904401421546936035e-01 2.440710812807083130e-01
-5.917956233024597168e-01 7.715626358985900879e-01 2.333858758211135864e-01
-6.217975020408630371e-01 7.509707212448120117e-01 2.222855389118194580e-01
-6.510928869247436523e-01 7.290303707122802734e-01 2.111699730157852173e-01
-6.789837479591369629e-01 7.062593102455139160e-01 2.004465162754058838e-01
-7.048598527908325195e-01 6.832880973815917969e-01 1.904990673065185547e-01
-7.282537817955017090e-01 6.607981920242309570e-01 1.816374808549880981e-01
-7.488704919815063477e-01 6.394475698471069336e-01 1.740687042474746704e-01
-7.665918469429016113e-01 6.198043227195739746e-01 1.678676903247833252e-01
-7.814665436744689941e-01 6.022869348526000977e-01 1.629745066165924072e-01
-7.936793565750122070e-01 5.871365070343017578e-01 1.591971814632415771e-01
-8.035193085670471191e-01 5.744113326072692871e-01 1.562319993972778320e-01
-8.113492131233215332e-01 5.639957785606384277e-01 1.536921411752700806e-01
-8.175757527351379395e-01 5.556317567825317383e-01 1.511395275592803955e-01
-8.226294517517089844e-01 5.489474534988403320e-01 1.481132209300994873e-01
-8.269396424293518066e-01 5.434986352920532227e-01 1.441529840230941772e-01
-8.309201002120971680e-01 5.387929081916809082e-01 1.388309150934219360e-01
-8.349466323852539062e-01 5.343246459960937500e-01 1.317624598741531372e-01
-8.393475413322448730e-01 5.295851230621337891e-01 1.226186454296112061e-01
-8.443806171417236328e-01 5.240894556045532227e-01 1.111374944448471069e-01
-8.502261638641357422e-01 5.173797607421875000e-01 9.712696820497512817e-02
-8.569734692573547363e-01 5.090383887290954590e-01 8.047601580619812012e-02
-8.646156191825866699e-01 4.986986815929412842e-01 6.115167960524559021e-02
-8.730476498603820801e-01 4.860562086105346680e-01 3.920809179544448853e-02
-8.820723295211791992e-01 4.708817601203918457e-01 1.479324884712696075e-02
-8.914120793342590332e-01 4.530384540557861328e-01 -1.185961347073316574e-02
-9.007299542427062988e-01 4.324942529201507568e-01 -4.042621701955795288e-02
-9.096584320068359375e-01 4.093293249607086182e-01 -7.050531357526779175e-02
-9.178271293640136719e-01 3.837497234344482422e-01 -1.016337051987648010e-01
-9.248996376991271973e-01 3.560742735862731934e-01 -1.333104074001312256e-01
-9.306015968322753906e-01 3.267225623130798340e-01 -1.650242060422897339e-01
-9.347425699234008789e-01 2.961920797824859619e-01 -1.962817609310150146e-01
-9.372285008430480957e-01 2.650233805179595947e-01 -2.266392409801483154e-01
-9.380631446838378906e-01 2.337701320648193359e-01 -2.557128965854644775e-01
-9.373357295989990234e-01 2.029690593481063843e-01 -2.832051515579223633e-01
-9.352106451988220215e-01 1.731101274490356445e-01 -3.088915050029754639e-01
-9.318983554840087891e-01 1.446220725774765015e-01 -3.326407074928283691e-01
-9.276463389396667480e-01 1.178614348173141479e-01 -3.543740212917327881e-01
-9.227088093757629395e-01 9.311582148075103760e-02 -3.740826249122619629e-01
-9.173402190208435059e-01 7.059340924024581909e-02 -3.917952477931976318e-01
-9.117775559425354004e-01 5.044283717870712280e-02 -4.075745940208435059e-01
-9.062343835830688477e-01 3.274974226951599121e-02 -4.215053319931030273e-01
-9.008955359458923340e-01 1.755332760512828827e-02 -4.336810410022735596e-01
-8.959139585494995117e-01 4.850768484175205231e-03 -4.442012012004852295e-01
-8.914127349853515625e-01 -5.392167251557111740e-03 -4.531602263450622559e-01
-8.874844908714294434e-01 -1.323482859879732132e-02 -4.606476128101348877e-01
-8.841937184333801270e-01 -1.875452511012554169e-02 -4.667437374591827393e-01
-8.815824985504150391e-01 -2.204165980219841003e-02 -4.715150594711303711e-01
-8.796709775924682617e-01 -2.319389954209327698e-02 -4.750169217586517334e-01
-8.784627318382263184e-01 -2.231349982321262360e-02 -4.772894680500030518e-01
-8.779491782188415527e-01 -1.950233429670333862e-02 -4.783565402030944824e-01
-8.781077265739440918e-01 -1.486258674412965775e-02 -4.782320857048034668e-01
-8.789099454879760742e-01 -8.492340333759784698e-03 -4.769121110439300537e-01
-8.803181648254394531e-01 -4.850937984883785248e-04 -4.743833839893341064e-01
-8.822896480560302734e-01 9.067718870937824249e-03 -4.706195890903472900e-01
-8.847733139991760254e-01 2.007623948156833649e-02 -4.655892252922058105e-01
-8.877131342887878418e-01 3.245259821414947510e-02 -4.592517912387847900e-01
-8.910474777221679688e-01 4.610910266637802124e-02 -4.515621066093444824e-01
-8.947039246559143066e-01 6.095003709197044373e-02 -4.424815475940704346e-01
-8.986054658889770508e-01 7.687622308731079102e-02 -4.319701194763183594e-01
-9.026643633842468262e-01 9.377445280551910400e-02 -4.200041592121124268e-01
-9.067870974540710449e-01 1.115181893110275269e-01 -4.065721631050109863e-01
-9.108730554580688477e-01 1.299558430910110474e-01 -3.916908204555511475e-01
-9.148184657096862793e-01 1.489187777042388916e-01 -3.754070997238159180e-01
-9.185220003128051758e-01 1.682046055793762207e-01 -3.578050434589385986e-01
-9.218894243240356445e-01 1.875902563333511353e-01 -3.390128910541534424e-01
-9.248406887054443359e-01 2.068237364292144775e-01 -3.192078769207000732e-01
-9.273195862770080566e-01 2.256365269422531128e-01 -2.986074686050415039e-01
-9.292969703674316406e-01 2.437470257282257080e-01 -2.774789929389953613e-01
-9.307783246040344238e-01 2.608749568462371826e-01 -2.561169266700744629e-01
-9.318053722381591797e-01 2.767482995986938477e-01 -2.348384708166122437e-01
-9.324524402618408203e-01 2.911184728145599365e-01 -2.139682769775390625e-01
-9.328228831291198730e-01 3.037651479244232178e-01 -1.938249319791793823e-01
-9.330408573150634766e-01 3.145076930522918701e-01 -1.746991574764251709e-01
-9.332396388053894043e-01 3.232050836086273193e-01 -1.568516194820404053e-01
-9.335530400276184082e-01 3.297556638717651367e-01 -1.404991894960403442e-01
-9.341053366661071777e-01 3.340954780578613281e-01 -1.258078515529632568e-01
-9.350022077560424805e-01 3.361924886703491211e-01 -1.128958240151405334e-01
-9.363270998001098633e-01 3.360353708267211914e-01 -1.018418818712234497e-01
-9.381374120712280273e-01 3.336299657821655273e-01 -9.267784655094146729e-02
-9.404626488685607910e-01 3.289906084537506104e-01 -8.541161566972732544e-02
-9.433073997497558594e-01 3.221296370029449463e-01 -8.002188056707382202e-02
-9.466508626937866211e-01 3.130547106266021729e-01 -7.647784054279327393e-02
-9.504485130310058594e-01 3.017648160457611084e-01 -7.473676651716232300e-02
-9.546338319778442383e-01 2.882457077503204346e-01 -7.475664466619491577e-02
-9.591169953346252441e-01 2.724754810333251953e-01 -7.649710029363632202e-02
-9.637845754623413086e-01 2.544256746768951416e-01 -7.991726696491241455e-02
-9.684982895851135254e-01 2.340728193521499634e-01 -8.497610688209533691e-02
-9.730939865112304688e-01 2.114091068506240845e-01 -9.162105619907379150e-02
-9.773817658424377441e-01 1.864609122276306152e-01 -9.978552907705307007e-02
-9.811516404151916504e-01 1.593060791492462158e-01 -1.093758046627044678e-01
-9.841820001602172852e-01 1.300921738147735596e-01 -1.202574223279953003e-01
-9.862539768218994141e-01 9.905907511711120605e-02 -1.322515606880187988e-01
-9.871732592582702637e-01 6.654044985771179199e-02 -1.451257169246673584e-01
-9.867923259735107422e-01 3.297153860330581665e-02 -1.585995703935623169e-01
-9.850357174873352051e-01 -1.124917995184659958e-03 -1.723465472459793091e-01
-9.819176197052001953e-01 -3.516511619091033936e-02 -1.860143691301345825e-01
-9.775513410568237305e-01 -6.853439658880233765e-02 -1.992397457361221313e-01
-9.721459746360778809e-01 -1.006329283118247986e-01 -2.116722613573074341e-01
-9.659897089004516602e-01 -1.309111565351486206e-01 -2.229935228824615479e-01
-9.594244360923767090e-01 -1.588956266641616821e-01 -2.329313308000564575e-01
-9.528135657310485840e-01 -1.842197775840759277e-01 -2.412660568952560425e-01
-9.465127587318420410e-01 -2.066173404455184937e-01 -2.478363215923309326e-01
-9.408439993858337402e-01 -2.259234040975570679e-01 -2.525296509265899658e-01
-9.360750913619995117e-01 -2.420625388622283936e-01 -2.552823722362518311e-01
-9.324119091033935547e-01 -2.550283968448638916e-01 -2.560635805130004883e-01
-9.299901723861694336e-01 -2.648721039295196533e-01 -2.548743486404418945e-01
-9.288803339004516602e-01 -2.716820538043975830e-01 -2.517342269420623779e-01
-9.290894865989685059e-01 -2.755719125270843506e-01 -2.466839402914047241e-01
-9.305689334869384766e-01 -2.766735255718231201e-01 -2.397773563861846924e-01
-9.332216978073120117e-01 -2.751307487487792969e-01 -2.310848832130432129e-01
-9.369100928306579590e-01 -2.710983753204345703e-01 -2.206926345825195312e-01
-9.414641857147216797e-01 -2.647401988506317139e-01 -2.087047994136810303e-01
-9.466911554336547852e-01 -2.562324106693267822e-01 -1.952452659606933594e-01
-9.523835778236389160e-01 -2.457638233900070190e-01 -1.804599761962890625e-01
-9.583286046981811523e-01 -2.335390299558639526e-01 -1.645168215036392212e-01
-9.643176794052124023e-01 -2.197794467210769653e-01 -1.476086676120758057e-01
-9.701563119888305664e-01 -2.047213762998580933e-01 -1.299459934234619141e-01
-9.756713509559631348e-01 -1.886141002178192139e-01 -1.117596551775932312e-01
-9.807195663452148438e-01 -1.717152446508407593e-01 -9.329054504632949829e-02
-9.851918220520019531e-01 -1.542846113443374634e-01 -7.478868216276168823e-02
-9.890167713165283203e-01 -1.365773677825927734e-01 -5.650160089135169983e-02
-9.921602606773376465e-01 -1.188376173377037048e-01 -3.867486864328384399e-02
-9.946238994598388672e-01 -1.012888103723526001e-01 -2.153829485177993774e-02
-9.964405894279479980e-01 -8.413134515285491943e-02 -5.311662331223487854e-03
-9.976687431335449219e-01 -6.753429025411605835e-02 9.809245355427265167e-03
-9.983861446380615234e-01 -5.163443833589553833e-02 2.364440262317657471e-02
-9.986822605133056641e-01 -3.653344511985778809e-02 3.604207187891006470e-02
-9.986522793769836426e-01 -2.229817397892475128e-02 4.686486721038818359e-02
-9.983903169631958008e-01 -8.963907137513160706e-03 5.600347369909286499e-02
-9.979839920997619629e-01 3.467539791017770767e-03 6.337202340364456177e-02
-9.975094795227050781e-01 1.502465363591909409e-02 6.891251355409622192e-02
-9.970283508300781250e-01 2.576566301286220551e-02 7.259926944971084595e-02
-9.965837001800537109e-01 3.576949983835220337e-02 7.444141805171966553e-02
-9.961987733840942383e-01 4.514357447624206543e-02 7.449933886528015137e-02
-9.958766102790832520e-01 5.401310324668884277e-02 7.288591563701629639e-02
-9.956013560295104980e-01 6.252445280551910400e-02 6.977646052837371826e-02
-9.953402280807495117e-01 7.083561271429061890e-02 6.542296707630157471e-02
-9.950494170188903809e-01 7.911788672208786011e-02 6.014087423682212830e-02
-9.946780800819396973e-01 8.754535764455795288e-02 5.432511121034622192e-02
-9.941748976707458496e-01 9.629043936729431152e-02 4.841963201761245728e-02
-9.934908747673034668e-01 1.055178120732307434e-01 4.291656240820884705e-02
-9.925826191902160645e-01 1.153744533658027649e-01 3.831946849822998047e-02
-9.914103150367736816e-01 1.259853988885879517e-01 3.511720523238182068e-02
-9.899338483810424805e-01 1.374471634626388550e-01 3.375284373760223389e-02
-9.881075620651245117e-01 1.498210281133651733e-01 3.459982573986053467e-02
-9.858741760253906250e-01 1.631344407796859741e-01 3.793635964393615723e-02
-9.831610918045043945e-01 1.773814558982849121e-01 4.393371567130088806e-02
-9.798786044120788574e-01 1.925230324268341064e-01 5.265716835856437683e-02
-9.759240150451660156e-01 2.084909379482269287e-01 6.406139582395553589e-02
-9.711845517158508301e-01 2.252001315355300903e-01 7.800842076539993286e-02
-9.655491113662719727e-01 2.425437718629837036e-01 9.427353739738464355e-02
-9.589121341705322266e-01 2.604117691516876221e-01 1.125751733779907227e-01
-9.511845111846923828e-01 2.786924540996551514e-01 1.325838267803192139e-01
-9.422979950904846191e-01 2.972800731658935547e-01 1.539452522993087769e-01
-9.322103261947631836e-01 3.160760104656219482e-01 1.762949079275131226e-01
-9.209030866622924805e-01 3.350038230419158936e-01 1.992737054824829102e-01
-9.083852767944335938e-01 3.539948463439941406e-01 2.225393354892730713e-01
-8.946865797042846680e-01 3.730015456676483154e-01 2.457758039236068726e-01
-8.798537850379943848e-01 3.919954001903533936e-01 2.686950564384460449e-01
-8.639503717422485352e-01 4.109553396701812744e-01 2.910419106483459473e-01
-8.470509648323059082e-01 4.298697412014007568e-01 3.125965893268585205e-01
-8.292335867881774902e-01 4.487386643886566162e-01 3.331744372844696045e-01
-8.105859756469726562e-01 4.675572514533996582e-01 3.526196777820587158e-01
-7.911936640739440918e-01 4.863220155239105225e-01 3.708147108554840088e-01
-7.711458206176757812e-01 5.050199627876281738e-01 3.876711726188659668e-01
-7.505317330360412598e-01 5.236281752586364746e-01 4.031323194503784180e-01
-7.294420599937438965e-01 5.421086549758911133e-01 4.171719849109649658e-01
-7.079671025276184082e-01 5.604084134101867676e-01 4.297964870929718018e-01
-6.861995458602905273e-01 5.784595012664794922e-01 4.410383105278015137e-01
-6.642355322837829590e-01 5.961777567863464355e-01 4.509581327438354492e-01
-6.421682834625244141e-01 6.134716868400573730e-01 4.596438109874725342e-01
-6.200908422470092773e-01 6.302438974380493164e-01 4.672044813632965088e-01
-5.980921387672424316e-01 6.463965177536010742e-01 4.737693071365356445e-01
-5.762480497360229492e-01 6.618425846099853516e-01 4.794815182685852051e-01
-5.546211600303649902e-01 6.765085458755493164e-01 4.844910204410552979e-01
-5.332540273666381836e-01 6.903366446495056152e-01 4.889533221721649170e-01
-5.121620893478393555e-01 7.032933235168457031e-01 4.930197000503540039e-01
-4.913327097892761230e-01 7.153653502464294434e-01 4.968345165252685547e-01
-4.707227051258087158e-01 7.265595793724060059e-01 5.005308985710144043e-01
-4.502548575401306152e-01 7.369011640548706055e-01 5.042293071746826172e-01
-4.298233389854431152e-01 7.464259266853332520e-01 5.080357789993286133e-01
-4.092895686626434326e-01 7.551797032356262207e-01 5.120406150817871094e-01
-3.884931504726409912e-01 7.632066011428833008e-01 5.163223743438720703e-01
-3.672483861446380615e-01 7.705475091934204102e-01 5.209463834762573242e-01
-3.453528881072998047e-01 7.772324085235595703e-01 5.259669423103332520e-01
-3.225908875465393066e-01 7.832742333412170410e-01 5.314286947250366211e-01
-2.987388372421264648e-01 7.886634469032287598e-01 5.373687148094177246e-01
-2.735708951950073242e-01 7.933655381202697754e-01 5.438107252120971680e-01
-2.468680739402770996e-01 7.973112463951110840e-01 5.507730841636657715e-01
-2.184224277734756470e-01 8.003987669944763184e-01 5.582594275474548340e-01
-1.880510747432708740e-01 8.024872541427612305e-01 5.662605762481689453e-01
-1.556058824062347412e-01 8.033979535102844238e-01 5.747509598731994629e-01
-1.209869384765625000e-01 8.029158115386962891e-01 5.836852192878723145e-01
-8.415863662958145142e-02 8.007940649986267090e-01 5.929974913597106934e-01
-4.516356065869331360e-02 7.967653870582580566e-01 6.025987863540649414e-01
-4.138532094657421112e-03 7.905542254447937012e-01 6.123781204223632812e-01
3.867799788713455200e-02 7.818971276283264160e-01 6.222065091133117676e-01
8.294117450714111328e-02 7.705647349357604980e-01 6.319421529769897461e-01
1.282049417495727539e-01 7.563847303390502930e-01 6.414403319358825684e-01
1.739429682493209839e-01 7.392634153366088867e-01 6.505638957023620605e-01
2.195745408535003662e-01 7.191997766494750977e-01 6.591954827308654785e-01
2.645038068294525146e-01 6.962889432907104492e-01 6.672475337982177734e-01
3.081625998020172119e-01 6.707135438919067383e-01 6.746697425842285156e-01
3.500449061393737793e-01 6.427261829376220703e-01 6.814481616020202637e-01
3.897414207458496094e-01 6.126183271408081055e-01 6.876047849655151367e-01
4.269531369209289551e-01 5.806928873062133789e-01 6.931860446929931641e-01
4.614955484867095947e-01 5.472298264503479004e-01 6.982560157775878906e-01
4.932887256145477295e-01 5.124704241752624512e-01 7.028799653053283691e-01
5.223355889320373535e-01 4.766006469726562500e-01 7.071190476417541504e-01
5.486988425254821777e-01 4.397490918636322021e-01 7.110205292701721191e-01
5.724722743034362793e-01 4.019987583160400391e-01 7.146134972572326660e-01
5.937556624412536621e-01 3.633995056152343750e-01 7.179101109504699707e-01
6.126362085342407227e-01 3.239926099777221680e-01 7.209061384201049805e-01
6.291720867156982422e-01 2.838380336761474609e-01 7.235872149467468262e-01
6.433872580528259277e-01 2.430394738912582397e-01 7.259370684623718262e-01
6.552728414535522461e-01 2.017714232206344604e-01 7.279462218284606934e-01
6.647970080375671387e-01 1.602943688631057739e-01 7.296236753463745117e-01
6.719229817390441895e-01 1.189622282981872559e-01 7.310044169425964355e-01
6.766305565834045410e-01 7.821621745824813843e-02 7.321566343307495117e-01
6.789356470108032227e-01 3.856489062309265137e-02 7.331843376159667969e-01
6.789120435714721680e-01 5.474179051816463470e-04 7.342194914817810059e-01
6.767002344131469727e-01 -3.530888259410858154e-02 7.354114055633544922e-01
6.725058555603027344e-01 -6.853232532739639282e-02 7.369119524955749512e-01
6.665918231010437012e-01 -9.874568134546279907e-02 7.388536334037780762e-01
6.592606902122497559e-01 -1.256943792104721069e-01 7.413340806961059570e-01
6.508312821388244629e-01 -1.492595225572586060e-01 7.444059848785400391e-01
6.416246294975280762e-01 -1.694534420967102051e-01 7.480663657188415527e-01
6.319383978843688965e-01 -1.864118278026580811e-01 7.522662281990051270e-01
6.220415830612182617e-01 -2.003629505634307861e-01 7.569140791893005371e-01
6.121637225151062012e-01 -2.116144597530364990e-01 7.618890404701232910e-01
6.024936437606811523e-01 -2.205147892236709595e-01 7.670558094978332520e-01
5.931772589683532715e-01 -2.274383455514907837e-01 7.722775340080261230e-01
5.843257308006286621e-01 -2.327602207660675049e-01 7.774227261543273926e-01
5.760111808776855469e-01 -2.368416786193847656e-01 7.823790907859802246e-01
5.682806372642517090e-01 -2.400189638137817383e-01 7.870501279830932617e-01
5.611523389816284180e-01 -2.425960600376129150e-01 7.913628220558166504e-01
5.546262860298156738e-01 -2.448409795761108398e-01 7.952625751495361328e-01
5.486847758293151855e-01 -2.469828724861145020e-01 7.987142205238342285e-01
5.432974100112915039e-01 -2.492174953222274780e-01 8.016973733901977539e-01
5.384241938591003418e-01 -2.517041265964508057e-01 8.042042255401611328e-01
5.340194702148437500e-01 -2.545726597309112549e-01 8.062356114387512207e-01
5.300322175025939941e-01 -2.579245269298553467e-01 8.077999949455261230e-01
5.264089107513427734e-01 -2.618381381034851074e-01 8.089094758033752441e-01
5.230962038040161133e-01 -2.663713991641998291e-01 8.095780611038208008e-01
5.200394392013549805e-01 -2.715645134449005127e-01 8.098219633102416992e-01
5.171870589256286621e-01 -2.774417400360107422e-01 8.096563816070556641e-01
5.144886970520019531e-01 -2.840160727500915527e-01 8.090959191322326660e-01
5.118967890739440918e-01 -2.912879288196563721e-01 8.081541061401367188e-01
5.093680024147033691e-01 -2.992483079433441162e-01 8.068425059318542480e-01
5.068599581718444824e-01 -3.078784644603729248e-01 8.051731586456298828e-01
5.043370127677917480e-01 -3.171502351760864258e-01 8.031562566757202148e-01
5.017672777175903320e-01 -3.270290791988372803e-01 8.008006215095520020e-01
4.991229176521301270e-01 -3.374700546264648438e-01 7.981166839599609375e-01
4.963810443878173828e-01 -3.484201133251190186e-01 7.951158881187438965e-01
4.935246109962463379e-01 -3.598180413246154785e-01 7.918108701705932617e-01
4.905423820018768311e-01 -3.715935945510864258e-01 7.882171869277954102e-01
4.874275624752044678e-01 -3.836696445941925049e-01 7.843544483184814453e-01
4.841829836368560791e-01 -3.959605395793914795e-01 7.802448868751525879e-01
4.808132350444793701e-01 -4.083737432956695557e-01 7.759185433387756348e-01
4.773323833942413330e-01 -4.208124577999114990e-01 7.714082002639770508e-01
4.737592041492462158e-01 -4.331749975681304932e-01 7.667539119720458984e-01
4.701173305511474609e-01 -4.453594088554382324e-01 7.620003819465637207e-01
4.664357304573059082e-01 -4.572633206844329834e-01 7.571974992752075195e-01
4.627464413642883301e-01 -4.687884747982025146e-01 7.523981928825378418e-01
4.590842723846435547e-01 -4.798434376716613770e-01 7.476575374603271484e-01
4.554861187934875488e-01 -4.903448522090911865e-01 7.430304884910583496e-01
4.519871473312377930e-01 -5.002192258834838867e-01 7.385718226432800293e-01
4.486230313777923584e-01 -5.094080567359924316e-01 7.343301773071289062e-01
4.454263150691986084e-01 -5.178655385971069336e-01 7.303497195243835449e-01
4.424261450767517090e-01 -5.255615711212158203e-01 7.266664505004882812e-01
4.396482110023498535e-01 -5.324833393096923828e-01 7.233055233955383301e-01
4.371119737625122070e-01 -5.386345982551574707e-01 7.202818393707275391e-01
4.348330497741699219e-01 -5.440372824668884277e-01 7.175958156585693359e-01
4.328207075595855713e-01 -5.487300157546997070e-01 7.152353525161743164e-01
4.310785233974456787e-01 -5.527713298797607422e-01 7.131726145744323730e-01
4.296072125434875488e-01 -5.562336444854736328e-01 7.113661766052246094e-01
4.283975958824157715e-01 -5.592086911201477051e-01 7.097613811492919922e-01
4.274420142173767090e-01 -5.618034005165100098e-01 7.082868814468383789e-01
4.267238080501556396e-01 -5.641370415687561035e-01 7.068637013435363770e-01
4.262256324291229248e-01 -5.663409829139709473e-01 7.054002881050109863e-01
4.259267449378967285e-01 -5.685542821884155273e-01 7.037985920906066895e-01
4.258030951023101807e-01 -5.709201693534851074e-01 7.019557356834411621e-01
4.258281886577606201e-01 -5.735817551612854004e-01 6.997673511505126953e-01
4.259746074676513672e-01 -5.766744017601013184e-01 6.971314549446105957e-01
4.262118339538574219e-01 -5.803256034851074219e-01 6.939493417739868164e-01
4.265100061893463135e-01 -5.846428275108337402e-01 6.901318430900573730e-01
4.268379807472229004e-01 -5.897124409675598145e-01 6.856009364128112793e-01
4.271625280380249023e-01 -5.955947041511535645e-01 6.802933812141418457e-01
4.274553358554840088e-01 -6.023201346397399902e-01 6.741605401039123535e-01
4.276863336563110352e-01 -6.098859906196594238e-01 6.671757698059082031e-01
4.278302192687988281e-01 -6.182557940483093262e-01 6.593337655067443848e-01
4.278656542301177979e-01 -6.273591518402099609e-01 6.506546735763549805e-01
4.277788102626800537e-01 -6.370949149131774902e-01 6.411827206611633301e-01
4.275616705417633057e-01 -6.473316550254821777e-01 6.309934854507446289e-01
4.272174835205078125e-01 -6.579161286354064941e-01 6.201867461204528809e-01
4.267576336860656738e-01 -6.686775684356689453e-01 6.088909506797790527e-01
4.262066781520843506e-01 -6.794326901435852051e-01 5.972595810890197754e-01
4.255974888801574707e-01 -6.899959444999694824e-01 5.854675769805908203e-01
4.249741435050964355e-01 -7.001858949661254883e-01 5.737044215202331543e-01
4.243876039981842041e-01 -7.098329067230224609e-01 5.621674656867980957e-01
4.238939285278320312e-01 -7.187846302986145020e-01 5.510558485984802246e-01
4.235516786575317383e-01 -7.269129753112792969e-01 5.405566692352294922e-01
4.234158098697662354e-01 -7.341175079345703125e-01 5.308394432067871094e-01
4.235352277755737305e-01 -7.403283119201660156e-01 5.220459103584289551e-01
4.239510893821716309e-01 -7.455056309700012207e-01 5.142827630043029785e-01
4.246898293495178223e-01 -7.496426701545715332e-01 5.076162815093994141e-01
4.257623553276062012e-01 -7.527647018432617188e-01 5.020674467086791992e-01
4.271671772003173828e-01 -7.549247145652770996e-01 4.976111948490142822e-01
4.288842082023620605e-01 -7.562065720558166504e-01 4.941760301589965820e-01
4.308800399303436279e-01 -7.567211985588073730e-01 4.916455745697021484e-01
4.331068992614746094e-01 -7.566060423851013184e-01 4.898628592491149902e-01
4.355079829692840576e-01 -7.560253143310546875e-01 4.886292219161987305e-01
4.380162060260772705e-01 -7.551664710044860840e-01 4.877144098281860352e-01
4.405601620674133301e-01 -7.542399168014526367e-01 4.868561327457427979e-01
4.430649876594543457e-01 -7.534754276275634766e-01 4.857656657695770264e-01
4.454500973224639893e-01 -7.531206011772155762e-01 4.841317534446716309e-01
4.476361870765686035e-01 -7.534342408180236816e-01 4.816209971904754639e-01
4.495379328727722168e-01 -7.546802759170532227e-01 4.778842031955718994e-01
4.510673284530639648e-01 -7.571236491203308105e-01 4.725485146045684814e-01
4.521281123161315918e-01 -7.610124945640563965e-01 4.652312994003295898e-01
4.526081085205078125e-01 -7.665765881538391113e-01 4.555284976959228516e-01
4.523837864398956299e-01 -7.740044593811035156e-01 4.430190324783325195e-01
4.513054788112640381e-01 -7.834290862083435059e-01 4.272730052471160889e-01
4.491977393627166748e-01 -7.949076294898986816e-01 4.078519642353057861e-01
4.458570182323455811e-01 -8.083978891372680664e-01 3.843232095241546631e-01
4.410490989685058594e-01 -8.237330913543701172e-01 3.562857210636138916e-01
4.345217943191528320e-01 -8.405990600585937500e-01 3.233946561813354492e-01
4.260092973709106445e-01 -8.585175275802612305e-01 2.854185700416564941e-01
4.152682721614837646e-01 -8.768416047096252441e-01 2.422830164432525635e-01
4.021019041538238525e-01 -8.947759270668029785e-01 1.941395252943038940e-01
3.864065408706665039e-01 -9.114224314689636230e-01 1.414183527231216431e-01
3.682128489017486572e-01 -9.258612394332885742e-01 8.485431969165802002e-02
3.477142453193664551e-01 -9.372544884681701660e-01 2.547310292720794678e-02
3.252795934677124023e-01 -9.449524283409118652e-01 -3.547100722789764404e-02
3.014332354068756104e-01 -9.485803246498107910e-01 -9.660985320806503296e-02
2.768073678016662598e-01 -9.480788111686706543e-01 -1.566023677587509155e-01
2.520777881145477295e-01 -9.436887502670288086e-01 -2.142624109983444214e-01
2.279047667980194092e-01 -9.358844757080078125e-01 -2.686629593372344971e-01
2.048660516738891602e-01 -9.252858161926269531e-01 -3.191804885864257812e-01
1.834405660629272461e-01 -9.125577211380004883e-01 -3.654970228672027588e-01
1.639920622110366821e-01 -8.983350992202758789e-01 -4.075545370578765869e-01
1.467816233634948730e-01 -8.831663131713867188e-01 -4.455024600028991699e-01
1.319856941699981689e-01 -8.674869537353515625e-01 -4.796311557292938232e-01
1.197258159518241882e-01 -8.516120314598083496e-01 -5.103163123130798340e-01
1.100955009460449219e-01 -8.357406854629516602e-01 -5.379745364189147949e-01
1.031787842512130737e-01 -8.199731111526489258e-01 -5.630260109901428223e-01
9.907719492912292480e-02 -8.043235540390014648e-01 -5.858730673789978027e-01
9.791900962591171265e-02 -7.887394428253173828e-01 -6.068789362907409668e-01
9.987317770719528198e-02 -7.731124162673950195e-01 -6.263565421104431152e-01
1.051580384373664856e-01 -7.572950124740600586e-01 -6.445510983467102051e-01
1.140366941690444946e-01 -7.411037087440490723e-01 -6.616350412368774414e-01
1.268140226602554321e-01 -7.243342995643615723e-01 -6.776857972145080566e-01
1.438213139772415161e-01 -7.067658901214599609e-01 -6.926740407943725586e-01
1.653881222009658813e-01 -6.881693005561828613e-01 -7.064487934112548828e-01
1.918064802885055542e-01 -6.683211922645568848e-01 -7.187191247940063477e-01
2.232751697301864624e-01 -6.470170617103576660e-01 -7.290522456169128418e-01
2.598337829113006592e-01 -6.240951418876647949e-01 -7.368796467781066895e-01
3.012985885143280029e-01 -5.994647145271301270e-01 -7.415262460708618164e-01
3.471997678279876709e-01 -5.731390714645385742e-01 -7.422694563865661621e-01
3.967510759830474854e-01 -5.452672839164733887e-01 -7.384254336357116699e-01
4.488678276538848877e-01 -5.161494016647338867e-01 -7.294569015502929688e-01
5.022393465042114258e-01 -4.862394630908966064e-01 -7.150711417198181152e-01
5.554543137550354004e-01 -4.561096727848052979e-01 -6.952946186065673828e-01
6.071583032608032227e-01 -4.263918697834014893e-01 -6.704838871955871582e-01
6.561859250068664551e-01 -3.977081179618835449e-01 -6.412864923477172852e-01
7.016656994819641113e-01 -3.705982863903045654e-01 -6.085410118103027344e-01
7.430514097213745117e-01 -3.454771339893341064e-01 -5.731668472290039062e-01
7.801005244255065918e-01 -3.226129412651062012e-01 -5.360634326934814453e-01
8.128182291984558105e-01 -3.021346032619476318e-01 -4.980372488498687744e-01
8.413857817649841309e-01 -2.840577363967895508e-01 -4.597620069980621338e-01
8.660903573036193848e-01 -2.683183848857879639e-01 -4.217731952667236328e-01
8.872702717781066895e-01 -2.548064887523651123e-01 -3.844803571701049805e-01
9.052746891975402832e-01 -2.433930337429046631e-01 -3.481917977333068848e-01
9.204398989677429199e-01 -2.339525669813156128e-01 -3.131400048732757568e-01
9.330767989158630371e-01 -2.263746261596679688e-01 -2.795035541057586670e-01
9.434654712677001953e-01 -2.205725759267807007e-01 -2.474281936883926392e-01
9.518557786941528320e-01 -2.164843231439590454e-01 -2.170370370149612427e-01
9.584699273109436035e-01 -2.140686661005020142e-01 -1.884408742189407349e-01
9.635065793991088867e-01 -2.132982611656188965e-01 -1.617372184991836548e-01
9.671420454978942871e-01 -2.141595184803009033e-01 -1.370107084512710571e-01
9.695342779159545898e-01 -2.166361063718795776e-01 -1.143337860703468323e-01
9.708240628242492676e-01 -2.207067459821701050e-01 -9.375087171792984009e-02
9.711356759071350098e-01 -2.263348847627639771e-01 -7.528580725193023682e-02
9.705776572227478027e-01 -2.334668338298797607e-01 -5.892650038003921509e-02
9.692439436912536621e-01 -2.420224100351333618e-01 -4.462374001741409302e-02
9.672161936759948730e-01 -2.518932223320007324e-01 -3.228979930281639099e-02
9.645650386810302734e-01 -2.629435956478118896e-01 -2.179241925477981567e-02
9.613537788391113281e-01 -2.750104367733001709e-01 -1.296250429004430771e-02
9.576432704925537109e-01 -2.879029214382171631e-01 -5.589874461293220520e-03
9.534935355186462402e-01 -3.014131188392639160e-01 5.631532985717058182e-04
9.489682316780090332e-01 -3.153190016746520996e-01 5.757620558142662048e-03
9.441363811492919922e-01 -3.293949663639068604e-01 1.026662904769182205e-02
9.390736222267150879e-01 -3.434156775474548340e-01 1.436242088675498962e-02
9.338611364364624023e-01 -3.571670651435852051e-01 1.830672472715377808e-02
9.285840392112731934e-01 -3.704496622085571289e-01 2.233516052365303040e-02
9.233264327049255371e-01 -3.830903172492980957e-01 2.664758078753948212e-02
9.181706905364990234e-01 -3.949386775493621826e-01 3.140218555927276611e-02
9.131903052330017090e-01 -4.058772325515747070e-01 3.670405596494674683e-02
9.084509015083312988e-01 -4.158154129981994629e-01 4.259819909930229187e-02
9.040032625198364258e-01 -4.247001111507415771e-01 4.906919971108436584e-02
8.998853564262390137e-01 -4.325117170810699463e-01 5.603521689772605896e-02
8.961222767829895020e-01 -4.392621219158172607e-01 6.335349380970001221e-02
8.927240371704101562e-01 -4.450046122074127197e-01 7.081423699855804443e-02
8.896930217742919922e-01 -4.498202800750732422e-01 7.815413177013397217e-02
8.870179653167724609e-01 -4.538338482379913330e-01 8.505311608314514160e-02
8.846835494041442871e-01 -4.571951925754547119e-01 9.114544838666915894e-02
8.826639056205749512e-01 -4.600906670093536377e-01 9.602612257003784180e-02
8.809249401092529297e-01 -4.627303779125213623e-01 9.925614297389984131e-02
8.794203400611877441e-01 -4.653441905975341797e-01 1.003729477524757385e-01
8.780830502510070801e-01 -4.681774973869323730e-01 9.889339655637741089e-02
8.768225908279418945e-01 -4.714727103710174561e-01 9.431682527065277100e-02
8.755049109458923340e-01 -4.754698276519775391e-01 8.613675087690353394e-02
8.739438652992248535e-01 -4.803853034973144531e-01 7.383810728788375854e-02
8.718853592872619629e-01 -4.863912761211395264e-01 5.691682174801826477e-02
8.689885735511779785e-01 -4.936003983020782471e-01 3.489185497164726257e-02
8.648153543472290039e-01 -5.020363926887512207e-01 7.335842121392488480e-03
8.588218688964843750e-01 -5.116100907325744629e-01 -2.607978321611881256e-02
8.503684997558593750e-01 -5.220913887023925781e-01 -6.552866846323013306e-02
8.387541770935058594e-01 -5.330856442451477051e-01 -1.109555438160896301e-01
8.232820034027099609e-01 -5.440278053283691406e-01 -1.619889289140701294e-01
8.033530712127685547e-01 -5.542080998420715332e-01 -2.178927659988403320e-01
7.785921096801757812e-01 -5.628200769424438477e-01 -2.775388658046722412e-01
7.489707469940185547e-01 -5.690439939498901367e-01 -3.394579887390136719e-01
7.148886919021606445e-01 -5.721503496170043945e-01 -4.019677340984344482e-01
6.771839857101440430e-01 -5.715788006782531738e-01 -4.633784294128417969e-01
6.370548605918884277e-01 -5.669957995414733887e-01 -5.221846699714660645e-01
5.959187746047973633e-01 -5.582739710807800293e-01 -5.772443413734436035e-01
5.552412271499633789e-01 -5.454372763633728027e-01 -6.278577446937561035e-01
5.164029598236083984e-01 -5.285671353340148926e-01 -6.737542748451232910e-01
4.806071221828460693e-01 -5.077207088470458984e-01 -7.150080204010009766e-01
4.488633573055267334e-01 -4.828516542911529541e-01 -7.519148588180541992e-01
4.220067560672760010e-01 -4.537762701511383057e-01 -7.848549485206604004e-01
4.007517099380493164e-01 -4.201568365097045898e-01 -8.141660094261169434e-01
3.857399225234985352e-01 -3.815329968929290771e-01 -8.400222063064575195e-01
3.775772452354431152e-01 -3.373735547065734863e-01 -8.623308539390563965e-01
3.768304884433746338e-01 -2.871885895729064941e-01 -8.806369304656982422e-01
3.839754462242126465e-01 -2.306967377662658691e-01 -8.940591812133789062e-01
3.992825150489807129e-01 -1.680538058280944824e-01 -9.012942910194396973e-01
4.226576983928680420e-01 -1.001280918717384338e-01 -9.007412195205688477e-01
4.534636437892913818e-01 -2.872123010456562042e-02 -8.908119201660156250e-01
4.904273450374603271e-01 4.337421804666519165e-02 -8.704020977020263672e-01
5.317074060440063477e-01 1.126530170440673828e-01 -8.394024968147277832e-01
5.751751065254211426e-01 1.754781007766723633e-01 -7.989875674247741699e-01
6.187916994094848633e-01 2.288054972887039185e-01 -7.514951229095458984e-01
6.609342098236083984e-01 2.707265317440032959e-01 -6.999092698097229004e-01
7.005422115325927734e-01 3.006219267845153809e-01 -6.471994519233703613e-01
7.370767593383789062e-01 3.189700543880462646e-01 -5.957986712455749512e-01
7.703710794448852539e-01 3.269693851470947266e-01 -5.473749041557312012e-01
8.004813790321350098e-01 3.261616826057434082e-01 -5.028401017189025879e-01
8.275645971298217773e-01 3.181614875793457031e-01 -4.625041186809539795e-01
8.518144488334655762e-01 3.044943809509277344e-01 -4.262574315071105957e-01
8.734306693077087402e-01 2.865175008773803711e-01 -3.937341868877410889e-01
8.926078677177429199e-01 2.653972208499908447e-01 -3.644386529922485352e-01
9.095335602760314941e-01 2.421195209026336670e-01 -3.378266096115112305e-01
9.243896603584289551e-01 2.175069153308868408e-01 -3.133599162101745605e-01
9.373528361320495605e-01 1.922443211078643799e-01 -2.905372381210327148e-01
9.485945105552673340e-01 1.669022291898727417e-01 -2.689090669155120850e-01
9.582790732383728027e-01 1.419596225023269653e-01 -2.480902224779129028e-01
9.665625691413879395e-01 1.178226843476295471e-01 -2.277599424123764038e-01
9.735915064811706543e-01 9.484322369098663330e-02 -2.076642811298370361e-01
9.795030355453491211e-01 7.333150506019592285e-02 -1.876068711280822754e-01
9.844235181808471680e-01 5.356856808066368103e-02 -1.674535721540451050e-01
9.884707331657409668e-01 3.581319004297256470e-02 -1.471153050661087036e-01
9.917523264884948730e-01 2.030399814248085022e-02 -1.265504062175750732e-01
9.943666458129882812e-01 7.265008054673671722e-03 -1.057462245225906372e-01
9.964003562927246094e-01 -3.088939469307661057e-03 -8.471605926752090454e-02
9.979266524314880371e-01 -1.055728178471326828e-02 -6.348963826894760132e-02
9.990015029907226562e-01 -1.494821999222040176e-02 -4.210048168897628784e-02
9.996588230133056641e-01 -1.608093455433845520e-02 -2.058454602956771851e-02
9.999044537544250488e-01 -1.378550846129655838e-02 1.024905242957174778e-03
9.997110962867736816e-01 -7.901960983872413635e-03 2.270014956593513489e-02
9.990115165710449219e-01 1.714573241770267487e-03 4.441965743899345398e-02
9.976933598518371582e-01 1.518900506198406219e-02 6.616052240133285522e-02
9.955952763557434082e-01 3.261705115437507629e-02 8.789927512407302856e-02
9.925052523612976074e-01 5.405537784099578857e-02 1.095971167087554932e-01
9.881628751754760742e-01 7.949848473072052002e-02 1.312027871608734131e-01
9.822695851325988770e-01 1.088562458753585815e-01 1.526325494050979614e-01
9.745048284530639648e-01 1.419292688369750977e-01 1.737714558839797974e-01
9.645530581474304199e-01 1.783788651227951050e-01 1.944695860147476196e-01
9.521456360816955566e-01 2.177016586065292358e-01 2.145330756902694702e-01
9.371056556701660156e-01 2.592243850231170654e-01 2.337426096200942993e-01
9.194020628929138184e-01 3.021064102649688721e-01 2.518562972545623779e-01
8.991944193840026855e-01 3.453740477561950684e-01 2.686375081539154053e-01
8.768612146377563477e-01 3.879787921905517578e-01 2.838784456253051758e-01
8.530004024505615234e-01 4.288736879825592041e-01 2.974180579185485840e-01
8.283969163894653320e-01 4.670938253402709961e-01 3.091632127761840820e-01
8.039592504501342773e-01 5.018255710601806641e-01 3.190933465957641602e-01
7.806421518325805664e-01 5.324541330337524414e-01 3.272466659545898438e-01
7.593573331832885742e-01 5.585807561874389648e-01 3.337122797966003418e-01
7.409111857414245605e-01 5.800039172172546387e-01 3.385941684246063232e-01
7.259413599967956543e-01 5.966961979866027832e-01 3.419982790946960449e-01
7.148986458778381348e-01 6.087548732757568359e-01 3.440022170543670654e-01
7.080278396606445312e-01 6.163711547851562500e-01 3.446493446826934814e-01
7.053798437118530273e-01 6.197927594184875488e-01 3.439420461654663086e-01
7.068271636962890625e-01 6.193024516105651855e-01 3.418476283550262451e-01
7.120796442031860352e-01 6.152146458625793457e-01 3.383100032806396484e-01
7.207167148590087891e-01 6.078646779060363770e-01 3.332686722278594971e-01
7.322092652320861816e-01 5.976219177246093750e-01 3.266766369342803955e-01
7.459563016891479492e-01 5.848834514617919922e-01 3.185285031795501709e-01
7.613124251365661621e-01 5.700854063034057617e-01 3.088786303997039795e-01
7.776257991790771484e-01 5.536952614784240723e-01 2.978587746620178223e-01
7.942637801170349121e-01 5.362135767936706543e-01 2.856920063495635986e-01
8.106520771980285645e-01 5.181503891944885254e-01 2.726961374282836914e-01
8.262903690338134766e-01 5.000212788581848145e-01 2.592739462852478027e-01
8.407701253890991211e-01 4.823222756385803223e-01 2.459079623222351074e-01
8.537864089012145996e-01 4.655104279518127441e-01 2.331283092498779297e-01
8.651280403137207031e-01 4.499944448471069336e-01 2.214916050434112549e-01
8.746696114540100098e-01 4.361203610897064209e-01 2.115470319986343384e-01
8.823530077934265137e-01 4.241651892662048340e-01 2.038065642118453979e-01
8.881655931472778320e-01 4.143374860286712646e-01 1.987115144729614258e-01
8.921160697937011719e-01 4.067830443382263184e-01 1.966125667095184326e-01
8.942149877548217773e-01 4.015913009643554688e-01 1.977473348379135132e-01
8.944576382637023926e-01 3.988075852394104004e-01 2.022326588630676270e-01
8.928145766258239746e-01 3.984418213367462158e-01 2.100625485181808472e-01
8.892281055450439453e-01 4.004793465137481689e-01 2.211101800203323364e-01
8.836125731468200684e-01 4.048894643783569336e-01 2.351453453302383423e-01
8.758657574653625488e-01 4.116224050521850586e-01 2.518457174301147461e-01
8.658744096755981445e-01 4.206154346466064453e-01 2.708213925361633301e-01
8.535302281379699707e-01 4.317849576473236084e-01 2.916298508644104004e-01
8.387403488159179688e-01 4.450220763683319092e-01 3.137992620468139648e-01
8.214424848556518555e-01 4.601844251155853271e-01 3.368420004844665527e-01
8.016194701194763184e-01 4.770891368389129639e-01 3.602667748928070068e-01
7.793118357658386230e-01 4.955065846443176270e-01 3.835965991020202637e-01
7.546347379684448242e-01 5.151591300964355469e-01 4.063712060451507568e-01
7.277899384498596191e-01 5.357229709625244141e-01 4.281619787216186523e-01
6.990715265274047852e-01 5.568435192108154297e-01 4.485802948474884033e-01
6.688685417175292969e-01 5.781463980674743652e-01 4.672918021678924561e-01
6.376622319221496582e-01 5.992602109909057617e-01 4.840185642242431641e-01
6.060018539428710938e-01 6.198405027389526367e-01 4.985575675964355469e-01
5.744878053665161133e-01 6.395881772041320801e-01 5.107747316360473633e-01
5.437422990798950195e-01 6.582666635513305664e-01 5.206047296524047852e-01
5.143695473670959473e-01 6.757163405418395996e-01 5.280447602272033691e-01
4.869362413883209229e-01 6.918491721153259277e-01 5.331395268440246582e-01
4.619410932064056396e-01 7.066487669944763184e-01 5.359644889831542969e-01
4.398056566715240479e-01 7.201535701751708984e-01 5.366094708442687988e-01
4.208573102951049805e-01 7.324479222297668457e-01 5.351626873016357422e-01
4.053364992141723633e-01 7.436432242393493652e-01 5.316927433013916016e-01
3.933962583541870117e-01 7.538610100746154785e-01 5.262442231178283691e-01
3.851159811019897461e-01 7.632187604904174805e-01 5.188283324241638184e-01
3.805093765258789062e-01 7.718175649642944336e-01 5.094214677810668945e-01
3.795354664325714111e-01 7.797324657440185547e-01 4.979660212993621826e-01
3.821110129356384277e-01 7.869987487792968750e-01 4.843803048133850098e-01
3.881238400936126709e-01 7.936080694198608398e-01 4.685574173927307129e-01
3.974368870258331299e-01 7.994982004165649414e-01 4.503849148750305176e-01
4.098951220512390137e-01 8.045488595962524414e-01 4.297523498535156250e-01
4.253370165824890137e-01 8.085754513740539551e-01 4.065639078617095947e-01
4.435795247554779053e-01 8.113322854042053223e-01 3.807586431503295898e-01
4.644322097301483154e-01 8.125076293945312500e-01 3.523264825344085693e-01
4.876786172389984131e-01 8.117378354072570801e-01 3.213273882865905762e-01
5.130738615989685059e-01 8.086169958114624023e-01 2.879127860069274902e-01
5.403323173522949219e-01 8.027243018150329590e-01 2.523385584354400635e-01
5.691206455230712891e-01 7.936513423919677734e-01 2.149868458509445190e-01
5.990499854087829590e-01 7.810466289520263672e-01 1.763667762279510498e-01
6.296803951263427734e-01 7.646583318710327148e-01 1.371142715215682983e-01
6.605284810066223145e-01 7.443814277648925781e-01 9.797125309705734253e-02
6.910920143127441406e-01 7.202926278114318848e-01 5.975294113159179688e-02
7.208749651908874512e-01 6.926734447479248047e-01 2.329894155263900757e-02
7.494223713874816895e-01 6.620076298713684082e-01 -1.058801077306270599e-02
7.763528227806091309e-01 6.289512515068054199e-01 -4.119071736931800842e-02
8.013768196105957031e-01 5.942893624305725098e-01 -6.793632358312606812e-02
8.243145942687988281e-01 5.588635206222534180e-01 -9.042660892009735107e-02
8.450877070426940918e-01 5.235128402709960938e-01 -1.084485501050949097e-01
8.637068867683410645e-01 4.890120923519134521e-01 -1.219737902283668518e-01
8.802530169486999512e-01 4.560242593288421631e-01 -1.311356723308563232e-01
8.948510885238647461e-01 4.250765442848205566e-01 -1.362038552761077881e-01
9.076507687568664551e-01 3.965466320514678955e-01 -1.375531554222106934e-01
9.188092947006225586e-01 3.706640899181365967e-01 -1.356377452611923218e-01
9.284814596176147461e-01 3.475185930728912354e-01 -1.309697180986404419e-01
9.368126988410949707e-01 3.270781636238098145e-01 -1.241043433547019958e-01
9.439398646354675293e-01 3.092025220394134521e-01 -1.156346127390861511e-01
9.499956965446472168e-01 2.936533391475677490e-01 -1.061880290508270264e-01
9.551119208335876465e-01 2.801126837730407715e-01 -9.642691165208816528e-02
9.594249725341796875e-01 2.681899368762969971e-01 -8.705059438943862915e-02
9.630782604217529297e-01 2.574291527271270752e-01 -7.880628108978271484e-02
9.662207961082458496e-01 2.473123669624328613e-01 -7.248382270336151123e-02
9.689972400665283203e-01 2.372608482837677002e-01 -6.893187016248703003e-02
9.715285897254943848e-01 2.266346067190170288e-01 -6.905721873044967651e-02
9.738795161247253418e-01 2.147278487682342529e-01 -7.382854074239730835e-02
9.760072827339172363e-01 2.007641196250915527e-01 -8.428268879652023315e-02
9.776908755302429199e-01 1.838952451944351196e-01 -1.015037745237350464e-01
9.784366488456726074e-01 1.632064133882522583e-01 -1.265913844108581543e-01
9.773625135421752930e-01 1.377608329057693481e-01 -1.605757027864456177e-01
9.730910062789916992e-01 1.066718250513076782e-01 -2.042429745197296143e-01
9.636906981468200684e-01 6.927417963743209839e-02 -2.578785419464111328e-01
9.467732906341552734e-01 2.536384388804435730e-02 -3.209002912044525146e-01
9.198569059371948242e-01 -2.449497766792774200e-02 -3.914884924888610840e-01
8.810445666313171387e-01 -7.872951775789260864e-02 -4.664356708526611328e-01
8.298517465591430664e-01 -1.347838789224624634e-01 -5.414603948593139648e-01
7.677552103996276855e-01 -1.895436644554138184e-01 -6.120662689208984375e-01
6.980163455009460449e-01 -2.400441169738769531e-01 -6.746495366096496582e-01
6.248047947883605957e-01 -2.841274440288543701e-01 -7.272486090660095215e-01
5.520890355110168457e-01 -3.207192718982696533e-01 -7.696341872215270996e-01
4.828578531742095947e-01 -3.497047722339630127e-01 -8.028417229652404785e-01
4.188916981220245361e-01 -3.715837001800537109e-01 -8.285259604454040527e-01
3.609131574630737305e-01 -3.871171176433563232e-01 -8.484586477279663086e-01
3.088960349559783936e-01 -3.970863521099090576e-01 -8.642370700836181641e-01
2.623714208602905273e-01 -4.021670520305633545e-01 -8.771676421165466309e-01
2.206444442272186279e-01 -4.028747081756591797e-01 -8.882611989974975586e-01
1.829457283020019531e-01 -3.995620906352996826e-01 -8.982656002044677734e-01
1.485102325677871704e-01 -3.924396038055419922e-01 -9.077091217041015625e-01
1.166248917579650879e-01 -3.816013336181640625e-01 -9.169400334358215332e-01
8.664786815643310547e-02 -3.670546412467956543e-01 -9.261550307273864746e-01
5.802186951041221619e-02 -3.487577736377716064e-01 -9.354151487350463867e-01
3.028292953968048096e-02 -3.266504704952239990e-01 -9.446599483489990234e-01
3.071367042139172554e-03 -3.006989359855651855e-01 -9.537141919136047363e-01
-2.386327274143695831e-02 -2.709406316280364990e-01 -9.623001813888549805e-01
-5.064569786190986633e-02 -2.375278174877166748e-01 -9.700595736503601074e-01
-7.727494090795516968e-02 -2.007739543914794922e-01 -9.765850305557250977e-01
-1.036216393113136292e-01 -1.611843109130859375e-01 -9.814693927764892578e-01
-1.294417679309844971e-01 -1.194658130407333374e-01 -9.843642115592956543e-01
-1.544075459241867065e-01 -7.650621235370635986e-02 -9.850406646728515625e-01
-1.781465858221054077e-01 -3.332195803523063660e-02 -9.834395051002502441e-01
-2.002904564142227173e-01 9.029838256537914276e-03 -9.796949028968811035e-01
-2.205230295658111572e-01 4.954232648015022278e-02 -9.741227626800537109e-01
-2.386096864938735962e-01 8.734842389822006226e-02 -9.671791791915893555e-01
-2.544217407703399658e-01 1.217833608388900757e-01 -9.593948125839233398e-01
-2.679323256015777588e-01 1.524205952882766724e-01 -9.513044953346252441e-01
-2.792037427425384521e-01 1.790688335895538330e-01 -9.433873295783996582e-01
-2.883688509464263916e-01 2.017488926649093628e-01 -9.360239505767822266e-01
-2.956072390079498291e-01 2.206578850746154785e-01 -9.294764399528503418e-01
-3.011232614517211914e-01 2.361313402652740479e-01 -9.238867759704589844e-01
-3.051324188709259033e-01 2.485960274934768677e-01 -9.192900657653808594e-01
-3.078407645225524902e-01 2.585419416427612305e-01 -9.156364202499389648e-01
-3.094448149204254150e-01 2.664918601512908936e-01 -9.128121137619018555e-01
-3.101131021976470947e-01 2.729772031307220459e-01 -9.106664657592773438e-01
-3.099883794784545898e-01 2.785196602344512939e-01 -9.090291261672973633e-01
-3.091792762279510498e-01 2.836160361766815186e-01 -9.077280163764953613e-01
-3.077530860900878906e-01 2.887288033962249756e-01 -9.066000580787658691e-01
-3.057364821434020996e-01 2.942760884761810303e-01 -9.054980874061584473e-01
-3.031103610992431641e-01 3.006244599819183350e-01 -9.042947888374328613e-01
-2.998073399066925049e-01 3.080848455429077148e-01 -9.028838872909545898e-01
-2.957088351249694824e-01 3.169108033180236816e-01 -9.011790752410888672e-01
-2.906460165977478027e-01 3.272950053215026855e-01 -8.991122841835021973e-01
-2.843993008136749268e-01 3.393623828887939453e-01 -8.966326713562011719e-01
-2.766954600811004639e-01 3.531773984432220459e-01 -8.937031626701354980e-01
-2.672160863876342773e-01 3.687342405319213867e-01 -8.902980685234069824e-01
-2.555939555168151855e-01 3.859560191631317139e-01 -8.864026665687561035e-01
-2.414234131574630737e-01 4.046924412250518799e-01 -8.820083737373352051e-01
-2.242634445428848267e-01 4.247165620326995850e-01 -8.771098852157592773e-01
-2.036537379026412964e-01 4.457172155380249023e-01 -8.717002868652343750e-01
-1.791207641363143921e-01 4.673008620738983154e-01 -8.657630085945129395e-01
-1.502048224210739136e-01 4.889830648899078369e-01 -8.592636585235595703e-01
-1.164759323000907898e-01 5.101858973503112793e-01 -8.521406650543212891e-01
-7.757533341646194458e-02 5.302414894104003906e-01 -8.442901968955993652e-01
-3.324732184410095215e-02 5.483915209770202637e-01 -8.355605602264404297e-01
1.660465449094772339e-02 5.638058781623840332e-01 -8.257403969764709473e-01
7.186796516180038452e-02 5.756065845489501953e-01 -8.145624399185180664e-01
1.321648955345153809e-01 5.829111337661743164e-01 -8.017150163650512695e-01
1.968131512403488159e-01 5.848991274833679199e-01 -7.868656516075134277e-01
2.648075819015502930e-01 5.808930397033691406e-01 -7.697014212608337402e-01
3.348532617092132568e-01 5.704411864280700684e-01 -7.499800324440002441e-01
4.054418802261352539e-01 5.533953905105590820e-01 -7.275784015655517578e-01
4.749767780303955078e-01 5.299547910690307617e-01 -7.025275230407714844e-01
5.419276356697082520e-01 5.006570816040039062e-01 -6.750236749649047852e-01
6.049757003784179688e-01 4.663181006908416748e-01 -6.454082131385803223e-01
6.631202101707458496e-01 4.279241263866424561e-01 -6.141274571418762207e-01
7.157294750213623047e-01 3.865169286727905273e-01 -5.816665291786193848e-01
7.625234127044677734e-01 3.430774509906768799e-01 -5.485033392906188965e-01
8.035161495208740234e-01 2.984481751918792725e-01 -5.150635838508605957e-01
8.389352560043334961e-01 2.532816827297210693e-01 -4.817011952400207520e-01
8.691344857215881348e-01 2.080395966768264771e-01 -4.486924409866333008e-01
8.945206999778747559e-01 1.630026698112487793e-01 -4.162486195564270020e-01
9.155001044273376465e-01 1.183160543441772461e-01 -3.845268189907073975e-01
9.324436187744140625e-01 7.401826977729797363e-02 -3.536527752876281738e-01
9.456701874732971191e-01 3.009149059653282166e-02 -3.237320184707641602e-01
9.554437398910522461e-01 -1.350372098386287689e-02 -2.948642373085021973e-01
9.619812965393066406e-01 -5.679184198379516602e-02 -2.671454548835754395e-01
9.654657840728759766e-01 -9.976126253604888916e-02 -2.406731396913528442e-01
9.660623669624328613e-01 -1.423530429601669312e-01 -2.155434042215347290e-01
9.639375209808349609e-01 -1.844478100538253784e-01 -1.918421834707260132e-01
9.592712521553039551e-01 -2.258764952421188354e-01 -1.696422994136810303e-01
9.522695541381835938e-01 -2.664251327514648438e-01 -1.489980220794677734e-01
9.431685805320739746e-01 -3.058577179908752441e-01 -1.299387514591217041e-01
9.322359561920166016e-01 -3.439300060272216797e-01 -1.124642044305801392e-01
9.197637438774108887e-01 -3.804105520248413086e-01 -9.655208140611648560e-02
9.060581326484680176e-01 -4.151017069816589355e-01 -8.215390145778656006e-02
8.914281129837036133e-01 -4.478466808795928955e-01 -6.920429319143295288e-02
8.761729001998901367e-01 -4.785398840904235840e-01 -5.762493982911109924e-02
8.605697154998779297e-01 -5.071281790733337402e-01 -4.733608290553092957e-02
8.448645472526550293e-01 -5.336107015609741211e-01 -3.825513646006584167e-02
8.292653560638427734e-01 -5.580324530601501465e-01 -3.031096793711185455e-02
8.139396309852600098e-01 -5.804763436317443848e-01 -2.343927323818206787e-02
7.990122437477111816e-01 -6.010574102401733398e-01 -1.759254187345504761e-02
7.845680117607116699e-01 -6.199120879173278809e-01 -1.273518148809671402e-02
7.706529498100280762e-01 -6.371935009956359863e-01 -8.848531171679496765e-03
7.572811245918273926e-01 -6.530621647834777832e-01 -5.928447004407644272e-03
7.444349527359008789e-01 -6.676830649375915527e-01 -3.983382135629653931e-03
7.320718169212341309e-01 -6.812205910682678223e-01 -3.036243841052055359e-03
7.201304435729980469e-01 -6.938316226005554199e-01 -3.120528766885399818e-03
7.085291147232055664e-01 -7.056686282157897949e-01 -4.284717608243227005e-03
6.971732974052429199e-01 -7.168723940849304199e-01 -6.585128139704465866e-03
6.859581470489501953e-01 -7.275709509849548340e-01 -1.009248849004507065e-02
6.747695803642272949e-01 -7.378782629966735840e-01 -1.488677971065044403e-02
6.634882688522338867e-01 -7.478902339935302734e-01 -2.105992473661899567e-02
6.519873738288879395e-01 -7.576860189437866211e-01 -2.871293388307094574e-02
6.401392817497253418e-01 -7.673207521438598633e-01 -3.795542195439338684e-02
6.278123855590820312e-01 -7.768267989158630371e-01 -4.890457913279533386e-02
6.148726940155029297e-01 -7.862108945846557617e-01 -6.167600303888320923e-02
6.011902689933776855e-01 -7.954469323158264160e-01 -7.638345658779144287e-02
5.866345763206481934e-01 -8.044794797897338867e-01 -9.312670677900314331e-02
5.710839629173278809e-01 -8.132172226905822754e-01 -1.119858697056770325e-01
5.544265508651733398e-01 -8.215352892875671387e-01 -1.330075860023498535e-01
5.365699529647827148e-01 -8.292737603187561035e-01 -1.561977714300155640e-01
5.174470543861389160e-01 -8.362442851066589355e-01 -1.815051287412643433e-01
4.970266819000244141e-01 -8.422356247901916504e-01 -2.088147103786468506e-01
4.753252267837524414e-01 -8.470247983932495117e-01 -2.379387915134429932e-01
4.524166882038116455e-01 -8.503912687301635742e-01 -2.686144113540649414e-01
4.284386634826660156e-01 -8.521355986595153809e-01 -3.005084395408630371e-01
4.036031961441040039e-01 -8.520958423614501953e-01 -3.332224786281585693e-01
3.781912624835968018e-01 -8.501657247543334961e-01 -3.663189113140106201e-01
3.525534272193908691e-01 -8.463077545166015625e-01 -3.993359506130218506e-01
3.270936906337738037e-01 -8.405608534812927246e-01 -4.318185448646545410e-01
3.022565841674804688e-01 -8.330380916595458984e-01 -4.633449018001556396e-01
2.785104513168334961e-01 -8.239210247993469238e-01 -4.935443699359893799e-01
2.563261687755584717e-01 -8.134414553642272949e-01 -5.221204757690429688e-01
2.361624538898468018e-01 -8.018646836280822754e-01 -5.488537549972534180e-01
2.184503227472305298e-01 -7.894663810729980469e-01 -5.736046433448791504e-01
2.035901695489883423e-01 -7.765153646469116211e-01 -5.963010787963867188e-01
1.919421702623367310e-01 -7.632521986961364746e-01 -6.169312596321105957e-01
1.838203519582748413e-01 -7.498819828033447266e-01 -6.355210542678833008e-01
1.794958561658859253e-01 -7.365615367889404297e-01 -6.521183848381042480e-01
1.791859567165374756e-01 -7.233961224555969238e-01 -6.667761206626892090e-01
1.830451786518096924e-01 -7.104443907737731934e-01 -6.795316934585571289e-01
1.911507248878479004e-01 -6.977179646492004395e-01 -6.903991103172302246e-01
2.034751772880554199e-01 -6.851952075958251953e-01 -6.993606686592102051e-01
2.198655605316162109e-01 -6.728343963623046875e-01 -7.063661217689514160e-01
2.400088310241699219e-01 -6.605952382087707520e-01 -7.113436460494995117e-01
2.634213864803314209e-01 -6.484605073928833008e-01 -7.142186164855957031e-01
2.894397675991058350e-01 -6.364617943763732910e-01 -7.149412035942077637e-01
3.172497153282165527e-01 -6.247013807296752930e-01 -7.135130763053894043e-01
3.459374904632568359e-01 -6.133630871772766113e-01 -7.100090980529785156e-01
3.745690882205963135e-01 -6.027047038078308105e-01 -7.045885920524597168e-01
4.022773802280426025e-01 -5.930413603782653809e-01 -6.974775791168212891e-01
4.283431172370910645e-01 -5.847088098526000977e-01 -6.889396905899047852e-01
4.522543251514434814e-01 -5.780279636383056641e-01 -6.792274117469787598e-01
4.737241566181182861e-01 -5.732656717300415039e-01 -6.685446500778198242e-01
4.926875829696655273e-01 -5.706163048744201660e-01 -6.570052504539489746e-01
5.092654824256896973e-01 -5.701832175254821777e-01 -6.446236371994018555e-01
5.237190723419189453e-01 -5.719844698905944824e-01 -6.313098669052124023e-01
5.363970994949340820e-01 -5.759556293487548828e-01 -6.168899536132812500e-01
5.476893782615661621e-01 -5.819627046585083008e-01 -6.011286973953247070e-01
5.579868555068969727e-01 -5.898045301437377930e-01 -5.837647914886474609e-01
5.676441192626953125e-01 -5.992287397384643555e-01 -5.645397305488586426e-01
5.769593715667724609e-01 -6.099306941032409668e-01 -5.432332158088684082e-01
5.861603021621704102e-01 -6.215610504150390625e-01 -5.196902155876159668e-01
5.953961014747619629e-01 -6.337353587150573730e-01 -4.938451945781707764e-01
6.047458648681640625e-01 -6.460425257682800293e-01 -4.657376706600189209e-01
6.142324805259704590e-01 -6.580619812011718750e-01 -4.355145394802093506e-01
6.238425970077514648e-01 -6.693807840347290039e-01 -4.034226238727569580e-01
6.335500478744506836e-01 -6.796126365661621094e-01 -3.697850108146667480e-01
6.433411836624145508e-01 -6.884121298789978027e-01 -3.349638581275939941e-01
6.532340049743652344e-01 -6.954802274703979492e-01 -2.993204295635223389e-01
6.632894277572631836e-01 -7.005628347396850586e-01 -2.631710469722747803e-01
6.736178398132324219e-01 -7.034392952919006348e-01 -2.267426252365112305e-01
6.843805909156799316e-01 -7.038936614990234375e-01 -1.901497393846511841e-01
6.953456401824951172e-01 -7.019129991531372070e-01 -1.543135046958923340e-01
6.908088326454162598e-01 -7.079099416732788086e-01 -1.471279412508010864e-01
6.025153398513793945e-01 -7.466981410980224609e-01 -2.818106114864349365e-01
3.393171131610870361e-01 -8.334178328514099121e-01 -4.362093508243560791e-01
3.772400617599487305e-01 -7.825854420661926270e-01 -4.952270686626434326e-01
2.463662922382354736e-01 -8.574162721633911133e-01 -4.518195986747741699e-01
2.978048026561737061e-01 -8.809648156166076660e-01 -3.677135109901428223e-01
2.917123734951019287e-01 -8.877142667770385742e-01 -3.561843931674957275e-01
2.486193329095840454e-01 -8.750240206718444824e-01 -4.153568744659423828e-01
2.032059729099273682e-01 -8.589671850204467773e-01 -4.699815213680267334e-01
1.613403558731079102e-01 -8.409734368324279785e-01 -5.164619684219360352e-01
1.243073344230651855e-01 -8.227666616439819336e-01 -5.546194314956665039e-01
9.156830608844757080e-02 -8.051266074180603027e-01 -5.859917402267456055e-01
6.246029213070869446e-02 -7.884461283683776855e-01 -6.119244098663330078e-01
3.629137203097343445e-02 -7.728587388992309570e-01 -6.335394978523254395e-01
1.238302607089281082e-02 -7.583273649215698242e-01 -6.517563462257385254e-01
-9.909881278872489929e-03 -7.447113394737243652e-01 -6.673131585121154785e-01
-3.119436465203762054e-02 -7.318024635314941406e-01 -6.808025240898132324e-01
-5.204433947801589966e-02 -7.193517684936523438e-01 -6.926935911178588867e-01
-7.299935817718505859e-02 -7.070809602737426758e-01 -7.033545374870300293e-01
-9.457337111234664917e-02 -6.946931481361389160e-01 -7.130619883537292480e-01
-1.172509193420410156e-01 -6.818716526031494141e-01 -7.220133543014526367e-01
-1.414838433265686035e-01 -6.682879328727722168e-01 -7.303242683410644531e-01
-1.676789075136184692e-01 -6.536020040512084961e-01 -7.380298972129821777e-01
-1.961825340986251831e-01 -6.374692320823669434e-01 -7.450807690620422363e-01
-2.272539287805557251e-01 -6.195552945137023926e-01 -7.513366937637329102e-01
-2.610304355621337891e-01 -5.995548367500305176e-01 -7.565693259239196777e-01
-2.974868416786193848e-01 -5.772244334220886230e-01 -7.604693174362182617e-01
-3.364007771015167236e-01 -5.524240136146545410e-01 -7.626678347587585449e-01
-3.773224055767059326e-01 -5.251660943031311035e-01 -7.627767920494079590e-01
-4.195701777935028076e-01 -4.956624805927276611e-01 -7.604469656944274902e-01
-4.622632861137390137e-01 -4.643575549125671387e-01 -7.554367780685424805e-01
-5.043930411338806152e-01 -4.319300353527069092e-01 -7.476791739463806152e-01
-5.449283719062805176e-01 -3.992551565170288086e-01 -7.373251914978027344e-01
-5.829290747642517090e-01 -3.673202395439147949e-01 -7.247548699378967285e-01
-6.176500320434570312e-01 -3.371242880821228027e-01 -7.105318307876586914e-01
-6.485980153083801270e-01 -3.095634877681732178e-01 -6.953351497650146484e-01
-6.755451560020446777e-01 -2.853519618511199951e-01 -6.798624396324157715e-01
-6.984943151473999023e-01 -2.649645209312438965e-01 -6.647551059722900391e-01
-7.176303863525390625e-01 -2.486281991004943848e-01 -6.505311131477355957e-01
-7.332537174224853516e-01 -2.363424301147460938e-01 -6.375586986541748047e-01
-7.457342743873596191e-01 -2.279104441404342651e-01 -6.260488033294677734e-01
-7.554667592048645020e-01 -2.229911535978317261e-01 -6.160721778869628906e-01
-7.628518342971801758e-01 -2.211367189884185791e-01 -6.075817942619323730e-01
-7.682833671569824219e-01 -2.218394279479980469e-01 -6.004398465156555176e-01
-7.721432447433471680e-01 -2.245593816041946411e-01 -5.944475531578063965e-01
-7.747984528541564941e-01 -2.287587970495223999e-01 -5.893697142601013184e-01
-7.766063213348388672e-01 -2.339178770780563354e-01 -5.849487185478210449e-01
-7.779076099395751953e-01 -2.395534217357635498e-01 -5.809251070022583008e-01
-7.790285348892211914e-01 -2.452286183834075928e-01 -5.770419836044311523e-01
-7.802779078483581543e-01 -2.505589425563812256e-01 -5.730503201484680176e-01
-7.819395065307617188e-01 -2.552137672901153564e-01 -5.687148571014404297e-01
-7.842729687690734863e-01 -2.589129209518432617e-01 -5.638085007667541504e-01
-7.875071167945861816e-01 -2.614244818687438965e-01 -5.581126809120178223e-01
-7.918365001678466797e-01 -2.625615894794464111e-01 -5.514131784439086914e-01
-7.974179983139038086e-01 -2.621721923351287842e-01 -5.434982180595397949e-01
-8.043679594993591309e-01 -2.601365745067596436e-01 -5.341546535491943359e-01
-8.127589821815490723e-01 -2.563625276088714600e-01 -5.231644511222839355e-01
-8.226143717765808105e-01 -2.507789731025695801e-01 -5.103093385696411133e-01
-8.339051604270935059e-01 -2.433371096849441528e-01 -4.953676760196685791e-01
-8.465461730957031250e-01 -2.340092062950134277e-01 -4.781205952167510986e-01
-8.603894710540771484e-01 -2.227881401777267456e-01 -4.583615958690643311e-01
-8.752234578132629395e-01 -2.096918672323226929e-01 -4.359050393104553223e-01
-8.907701969146728516e-01 -1.947702914476394653e-01 -4.106007516384124756e-01
-9.066883325576782227e-01 -1.781095564365386963e-01 -3.823522031307220459e-01
-9.225820899009704590e-01 -1.598369479179382324e-01 -3.511331379413604736e-01
-9.380144476890563965e-01 -1.401273459196090698e-01 -3.170064985752105713e-01
-9.525291323661804199e-01 -1.192061603069305420e-01 -2.801396846771240234e-01
-9.656777381896972656e-01 -9.734308719635009766e-02 -2.408127337694168091e-01
-9.770528674125671387e-01 -7.484736293554306030e-02 -1.994129568338394165e-01
-9.863162636756896973e-01 -5.205817520618438721e-02 -1.564293950796127319e-01
-9.932271838188171387e-01 -2.932349592447280884e-02 -1.124271079897880554e-01
-9.976599216461181641e-01 -6.981146056205034256e-03 -6.801340728998184204e-02
-9.996092319488525391e-01 1.465952489525079727e-02 -2.380289323627948761e-02
-9.991829991340637207e-01 3.533488884568214417e-02 1.961806602776050568e-02
-9.965854883193969727e-01 5.484070256352424622e-02 6.172340363264083862e-02
-9.920930862426757812e-01 7.303771376609802246e-02 1.020623147487640381e-01
-9.860261082649230957e-01 8.985135704278945923e-02 1.402824670076370239e-01
-9.787241816520690918e-01 1.052669212222099304e-01 1.761190146207809448e-01
-9.705237150192260742e-01 1.193205863237380981e-01 2.093948870897293091e-01
-9.617421030998229980e-01 1.320897042751312256e-01 2.400094717741012573e-01
-9.526670575141906738e-01 1.436797082424163818e-01 2.679210305213928223e-01
-9.435502290725708008e-01 1.542170792818069458e-01 2.931382358074188232e-01
-9.346080422401428223e-01 1.638341993093490601e-01 3.156995773315429688e-01
-9.260197281837463379e-01 1.726647913455963135e-01 3.356699645519256592e-01
-9.179317951202392578e-01 1.808326244354248047e-01 3.531302213668823242e-01
-9.104631543159484863e-01 1.884480267763137817e-01 3.681632280349731445e-01
-9.037053585052490234e-01 1.956015676259994507e-01 3.808629810810089111e-01
-8.977295756340026855e-01 2.023600339889526367e-01 3.913210034370422363e-01
-8.925867676734924316e-01 2.087621241807937622e-01 3.996339440345764160e-01
-8.883126974105834961e-01 2.148187160491943359e-01 4.058985412120819092e-01
-8.849287629127502441e-01 2.205123454332351685e-01 4.102138280868530273e-01
-8.824437260627746582e-01 2.257980853319168091e-01 4.126843810081481934e-01
-8.808558583259582520e-01 2.306045591831207275e-01 4.134181141853332520e-01
-8.801541328430175781e-01 2.348431199789047241e-01 4.125255942344665527e-01
-8.803184628486633301e-01 2.384097725152969360e-01 4.101221561431884766e-01
-8.813219070434570312e-01 2.411892414093017578e-01 4.063242673873901367e-01
-8.831313848495483398e-01 2.430676668882369995e-01 4.012443423271179199e-01
-8.857082128524780273e-01 2.439346611499786377e-01 3.949896097183227539e-01
-8.890078067779541016e-01 2.436915338039398193e-01 3.876588642597198486e-01
-8.929819464683532715e-01 2.422554641962051392e-01 3.793355822563171387e-01
-8.975777029991149902e-01 2.395612746477127075e-01 3.700874745845794678e-01
-9.027353525161743164e-01 2.355676442384719849e-01 3.599678277969360352e-01
-9.083933830261230469e-01 2.302555590867996216e-01 3.490038514137268066e-01
-9.144828915596008301e-01 2.236282825469970703e-01 3.372111916542053223e-01
-9.209332466125488281e-01 2.157068997621536255e-01 3.245806992053985596e-01
-9.276685714721679688e-01 2.065304964780807495e-01 3.110886812210083008e-01
-9.346110224723815918e-01 1.961505413055419922e-01 2.966935634613037109e-01
-9.416801929473876953e-01 1.846252679824829102e-01 2.813393473625183105e-01
-9.487925171852111816e-01 1.720170378684997559e-01 2.649581730365753174e-01
-9.558630585670471191e-01 1.583828777074813843e-01 2.474687397480010986e-01
-9.628016948699951172e-01 1.437779963016510010e-01 2.287814170122146606e-01
-9.695129990577697754e-01 1.282461285591125488e-01 2.087996751070022583e-01
-9.758936166763305664e-01 1.118202432990074158e-01 1.874246746301651001e-01
-9.818278551101684570e-01 9.452482312917709351e-02 1.645574420690536499e-01
-9.871863722801208496e-01 7.637520879507064819e-02 1.401063799858093262e-01
-9.918230772018432617e-01 5.737926065921783447e-02 1.139940395951271057e-01
-9.955724477767944336e-01 3.755217045545578003e-02 8.616997301578521729e-02
-9.982525706291198730e-01 1.691415347158908844e-02 5.661951377987861633e-02
-9.996676445007324219e-01 -4.489304497838020325e-03 2.538448572158813477e-02
-9.996189475059509277e-01 -2.658435702323913574e-02 -7.425887044519186020e-03
-9.979190826416015625e-01 -4.925256595015525818e-02 -4.161342605948448181e-02
-9.944140315055847168e-01 -7.231951504945755005e-02 -7.688061147928237915e-02
-9.890096187591552734e-01 -9.555404633283615112e-02 -1.128245666623115540e-01
-9.817002415657043457e-01 -1.186661869287490845e-01 -1.489394307136535645e-01
-9.725938439369201660e-01 -1.413161307573318481e-01 -1.846375465393066406e-01
-9.619286656379699707e-01 -1.631313711404800415e-01 -2.192747145891189575e-01
-9.500744342803955078e-01 -1.837302744388580322e-01 -2.521938979625701904e-01
-9.375175833702087402e-01 -2.027422338724136353e-01 -2.827654480934143066e-01
-9.248266816139221191e-01 -2.198328226804733276e-01 -3.104336559772491455e-01
-9.126074314117431641e-01 -2.347227334976196289e-01 -3.347429633140563965e-01
-9.014549851417541504e-01 -2.471908330917358398e-01 -3.553526401519775391e-01
-8.919047117233276367e-01 -2.570792436599731445e-01 -3.720433413982391357e-01
-8.843955397605895996e-01 -2.642852663993835449e-01 -3.847050070762634277e-01
-8.792490959167480469e-01 -2.687497138977050781e-01 -3.933124542236328125e-01
-8.766519427299499512e-01 -2.704510092735290527e-01 -3.979165852069854736e-01
-8.766611218452453613e-01 -2.693890631198883057e-01 -3.986160755157470703e-01
-8.792037963867187500e-01 -2.655915021896362305e-01 -3.955526947975158691e-01
-8.840964436531066895e-01 -2.591019272804260254e-01 -3.888954520225524902e-01
-8.910562396049499512e-01 -2.499898970127105713e-01 -3.788453042507171631e-01
-8.997250199317932129e-01 -2.383497208356857300e-01 -3.656285107135772705e-01
-9.096875190734863281e-01 -2.243121415376663208e-01 -3.495033979415893555e-01
-9.204970002174377441e-01 -2.080447673797607422e-01 -3.307606577873229980e-01
-9.316980838775634766e-01 -1.897578835487365723e-01 -3.097267150878906250e-01
-9.428526163101196289e-01 -1.697042584419250488e-01 -2.867566645145416260e-01
-9.535615444183349609e-01 -1.481739431619644165e-01 -2.622304558753967285e-01
-9.634839296340942383e-01 -1.254818439483642578e-01 -2.365438342094421387e-01
-9.723497629165649414e-01 -1.019658818840980530e-01 -2.100929617881774902e-01
-9.799678921699523926e-01 -7.796396315097808838e-02 -1.832606494426727295e-01
-9.862263798713684082e-01 -5.380601808428764343e-02 -1.564047783613204956e-01
-9.910871386528015137e-01 -2.979852259159088135e-02 -1.298399269580841064e-01
-9.945749044418334961e-01 -6.214650813490152359e-03 -1.038366183638572693e-01
-9.967655539512634277e-01 1.671009324491024017e-02 -7.860878854990005493e-02
-9.977703690528869629e-01 3.878213837742805481e-02 -5.431568622589111328e-02
-9.977239370346069336e-01 5.984922870993614197e-02 -3.106392361223697662e-02
-9.967710375785827637e-01 7.980148494243621826e-02 -8.910697884857654572e-03
-9.950569272041320801e-01 9.856281429529190063e-02 1.213036570698022842e-02
-9.927209615707397461e-01 1.160853356122970581e-01 3.208073228597640991e-02
-9.898906946182250977e-01 1.323492377996444702e-01 5.099166929721832275e-02
-9.866784811019897461e-01 1.473545730113983154e-01 6.893612444400787354e-02
-9.831810593605041504e-01 1.611163616180419922e-01 8.600381016731262207e-02
-9.794778227806091309e-01 1.736629903316497803e-01 1.022958010435104370e-01
-9.756323695182800293e-01 1.850302219390869141e-01 1.179206594824790955e-01
-9.716925621032714844e-01 1.952627450227737427e-01 1.329890191555023193e-01
-9.676913022994995117e-01 2.044100463390350342e-01 1.476145982742309570e-01
-9.636495113372802734e-01 2.125231772661209106e-01 1.619056165218353271e-01
-9.595761299133300781e-01 2.196566909551620483e-01 1.759678721427917480e-01
-9.554702639579772949e-01 2.258654087781906128e-01 1.898984014987945557e-01
-9.513227939605712891e-01 2.312061637639999390e-01 2.037858664989471436e-01
-9.471182227134704590e-01 2.357351481914520264e-01 2.177063077688217163e-01
-9.428357481956481934e-01 2.395095080137252808e-01 2.317239344120025635e-01
-9.384525418281555176e-01 2.425845265388488770e-01 2.458852678537368774e-01
-9.339429736137390137e-01 2.450180798768997192e-01 2.602243423461914062e-01
-9.292842745780944824e-01 2.468646317720413208e-01 2.747517824172973633e-01
-9.244551658630371094e-01 2.481808364391326904e-01 2.894631922245025635e-01
-9.194392561912536621e-01 2.490200102329254150e-01 3.043362200260162354e-01
-9.142276048660278320e-01 2.494352608919143677e-01 3.193271160125732422e-01
-9.088190793991088867e-01 2.494790107011795044e-01 3.343771100044250488e-01
-9.032227993011474609e-01 2.491993308067321777e-01 3.494113981723785400e-01
-8.974581360816955566e-01 2.486420720815658569e-01 3.643431961536407471e-01
-8.915567398071289062e-01 2.478508204221725464e-01 3.790733516216278076e-01
-8.855613470077514648e-01 2.468648850917816162e-01 3.934956789016723633e-01
-8.795258998870849609e-01 2.457198500633239746e-01 4.074995517730712891e-01
-8.735141754150390625e-01 2.444471567869186401e-01 4.209733903408050537e-01
-8.675985336303710938e-01 2.430732995271682739e-01 4.338066577911376953e-01
-8.618567585945129395e-01 2.416239976882934570e-01 4.458931982517242432e-01
-8.563721179962158203e-01 2.401150465011596680e-01 4.571341574192047119e-01
-8.512272238731384277e-01 2.385634183883666992e-01 4.674394726753234863e-01
-8.465038537979125977e-01 2.369790673255920410e-01 4.767307043075561523e-01
-8.422793745994567871e-01 2.353683561086654663e-01 4.849404394626617432e-01
-8.386234641075134277e-01 2.337323427200317383e-01 4.920161366462707520e-01
-8.355952501296997070e-01 2.320729196071624756e-01 4.979184269905090332e-01
-8.332392573356628418e-01 2.303862869739532471e-01 5.026277303695678711e-01
-8.315860629081726074e-01 2.286706119775772095e-01 5.061367154121398926e-01
-8.306444287300109863e-01 2.269239872694015503e-01 5.084637403488159180e-01
-8.304045200347900391e-01 2.251488119363784790e-01 5.096433758735656738e-01
-8.308310508728027344e-01 2.233545333147048950e-01 5.097376704216003418e-01
-8.318663835525512695e-01 2.215560823678970337e-01 5.088331699371337891e-01
-8.334294557571411133e-01 2.197789847850799561e-01 5.070428848266601562e-01
-8.354157805442810059e-01 2.180591225624084473e-01 5.045104622840881348e-01
-8.377012014389038086e-01 2.164431661367416382e-01 5.014071464538574219e-01
-8.401449918746948242e-01 2.149867713451385498e-01 4.979328811168670654e-01
-8.425956964492797852e-01 2.137553244829177856e-01 4.943086802959442139e-01
-8.448951244354248047e-01 2.128202170133590698e-01 4.907747209072113037e-01
-8.468856811523437500e-01 2.122544795274734497e-01 4.875783622264862061e-01
-8.484157323837280273e-01 2.121282070875167847e-01 4.849663972854614258e-01
-8.493457436561584473e-01 2.125039547681808472e-01 4.831706881523132324e-01
-8.495531082153320312e-01 2.134310156106948853e-01 4.823967814445495605e-01
-8.489376306533813477e-01 2.149398624897003174e-01 4.828102290630340576e-01
-8.474235534667968750e-01 2.170392572879791260e-01 4.845279753208160400e-01
-8.449642062187194824e-01 2.197097837924957275e-01 4.876096248626708984e-01
-8.415425419807434082e-01 2.229087054729461670e-01 4.920547306537628174e-01
-8.371754884719848633e-01 2.265656739473342896e-01 4.978003799915313721e-01
-8.319107890129089355e-01 2.305881679058074951e-01 5.047310590744018555e-01
-8.258298039436340332e-01 2.348689138889312744e-01 5.126810073852539062e-01
-8.190439939498901367e-01 2.392833679914474487e-01 5.214502811431884766e-01
-8.116927742958068848e-01 2.437061369419097900e-01 5.308126211166381836e-01
-8.039363026618957520e-01 2.480126917362213135e-01 5.405332446098327637e-01
-7.959516644477844238e-01 2.520823478698730469e-01 5.503775477409362793e-01
-7.879231572151184082e-01 2.558089494705200195e-01 5.601238608360290527e-01
-7.800387740135192871e-01 2.591014206409454346e-01 5.695664882659912109e-01
-7.724793553352355957e-01 2.618812322616577148e-01 5.785273909568786621e-01
-7.654171586036682129e-01 2.640865445137023926e-01 5.868516564369201660e-01
-7.590070962905883789e-01 2.656737565994262695e-01 5.944122076034545898e-01
-7.533881068229675293e-01 2.666062712669372559e-01 6.011052727699279785e-01
-7.486807703971862793e-01 2.668617665767669678e-01 6.068459153175354004e-01
-7.449863553047180176e-01 2.664233148097991943e-01 6.115667223930358887e-01
-7.423878312110900879e-01 2.652800381183624268e-01 6.152127385139465332e-01
-7.409529089927673340e-01 2.634253799915313721e-01 6.177345514297485352e-01
-7.407365441322326660e-01 2.608519494533538818e-01 6.190844774246215820e-01
-7.417808175086975098e-01 2.575516700744628906e-01 6.192159056663513184e-01
-7.441205978393554688e-01 2.535159587860107422e-01 6.180730462074279785e-01
-7.477812170982360840e-01 2.487322241067886353e-01 6.155936121940612793e-01
-7.527827620506286621e-01 2.431852966547012329e-01 6.117017865180969238e-01
-7.591389417648315430e-01 2.368571162223815918e-01 6.063058376312255859e-01
-7.668566107749938965e-01 2.297251224517822266e-01 5.992974042892456055e-01
-7.759315371513366699e-01 2.217650562524795532e-01 5.905510187149047852e-01
-7.863489985466003418e-01 2.129486203193664551e-01 5.799207091331481934e-01
-7.980745434761047363e-01 2.032514959573745728e-01 5.672441720962524414e-01
-8.110522031784057617e-01 1.926481276750564575e-01 5.523413419723510742e-01
-8.251945376396179199e-01 1.811220347881317139e-01 5.350221991539001465e-01
-8.403758406639099121e-01 1.686652451753616333e-01 5.150926709175109863e-01
-8.564252853393554688e-01 1.552892923355102539e-01 4.923625886440277100e-01
-8.731167912483215332e-01 1.410286873579025269e-01 4.666668474674224854e-01
-8.901673555374145508e-01 1.259509474039077759e-01 4.378795623779296875e-01
-9.072374105453491211e-01 1.101646497845649719e-01 4.059361219406127930e-01
-9.239351749420166016e-01 9.382620453834533691e-02 3.708644807338714600e-01
-9.398345351219177246e-01 7.714603096246719360e-02 3.328055441379547119e-01
-9.544976353645324707e-01 6.038825586438179016e-02 2.920404672622680664e-01
-9.675102233886718750e-01 4.386494681239128113e-02 2.489975094795227051e-01
-9.785191416740417480e-01 2.793095819652080536e-02 2.042549997568130493e-01
-9.872698187828063965e-01 1.295731775462627411e-02 1.585256159305572510e-01
-9.936377406120300293e-01 -6.770525942556560040e-04 1.126214414834976196e-01
-9.976456761360168457e-01 -1.261641457676887512e-02 6.740922480821609497e-02
-9.994634389877319336e-01 -2.254641056060791016e-02 2.375992946326732635e-02
-9.993903636932373047e-01 -3.020856902003288269e-02 -1.750022359192371368e-02
-9.978237152099609375e-01 -3.540611639618873596e-02 -5.562641099095344543e-02
-9.952181577682495117e-01 -3.800830245018005371e-02 -8.997895568609237671e-02
-9.920448064804077148e-01 -3.794091939926147461e-02 -1.200314089655876160e-01
-9.887527227401733398e-01 -3.518567979335784912e-02 -1.453623026609420776e-01
-9.857353568077087402e-01 -2.976552210748195648e-02 -1.656499505043029785e-01
-9.833076596260070801e-01 -2.173958346247673035e-02 -1.806472986936569214e-01
-9.816856384277343750e-01 -1.120344921946525574e-02 -1.901783794164657593e-01
-9.809753894805908203e-01 1.716615050099790096e-03 -1.941249370574951172e-01
-9.811661839485168457e-01 1.686053909361362457e-02 -1.924281418323516846e-01
-9.821307659149169922e-01 3.402293846011161804e-02 -1.850984841585159302e-01
-9.836314320564270020e-01 5.295113474130630493e-02 -1.722366362810134888e-01
-9.853382110595703125e-01 7.333864271640777588e-02 -1.540458947420120239e-01
-9.868541955947875977e-01 9.482493251562118530e-02 -1.308697909116744995e-01
-9.877558946609497070e-01 1.169988065958023071e-01 -1.031969189643859863e-01
-9.876366257667541504e-01 1.394208669662475586e-01 -7.166377454996109009e-02
-9.861543178558349609e-01 1.616398841142654419e-01 -3.704260289669036865e-02
-9.830699563026428223e-01 1.832304447889328003e-01 -2.010980242630466819e-04
-9.782733917236328125e-01 2.038157433271408081e-01 3.795154765248298645e-02
-9.717864394187927246e-01 2.231025993824005127e-01 7.652670145034790039e-02
-9.637493491172790527e-01 2.408877164125442505e-01 1.147180646657943726e-01
-9.543899297714233398e-01 2.570670843124389648e-01 1.518432050943374634e-01
-9.439851641654968262e-01 2.716297209262847900e-01 1.873747706413269043e-01
-9.328267574310302734e-01 2.846356630325317383e-01 2.209453284740447998e-01
-9.211906194686889648e-01 2.961989343166351318e-01 2.523371875286102295e-01
-9.093171358108520508e-01 3.064689636230468750e-01 2.814589440822601318e-01
-8.974007368087768555e-01 3.156053125858306885e-01 3.083264529705047607e-01
-8.855877518653869629e-01 3.237727582454681396e-01 3.330247700214385986e-01
-8.739810585975646973e-01 3.311203718185424805e-01 3.556911945343017578e-01
-8.626451492309570312e-01 3.377834558486938477e-01 3.764912784099578857e-01
-8.516147732734680176e-01 3.438739180564880371e-01 3.956044912338256836e-01
-8.409036397933959961e-01 3.494837582111358643e-01 4.132095277309417725e-01
-8.305100202560424805e-01 3.546829819679260254e-01 4.294799268245697021e-01
-8.204237818717956543e-01 3.595223426818847656e-01 4.445767104625701904e-01
-8.106306791305541992e-01 3.640382885932922363e-01 4.586436450481414795e-01
-8.011160492897033691e-01 3.682511746883392334e-01 4.718093276023864746e-01
-7.918673753738403320e-01 3.721711039543151855e-01 4.841845929622650146e-01
-7.828748226165771484e-01 3.758041560649871826e-01 4.958611130714416504e-01
-7.741338610649108887e-01 3.791489303112030029e-01 5.069151520729064941e-01
-7.656419873237609863e-01 3.822076320648193359e-01 5.174066424369812012e-01
-7.574009895324707031e-01 3.849824666976928711e-01 5.273824334144592285e-01
-7.494137287139892578e-01 3.874838054180145264e-01 5.368756651878356934e-01
-7.416839003562927246e-01 3.897281289100646973e-01 5.459092259407043457e-01
-7.342123389244079590e-01 3.917455077171325684e-01 5.544977188110351562e-01
-7.269974350929260254e-01 3.935754895210266113e-01 5.626482963562011719e-01
-7.200334072113037109e-01 3.952690064907073975e-01 5.703632235527038574e-01
-7.133057117462158203e-01 3.968893289566040039e-01 5.776450037956237793e-01
-7.067955732345581055e-01 3.985077738761901855e-01 5.844926834106445312e-01
-7.004770040512084961e-01 4.001967608928680420e-01 5.909098982810974121e-01
-6.943175792694091797e-01 4.020343124866485596e-01 5.969015359878540039e-01
-6.882820725440979004e-01 4.040889739990234375e-01 6.024781465530395508e-01
-6.823315024375915527e-01 4.064204990863800049e-01 6.076563000679016113e-01
-6.764286756515502930e-01 4.090749025344848633e-01 6.124556660652160645e-01
-6.705395579338073730e-01 4.120778441429138184e-01 6.169024109840393066e-01
-6.646364331245422363e-01 4.154361486434936523e-01 6.210244297981262207e-01
-6.587006449699401855e-01 4.191324114799499512e-01 6.248532533645629883e-01
-6.527249217033386230e-01 4.231319725513458252e-01 6.284182071685791016e-01
-6.467147469520568848e-01 4.273819327354431152e-01 6.317474246025085449e-01
-6.406874656677246094e-01 4.318152368068695068e-01 6.348663568496704102e-01
-6.346734762191772461e-01 4.363584816455841064e-01 6.377937793731689453e-01
-6.287142038345336914e-01 4.409342110157012939e-01 6.405431628227233887e-01
-6.228590011596679688e-01 4.454665780067443848e-01 6.431221961975097656e-01
-6.171636581420898438e-01 4.498852789402008057e-01 6.455324888229370117e-01
-6.116884350776672363e-01 4.541290998458862305e-01 6.477684974670410156e-01
-6.064926385879516602e-01 4.581474363803863525e-01 6.498211622238159180e-01
-6.016340851783752441e-01 4.619014561176300049e-01 6.516774296760559082e-01
-5.971661806106567383e-01 4.653645157814025879e-01 6.533210277557373047e-01
-5.931352972984313965e-01 4.685214757919311523e-01 6.547352075576782227e-01
-5.895782113075256348e-01 4.713687896728515625e-01 6.559032201766967773e-01
-5.865236520767211914e-01 4.739118516445159912e-01 6.568086147308349609e-01
-5.839871168136596680e-01 4.761660099029541016e-01 6.574380993843078613e-01
-5.819733738899230957e-01 4.781523048877716064e-01 6.577820777893066406e-01
-5.804752707481384277e-01 4.798992872238159180e-01 6.578335762023925781e-01
-5.794737935066223145e-01 4.814380109310150146e-01 6.575922369956970215e-01
-5.789382457733154297e-01 4.828045666217803955e-01 6.570617556571960449e-01
-5.788289308547973633e-01 4.840367436408996582e-01 6.562510728836059570e-01
-5.790967345237731934e-01 4.851720035076141357e-01 6.551756858825683594e-01
-5.796862840652465820e-01 4.862487614154815674e-01 6.538546085357666016e-01
-5.805377960205078125e-01 4.873023331165313721e-01 6.523131132125854492e-01
-5.815885066986083984e-01 4.883678257465362549e-01 6.505779623985290527e-01
-5.827752351760864258e-01 4.894752502441406250e-01 6.486809849739074707e-01
-5.840383172035217285e-01 4.906507432460784912e-01 6.466537714004516602e-01
-5.853208899497985840e-01 4.919160604476928711e-01 6.445294022560119629e-01
-5.865725278854370117e-01 4.932871758937835693e-01 6.423397660255432129e-01
-5.877501368522644043e-01 4.947747290134429932e-01 6.401153802871704102e-01
-5.888197422027587891e-01 4.963819384574890137e-01 6.378843188285827637e-01
-5.897562503814697266e-01 4.981062114238739014e-01 6.356710791587829590e-01
-5.905442833900451660e-01 4.999378025531768799e-01 6.334979534149169922e-01
-5.911776423454284668e-01 5.018600821495056152e-01 6.313838362693786621e-01
-5.916578769683837891e-01 5.038505196571350098e-01 6.293452978134155273e-01
-5.919936895370483398e-01 5.058811902999877930e-01 6.273974776268005371e-01
-5.921990275382995605e-01 5.079194903373718262e-01 6.255541443824768066e-01
-5.922909379005432129e-01 5.099287033081054688e-01 6.238302588462829590e-01
-5.922869443893432617e-01 5.118717551231384277e-01 6.222407817840576172e-01
-5.922031402587890625e-01 5.137103199958801270e-01 6.208035349845886230e-01
-5.920522809028625488e-01 5.154088139533996582e-01 6.195383667945861816e-01
-5.918418765068054199e-01 5.169345140457153320e-01 6.184673309326171875e-01
-5.915716886520385742e-01 5.182609558105468750e-01 6.176151037216186523e-01
-5.912346839904785156e-01 5.193675160408020020e-01 6.170080900192260742e-01
-5.908148884773254395e-01 5.202443003654479980e-01 6.166714429855346680e-01
-5.902892351150512695e-01 5.208882689476013184e-01 6.166312694549560547e-01
-5.896269083023071289e-01 5.213090777397155762e-01 6.169090867042541504e-01
-5.887911915779113770e-01 5.215256810188293457e-01 6.175239086151123047e-01
-5.877432227134704590e-01 5.215674042701721191e-01 6.184863448143005371e-01
-5.864396691322326660e-01 5.214716792106628418e-01 6.198030710220336914e-01
-5.848394036293029785e-01 5.212849974632263184e-01 6.214699745178222656e-01
-5.829017162322998047e-01 5.210592746734619141e-01 6.234763264656066895e-01
-5.805910825729370117e-01 5.208493471145629883e-01 6.258033514022827148e-01
-5.778756737709045410e-01 5.207133293151855469e-01 6.284245252609252930e-01
-5.747298002243041992e-01 5.207072496414184570e-01 6.313078403472900391e-01
-5.711336135864257812e-01 5.208860039710998535e-01 6.344163417816162109e-01
-5.670748353004455566e-01 5.212992429733276367e-01 6.377092599868774414e-01
-5.625462532043457031e-01 5.219914913177490234e-01 6.411447525024414062e-01
-5.575457811355590820e-01 5.229989886283874512e-01 6.446818113327026367e-01
-5.520765781402587891e-01 5.243518948554992676e-01 6.482796072959899902e-01
-5.461451411247253418e-01 5.260704755783081055e-01 6.519012451171875000e-01
-5.397606492042541504e-01 5.281664729118347168e-01 6.555140018463134766e-01
-5.329331159591674805e-01 5.306431651115417480e-01 6.590903401374816895e-01
-5.256732702255249023e-01 5.334957838058471680e-01 6.626084446907043457e-01
-5.179907083511352539e-01 5.367106795310974121e-01 6.660535335540771484e-01
-5.098924636840820312e-01 5.402687191963195801e-01 6.694172620773315430e-01
-5.013831257820129395e-01 5.441427230834960938e-01 6.726987957954406738e-01
-4.924652576446533203e-01 5.483003258705139160e-01 6.759029030799865723e-01
-4.831352829933166504e-01 5.527041554450988770e-01 6.790422797203063965e-01
-4.733861684799194336e-01 5.573120713233947754e-01 6.821355223655700684e-01
-4.632081687450408936e-01 5.620769262313842773e-01 6.852062940597534180e-01
-4.525846540927886963e-01 5.669488906860351562e-01 6.882849335670471191e-01
-4.414955675601959229e-01 5.718720555305480957e-01 6.914072036743164062e-01
-4.299169182777404785e-01 5.767877697944641113e-01 6.946130990982055664e-01
-4.178192615509033203e-01 5.816322565078735352e-01 6.979476809501647949e-01
-4.051713943481445312e-01 5.863359570503234863e-01 7.014601826667785645e-01
-3.919372558593750000e-01 5.908241868019104004e-01 7.052034735679626465e-01
-3.780794739723205566e-01 5.950139164924621582e-01 7.092350125312805176e-01
-3.635589182376861572e-01 5.988149046897888184e-01 7.136144042015075684e-01
-3.483362793922424316e-01 6.021274924278259277e-01 7.184039950370788574e-01
-3.323726654052734375e-01 6.048419475555419922e-01 7.236674427986145020e-01
-3.156316280364990234e-01 6.068369746208190918e-01 7.294693589210510254e-01
-2.980812191963195801e-01 6.079804897308349609e-01 7.358718514442443848e-01
-2.796946465969085693e-01 6.081275939941406250e-01 7.429345846176147461e-01
-2.604524493217468262e-01 6.071227788925170898e-01 7.507105469703674316e-01
-2.403450608253479004e-01 6.047990322113037109e-01 7.592445611953735352e-01
-2.193742543458938599e-01 6.009804010391235352e-01 7.685685157775878906e-01
-1.975540816783905029e-01 5.954848527908325195e-01 7.786977887153625488e-01
-1.749137639999389648e-01 5.881263613700866699e-01 7.896280884742736816e-01
-1.514954119920730591e-01 5.787218809127807617e-01 8.013302087783813477e-01
-1.273556053638458252e-01 5.670946836471557617e-01 8.137469291687011719e-01
-1.025647073984146118e-01 5.530825257301330566e-01 8.267890214920043945e-01
-7.720109820365905762e-02 5.365436673164367676e-01 8.403338193893432617e-01
-5.135356634855270386e-02 5.173640847206115723e-01 8.542232513427734375e-01
-2.511441521346569061e-02 4.954673647880554199e-01 8.682634234428405762e-01
1.419547363184392452e-03 4.708177447319030762e-01 8.822293877601623535e-01
2.814930491149425507e-02 4.434288740158081055e-01 8.958674073219299316e-01
5.497198179364204407e-02 4.133688509464263916e-01 9.089028239250183105e-01
8.177779614925384521e-02 3.807611167430877686e-01 9.210501313209533691e-01
1.084450036287307739e-01 3.457901477813720703e-01 9.320240616798400879e-01
1.348328739404678345e-01 3.086953163146972656e-01 9.415557384490966797e-01
1.607780903577804565e-01 2.697742879390716553e-01 9.494062662124633789e-01
1.860826164484024048e-01 2.293695956468582153e-01 9.553862214088439941e-01
2.105209082365036011e-01 1.878620535135269165e-01 9.593689441680908203e-01
2.338366061449050903e-01 1.456530094146728516e-01 9.613041877746582031e-01
2.557542324066162109e-01 1.031467318534851074e-01 9.612234830856323242e-01
2.759918868541717529e-01 6.072758883237838745e-02 9.592396020889282227e-01
2.942767143249511719e-01 1.874306984245777130e-02 9.555364847183227539e-01
3.103633522987365723e-01 -2.251819334924221039e-02 9.503512978553771973e-01
3.240486085414886475e-01 -6.283640861511230469e-02 9.439513087272644043e-01
3.351889550685882568e-01 -1.020682975649833679e-01 9.366058111190795898e-01
3.437055051326751709e-01 -1.401451528072357178e-01 9.285611510276794434e-01
3.495907783508300781e-01 -1.770562380552291870e-01 9.200203418731689453e-01
3.529084920883178711e-01 -2.128446102142333984e-01 9.111272096633911133e-01
3.537923097610473633e-01 -2.475820630788803101e-01 9.019612669944763184e-01
3.524391651153564453e-01 -2.813566625118255615e-01 8.925385475158691406e-01
3.491046130657196045e-01 -3.142549395561218262e-01 8.828192353248596191e-01
3.440900743007659912e-01 -3.463522493839263916e-01 8.727211356163024902e-01
3.377334773540496826e-01 -3.777004778385162354e-01 8.621360063552856445e-01
3.303906619548797607e-01 -4.083272516727447510e-01 8.509470224380493164e-01
3.224268555641174316e-01 -4.382374584674835205e-01 8.390404582023620605e-01
3.141904473304748535e-01 -4.674116075038909912e-01 8.263236284255981445e-01
3.060043454170227051e-01 -4.958152472972869873e-01 8.127291202545166016e-01
2.981443107128143311e-01 -5.234030485153198242e-01 7.982226014137268066e-01
2.908318042755126953e-01 -5.501260757446289062e-01 7.828015089035034180e-01
2.842223346233367920e-01 -5.759380459785461426e-01 7.664939761161804199e-01
2.784047126770019531e-01 -6.008012294769287109e-01 7.493522167205810547e-01
2.734003961086273193e-01 -6.246918439865112305e-01 7.314453721046447754e-01
2.691691219806671143e-01 -6.476033329963684082e-01 7.128520011901855469e-01
2.656189799308776855e-01 -6.695499420166015625e-01 6.936493515968322754e-01
2.626114785671234131e-01 -6.905641555786132812e-01 6.739112734794616699e-01
2.599792480468750000e-01 -7.107030749320983887e-01 6.536909937858581543e-01
2.575320899486541748e-01 -7.300403118133544922e-01 6.330230832099914551e-01
2.550699412822723389e-01 -7.486659884452819824e-01 6.119138002395629883e-01
2.523900866508483887e-01 -7.666793465614318848e-01 5.903405547142028809e-01
2.492947429418563843e-01 -7.841856479644775391e-01 5.682473778724670410e-01
2.455972582101821899e-01 -8.012866377830505371e-01 5.455471873283386230e-01
2.411235868930816650e-01 -8.180760145187377930e-01 5.221216678619384766e-01
2.357182800769805908e-01 -8.346282839775085449e-01 4.978278875350952148e-01
2.292407006025314331e-01 -8.509922027587890625e-01 4.725050926208496094e-01
2.215704619884490967e-01 -8.671836256980895996e-01 4.459812045097351074e-01
2.126086503267288208e-01 -8.831778168678283691e-01 4.180842936038970947e-01
2.022760510444641113e-01 -8.989033102989196777e-01 3.886609077453613281e-01
1.905215829610824585e-01 -9.142386317253112793e-01 3.575881421566009521e-01
1.773217618465423584e-01 -9.290132522583007812e-01 3.247942030429840088e-01
1.626898050308227539e-01 -9.430124163627624512e-01 2.902751266956329346e-01
1.466749757528305054e-01 -9.559878110885620117e-01 2.541137933731079102e-01
1.293760240077972412e-01 -9.676746129989624023e-01 2.164895683526992798e-01
1.109318882226943970e-01 -9.778146147727966309e-01 1.776869744062423706e-01
9.153227508068084717e-02 -9.861808419227600098e-01 1.380912810564041138e-01
7.140511274337768555e-02 -9.926038980484008789e-01 9.817788004875183105e-02
5.081202834844589233e-02 -9.969942569732666016e-01 5.848487094044685364e-02
3.003181703388690948e-02 -9.993569850921630859e-01 1.958685368299484253e-02
9.346864186227321625e-03 -9.997953176498413086e-01 -1.794439181685447693e-02
-1.097120996564626694e-02 -9.985036849975585938e-01 -5.357286334037780762e-02
-3.067727945744991302e-02 -9.957512021064758301e-01 -8.682395517826080322e-02
-4.955728724598884583e-02 -9.918582439422607422e-01 -1.173086315393447876e-01
-6.743748486042022705e-02 -9.871701598167419434e-01 -1.447312086820602417e-01
-8.417945355176925659e-02 -9.820336103439331055e-01 -1.688900291919708252e-01
-9.967515617609024048e-02 -9.767751097679138184e-01 -1.896712034940719604e-01
-1.138374805450439453e-01 -9.716874957084655762e-01 -2.070373743772506714e-01
-1.265892833471298218e-01 -9.670203924179077148e-01 -2.210130244493484497e-01
-1.378455013036727905e-01 -9.629780054092407227e-01 -2.316719889640808105e-01
-1.475010216236114502e-01 -9.597203731536865234e-01 -2.391239106655120850e-01
-1.554144322872161865e-01 -9.573667049407958984e-01 -2.435062825679779053e-01
-1.613928079605102539e-01 -9.560029506683349609e-01 -2.449709624052047729e-01
-1.651790440082550049e-01 -9.556855559349060059e-01 -2.436821013689041138e-01
-1.664414107799530029e-01 -9.564464688301086426e-01 -2.398070991039276123e-01
-1.647664159536361694e-01 -9.582929611206054688e-01 -2.335090339183807373e-01
-1.596637368202209473e-01 -9.612024426460266113e-01 -2.249385118484497070e-01
-1.505750417709350586e-01 -9.651092290878295898e-01 -2.142228037118911743e-01
-1.369133144617080688e-01 -9.698827266693115234e-01 -2.014504671096801758e-01
-1.181114837527275085e-01 -9.752989411354064941e-01 -1.866595447063446045e-01
-9.371091425418853760e-02 -9.810088276863098145e-01 -1.698233038187026978e-01
-6.347940862178802490e-02 -9.865169525146484375e-01 -1.508465856313705444e-01
-2.754081226885318756e-02 -9.911865592002868652e-01 -1.295787990093231201e-01
1.349443476647138596e-02 -9.942916035652160645e-01 -1.058403998613357544e-01
5.846543237566947937e-02 -9.951208829879760742e-01 -7.947446405887603760e-02
1.056974083185195923e-01 -9.931200742721557617e-01 -5.040396004915237427e-02
1.531704813241958618e-01 -9.880231618881225586e-01 -1.867864839732646942e-02
1.987939924001693726e-01 -9.799187779426574707e-01 1.549577899277210236e-02
2.406997978687286377e-01 -9.692186713218688965e-01 5.175642669200897217e-02
2.774722576141357422e-01 -9.565451741218566895e-01 8.961310237646102905e-02
3.082529902458190918e-01 -9.425889849662780762e-01 1.284759491682052612e-01
3.327306210994720459e-01 -9.279922246932983398e-01 1.676926016807556152e-01
3.510507643222808838e-01 -9.132845401763916016e-01 2.065785378217697144e-01
3.636873960494995117e-01 -8.988727331161499023e-01 2.444572448730468750e-01
3.713283836841583252e-01 -8.850589990615844727e-01 2.806881368160247803e-01
3.747655749320983887e-01 -8.720704317092895508e-01 3.147124052047729492e-01
3.748191595077514648e-01 -8.600840568542480469e-01 3.460724353790283203e-01
3.722780942916870117e-01 -8.492389917373657227e-01 3.744358122348785400e-01
3.678612411022186279e-01 -8.396410346031188965e-01 3.996011018753051758e-01
3.621948659420013428e-01 -8.313624858856201172e-01 4.214870035648345947e-01
3.558003604412078857e-01 -8.244376182556152344e-01 4.401234090328216553e-01
3.490991294384002686e-01 -8.188607692718505859e-01 4.556279480457305908e-01
3.424141108989715576e-01 -8.145872354507446289e-01 4.681882858276367188e-01
3.359857499599456787e-01 -8.115338683128356934e-01 4.780442714691162109e-01
3.299824893474578857e-01 -8.095848560333251953e-01 4.854729175567626953e-01
3.245164155960083008e-01 -8.085979223251342773e-01 4.907733798027038574e-01
3.196533322334289551e-01 -8.084101080894470215e-01 4.942620098590850830e-01
3.154268264770507812e-01 -8.088437318801879883e-01 4.962637722492218018e-01
3.118456304073333740e-01 -8.097152709960937500e-01 4.971052110195159912e-01
3.089043200016021729e-01 -8.108366727828979492e-01 4.971137046813964844e-01
3.065866827964782715e-01 -8.120231628417968750e-01 4.966115057468414307e-01
3.048714697360992432e-01 -8.130962848663330078e-01 4.959112107753753662e-01
3.037365972995758057e-01 -8.138846158981323242e-01 4.953138828277587891e-01
3.031608462333679199e-01 -8.142266869544982910e-01 4.951044023036956787e-01
3.031252026557922363e-01 -8.139711022377014160e-01 4.955462813377380371e-01
3.036133944988250732e-01 -8.129757046699523926e-01 4.968796074390411377e-01
3.046125173568725586e-01 -8.111086487770080566e-01 4.993135333061218262e-01
3.061112165451049805e-01 -8.082456588745117188e-01 5.030256509780883789e-01
3.080978691577911377e-01 -8.042728304862976074e-01 5.081544518470764160e-01
3.105640113353729248e-01 -7.990837693214416504e-01 5.147961974143981934e-01
3.134957849979400635e-01 -7.925835847854614258e-01 5.230023860931396484e-01
3.168784677982330322e-01 -7.846914529800415039e-01 5.327733159065246582e-01
3.206890821456909180e-01 -7.753434777259826660e-01 5.440597534179687500e-01
3.249006569385528564e-01 -7.645005583763122559e-01 5.567570924758911133e-01
3.294766545295715332e-01 -7.521516084671020508e-01 5.707128643989562988e-01
3.343709707260131836e-01 -7.383232712745666504e-01 5.857259035110473633e-01
3.395305573940277100e-01 -7.230818867683410645e-01 6.015575528144836426e-01
3.448920547962188721e-01 -7.065383195877075195e-01 6.179426908493041992e-01
3.503840565681457520e-01 -6.888472437858581543e-01 6.346026659011840820e-01
3.559321761131286621e-01 -6.702020764350891113e-01 6.512613892555236816e-01
3.614547550678253174e-01 -6.508274674415588379e-01 6.676631569862365723e-01
3.668723702430725098e-01 -6.309639215469360352e-01 6.835854649543762207e-01
3.721019923686981201e-01 -6.108560562133789062e-01 6.988526582717895508e-01
3.770668208599090576e-01 -5.907344818115234375e-01 7.133395075798034668e-01
3.816922008991241455e-01 -5.707982182502746582e-01 7.269803285598754883e-01
3.859083056449890137e-01 -5.512082576751708984e-01 7.397596240043640137e-01
3.896527290344238281e-01 -5.320715308189392090e-01 7.517118453979492188e-01
3.928700685501098633e-01 -5.134415030479431152e-01 7.629095315933227539e-01
3.955110311508178711e-01 -4.953129291534423828e-01 7.734572291374206543e-01
3.975359797477722168e-01 -4.776280224323272705e-01 7.834773063659667969e-01
3.989125490188598633e-01 -4.602808654308319092e-01 7.931016683578491211e-01
3.996180295944213867e-01 -4.431241452693939209e-01 8.024626970291137695e-01
3.996334075927734375e-01 -4.259797632694244385e-01 8.116861581802368164e-01
3.989490270614624023e-01 -4.086471796035766602e-01 8.208819627761840820e-01
3.975575566291809082e-01 -3.909148275852203369e-01 8.301407694816589355e-01
3.954535424709320068e-01 -3.725690543651580811e-01 8.395289182662963867e-01
3.926316797733306885e-01 -3.534069955348968506e-01 8.490841388702392578e-01
3.890861570835113525e-01 -3.332417309284210205e-01 8.588142991065979004e-01
3.848076164722442627e-01 -3.119198381900787354e-01 8.686938881874084473e-01
3.797880709171295166e-01 -2.893224358558654785e-01 8.786657452583312988e-01
3.740148842334747314e-01 -2.653800845146179199e-01 8.886429071426391602e-01
3.674835860729217529e-01 -2.400746047496795654e-01 8.985098600387573242e-01
3.601931333541870117e-01 -2.134460210800170898e-01 9.081308841705322266e-01
3.521572649478912354e-01 -1.855954080820083618e-01 9.173547029495239258e-01
3.434094190597534180e-01 -1.566819548606872559e-01 9.260241389274597168e-01
3.340035676956176758e-01 -1.269234269857406616e-01 9.339872002601623535e-01
3.240246772766113281e-01 -9.658395498991012573e-02 9.411054849624633789e-01
3.135890066623687744e-01 -6.597059220075607300e-02 9.472643733024597168e-01
3.028456568717956543e-01 -3.541678190231323242e-02 9.523813724517822266e-01
2.919782698154449463e-01 -5.274216644465923309e-03 9.564104080200195312e-01
2.811987102031707764e-01 2.410235442221164703e-02 9.593468308448791504e-01
2.707461714744567871e-01 5.236554145812988281e-02 9.612253904342651367e-01
2.608766257762908936e-01 7.918654382228851318e-02 9.621189832687377930e-01
2.518578469753265381e-01 1.042618155479431152e-01 9.621315598487854004e-01
2.439585477113723755e-01 1.273188889026641846e-01 9.613918066024780273e-01
2.374404370784759521e-01 1.481185257434844971e-01 9.600431919097900391e-01
2.325471490621566772e-01 1.664560288190841675e-01 9.582349658012390137e-01
2.294945120811462402e-01 1.821586191654205322e-01 9.561121463775634766e-01
2.284630835056304932e-01 1.950837522745132446e-01 9.538065791130065918e-01
2.295865863561630249e-01 2.051141709089279175e-01 9.514295458793640137e-01
2.329493016004562378e-01 2.121537476778030396e-01 9.490656256675720215e-01
2.385742366313934326e-01 2.161252945661544800e-01 9.467693567276000977e-01
2.464233636856079102e-01 2.169650644063949585e-01 9.445642232894897461e-01
2.563901543617248535e-01 2.146228104829788208e-01 9.424442648887634277e-01
2.683003842830657959e-01 2.090605944395065308e-01 9.403768777847290039e-01
2.819103002548217773e-01 2.002481222152709961e-01 9.383108615875244141e-01
2.969127297401428223e-01 1.881704330444335938e-01 9.361808896064758301e-01
3.129380345344543457e-01 1.728240996599197388e-01 9.339172840118408203e-01
3.295660614967346191e-01 1.542240679264068604e-01 9.314510822296142578e-01
3.463308215141296387e-01 1.324062943458557129e-01 9.287214875221252441e-01
3.627385199069976807e-01 1.074386462569236755e-01 9.256769418716430664e-01
3.782781958580017090e-01 7.943303138017654419e-02 9.222775697708129883e-01
3.924435079097747803e-01 4.856524243950843811e-02 9.184930324554443359e-01
4.047583937644958496e-01 1.509530004113912582e-02 9.142990112304687500e-01
4.148022234439849854e-01 -2.060347609221935272e-02 9.096783399581909180e-01
4.222488105297088623e-01 -5.802023038268089294e-02 9.046212434768676758e-01
4.269024431705474854e-01 -9.649682790040969849e-02 8.991343379020690918e-01
4.287340641021728516e-01 -1.352311223745346069e-01 8.932522535324096680e-01
4.278996586799621582e-01 -1.733167767524719238e-01 8.870530128479003906e-01
4.247418344020843506e-01 -2.098127156496047974e-01 8.806662559509277344e-01
4.197520017623901367e-01 -2.438278794288635254e-01 8.742746114730834961e-01
4.135174751281738281e-01 -2.746114432811737061e-01 8.680966496467590332e-01
4.066417217254638672e-01 -3.016217350959777832e-01 8.623611927032470703e-01
3.996683061122894287e-01 -3.245550394058227539e-01 8.572801947593688965e-01
3.930313885211944580e-01 -3.433391749858856201e-01 8.530208468437194824e-01
3.870221674442291260e-01 -3.580904603004455566e-01 8.496970534324645996e-01
3.817938268184661865e-01 -3.690657019615173340e-01 8.473629951477050781e-01
3.773764967918395996e-01 -3.766026496887207031e-01 8.460244536399841309e-01
3.737084567546844482e-01 -3.810706436634063721e-01 8.456518650054931641e-01
3.706696629524230957e-01 -3.828381001949310303e-01 8.461908698081970215e-01
3.681072890758514404e-01 -3.822512328624725342e-01 8.475735783576965332e-01
3.658603131771087646e-01 -3.796218931674957275e-01 8.497254848480224609e-01
3.637750148773193359e-01 -3.752260804176330566e-01 8.525685667991638184e-01
3.617143332958221436e-01 -3.693070113658905029e-01 8.560228347778320312e-01
3.595659136772155762e-01 -3.620852530002593994e-01 8.600038290023803711e-01
3.572455048561096191e-01 -3.537670969963073730e-01 8.644214272499084473e-01
3.546975255012512207e-01 -3.445505201816558838e-01 8.691803812980651855e-01
3.518973588943481445e-01 -3.346437513828277588e-01 8.741748929023742676e-01
3.488525152206420898e-01 -3.242634832859039307e-01 8.792924284934997559e-01
3.456026911735534668e-01 -3.136458992958068848e-01 8.844122290611267090e-01
3.422179222106933594e-01 -3.030495643615722656e-01 8.894087076187133789e-01
3.388006091117858887e-01 -2.927585244178771973e-01 8.941513299942016602e-01
3.354745209217071533e-01 -2.830738425254821777e-01 8.985132575035095215e-01
3.323894739151000977e-01 -2.743109762668609619e-01 9.023695588111877441e-01
3.297040462493896484e-01 -2.667874991893768311e-01 9.056046009063720703e-01
3.275792598724365234e-01 -2.608103156089782715e-01 9.081133604049682617e-01
3.261647224426269531e-01 -2.566575706005096436e-01 9.098041057586669922e-01
3.255861997604370117e-01 -2.545605599880218506e-01 9.106000661849975586e-01
3.259299993515014648e-01 -2.546872496604919434e-01 9.104416966438293457e-01
3.272346556186676025e-01 -2.571240961551666260e-01 9.092880487442016602e-01
3.294799029827117920e-01 -2.618624567985534668e-01 9.071223735809326172e-01
3.325873613357543945e-01 -2.687912881374359131e-01 9.039562344551086426e-01
3.364220559597015381e-01 -2.776912152767181396e-01 8.998376131057739258e-01
3.408029973506927490e-01 -2.882380783557891846e-01 8.948587179183959961e-01
3.455183506011962891e-01 -3.000186085700988770e-01 8.891602754592895508e-01
3.503445386886596680e-01 -3.125395178794860840e-01 8.829369544982910156e-01
3.550651371479034424e-01 -3.252511322498321533e-01 8.764362335205078125e-01
3.594961166381835938e-01 -3.375751078128814697e-01 8.699457049369812012e-01
3.634957969188690186e-01 -3.489225506782531738e-01 8.637846112251281738e-01
3.669806420803070068e-01 -3.587161898612976074e-01 8.582819700241088867e-01
3.699255883693695068e-01 -3.664090037345886230e-01 8.537561297416687012e-01
3.723611235618591309e-01 -3.714935779571533203e-01 8.504937887191772461e-01
3.743636608123779297e-01 -3.735127151012420654e-01 8.487284779548645020e-01
3.760459125041961670e-01 -3.720646798610687256e-01 8.486208319664001465e-01
3.775269985198974609e-01 -3.668064177036285400e-01 8.502507209777832031e-01
3.789215683937072754e-01 -3.574616909027099609e-01 8.536038994789123535e-01
3.803150653839111328e-01 -3.438239693641662598e-01 8.585717678070068359e-01
3.817466497421264648e-01 -3.257672786712646484e-01 8.649538755416870117e-01
3.831944465637207031e-01 -3.032541275024414062e-01 8.724671602249145508e-01
3.845702409744262695e-01 -2.763509452342987061e-01 8.807586431503295898e-01
3.857165873050689697e-01 -2.452281117439270020e-01 8.894301056861877441e-01
3.864204287528991699e-01 -2.101722955703735352e-01 8.980573415756225586e-01
3.864262402057647705e-01 -1.715840399265289307e-01 9.062194228172302246e-01
3.854633271694183350e-01 -1.299690157175064087e-01 9.135239720344543457e-01
3.832674920558929443e-01 -8.592280000448226929e-02 9.196321368217468262e-01
3.796121478080749512e-01 -4.010935127735137939e-02 9.242758154869079590e-01
3.743270933628082275e-01 6.768223363906145096e-03 9.272720217704772949e-01
3.673163056373596191e-01 5.399927124381065369e-02 9.285271763801574707e-01
3.585656583309173584e-01 1.008988097310066223e-01 9.280356168746948242e-01
3.481393754482269287e-01 1.468346416950225830e-01 9.258717894554138184e-01
3.361748158931732178e-01 1.912512630224227905e-01 9.221764206886291504e-01
3.228660821914672852e-01 2.336861193180084229e-01 9.171413779258728027e-01
3.084474503993988037e-01 2.737773656845092773e-01 9.109918475151062012e-01
2.931722998619079590e-01 3.112641274929046631e-01 9.039716124534606934e-01
2.772984206676483154e-01 3.459808230400085449e-01 8.963273763656616211e-01
2.610732316970825195e-01 3.778476119041442871e-01 8.882972002029418945e-01
2.447202503681182861e-01 4.068538844585418701e-01 8.801032900810241699e-01
2.284347563982009888e-01 4.330457150936126709e-01 8.719455003738403320e-01
2.123777568340301514e-01 4.565107226371765137e-01 8.639985918998718262e-01
1.966742128133773804e-01 4.773664474487304688e-01 8.564113974571228027e-01
1.814183145761489868e-01 4.957452118396759033e-01 8.493080735206604004e-01
1.666713654994964600e-01 5.117883086204528809e-01 8.427890539169311523e-01
1.524712592363357544e-01 5.256379246711730957e-01 8.369332551956176758e-01
1.388330757617950439e-01 5.374312996864318848e-01 8.318011164665222168e-01
1.257605403661727905e-01 5.472956895828247070e-01 8.274368047714233398e-01
1.132496893405914307e-01 5.553483963012695312e-01 8.238705396652221680e-01
1.012954786419868469e-01 5.616922974586486816e-01 8.211217522621154785e-01
8.990050852298736572e-02 5.664129257202148438e-01 8.192034959793090820e-01
7.908107340335845947e-02 5.695784091949462891e-01 8.181238174438476562e-01
6.887242197990417480e-02 5.712379813194274902e-01 8.178898692131042480e-01
5.933574959635734558e-02 5.714150071144104004e-01 8.185133337974548340e-01
5.056398361921310425e-02 5.701068043708801270e-01 8.200131058692932129e-01
4.268579930067062378e-02 5.672778487205505371e-01 8.224194645881652832e-01
3.586904704570770264e-02 5.628538727760314941e-01 8.257777690887451172e-01
3.032389469444751740e-02 5.567141175270080566e-01 8.301504850387573242e-01
2.630789950489997864e-02 5.486831665039062500e-01 8.356163501739501953e-01
2.412180975079536438e-02 5.385204553604125977e-01 8.422670960426330566e-01
2.411396987736225128e-02 5.259127616882324219e-01 8.501965999603271484e-01
2.667484432458877563e-02 5.104582309722900391e-01 8.594886660575866699e-01
3.222485631704330444e-02 4.916697144508361816e-01 8.701852560043334961e-01
4.119670018553733826e-02 4.689711034297943115e-01 8.822521567344665527e-01
5.400508269667625427e-02 4.417205154895782471e-01 8.955257534980773926e-01
7.098932564258575439e-02 4.092487096786499023e-01 9.096571207046508789e-01
9.234187752008438110e-02 3.709417581558227539e-01 9.240536093711853027e-01
1.180151998996734619e-01 3.263609707355499268e-01 9.378489851951599121e-01
1.476237624883651733e-01 2.753962278366088867e-01 9.499285221099853516e-01
1.803831756114959717e-01 2.184191346168518066e-01 9.590386152267456055e-01
2.151060700416564941e-01 1.563755273818969727e-01 9.639896750450134277e-01
2.503218352794647217e-01 9.074752032756805420e-02 9.639003276824951172e-01
2.844678461551666260e-01 2.335953339934349060e-02 9.584009647369384766e-01
3.161275982856750488e-01 -4.394099488854408264e-02 9.476985335350036621e-01
3.442156612873077393e-01 -1.096017137169837952e-01 9.324714541435241699e-01
3.680542111396789551e-01 -1.725904047489166260e-01 9.136458039283752441e-01
3.873424530029296875e-01 -2.324590235948562622e-01 8.921483159065246582e-01
4.020507335662841797e-01 -2.892816960811614990e-01 8.687181472778320312e-01
4.123046994209289551e-01 -3.435067832469940186e-01 8.438056111335754395e-01
4.182680547237396240e-01 -3.957996964454650879e-01 8.175539374351501465e-01
4.200735390186309814e-01 -4.468950033187866211e-01 7.898247241973876953e-01
4.177703559398651123e-01 -4.974724054336547852e-01 7.602559924125671387e-01
4.113096296787261963e-01 -5.480550527572631836e-01 7.283269166946411133e-01
4.005535244941711426e-01 -5.989311933517456055e-01 6.934250593185424805e-01
3.852976858615875244e-01 -6.500756144523620605e-01 6.549407839775085449e-01
3.653330802917480469e-01 -7.011005282402038574e-01 6.123640537261962891e-01
3.405194878578186035e-01 -7.512372732162475586e-01 5.654105544090270996e-01
3.108747303485870361e-01 -7.993820309638977051e-01 5.141451358795166016e-01
2.766611576080322266e-01 -8.442130684852600098e-01 4.590892195701599121e-01
2.384305149316787720e-01 -8.843876123428344727e-01 4.012598097324371338e-01
1.970125585794448853e-01 -9.187737107276916504e-01 3.421124219894409180e-01
1.534294039011001587e-01 -9.466524720191955566e-01 2.833875119686126709e-01
1.087562441825866699e-01 -9.678297638893127441e-01 2.268866896629333496e-01
6.397372484207153320e-02 -9.826206564903259277e-01 1.742528975009918213e-01
1.984545588493347168e-02 -9.917291998863220215e-01 1.268047094345092773e-01
-2.314311452209949493e-02 -9.960713982582092285e-01 8.547609299421310425e-02
-6.478263437747955322e-02 -9.966045022010803223e-01 5.081985145807266235e-02
-1.051072105765342712e-01 -9.941928386688232422e-01 2.308556437492370605e-02
-1.443268656730651855e-01 -9.895274043083190918e-01 2.303669229149818420e-03
-1.827604323625564575e-01 -9.830886721611022949e-01 -1.163040660321712494e-02
-2.207695096731185913e-01 -9.751430749893188477e-01 -1.888611540198326111e-02
-2.586942017078399658e-01 -9.657590985298156738e-01 -1.966334134340286255e-02
-2.967987060546875000e-01 -9.548349380493164062e-01 -1.417307183146476746e-02
-3.352151811122894287e-01 -9.421378970146179199e-01 -2.640835475176572800e-03
-3.738960027694702148e-01 -9.273547530174255371e-01 1.466396078467369080e-02
-4.125695824623107910e-01 -9.101580977439880371e-01 3.739833831787109375e-02
-4.507231414318084717e-01 -8.902869820594787598e-01 6.509795039892196655e-02
-4.876121580600738525e-01 -8.676385283470153809e-01 9.714794158935546875e-02
-5.223097801208496094e-01 -8.423562049865722656e-01 1.327724605798721313e-01
-5.537951588630676270e-01 -8.148945569992065430e-01 1.710490137338638306e-01
-5.810738801956176758e-01 -7.860295772552490234e-01 2.109756469726562500e-01
-6.032921075820922852e-01 -7.568109631538391113e-01 2.515467703342437744e-01
-6.198231577873229980e-01 -7.284541726112365723e-01 2.918454110622406006e-01
-6.302989125251770020e-01 -7.022034525871276855e-01 3.311095833778381348e-01
-6.345986127853393555e-01 -6.791876554489135742e-01 3.687664270401000977e-01
-6.327984929084777832e-01 -6.603121757507324219e-01 4.044180214405059814e-01
-6.251087188720703125e-01 -6.461921334266662598e-01 4.378068447113037109e-01
-6.118303537368774414e-01 -6.371218562126159668e-01 4.687635898590087891e-01
-5.933284163475036621e-01 -6.330839395523071289e-01 4.971580505371093750e-01
-5.700320005416870117e-01 -6.337766647338867188e-01 5.228676795959472656e-01
-5.424567461013793945e-01 -6.386580467224121094e-01 5.457623004913330078e-01
-5.112151503562927246e-01 -6.470074653625488281e-01 5.657210946083068848e-01
-4.770377278327941895e-01 -6.579928398132324219e-01 5.826494693756103516e-01
-4.407465457916259766e-01 -6.707493662834167480e-01 5.965213179588317871e-01
-4.032325148582458496e-01 -6.844528913497924805e-01 6.073942780494689941e-01
-3.653838336467742920e-01 -6.983873844146728516e-01 6.154264211654663086e-01
-3.280252516269683838e-01 -7.119861841201782227e-01 6.208664178848266602e-01
-2.918606996536254883e-01 -7.248535752296447754e-01 6.240229010581970215e-01
-2.574298083782196045e-01 -7.367580533027648926e-01 6.252338886260986328e-01
-2.250911444425582886e-01 -7.476142644882202148e-01 6.248254776000976562e-01
-1.950361430644989014e-01 -7.574499249458312988e-01 6.230814456939697266e-01
-1.673076301813125610e-01 -7.663724422454833984e-01 6.202269196510314941e-01
-1.418385505676269531e-01 -7.745425701141357422e-01 6.164135932922363281e-01
-1.184894442558288574e-01 -7.821472287178039551e-01 6.117237806320190430e-01
-9.708231687545776367e-02 -7.893837690353393555e-01 6.061752438545227051e-01
-7.743294537067413330e-02 -7.964435219764709473e-01 5.997348427772521973e-01
-5.937050655484199524e-02 -8.035066723823547363e-01 5.923277139663696289e-01
-4.275606945157051086e-02 -8.107314109802246094e-01 5.838549137115478516e-01
-2.749003469944000244e-02 -8.182535171508789062e-01 5.741998553276062012e-01
-1.351705566048622131e-02 -8.261803388595581055e-01 5.632435083389282227e-01
-8.261883631348609924e-04 -8.345916271209716797e-01 5.508685708045959473e-01
1.055724453181028366e-02 -8.435360193252563477e-01 5.369688868522644043e-01
2.057184278964996338e-02 -8.530324697494506836e-01 5.214523077011108398e-01
2.913176082074642181e-02 -8.630679845809936523e-01 5.042469501495361328e-01
3.613143786787986755e-02 -8.735994100570678711e-01 4.853026270866394043e-01
4.145489633083343506e-02 -8.845525383949279785e-01 4.645948112010955811e-01
4.498396813869476318e-02 -8.958252072334289551e-01 4.421239197254180908e-01
4.660619795322418213e-02 -9.072876572608947754e-01 4.179197549819946289e-01
4.621662199497222900e-02 -9.187846779823303223e-01 3.920443058013916016e-01
4.373054206371307373e-02 -9.301398992538452148e-01 3.645922243595123291e-01
3.908481448888778687e-02 -9.411602020263671875e-01 3.356930315494537354e-01
3.224632143974304199e-02 -9.516404867172241211e-01 3.055167198181152344e-01
2.321482077240943909e-02 -9.613728523254394531e-01 2.742685377597808838e-01
1.202980708330869675e-02 -9.701529741287231445e-01 2.421952337026596069e-01
-1.229778630658984184e-03 -9.777912497520446777e-01 2.095775604248046875e-01
-1.644351519644260406e-02 -9.841220378875732422e-01 1.767295002937316895e-01
-3.345177322626113892e-02 -9.890132546424865723e-01 1.439923197031021118e-01
-5.205901712179183960e-02 -9.923745989799499512e-01 1.117248311638832092e-01
-7.204327732324600220e-02 -9.941643476486206055e-01 8.029342442750930786e-02
-9.316724538803100586e-02 -9.943909645080566406e-01 5.006459355354309082e-02
-1.151873767375946045e-01 -9.931135177612304688e-01 2.138734050095081329e-02
-1.378707736730575562e-01 -9.904354810714721680e-01 -5.410711281001567841e-03
-1.610083281993865967e-01 -9.864958524703979492e-01 -3.003669716417789459e-02
-1.844276934862136841e-01 -9.814569950103759766e-01 -5.223540961742401123e-02
-2.080045044422149658e-01 -9.754894971847534180e-01 -7.179425656795501709e-02
-2.316675633192062378e-01 -9.687572121620178223e-01 -8.854084461927413940e-02
-2.554060518741607666e-01 -9.614020586013793945e-01 -1.023421511054039001e-01
-2.792655825614929199e-01 -9.535302519798278809e-01 -1.130966022610664368e-01
-3.033474385738372803e-01 -9.452010393142700195e-01 -1.207282170653343201e-01
-3.277989923954010010e-01 -9.364174604415893555e-01 -1.251807510852813721e-01
-3.528028726577758789e-01 -9.271196126937866211e-01 -1.264097243547439575e-01
-3.785637915134429932e-01 -9.171804189682006836e-01 -1.243769675493240356e-01
-4.052899777889251709e-01 -9.064034223556518555e-01 -1.190495938062667847e-01
-4.331715404987335205e-01 -8.945248126983642578e-01 -1.103986352682113647e-01
-4.623596668243408203e-01 -8.812150955200195312e-01 -9.840458631515502930e-02
-4.929375946521759033e-01 -8.660904765129089355e-01 -8.306580036878585815e-02
-5.248935222625732422e-01 -8.487273454666137695e-01 -6.441108137369155884e-02
-5.580922961235046387e-01 -8.286888003349304199e-01 -4.251895844936370850e-02
-5.922580957412719727e-01 -8.055574297904968262e-01 -1.753742247819900513e-02
-6.269598007202148438e-01 -7.789835929870605469e-01 1.029441226273775101e-02
-6.616176366806030273e-01 -7.487397789955139160e-01 4.063164442777633667e-02
-6.955317258834838867e-01 -7.147757411003112793e-01 7.301635295152664185e-02
-7.279324531555175781e-01 -6.772658228874206543e-01 1.068901121616363525e-01
-7.580513954162597656e-01 -6.366336941719055176e-01 1.416178345680236816e-01
-7.851986289024353027e-01 -5.935467481613159180e-01 1.765373498201370239e-01
-8.088322877883911133e-01 -5.488747954368591309e-01 2.110135555267333984e-01
-8.286057114601135254e-01 -5.036226511001586914e-01 2.444925904273986816e-01
-8.443831205368041992e-01 -4.588461816310882568e-01 2.765455842018127441e-01
-8.562223911285400391e-01 -4.155710339546203613e-01 3.068940341472625732e-01
-8.643320798873901367e-01 -3.747335970401763916e-01 3.354171514511108398e-01
-8.690167665481567383e-01 -3.371435403823852539e-01 3.621381521224975586e-01
-8.706203699111938477e-01 -3.034711480140686035e-01 3.872022032737731934e-01
-8.694730997085571289e-01 -2.742579281330108643e-01 4.108516573905944824e-01
-8.658498525619506836e-01 -2.499356120824813843e-01 4.334006309509277344e-01
-8.599383831024169922e-01 -2.308534234762191772e-01 4.552061557769775391e-01
-8.518121838569641113e-01 -2.172976732254028320e-01 4.766526818275451660e-01
-8.414130806922912598e-01 -2.095059305429458618e-01 4.981277585029602051e-01
-8.285363316535949707e-01 -2.076675742864608765e-01 5.200017094612121582e-01
-8.128240704536437988e-01 -2.119056433439254761e-01 5.425983667373657227e-01
-7.937734127044677734e-01 -2.222431749105453491e-01 5.661552548408508301e-01
-7.707617282867431641e-01 -2.385421097278594971e-01 5.907824039459228516e-01
-7.431138753890991211e-01 -2.604316771030426025e-01 6.164065599441528320e-01
-7.102077007293701172e-01 -2.872308194637298584e-01 6.427313089370727539e-01
-6.716329455375671387e-01 -3.178981840610504150e-01 6.692158579826354980e-01
-6.273680329322814941e-01 -3.510379791259765625e-01 6.951127052307128906e-01
-5.779344439506530762e-01 -3.849979639053344727e-01 7.195611596107482910e-01
-5.244504213333129883e-01 -4.180616736412048340e-01 7.417385578155517578e-01
-4.685401618480682373e-01 -4.486922919750213623e-01 7.610159516334533691e-01
-4.121088683605194092e-01 -4.757578074932098389e-01 7.770591378211975098e-01
-3.570446372032165527e-01 -4.986511170864105225e-01 7.898520827293395996e-01
-3.049612343311309814e-01 -5.172917246818542480e-01 7.996298074722290039e-01
-2.570368945598602295e-01 -5.320237278938293457e-01 8.067730665206909180e-01
-2.139824777841567993e-01 -5.434657335281372070e-01 8.116997480392456055e-01
-1.760908514261245728e-01 -5.523682832717895508e-01 8.147891759872436523e-01
-1.433350294828414917e-01 -5.595000386238098145e-01 8.163424134254455566e-01
-1.154711097478866577e-01 -5.655794143676757812e-01 8.165698051452636719e-01
-9.212604165077209473e-02 -5.712322592735290527e-01 8.156019449234008789e-01
-7.285721600055694580e-02 -5.769804120063781738e-01 8.135018944740295410e-01
-5.719200894236564636e-02 -5.832376480102539062e-01 8.102856874465942383e-01
-4.464863985776901245e-02 -5.903132557868957520e-01 8.059383630752563477e-01
-3.473727777600288391e-02 -5.984125137329101562e-01 8.004347085952758789e-01
-2.696149982511997223e-02 -6.076416969299316406e-01 7.937535047531127930e-01
-2.080345898866653442e-02 -6.180036664009094238e-01 7.858998775482177734e-01
-1.572909578680992126e-02 -6.293963193893432617e-01 7.769252657890319824e-01
-1.118496339768171310e-02 -6.416136622428894043e-01 7.669463753700256348e-01
-6.619472522288560867e-03 -6.543461680412292480e-01 7.561661601066589355e-01
-1.516678370535373688e-03 -6.671977639198303223e-01 7.448790669441223145e-01
4.552421625703573227e-03 -6.797072887420654297e-01 7.334693074226379395e-01
1.186720095574855804e-02 -6.913837790489196777e-01 7.223901748657226562e-01
2.048896253108978271e-02 -7.017487883567810059e-01 7.121297717094421387e-01
3.021135739982128143e-02 -7.103879451751708984e-01 7.031615972518920898e-01
4.052884504199028015e-02 -7.169946432113647461e-01 6.958994865417480469e-01
5.065209046006202698e-02 -7.214043140411376953e-01 6.906592845916748047e-01
5.955625325441360474e-02 -7.236131429672241211e-01 6.876314878463745117e-01
6.607773900032043457e-02 -7.237678766250610352e-01 6.868724822998046875e-01
6.903161108493804932e-02 -7.221360802650451660e-01 6.882979273796081543e-01
6.736873090267181396e-02 -7.190546393394470215e-01 6.916805505752563477e-01
6.034217029809951782e-02 -7.148755192756652832e-01 6.966432929039001465e-01
4.770248383283615112e-02 -7.099258303642272949e-01 7.026591300964355469e-01
2.989325299859046936e-02 -7.044959664344787598e-01 7.090781331062316895e-01
8.184056729078292847e-03 -6.988721489906311035e-01 7.151998281478881836e-01
-1.534811872988939285e-02 -6.933844685554504395e-01 7.204043269157409668e-01
-3.809497505426406860e-02 -6.884288787841796875e-01 7.243027091026306152e-01
-5.748969316482543945e-02 -6.844130158424377441e-01 7.268244028091430664e-01
-7.175301015377044678e-02 -6.815974712371826172e-01 7.282007336616516113e-01
-8.056248724460601807e-02 -6.799682974815368652e-01 7.288023829460144043e-01
