7.332403659820556641e+00 -1.678562927246093750e+01 -4.419343948364257812e+00
7.444950580596923828e+00 -1.683465576171875000e+01 -4.538629531860351562e+00
7.616037368774414062e+00 -1.691159057617187500e+01 -4.728396892547607422e+00
7.844874858856201172e+00 -1.701661491394042969e+01 -4.984405994415283203e+00
8.081822395324707031e+00 -1.712278556823730469e+01 -5.233028888702392578e+00
8.287969589233398438e+00 -1.720999145507812500e+01 -5.414236068725585938e+00
8.465810775756835938e+00 -1.727504920959472656e+01 -5.536618232727050781e+00
8.616647720336914062e+00 -1.732712554931640625e+01 -5.626129150390625000e+00
8.743215560913085938e+00 -1.737083625793457031e+01 -5.702851295471191406e+00
8.843444824218750000e+00 -1.740540885925292969e+01 -5.772845745086669922e+00
8.912376403808593750e+00 -1.743291091918945312e+01 -5.835781574249267578e+00
8.956045150756835938e+00 -1.745195007324218750e+01 -5.890653610229492188e+00
8.979342460632324219e+00 -1.746589088439941406e+01 -5.935571193695068359e+00
8.984502792358398438e+00 -1.747381210327148438e+01 -5.975297927856445312e+00
8.973884582519531250e+00 -1.747999000549316406e+01 -6.011239051818847656e+00
8.948030471801757812e+00 -1.748155784606933594e+01 -6.046867847442626953e+00
8.905581474304199219e+00 -1.748114013671875000e+01 -6.082933902740478516e+00
8.844408035278320312e+00 -1.747615051269531250e+01 -6.121438503265380859e+00
8.760180473327636719e+00 -1.746992111206054688e+01 -6.158581256866455078e+00
8.659103393554687500e+00 -1.745475387573242188e+01 -6.195919513702392578e+00
8.545203208923339844e+00 -1.743632507324218750e+01 -6.230164051055908203e+00
8.419611930847167969e+00 -1.741299247741699219e+01 -6.263258934020996094e+00
8.285479545593261719e+00 -1.738825035095214844e+01 -6.303267478942871094e+00
8.139739990234375000e+00 -1.736104965209960938e+01 -6.356033802032470703e+00
7.983031749725341797e+00 -1.733368110656738281e+01 -6.422867774963378906e+00
7.815262794494628906e+00 -1.730490875244140625e+01 -6.500908374786376953e+00
7.648927688598632812e+00 -1.727621650695800781e+01 -6.583666324615478516e+00
7.489823818206787109e+00 -1.724733734130859375e+01 -6.664891719818115234e+00
7.342536449432373047e+00 -1.721845245361328125e+01 -6.741632938385009766e+00
7.202445507049560547e+00 -1.718774795532226562e+01 -6.815605640411376953e+00
7.068101882934570312e+00 -1.715232849121093750e+01 -6.895918846130371094e+00
-5.102955698966979980e-01 -1.278156757354736328e+01 -6.028756618499755859e+00
-4.989418685436248779e-01 -1.262658119201660156e+01 -6.109751224517822266e+00
-4.749514758586883545e-01 -1.248742485046386719e+01 -6.187530040740966797e+00
-4.444122016429901123e-01 -1.234418773651123047e+01 -6.274357795715332031e+00
-3.983857333660125732e-01 -1.219336795806884766e+01 -6.368957996368408203e+00
-3.432637155055999756e-01 -1.203823280334472656e+01 -6.474273681640625000e+00
-2.762655019760131836e-01 -1.188321018218994141e+01 -6.588543415069580078e+00
-2.094356119632720947e-01 -1.173429203033447266e+01 -6.700727462768554688e+00
-1.387253850698471069e-01 -1.159875965118408203e+01 -6.812980175018310547e+00
-7.272657752037048340e-02 -1.147482776641845703e+01 -6.914483547210693359e+00
-1.347487792372703552e-02 -1.136249732971191406e+01 -7.010145664215087891e+00
4.138087108731269836e-02 -1.126224517822265625e+01 -7.099070072174072266e+00
9.320424497127532959e-02 -1.116773891448974609e+01 -7.183696746826171875e+00
1.431225091218948364e-01 -1.109031772613525391e+01 -7.262715339660644531e+00
1.897090673446655273e-01 -1.102030849456787109e+01 -7.339724063873291016e+00
2.426794916391372681e-01 -1.096370315551757812e+01 -7.414327621459960938e+00
2.917188704013824463e-01 -1.092249584197998047e+01 -7.491105079650878906e+00
3.424108624458312988e-01 -1.089704990386962891e+01 -7.564728260040283203e+00
3.974648714065551758e-01 -1.088686466217041016e+01 -7.634930610656738281e+00
4.478404521942138672e-01 -1.089340782165527344e+01 -7.702022075653076172e+00
5.071004033088684082e-01 -1.091551399230957031e+01 -7.767242908477783203e+00
5.683398246765136719e-01 -1.095377635955810547e+01 -7.830554962158203125e+00
6.319258213043212891e-01 -1.100678634643554688e+01 -7.887447357177734375e+00
6.944096088409423828e-01 -1.107481956481933594e+01 -7.939117908477783203e+00
7.599017620086669922e-01 -1.115441417694091797e+01 -7.988868713378906250e+00
8.272398114204406738e-01 -1.124367618560791016e+01 -8.039149284362792969e+00
8.996347188949584961e-01 -1.133387565612792969e+01 -8.092756271362304688e+00
9.733600020408630371e-01 -1.142892456054687500e+01 -8.145334243774414062e+00
1.050989627838134766e+00 -1.154493999481201172e+01 -8.198836326599121094e+00
1.131958603858947754e+00 -1.167274188995361328e+01 -8.251658439636230469e+00
1.221407890319824219e+00 -1.181299877166748047e+01 -8.309032440185546875e+00
1.311598539352416992e+00 -1.196446990966796875e+01 -8.364865303039550781e+00
1.404673695564270020e+00 -1.212809658050537109e+01 -8.420447349548339844e+00
1.502045869827270508e+00 -1.230385017395019531e+01 -8.472555160522460938e+00
1.598913669586181641e+00 -1.248284435272216797e+01 -8.517493247985839844e+00
1.691004991531372070e+00 -1.266254329681396484e+01 -8.558373451232910156e+00
1.785813570022583008e+00 -1.285720252990722656e+01 -8.591651916503906250e+00
1.884033083915710449e+00 -1.305518627166748047e+01 -8.621178627014160156e+00
1.978577971458435059e+00 -1.324912452697753906e+01 -8.641438484191894531e+00
2.072468757629394531e+00 -1.344313430786132812e+01 -8.654734611511230469e+00
2.166309118270874023e+00 -1.363317871093750000e+01 -8.659065246582031250e+00
2.259409904479980469e+00 -1.381716632843017578e+01 -8.657984733581542969e+00
2.355837106704711914e+00 -1.399777698516845703e+01 -8.649407386779785156e+00
2.444294452667236328e+00 -1.416739559173583984e+01 -8.636319160461425781e+00
2.534186124801635742e+00 -1.432894420623779297e+01 -8.618893623352050781e+00
2.619590759277343750e+00 -1.447867774963378906e+01 -8.595539093017578125e+00
2.702436447143554688e+00 -1.461677360534667969e+01 -8.565867424011230469e+00
2.782732248306274414e+00 -1.474615097045898438e+01 -8.536819458007812500e+00
2.858718395233154297e+00 -1.485821056365966797e+01 -8.502427101135253906e+00
2.926935195922851562e+00 -1.496240329742431641e+01 -8.468397140502929688e+00
2.996086597442626953e+00 -1.505878925323486328e+01 -8.430841445922851562e+00
3.062947988510131836e+00 -1.515050697326660156e+01 -8.389886856079101562e+00
3.126393556594848633e+00 -1.523104953765869141e+01 -8.346052169799804688e+00
3.189014673233032227e+00 -1.530555534362792969e+01 -8.296102523803710938e+00
3.251265764236450195e+00 -1.537505435943603516e+01 -8.242868423461914062e+00
3.313643217086791992e+00 -1.544159221649169922e+01 -8.181647300720214844e+00
3.378539323806762695e+00 -1.551092815399169922e+01 -8.117256164550781250e+00
3.441430807113647461e+00 -1.557078742980957031e+01 -8.041705131530761719e+00
3.506623506546020508e+00 -1.562890148162841797e+01 -7.954605579376220703e+00
3.577770709991455078e+00 -1.569085502624511719e+01 -7.862164497375488281e+00
3.651958465576171875e+00 -1.575346183776855469e+01 -7.754179477691650391e+00
3.730390787124633789e+00 -1.581612396240234375e+01 -7.639608860015869141e+00
3.805827379226684570e+00 -1.588103008270263672e+01 -7.514694213867187500e+00
3.885727882385253906e+00 -1.594482517242431641e+01 -7.381528377532958984e+00
3.962719678878784180e+00 -1.600823974609375000e+01 -7.240961551666259766e+00
4.043308734893798828e+00 -1.607526016235351562e+01 -7.098530292510986328e+00
4.119026660919189453e+00 -1.613751602172851562e+01 -6.951479911804199219e+00
4.187853336334228516e+00 -1.619939994812011719e+01 -6.809178829193115234e+00
4.255353927612304688e+00 -1.625837516784667969e+01 -6.670665264129638672e+00
4.314267635345458984e+00 -1.632019424438476562e+01 -6.538764476776123047e+00
4.370153903961181641e+00 -1.637671089172363281e+01 -6.419198036193847656e+00
4.420099258422851562e+00 -1.643226051330566406e+01 -6.308830738067626953e+00
4.466233730316162109e+00 -1.648777389526367188e+01 -6.210989475250244141e+00
4.509286403656005859e+00 -1.654007720947265625e+01 -6.121312618255615234e+00
4.547987937927246094e+00 -1.659329032897949219e+01 -6.040054798126220703e+00
4.581484317779541016e+00 -1.665050506591796875e+01 -5.963349819183349609e+00
4.606114864349365234e+00 -1.670544815063476562e+01 -5.892497539520263672e+00
4.628726005554199219e+00 -1.675968933105468750e+01 -5.819904327392578125e+00
4.642913818359375000e+00 -1.681328201293945312e+01 -5.746429443359375000e+00
4.651628494262695312e+00 -1.687030982971191406e+01 -5.671996593475341797e+00
4.666997432708740234e+00 -1.691632270812988281e+01 -5.588630199432373047e+00
4.698490619659423828e+00 -1.694639205932617188e+01 -5.494883060455322266e+00
4.713292121887207031e+00 -1.698933601379394531e+01 -5.398480415344238281e+00
4.727720737457275391e+00 -1.702066230773925781e+01 -5.282104015350341797e+00
4.775837421417236328e+00 -1.703930282592773438e+01 -5.163092136383056641e+00
4.804897785186767578e+00 -1.707262802124023438e+01 -5.034892082214355469e+00
4.840614318847656250e+00 -1.710959053039550781e+01 -4.898359298706054688e+00
4.885303974151611328e+00 -1.712874221801757812e+01 -4.759847640991210938e+00
4.889015674591064453e+00 -1.719061851501464844e+01 -4.622552871704101562e+00
4.921350955963134766e+00 -1.721840476989746094e+01 -4.483009338378906250e+00
4.944798946380615234e+00 -1.725853157043457031e+01 -4.344678878784179688e+00
5.021062374114990234e+00 -1.723098373413085938e+01 -4.208936691284179688e+00
4.902379512786865234e+00 -1.739422798156738281e+01 -4.087937831878662109e+00
4.888769149780273438e+00 -1.744799804687500000e+01 -3.968512535095214844e+00
5.163404941558837891e+00 -1.722689056396484375e+01 -3.846180677413940430e+00
5.163023471832275391e+00 -1.723806190490722656e+01 -3.739066123962402344e+00
4.866362094879150391e+00 -1.750888442993164062e+01 -3.647431135177612305e+00
5.143588542938232422e+00 -1.728727149963378906e+01 -3.544909000396728516e+00
4.862080097198486328e+00 -1.748006057739257812e+01 -3.476326227188110352e+00
5.113180160522460938e+00 -1.721114540100097656e+01 -3.384858369827270508e+00
4.874339580535888672e+00 -1.740720558166503906e+01 -3.316594362258911133e+00
4.842648029327392578e+00 -1.737235450744628906e+01 -3.258796453475952148e+00
4.778173923492431641e+00 -1.733904457092285156e+01 -3.217210054397583008e+00
5.000188350677490234e+00 -1.702525520324707031e+01 -3.189599037170410156e+00
4.928902626037597656e+00 -1.697402381896972656e+01 -3.160527944564819336e+00
4.877143859863281250e+00 -1.688681411743164062e+01 -3.159379005432128906e+00
4.803494930267333984e+00 -1.681287765502929688e+01 -3.162208795547485352e+00
4.505970954895019531e+00 -1.696684646606445312e+01 -3.144999742507934570e+00
4.344350814819335938e+00 -1.696501159667968750e+01 -3.199773311614990234e+00
4.485758304595947266e+00 -1.664171600341796875e+01 -3.197207450866699219e+00
4.357844352722167969e+00 -1.658810997009277344e+01 -3.223123311996459961e+00
4.175011157989501953e+00 -1.659900665283203125e+01 -3.269292593002319336e+00
4.119150161743164062e+00 -1.646869850158691406e+01 -3.306761741638183594e+00
3.998925209045410156e+00 -1.640409088134765625e+01 -3.369246959686279297e+00
3.876858472824096680e+00 -1.634018707275390625e+01 -3.424795866012573242e+00
3.759391784667968750e+00 -1.627053070068359375e+01 -3.479969263076782227e+00
3.650372982025146484e+00 -1.621348190307617188e+01 -3.549186229705810547e+00
3.559936046600341797e+00 -1.612432861328125000e+01 -3.585697174072265625e+00
3.451238393783569336e+00 -1.605337905883789062e+01 -3.624979019165039062e+00
3.353044271469116211e+00 -1.600961685180664062e+01 -3.694374322891235352e+00
3.263317346572875977e+00 -1.600212669372558594e+01 -3.814119338989257812e+00
3.229274034500122070e+00 -1.601765632629394531e+01 -3.976447105407714844e+00
3.127659320831298828e+00 -1.582658386230468750e+01 -3.845422029495239258e+00
3.065897703170776367e+00 -1.571634864807128906e+01 -3.838412284851074219e+00
3.007621288299560547e+00 -1.566760635375976562e+01 -3.911482095718383789e+00
3.059759616851806641e+00 -1.580592155456542969e+01 -4.256779670715332031e+00
3.027947664260864258e+00 -1.572419643402099609e+01 -4.303305149078369141e+00
3.030839204788208008e+00 -1.565682506561279297e+01 -4.362775325775146484e+00
2.935147762298583984e+00 -1.540677833557128906e+01 -4.137881755828857422e+00
3.065917968750000000e+00 -1.550771331787109375e+01 -4.454265594482421875e+00
3.156334400177001953e+00 -1.546851825714111328e+01 -4.528384685516357422e+00
3.152530670166015625e+00 -1.535799217224121094e+01 -4.527566432952880859e+00
3.211290121078491211e+00 -1.529063606262207031e+01 -4.544641971588134766e+00
3.149003744125366211e+00 -1.510345554351806641e+01 -4.333339214324951172e+00
3.221518754959106445e+00 -1.504495429992675781e+01 -4.345435142517089844e+00
3.449779033660888672e+00 -1.510540199279785156e+01 -4.552231788635253906e+00
3.528845548629760742e+00 -1.504177570343017578e+01 -4.528560161590576172e+00
3.619507312774658203e+00 -1.498740673065185547e+01 -4.501050949096679688e+00
3.725721597671508789e+00 -1.494375324249267578e+01 -4.466335773468017578e+00
3.797390937805175781e+00 -1.487257766723632812e+01 -4.428432464599609375e+00
3.885570526123046875e+00 -1.481464767456054688e+01 -4.377229690551757812e+00
3.986670970916748047e+00 -1.476951122283935547e+01 -4.316899299621582031e+00
4.065474510192871094e+00 -1.469003391265869141e+01 -4.276729106903076172e+00
4.164973258972167969e+00 -1.464662837982177734e+01 -4.209880828857421875e+00
4.262273311614990234e+00 -1.459343814849853516e+01 -4.151757240295410156e+00
4.337827682495117188e+00 -1.453330421447753906e+01 -4.080800533294677734e+00
4.420151233673095703e+00 -1.447435188293457031e+01 -4.013257980346679688e+00
4.495081901550292969e+00 -1.440100479125976562e+01 -3.959764003753662109e+00
4.550415515899658203e+00 -1.434287834167480469e+01 -3.878156661987304688e+00
4.587503433227539062e+00 -1.428690624237060547e+01 -3.783010244369506836e+00
4.611847400665283203e+00 -1.422731304168701172e+01 -3.704833507537841797e+00
4.622446060180664062e+00 -1.416545581817626953e+01 -3.635948657989501953e+00
4.617355823516845703e+00 -1.410467720031738281e+01 -3.573481798171997070e+00
4.591694831848144531e+00 -1.404318141937255859e+01 -3.524491786956787109e+00
4.556793689727783203e+00 -1.398628616333007812e+01 -3.471784353256225586e+00
4.507098197937011719e+00 -1.392554283142089844e+01 -3.437079429626464844e+00
4.445109367370605469e+00 -1.386233329772949219e+01 -3.416185855865478516e+00
4.368935585021972656e+00 -1.379813003540039062e+01 -3.406036376953125000e+00
4.281384468078613281e+00 -1.372884845733642578e+01 -3.414162397384643555e+00
4.180992126464843750e+00 -1.365251255035400391e+01 -3.435123205184936523e+00
4.077201366424560547e+00 -1.357089328765869141e+01 -3.465446949005126953e+00
3.963906288146972656e+00 -1.347790527343750000e+01 -3.502604722976684570e+00
3.841230392456054688e+00 -1.337358760833740234e+01 -3.543022871017456055e+00
3.712107181549072266e+00 -1.323986053466796875e+01 -3.586230993270874023e+00
3.571055173873901367e+00 -1.308669281005859375e+01 -3.635629653930664062e+00
3.420294046401977539e+00 -1.290809726715087891e+01 -3.694026231765747070e+00
3.260998249053955078e+00 -1.270316600799560547e+01 -3.763533115386962891e+00
3.099207162857055664e+00 -1.248537635803222656e+01 -3.839998245239257812e+00
2.929466485977172852e+00 -1.225657367706298828e+01 -3.938104391098022461e+00
2.760567903518676758e+00 -1.202400588989257812e+01 -4.051101207733154297e+00
2.597259521484375000e+00 -1.179973125457763672e+01 -4.173870086669921875e+00
2.451809883117675781e+00 -1.159741878509521484e+01 -4.299388885498046875e+00
2.315086126327514648e+00 -1.140599918365478516e+01 -4.429416179656982422e+00
2.197646617889404297e+00 -1.123748493194580078e+01 -4.552013874053955078e+00
2.096522808074951172e+00 -1.108928871154785156e+01 -4.673017024993896484e+00
2.015652656555175781e+00 -1.096392726898193359e+01 -4.787557601928710938e+00
1.941673994064331055e+00 -1.084618568420410156e+01 -4.897968769073486328e+00
1.881282329559326172e+00 -1.075111579895019531e+01 -5.011119365692138672e+00
1.837611079216003418e+00 -1.067584896087646484e+01 -5.119757652282714844e+00
1.803486108779907227e+00 -1.062490558624267578e+01 -5.227694988250732422e+00
1.786717891693115234e+00 -1.059842300415039062e+01 -5.318531036376953125e+00
1.784240961074829102e+00 -1.059285068511962891e+01 -5.387973308563232422e+00
1.793667554855346680e+00 -1.061071586608886719e+01 -5.438325405120849609e+00
1.814911246299743652e+00 -1.064153003692626953e+01 -5.477939128875732422e+00
1.858272194862365723e+00 -1.069412994384765625e+01 -5.509776592254638672e+00
1.920552849769592285e+00 -1.077639961242675781e+01 -5.538739681243896484e+00
1.989416122436523438e+00 -1.086050319671630859e+01 -5.551363945007324219e+00
2.079522848129272461e+00 -1.096541118621826172e+01 -5.553751468658447266e+00
2.178687810897827148e+00 -1.107483863830566406e+01 -5.546487331390380859e+00
2.289748668670654297e+00 -1.118575763702392578e+01 -5.531553268432617188e+00
2.412948846817016602e+00 -1.130344390869140625e+01 -5.517005443572998047e+00
2.557252168655395508e+00 -1.143286132812500000e+01 -5.506829261779785156e+00
2.717590808868408203e+00 -1.156682205200195312e+01 -5.504362106323242188e+00
2.898969173431396484e+00 -1.171328449249267578e+01 -5.513347625732421875e+00
3.103033304214477539e+00 -1.186337566375732422e+01 -5.532075405120849609e+00
3.321953773498535156e+00 -1.201916503906250000e+01 -5.559404850006103516e+00
3.552100419998168945e+00 -1.217224311828613281e+01 -5.594629764556884766e+00
3.783919095993041992e+00 -1.231937694549560547e+01 -5.635600566864013672e+00
4.019560813903808594e+00 -1.246369361877441406e+01 -5.678942680358886719e+00
4.253572940826416016e+00 -1.259454631805419922e+01 -5.720383167266845703e+00
4.488867759704589844e+00 -1.271511173248291016e+01 -5.757842540740966797e+00
4.717263221740722656e+00 -1.281926631927490234e+01 -5.798555374145507812e+00
4.937163829803466797e+00 -1.289982032775878906e+01 -5.836285591125488281e+00
5.146773815155029297e+00 -1.295655918121337891e+01 -5.873171329498291016e+00
5.343314170837402344e+00 -1.299197864532470703e+01 -5.908891677856445312e+00
5.527863979339599609e+00 -1.300590610504150391e+01 -5.946412086486816406e+00
5.694335937500000000e+00 -1.299540233612060547e+01 -5.982916831970214844e+00
5.846337795257568359e+00 -1.296437263488769531e+01 -6.018978595733642578e+00
5.984605789184570312e+00 -1.291658782958984375e+01 -6.054868221282958984e+00
6.106832504272460938e+00 -1.285578155517578125e+01 -6.091023921966552734e+00
6.212713241577148438e+00 -1.277668762207031250e+01 -6.127882957458496094e+00
6.304419994354248047e+00 -1.268170547485351562e+01 -6.168601989746093750e+00
6.382564067840576172e+00 -1.257818412780761719e+01 -6.216787815093994141e+00
6.437860965728759766e+00 -1.246157455444335938e+01 -6.272319316864013672e+00
6.471995830535888672e+00 -1.233265590667724609e+01 -6.340102195739746094e+00
6.482341766357421875e+00 -1.219294071197509766e+01 -6.422493934631347656e+00
6.463952541351318359e+00 -1.204000949859619141e+01 -6.521643161773681641e+00
6.415188789367675781e+00 -1.188103485107421875e+01 -6.633524417877197266e+00
6.337703704833984375e+00 -1.171303367614746094e+01 -6.753139495849609375e+00
6.231855392456054688e+00 -1.153967857360839844e+01 -6.873378276824951172e+00
6.095229148864746094e+00 -1.135962963104248047e+01 -6.991144180297851562e+00
5.939126491546630859e+00 -1.118238353729248047e+01 -7.094701766967773438e+00
5.759021282196044922e+00 -1.100544452667236328e+01 -7.184713363647460938e+00
5.562857151031494141e+00 -1.083166790008544922e+01 -7.257518291473388672e+00
5.354584693908691406e+00 -1.066337203979492188e+01 -7.310429573059082031e+00
5.137511730194091797e+00 -1.049977779388427734e+01 -7.342569828033447266e+00
4.907124519348144531e+00 -1.034077548980712891e+01 -7.357135295867919922e+00
4.671933650970458984e+00 -1.018961620330810547e+01 -7.356449604034423828e+00
4.434049129486083984e+00 -1.005023097991943359e+01 -7.339422702789306641e+00
4.199917316436767578e+00 -9.923478126525878906e+00 -7.306881904602050781e+00
3.968093156814575195e+00 -9.806317329406738281e+00 -7.263532161712646484e+00
3.754445075988769531e+00 -9.703313827514648438e+00 -7.214011192321777344e+00
3.559902667999267578e+00 -9.614346504211425781e+00 -7.161155700683593750e+00
3.384076833724975586e+00 -9.539557456970214844e+00 -7.106309413909912109e+00
3.221323490142822266e+00 -9.473191261291503906e+00 -7.050824642181396484e+00
3.080470323562622070e+00 -9.420050621032714844e+00 -6.993558883666992188e+00
2.956985950469970703e+00 -9.379407882690429688e+00 -6.933130741119384766e+00
2.846820592880249023e+00 -9.349597930908203125e+00 -6.871018886566162109e+00
2.749313831329345703e+00 -9.332230567932128906e+00 -6.805975437164306641e+00
2.668800115585327148e+00 -9.328389167785644531e+00 -6.736777305603027344e+00
2.596316576004028320e+00 -9.335998535156250000e+00 -6.660305023193359375e+00
2.539292812347412109e+00 -9.357872009277343750e+00 -6.577764034271240234e+00
2.497584819793701172e+00 -9.392716407775878906e+00 -6.484340667724609375e+00
2.470548152923583984e+00 -9.438422203063964844e+00 -6.382930755615234375e+00
2.463747978210449219e+00 -9.496130943298339844e+00 -6.271708965301513672e+00
2.478002309799194336e+00 -9.564522743225097656e+00 -6.150105953216552734e+00
2.527285575866699219e+00 -9.644524574279785156e+00 -6.015104770660400391e+00
2.601912260055541992e+00 -9.735466003417968750e+00 -5.871323108673095703e+00
2.711411476135253906e+00 -9.848155975341796875e+00 -5.717238903045654297e+00
2.845052957534790039e+00 -9.988380432128906250e+00 -5.558245182037353516e+00
2.996736288070678711e+00 -1.016061496734619141e+01 -5.393426418304443359e+00
3.164221763610839844e+00 -1.036296081542968750e+01 -5.226832389831542969e+00
3.341794252395629883e+00 -1.059412670135498047e+01 -5.067367076873779297e+00
3.533679723739624023e+00 -1.083894157409667969e+01 -4.928329944610595703e+00
3.744010210037231445e+00 -1.108463382720947266e+01 -4.813393115997314453e+00
3.976873159408569336e+00 -1.132076930999755859e+01 -4.724270343780517578e+00
4.233474254608154297e+00 -1.154363346099853516e+01 -4.661010742187500000e+00
4.515925407409667969e+00 -1.174400997161865234e+01 -4.617779731750488281e+00
4.832170486450195312e+00 -1.191034507751464844e+01 -4.601946353912353516e+00
5.168767452239990234e+00 -1.204711151123046875e+01 -4.610687255859375000e+00
5.511226654052734375e+00 -1.213785171508789062e+01 -4.642408370971679688e+00
5.861479759216308594e+00 -1.217966175079345703e+01 -4.691931247711181641e+00
6.204777717590332031e+00 -1.217800426483154297e+01 -4.746331691741943359e+00
6.530988216400146484e+00 -1.213804244995117188e+01 -4.782965660095214844e+00
6.831396102905273438e+00 -1.206955909729003906e+01 -4.790751934051513672e+00
7.108980655670166016e+00 -1.198797321319580078e+01 -4.763559818267822266e+00
7.352498531341552734e+00 -1.189967632293701172e+01 -4.709093093872070312e+00
7.565659523010253906e+00 -1.181136608123779297e+01 -4.638829231262207031e+00
7.748421192169189453e+00 -1.173228263854980469e+01 -4.569998264312744141e+00
7.900395870208740234e+00 -1.166210174560546875e+01 -4.506430625915527344e+00
8.029532432556152344e+00 -1.160306358337402344e+01 -4.450272560119628906e+00
8.143304824829101562e+00 -1.155017852783203125e+01 -4.400612831115722656e+00
8.240659713745117188e+00 -1.150473594665527344e+01 -4.351402282714843750e+00
8.319674491882324219e+00 -1.146572208404541016e+01 -4.299788475036621094e+00
8.385149002075195312e+00 -1.143022727966308594e+01 -4.247059345245361328e+00
8.435521125793457031e+00 -1.140157413482666016e+01 -4.188213348388671875e+00
8.475132942199707031e+00 -1.137606716156005859e+01 -4.125473499298095703e+00
8.498623847961425781e+00 -1.135523128509521484e+01 -4.060367107391357422e+00
8.509630203247070312e+00 -1.133723258972167969e+01 -3.985544919967651367e+00
8.502834320068359375e+00 -1.132206439971923828e+01 -3.902987480163574219e+00
8.484825134277343750e+00 -1.130891418457031250e+01 -3.813129425048828125e+00
8.456104278564453125e+00 -1.129444885253906250e+01 -3.715751647949218750e+00
8.413487434387207031e+00 -1.128277492523193359e+01 -3.612769842147827148e+00
8.361776351928710938e+00 -1.127357292175292969e+01 -3.504519701004028320e+00
8.303169250488281250e+00 -1.126352977752685547e+01 -3.393462419509887695e+00
8.259586334228515625e+00 -1.125037097930908203e+01 -3.270566463470458984e+00
8.188806533813476562e+00 -1.124271488189697266e+01 -3.149316072463989258e+00
8.115329742431640625e+00 -1.123451042175292969e+01 -3.026678800582885742e+00
8.037179946899414062e+00 -1.122633647918701172e+01 -2.903147697448730469e+00
7.962136268615722656e+00 -1.121837329864501953e+01 -2.781870841979980469e+00
7.887861728668212891e+00 -1.121170330047607422e+01 -2.664021968841552734e+00
7.814803600311279297e+00 -1.120507431030273438e+01 -2.550808668136596680e+00
7.744240283966064453e+00 -1.120009803771972656e+01 -2.442324638366699219e+00
7.679255962371826172e+00 -1.119569969177246094e+01 -2.337160110473632812e+00
7.619390964508056641e+00 -1.119218921661376953e+01 -2.234576940536499023e+00
7.561320781707763672e+00 -1.118932151794433594e+01 -2.135397195816040039e+00
7.506915569305419922e+00 -1.118732929229736328e+01 -2.033374786376953125e+00
7.454339981079101562e+00 -1.118541812896728516e+01 -1.929803609848022461e+00
7.406917572021484375e+00 -1.118289852142333984e+01 -1.822321772575378418e+00
7.362702846527099609e+00 -1.118135738372802734e+01 -1.710206031799316406e+00
7.320527553558349609e+00 -1.117938423156738281e+01 -1.588815093040466309e+00
7.281038284301757812e+00 -1.117703819274902344e+01 -1.459030747413635254e+00
7.245983600616455078e+00 -1.117330360412597656e+01 -1.318845629692077637e+00
7.215425491333007812e+00 -1.116603565216064453e+01 -1.167781233787536621e+00
7.191645622253417969e+00 -1.115554714202880859e+01 -1.006565451622009277e+00
7.174930572509765625e+00 -1.114142036437988281e+01 -8.315826058387756348e-01
7.169611930847167969e+00 -1.112080478668212891e+01 -6.450183987617492676e-01
7.169875144958496094e+00 -1.109659671783447266e+01 -4.544971585273742676e-01
7.182911396026611328e+00 -1.106437110900878906e+01 -2.581625282764434814e-01
7.207830429077148438e+00 -1.102764797210693359e+01 -6.414316594600677490e-02
7.243975162506103516e+00 -1.098358154296875000e+01 1.348554641008377075e-01
7.291842460632324219e+00 -1.093255901336669922e+01 3.276681900024414062e-01
7.348058700561523438e+00 -1.087465000152587891e+01 5.153729319572448730e-01
7.411184787750244141e+00 -1.081467056274414062e+01 6.900206804275512695e-01
7.479747295379638672e+00 -1.075012302398681641e+01 8.510846495628356934e-01
7.547352790832519531e+00 -1.068431472778320312e+01 1.002013325691223145e+00
7.616492748260498047e+00 -1.062127304077148438e+01 1.135541677474975586e+00
7.686102390289306641e+00 -1.055908679962158203e+01 1.253989815711975098e+00
7.755571842193603516e+00 -1.049972248077392578e+01 1.356199145317077637e+00
7.828131675720214844e+00 -1.044344997406005859e+01 1.442558646202087402e+00
7.895850181579589844e+00 -1.039136123657226562e+01 1.514786839485168457e+00
7.973810195922851562e+00 -1.034374618530273438e+01 1.573496699333190918e+00
8.052089691162109375e+00 -1.029979896545410156e+01 1.615855336189270020e+00
8.138260841369628906e+00 -1.026261901855468750e+01 1.646117329597473145e+00
8.227660179138183594e+00 -1.023118305206298828e+01 1.663480877876281738e+00
8.322600364685058594e+00 -1.020161533355712891e+01 1.669367432594299316e+00
8.425685882568359375e+00 -1.017606925964355469e+01 1.666107296943664551e+00
8.536462783813476562e+00 -1.015206241607666016e+01 1.647005677223205566e+00
8.655026435852050781e+00 -1.012928485870361328e+01 1.620084881782531738e+00
8.783189773559570312e+00 -1.010439491271972656e+01 1.583728551864624023e+00
8.922340393066406250e+00 -1.008078193664550781e+01 1.538094401359558105e+00
9.064904212951660156e+00 -1.005442047119140625e+01 1.483991146087646484e+00
9.219771385192871094e+00 -1.002653408050537109e+01 1.418685317039489746e+00
9.381972312927246094e+00 -9.993935585021972656e+00 1.349062681198120117e+00
9.547392845153808594e+00 -9.955862998962402344e+00 1.276088714599609375e+00
9.712379455566406250e+00 -9.912118911743164062e+00 1.201477408409118652e+00
9.869008064270019531e+00 -9.871787071228027344e+00 1.134047150611877441e+00
1.002632331848144531e+01 -9.822017669677734375e+00 1.067227721214294434e+00
1.017166996002197266e+01 -9.769260406494140625e+00 1.004445314407348633e+00
1.031208896636962891e+01 -9.713771820068359375e+00 9.515635967254638672e-01
1.044455718994140625e+01 -9.656441688537597656e+00 9.086879491806030273e-01
1.056873035430908203e+01 -9.594854354858398438e+00 8.714678883552551270e-01
1.068644905090332031e+01 -9.540621757507324219e+00 8.445968031883239746e-01
1.080373096466064453e+01 -9.486577033996582031e+00 8.222392797470092773e-01
1.091664886474609375e+01 -9.434397697448730469e+00 8.030585050582885742e-01
1.102070140838623047e+01 -9.383335113525390625e+00 7.852333784103393555e-01
1.112790489196777344e+01 -9.343771934509277344e+00 7.754046320915222168e-01
1.121604633331298828e+01 -9.282086372375488281e+00 7.478958368301391602e-01
1.129752922058105469e+01 -9.222846984863281250e+00 7.186910510063171387e-01
1.139957714080810547e+01 -9.213452339172363281e+00 7.188010215759277344e-01
1.147335815429687500e+01 -9.171246528625488281e+00 6.955364346504211426e-01
1.154314994812011719e+01 -9.117295265197753906e+00 6.719496846199035645e-01
1.173606014251708984e+01 -9.328701972961425781e+00 7.580515146255493164e-01
1.180928134918212891e+01 -9.271549224853515625e+00 7.350695729255676270e-01
1.188111686706542969e+01 -9.241455078125000000e+00 7.049354910850524902e-01
1.196323966979980469e+01 -9.238219261169433594e+00 6.707369685173034668e-01
1.204072284698486328e+01 -9.236815452575683594e+00 6.153354048728942871e-01
1.210483837127685547e+01 -9.192504882812500000e+00 5.636861324310302734e-01
1.216525077819824219e+01 -9.143165588378906250e+00 5.040507316589355469e-01
1.205386257171630859e+01 -8.899488449096679688e+00 3.403706252574920654e-01
1.210571861267089844e+01 -8.872673034667968750e+00 2.598866820335388184e-01
1.234222602844238281e+01 -8.996482849121093750e+00 2.793219983577728271e-01
1.224691677093505859e+01 -8.832281112670898438e+00 9.787379205226898193e-02
1.233106136322021484e+01 -8.818376541137695312e+00 1.889873482286930084e-02
1.248243522644042969e+01 -8.840982437133789062e+00 -3.300447762012481689e-02
1.251110744476318359e+01 -8.794874191284179688e+00 -1.631956249475479126e-01
1.254561042785644531e+01 -8.754812240600585938e+00 -2.901310622692108154e-01
1.261892223358154297e+01 -8.743692398071289062e+00 -3.958989381790161133e-01
1.264030838012695312e+01 -8.722190856933593750e+00 -5.324577689170837402e-01
1.268738555908203125e+01 -8.733882904052734375e+00 -6.431999206542968750e-01
1.275055694580078125e+01 -8.759653091430664062e+00 -7.345087528228759766e-01
1.279239559173583984e+01 -8.794175148010253906e+00 -8.272365331649780273e-01
1.281994152069091797e+01 -8.839392662048339844e+00 -9.157523512840270996e-01
1.283106422424316406e+01 -8.894085884094238281e+00 -9.982780218124389648e-01
1.284769821166992188e+01 -8.966214179992675781e+00 -1.060488581657409668e+00
1.286575126647949219e+01 -9.050836563110351562e+00 -1.102949738502502441e+00
1.286419677734375000e+01 -9.145320892333984375e+00 -1.135541558265686035e+00
1.287639331817626953e+01 -9.255908012390136719e+00 -1.141320824623107910e+00
1.288529396057128906e+01 -9.378993034362792969e+00 -1.120531439781188965e+00
1.283785915374755859e+01 -9.493260383605957031e+00 -1.128295898437500000e+00
1.279171276092529297e+01 -9.619002342224121094e+00 -1.109140753746032715e+00
1.274107933044433594e+01 -9.750390052795410156e+00 -1.070503950119018555e+00
1.267388343811035156e+01 -9.882979393005371094e+00 -1.026704311370849609e+00
1.257936859130859375e+01 -1.000976371765136719e+01 -9.969646930694580078e-01
1.248452091217041016e+01 -1.013659858703613281e+01 -9.477815628051757812e-01
1.238695526123046875e+01 -1.026051902770996094e+01 -8.951289057731628418e-01
1.227890586853027344e+01 -1.037886047363281250e+01 -8.454317450523376465e-01
1.216764831542968750e+01 -1.048510742187500000e+01 -7.951987385749816895e-01
1.205924415588378906e+01 -1.058865451812744141e+01 -7.489693164825439453e-01
1.194019412994384766e+01 -1.066463756561279297e+01 -7.042499184608459473e-01
1.182373905181884766e+01 -1.072986507415771484e+01 -6.710795760154724121e-01
1.172089195251464844e+01 -1.077638339996337891e+01 -6.511717438697814941e-01
1.161005306243896484e+01 -1.080677318572998047e+01 -6.185732483863830566e-01
1.150304508209228516e+01 -1.081584262847900391e+01 -5.929936766624450684e-01
1.139768028259277344e+01 -1.080980300903320312e+01 -5.808742046356201172e-01
1.129818534851074219e+01 -1.078289699554443359e+01 -5.749628543853759766e-01
1.120289802551269531e+01 -1.073483753204345703e+01 -5.747791528701782227e-01
1.111319351196289062e+01 -1.066999149322509766e+01 -5.879833698272705078e-01
1.102383327484130859e+01 -1.058418655395507812e+01 -6.172091364860534668e-01
1.094584751129150391e+01 -1.047680664062500000e+01 -6.672145724296569824e-01
1.087102031707763672e+01 -1.035552310943603516e+01 -7.308915257453918457e-01
1.079621696472167969e+01 -1.022394752502441406e+01 -8.126866221427917480e-01
1.071746826171875000e+01 -1.008929252624511719e+01 -9.186387062072753906e-01
1.063681888580322266e+01 -9.957921981811523438e+00 -1.052557349205017090e+00
1.053403663635253906e+01 -9.820940017700195312e+00 -1.213310599327087402e+00
1.041621685028076172e+01 -9.701034545898437500e+00 -1.402947187423706055e+00
1.026903915405273438e+01 -9.587632179260253906e+00 -1.616016745567321777e+00
1.009679222106933594e+01 -9.488279342651367188e+00 -1.838775634765625000e+00
9.904232978820800781e+00 -9.399994850158691406e+00 -2.067981481552124023e+00
9.707942008972167969e+00 -9.326992988586425781e+00 -2.280495643615722656e+00
9.523571014404296875e+00 -9.268816947937011719e+00 -2.464023351669311523e+00
9.353724479675292969e+00 -9.219363212585449219e+00 -2.617020845413208008e+00
9.204197883605957031e+00 -9.180182456970214844e+00 -2.745433568954467773e+00
9.078135490417480469e+00 -9.146977424621582031e+00 -2.848070621490478516e+00
8.969421386718750000e+00 -9.114107131958007812e+00 -2.929112911224365234e+00
8.871315956115722656e+00 -9.078169822692871094e+00 -2.992321252822875977e+00
8.787623405456542969e+00 -9.041493415832519531e+00 -3.041083812713623047e+00
8.709104537963867188e+00 -9.001277923583984375e+00 -3.079644203186035156e+00
8.632662773132324219e+00 -8.958124160766601562e+00 -3.112925291061401367e+00
8.551455497741699219e+00 -8.910100936889648438e+00 -3.141523838043212891e+00
8.465849876403808594e+00 -8.858936309814453125e+00 -3.167643308639526367e+00
8.368886947631835938e+00 -8.802010536193847656e+00 -3.198115348815917969e+00
8.256044387817382812e+00 -8.739819526672363281e+00 -3.237187385559082031e+00
8.118309974670410156e+00 -8.666454315185546875e+00 -3.286975383758544922e+00
7.956088066101074219e+00 -8.584430694580078125e+00 -3.352052927017211914e+00
7.768325805664062500e+00 -8.494915962219238281e+00 -3.432763576507568359e+00
7.548561573028564453e+00 -8.399727821350097656e+00 -3.532595634460449219e+00
7.299870967864990234e+00 -8.300229072570800781e+00 -3.651286363601684570e+00
7.031777381896972656e+00 -8.200872421264648438e+00 -3.783606290817260742e+00
6.751965999603271484e+00 -8.107748031616210938e+00 -3.925836563110351562e+00
6.459349155426025391e+00 -8.017689704895019531e+00 -4.077706336975097656e+00
6.162372589111328125e+00 -7.935523986816406250e+00 -4.236522197723388672e+00
5.861810684204101562e+00 -7.861113548278808594e+00 -4.398638248443603516e+00
5.565384387969970703e+00 -7.794425010681152344e+00 -4.561018466949462891e+00
5.278928756713867188e+00 -7.728504180908203125e+00 -4.716320991516113281e+00
5.007239341735839844e+00 -7.663220405578613281e+00 -4.862741470336914062e+00
4.756498336791992188e+00 -7.601205348968505859e+00 -4.996120929718017578e+00
4.533664703369140625e+00 -7.541730880737304688e+00 -5.111985206604003906e+00
4.332812786102294922e+00 -7.482455730438232422e+00 -5.206052780151367188e+00
4.158786296844482422e+00 -7.424034118652343750e+00 -5.287458896636962891e+00
4.009086132049560547e+00 -7.361723899841308594e+00 -5.350687503814697266e+00
3.878856897354125977e+00 -7.297833442687988281e+00 -5.396330833435058594e+00
3.772674798965454102e+00 -7.235780239105224609e+00 -5.425369739532470703e+00
3.690382480621337891e+00 -7.176151275634765625e+00 -5.436973571777343750e+00
3.629578828811645508e+00 -7.124690055847167969e+00 -5.438757419586181641e+00
3.596923112869262695e+00 -7.089436531066894531e+00 -5.428047180175781250e+00
3.579063415527343750e+00 -7.055946350097656250e+00 -5.412628650665283203e+00
3.574423074722290039e+00 -7.021997451782226562e+00 -5.388012409210205078e+00
3.586308717727661133e+00 -6.987576484680175781e+00 -5.353646278381347656e+00
3.613469362258911133e+00 -6.949121475219726562e+00 -5.304337501525878906e+00
3.663133144378662109e+00 -6.903648853302001953e+00 -5.241220474243164062e+00
3.736337900161743164e+00 -6.855568408966064453e+00 -5.163146018981933594e+00
3.841902732849121094e+00 -6.804056644439697266e+00 -5.069065093994140625e+00
3.978522539138793945e+00 -6.754871845245361328e+00 -4.963807106018066406e+00
4.137073516845703125e+00 -6.707474231719970703e+00 -4.849504947662353516e+00
4.324840545654296875e+00 -6.653977870941162109e+00 -4.717592239379882812e+00
4.535145759582519531e+00 -6.599845886230468750e+00 -4.573491573333740234e+00
4.764620780944824219e+00 -6.540561199188232422e+00 -4.417860507965087891e+00
5.008131504058837891e+00 -6.473826408386230469e+00 -4.253228187561035156e+00
5.258246898651123047e+00 -6.400787830352783203e+00 -4.087239742279052734e+00
5.512033462524414062e+00 -6.320539474487304688e+00 -3.921429395675659180e+00
5.752885818481445312e+00 -6.232950687408447266e+00 -3.765691518783569336e+00
5.992343902587890625e+00 -6.134361743927001953e+00 -3.613962173461914062e+00
6.226431369781494141e+00 -6.020836830139160156e+00 -3.466202020645141602e+00
6.451104640960693359e+00 -5.892714977264404297e+00 -3.325898170471191406e+00
6.662672042846679688e+00 -5.744753837585449219e+00 -3.193038225173950195e+00
6.856024742126464844e+00 -5.583387851715087891e+00 -3.071255922317504883e+00
7.042560100555419922e+00 -5.398825645446777344e+00 -2.953894376754760742e+00
7.216092586517333984e+00 -5.201560974121093750e+00 -2.844625234603881836e+00
7.376501083374023438e+00 -5.002907276153564453e+00 -2.746417522430419922e+00
7.525562763214111328e+00 -4.816474437713623047e+00 -2.657804012298583984e+00
7.666026115417480469e+00 -4.648171901702880859e+00 -2.577139854431152344e+00
7.797533988952636719e+00 -4.498531341552734375e+00 -2.502370357513427734e+00
7.923181056976318359e+00 -4.370151042938232422e+00 -2.433125734329223633e+00
8.044069290161132812e+00 -4.263279914855957031e+00 -2.365552425384521484e+00
8.167271614074707031e+00 -4.173182487487792969e+00 -2.297681331634521484e+00
8.284194946289062500e+00 -4.104821681976318359e+00 -2.228786706924438477e+00
8.409315109252929688e+00 -4.048406124114990234e+00 -2.153918981552124023e+00
8.545179367065429688e+00 -4.002943992614746094e+00 -2.070704936981201172e+00
8.690783500671386719e+00 -3.968162298202514648e+00 -1.978589534759521484e+00
8.847891807556152344e+00 -3.942027330398559570e+00 -1.875701904296875000e+00
9.019996643066406250e+00 -3.922929286956787109e+00 -1.761323809623718262e+00
9.204740524291992188e+00 -3.906292438507080078e+00 -1.637120246887207031e+00
9.403364181518554688e+00 -3.891955852508544922e+00 -1.502875208854675293e+00
9.610094070434570312e+00 -3.876127243041992188e+00 -1.360985755920410156e+00
9.812998771667480469e+00 -3.856875896453857422e+00 -1.217774987220764160e+00
1.001525020599365234e+01 -3.837960481643676758e+00 -1.071863293647766113e+00
1.020274448394775391e+01 -3.820999860763549805e+00 -9.356641769409179688e-01
1.038123321533203125e+01 -3.805719614028930664e+00 -8.067954182624816895e-01
1.055319595336914062e+01 -3.790100812911987305e+00 -6.774260401725769043e-01
7.773385047912597656e+00 -8.178328514099121094e+00 5.464218616485595703e+00
7.606240272521972656e+00 -8.132727622985839844e+00 5.399071693420410156e+00
7.470710277557373047e+00 -8.071296691894531250e+00 5.311557769775390625e+00
7.342828750610351562e+00 -7.993866920471191406e+00 5.198390960693359375e+00
7.217302799224853516e+00 -7.903512477874755859e+00 5.061193943023681641e+00
7.096192836761474609e+00 -7.807314395904541016e+00 4.906463623046875000e+00
6.986420154571533203e+00 -7.712812900543212891e+00 4.746190547943115234e+00
6.893039226531982422e+00 -7.625698089599609375e+00 4.588611125946044922e+00
6.814845085144042969e+00 -7.547175884246826172e+00 4.439514160156250000e+00
6.754483222961425781e+00 -7.479336261749267578e+00 4.301362514495849609e+00
6.709915637969970703e+00 -7.418945312500000000e+00 4.171868324279785156e+00
6.679743289947509766e+00 -7.365332603454589844e+00 4.050069332122802734e+00
6.662209987640380859e+00 -7.314900875091552734e+00 3.932148218154907227e+00
6.657345771789550781e+00 -7.266656875610351562e+00 3.815650463104248047e+00
6.660332202911376953e+00 -7.218651294708251953e+00 3.695776462554931641e+00
6.670536041259765625e+00 -7.169002056121826172e+00 3.566885709762573242e+00
6.684794902801513672e+00 -7.116602897644042969e+00 3.426008224487304688e+00
6.705126285552978516e+00 -7.059080123901367188e+00 3.264926195144653320e+00
6.726605415344238281e+00 -6.994830131530761719e+00 3.079289913177490234e+00
6.752537250518798828e+00 -6.922447681427001953e+00 2.865264654159545898e+00
6.782940387725830078e+00 -6.836134433746337891e+00 2.618710279464721680e+00
6.817228794097900391e+00 -6.732831478118896484e+00 2.349777460098266602e+00
6.861677646636962891e+00 -6.609159469604492188e+00 2.057685852050781250e+00
6.919533252716064453e+00 -6.467455387115478516e+00 1.756136775016784668e+00
6.993646621704101562e+00 -6.311840057373046875e+00 1.445977210998535156e+00
7.085229873657226562e+00 -6.147001743316650391e+00 1.144631385803222656e+00
7.195167064666748047e+00 -5.979967117309570312e+00 8.563535809516906738e-01
7.325614452362060547e+00 -5.815682888031005859e+00 5.840807557106018066e-01
7.472187042236328125e+00 -5.657356739044189453e+00 3.338209986686706543e-01
7.630628585815429688e+00 -5.504846572875976562e+00 1.125904694199562073e-01
7.793651580810546875e+00 -5.359786510467529297e+00 -8.055114001035690308e-02
7.954157829284667969e+00 -5.222388744354248047e+00 -2.398391067981719971e-01
8.106967926025390625e+00 -5.095860481262207031e+00 -3.709320724010467529e-01
8.255180358886718750e+00 -4.980133533477783203e+00 -4.734712243080139160e-01
8.391684532165527344e+00 -4.877335071563720703e+00 -5.495275855064392090e-01
8.519698143005371094e+00 -4.789358615875244141e+00 -6.062562465667724609e-01
8.649426460266113281e+00 -4.711192607879638672e+00 -6.368298530578613281e-01
8.779873847961425781e+00 -4.643884181976318359e+00 -6.435717344284057617e-01
8.915034294128417969e+00 -4.579995155334472656e+00 -6.331317424774169922e-01
9.062143325805664062e+00 -4.525966167449951172e+00 -6.024471521377563477e-01
9.212577819824218750e+00 -4.477502822875976562e+00 -5.528822541236877441e-01
9.374570846557617188e+00 -4.430790901184082031e+00 -4.829078912734985352e-01
9.547746658325195312e+00 -4.383028984069824219e+00 -3.975526094436645508e-01
9.723060607910156250e+00 -4.337951183319091797e+00 -2.988881170749664307e-01
9.896403312683105469e+00 -4.296821117401123047e+00 -1.873386800289154053e-01
1.005866813659667969e+01 -4.265774250030517578e+00 -6.716572493314743042e-02
1.020136260986328125e+01 -4.247873306274414062e+00 6.793772429227828979e-02
1.033003616333007812e+01 -4.248407363891601562e+00 2.321981489658355713e-01
6.746302604675292969e+00 -8.739002227783203125e+00 5.929119586944580078e+00
6.575055122375488281e+00 -8.671353340148925781e+00 5.853566646575927734e+00
6.397816658020019531e+00 -8.610191345214843750e+00 5.775965690612792969e+00
6.201619625091552734e+00 -8.548656463623046875e+00 5.688403129577636719e+00
5.984345436096191406e+00 -8.484268188476562500e+00 5.587116241455078125e+00
5.750463962554931641e+00 -8.415161132812500000e+00 5.472343444824218750e+00
5.517036914825439453e+00 -8.341075897216796875e+00 5.351886749267578125e+00
5.288908481597900391e+00 -8.262853622436523438e+00 5.227298259735107422e+00
5.081164836883544922e+00 -8.183793067932128906e+00 5.106380939483642578e+00
4.899056911468505859e+00 -8.103780746459960938e+00 4.991867065429687500e+00
4.743346214294433594e+00 -8.024871826171875000e+00 4.885708808898925781e+00
4.617985248565673828e+00 -7.948816299438476562e+00 4.790163516998291016e+00
4.513257980346679688e+00 -7.872632503509521484e+00 4.700130462646484375e+00
4.428782463073730469e+00 -7.796450614929199219e+00 4.613322257995605469e+00
4.363456249237060547e+00 -7.721270084381103516e+00 4.531939029693603516e+00
4.313663005828857422e+00 -7.643897533416748047e+00 4.450357437133789062e+00
4.278609275817871094e+00 -7.563235759735107422e+00 4.365382194519042969e+00
4.256433010101318359e+00 -7.478216171264648438e+00 4.273348331451416016e+00
4.249836444854736328e+00 -7.386332035064697266e+00 4.170004844665527344e+00
4.257133007049560547e+00 -7.284749507904052734e+00 4.050846576690673828e+00
4.281263351440429688e+00 -7.172692775726318359e+00 3.912592172622680664e+00
4.321336746215820312e+00 -7.049495220184326172e+00 3.752434253692626953e+00
4.379412651062011719e+00 -6.912910938262939453e+00 3.567956686019897461e+00
4.455834865570068359e+00 -6.759727478027343750e+00 3.355744600296020508e+00
4.549521923065185547e+00 -6.591406345367431641e+00 3.116181612014770508e+00
4.653915405273437500e+00 -6.410529136657714844e+00 2.851877689361572266e+00
4.773419380187988281e+00 -6.213689804077148438e+00 2.561321258544921875e+00
4.905603885650634766e+00 -5.996685504913330078e+00 2.243945360183715820e+00
5.052526950836181641e+00 -5.752894878387451172e+00 1.907655477523803711e+00
5.217610359191894531e+00 -5.474058151245117188e+00 1.566562175750732422e+00
5.405012607574462891e+00 -5.159683704376220703e+00 1.228678703308105469e+00
5.609283924102783203e+00 -4.812273502349853516e+00 9.194988012313842773e-01
5.816097736358642578e+00 -4.448637485504150391e+00 6.431816816329956055e-01
6.016214370727539062e+00 -4.087256908416748047e+00 3.958762586116790771e-01
6.199524402618408203e+00 -3.744630813598632812e+00 1.700694113969802856e-01
6.366790294647216797e+00 -3.434858083724975586e+00 -4.482283815741539001e-02
6.518727302551269531e+00 -3.154647827148437500e+00 -2.566282749176025391e-01
6.658518791198730469e+00 -2.905040264129638672e+00 -4.604680240154266357e-01
6.786688804626464844e+00 -2.683160305023193359e+00 -6.522819995880126953e-01
6.905892848968505859e+00 -2.491408109664916992e+00 -8.202933073043823242e-01
7.016110420227050781e+00 -2.317871809005737305e+00 -9.698059558868408203e-01
7.118918418884277344e+00 -2.164521932601928711e+00 -1.100732922554016113e+00
7.217810153961181641e+00 -2.026518344879150391e+00 -1.211736917495727539e+00
7.309237957000732422e+00 -1.903462886810302734e+00 -1.306699872016906738e+00
7.396066665649414062e+00 -1.794150590896606445e+00 -1.385522127151489258e+00
7.482126712799072266e+00 -1.695057034492492676e+00 -1.448301792144775391e+00
7.566936492919921875e+00 -1.609462380409240723e+00 -1.501081585884094238e+00
7.653055191040039062e+00 -1.532571792602539062e+00 -1.543838381767272949e+00
7.742043972015380859e+00 -1.465826392173767090e+00 -1.572071790695190430e+00
7.836263179779052734e+00 -1.405274629592895508e+00 -1.593271017074584961e+00
7.933150768280029297e+00 -1.350478410720825195e+00 -1.605779290199279785e+00
8.040661811828613281e+00 -1.300330638885498047e+00 -1.610928773880004883e+00
8.159668922424316406e+00 -1.253607392311096191e+00 -1.607178568840026855e+00
8.289919853210449219e+00 -1.208727478981018066e+00 -1.595533490180969238e+00
8.434791564941406250e+00 -1.164736866950988770e+00 -1.576121330261230469e+00
8.592171669006347656e+00 -1.120085597038269043e+00 -1.548897266387939453e+00
8.770033836364746094e+00 -1.072514295578002930e+00 -1.515441417694091797e+00
8.963865280151367188e+00 -1.025089263916015625e+00 -1.471825242042541504e+00
9.169946670532226562e+00 -9.773071408271789551e-01 -1.421834111213684082e+00
9.381368637084960938e+00 -9.308604001998901367e-01 -1.365321993827819824e+00
9.590806961059570312e+00 -8.876461386680603027e-01 -1.303774237632751465e+00
9.785555839538574219e+00 -8.492680788040161133e-01 -1.243585467338562012e+00
9.948529243469238281e+00 -8.176479935646057129e-01 -1.194156050682067871e+00
1.010460186004638672e+01 -7.912155389785766602e-01 -1.140759706497192383e+00
1.025808143615722656e+01 -7.730073332786560059e-01 -1.082230806350708008e+00
9.738194346427917480e-01 -7.688112735748291016e+00 7.395929336547851562e+00
9.147066473960876465e-01 -7.570144176483154297e+00 7.313119411468505859e+00
8.589341044425964355e-01 -7.457669734954833984e+00 7.231437683105468750e+00
7.923937439918518066e-01 -7.326544284820556641e+00 7.134963512420654297e+00
7.104809880256652832e-01 -7.167210578918457031e+00 7.019118785858154297e+00
6.082358956336975098e-01 -6.986035346984863281e+00 6.886194705963134766e+00
4.925106167793273926e-01 -6.795269966125488281e+00 6.743986606597900391e+00
3.710028529167175293e-01 -6.607512950897216797e+00 6.599348068237304688e+00
2.466002255678176880e-01 -6.425393104553222656e+00 6.452080249786376953e+00
1.218307539820671082e-01 -6.258004665374755859e+00 6.305745601654052734e+00
1.383332652039825916e-03 -6.109852790832519531e+00 6.165004730224609375e+00
-1.111722588539123535e-01 -5.984384059906005859e+00 6.035128116607666016e+00
-2.135926634073257446e-01 -5.880551338195800781e+00 5.916997432708740234e+00
-3.016312122344970703e-01 -5.797403335571289062e+00 5.812036991119384766e+00
-3.751701712608337402e-01 -5.728723049163818359e+00 5.715937137603759766e+00
-4.350520670413970947e-01 -5.670539855957031250e+00 5.628769874572753906e+00
-4.830321371555328369e-01 -5.619613170623779297e+00 5.547302246093750000e+00
-5.201792120933532715e-01 -5.572022438049316406e+00 5.467915534973144531e+00
-5.463333129882812500e-01 -5.524500846862792969e+00 5.384836673736572266e+00
-5.617488622665405273e-01 -5.474526882171630859e+00 5.299788951873779297e+00
-5.675132870674133301e-01 -5.417278289794921875e+00 5.201830387115478516e+00
-5.613433718681335449e-01 -5.351106643676757812e+00 5.090948104858398438e+00
-5.480508208274841309e-01 -5.271141529083251953e+00 4.959109306335449219e+00
-5.142712593078613281e-01 -5.176911354064941406e+00 4.804244041442871094e+00
-4.644263386726379395e-01 -5.063891410827636719e+00 4.620784759521484375e+00
-3.938270509243011475e-01 -4.927439689636230469e+00 4.402097702026367188e+00
-3.047716021537780762e-01 -4.768777847290039062e+00 4.146867275238037109e+00
-1.926737874746322632e-01 -4.584997177124023438e+00 3.855092287063598633e+00
-6.246787682175636292e-02 -4.382297992706298828e+00 3.533218145370483398e+00
7.890981435775756836e-02 -4.173219680786132812e+00 3.203122854232788086e+00
2.335301190614700317e-01 -3.966368675231933594e+00 2.879817247390747070e+00
3.945460319519042969e-01 -3.779846668243408203e+00 2.583520412445068359e+00
5.610467195510864258e-01 -3.619299888610839844e+00 2.321180820465087891e+00
7.232635021209716797e-01 -3.489766597747802734e+00 2.094818115234375000e+00
8.696649670600891113e-01 -3.386050701141357422e+00 1.900608062744140625e+00
1.003544569015502930e+00 -3.305782079696655273e+00 1.727422714233398438e+00
1.147969603538513184e+00 -3.236155986785888672e+00 1.544248223304748535e+00
5.974753856658935547e+00 1.055805310606956482e-01 1.074860095977783203e+00
6.163928985595703125e+00 1.360492706298828125e-01 1.080196738243103027e+00
6.341387748718261719e+00 1.507132053375244141e-01 1.099844098091125488e+00
6.528070926666259766e+00 1.567368060350418091e-01 1.136019825935363770e+00
6.716998577117919922e+00 1.561714261770248413e-01 1.182410001754760742e+00
6.901235580444335938e+00 1.506632119417190552e-01 1.238529562950134277e+00
7.074591159820556641e+00 1.407489478588104248e-01 1.303315758705139160e+00
7.233438014984130859e+00 1.275139600038528442e-01 1.373115897178649902e+00
7.379065990447998047e+00 1.118627563118934631e-01 1.450621962547302246e+00
7.515813350677490234e+00 9.381534159183502197e-02 1.535906672477722168e+00
7.644083499908447266e+00 7.416898757219314575e-02 1.628446340560913086e+00
7.768136024475097656e+00 5.038579180836677551e-02 1.727633237838745117e+00
7.890146732330322266e+00 2.171011827886104584e-02 1.844242930412292480e+00
8.011454582214355469e+00 -1.246542483568191528e-02 1.970151424407958984e+00
8.140408515930175781e+00 -5.191074684262275696e-02 2.110488891601562500e+00
8.267644882202148438e+00 -9.975417703390121460e-02 2.262186288833618164e+00
8.392196655273437500e+00 -1.567171216011047363e-01 2.422098636627197266e+00
8.515709877014160156e+00 -2.209143936634063721e-01 2.585578203201293945e+00
8.628190994262695312e+00 -2.883145213127136230e-01 2.744559764862060547e+00
8.731795310974121094e+00 -3.601339757442474365e-01 2.903673648834228516e+00
8.822601318359375000e+00 -4.298661351203918457e-01 3.051554203033447266e+00
8.902894020080566406e+00 -4.988796114921569824e-01 3.186360597610473633e+00
8.973664283752441406e+00 -5.660858154296875000e-01 3.305840730667114258e+00
9.021368980407714844e+00 -6.426793932914733887e-01 3.413478612899780273e+00
9.071228981018066406e+00 -7.101473212242126465e-01 3.508862972259521484e+00
9.107542037963867188e+00 -7.749851942062377930e-01 3.599418163299560547e+00
9.135914802551269531e+00 -8.425419926643371582e-01 3.680353641510009766e+00
9.150620460510253906e+00 -9.128516912460327148e-01 3.748581647872924805e+00
9.161993980407714844e+00 -9.790488481521606445e-01 3.807729959487915039e+00
9.140375137329101562e+00 -1.058658480644226074e+00 3.865070343017578125e+00
9.119091987609863281e+00 -1.136745691299438477e+00 3.915823221206665039e+00
9.088689804077148438e+00 -1.217774868011474609e+00 3.960286378860473633e+00
9.044682502746582031e+00 -1.304975032806396484e+00 4.001694679260253906e+00
8.995877265930175781e+00 -1.394391894340515137e+00 4.033202171325683594e+00
8.936950683593750000e+00 -1.478881716728210449e+00 4.066136837005615234e+00
8.873295783996582031e+00 -1.561699271202087402e+00 4.100205898284912109e+00
8.812591552734375000e+00 -1.649109244346618652e+00 4.131803989410400391e+00
8.744369506835937500e+00 -1.727185845375061035e+00 4.169842720031738281e+00
8.674850463867187500e+00 -1.803016901016235352e+00 4.201813220977783203e+00
8.611467361450195312e+00 -1.876549243927001953e+00 4.238771915435791016e+00
8.552037239074707031e+00 -1.951613306999206543e+00 4.276509284973144531e+00
8.505308151245117188e+00 -2.031158685684204102e+00 4.320999622344970703e+00
8.457896232604980469e+00 -2.102867126464843750e+00 4.368519783020019531e+00
8.416034698486328125e+00 -2.181087970733642578e+00 4.416021823883056641e+00
8.375856399536132812e+00 -2.266640424728393555e+00 4.464528560638427734e+00
8.335225105285644531e+00 -2.363532304763793945e+00 4.514028072357177734e+00
8.293904304504394531e+00 -2.474967479705810547e+00 4.561381340026855469e+00
8.235671997070312500e+00 -2.599778175354003906e+00 4.608849048614501953e+00
8.174597740173339844e+00 -2.741166591644287109e+00 4.656093120574951172e+00
8.096232414245605469e+00 -2.903122186660766602e+00 4.696212768554687500e+00
8.006464958190917969e+00 -3.084817171096801758e+00 4.736425876617431641e+00
7.897035121917724609e+00 -3.287417650222778320e+00 4.768988132476806641e+00
7.771634101867675781e+00 -3.503126144409179688e+00 4.785846710205078125e+00
7.632805347442626953e+00 -3.723895072937011719e+00 4.787362098693847656e+00
7.488169193267822266e+00 -3.936681032180786133e+00 4.771113395690917969e+00
7.340628147125244141e+00 -4.135910987854003906e+00 4.738113403320312500e+00
7.199299812316894531e+00 -4.312264919281005859e+00 4.689031124114990234e+00
7.063022613525390625e+00 -4.467430591583251953e+00 4.628170013427734375e+00
6.935291767120361328e+00 -4.597021579742431641e+00 4.557556629180908203e+00
6.818146705627441406e+00 -4.703115463256835938e+00 4.480939388275146484e+00
6.713374614715576172e+00 -4.784616470336914062e+00 4.398570060729980469e+00
6.618916988372802734e+00 -4.843961238861083984e+00 4.313800811767578125e+00
6.534491539001464844e+00 -4.886294841766357422e+00 4.225697517395019531e+00
6.457540988922119141e+00 -4.914495944976806641e+00 4.133890151977539062e+00
6.386657238006591797e+00 -4.929465293884277344e+00 4.036658763885498047e+00
6.318489551544189453e+00 -4.929800033569335938e+00 3.931652784347534180e+00
6.251316070556640625e+00 -4.920722007751464844e+00 3.816801548004150391e+00
6.182707786560058594e+00 -4.895795822143554688e+00 3.691235780715942383e+00
6.111194610595703125e+00 -4.857557296752929688e+00 3.552761077880859375e+00
6.034651756286621094e+00 -4.804332256317138672e+00 3.397608280181884766e+00
5.954196453094482422e+00 -4.730735778808593750e+00 3.230813026428222656e+00
5.867137432098388672e+00 -4.635988712310791016e+00 3.047132015228271484e+00
5.776205062866210938e+00 -4.518743515014648438e+00 2.852857589721679688e+00
5.688879966735839844e+00 -4.374206066131591797e+00 2.649605512619018555e+00
5.610883712768554688e+00 -4.201852798461914062e+00 2.447586297988891602e+00
5.551887035369873047e+00 -4.007307052612304688e+00 2.253644704818725586e+00
5.517806529998779297e+00 -3.789096593856811523e+00 2.073711872100830078e+00
5.509762287139892578e+00 -3.552830457687377930e+00 1.917589783668518066e+00
5.529315948486328125e+00 -3.303193330764770508e+00 1.791826844215393066e+00
5.574011325836181641e+00 -3.049112796783447266e+00 1.704786896705627441e+00
5.635191440582275391e+00 -2.800803422927856445e+00 1.654761910438537598e+00
5.705351352691650391e+00 -2.571579217910766602e+00 1.644740343093872070e+00
5.782142162322998047e+00 -2.369540691375732422e+00 1.674049496650695801e+00
5.858203887939453125e+00 -2.197189092636108398e+00 1.735901832580566406e+00
5.935473442077636719e+00 -2.055578470230102539e+00 1.830704212188720703e+00
6.009415149688720703e+00 -1.937176704406738281e+00 1.950838327407836914e+00
6.080286502838134766e+00 -1.838856816291809082e+00 2.090632677078247070e+00
6.148597717285156250e+00 -1.753674983978271484e+00 2.249243736267089844e+00
6.215572834014892578e+00 -1.681236863136291504e+00 2.423922061920166016e+00
6.283624172210693359e+00 -1.614268302917480469e+00 2.619045495986938477e+00
6.353738784790039062e+00 -1.557552099227905273e+00 2.840356588363647461e+00
6.427412509918212891e+00 -1.509936332702636719e+00 3.093100070953369141e+00
6.502967834472656250e+00 -1.477699875831604004e+00 3.378640413284301758e+00
6.570439815521240234e+00 -1.467949867248535156e+00 3.694756746292114258e+00
6.621396064758300781e+00 -1.486885428428649902e+00 4.029249191284179688e+00
6.640398979187011719e+00 -1.542918443679809570e+00 4.369909286499023438e+00
6.609478950500488281e+00 -1.637422561645507812e+00 4.696369647979736328e+00
6.520456314086914062e+00 -1.766320228576660156e+00 5.005443572998046875e+00
6.377794742584228516e+00 -1.927889704704284668e+00 5.286528110504150391e+00
6.188103675842285156e+00 -2.114787817001342773e+00 5.534665107727050781e+00
5.968579292297363281e+00 -2.315670967102050781e+00 5.744149684906005859e+00
5.732844829559326172e+00 -2.521706342697143555e+00 5.904536247253417969e+00
5.501666069030761719e+00 -2.721459150314331055e+00 6.016475200653076172e+00
5.289731979370117188e+00 -2.907959938049316406e+00 6.083721637725830078e+00
5.105332374572753906e+00 -3.071886777877807617e+00 6.114451885223388672e+00
4.944386005401611328e+00 -3.214642763137817383e+00 6.116914272308349609e+00
4.808719635009765625e+00 -3.335038661956787109e+00 6.097489833831787109e+00
4.696440696716308594e+00 -3.433405637741088867e+00 6.061508655548095703e+00
4.603331089019775391e+00 -3.512203216552734375e+00 6.013168334960937500e+00
4.524122714996337891e+00 -3.575012683868408203e+00 5.952798843383789062e+00
4.455458164215087891e+00 -3.621567487716674805e+00 5.880633354187011719e+00
4.397403240203857422e+00 -3.654006481170654297e+00 5.794195652008056641e+00
4.346351146697998047e+00 -3.672687530517578125e+00 5.691685199737548828e+00
4.299255847930908203e+00 -3.679887771606445312e+00 5.570920944213867188e+00
4.255034446716308594e+00 -3.670545339584350586e+00 5.426289558410644531e+00
4.207603931427001953e+00 -3.645706176757812500e+00 5.256216526031494141e+00
4.154286384582519531e+00 -3.601173400878906250e+00 5.057198524475097656e+00
4.090726375579833984e+00 -3.537348270416259766e+00 4.826989650726318359e+00
4.012182235717773438e+00 -3.449914455413818359e+00 4.563857555389404297e+00
3.923700809478759766e+00 -3.334135532379150391e+00 4.272040843963623047e+00
3.833527803421020508e+00 -3.189752817153930664e+00 3.962851524353027344e+00
3.747229576110839844e+00 -3.012028932571411133e+00 3.648109197616577148e+00
3.671617507934570312e+00 -2.802092552185058594e+00 3.331486701965332031e+00
3.615265130996704102e+00 -2.557346105575561523e+00 3.013593196868896484e+00
3.580991029739379883e+00 -2.278389930725097656e+00 2.681207895278930664e+00
3.562445640563964844e+00 -1.944729089736938477e+00 2.294167995452880859e+00
3.513677120208740234e+00 -1.496155261993408203e+00 1.783508419990539551e+00
3.526379346847534180e+00 -1.087469935417175293e+00 1.414811253547668457e+00
3.615678787231445312e+00 -7.880582213401794434e-01 1.163414359092712402e+00
3.724386930465698242e+00 -5.431833863258361816e-01 9.314048290252685547e-01
3.830489397048950195e+00 -3.373597562313079834e-01 6.984477639198303223e-01
3.921046257019042969e+00 -1.637365669012069702e-01 4.718429148197174072e-01
3.994091749191284180e+00 -2.067876793444156647e-02 2.639464437961578369e-01
4.047724246978759766e+00 1.003984808921813965e-01 8.600525557994842529e-02
4.086908817291259766e+00 2.038833796977996826e-01 -6.317172944545745850e-02
4.107042789459228516e+00 2.952410876750946045e-01 -1.897944509983062744e-01
4.113550662994384766e+00 3.781563341617584229e-01 -2.896801233291625977e-01
4.108003616333007812e+00 4.497199654579162598e-01 -3.777182102203369141e-01
4.092006206512451172e+00 5.112163424491882324e-01 -4.557938277721405029e-01
4.064997196197509766e+00 5.652300119400024414e-01 -5.279215574264526367e-01
4.024701595306396484e+00 6.101893186569213867e-01 -5.970488190650939941e-01
3.970680475234985352e+00 6.494757533073425293e-01 -6.672041416168212891e-01
3.899278402328491211e+00 6.819026470184326172e-01 -7.367524504661560059e-01
3.807218313217163086e+00 7.085532546043395996e-01 -8.108873963356018066e-01
3.688405752182006836e+00 7.253516316413879395e-01 -8.886068463325500488e-01
3.545136451721191406e+00 7.380388975143432617e-01 -9.667220711708068848e-01
3.367938518524169922e+00 7.413439750671386719e-01 -1.049518704414367676e+00
3.163345575332641602e+00 7.339600324630737305e-01 -1.133985519409179688e+00
2.932209253311157227e+00 7.136887311935424805e-01 -1.216967225074768066e+00
2.679704189300537109e+00 6.793851852416992188e-01 -1.296542167663574219e+00
2.409636735916137695e+00 6.330109238624572754e-01 -1.368269085884094238e+00
2.131003618240356445e+00 5.688308477401733398e-01 -1.428137183189392090e+00
1.846700191497802734e+00 4.909630417823791504e-01 -1.476729631423950195e+00
1.567966461181640625e+00 4.044528007507324219e-01 -1.512036681175231934e+00
1.282725453376770020e+00 3.069869279861450195e-01 -1.535306096076965332e+00
9.980152845382690430e-01 2.016078978776931763e-01 -1.545744299888610840e+00
7.212521433830261230e-01 9.302525222301483154e-02 -1.543392896652221680e+00
4.436262547969818115e-01 -2.171494625508785248e-02 -1.527404785156250000e+00
1.652937084436416626e-01 -1.377314329147338867e-01 -1.498635649681091309e+00
-1.043955087661743164e-01 -2.516584694385528564e-01 -1.456423759460449219e+00
-3.759319186210632324e-01 -3.663621246814727783e-01 -1.401292920112609863e+00
-6.404328346252441406e-01 -4.757544994354248047e-01 -1.334425926208496094e+00
-9.064566493034362793e-01 -5.846922397613525391e-01 -1.254255890846252441e+00
-1.158237338066101074e+00 -6.897359490394592285e-01 -1.165780544281005859e+00
-1.407592892646789551e+00 -7.925272583961486816e-01 -1.067177295684814453e+00
-1.642703294754028320e+00 -8.938526511192321777e-01 -9.642868638038635254e-01
-1.864627361297607422e+00 -9.923006296157836914e-01 -8.588267564773559570e-01
-2.063044309616088867e+00 -1.087678790092468262e+00 -7.582560777664184570e-01
-2.237307548522949219e+00 -1.173869848251342773e+00 -6.639541387557983398e-01
-2.385952234268188477e+00 -1.261397123336791992e+00 -5.719231367111206055e-01
-2.512772083282470703e+00 -1.341979265213012695e+00 -4.928789138793945312e-01
-2.621229887008666992e+00 -1.419404506683349609e+00 -4.181111752986907959e-01
-2.704175949096679688e+00 -1.492134928703308105e+00 -3.494211733341217041e-01
-2.768566370010375977e+00 -1.562847495079040527e+00 -2.862345576286315918e-01
-2.813198804855346680e+00 -1.630385041236877441e+00 -2.262915968894958496e-01
-2.843924283981323242e+00 -1.695929646492004395e+00 -1.683659255504608154e-01
-2.853400230407714844e+00 -1.758833527565002441e+00 -1.097844913601875305e-01
-2.845832347869873047e+00 -1.821439743041992188e+00 -4.662224277853965759e-02
-2.817856311798095703e+00 -1.882334232330322266e+00 2.197851054370403290e-02
-2.768119812011718750e+00 -1.944835901260375977e+00 1.006101295351982117e-01
-2.691265344619750977e+00 -2.006031274795532227e+00 1.911012083292007446e-01
-2.585963726043701172e+00 -2.065100193023681641e+00 2.922224998474121094e-01
-2.447425127029418945e+00 -2.122945070266723633e+00 4.101843833923339844e-01
-2.278321027755737305e+00 -2.179117918014526367e+00 5.381547212600708008e-01
-2.077243328094482422e+00 -2.235659837722778320e+00 6.789207458496093750e-01
-1.840769767761230469e+00 -2.285092115402221680e+00 8.270577192306518555e-01
-1.572507739067077637e+00 -2.330968618392944336e+00 9.826557636260986328e-01
-1.280789732933044434e+00 -2.363144159317016602e+00 1.130356192588806152e+00
-9.727194309234619141e-01 -2.376804828643798828e+00 1.261208176612854004e+00
-6.564766764640808105e-01 -2.364323377609252930e+00 1.366214990615844727e+00
-3.384523093700408936e-01 -2.319555282592773438e+00 1.433555960655212402e+00
-2.218298427760601044e-02 -2.239250183105468750e+00 1.459165453910827637e+00
2.905313968658447266e-01 -2.127726554870605469e+00 1.441293478012084961e+00
5.971750020980834961e-01 -1.991520047187805176e+00 1.387228846549987793e+00
8.824732899665832520e-01 -1.833408832550048828e+00 1.301007151603698730e+00
1.140477299690246582e+00 -1.658948540687561035e+00 1.193175792694091797e+00
1.372591733932495117e+00 -1.476951003074645996e+00 1.068870782852172852e+00
1.579971432685852051e+00 -1.302289009094238281e+00 9.390375018119812012e-01
1.775703191757202148e+00 -1.136651754379272461e+00 8.017569780349731445e-01
1.993697047233581543e+00 -9.637934565544128418e-01 6.357517242431640625e-01
5.148676395416259766e+00 -4.042576625943183899e-02 -1.465711474418640137e+00
5.258656501770019531e+00 5.057424306869506836e-02 -1.551472187042236328e+00
5.374625205993652344e+00 1.258416622877120972e-01 -1.636011123657226562e+00
5.504521846771240234e+00 1.958088874816894531e-01 -1.726190567016601562e+00
5.655508041381835938e+00 2.663834989070892334e-01 -1.823495984077453613e+00
5.814532756805419922e+00 3.321585953235626221e-01 -1.919661521911621094e+00
5.977628231048583984e+00 3.954530358314514160e-01 -2.012563467025756836e+00
6.143428802490234375e+00 4.565572738647460938e-01 -2.098660230636596680e+00
6.298325538635253906e+00 5.140969753265380859e-01 -2.175219297409057617e+00
6.451933860778808594e+00 5.740204453468322754e-01 -2.246690988540649414e+00
6.598470687866210938e+00 6.349845528602600098e-01 -2.307951450347900391e+00
6.742407321929931641e+00 6.962988376617431641e-01 -2.361452341079711914e+00
6.885228633880615234e+00 7.620472311973571777e-01 -2.409405946731567383e+00
7.025106906890869141e+00 8.304035067558288574e-01 -2.450451374053955078e+00
7.163779258728027344e+00 9.013950228691101074e-01 -2.486904621124267578e+00
7.305441856384277344e+00 9.778094291687011719e-01 -2.519747734069824219e+00
7.447072029113769531e+00 1.057332873344421387e+00 -2.544353246688842773e+00
7.588321685791015625e+00 1.139356374740600586e+00 -2.563818693161010742e+00
7.734609127044677734e+00 1.224527955055236816e+00 -2.578529834747314453e+00
7.878206253051757812e+00 1.310073375701904297e+00 -2.584878921508789062e+00
8.021312713623046875e+00 1.395672321319580078e+00 -2.586085557937622070e+00
8.168385505676269531e+00 1.483281254768371582e+00 -2.582453250885009766e+00
8.310916900634765625e+00 1.568292021751403809e+00 -2.569978475570678711e+00
8.452977180480957031e+00 1.651880741119384766e+00 -2.552850961685180664e+00
8.594415664672851562e+00 1.735180497169494629e+00 -2.531452178955078125e+00
8.731691360473632812e+00 1.811726093292236328e+00 -2.501569271087646484e+00
8.866289138793945312e+00 1.887678503990173340e+00 -2.467284679412841797e+00
8.999829292297363281e+00 1.961360812187194824e+00 -2.429676055908203125e+00
9.127554893493652344e+00 2.028489351272583008e+00 -2.386650323867797852e+00
9.250151634216308594e+00 2.090944766998291016e+00 -2.340262413024902344e+00
9.367221832275390625e+00 2.147462129592895508e+00 -2.288223743438720703e+00
9.483656883239746094e+00 2.200829505920410156e+00 -2.234320402145385742e+00
9.595374107360839844e+00 2.250372886657714844e+00 -2.176621198654174805e+00
9.700765609741210938e+00 2.289844274520874023e+00 -2.114164590835571289e+00
9.806913375854492188e+00 2.329769849777221680e+00 -2.047892570495605469e+00
9.909790039062500000e+00 2.367985486984252930e+00 -1.980688214302062988e+00
1.000812244415283203e+01 2.401770591735839844e+00 -1.912020206451416016e+00
1.010245323181152344e+01 2.428924322128295898e+00 -1.839095711708068848e+00
1.019357395172119141e+01 2.453556776046752930e+00 -1.763045310974121094e+00
1.028039646148681641e+01 2.472505569458007812e+00 -1.687368869781494141e+00
1.036652374267578125e+01 2.488399982452392578e+00 -1.609097957611083984e+00
1.044674110412597656e+01 2.498967170715332031e+00 -1.530025839805603027e+00
1.052458763122558594e+01 2.507461786270141602e+00 -1.451219677925109863e+00
1.059808731079101562e+01 2.511067867279052734e+00 -1.372012615203857422e+00
1.066768646240234375e+01 2.510779857635498047e+00 -1.293159723281860352e+00
1.073472118377685547e+01 2.506338357925415039e+00 -1.214641690254211426e+00
1.079970359802246094e+01 2.505581378936767578e+00 -1.138280034065246582e+00
1.086040210723876953e+01 2.496316671371459961e+00 -1.059689164161682129e+00
1.091800117492675781e+01 2.484092712402343750e+00 -9.801910519599914551e-01
1.097358798980712891e+01 2.468394279479980469e+00 -8.997470736503601074e-01
1.102816200256347656e+01 2.451308012008666992e+00 -8.167581558227539062e-01
1.108135986328125000e+01 2.429546594619750977e+00 -7.304143309593200684e-01
1.113309574127197266e+01 2.405960798263549805e+00 -6.414008140563964844e-01
1.118461704254150391e+01 2.379762411117553711e+00 -5.478202700614929199e-01
1.123643207550048828e+01 2.351747989654541016e+00 -4.492391645908355713e-01
1.128973674774169922e+01 2.320601463317871094e+00 -3.457253575325012207e-01
1.134259319305419922e+01 2.282574176788330078e+00 -2.318901121616363525e-01
1.139793395996093750e+01 2.235721349716186523e+00 -1.017405986785888672e-01
6.068648338317871094e+00 -6.396974563598632812e+00 6.650438785552978516e+00
5.929105758666992188e+00 -6.427016258239746094e+00 6.556680679321289062e+00
5.793917655944824219e+00 -6.446612834930419922e+00 6.470714092254638672e+00
5.647644519805908203e+00 -6.457911014556884766e+00 6.386398315429687500e+00
5.481379032135009766e+00 -6.463411331176757812e+00 6.304980278015136719e+00
5.295435905456542969e+00 -6.461894035339355469e+00 6.225295066833496094e+00
5.081107139587402344e+00 -6.454031467437744141e+00 6.148910999298095703e+00
4.850386619567871094e+00 -6.439024925231933594e+00 6.075537681579589844e+00
4.611542224884033203e+00 -6.418749809265136719e+00 6.004582405090332031e+00
4.376580238342285156e+00 -6.395627021789550781e+00 5.935266494750976562e+00
4.153541088104248047e+00 -6.369248390197753906e+00 5.864411830902099609e+00
3.949727296829223633e+00 -6.339195251464843750e+00 5.797053337097167969e+00
3.764017343521118164e+00 -6.305298805236816406e+00 5.729592800140380859e+00
3.598464727401733398e+00 -6.266641139984130859e+00 5.661326885223388672e+00
3.451376676559448242e+00 -6.226910114288330078e+00 5.593208789825439453e+00
3.317425727844238281e+00 -6.184637546539306641e+00 5.521445274353027344e+00
3.194724321365356445e+00 -6.139152526855468750e+00 5.442669868469238281e+00
3.083886623382568359e+00 -6.091269016265869141e+00 5.357483386993408203e+00
2.979273080825805664e+00 -6.038820266723632812e+00 5.258162498474121094e+00
2.882012844085693359e+00 -5.982070922851562500e+00 5.148119926452636719e+00
2.790136337280273438e+00 -5.914729118347167969e+00 5.017405509948730469e+00
2.700737714767456055e+00 -5.835286140441894531e+00 4.865644454956054688e+00
2.614269495010375977e+00 -5.742405414581298828e+00 4.690947532653808594e+00
2.531963348388671875e+00 -5.626398086547851562e+00 4.485158443450927734e+00
2.451337337493896484e+00 -5.488929271697998047e+00 4.252708911895751953e+00
2.380305528640747070e+00 -5.324444770812988281e+00 3.994810581207275391e+00
2.319830179214477539e+00 -5.128159999847412109e+00 3.713143825531005859e+00
2.278274536132812500e+00 -4.903271198272705078e+00 3.422451019287109375e+00
2.255113601684570312e+00 -4.643437385559082031e+00 3.128719329833984375e+00
2.253578424453735352e+00 -4.352014541625976562e+00 2.841011524200439453e+00
2.275507211685180664e+00 -4.016294956207275391e+00 2.569813966751098633e+00
2.319622278213500977e+00 -3.610448360443115234e+00 2.325217008590698242e+00
2.398104667663574219e+00 -3.118669748306274414e+00 2.130137205123901367e+00
2.551783084869384766e+00 -2.634511709213256836e+00 2.003664016723632812e+00
2.792402267456054688e+00 -2.179153442382812500e+00 1.917393326759338379e+00
3.123106718063354492e+00 -1.711132884025573730e+00 1.882412075996398926e+00
3.601541280746459961e+00 -1.191964030265808105e+00 1.948581099510192871e+00
3.943704366683959961e+00 -7.782888412475585938e-01 2.010596036911010742e+00
4.168436050415039062e+00 -4.581836163997650146e-01 2.099325180053710938e+00
4.347983360290527344e+00 -1.946388781070709229e-01 2.248153686523437500e+00
4.501817703247070312e+00 2.998369559645652771e-02 2.460087060928344727e+00
4.638113021850585938e+00 2.282459586858749390e-01 2.726498126983642578e+00
4.754885673522949219e+00 3.962289988994598389e-01 3.023592948913574219e+00
4.847397327423095703e+00 5.396201610565185547e-01 3.335426330566406250e+00
4.918191432952880859e+00 6.621349453926086426e-01 3.655144691467285156e+00
4.970783233642578125e+00 7.648149132728576660e-01 3.977344274520874023e+00
5.007237911224365234e+00 8.454700112342834473e-01 4.302112579345703125e+00
5.029624462127685547e+00 9.029992818832397461e-01 4.633128643035888672e+00
5.039405345916748047e+00 9.320572018623352051e-01 4.964228630065917969e+00
5.034243106842041016e+00 9.297951459884643555e-01 5.298031806945800781e+00
5.015844821929931641e+00 8.898696899414062500e-01 5.637976169586181641e+00
4.980925083160400391e+00 8.070343732833862305e-01 5.973943233489990234e+00
4.930055618286132812e+00 6.775781512260437012e-01 6.298745632171630859e+00
4.861831665039062500e+00 4.956985712051391602e-01 6.612199783325195312e+00
4.775448322296142578e+00 2.637682855129241943e-01 6.900820732116699219e+00
4.674711704254150391e+00 -1.408018358051776886e-02 7.159136772155761719e+00
4.558382511138916016e+00 -3.343729376792907715e-01 7.382534503936767578e+00
4.428400993347167969e+00 -6.836608648300170898e-01 7.567060947418212891e+00
4.286014080047607422e+00 -1.049410581588745117e+00 7.712528228759765625e+00
4.132968425750732422e+00 -1.418549656867980957e+00 7.821525573730468750e+00
3.966552734375000000e+00 -1.788962483406066895e+00 7.895996570587158203e+00
3.790616989135742188e+00 -2.144024372100830078e+00 7.939670562744140625e+00
3.612763643264770508e+00 -2.473334074020385742e+00 7.954018115997314453e+00
3.426407814025878906e+00 -2.786640644073486328e+00 7.940311908721923828e+00
3.239970684051513672e+00 -3.073642730712890625e+00 7.901676654815673828e+00
3.057893276214599609e+00 -3.330512285232543945e+00 7.839749813079833984e+00
2.881428718566894531e+00 -3.558813095092773438e+00 7.754593849182128906e+00
2.713044643402099609e+00 -3.759159803390502930e+00 7.649833202362060547e+00
2.552938938140869141e+00 -3.932350873947143555e+00 7.526609420776367188e+00
2.404759883880615234e+00 -4.077556133270263672e+00 7.387202739715576172e+00
2.261651277542114258e+00 -4.201446056365966797e+00 7.225116252899169922e+00
2.130981445312500000e+00 -4.302454948425292969e+00 7.046133518218994141e+00
2.014240741729736328e+00 -4.378740310668945312e+00 6.848180294036865234e+00
1.911775588989257812e+00 -4.431844234466552734e+00 6.626310825347900391e+00
1.825987458229064941e+00 -4.461683750152587891e+00 6.377406597137451172e+00
1.759473443031311035e+00 -4.463011264801025391e+00 6.098797321319580078e+00
1.712933421134948730e+00 -4.432538509368896484e+00 5.788305759429931641e+00
1.688532710075378418e+00 -4.369133949279785156e+00 5.445360660552978516e+00
1.681858181953430176e+00 -4.265157222747802734e+00 5.071258544921875000e+00
1.697781682014465332e+00 -4.122919082641601562e+00 4.679201126098632812e+00
1.740810632705688477e+00 -3.940688133239746094e+00 4.285598754882812500e+00
1.813400506973266602e+00 -3.709195375442504883e+00 3.903425455093383789e+00
1.922167658805847168e+00 -3.423407793045043945e+00 3.550271749496459961e+00
2.057505130767822266e+00 -3.103246688842773438e+00 3.232986211776733398e+00
2.205504655838012695e+00 -2.756560325622558594e+00 2.968029737472534180e+00
2.361667871475219727e+00 -2.375432252883911133e+00 2.766041755676269531e+00
2.530200719833374023e+00 -1.947516918182373047e+00 2.627553939819335938e+00
2.710314512252807617e+00 -1.486859202384948730e+00 2.553071498870849609e+00
2.886011838912963867e+00 -1.048909902572631836e+00 2.540654182434082031e+00
3.033974170684814453e+00 -6.745473742485046387e-01 2.592799901962280273e+00
3.152489423751831055e+00 -3.708092570304870605e-01 2.707972764968872070e+00
3.244350910186767578e+00 -1.303879469633102417e-01 2.867577075958251953e+00
3.313110589981079102e+00 4.992465302348136902e-02 3.050207376480102539e+00
3.365655422210693359e+00 1.825242787599563599e-01 3.237318038940429688e+00
3.403159618377685547e+00 2.815750837326049805e-01 3.425438642501831055e+00
3.429919481277465820e+00 3.555799126625061035e-01 3.612431049346923828e+00
3.445832967758178711e+00 4.066617488861083984e-01 3.803070783615112305e+00
3.453593492507934570e+00 4.383143782615661621e-01 4.003481864929199219e+00
3.454287528991699219e+00 4.501607418060302734e-01 4.221457004547119141e+00
3.449709415435791016e+00 4.373573362827301025e-01 4.460680484771728516e+00
3.443040132522583008e+00 3.886020183563232422e-01 4.720759391784667969e+00
3.439718484878540039e+00 2.951952517032623291e-01 4.999357700347900391e+00
3.443632841110229492e+00 1.513291597366333008e-01 5.281846523284912109e+00
3.456145524978637695e+00 -4.575300216674804688e-02 5.557014942169189453e+00
3.478230237960815430e+00 -2.905299961566925049e-01 5.812159538269042969e+00
3.508137702941894531e+00 -5.831603407859802246e-01 6.040097713470458984e+00
3.536729574203491211e+00 -9.109877347946166992e-01 6.235408306121826172e+00
3.549380064010620117e+00 -1.262737989425659180e+00 6.396723270416259766e+00
3.529738903045654297e+00 -1.625481486320495605e+00 6.523573875427246094e+00
3.465597629547119141e+00 -1.981862545013427734e+00 6.617181777954101562e+00
3.360202074050903320e+00 -2.316275596618652344e+00 6.680434703826904297e+00
3.220956802368164062e+00 -2.622409343719482422e+00 6.712022781372070312e+00
3.064874172210693359e+00 -2.895379304885864258e+00 6.715116500854492188e+00
2.904080867767333984e+00 -3.132782697677612305e+00 6.690021991729736328e+00
2.750003576278686523e+00 -3.332993268966674805e+00 6.645804405212402344e+00
2.607032537460327148e+00 -3.499812364578247070e+00 6.585976123809814453e+00
2.479579687118530273e+00 -3.635599374771118164e+00 6.507495880126953125e+00
2.368785142898559570e+00 -3.739759683609008789e+00 6.409856319427490234e+00
2.274200677871704102e+00 -3.818307876586914062e+00 6.298136711120605469e+00
2.196623563766479492e+00 -3.874845027923583984e+00 6.167741298675537109e+00
2.136776208877563477e+00 -3.908778667449951172e+00 6.017804145812988281e+00
2.090853452682495117e+00 -3.922973871231079102e+00 5.847074508666992188e+00
2.060918331146240234e+00 -3.923375844955444336e+00 5.658049106597900391e+00
2.045436382293701172e+00 -3.910916328430175781e+00 5.444797039031982422e+00
2.048262596130371094e+00 -3.881369113922119141e+00 5.205099105834960938e+00
2.069470405578613281e+00 -3.840564489364624023e+00 4.937352180480957031e+00
2.111204862594604492e+00 -3.788160085678100586e+00 4.643391132354736328e+00
2.179830074310302734e+00 -3.724957704544067383e+00 4.326518058776855469e+00
2.275578022003173828e+00 -3.651424646377563477e+00 3.985089302062988281e+00
2.398944616317749023e+00 -3.566232204437255859e+00 3.626195192337036133e+00
2.553101539611816406e+00 -3.474049091339111328e+00 3.231388092041015625e+00
2.740185737609863281e+00 -3.368008375167846680e+00 2.795441150665283203e+00
2.936592102050781250e+00 -3.244745016098022461e+00 2.318728685379028320e+00
3.097339630126953125e+00 -3.081177234649658203e+00 1.893344044685363770e+00
3.241606950759887695e+00 -2.895975351333618164e+00 1.538566470146179199e+00
3.388864994049072266e+00 -2.716344833374023438e+00 1.234161019325256348e+00
3.542602300643920898e+00 -2.556075572967529297e+00 9.540997147560119629e-01
3.693624973297119141e+00 -2.414665699005126953e+00 6.821665167808532715e-01
3.836164474487304688e+00 -2.292878627777099609e+00 4.220950603485107422e-01
3.960481405258178711e+00 -2.187643289566040039e+00 1.785288751125335693e-01
4.070939540863037109e+00 -2.099958896636962891e+00 -3.711546957492828369e-02
4.159151554107666016e+00 -2.027428627014160156e+00 -2.252384424209594727e-01
4.230682849884033203e+00 -1.962552547454833984e+00 -3.900603652000427246e-01
4.285301208496093750e+00 -1.907065868377685547e+00 -5.345954298973083496e-01
4.320193290710449219e+00 -1.862203478813171387e+00 -6.570161581039428711e-01
4.336809158325195312e+00 -1.827065587043762207e+00 -7.596880793571472168e-01
4.336473464965820312e+00 -1.801694273948669434e+00 -8.440881371498107910e-01
4.320518016815185547e+00 -1.781477212905883789e+00 -9.117872118949890137e-01
4.293590545654296875e+00 -1.767487645149230957e+00 -9.686503410339355469e-01
4.252520084381103516e+00 -1.756068229675292969e+00 -1.013903379440307617e+00
4.194453239440917969e+00 -1.752140164375305176e+00 -1.052180528640747070e+00
4.116478443145751953e+00 -1.751780390739440918e+00 -1.085843563079833984e+00
4.010201930999755859e+00 -1.761807322502136230e+00 -1.115662097930908203e+00
3.874704599380493164e+00 -1.784364461898803711e+00 -1.137406110763549805e+00
3.711558818817138672e+00 -1.820408582687377930e+00 -1.150601625442504883e+00
3.523053646087646484e+00 -1.867830991744995117e+00 -1.159641265869140625e+00
3.307112216949462891e+00 -1.924988150596618652e+00 -1.171754717826843262e+00
3.063449382781982422e+00 -1.991610169410705566e+00 -1.178032159805297852e+00
2.796489477157592773e+00 -2.061880588531494141e+00 -1.188783049583435059e+00
2.509645462036132812e+00 -2.135611057281494141e+00 -1.203680872917175293e+00
2.211859464645385742e+00 -2.207392930984497070e+00 -1.222822904586791992e+00
1.908249378204345703e+00 -2.275178909301757812e+00 -1.244115591049194336e+00
1.600772500038146973e+00 -2.337766647338867188e+00 -1.267992377281188965e+00
1.291957616806030273e+00 -2.394856214523315430e+00 -1.293599963188171387e+00
9.869548082351684570e-01 -2.447657823562622070e+00 -1.319201588630676270e+00
6.827958822250366211e-01 -2.498028993606567383e+00 -1.342494726181030273e+00
3.817324638366699219e-01 -2.545804977416992188e+00 -1.362261056900024414e+00
7.726739346981048584e-02 -2.593664884567260742e+00 -1.376544237136840820e+00
-2.153956890106201172e-01 -2.639729976654052734e+00 -1.386186242103576660e+00
-5.182759761810302734e-01 -2.686995506286621094e+00 -1.386906862258911133e+00
-8.243281245231628418e-01 -2.734711408615112305e+00 -1.380444765090942383e+00
-1.121416091918945312e+00 -2.781273126602172852e+00 -1.369430065155029297e+00
-1.423847079277038574e+00 -2.830890178680419922e+00 -1.352863073348999023e+00
-1.718131542205810547e+00 -2.879261255264282227e+00 -1.333011865615844727e+00
-1.992653012275695801e+00 -2.925483226776123047e+00 -1.310060739517211914e+00
-2.259154081344604492e+00 -2.972947120666503906e+00 -1.286329865455627441e+00
-2.503555297851562500e+00 -3.020094633102416992e+00 -1.264185070991516113e+00
-2.730081796646118164e+00 -3.068869590759277344e+00 -1.245771050453186035e+00
-2.937471628189086914e+00 -3.121723890304565430e+00 -1.232438325881958008e+00
-3.127819061279296875e+00 -3.179306268692016602e+00 -1.224369764328002930e+00
-3.299046039581298828e+00 -3.241451501846313477e+00 -1.222857832908630371e+00
-3.457679271697998047e+00 -3.308971881866455078e+00 -1.230589985847473145e+00
-3.609450578689575195e+00 -3.378353834152221680e+00 -1.241183161735534668e+00
-3.743792295455932617e+00 -3.445946931838989258e+00 -1.255867362022399902e+00
-3.861635684967041016e+00 -3.514193534851074219e+00 -1.269522905349731445e+00
-3.980127334594726562e+00 -3.583782196044921875e+00 -1.286248683929443359e+00
-4.091333389282226562e+00 -3.650620222091674805e+00 -1.302159547805786133e+00
-4.197875976562500000e+00 -3.718859195709228516e+00 -1.318325877189636230e+00
-4.302026748657226562e+00 -3.785881042480468750e+00 -1.334178090095520020e+00
-4.404320240020751953e+00 -3.852791547775268555e+00 -1.350021958351135254e+00
-4.505271911621093750e+00 -3.920561552047729492e+00 -1.363907933235168457e+00
-4.603340625762939453e+00 -3.976620912551879883e+00 -1.385376095771789551e+00
-4.706425189971923828e+00 -4.043572902679443359e+00 -1.402630209922790527e+00
-4.811326980590820312e+00 -4.112843513488769531e+00 -1.417695164680480957e+00
-4.916351795196533203e+00 -4.183823585510253906e+00 -1.433225631713867188e+00
-5.026409149169921875e+00 -4.252849102020263672e+00 -1.452315449714660645e+00
-5.137853622436523438e+00 -4.334621429443359375e+00 -1.462770104408264160e+00
-5.260229110717773438e+00 -4.387649536132812500e+00 -1.488974809646606445e+00
-5.366533279418945312e+00 -4.469263076782226562e+00 -1.505229949951171875e+00
-5.490467548370361328e+00 -4.531300544738769531e+00 -1.526084184646606445e+00
-5.575379371643066406e+00 -4.664921760559082031e+00 -1.540880441665649414e+00
-5.687674045562744141e+00 -4.751584529876708984e+00 -1.525918364524841309e+00
-5.844469547271728516e+00 -4.768852233886718750e+00 -1.431998372077941895e+00
-5.983903408050537109e+00 -4.776789665222167969e+00 -1.412133693695068359e+00
-5.937033653259277344e+00 -4.974287509918212891e+00 -1.759074807167053223e+00
-6.031463623046875000e+00 -5.001979827880859375e+00 -1.871138215065002441e+00
-6.116824626922607422e+00 -5.034576416015625000e+00 -1.939548373222351074e+00
-6.441492557525634766e+00 -4.748209476470947266e+00 -1.527000069618225098e+00
-6.548100948333740234e+00 -4.717950344085693359e+00 -1.689221739768981934e+00
-6.637004375457763672e+00 -4.747369289398193359e+00 -1.596998572349548340e+00
-6.465357780456542969e+00 -5.088947296142578125e+00 -2.126924514770507812e+00
-6.809382915496826172e+00 -4.770001888275146484e+00 -1.709259629249572754e+00
-6.620885848999023438e+00 -5.140048027038574219e+00 -2.176969766616821289e+00
-6.725362300872802734e+00 -5.138750553131103516e+00 -2.183199405670166016e+00
-6.960764884948730469e+00 -5.004612922668457031e+00 -2.060193300247192383e+00
-7.107919692993164062e+00 -4.942349433898925781e+00 -1.775590062141418457e+00
-7.162619113922119141e+00 -4.995398998260498047e+00 -1.723642349243164062e+00
-6.899546146392822266e+00 -5.405210494995117188e+00 -2.167231082916259766e+00
-7.204673290252685547e+00 -5.107316493988037109e+00 -1.593234896659851074e+00
-6.974234104156494141e+00 -5.515247344970703125e+00 -2.096608400344848633e+00
-7.095068931579589844e+00 -5.537165164947509766e+00 -2.025960206985473633e+00
-7.264263153076171875e+00 -5.501336097717285156e+00 -1.846837162971496582e+00
-7.307431697845458984e+00 -5.485733032226562500e+00 -1.659268140792846680e+00
-7.164443016052246094e+00 -5.424325942993164062e+00 -1.339188933372497559e+00
-7.132970333099365234e+00 -5.486424446105957031e+00 -1.289060354232788086e+00
-7.076957225799560547e+00 -5.543762683868408203e+00 -1.220708727836608887e+00
-7.122015476226806641e+00 -5.922424316406250000e+00 -1.730264067649841309e+00
-6.818477153778076172e+00 -6.040203094482421875e+00 -1.704518437385559082e+00
-6.808186054229736328e+00 -6.115665912628173828e+00 -1.663951516151428223e+00
-6.737902164459228516e+00 -6.168902397155761719e+00 -1.575777053833007812e+00
-6.681653022766113281e+00 -6.215065002441406250e+00 -1.473268389701843262e+00
-6.768091201782226562e+00 -6.018476009368896484e+00 -1.034294962882995605e+00
-6.791340827941894531e+00 -6.079800605773925781e+00 -9.773974418640136719e-01
-6.742899894714355469e+00 -6.189291477203369141e+00 -9.619668126106262207e-01
-6.700858592987060547e+00 -6.335052967071533203e+00 -9.861928224563598633e-01
-6.745537757873535156e+00 -6.415372371673583984e+00 -9.516294002532958984e-01
-6.975967407226562500e+00 -6.649671554565429688e+00 -1.258005976676940918e+00
-6.844871997833251953e+00 -6.675044059753417969e+00 -1.024853229522705078e+00
-6.874488353729248047e+00 -6.631596088409423828e+00 -8.140096664428710938e-01
-7.030848979949951172e+00 -6.826200962066650391e+00 -1.029676198959350586e+00
-7.175249099731445312e+00 -6.857884883880615234e+00 -1.034579634666442871e+00
-7.039051055908203125e+00 -6.816478252410888672e+00 -6.986391544342041016e-01
-7.370732307434082031e+00 -6.904895305633544922e+00 -9.659886360168457031e-01
-7.353340148925781250e+00 -6.974085807800292969e+00 -8.629560470581054688e-01
-7.274217128753662109e+00 -6.997739315032958984e+00 -6.489907503128051758e-01
-7.369542598724365234e+00 -7.027088642120361328e+00 -6.202126741409301758e-01
-7.613434791564941406e+00 -6.984772205352783203e+00 -6.934561729431152344e-01
-7.662447929382324219e+00 -6.996807575225830078e+00 -6.079182028770446777e-01
-7.684491157531738281e+00 -7.087919712066650391e+00 -5.299449563026428223e-01
-7.776970386505126953e+00 -7.054950237274169922e+00 -4.564801454544067383e-01
-7.821217536926269531e+00 -7.054645538330078125e+00 -3.545903861522674561e-01
-7.867876529693603516e+00 -7.058427333831787109e+00 -2.575415372848510742e-01
-7.927250862121582031e+00 -7.062175750732421875e+00 -1.634823679924011230e-01
-7.977888584136962891e+00 -7.083577156066894531e+00 -6.327100098133087158e-02
-8.040428161621093750e+00 -7.092652320861816406e+00 3.582660108804702759e-02
-8.125371932983398438e+00 -7.107875347137451172e+00 1.249458268284797668e-01
-8.182924270629882812e+00 -7.129029273986816406e+00 2.297351211309432983e-01
-8.248579025268554688e+00 -7.169364929199218750e+00 3.297777771949768066e-01
-8.307389259338378906e+00 -7.184894561767578125e+00 4.415258169174194336e-01
-8.366876602172851562e+00 -7.204075813293457031e+00 5.509318709373474121e-01
-8.426508903503417969e+00 -7.219635009765625000e+00 6.603295207023620605e-01
-8.485145568847656250e+00 -7.241355895996093750e+00 7.639418244361877441e-01
-8.543316841125488281e+00 -7.261593818664550781e+00 8.652645349502563477e-01
-8.598155975341796875e+00 -7.280299663543701172e+00 9.650891423225402832e-01
-8.652819633483886719e+00 -7.302443504333496094e+00 1.059318780899047852e+00
-8.699068069458007812e+00 -7.319396018981933594e+00 1.153667330741882324e+00
-8.744189262390136719e+00 -7.331968307495117188e+00 1.243763804435729980e+00
-8.785576820373535156e+00 -7.340114593505859375e+00 1.333223581314086914e+00
-8.819695472717285156e+00 -7.345035076141357422e+00 1.422431111335754395e+00
-8.845553398132324219e+00 -7.353040695190429688e+00 1.512632369995117188e+00
-8.863897323608398438e+00 -7.361780166625976562e+00 1.605386137962341309e+00
-8.876103401184082031e+00 -7.363867282867431641e+00 1.698003768920898438e+00
-8.880880355834960938e+00 -7.364517211914062500e+00 1.794150114059448242e+00
-8.880745887756347656e+00 -7.358958244323730469e+00 1.888577699661254883e+00
-8.875367164611816406e+00 -7.360140800476074219e+00 1.990143418312072754e+00
-8.865162849426269531e+00 -7.360419273376464844e+00 2.095769166946411133e+00
-8.862532615661621094e+00 -7.360045433044433594e+00 2.207441806793212891e+00
-8.853166580200195312e+00 -7.358684539794921875e+00 2.323814868927001953e+00
-8.841500282287597656e+00 -7.357949256896972656e+00 2.444444894790649414e+00
-8.832364082336425781e+00 -7.358615875244140625e+00 2.571877002716064453e+00
-8.820942878723144531e+00 -7.359743595123291016e+00 2.704225540161132812e+00
-8.809772491455078125e+00 -7.360122203826904297e+00 2.841270923614501953e+00
-8.796693801879882812e+00 -7.361949443817138672e+00 2.980377674102783203e+00
-8.782111167907714844e+00 -7.362179279327392578e+00 3.121286869049072266e+00
-8.766222000122070312e+00 -7.366044998168945312e+00 3.261567354202270508e+00
-8.750799179077148438e+00 -7.368694782257080078e+00 3.396976470947265625e+00
-8.732342720031738281e+00 -7.370734691619873047e+00 3.529600143432617188e+00
-8.714558601379394531e+00 -7.372068881988525391e+00 3.659218549728393555e+00
-8.693201065063476562e+00 -7.374263286590576172e+00 3.786106824874877930e+00
-8.675063133239746094e+00 -7.374185085296630859e+00 3.905151844024658203e+00
-8.654007911682128906e+00 -7.370743751525878906e+00 4.020838260650634766e+00
-8.614583015441894531e+00 -7.359074115753173828e+00 4.129425525665283203e+00
-8.584686279296875000e+00 -7.350162029266357422e+00 4.238543510437011719e+00
-8.551767349243164062e+00 -7.336836338043212891e+00 4.343274116516113281e+00
-8.513021469116210938e+00 -7.317446231842041016e+00 4.443939685821533203e+00
-8.476402282714843750e+00 -7.289391994476318359e+00 4.539552211761474609e+00
-8.431782722473144531e+00 -7.258093833923339844e+00 4.636565685272216797e+00
-8.374209403991699219e+00 -7.201436519622802734e+00 4.712971210479736328e+00
-8.307450294494628906e+00 -7.160025596618652344e+00 4.794128894805908203e+00
-8.259931564331054688e+00 -7.098722457885742188e+00 4.870089530944824219e+00
-8.193017005920410156e+00 -7.042132854461669922e+00 4.941151618957519531e+00
-8.129563331604003906e+00 -6.976755619049072266e+00 5.007678508758544922e+00
-8.065307617187500000e+00 -6.908048629760742188e+00 5.072838306427001953e+00
-7.989497661590576172e+00 -6.818528175354003906e+00 5.112920284271240234e+00
-7.928505420684814453e+00 -6.733650207519531250e+00 5.165277481079101562e+00
-7.857715606689453125e+00 -6.651001453399658203e+00 5.210947513580322266e+00
-7.790443420410156250e+00 -6.561039447784423828e+00 5.241882801055908203e+00
-7.733303546905517578e+00 -6.467864513397216797e+00 5.266236305236816406e+00
-7.663908958435058594e+00 -6.373939037322998047e+00 5.287423133850097656e+00
-7.601611137390136719e+00 -6.281863212585449219e+00 5.292830467224121094e+00
-7.543503761291503906e+00 -6.187461376190185547e+00 5.285104274749755859e+00
-7.492107391357421875e+00 -6.089725971221923828e+00 5.271732330322265625e+00
-7.438775539398193359e+00 -5.991806030273437500e+00 5.248840332031250000e+00
-7.396019458770751953e+00 -5.894603729248046875e+00 5.215449333190917969e+00
-7.359922409057617188e+00 -5.795109272003173828e+00 5.177063941955566406e+00
-7.323591232299804688e+00 -5.693336963653564453e+00 5.137475490570068359e+00
-7.298546791076660156e+00 -5.595441341400146484e+00 5.064733028411865234e+00
-7.276996612548828125e+00 -5.495605468750000000e+00 4.988024234771728516e+00
-7.271189689636230469e+00 -5.394611835479736328e+00 4.907003879547119141e+00
-7.283582210540771484e+00 -5.290746688842773438e+00 4.819872856140136719e+00
-7.281737327575683594e+00 -5.185160160064697266e+00 4.725043773651123047e+00
-7.299218654632568359e+00 -5.083517551422119141e+00 4.622128486633300781e+00
-7.321782112121582031e+00 -4.983092308044433594e+00 4.513452053070068359e+00
-7.344326496124267578e+00 -4.882445335388183594e+00 4.403055667877197266e+00
-7.372393608093261719e+00 -4.788130760192871094e+00 4.294657707214355469e+00
-7.433084011077880859e+00 -4.696575641632080078e+00 4.202861309051513672e+00
-7.467928409576416016e+00 -4.608590602874755859e+00 4.102614879608154297e+00
-7.519142627716064453e+00 -4.531548976898193359e+00 4.009511947631835938e+00
-7.562442302703857422e+00 -4.455222129821777344e+00 3.922466754913330078e+00
-7.605955600738525391e+00 -4.378758430480957031e+00 3.843872070312500000e+00
-7.661067008972167969e+00 -4.313727855682373047e+00 3.773933887481689453e+00
-7.720843315124511719e+00 -4.252843379974365234e+00 3.713180065155029297e+00
-7.793964862823486328e+00 -4.209913730621337891e+00 3.659141540527343750e+00
-7.854154109954833984e+00 -4.160930156707763672e+00 3.635780811309814453e+00
-7.926714897155761719e+00 -4.113410949707031250e+00 3.618694782257080078e+00
-8.013464927673339844e+00 -4.092061519622802734e+00 3.608924627304077148e+00
-8.083697319030761719e+00 -4.045845031738281250e+00 3.632169246673583984e+00
-8.161975860595703125e+00 -4.015478134155273438e+00 3.658590793609619141e+00
-8.239013671875000000e+00 -3.995274543762207031e+00 3.706535577774047852e+00
-8.314672470092773438e+00 -3.980284690856933594e+00 3.768666744232177734e+00
-8.391448020935058594e+00 -3.969826936721801758e+00 3.844548225402832031e+00
-8.459211349487304688e+00 -3.962823867797851562e+00 3.936117887496948242e+00
-8.529190063476562500e+00 -3.961704015731811523e+00 4.039614200592041016e+00
-8.609704971313476562e+00 -3.977648496627807617e+00 4.141194343566894531e+00
-8.689972877502441406e+00 -3.963635921478271484e+00 4.247708320617675781e+00
-8.777112007141113281e+00 -3.979737997055053711e+00 4.364348411560058594e+00
-8.864679336547851562e+00 -3.996315479278564453e+00 4.492407798767089844e+00
-8.953511238098144531e+00 -4.019869804382324219e+00 4.616374015808105469e+00
-9.043222427368164062e+00 -4.045049667358398438e+00 4.736688137054443359e+00
-9.130887985229492188e+00 -4.074844837188720703e+00 4.851727485656738281e+00
-9.218001365661621094e+00 -4.113399505615234375e+00 4.955837726593017578e+00
-9.299798011779785156e+00 -4.160623073577880859e+00 5.047256469726562500e+00
-9.381485939025878906e+00 -4.218300819396972656e+00 5.119720935821533203e+00
-9.497488975524902344e+00 -4.220034122467041016e+00 5.173989772796630859e+00
-9.580271720886230469e+00 -4.276535034179687500e+00 5.240202903747558594e+00
-9.642167091369628906e+00 -4.342842102050781250e+00 5.315745353698730469e+00
-9.679825782775878906e+00 -4.404637813568115234e+00 5.402806758880615234e+00
-9.699865341186523438e+00 -4.451979160308837891e+00 5.497562408447265625e+00
-9.744748115539550781e+00 -4.463863372802734375e+00 5.574967861175537109e+00
-9.786775588989257812e+00 -4.452538967132568359e+00 5.647906303405761719e+00
-9.805525779724121094e+00 -4.441624164581298828e+00 5.725108623504638672e+00
-9.799793243408203125e+00 -4.430706977844238281e+00 5.808616638183593750e+00
-9.914800643920898438e+00 -4.211863040924072266e+00 5.807394504547119141e+00
-9.909907341003417969e+00 -4.129058361053466797e+00 5.868968009948730469e+00
-9.886556625366210938e+00 -4.036772251129150391e+00 5.914277553558349609e+00
-9.837546348571777344e+00 -3.927520751953125000e+00 5.962900161743164062e+00
-9.767374038696289062e+00 -3.879669189453125000e+00 6.036385536193847656e+00
-9.653560638427734375e+00 -4.154628276824951172e+00 6.245223045349121094e+00
-9.612823486328125000e+00 -4.086018085479736328e+00 6.317089080810546875e+00
-9.576945304870605469e+00 -3.744814157485961914e+00 6.281641960144042969e+00
-9.518591880798339844e+00 -3.727376461029052734e+00 6.383993625640869141e+00
-9.443255424499511719e+00 -3.659641027450561523e+00 6.465881347656250000e+00
-9.402338027954101562e+00 -3.631171941757202148e+00 6.577966690063476562e+00
-9.377706527709960938e+00 -3.627327442169189453e+00 6.705446720123291016e+00
-9.377998352050781250e+00 -3.660438776016235352e+00 6.857057571411132812e+00
-9.300692558288574219e+00 -3.610939979553222656e+00 6.940677642822265625e+00
-9.259212493896484375e+00 -3.585419654846191406e+00 7.049878597259521484e+00
-9.229977607727050781e+00 -3.700378179550170898e+00 7.184700489044189453e+00
-9.180239677429199219e+00 -3.703607320785522461e+00 7.290398120880126953e+00
-9.083507537841796875e+00 -3.498793601989746094e+00 7.321577548980712891e+00
-9.016713142395019531e+00 -3.508783817291259766e+00 7.402544021606445312e+00
-8.974234580993652344e+00 -3.730839967727661133e+00 7.520263671875000000e+00
-8.893845558166503906e+00 -3.703459024429321289e+00 7.577163696289062500e+00
-8.804949760437011719e+00 -3.635179042816162109e+00 7.623790264129638672e+00
-8.710969924926757812e+00 -3.616192340850830078e+00 7.660518646240234375e+00
-8.621564865112304688e+00 -3.731573104858398438e+00 7.702627182006835938e+00
-8.522451400756835938e+00 -3.829882860183715820e+00 7.713037490844726562e+00
-8.416381835937500000e+00 -3.813950061798095703e+00 7.724793910980224609e+00
-8.306446075439453125e+00 -3.674717426300048828e+00 7.721075534820556641e+00
-8.195873260498046875e+00 -3.669924259185791016e+00 7.718187332153320312e+00
-8.086153030395507812e+00 -3.751344203948974609e+00 7.697535991668701172e+00
-7.975059032440185547e+00 -3.815596342086791992e+00 7.666112899780273438e+00
-7.862536430358886719e+00 -3.804948091506958008e+00 7.639710903167724609e+00
-7.747243881225585938e+00 -3.805680274963378906e+00 7.612153530120849609e+00
-7.640043258666992188e+00 -3.783446550369262695e+00 7.558577060699462891e+00
-7.533770561218261719e+00 -3.764253616333007812e+00 7.503179550170898438e+00
-7.430955410003662109e+00 -3.745765447616577148e+00 7.441567420959472656e+00
-7.327022075653076172e+00 -3.727072715759277344e+00 7.377888679504394531e+00
-7.235145092010498047e+00 -3.707072973251342773e+00 7.304236412048339844e+00
-7.146834373474121094e+00 -3.688368082046508789e+00 7.225482940673828125e+00
-7.063686370849609375e+00 -3.664613723754882812e+00 7.143492698669433594e+00
-6.978943347930908203e+00 -3.642187356948852539e+00 7.071551799774169922e+00
-6.905267238616943359e+00 -3.609485626220703125e+00 6.981927871704101562e+00
-6.838060855865478516e+00 -3.570984363555908203e+00 6.889311313629150391e+00
-6.774901390075683594e+00 -3.526403427124023438e+00 6.792225360870361328e+00
-6.713314533233642578e+00 -3.478919267654418945e+00 6.694602012634277344e+00
-6.653164863586425781e+00 -3.427165269851684570e+00 6.596194744110107422e+00
-6.600584983825683594e+00 -3.363054275512695312e+00 6.494404315948486328e+00
-6.540545940399169922e+00 -3.315959453582763672e+00 6.388126373291015625e+00
-6.485265731811523438e+00 -3.241872549057006836e+00 6.284608840942382812e+00
-6.428377628326416016e+00 -3.163544893264770508e+00 6.180167198181152344e+00
-6.373523235321044922e+00 -3.078935146331787109e+00 6.075468540191650391e+00
-6.319753170013427734e+00 -2.990605831146240234e+00 5.972433090209960938e+00
-6.266908645629882812e+00 -2.901192426681518555e+00 5.871417045593261719e+00
-6.214800357818603516e+00 -2.806110382080078125e+00 5.769263267517089844e+00
-6.165075302124023438e+00 -2.712537050247192383e+00 5.669774055480957031e+00
-6.117454528808593750e+00 -2.624828338623046875e+00 5.576821804046630859e+00
-6.070943832397460938e+00 -2.535403966903686523e+00 5.483854293823242188e+00
-6.025580406188964844e+00 -2.445474147796630859e+00 5.392187595367431641e+00
-5.980500221252441406e+00 -2.359054565429687500e+00 5.302820205688476562e+00
-5.935592651367187500e+00 -2.273380756378173828e+00 5.214841365814208984e+00
-5.888725280761718750e+00 -2.185798406600952148e+00 5.126277923583984375e+00
-5.836924552917480469e+00 -2.097641229629516602e+00 5.034505367279052734e+00
-5.783634185791015625e+00 -2.008532524108886719e+00 4.943272113800048828e+00
-5.723329067230224609e+00 -1.912749409675598145e+00 4.846562862396240234e+00
-5.654767990112304688e+00 -1.809873223304748535e+00 4.744885921478271484e+00
-5.581258296966552734e+00 -1.705004692077636719e+00 4.639907360076904297e+00
-5.499387264251708984e+00 -1.590475320816040039e+00 4.530345439910888672e+00
-5.411307811737060547e+00 -1.474770784378051758e+00 4.415935039520263672e+00
-5.323122024536132812e+00 -1.361114740371704102e+00 4.307121753692626953e+00
-5.232563972473144531e+00 -1.249208331108093262e+00 4.202014923095703125e+00
-5.144421577453613281e+00 -1.141431093215942383e+00 4.102759361267089844e+00
-5.052721023559570312e+00 -1.035466790199279785e+00 4.006162643432617188e+00
-4.942207336425781250e+00 -9.201583266258239746e-01 3.904707193374633789e+00
1.925385713577270508e+00 5.261418819427490234e+00 -4.339669227600097656e+00
2.066306829452514648e+00 5.381172180175781250e+00 -4.346088886260986328e+00
2.192641973495483398e+00 5.501374721527099609e+00 -4.351335048675537109e+00
2.324542760848999023e+00 5.639643192291259766e+00 -4.358457088470458984e+00
2.458277463912963867e+00 5.798084259033203125e+00 -4.370317935943603516e+00
2.606701135635375977e+00 5.992771625518798828e+00 -4.392532348632812500e+00
2.756671428680419922e+00 6.210949420928955078e+00 -4.424515724182128906e+00
2.907546997070312500e+00 6.446472167968750000e+00 -4.465824127197265625e+00
3.060983896255493164e+00 6.690418243408203125e+00 -4.513182163238525391e+00
3.215548276901245117e+00 6.931647300720214844e+00 -4.560727596282958984e+00
3.376324415206909180e+00 7.177946567535400391e+00 -4.605822086334228516e+00
3.544934511184692383e+00 7.413070201873779297e+00 -4.639360427856445312e+00
3.714347600936889648e+00 7.632134914398193359e+00 -4.662004470825195312e+00
3.877204895019531250e+00 7.832114219665527344e+00 -4.670038700103759766e+00
4.034133911132812500e+00 8.019805908203125000e+00 -4.670039653778076172e+00
4.182241439819335938e+00 8.183830261230468750e+00 -4.657434463500976562e+00
4.314020633697509766e+00 8.323543548583984375e+00 -4.638823032379150391e+00
4.434422016143798828e+00 8.446466445922851562e+00 -4.609007835388183594e+00
4.544459342956542969e+00 8.553577423095703125e+00 -4.583421230316162109e+00
4.638254642486572266e+00 8.648199081420898438e+00 -4.554502964019775391e+00
4.721149921417236328e+00 8.731481552124023438e+00 -4.524300575256347656e+00
4.797866344451904297e+00 8.800409317016601562e+00 -4.490353107452392578e+00
4.872187137603759766e+00 8.865545272827148438e+00 -4.453540325164794922e+00
4.943270206451416016e+00 8.920574188232421875e+00 -4.412970542907714844e+00
5.009536743164062500e+00 8.969724655151367188e+00 -4.366232395172119141e+00
5.076111793518066406e+00 9.011952400207519531e+00 -4.315122127532958984e+00
5.143290996551513672e+00 9.046007156372070312e+00 -4.257018089294433594e+00
5.208533287048339844e+00 9.074633598327636719e+00 -4.191137790679931641e+00
5.271697998046875000e+00 9.095500946044921875e+00 -4.117368698120117188e+00
5.341840744018554688e+00 9.110896110534667969e+00 -4.038234233856201172e+00
5.410134315490722656e+00 9.117239952087402344e+00 -3.951464414596557617e+00
5.476314544677734375e+00 9.118994712829589844e+00 -3.858086347579956055e+00
5.547363758087158203e+00 9.115787506103515625e+00 -3.760692358016967773e+00
5.618795394897460938e+00 9.104567527770996094e+00 -3.658215522766113281e+00
5.698562145233154297e+00 9.095255851745605469e+00 -3.552826642990112305e+00
5.765699386596679688e+00 9.070120811462402344e+00 -3.442932844161987305e+00
5.833371162414550781e+00 9.037722587585449219e+00 -3.327861070632934570e+00
5.899408817291259766e+00 8.997468948364257812e+00 -3.209781408309936523e+00
5.966195106506347656e+00 8.952078819274902344e+00 -3.090874910354614258e+00
6.028409481048583984e+00 8.900553703308105469e+00 -2.972745656967163086e+00
6.087047576904296875e+00 8.841970443725585938e+00 -2.854124307632446289e+00
6.144222259521484375e+00 8.776913642883300781e+00 -2.737558603286743164e+00
6.195425510406494141e+00 8.710345268249511719e+00 -2.628210544586181641e+00
6.244800567626953125e+00 8.635911941528320312e+00 -2.516159534454345703e+00
6.291961669921875000e+00 8.546736717224121094e+00 -2.406722068786621094e+00
6.337402343750000000e+00 8.455633163452148438e+00 -2.297761678695678711e+00
6.380206108093261719e+00 8.354718208312988281e+00 -2.193180322647094727e+00
6.420900821685791016e+00 8.246368408203125000e+00 -2.093918323516845703e+00
6.461247920989990234e+00 8.126081466674804688e+00 -1.997802972793579102e+00
6.498824596405029297e+00 7.997048854827880859e+00 -1.909171581268310547e+00
6.533530712127685547e+00 7.855817317962646484e+00 -1.829610347747802734e+00
6.568697929382324219e+00 7.699560642242431641e+00 -1.761619925498962402e+00
6.602133750915527344e+00 7.531432151794433594e+00 -1.706022500991821289e+00
6.631753444671630859e+00 7.347800731658935547e+00 -1.671458959579467773e+00
6.650534152984619141e+00 7.147370815277099609e+00 -1.656391024589538574e+00
6.657225608825683594e+00 6.942361831665039062e+00 -1.657730102539062500e+00
6.643482208251953125e+00 6.727464199066162109e+00 -1.691522479057312012e+00
6.607552051544189453e+00 6.505949497222900391e+00 -1.753713011741638184e+00
6.555269241333007812e+00 6.285312175750732422e+00 -1.841424226760864258e+00
6.479461669921875000e+00 6.067446708679199219e+00 -1.954356312751770020e+00
6.383331775665283203e+00 5.854952812194824219e+00 -2.082224607467651367e+00
6.263744354248046875e+00 5.654829978942871094e+00 -2.215265989303588867e+00
6.129145622253417969e+00 5.465250968933105469e+00 -2.348442792892456055e+00
5.983460903167724609e+00 5.295424938201904297e+00 -2.467988491058349609e+00
5.833311080932617188e+00 5.141463756561279297e+00 -2.582764148712158203e+00
5.683557033538818359e+00 5.007715225219726562e+00 -2.681684732437133789e+00
5.545127391815185547e+00 4.891169548034667969e+00 -2.766891479492187500e+00
5.406220912933349609e+00 4.795725345611572266e+00 -2.837113380432128906e+00
5.279710292816162109e+00 4.713257789611816406e+00 -2.897361516952514648e+00
5.159006595611572266e+00 4.646382808685302734e+00 -2.942632913589477539e+00
5.047497749328613281e+00 4.588183879852294922e+00 -2.981376171112060547e+00
4.937703609466552734e+00 4.542513370513916016e+00 -3.008255243301391602e+00
4.837127685546875000e+00 4.505595684051513672e+00 -3.025981664657592773e+00
4.739986419677734375e+00 4.478974342346191406e+00 -3.031717061996459961e+00
4.646754741668701172e+00 4.464044094085693359e+00 -3.026743888854980469e+00
4.561440467834472656e+00 4.460796356201171875e+00 -3.006765365600585938e+00
4.476455688476562500e+00 4.467679023742675781e+00 -2.976005554199218750e+00
4.399356365203857422e+00 4.485525131225585938e+00 -2.931990861892700195e+00
4.320012092590332031e+00 4.515174865722656250e+00 -2.875925540924072266e+00
4.243507385253906250e+00 4.551301479339599609e+00 -2.807726621627807617e+00
4.168817996978759766e+00 4.598354816436767578e+00 -2.723354339599609375e+00
4.102230072021484375e+00 4.655319690704345703e+00 -2.626603603363037109e+00
4.043308258056640625e+00 4.724456787109375000e+00 -2.513449430465698242e+00
3.987067222595214844e+00 4.802641391754150391e+00 -2.384546518325805664e+00
3.946844816207885742e+00 4.891664028167724609e+00 -2.242081642150878906e+00
3.919701814651489258e+00 4.991949081420898438e+00 -2.085402011871337891e+00
3.906665325164794922e+00 5.097573280334472656e+00 -1.923460125923156738e+00
3.914428949356079102e+00 5.209581375122070312e+00 -1.753251433372497559e+00
3.940796852111816406e+00 5.327994346618652344e+00 -1.582966804504394531e+00
3.987882852554321289e+00 5.447921276092529297e+00 -1.414060711860656738e+00
4.048614978790283203e+00 5.569223880767822266e+00 -1.252880334854125977e+00
4.127813816070556641e+00 5.688312530517578125e+00 -1.104343891143798828e+00
4.214361667633056641e+00 5.804300308227539062e+00 -9.646297097206115723e-01
4.307831287384033203e+00 5.917461872100830078e+00 -8.411220908164978027e-01
4.407116413116455078e+00 6.024765968322753906e+00 -7.325209975242614746e-01
4.508433341979980469e+00 6.128178596496582031e+00 -6.369916796684265137e-01
4.604215145111083984e+00 6.220060348510742188e+00 -5.502532124519348145e-01
4.702719211578369141e+00 6.311159133911132812e+00 -4.812937378883361816e-01
4.797749996185302734e+00 6.394103527069091797e+00 -4.212581813335418701e-01
4.887344837188720703e+00 6.475934028625488281e+00 -3.678400516510009766e-01
4.974165439605712891e+00 6.554493904113769531e+00 -3.232016861438751221e-01
5.057669639587402344e+00 6.632230281829833984e+00 -2.870715558528900146e-01
5.165097713470458984e+00 6.669890403747558594e+00 -2.477927953004837036e-01
5.248561382293701172e+00 6.731877326965332031e+00 -2.236402779817581177e-01
5.333931446075439453e+00 6.792042255401611328e+00 -2.051317095756530762e-01
5.417693614959716797e+00 6.860950946807861328e+00 -1.856484413146972656e-01
5.503840923309326172e+00 6.923924922943115234e+00 -1.732151359319686890e-01
5.590491294860839844e+00 6.974301815032958984e+00 -1.541716307401657104e-01
5.678172111511230469e+00 7.021891593933105469e+00 -1.347706019878387451e-01
5.763782978057861328e+00 7.060385704040527344e+00 -1.072870269417762756e-01
5.851361274719238281e+00 7.093311309814453125e+00 -7.578974962234497070e-02
5.941782474517822266e+00 7.098932743072509766e+00 -4.027200490236282349e-02
6.083620548248291016e+00 6.881807327270507812e+00 5.824607796967029572e-03
6.151302814483642578e+00 6.876792430877685547e+00 6.229677796363830566e-02
6.207285404205322266e+00 6.875664234161376953e+00 1.269359141588211060e-01
6.246566772460937500e+00 6.852648735046386719e+00 2.125093638896942139e-01
6.231108665466308594e+00 7.157780647277832031e+00 2.676617801189422607e-01
6.245269298553466797e+00 7.183589935302734375e+00 3.551156520843505859e-01
6.319222450256347656e+00 6.917266368865966797e+00 4.677335917949676514e-01
6.311280250549316406e+00 6.922093391418457031e+00 5.689569115638732910e-01
6.292012214660644531e+00 6.915690898895263672e+00 6.762819290161132812e-01
6.228393077850341797e+00 7.250038623809814453e+00 7.297250628471374512e-01
6.231097698211669922e+00 7.187246799468994141e+00 8.404712677001953125e-01
6.300267219543457031e+00 7.075988769531250000e+00 9.507212638854980469e-01
6.276947021484375000e+00 7.095160961151123047e+00 1.057390928268432617e+00
6.253401279449462891e+00 7.184747695922851562e+00 1.159324288368225098e+00
6.256114482879638672e+00 7.182628631591796875e+00 1.273455977439880371e+00
6.257496833801269531e+00 7.191332817077636719e+00 1.388234496116638184e+00
6.259082317352294922e+00 7.199012756347656250e+00 1.509206414222717285e+00
6.260008335113525391e+00 7.214962005615234375e+00 1.633029818534851074e+00
6.259080410003662109e+00 7.226870059967041016e+00 1.761604189872741699e+00
6.256811141967773438e+00 7.238959789276123047e+00 1.891776561737060547e+00
6.262745857238769531e+00 7.249704837799072266e+00 2.024940490722656250e+00
6.253602504730224609e+00 7.258595466613769531e+00 2.163872718811035156e+00
6.246648788452148438e+00 7.263785362243652344e+00 2.304038763046264648e+00
6.237203121185302734e+00 7.268188476562500000e+00 2.442784309387207031e+00
6.226222991943359375e+00 7.269253730773925781e+00 2.582902908325195312e+00
6.212777614593505859e+00 7.269946098327636719e+00 2.722604274749755859e+00
6.197778701782226562e+00 7.266319751739501953e+00 2.862509489059448242e+00
6.180030822753906250e+00 7.259386539459228516e+00 3.000820398330688477e+00
6.161210060119628906e+00 7.250919818878173828e+00 3.138154029846191406e+00
6.140270233154296875e+00 7.239297389984130859e+00 3.270389795303344727e+00
6.117640972137451172e+00 7.224428653717041016e+00 3.403917789459228516e+00
6.092729568481445312e+00 7.208039283752441406e+00 3.533391714096069336e+00
6.064565181732177734e+00 7.188525676727294922e+00 3.660717964172363281e+00
6.033950328826904297e+00 7.166898250579833984e+00 3.784875631332397461e+00
6.000604152679443359e+00 7.141503810882568359e+00 3.904921531677246094e+00
5.966345787048339844e+00 7.112884521484375000e+00 4.022393226623535156e+00
5.928714752197265625e+00 7.082887649536132812e+00 4.138071537017822266e+00
5.887829303741455078e+00 7.049562454223632812e+00 4.253400802612304688e+00
5.844858646392822266e+00 7.012752532958984375e+00 4.366797924041748047e+00
5.798581600189208984e+00 6.974318504333496094e+00 4.473479270935058594e+00
5.749714851379394531e+00 6.930848598480224609e+00 4.582643032073974609e+00
5.697481155395507812e+00 6.884663105010986328e+00 4.691110610961914062e+00
5.639922618865966797e+00 6.834493637084960938e+00 4.800030231475830078e+00
5.580954551696777344e+00 6.782619953155517578e+00 4.904023647308349609e+00
5.517182350158691406e+00 6.726795673370361328e+00 5.009229660034179688e+00
5.446680545806884766e+00 6.667229652404785156e+00 5.116619586944580078e+00
5.372072219848632812e+00 6.605631828308105469e+00 5.219862937927246094e+00
5.295306205749511719e+00 6.541966915130615234e+00 5.323582172393798828e+00
5.214836597442626953e+00 6.475411415100097656e+00 5.426249980926513672e+00
5.131418228149414062e+00 6.406434059143066406e+00 5.525965213775634766e+00
5.043042659759521484e+00 6.332701206207275391e+00 5.626236438751220703e+00
4.955191612243652344e+00 6.261932849884033203e+00 5.723936557769775391e+00
4.865751743316650391e+00 6.189086437225341797e+00 5.816956996917724609e+00
4.773300170898437500e+00 6.115291595458984375e+00 5.909624576568603516e+00
4.678888797760009766e+00 6.040447235107421875e+00 5.999254226684570312e+00
4.584405422210693359e+00 5.966570377349853516e+00 6.087787628173828125e+00
4.487846374511718750e+00 5.891549110412597656e+00 6.173597812652587891e+00
4.390520095825195312e+00 5.814875602722167969e+00 6.258042335510253906e+00
4.293625831604003906e+00 5.740113258361816406e+00 6.340887546539306641e+00
4.196405887603759766e+00 5.667990207672119141e+00 6.426000595092773438e+00
4.100382804870605469e+00 5.595279693603515625e+00 6.513081073760986328e+00
4.004527091979980469e+00 5.526189804077148438e+00 6.602788448333740234e+00
3.916206836700439453e+00 5.463693141937255859e+00 6.698939323425292969e+00
3.832684278488159180e+00 5.404145240783691406e+00 6.803515911102294922e+00
3.756111621856689453e+00 5.361488819122314453e+00 6.912917137145996094e+00
3.687744855880737305e+00 5.332304954528808594e+00 7.031782627105712891e+00
3.624490737915039062e+00 5.309040069580078125e+00 7.148108005523681641e+00
3.568935155868530273e+00 5.305002212524414062e+00 7.273301124572753906e+00
3.516884803771972656e+00 5.314333438873291016e+00 7.401013851165771484e+00
3.468700408935546875e+00 5.338257789611816406e+00 7.529510498046875000e+00
3.422541856765747070e+00 5.364958286285400391e+00 7.657602787017822266e+00
3.374841928482055664e+00 5.397592067718505859e+00 7.780446052551269531e+00
3.320879220962524414e+00 5.424293518066406250e+00 7.900122165679931641e+00
3.265381813049316406e+00 5.455849647521972656e+00 8.020273208618164062e+00
3.206132650375366211e+00 5.488029956817626953e+00 8.138732910156250000e+00
3.132584333419799805e+00 5.515767574310302734e+00 8.248665809631347656e+00
3.055090665817260742e+00 5.541227340698242188e+00 8.358332633972167969e+00
2.970638275146484375e+00 5.560819149017333984e+00 8.460637092590332031e+00
2.880049705505371094e+00 5.573077678680419922e+00 8.556113243103027344e+00
2.781028270721435547e+00 5.575411319732666016e+00 8.640421867370605469e+00
2.677993774414062500e+00 5.575725555419921875e+00 8.721422195434570312e+00
2.571064472198486328e+00 5.571568489074707031e+00 8.790798187255859375e+00
2.460113763809204102e+00 5.560899734497070312e+00 8.850956916809082031e+00
2.347284078598022461e+00 5.550010204315185547e+00 8.898013114929199219e+00
2.236733675003051758e+00 5.512221336364746094e+00 8.931244850158691406e+00
2.126713275909423828e+00 5.476166248321533203e+00 8.958154678344726562e+00
2.019133806228637695e+00 5.436009407043457031e+00 8.972430229187011719e+00
1.915022134780883789e+00 5.382536411285400391e+00 8.977007865905761719e+00
1.814015984535217285e+00 5.321108818054199219e+00 8.967951774597167969e+00
1.719342708587646484e+00 5.248960971832275391e+00 8.945666313171386719e+00
1.629534721374511719e+00 5.168537139892578125e+00 8.912107467651367188e+00
1.545222759246826172e+00 5.081671237945556641e+00 8.870688438415527344e+00
1.471022725105285645e+00 4.979274272918701172e+00 8.813056945800781250e+00
1.408149003982543945e+00 4.873385906219482422e+00 8.746183395385742188e+00
1.351805567741394043e+00 4.754311561584472656e+00 8.666663169860839844e+00
1.305415153503417969e+00 4.628538608551025391e+00 8.579477310180664062e+00
1.276460528373718262e+00 4.494863510131835938e+00 8.477000236511230469e+00
1.264071464538574219e+00 4.355377674102783203e+00 8.369021415710449219e+00
1.262871623039245605e+00 4.211441040039062500e+00 8.253213882446289062e+00
1.288486838340759277e+00 4.070539951324462891e+00 8.128216743469238281e+00
1.332154631614685059e+00 3.934233903884887695e+00 7.995737552642822266e+00
1.391974449157714844e+00 3.808176755905151367e+00 7.856279850006103516e+00
1.457476496696472168e+00 3.697909593582153320e+00 7.717279434204101562e+00
1.539159417152404785e+00 3.600312471389770508e+00 7.574615001678466797e+00
1.626020789146423340e+00 3.519923925399780273e+00 7.434654712677001953e+00
1.715334773063659668e+00 3.458289623260498047e+00 7.299211025238037109e+00
1.803359508514404297e+00 3.416410446166992188e+00 7.163121223449707031e+00
1.894747853279113770e+00 3.390708208084106445e+00 7.037487030029296875e+00
1.986822366714477539e+00 3.381877899169921875e+00 6.919876575469970703e+00
2.071238994598388672e+00 3.395062208175659180e+00 6.809931278228759766e+00
2.154291391372680664e+00 3.423228502273559570e+00 6.708383560180664062e+00
2.229718923568725586e+00 3.464724063873291016e+00 6.615748882293701172e+00
2.297841548919677734e+00 3.524370193481445312e+00 6.533465385437011719e+00
2.358669757843017578e+00 3.599667787551879883e+00 6.461629390716552734e+00
2.409519910812377930e+00 3.686439752578735352e+00 6.400452136993408203e+00
2.446804761886596680e+00 3.784959554672241211e+00 6.352982997894287109e+00
2.474588871002197266e+00 3.889495134353637695e+00 6.313048362731933594e+00
2.481623411178588867e+00 3.998385190963745117e+00 6.287661552429199219e+00
2.473729133605957031e+00 4.114907741546630859e+00 6.273350238800048828e+00
2.446355342864990234e+00 4.230733871459960938e+00 6.269845485687255859e+00
2.399909734725952148e+00 4.346920967102050781e+00 6.275230407714843750e+00
2.338454246520996094e+00 4.459178924560546875e+00 6.288171768188476562e+00
2.261207818984985352e+00 4.563976287841796875e+00 6.308771133422851562e+00
2.168386220932006836e+00 4.664898872375488281e+00 6.333818912506103516e+00
2.060385704040527344e+00 4.751009941101074219e+00 6.367212772369384766e+00
1.934123873710632324e+00 4.825410842895507812e+00 6.404585838317871094e+00
1.796169161796569824e+00 4.890815258026123047e+00 6.444864749908447266e+00
1.637651920318603516e+00 4.941847324371337891e+00 6.491826057434082031e+00
1.469930171966552734e+00 4.981513500213623047e+00 6.540412902832031250e+00
1.291092038154602051e+00 5.009206771850585938e+00 6.591207027435302734e+00
1.106034517288208008e+00 5.022499084472656250e+00 6.642091751098632812e+00
9.141356945037841797e-01 5.023565292358398438e+00 6.692847728729248047e+00
7.183134555816650391e-01 5.010582447052001953e+00 6.739814281463623047e+00
5.270748138427734375e-01 4.985024452209472656e+00 6.778414249420166016e+00
3.422313928604125977e-01 4.946898460388183594e+00 6.808460235595703125e+00
1.657740026712417603e-01 4.898378849029541016e+00 6.822858810424804688e+00
-2.827536081895232201e-03 4.845216751098632812e+00 6.827621936798095703e+00
-1.581161022186279297e-01 4.790471553802490234e+00 6.818745613098144531e+00
-3.001471757888793945e-01 4.734067440032958984e+00 6.796846866607666016e+00
-4.304416179656982422e-01 4.667068958282470703e+00 6.770246982574462891e+00
-5.475211143493652344e-01 4.609187602996826172e+00 6.731536388397216797e+00
-6.505835652351379395e-01 4.550238132476806641e+00 6.685815811157226562e+00
-7.403793334960937500e-01 4.488945960998535156e+00 6.635501384735107422e+00
-8.128091096878051758e-01 4.421881675720214844e+00 6.581038475036621094e+00
-8.655912280082702637e-01 4.354508876800537109e+00 6.526090145111083984e+00
-8.980398178100585938e-01 4.281544685363769531e+00 6.477605819702148438e+00
-9.176945686340332031e-01 4.203348636627197266e+00 6.429046154022216797e+00
-9.187722206115722656e-01 4.121001720428466797e+00 6.385072708129882812e+00
-9.014522433280944824e-01 4.034507274627685547e+00 6.341716766357421875e+00
-8.638935685157775879e-01 3.941982507705688477e+00 6.308845043182373047e+00
-8.109977245330810547e-01 3.847971677780151367e+00 6.277820110321044922e+00
-7.491747140884399414e-01 3.765136003494262695e+00 6.239314079284667969e+00
-6.595695018768310547e-01 3.672183275222778320e+00 6.208518981933593750e+00
-5.633332133293151855e-01 3.582028388977050781e+00 6.165132522583007812e+00
-4.423452615737915039e-01 3.493052482604980469e+00 6.129926681518554688e+00
-3.065870106220245361e-01 3.407175302505493164e+00 6.091643333435058594e+00
-1.624048203229904175e-01 3.318522453308105469e+00 6.046022891998291016e+00
-7.653479930013418198e-03 3.242737054824829102e+00 5.997809886932373047e+00
1.546821296215057373e-01 3.169818878173828125e+00 5.947662353515625000e+00
3.158509135246276855e-01 3.111911296844482422e+00 5.890048503875732422e+00
4.748401939868927002e-01 3.064859151840209961e+00 5.830952167510986328e+00
6.271018385887145996e-01 3.021222352981567383e+00 5.769419670104980469e+00
7.634561657905578613e-01 2.997903347015380859e+00 5.701868534088134766e+00
8.874491453170776367e-01 2.987618923187255859e+00 5.630106449127197266e+00
9.935856461524963379e-01 2.991596698760986328e+00 5.553487300872802734e+00
1.077926278114318848e+00 3.007364273071289062e+00 5.475793361663818359e+00
1.136870622634887695e+00 3.031090736389160156e+00 5.399829864501953125e+00
1.169854998588562012e+00 3.057132720947265625e+00 5.326689720153808594e+00
1.178579926490783691e+00 3.084874153137207031e+00 5.256119251251220703e+00
1.161534190177917480e+00 3.114611625671386719e+00 5.184161186218261719e+00
1.118341803550720215e+00 3.142844915390014648e+00 5.113940238952636719e+00
1.043067097663879395e+00 3.169966936111450195e+00 5.029074668884277344e+00
9.332678914070129395e-01 3.187747240066528320e+00 4.939370632171630859e+00
7.884216308593750000e-01 3.193875551223754883e+00 4.846143245697021484e+00
6.163637042045593262e-01 3.189341783523559570e+00 4.748917102813720703e+00
4.110787808895111084e-01 3.179043292999267578e+00 4.649491786956787109e+00
1.797225177288055420e-01 3.164251565933227539e+00 4.544094562530517578e+00
-7.035799324512481689e-02 3.138473272323608398e+00 4.429428100585937500e+00
-3.227598965167999268e-01 3.100941419601440430e+00 4.296627521514892578e+00
-5.688513517379760742e-01 3.044971704483032227e+00 4.136216640472412109e+00
-7.933912277221679688e-01 2.971951007843017578e+00 3.951879262924194336e+00
-1.010430097579956055e+00 2.881656408309936523e+00 3.743689298629760742e+00
-1.220458149909973145e+00 2.779488563537597656e+00 3.517018079757690430e+00
-1.420400261878967285e+00 2.671947956085205078e+00 3.284593820571899414e+00
-1.615187406539916992e+00 2.555535078048706055e+00 3.048183917999267578e+00
-1.805419087409973145e+00 2.434889554977416992e+00 2.810625076293945312e+00
-1.989473462104797363e+00 2.312730789184570312e+00 2.577823638916015625e+00
-2.173058509826660156e+00 2.191547632217407227e+00 2.349143266677856445e+00
-2.355512857437133789e+00 2.073644399642944336e+00 2.121946811676025391e+00
-2.539135217666625977e+00 1.961489319801330566e+00 1.895453810691833496e+00
-2.722649574279785156e+00 1.859044790267944336e+00 1.673821449279785156e+00
-2.903074979782104492e+00 1.765115618705749512e+00 1.453193306922912598e+00
-3.081863164901733398e+00 1.681351900100708008e+00 1.236117601394653320e+00
-3.251953363418579102e+00 1.615294694900512695e+00 1.024597167968750000e+00
-3.414859294891357422e+00 1.558229327201843262e+00 8.278778791427612305e-01
-3.564062595367431641e+00 1.512023925781250000e+00 6.492501497268676758e-01
-3.697413444519042969e+00 1.476647496223449707e+00 4.879404306411743164e-01
-3.814723730087280273e+00 1.454606771469116211e+00 3.480295836925506592e-01
-3.913727521896362305e+00 1.439655780792236328e+00 2.194019109010696411e-01
-3.991347551345825195e+00 1.436348199844360352e+00 1.039274632930755615e-01
-4.045934677124023438e+00 1.444725036621093750e+00 4.974249284714460373e-03
-4.081678390502929688e+00 1.461239695549011230e+00 -8.312872797250747681e-02
-4.100922584533691406e+00 1.486308097839355469e+00 -1.594583690166473389e-01
-4.104144096374511719e+00 1.520031213760375977e+00 -2.269724756479263306e-01
-4.090514183044433594e+00 1.564922213554382324e+00 -2.865067720413208008e-01
-4.061123847961425781e+00 1.623645663261413574e+00 -3.418729901313781738e-01
-4.017685890197753906e+00 1.696092605590820312e+00 -3.946203887462615967e-01
-3.956298828125000000e+00 1.783564090728759766e+00 -4.408240020275115967e-01
-3.868807077407836914e+00 1.898876070976257324e+00 -4.813301265239715576e-01
-3.765902280807495117e+00 2.032342910766601562e+00 -5.177229642868041992e-01
-3.643102407455444336e+00 2.189251899719238281e+00 -5.489564538002014160e-01
-3.504765748977661133e+00 2.366581678390502930e+00 -5.764527320861816406e-01
-3.349674224853515625e+00 2.571588277816772461e+00 -5.993452668190002441e-01
-3.178622722625732422e+00 2.794783353805541992e+00 -6.205322146415710449e-01
-3.002539396286010742e+00 3.033118247985839844e+00 -6.386677622795104980e-01
-2.813998460769653320e+00 3.282859802246093750e+00 -6.525176763534545898e-01
-2.614984989166259766e+00 3.537291049957275391e+00 -6.651499271392822266e-01
-2.411504268646240234e+00 3.792613744735717773e+00 -6.766042709350585938e-01
-2.211143970489501953e+00 4.036513328552246094e+00 -6.836200952529907227e-01
-2.003821372985839844e+00 4.279872417449951172e+00 -6.855196356773376465e-01
-1.799063682556152344e+00 4.517027378082275391e+00 -6.825136542320251465e-01
-1.597259402275085449e+00 4.747857093811035156e+00 -6.730850934982299805e-01
-1.399114847183227539e+00 4.974583148956298828e+00 -6.578061580657958984e-01
-1.206347942352294922e+00 5.198716640472412109e+00 -6.363241076469421387e-01
-1.019389033317565918e+00 5.421277046203613281e+00 -6.087189912796020508e-01
-8.401205539703369141e-01 5.637576580047607422e+00 -5.737028717994689941e-01
-6.656478643417358398e-01 5.857623577117919922e+00 -5.295001864433288574e-01
-5.032455921173095703e-01 6.062262058258056641e+00 -4.801610410213470459e-01
-3.447346091270446777e-01 6.263221263885498047e+00 -4.230677485466003418e-01
-1.975328326225280762e-01 6.448902130126953125e+00 -3.588741719722747803e-01
-5.741493403911590576e-02 6.619213581085205078e+00 -2.898754179477691650e-01
7.399483770132064819e-02 6.771812438964843750e+00 -2.162149101495742798e-01
1.977177858352661133e-01 6.904741287231445312e+00 -1.374468803405761719e-01
3.123171329498291016e-01 7.019900321960449219e+00 -5.628411844372749329e-02
4.254203438758850098e-01 7.119683265686035156e+00 2.858067490160465240e-02
5.319137573242187500e-01 7.198952198028564453e+00 1.148923784494400024e-01
6.334559917449951172e-01 7.262650012969970703e+00 2.035347223281860352e-01
7.305855751037597656e-01 7.313859939575195312e+00 2.939617931842803955e-01
8.247850537300109863e-01 7.353841304779052734e+00 3.868711292743682861e-01
9.156962037086486816e-01 7.384621620178222656e+00 4.841178357601165771e-01
1.003471612930297852e+00 7.406467437744140625e+00 5.846427679061889648e-01
1.086830258369445801e+00 7.421131610870361328e+00 6.898965835571289062e-01
1.169207334518432617e+00 7.431259632110595703e+00 8.026407361030578613e-01
1.245344758033752441e+00 7.435462951660156250e+00 9.193165898323059082e-01
1.318099021911621094e+00 7.435481548309326172e+00 1.042228698730468750e+00
1.387492060661315918e+00 7.432672500610351562e+00 1.175043702125549316e+00
1.451643347740173340e+00 7.426355838775634766e+00 1.314424514770507812e+00
1.512194156646728516e+00 7.417160987854003906e+00 1.463523983955383301e+00
1.566849231719970703e+00 7.404787063598632812e+00 1.622663378715515137e+00
1.615642070770263672e+00 7.390752315521240234e+00 1.788403868675231934e+00
1.657594799995422363e+00 7.374773025512695312e+00 1.959741234779357910e+00
1.693940520286560059e+00 7.355978965759277344e+00 2.141267299652099609e+00
1.720990896224975586e+00 7.336163997650146484e+00 2.328508853912353516e+00
1.739182233810424805e+00 7.316577911376953125e+00 2.519320964813232422e+00
1.749953627586364746e+00 7.294130325317382812e+00 2.716129779815673828e+00
1.751761674880981445e+00 7.271880626678466797e+00 2.915772914886474609e+00
1.745241284370422363e+00 7.249864578247070312e+00 3.115702152252197266e+00
1.729382514953613281e+00 7.228741168975830078e+00 3.314291477203369141e+00
1.706851601600646973e+00 7.207231521606445312e+00 3.515022516250610352e+00
1.676066875457763672e+00 7.186460018157958984e+00 3.713675737380981445e+00
1.638595223426818848e+00 7.167126655578613281e+00 3.908771991729736328e+00
1.595126628875732422e+00 7.146310806274414062e+00 4.097110748291015625e+00
1.545002937316894531e+00 7.129689216613769531e+00 4.277764797210693359e+00
1.490341305732727051e+00 7.114691734313964844e+00 4.447082519531250000e+00
1.436022400856018066e+00 7.100100994110107422e+00 4.600450038909912109e+00
1.382548570632934570e+00 7.086924552917480469e+00 4.734046459197998047e+00
1.336252093315124512e+00 7.075213432312011719e+00 4.845643997192382812e+00
1.296524763107299805e+00 7.065981388092041016e+00 4.935431957244873047e+00
1.262610554695129395e+00 7.057424068450927734e+00 5.008791446685791016e+00
1.232810735702514648e+00 7.049726963043212891e+00 5.069778442382812500e+00
1.206010103225708008e+00 7.042046546936035156e+00 5.121098518371582031e+00
1.181949138641357422e+00 7.033297538757324219e+00 5.165191173553466797e+00
1.159304857254028320e+00 7.024065017700195312e+00 5.204248905181884766e+00
3.123688697814941406e+00 1.184654235839843750e+01 -2.530539751052856445e+00
3.129795312881469727e+00 1.188850593566894531e+01 -2.482700109481811523e+00
3.142667770385742188e+00 1.193064403533935547e+01 -2.432952642440795898e+00
3.161980867385864258e+00 1.197238922119140625e+01 -2.379070520401000977e+00
3.186676263809204102e+00 1.201908588409423828e+01 -2.319792985916137695e+00
3.218431472778320312e+00 1.206731033325195312e+01 -2.254528284072875977e+00
3.259139776229858398e+00 1.211902999877929688e+01 -2.182046890258789062e+00
3.307545900344848633e+00 1.217475509643554688e+01 -2.102073669433593750e+00
3.364953517913818359e+00 1.223207759857177734e+01 -2.015197038650512695e+00
3.427525758743286133e+00 1.229015445709228516e+01 -1.926043510437011719e+00
3.498931884765625000e+00 1.235013389587402344e+01 -1.827778577804565430e+00
3.572440385818481445e+00 1.240911197662353516e+01 -1.728599667549133301e+00
3.651213169097900391e+00 1.246867561340332031e+01 -1.624959588050842285e+00
3.731587171554565430e+00 1.252572917938232422e+01 -1.519553661346435547e+00
3.810464620590209961e+00 1.258192443847656250e+01 -1.413263916969299316e+00
3.889630794525146484e+00 1.263515853881835938e+01 -1.304282546043395996e+00
3.968467950820922852e+00 1.268863868713378906e+01 -1.195398926734924316e+00
4.046898365020751953e+00 1.273582363128662109e+01 -1.087104558944702148e+00
4.115981101989746094e+00 1.278644466400146484e+01 -9.807482957839965820e-01
4.182522296905517578e+00 1.283171558380126953e+01 -8.779084682464599609e-01
4.257462978363037109e+00 1.285888957977294922e+01 -7.734630703926086426e-01
4.327185630798339844e+00 1.288724136352539062e+01 -6.741508245468139648e-01
4.377967357635498047e+00 1.294967460632324219e+01 -5.771991610527038574e-01
4.441080570220947266e+00 1.297077274322509766e+01 -4.826029837131500244e-01
4.505398273468017578e+00 1.299270248413085938e+01 -3.913365602493286133e-01
4.541864871978759766e+00 1.303402519226074219e+01 -3.036770224571228027e-01
4.581959247589111328e+00 1.307472133636474609e+01 -2.187380343675613403e-01
4.606545448303222656e+00 1.314271068572998047e+01 -1.361697763204574585e-01
4.629682540893554688e+00 1.319890880584716797e+01 -5.548391491174697876e-02
4.793172836303710938e+00 1.303987026214599609e+01 2.932404726743698120e-02
4.822939395904541016e+00 1.302990245819091797e+01 1.179876700043678284e-01
4.828145980834960938e+00 1.330737876892089844e+01 1.533731669187545776e-01
4.754530906677246094e+00 1.337181186676025391e+01 2.527442276477813721e-01
4.955673217773437500e+00 1.313307476043701172e+01 3.514772653579711914e-01
4.943781375885009766e+00 1.308241176605224609e+01 4.545307159423828125e-01
4.964668750762939453e+00 1.312530708312988281e+01 5.348814129829406738e-01
4.853328227996826172e+00 1.343432712554931641e+01 5.885221362113952637e-01
4.784661769866943359e+00 1.344786739349365234e+01 6.809776425361633301e-01
4.804128170013427734e+00 1.345471000671386719e+01 7.658298015594482422e-01
4.980491638183593750e+00 1.314775085449218750e+01 8.914108276367187500e-01
4.957078456878662109e+00 1.316288661956787109e+01 9.831573963165283203e-01
4.944714069366455078e+00 1.327404594421386719e+01 1.068857550621032715e+00
4.827251911163330078e+00 1.344179058074951172e+01 1.148256182670593262e+00
4.815260887145996094e+00 1.338624858856201172e+01 1.252521634101867676e+00
4.807301998138427734e+00 1.329832458496093750e+01 1.357685208320617676e+00
4.770691871643066406e+00 1.329695224761962891e+01 1.454107880592346191e+00
4.727583408355712891e+00 1.335288238525390625e+01 1.554170966148376465e+00
4.708226203918457031e+00 1.331916999816894531e+01 1.664112210273742676e+00
4.680385589599609375e+00 1.329574871063232422e+01 1.776552319526672363e+00
4.652777194976806641e+00 1.328341484069824219e+01 1.891691684722900391e+00
4.609304428100585938e+00 1.327265834808349609e+01 2.002164125442504883e+00
4.562619686126708984e+00 1.326748275756835938e+01 2.115810871124267578e+00
4.511732578277587891e+00 1.324943923950195312e+01 2.223452568054199219e+00
4.459866046905517578e+00 1.323601722717285156e+01 2.335723161697387695e+00
4.405588626861572266e+00 1.322504997253417969e+01 2.447645664215087891e+00
4.354776382446289062e+00 1.320713710784912109e+01 2.558869123458862305e+00
4.298866748809814453e+00 1.318492794036865234e+01 2.670463800430297852e+00
4.238188266754150391e+00 1.316410350799560547e+01 2.777056455612182617e+00
4.175089359283447266e+00 1.313955116271972656e+01 2.880838394165039062e+00
4.111482143402099609e+00 1.311600971221923828e+01 2.983800649642944336e+00
4.047381401062011719e+00 1.309103584289550781e+01 3.084397077560424805e+00
3.983483791351318359e+00 1.306189441680908203e+01 3.180539608001708984e+00
3.908658981323242188e+00 1.303547000885009766e+01 3.273928165435791016e+00
3.839326143264770508e+00 1.300968647003173828e+01 3.367432594299316406e+00
3.769896507263183594e+00 1.298144340515136719e+01 3.457517862319946289e+00
3.697041034698486328e+00 1.295272445678710938e+01 3.545142889022827148e+00
3.626606225967407227e+00 1.292346382141113281e+01 3.627736330032348633e+00
3.551467657089233398e+00 1.288731479644775391e+01 3.708339452743530273e+00
3.474990367889404297e+00 1.285458087921142578e+01 3.790308237075805664e+00
3.395733118057250977e+00 1.281894493103027344e+01 3.867525815963745117e+00
3.312800407409667969e+00 1.278043651580810547e+01 3.944468259811401367e+00
3.227799177169799805e+00 1.275025558471679688e+01 4.020424365997314453e+00
3.137790441513061523e+00 1.271526622772216797e+01 4.095596790313720703e+00
3.043026924133300781e+00 1.267712020874023438e+01 4.168969154357910156e+00
2.944198608398437500e+00 1.264180088043212891e+01 4.242039680480957031e+00
2.844470262527465820e+00 1.261098098754882812e+01 4.320054531097412109e+00
2.776114702224731445e+00 1.252062129974365234e+01 4.397731304168701172e+00
2.674316167831420898e+00 1.248321628570556641e+01 4.472946166992187500e+00
2.569794178009033203e+00 1.245402145385742188e+01 4.549169063568115234e+00
2.462629318237304688e+00 1.241814613342285156e+01 4.611436367034912109e+00
2.358166933059692383e+00 1.241633415222167969e+01 4.692986488342285156e+00
2.326214790344238281e+00 1.224481391906738281e+01 4.752142906188964844e+00
2.298133373260498047e+00 1.220158672332763672e+01 4.880941867828369141e+00
2.231218338012695312e+00 1.214772796630859375e+01 4.949165344238281250e+00
2.193888664245605469e+00 1.222422218322753906e+01 5.099989414215087891e+00
1.940356016159057617e+00 1.207706451416015625e+01 4.864780426025390625e+00
1.816488265991210938e+00 1.212764263153076172e+01 4.889840126037597656e+00
1.703382492065429688e+00 1.227415657043457031e+01 4.985007286071777344e+00
1.642589569091796875e+00 1.227093982696533203e+01 5.071475028991699219e+00
1.567982196807861328e+00 1.217166519165039062e+01 5.060774326324462891e+00
1.731940150260925293e+00 1.231479072570800781e+01 5.428283691406250000e+00
1.464479684829711914e+00 1.224563121795654297e+01 5.264882087707519531e+00
1.447985529899597168e+00 1.224939060211181641e+01 5.379541397094726562e+00
1.421509742736816406e+00 1.222077560424804688e+01 5.459901809692382812e+00
1.705590724945068359e+00 1.207713413238525391e+01 5.670403957366943359e+00
1.333429098129272461e+00 1.209666061401367188e+01 5.530827999114990234e+00
1.688979148864746094e+00 1.192493820190429688e+01 5.747556686401367188e+00
1.652644991874694824e+00 1.188424968719482422e+01 5.794809341430664062e+00
1.306174874305725098e+00 1.192781829833984375e+01 5.736254215240478516e+00
1.320560216903686523e+00 1.183988666534423828e+01 5.792360782623291016e+00
1.363530635833740234e+00 1.174186134338378906e+01 5.845788955688476562e+00
1.395458817481994629e+00 1.163371849060058594e+01 5.867349624633789062e+00
1.381220102310180664e+00 1.154619979858398438e+01 5.874412059783935547e+00
1.367088079452514648e+00 1.145059490203857422e+01 5.857498168945312500e+00
1.358525276184082031e+00 1.135285568237304688e+01 5.832055091857910156e+00
1.325237751007080078e+00 1.125815296173095703e+01 5.805774211883544922e+00
1.324543237686157227e+00 1.115315151214599609e+01 5.772429943084716797e+00
1.311849355697631836e+00 1.104901409149169922e+01 5.737764835357666016e+00
1.299584865570068359e+00 1.093553256988525391e+01 5.706473827362060547e+00
1.268688440322875977e+00 1.080473327636718750e+01 5.690593242645263672e+00
1.253036141395568848e+00 1.066655254364013672e+01 5.665453910827636719e+00
1.233734011650085449e+00 1.051279640197753906e+01 5.642440795898437500e+00
1.211086750030517578e+00 1.034111404418945312e+01 5.627973079681396484e+00
1.186797857284545898e+00 1.015641975402832031e+01 5.617665290832519531e+00
1.163142561912536621e+00 9.972056388854980469e+00 5.622471332550048828e+00
1.138449907302856445e+00 9.784759521484375000e+00 5.627604007720947266e+00
1.112351894378662109e+00 9.607950210571289062e+00 5.638732910156250000e+00
1.081558227539062500e+00 9.436409950256347656e+00 5.655003547668457031e+00
1.030609488487243652e+00 9.261317253112792969e+00 5.677781105041503906e+00
-2.652802228927612305e+00 4.508286952972412109e+00 4.014042377471923828e+00
-2.775752782821655273e+00 4.377355098724365234e+00 3.961192369461059570e+00
-2.886851310729980469e+00 4.261367321014404297e+00 3.901196718215942383e+00
-2.996100425720214844e+00 4.140935897827148438e+00 3.829621791839599609e+00
-3.111229658126831055e+00 4.010193347930908203e+00 3.744596004486083984e+00
-3.232701301574707031e+00 3.868650436401367188e+00 3.647718429565429688e+00
-3.355163097381591797e+00 3.720759153366088867e+00 3.542504310607910156e+00
-3.481583595275878906e+00 3.566766738891601562e+00 3.429255723953247070e+00
-3.608893156051635742e+00 3.415477752685546875e+00 3.311726331710815430e+00
-3.737707376480102539e+00 3.269777774810791016e+00 3.192534446716308594e+00
-3.868559837341308594e+00 3.129661321640014648e+00 3.071877479553222656e+00
-4.001240730285644531e+00 2.999194860458374023e+00 2.947191953659057617e+00
-4.134987831115722656e+00 2.877892017364501953e+00 2.823841571807861328e+00
-4.270698547363281250e+00 2.764837503433227539e+00 2.694706439971923828e+00
-4.406989574432373047e+00 2.660103559494018555e+00 2.562996625900268555e+00
-4.543868064880371094e+00 2.565419435501098633e+00 2.427487134933471680e+00
-4.676988601684570312e+00 2.481141328811645508e+00 2.286725997924804688e+00
-4.807361602783203125e+00 2.406468152999877930e+00 2.141439437866210938e+00
-4.931798458099365234e+00 2.341440677642822266e+00 1.990816116333007812e+00
-5.044939517974853516e+00 2.286061286926269531e+00 1.841003894805908203e+00
-5.152292251586914062e+00 2.237738132476806641e+00 1.686737537384033203e+00
-5.249155521392822266e+00 2.197630405426025391e+00 1.535122275352478027e+00
-5.332272052764892578e+00 2.166978836059570312e+00 1.387816190719604492e+00
-5.404621601104736328e+00 2.141877889633178711e+00 1.244843125343322754e+00
-5.463587284088134766e+00 2.127052545547485352e+00 1.111981987953186035e+00
-5.511062622070312500e+00 2.120634317398071289e+00 9.849477410316467285e-01
-5.545029163360595703e+00 2.123269319534301758e+00 8.703275322914123535e-01
-5.568539142608642578e+00 2.133495569229125977e+00 7.629159092903137207e-01
-5.580879211425781250e+00 2.153019428253173828e+00 6.651605367660522461e-01
-5.581758975982666016e+00 2.180441379547119141e+00 5.752609968185424805e-01
-5.572093963623046875e+00 2.215768098831176758e+00 4.938441216945648193e-01
-5.551747322082519531e+00 2.260986566543579102e+00 4.201574921607971191e-01
-5.519462585449218750e+00 2.318922042846679688e+00 3.513855040073394775e-01
-5.475895404815673828e+00 2.386944293975830078e+00 2.883787453174591064e-01
-5.420485019683837891e+00 2.470761537551879883e+00 2.289570569992065430e-01
-5.349088191986083984e+00 2.575392007827758789e+00 1.749900281429290771e-01
-5.262083053588867188e+00 2.696954488754272461e+00 1.241192445158958435e-01
-5.160150051116943359e+00 2.836215734481811523e+00 7.542050629854202271e-02
-5.040966987609863281e+00 2.995693683624267578e+00 2.589302323758602142e-02
-4.902299404144287109e+00 3.178212404251098633e+00 -2.535799145698547363e-02
-4.741029262542724609e+00 3.381906032562255859e+00 -7.944171875715255737e-02
-4.565981388092041016e+00 3.598395824432373047e+00 -1.339077204465866089e-01
-4.381749629974365234e+00 3.824869632720947266e+00 -1.871816813945770264e-01
-4.189814567565917969e+00 4.065794944763183594e+00 -2.404119372367858887e-01
-3.995104789733886719e+00 4.320543766021728516e+00 -2.924632132053375244e-01
-3.816114425659179688e+00 4.584423065185546875e+00 -3.392367362976074219e-01
-3.643121480941772461e+00 4.861873626708984375e+00 -3.809864819049835205e-01
-3.485499858856201172e+00 5.139138698577880859e+00 -4.150339066982269287e-01
-3.337454795837402344e+00 5.418279647827148438e+00 -4.424895942211151123e-01
-3.201410055160522461e+00 5.691791057586669922e+00 -4.623167514801025391e-01
-3.069155693054199219e+00 5.973214626312255859e+00 -4.758752584457397461e-01
-2.937427759170532227e+00 6.251714229583740234e+00 -4.852338135242462158e-01
-2.808369874954223633e+00 6.529167175292968750e+00 -4.905363023281097412e-01
-2.683133840560913086e+00 6.790149211883544922e+00 -4.910333752632141113e-01
-2.553023815155029297e+00 7.051707267761230469e+00 -4.889355301856994629e-01
-2.418641805648803711e+00 7.308684825897216797e+00 -4.843708276748657227e-01
-2.284170866012573242e+00 7.550162792205810547e+00 -4.770169258117675781e-01
-2.148699522018432617e+00 7.776522159576416016e+00 -4.653100371360778809e-01
-2.023550271987915039e+00 7.974642753601074219e+00 -4.485306143760681152e-01
-1.899694681167602539e+00 8.157850265502929688e+00 -4.288415908813476562e-01
-1.781425118446350098e+00 8.323653221130371094e+00 -4.062030911445617676e-01
-1.672061443328857422e+00 8.470762252807617188e+00 -3.791272640228271484e-01
-1.571708798408508301e+00 8.600258827209472656e+00 -3.486960232257843018e-01
-1.478329420089721680e+00 8.716958045959472656e+00 -3.177046179771423340e-01
-1.395357131958007812e+00 8.815990447998046875e+00 -2.827844023704528809e-01
-1.316842675209045410e+00 8.910288810729980469e+00 -2.423768490552902222e-01
-1.241902470588684082e+00 8.995900154113769531e+00 -2.009518742561340332e-01
-1.171551942825317383e+00 9.074874877929687500e+00 -1.557554751634597778e-01
-1.101842164993286133e+00 9.149067878723144531e+00 -1.058253347873687744e-01
-1.042447447776794434e+00 9.219579696655273438e+00 -5.419906973838806152e-02
-9.812608361244201660e-01 9.282834053039550781e+00 7.521932478994131088e-03
-9.238530397415161133e-01 9.344820976257324219e+00 7.269944250583648682e-02
-8.711026310920715332e-01 9.406316757202148438e+00 1.420045495033264160e-01
-8.196325302124023438e-01 9.467950820922851562e+00 2.165593951940536499e-01
-7.687249183654785156e-01 9.529243469238281250e+00 2.926835715770721436e-01
-7.319910526275634766e-01 9.589524269104003906e+00 3.713829517364501953e-01
-6.917454600334167480e-01 9.652684211730957031e+00 4.546066820621490479e-01
-6.499695777893066406e-01 9.719535827636718750e+00 5.393921732902526855e-01
-6.070378422737121582e-01 9.784152984619140625e+00 6.241340637207031250e-01
-5.727060437202453613e-01 9.849225997924804688e+00 7.131883502006530762e-01
-5.371959805488586426e-01 9.915579795837402344e+00 8.036581277847290039e-01
-5.013740658760070801e-01 9.980805397033691406e+00 8.955941796302795410e-01
-4.677287042140960693e-01 1.004583644866943359e+01 9.868817329406738281e-01
-4.335618913173675537e-01 1.010747051239013672e+01 1.080598235130310059e+00
-3.984715342521667480e-01 1.016822624206542969e+01 1.177430629730224609e+00
-3.669128417968750000e-01 1.022919845581054688e+01 1.277857422828674316e+00
-3.350624144077301025e-01 1.029042148590087891e+01 1.381351351737976074e+00
-3.052492439746856689e-01 1.034936046600341797e+01 1.487485885620117188e+00
-2.757035195827484131e-01 1.040570926666259766e+01 1.593511700630187988e+00
-2.457208931446075439e-01 1.046477222442626953e+01 1.710857748985290527e+00
-2.160602360963821411e-01 1.052246189117431641e+01 1.832496166229248047e+00
-1.866424828767776489e-01 1.057875537872314453e+01 1.959515571594238281e+00
-1.578576862812042236e-01 1.063483524322509766e+01 2.092559814453125000e+00
-1.291526108980178833e-01 1.068908977508544922e+01 2.230549335479736328e+00
-1.008696034550666809e-01 1.074178886413574219e+01 2.373459339141845703e+00
-7.477629929780960083e-02 1.079408931732177734e+01 2.524789571762084961e+00
-4.991507157683372498e-02 1.084354400634765625e+01 2.680985689163208008e+00
-2.745435014367103577e-02 1.089079093933105469e+01 2.842292070388793945e+00
-8.216717280447483063e-03 1.093486785888671875e+01 3.009127140045166016e+00
7.706556469202041626e-03 1.097329330444335938e+01 3.174259185791015625e+00
1.951342262327671051e-02 1.100881195068359375e+01 3.346881866455078125e+00
2.604816108942031860e-02 1.103985595703125000e+01 3.521954536437988281e+00
2.596046403050422668e-02 1.106527042388916016e+01 3.697345972061157227e+00
1.750530861318111420e-02 1.108468818664550781e+01 3.872167825698852539e+00
-2.497078618034720421e-03 1.109851551055908203e+01 4.047289848327636719e+00
-3.233635053038597107e-02 1.110561275482177734e+01 4.221628189086914062e+00
-7.271511107683181763e-02 1.110447597503662109e+01 4.394914627075195312e+00
-1.218236014246940613e-01 1.109813213348388672e+01 4.566744327545166016e+00
-1.779041290283203125e-01 1.107696819305419922e+01 4.737612724304199219e+00
-2.368694394826889038e-01 1.105517005920410156e+01 4.905587673187255859e+00
-3.018298745155334473e-01 1.102279853820800781e+01 5.072563171386718750e+00
-3.683621287345886230e-01 1.098315334320068359e+01 5.235071182250976562e+00
-4.366872310638427734e-01 1.093430900573730469e+01 5.391875267028808594e+00
-5.076482295989990234e-01 1.087586307525634766e+01 5.540400505065917969e+00
-5.804119110107421875e-01 1.081243991851806641e+01 5.681209564208984375e+00
-6.614764332771301270e-01 1.074449443817138672e+01 5.809884548187255859e+00
-7.422492504119873047e-01 1.066797733306884766e+01 5.929775238037109375e+00
-8.244498372077941895e-01 1.058823966979980469e+01 6.040974140167236328e+00
-9.051058292388916016e-01 1.051103496551513672e+01 6.140791416168212891e+00
-9.852985143661499023e-01 1.042714023590087891e+01 6.234022140502929688e+00
-1.071829080581665039e+00 1.033755111694335938e+01 6.326621055603027344e+00
-1.154284834861755371e+00 1.025104713439941406e+01 6.410059452056884766e+00
-1.236099004745483398e+00 1.016403961181640625e+01 6.488621711730957031e+00
-1.320755720138549805e+00 1.007200241088867188e+01 6.564381122589111328e+00
-1.411708354949951172e+00 9.972082138061523438e+00 6.638155460357666016e+00
-1.505584836006164551e+00 9.868406295776367188e+00 6.709906578063964844e+00
-1.606857180595397949e+00 9.757207870483398438e+00 6.779168605804443359e+00
-1.714631795883178711e+00 9.639696121215820312e+00 6.844786643981933594e+00
-1.832528710365295410e+00 9.514352798461914062e+00 6.906259059906005859e+00
-1.962507486343383789e+00 9.381015777587890625e+00 6.965994358062744141e+00
-2.102932214736938477e+00 9.236315727233886719e+00 7.020618438720703125e+00
-2.254827260971069336e+00 9.083161354064941406e+00 7.068824768066406250e+00
-2.409516811370849609e+00 8.929549217224121094e+00 7.104489326477050781e+00
-2.576518774032592773e+00 8.764679908752441406e+00 7.132080554962158203e+00
-2.743376016616821289e+00 8.600996017456054688e+00 7.148608684539794922e+00
-2.914281606674194336e+00 8.431641578674316406e+00 7.153671264648437500e+00
-3.081095695495605469e+00 8.265177726745605469e+00 7.146940231323242188e+00
-3.242916107177734375e+00 8.094904899597167969e+00 7.128824234008789062e+00
-3.386960506439208984e+00 7.931203365325927734e+00 7.099370479583740234e+00
-3.518505334854125977e+00 7.774173259735107422e+00 7.059796810150146484e+00
-3.637393712997436523e+00 7.619035243988037109e+00 7.008592128753662109e+00
-3.747931718826293945e+00 7.471518993377685547e+00 6.947740077972412109e+00
-3.837210416793823242e+00 7.324395179748535156e+00 6.873377323150634766e+00
-3.911267280578613281e+00 7.180451869964599609e+00 6.784078598022460938e+00
-3.962516546249389648e+00 7.049041271209716797e+00 6.677767276763916016e+00
-3.996448516845703125e+00 6.927190780639648438e+00 6.549937248229980469e+00
-4.004990100860595703e+00 6.815865039825439453e+00 6.400134563446044922e+00
-4.000913143157958984e+00 6.721181869506835938e+00 6.234601497650146484e+00
-3.978652000427246094e+00 6.645023345947265625e+00 6.047390460968017578e+00
-3.941492557525634766e+00 6.585717201232910156e+00 5.839470863342285156e+00
-3.892418384552001953e+00 6.540308475494384766e+00 5.614431858062744141e+00
-3.832580089569091797e+00 6.511593341827392578e+00 5.371355056762695312e+00
-3.767704486846923828e+00 6.504050254821777344e+00 5.108939647674560547e+00
-3.688904762268066406e+00 6.520870208740234375e+00 4.835708618164062500e+00
-3.606976747512817383e+00 6.573756694793701172e+00 4.544301509857177734e+00
-3.527115345001220703e+00 6.661979198455810547e+00 4.255105018615722656e+00
-3.452189445495605469e+00 6.786402702331542969e+00 3.974165678024291992e+00
-3.384063959121704102e+00 6.946095943450927734e+00 3.708958864212036133e+00
-3.320512771606445312e+00 7.141277790069580078e+00 3.465249300003051758e+00
-3.266208887100219727e+00 7.362042903900146484e+00 3.249183177947998047e+00
-3.219435453414916992e+00 7.599114894866943359e+00 3.068275451660156250e+00
-3.180206775665283203e+00 7.840361118316650391e+00 2.922514438629150391e+00
-3.147425651550292969e+00 8.081562995910644531e+00 2.815756082534790039e+00
-3.123863220214843750e+00 8.308378219604492188e+00 2.740890264511108398e+00
-3.108978271484375000e+00 8.519192695617675781e+00 2.696946620941162109e+00
-3.100408077239990234e+00 8.710011482238769531e+00 2.680286645889282227e+00
-3.099938392639160156e+00 8.881949424743652344e+00 2.686934471130371094e+00
-3.105808734893798828e+00 9.034474372863769531e+00 2.713168382644653320e+00
-3.116590023040771484e+00 9.169960021972656250e+00 2.757605075836181641e+00
-3.133096694946289062e+00 9.289330482482910156e+00 2.816685199737548828e+00
-3.154573678970336914e+00 9.401447296142578125e+00 2.892904281616210938e+00
-3.178863525390625000e+00 9.502517700195312500e+00 2.983771562576293945e+00
-3.205940961837768555e+00 9.595453262329101562e+00 3.095628499984741211e+00
-3.234697341918945312e+00 9.681119918823242188e+00 3.226094722747802734e+00
-3.267182111740112305e+00 9.757201194763183594e+00 3.381384611129760742e+00
-3.304632425308227539e+00 9.823857307434082031e+00 3.563439369201660156e+00
-3.350455045700073242e+00 9.880016326904296875e+00 3.773519277572631836e+00
-3.408068180084228516e+00 9.915191650390625000e+00 4.012457370758056641e+00
-3.479491949081420898e+00 9.925988197326660156e+00 4.275685310363769531e+00
-3.566180706024169922e+00 9.903045654296875000e+00 4.554410934448242188e+00
-3.666312694549560547e+00 9.840957641601562500e+00 4.838439941406250000e+00
-3.777218341827392578e+00 9.737860679626464844e+00 5.117264270782470703e+00
-3.895806789398193359e+00 9.593588829040527344e+00 5.381294727325439453e+00
-4.018194675445556641e+00 9.407499313354492188e+00 5.626552581787109375e+00
-4.136581897735595703e+00 9.186775207519531250e+00 5.842141628265380859e+00
-4.252272129058837891e+00 8.939692497253417969e+00 6.022596359252929688e+00
-4.363686561584472656e+00 8.670035362243652344e+00 6.167280197143554688e+00
-4.468507766723632812e+00 8.397544860839843750e+00 6.272405147552490234e+00
-4.564854145050048828e+00 8.129020690917968750e+00 6.338588714599609375e+00
-4.655433654785156250e+00 7.869030952453613281e+00 6.372269153594970703e+00
-4.734905242919921875e+00 7.632412433624267578e+00 6.378825187683105469e+00
-4.803571224212646484e+00 7.415972232818603516e+00 6.364323616027832031e+00
-4.860142230987548828e+00 7.220860004425048828e+00 6.325145721435546875e+00
-4.905436038970947266e+00 7.042464256286621094e+00 6.265576839447021484e+00
-4.933870315551757812e+00 6.896536827087402344e+00 6.181687355041503906e+00
-4.949243068695068359e+00 6.773122787475585938e+00 6.080621719360351562e+00
-4.951904773712158203e+00 6.670247554779052734e+00 5.962764263153076172e+00
-4.942535877227783203e+00 6.582328796386718750e+00 5.832044124603271484e+00
-4.918829917907714844e+00 6.516612529754638672e+00 5.684110164642333984e+00
-4.885789871215820312e+00 6.465021610260009766e+00 5.522532939910888672e+00
-4.836751937866210938e+00 6.427705764770507812e+00 5.347198963165283203e+00
-4.787447452545166016e+00 6.408722877502441406e+00 5.146119594573974609e+00
-4.736248016357421875e+00 6.402890682220458984e+00 4.931017398834228516e+00
-4.683048248291015625e+00 6.420450687408447266e+00 4.696040630340576172e+00
-4.629325389862060547e+00 6.454700946807861328e+00 4.449518680572509766e+00
-4.585280418395996094e+00 6.524044990539550781e+00 4.187647819519042969e+00
-4.545045852661132812e+00 6.621049404144287109e+00 3.920404434204101562e+00
-4.512124061584472656e+00 6.748026847839355469e+00 3.659551620483398438e+00
-4.491117000579833984e+00 6.908584117889404297e+00 3.409449815750122070e+00
-4.480266094207763672e+00 7.097957134246826172e+00 3.176223039627075195e+00
-4.477870464324951172e+00 7.309762477874755859e+00 2.968859672546386719e+00
-4.482406616210937500e+00 7.542872428894042969e+00 2.789351224899291992e+00
-4.493317127227783203e+00 7.791819572448730469e+00 2.641856431961059570e+00
-4.505332469940185547e+00 8.045715332031250000e+00 2.528057575225830078e+00
-4.517611980438232422e+00 8.294898986816406250e+00 2.446900129318237305e+00
-4.529734611511230469e+00 8.538130760192871094e+00 2.395777940750122070e+00
-4.540408611297607422e+00 8.763478279113769531e+00 2.372534275054931641e+00
-4.552277088165283203e+00 8.967526435852050781e+00 2.376217842102050781e+00
-4.564750194549560547e+00 9.155866622924804688e+00 2.399157762527465820e+00
-4.579704284667968750e+00 9.326745033264160156e+00 2.443660736083984375e+00
-4.595393180847167969e+00 9.478478431701660156e+00 2.500257730484008789e+00
-4.612285137176513672e+00 9.611329078674316406e+00 2.570696592330932617e+00
-4.634336948394775391e+00 9.731330871582031250e+00 2.660242557525634766e+00
-4.656265735626220703e+00 9.836967468261718750e+00 2.759962320327758789e+00
-4.680529594421386719e+00 9.929723739624023438e+00 2.873927116394042969e+00
-4.705593585968017578e+00 1.001292324066162109e+01 3.003704786300659180e+00
-4.728922367095947266e+00 1.008595657348632812e+01 3.144892215728759766e+00
-4.755026340484619141e+00 1.014395427703857422e+01 3.308069944381713867e+00
-4.781687259674072266e+00 1.018955039978027344e+01 3.494342327117919922e+00
-4.808214187622070312e+00 1.021935844421386719e+01 3.700282573699951172e+00
-4.836443901062011719e+00 1.022485065460205078e+01 3.931032657623291016e+00
-4.862519264221191406e+00 1.020705604553222656e+01 4.181671142578125000e+00
-4.891060829162597656e+00 1.015569305419921875e+01 4.454632282257080078e+00
-4.921933174133300781e+00 1.006582927703857422e+01 4.740945339202880859e+00
-4.957192420959472656e+00 9.933066368103027344e+00 5.032921314239501953e+00
-5.000251293182373047e+00 9.755320549011230469e+00 5.323015213012695312e+00
-5.055124759674072266e+00 9.527426719665527344e+00 5.596505641937255859e+00
-5.123148918151855469e+00 9.248905181884765625e+00 5.847327232360839844e+00
-5.203279495239257812e+00 8.933542251586914062e+00 6.055312633514404297e+00
-5.311061382293701172e+00 8.582854270935058594e+00 6.223459243774414062e+00
-5.437294006347656250e+00 8.215707778930664062e+00 6.334161281585693359e+00
-5.597524166107177734e+00 7.830702304840087891e+00 6.383900165557861328e+00
-5.777513027191162109e+00 7.451273918151855469e+00 6.367216587066650391e+00
-5.958117008209228516e+00 7.103141307830810547e+00 6.298695087432861328e+00
-6.156613826751708984e+00 6.794404506683349609e+00 6.190330982208251953e+00
-6.375396251678466797e+00 6.528870105743408203e+00 6.064803123474121094e+00
-6.610202312469482422e+00 6.285258293151855469e+00 5.934484958648681641e+00
-6.837416648864746094e+00 6.076128005981445312e+00 5.806410312652587891e+00
-7.052669048309326172e+00 5.883932590484619141e+00 5.685313224792480469e+00
-7.243452072143554688e+00 5.713926792144775391e+00 5.570510387420654297e+00
-7.411678791046142578e+00 5.562708854675292969e+00 5.460736274719238281e+00
-7.560412406921386719e+00 5.428609848022460938e+00 5.358401298522949219e+00
-7.697190284729003906e+00 5.304767131805419922e+00 5.260698318481445312e+00
-7.822191715240478516e+00 5.189785480499267578e+00 5.165006637573242188e+00
-7.937352657318115234e+00 5.083908081054687500e+00 5.071884632110595703e+00
-8.049260139465332031e+00 4.981761932373046875e+00 4.980576038360595703e+00
-8.152592658996582031e+00 4.888361454010009766e+00 4.892334938049316406e+00
-8.253482818603515625e+00 4.798364162445068359e+00 4.804219722747802734e+00
-8.353698730468750000e+00 4.711549758911132812e+00 4.715264797210693359e+00
-8.451151847839355469e+00 4.628772258758544922e+00 4.627168655395507812e+00
-8.548725128173828125e+00 4.549374580383300781e+00 4.540083408355712891e+00
-8.647923469543457031e+00 4.471921443939208984e+00 4.451634883880615234e+00
-8.746526718139648438e+00 4.397720336914062500e+00 4.363730430603027344e+00
-8.847437858581542969e+00 4.325773715972900391e+00 4.276031017303466797e+00
-8.949672698974609375e+00 4.255794048309326172e+00 4.187489986419677734e+00
-9.052719116210937500e+00 4.188018321990966797e+00 4.099125385284423828e+00
-9.158802986145019531e+00 4.121810913085937500e+00 4.009722232818603516e+00
-9.262586593627929688e+00 4.060478687286376953e+00 3.923631429672241211e+00
-9.371934890747070312e+00 3.999408006668090820e+00 3.833753824234008789e+00
-9.480889320373535156e+00 3.940880775451660156e+00 3.744745016098022461e+00
-9.593453407287597656e+00 3.884026050567626953e+00 3.653446435928344727e+00
-9.709444999694824219e+00 3.829395294189453125e+00 3.560200929641723633e+00
-9.830021858215332031e+00 3.776206731796264648e+00 3.466066598892211914e+00
-9.953024864196777344e+00 3.723995685577392578e+00 3.368551254272460938e+00
-1.007918167114257812e+01 3.673674821853637695e+00 3.268900156021118164e+00
-1.020628738403320312e+01 3.626582384109497070e+00 3.168307065963745117e+00
-1.034172058105468750e+01 3.580326557159423828e+00 3.061749935150146484e+00
-1.048468685150146484e+01 3.534913301467895508e+00 2.949367523193359375e+00
-1.063653945922851562e+01 3.487656593322753906e+00 2.830000400543212891e+00
-1.079435825347900391e+01 3.440027236938476562e+00 2.708493232727050781e+00
-1.095636940002441406e+01 3.391261339187622070e+00 2.586049318313598633e+00
-1.112441349029541016e+01 3.339391708374023438e+00 2.463325500488281250e+00
-1.129957962036132812e+01 3.283329486846923828e+00 2.341185331344604492e+00
-1.147586631774902344e+01 3.225018739700317383e+00 2.227845430374145508e+00
-1.165330314636230469e+01 3.163884878158569336e+00 2.122552871704101562e+00
-1.182712268829345703e+01 3.103034973144531250e+00 2.027015447616577148e+00
-1.200886631011962891e+01 3.035234689712524414e+00 1.940077066421508789e+00
-1.219035148620605469e+01 2.964051723480224609e+00 1.864599704742431641e+00
-1.237380123138427734e+01 2.891648054122924805e+00 1.800634145736694336e+00
-1.254586219787597656e+01 2.821656703948974609e+00 1.749157547950744629e+00
-1.271761417388916016e+01 2.748771190643310547e+00 1.706576466560363770e+00
-1.288004302978515625e+01 2.677565097808837891e+00 1.673727631568908691e+00
-1.303305721282958984e+01 2.610810995101928711e+00 1.647518515586853027e+00
-1.317836093902587891e+01 2.545899868011474609e+00 1.628346681594848633e+00
-1.331639766693115234e+01 2.488176584243774414e+00 1.616659045219421387e+00
-1.343825149536132812e+01 2.426522254943847656e+00 1.608408689498901367e+00
-1.355142593383789062e+01 2.374776124954223633e+00 1.604320883750915527e+00
-1.365766620635986328e+01 2.316597461700439453e+00 1.600478172302246094e+00
-1.375950717926025391e+01 2.267030715942382812e+00 1.590110301971435547e+00
-1.386498928070068359e+01 2.226358890533447266e+00 1.596587419509887695e+00
-1.396717071533203125e+01 2.181744575500488281e+00 1.602470278739929199e+00
-1.403659820556640625e+01 2.090095758438110352e+00 1.615019321441650391e+00
-1.416451358795166016e+01 2.092989444732666016e+00 1.592877507209777832e+00
-1.427390098571777344e+01 2.051292419433593750e+00 1.598818421363830566e+00
-1.436668109893798828e+01 2.007661581039428711e+00 1.547979712486267090e+00
-1.431969356536865234e+01 1.741799712181091309e+00 1.579816341400146484e+00
-1.455934429168701172e+01 1.884221553802490234e+00 1.485971570014953613e+00
-1.461871433258056641e+01 1.754830121994018555e+00 1.478130340576171875e+00
-1.451203918457031250e+01 1.476391077041625977e+00 1.431132197380065918e+00
-1.455385589599609375e+01 1.365613222122192383e+00 1.370274305343627930e+00
-1.490241622924804688e+01 1.597185730934143066e+00 1.274058461189270020e+00
-1.498030185699462891e+01 1.509724259376525879e+00 1.225900173187255859e+00
-1.507973194122314453e+01 1.455779433250427246e+00 1.163656711578369141e+00
-1.481714439392089844e+01 1.057906270027160645e+00 1.123063921928405762e+00
-1.488731002807617188e+01 9.866266846656799316e-01 1.065448522567749023e+00
-1.527309226989746094e+01 1.196469664573669434e+00 1.012095928192138672e+00
-1.534420013427734375e+01 1.145905137062072754e+00 9.467117786407470703e-01
-1.500128364562988281e+01 7.583611011505126953e-01 8.728939294815063477e-01
-1.503542041778564453e+01 7.038986682891845703e-01 8.041439056396484375e-01
-1.545810031890869141e+01 9.351723194122314453e-01 7.581881284713745117e-01
-1.549188899993896484e+01 9.183858633041381836e-01 6.826662421226501465e-01
-1.550508785247802734e+01 8.674907684326171875e-01 6.057834029197692871e-01
-1.517279052734375000e+01 5.926406979560852051e-01 5.126311182975769043e-01
-1.519508743286132812e+01 5.996650457382202148e-01 4.263239800930023193e-01
-1.549658966064453125e+01 8.550463914871215820e-01 3.499678969383239746e-01
-1.515911006927490234e+01 6.205513477325439453e-01 2.610095143318176270e-01
-1.515102100372314453e+01 6.540593504905700684e-01 1.770193725824356079e-01
-1.545806884765625000e+01 9.610707163810729980e-01 1.045456007122993469e-01
-1.544647216796875000e+01 1.053920149803161621e+00 3.025541827082633972e-02
-1.538993835449218750e+01 1.062283396720886230e+00 -6.909400969743728638e-02
-1.508806610107421875e+01 8.864651918411254883e-01 -1.718460619449615479e-01
-1.502474308013916016e+01 9.627385139465332031e-01 -2.476536035537719727e-01
-1.490922164916992188e+01 1.006408214569091797e+00 -3.203513622283935547e-01
-1.514862346649169922e+01 1.294333338737487793e+00 -4.018231034278869629e-01
-1.484834289550781250e+01 1.168800830841064453e+00 -4.999625980854034424e-01
-1.504137516021728516e+01 1.422060251235961914e+00 -5.804800987243652344e-01
-1.479940795898437500e+01 1.289142966270446777e+00 -7.063783407211303711e-01
-1.475881004333496094e+01 1.379487395286560059e+00 -7.754727005958557129e-01
-1.484644031524658203e+01 1.648297667503356934e+00 -7.916394472122192383e-01
-1.478976345062255859e+01 1.735819935798645020e+00 -8.434143662452697754e-01
-1.484986591339111328e+01 1.868057370185852051e+00 -9.323688149452209473e-01
-1.482745742797851562e+01 1.552611827850341797e+00 -1.219176888465881348e+00
-1.484742927551269531e+01 1.627532601356506348e+00 -1.307757735252380371e+00
-1.475392341613769531e+01 2.004000663757324219e+00 -1.159557819366455078e+00
-1.476146411895751953e+01 2.037067890167236328e+00 -1.266717910766601562e+00
-1.477550029754638672e+01 2.024151563644409180e+00 -1.406426548957824707e+00
-1.473406791687011719e+01 2.069272994995117188e+00 -1.480257987976074219e+00
-1.470297622680664062e+01 2.001475811004638672e+00 -1.625928044319152832e+00
-1.453816890716552734e+01 1.696613788604736328e+00 -1.738918781280517578e+00
-1.445710086822509766e+01 1.689759254455566406e+00 -1.779579997062683105e+00
-1.438296413421630859e+01 1.699809432029724121e+00 -1.817202091217041016e+00
-1.431973934173583984e+01 1.733682751655578613e+00 -1.858285903930664062e+00
-1.436069297790527344e+01 2.249050378799438477e+00 -1.734176039695739746e+00
-1.429065036773681641e+01 2.224858522415161133e+00 -1.812607884407043457e+00
-1.421180725097656250e+01 2.244756221771240234e+00 -1.812928557395935059e+00
-1.411822605133056641e+01 2.304738283157348633e+00 -1.691879153251647949e+00
-1.396148872375488281e+01 1.953691482543945312e+00 -1.991215229034423828e+00
-1.383307647705078125e+01 1.870964527130126953e+00 -1.948520183563232422e+00
-1.373018646240234375e+01 1.847348093986511230e+00 -1.913022279739379883e+00
-1.364014244079589844e+01 1.831569671630859375e+00 -1.869779586791992188e+00
-1.355046176910400391e+01 1.839724063873291016e+00 -1.804876446723937988e+00
-1.345344448089599609e+01 1.848057627677917480e+00 -1.703081250190734863e+00
-1.338382911682128906e+01 1.915939688682556152e+00 -1.588181376457214355e+00
-1.332760810852050781e+01 1.996879339218139648e+00 -1.500231146812438965e+00
-1.326337432861328125e+01 2.067286014556884766e+00 -1.451720952987670898e+00
-1.341965770721435547e+01 2.428983211517333984e+00 -1.394515752792358398e+00
-1.308016300201416016e+01 2.066371440887451172e+00 -1.696399807929992676e+00
-1.321525287628173828e+01 2.432581663131713867e+00 -1.387229919433593750e+00
-1.321682548522949219e+01 2.556544542312622070e+00 -1.408548116683959961e+00
-1.313326835632324219e+01 2.592527627944946289e+00 -1.426310777664184570e+00
-1.302610015869140625e+01 2.604595422744750977e+00 -1.464884757995605469e+00
-1.283961105346679688e+01 2.402013301849365234e+00 -1.859121203422546387e+00
-1.278546714782714844e+01 2.490588188171386719e+00 -1.854071617126464844e+00
-1.274588584899902344e+01 2.579830169677734375e+00 -1.877190947532653809e+00
-1.274649429321289062e+01 2.801075696945190430e+00 -1.746581554412841797e+00
-1.290581417083740234e+01 3.061375856399536133e+00 -1.683824896812438965e+00
-1.285435485839843750e+01 3.135700941085815430e+00 -1.737584710121154785e+00
-1.265532207489013672e+01 2.958194494247436523e+00 -2.082242012023925781e+00
-1.265678501129150391e+01 3.040568113327026367e+00 -2.154733180999755859e+00
-1.288610553741455078e+01 3.392824649810791016e+00 -1.989905834197998047e+00
-1.287565708160400391e+01 3.475587606430053711e+00 -2.053270578384399414e+00
-1.254814147949218750e+01 3.331366777420043945e+00 -2.286285161972045898e+00
-1.249641895294189453e+01 3.460815668106079102e+00 -2.299042701721191406e+00
-1.285957241058349609e+01 3.758085012435913086e+00 -2.222157239913940430e+00
-1.241543674468994141e+01 3.612778902053833008e+00 -2.435754060745239258e+00
-1.240886402130126953e+01 3.773605585098266602e+00 -2.415537595748901367e+00
-1.242015552520751953e+01 3.886130332946777344e+00 -2.454090833663940430e+00
-1.275376415252685547e+01 4.071201801300048828e+00 -2.458641529083251953e+00
-1.271685695648193359e+01 4.142432212829589844e+00 -2.524202108383178711e+00
-1.268611335754394531e+01 4.204247951507568359e+00 -2.603461265563964844e+00
-1.271798610687255859e+01 4.256186962127685547e+00 -2.681475162506103516e+00
-1.236376190185546875e+01 4.154115200042724609e+00 -2.857798814773559570e+00
-1.240011215209960938e+01 4.209233760833740234e+00 -2.928276538848876953e+00
-1.241690540313720703e+01 4.224034309387207031e+00 -3.012403488159179688e+00
-1.281992340087890625e+01 4.349080562591552734e+00 -3.007954597473144531e+00
-1.251456451416015625e+01 4.260716915130615234e+00 -3.169147491455078125e+00
-1.285579395294189453e+01 4.305565357208251953e+00 -3.183736801147460938e+00
-1.287480354309082031e+01 4.258929252624511719e+00 -3.273334264755249023e+00
-1.288378810882568359e+01 4.196238040924072266e+00 -3.365031480789184570e+00
-1.263926506042480469e+01 4.073854923248291016e+00 -3.512522459030151367e+00
-1.271674251556396484e+01 4.009243965148925781e+00 -3.591511249542236328e+00
-1.281368446350097656e+01 3.945756435394287109e+00 -3.670223712921142578e+00
-1.286939048767089844e+01 3.878672122955322266e+00 -3.762245893478393555e+00
-1.289104270935058594e+01 3.822926759719848633e+00 -3.869956731796264648e+00
-1.292019081115722656e+01 3.779696464538574219e+00 -3.979020595550537109e+00
-1.295168399810791016e+01 3.756914615631103516e+00 -4.089917182922363281e+00
-1.296260643005371094e+01 3.742946624755859375e+00 -4.206752777099609375e+00
-1.297799587249755859e+01 3.724505186080932617e+00 -4.318696498870849609e+00
-1.299997615814208984e+01 3.724856615066528320e+00 -4.425058364868164062e+00
-1.302141952514648438e+01 3.737023353576660156e+00 -4.523408889770507812e+00
-1.304507160186767578e+01 3.755666017532348633e+00 -4.616108894348144531e+00
-1.307153415679931641e+01 3.792286396026611328e+00 -4.701152324676513672e+00
-1.310983562469482422e+01 3.842757940292358398e+00 -4.774790763854980469e+00
-1.314795494079589844e+01 3.903054237365722656e+00 -4.850363254547119141e+00
-1.319520282745361328e+01 3.979664087295532227e+00 -4.920315265655517578e+00
-1.325607681274414062e+01 4.074538707733154297e+00 -4.987239837646484375e+00
-1.332942295074462891e+01 4.176116466522216797e+00 -5.052478790283203125e+00
-1.342039585113525391e+01 4.295664787292480469e+00 -5.114769935607910156e+00
-1.352625179290771484e+01 4.423106670379638672e+00 -5.178878784179687500e+00
-1.365005683898925781e+01 4.561087131500244141e+00 -5.242527961730957031e+00
-1.379074001312255859e+01 4.710663318634033203e+00 -5.300160408020019531e+00
-1.394276428222656250e+01 4.868764400482177734e+00 -5.356252670288085938e+00
-1.409224891662597656e+01 5.022195816040039062e+00 -5.403367519378662109e+00
-1.426258850097656250e+01 5.182516098022460938e+00 -5.441894054412841797e+00
-1.442934989929199219e+01 5.336611270904541016e+00 -5.469137191772460938e+00
-1.460107612609863281e+01 5.491117477416992188e+00 -5.488788604736328125e+00
-1.476455307006835938e+01 5.635274887084960938e+00 -5.498020648956298828e+00
-1.491964626312255859e+01 5.758396148681640625e+00 -5.507484912872314453e+00
-1.505239009857177734e+01 5.878565311431884766e+00 -5.481283187866210938e+00
-1.519040870666503906e+01 5.974024772644042969e+00 -5.502926349639892578e+00
-1.526200103759765625e+01 6.103168010711669922e+00 -5.303656578063964844e+00
-1.541873645782470703e+01 6.160801887512207031e+00 -5.643323898315429688e+00
-1.550698757171630859e+01 6.251955032348632812e+00 -5.638898372650146484e+00
-1.545928096771240234e+01 6.400521755218505859e+00 -5.182004928588867188e+00
-1.562159729003906250e+01 6.425258636474609375e+00 -5.627365112304687500e+00
-1.553882503509521484e+01 6.554515361785888672e+00 -5.189525127410888672e+00
-1.564946269989013672e+01 6.568794727325439453e+00 -5.631955146789550781e+00
-1.565008163452148438e+01 6.640828609466552734e+00 -5.574235916137695312e+00
-1.557505702972412109e+01 6.714711666107177734e+00 -5.288429737091064453e+00
-1.554047966003417969e+01 6.771546363830566406e+00 -5.320494651794433594e+00
-1.552932548522949219e+01 6.782951831817626953e+00 -5.660764217376708984e+00
-1.541502189636230469e+01 6.842801094055175781e+00 -5.362512111663818359e+00
-1.540441703796386719e+01 6.781556606292724609e+00 -5.734895706176757812e+00
-1.522501087188720703e+01 6.839924812316894531e+00 -5.312972068786621094e+00
-1.512706184387207031e+01 6.802031993865966797e+00 -5.310925960540771484e+00
-1.512344646453857422e+01 6.717688083648681641e+00 -5.790369987487792969e+00
-1.491733551025390625e+01 6.716097831726074219e+00 -5.440550327301025391e+00
-1.484369468688964844e+01 6.625065803527832031e+00 -5.685425758361816406e+00
-1.470401668548583984e+01 6.544828414916992188e+00 -5.652366638183593750e+00
-1.455028247833251953e+01 6.459890365600585938e+00 -5.643426895141601562e+00
-1.439988517761230469e+01 6.349271774291992188e+00 -5.697647571563720703e+00
-1.421668815612792969e+01 6.240041732788085938e+00 -5.729526519775390625e+00
-1.401804924011230469e+01 6.126915454864501953e+00 -5.773519039154052734e+00
-1.381089591979980469e+01 6.013667583465576172e+00 -5.822443485260009766e+00
-1.359532928466796875e+01 5.907021522521972656e+00 -5.873188018798828125e+00
-1.338300704956054688e+01 5.801039695739746094e+00 -5.939955711364746094e+00
-1.316465663909912109e+01 5.716700077056884766e+00 -6.023324012756347656e+00
-1.295567321777343750e+01 5.653975009918212891e+00 -6.125079631805419922e+00
-1.275349807739257812e+01 5.620563983917236328e+00 -6.250164985656738281e+00
-1.256142044067382812e+01 5.617756843566894531e+00 -6.397616386413574219e+00
-1.238088130950927734e+01 5.642440795898437500e+00 -6.561849594116210938e+00
-1.220987319946289062e+01 5.683278083801269531e+00 -6.732567310333251953e+00
-1.204826068878173828e+01 5.736365795135498047e+00 -6.902585983276367188e+00
-1.190057277679443359e+01 5.794085502624511719e+00 -7.061975479125976562e+00
-1.176039314270019531e+01 5.869555950164794922e+00 -7.218568325042724609e+00
-1.162602615356445312e+01 5.959183216094970703e+00 -7.362368583679199219e+00
-1.149493503570556641e+01 6.072207450866699219e+00 -7.488687038421630859e+00
-1.136360454559326172e+01 6.207787036895751953e+00 -7.597601413726806641e+00
-1.123133468627929688e+01 6.368374824523925781e+00 -7.686945915222167969e+00
-1.109381675720214844e+01 6.552514076232910156e+00 -7.756879806518554688e+00
-1.095122718811035156e+01 6.756911277770996094e+00 -7.812528133392333984e+00
-1.080026531219482422e+01 6.976739883422851562e+00 -7.855901718139648438e+00
-1.064431762695312500e+01 7.206452369689941406e+00 -7.892438411712646484e+00
-1.049153423309326172e+01 7.437282562255859375e+00 -7.926248073577880859e+00
-1.034180736541748047e+01 7.670093059539794922e+00 -7.956915855407714844e+00
-1.019791698455810547e+01 7.891311168670654297e+00 -7.982858657836914062e+00
-1.007025909423828125e+01 8.096901893615722656e+00 -8.010011672973632812e+00
-9.957967758178710938e+00 8.281494140625000000e+00 -8.031102180480957031e+00
-9.867481231689453125e+00 8.453916549682617188e+00 -8.042157173156738281e+00
-9.790375709533691406e+00 8.613096237182617188e+00 -8.043156623840332031e+00
-9.730892181396484375e+00 8.754667282104492188e+00 -8.051028251647949219e+00
-9.667128562927246094e+00 8.897308349609375000e+00 -8.041909217834472656e+00
-9.574951171875000000e+00 9.022496223449707031e+00 -8.013508796691894531e+00
-9.492450714111328125e+00 9.137632369995117188e+00 -8.016973495483398438e+00
-9.406632423400878906e+00 9.236220359802246094e+00 -8.047172546386718750e+00
-9.334650039672851562e+00 9.311859130859375000e+00 -8.104114532470703125e+00
-9.293454170227050781e+00 9.370181083679199219e+00 -8.188796997070312500e+00
-9.263131141662597656e+00 9.402804374694824219e+00 -8.293326377868652344e+00
-9.255726814270019531e+00 9.409343719482421875e+00 -8.407856941223144531e+00
-9.269512176513671875e+00 9.381371498107910156e+00 -8.526229858398437500e+00
-9.290039062500000000e+00 9.333747863769531250e+00 -8.636804580688476562e+00
-9.308855056762695312e+00 9.259717941284179688e+00 -8.736033439636230469e+00
-9.325489997863769531e+00 9.165904045104980469e+00 -8.822406768798828125e+00
-9.339795112609863281e+00 9.060761451721191406e+00 -8.910410881042480469e+00
-9.347298622131347656e+00 8.940768241882324219e+00 -8.989626884460449219e+00
-9.361433029174804688e+00 8.813717842102050781e+00 -9.078958511352539062e+00
-9.382311820983886719e+00 8.674472808837890625e+00 -9.168906211853027344e+00
-9.405995368957519531e+00 8.524989128112792969e+00 -9.266707420349121094e+00
-9.438426971435546875e+00 8.364463806152343750e+00 -9.367524147033691406e+00
-9.483141899108886719e+00 8.188097000122070312e+00 -9.472127914428710938e+00
-9.539134979248046875e+00 8.005706787109375000e+00 -9.578556060791015625e+00
-9.606616973876953125e+00 7.812971591949462891e+00 -9.678378105163574219e+00
-9.679831504821777344e+00 7.613256931304931641e+00 -9.770569801330566406e+00
-9.756628990173339844e+00 7.410213470458984375e+00 -9.848981857299804688e+00
-9.835481643676757812e+00 7.209527015686035156e+00 -9.911561965942382812e+00
-9.915283203125000000e+00 7.010577678680419922e+00 -9.961923599243164062e+00
-9.987687110900878906e+00 6.835340976715087891e+00 -9.998980522155761719e+00
-1.005970954895019531e+01 6.657696723937988281e+00 -1.002405548095703125e+01
-1.012797737121582031e+01 6.488983631134033203e+00 -1.004010295867919922e+01
-1.018765068054199219e+01 6.332422733306884766e+00 -1.004184341430664062e+01
-1.024694919586181641e+01 6.183999061584472656e+00 -1.003994941711425781e+01
-1.030176067352294922e+01 6.046721458435058594e+00 -1.002777004241943359e+01
-1.035614585876464844e+01 5.918750286102294922e+00 -1.001254177093505859e+01
-1.040465545654296875e+01 5.798138141632080078e+00 -9.994360923767089844e+00
-1.045307254791259766e+01 5.685069084167480469e+00 -9.968619346618652344e+00
-1.050500488281250000e+01 5.577202796936035156e+00 -9.944937705993652344e+00
-1.055418682098388672e+01 5.483887195587158203e+00 -9.907846450805664062e+00
-1.055320072174072266e+01 5.371941566467285156e+00 -9.872910499572753906e+00
-1.057428836822509766e+01 5.270760536193847656e+00 -9.834972381591796875e+00
-1.060175895690917969e+01 5.169617652893066406e+00 -9.789192199707031250e+00
-1.059276199340820312e+01 5.060111999511718750e+00 -9.745275497436523438e+00
-1.062925720214843750e+01 4.974999904632568359e+00 -9.690452575683593750e+00
-1.081048870086669922e+01 4.968623161315917969e+00 -9.589343070983886719e+00
-1.089286041259765625e+01 4.936734199523925781e+00 -9.489315986633300781e+00
-1.093606281280517578e+01 4.889949321746826172e+00 -9.395088195800781250e+00
-1.064472103118896484e+01 4.609291553497314453e+00 -9.459755897521972656e+00
-1.099146652221679688e+01 4.741749763488769531e+00 -9.257040023803710938e+00
-1.068736743927001953e+01 4.468480110168457031e+00 -9.312064170837402344e+00
-1.071819114685058594e+01 4.390274524688720703e+00 -9.247762680053710938e+00
-1.077466011047363281e+01 4.320357799530029297e+00 -9.184719085693359375e+00
-1.102869987487792969e+01 4.424771308898925781e+00 -8.987457275390625000e+00
-1.104439544677734375e+01 4.462086677551269531e+00 -8.842086791992187500e+00
-1.105730152130126953e+01 4.419055461883544922e+00 -8.753288269042968750e+00
-1.106138420104980469e+01 4.385991573333740234e+00 -8.659393310546875000e+00
-1.105923748016357422e+01 4.335010528564453125e+00 -8.577753067016601562e+00
-1.086668014526367188e+01 3.957875490188598633e+00 -8.740479469299316406e+00
-1.085251712799072266e+01 3.908735752105712891e+00 -8.664079666137695312e+00
-1.101623249053955078e+01 4.184618473052978516e+00 -8.339574813842773438e+00
-1.097867393493652344e+01 4.181565761566162109e+00 -8.237324714660644531e+00
-1.073672676086425781e+01 3.779859304428100586e+00 -8.454766273498535156e+00
-1.066420936584472656e+01 3.759096384048461914e+00 -8.440158843994140625e+00
-1.082956695556640625e+01 4.107340335845947266e+00 -8.037209510803222656e+00
-1.077907562255859375e+01 4.078891754150390625e+00 -7.961123943328857422e+00
-1.072591114044189453e+01 4.035510063171386719e+00 -7.890567779541015625e+00
-1.066462707519531250e+01 3.959466218948364258e+00 -7.832627773284912109e+00
-1.054669666290283203e+01 3.765816926956176758e+00 -7.884943962097167969e+00
-1.052791309356689453e+01 3.903328895568847656e+00 -7.711261272430419922e+00
-1.035638713836669922e+01 3.684224367141723633e+00 -7.848188877105712891e+00
-1.009394073486328125e+01 3.671550750732421875e+00 -8.126609802246093750e+00
-9.993118286132812500e+00 3.701874971389770508e+00 -8.117550849914550781e+00
-9.908164978027343750e+00 3.722726821899414062e+00 -8.100072860717773438e+00
-9.829645156860351562e+00 3.757045745849609375e+00 -8.084540367126464844e+00
-1.003871917724609375e+01 3.808909893035888672e+00 -7.523086547851562500e+00
-9.960127830505371094e+00 3.821957826614379883e+00 -7.506922721862792969e+00
-9.880500793457031250e+00 3.840353012084960938e+00 -7.500478267669677734e+00
-9.584435462951660156e+00 3.911796331405639648e+00 -7.975172996520996094e+00
-9.685629844665527344e+00 3.908308982849121094e+00 -7.558804512023925781e+00
-9.510802268981933594e+00 4.033463954925537109e+00 -7.936976909637451172e+00
-9.492909431457519531e+00 4.105358600616455078e+00 -7.929833412170410156e+00
-9.488556861877441406e+00 4.180760383605957031e+00 -7.921455383300781250e+00
-9.684799194335937500e+00 4.199983119964599609e+00 -7.451239585876464844e+00
-9.725977897644042969e+00 4.291110515594482422e+00 -7.437407016754150391e+00
-9.558740615844726562e+00 4.434976577758789062e+00 -7.893766880035400391e+00
-9.616410255432128906e+00 4.532197475433349609e+00 -7.853338718414306641e+00
-9.838500022888183594e+00 4.611295223236083984e+00 -7.545470714569091797e+00
-9.859160423278808594e+00 4.730134963989257812e+00 -7.602020740509033203e+00
-9.875030517578125000e+00 4.852756977081298828e+00 -7.617203235626220703e+00
-9.862524986267089844e+00 4.988929748535156250e+00 -7.612888336181640625e+00
-9.825277328491210938e+00 5.143416404724121094e+00 -7.588133335113525391e+00
-9.765722274780273438e+00 5.322281360626220703e+00 -7.553578376770019531e+00
-9.699666976928710938e+00 5.523223400115966797e+00 -7.518811225891113281e+00
-9.626663208007812500e+00 5.748740196228027344e+00 -7.485500812530517578e+00
-9.551985740661621094e+00 5.992524147033691406e+00 -7.452000141143798828e+00
-9.486062049865722656e+00 6.247227668762207031e+00 -7.425885200500488281e+00
-9.411721229553222656e+00 6.502423763275146484e+00 -7.414276123046875000e+00
-9.336420059204101562e+00 6.756937503814697266e+00 -7.408336639404296875e+00
-9.267802238464355469e+00 6.990443706512451172e+00 -7.414057254791259766e+00
-9.203010559082031250e+00 7.207609653472900391e+00 -7.430007934570312500e+00
-9.140286445617675781e+00 7.406679153442382812e+00 -7.450836658477783203e+00
-9.080536842346191406e+00 7.587821960449218750e+00 -7.482067108154296875e+00
-9.024429321289062500e+00 7.752252578735351562e+00 -7.521705627441406250e+00
-8.976158142089843750e+00 7.906418323516845703e+00 -7.559778213500976562e+00
-8.917572975158691406e+00 8.040324211120605469e+00 -7.604556083679199219e+00
-8.854845046997070312e+00 8.164869308471679688e+00 -7.661193370819091797e+00
-8.788933753967285156e+00 8.275904655456542969e+00 -7.723989009857177734e+00
-8.715026855468750000e+00 8.365380287170410156e+00 -7.803071975708007812e+00
-8.635104179382324219e+00 8.434663772583007812e+00 -7.908747196197509766e+00
-8.556918144226074219e+00 8.487024307250976562e+00 -8.023420333862304688e+00
-8.479473114013671875e+00 8.517505645751953125e+00 -8.153535842895507812e+00
-8.399093627929687500e+00 8.551242828369140625e+00 -8.275183677673339844e+00
-8.321841239929199219e+00 8.558515548706054688e+00 -8.410970687866210938e+00
-8.235109329223632812e+00 8.553734779357910156e+00 -8.552379608154296875e+00
-8.138846397399902344e+00 8.546084403991699219e+00 -8.699631690979003906e+00
-8.040529251098632812e+00 8.506278038024902344e+00 -8.846615791320800781e+00
-7.924528121948242188e+00 8.458884239196777344e+00 -8.987051963806152344e+00
-7.798509120941162109e+00 8.402715682983398438e+00 -9.122714996337890625e+00
-7.663526058197021484e+00 8.337434768676757812e+00 -9.248931884765625000e+00
-7.529033184051513672e+00 8.273001670837402344e+00 -9.361794471740722656e+00
-7.390000820159912109e+00 8.197878837585449219e+00 -9.475360870361328125e+00
-7.254496574401855469e+00 8.122792243957519531e+00 -9.578902244567871094e+00
-7.125712871551513672e+00 8.047480583190917969e+00 -9.671583175659179688e+00
-7.004081726074218750e+00 7.976146221160888672e+00 -9.749324798583984375e+00
-6.891645908355712891e+00 7.904664993286132812e+00 -9.825536727905273438e+00
-6.784530639648437500e+00 7.831895351409912109e+00 -9.888221740722656250e+00
-6.682848930358886719e+00 7.767710685729980469e+00 -9.944965362548828125e+00
-6.588129043579101562e+00 7.705224514007568359e+00 -9.995364189147949219e+00
-6.511325359344482422e+00 7.651665687561035156e+00 -1.004670810699462891e+01
-6.430644512176513672e+00 7.595300674438476562e+00 -1.009062194824218750e+01
-6.360367298126220703e+00 7.531327724456787109e+00 -1.014131069183349609e+01
-6.280253887176513672e+00 7.471729755401611328e+00 -1.016729259490966797e+01
-6.204483985900878906e+00 7.407989501953125000e+00 -1.019399070739746094e+01
-6.132865428924560547e+00 7.345108509063720703e+00 -1.022478199005126953e+01
-6.057952404022216797e+00 7.280441761016845703e+00 -1.023767375946044922e+01
-5.984073638916015625e+00 7.210978984832763672e+00 -1.023801422119140625e+01
-5.938266277313232422e+00 7.124272823333740234e+00 -1.027862358093261719e+01
-5.869934558868408203e+00 7.045007705688476562e+00 -1.026997089385986328e+01
-5.821309566497802734e+00 6.956784248352050781e+00 -1.030929088592529297e+01
-5.819785594940185547e+00 6.843577384948730469e+00 -1.040532684326171875e+01
-5.801441192626953125e+00 6.736783504486083984e+00 -1.041482067108154297e+01
-5.628292083740234375e+00 6.709937572479248047e+00 -1.023281192779541016e+01
-5.601993560791015625e+00 6.601672172546386719e+00 -1.022215080261230469e+01
-5.547264575958251953e+00 6.530917644500732422e+00 -1.034603309631347656e+01
-5.435155868530273438e+00 6.492903709411621094e+00 -1.042599201202392578e+01
-5.402232170104980469e+00 6.397466182708740234e+00 -1.047691631317138672e+01
-5.393020153045654297e+00 6.288521289825439453e+00 -1.049024295806884766e+01
-5.526302814483642578e+00 6.079014778137207031e+00 -1.027853202819824219e+01
-5.497963905334472656e+00 5.988389015197753906e+00 -1.028601932525634766e+01
-5.469979286193847656e+00 5.895721912384033203e+00 -1.030683135986328125e+01
-5.202708244323730469e+00 5.964262008666992188e+00 -1.057497882843017578e+01
-5.176132202148437500e+00 5.868917942047119141e+00 -1.058514881134033203e+01
-5.127054214477539062e+00 5.791068077087402344e+00 -1.058489227294921875e+01
-5.062173843383789062e+00 5.739039421081542969e+00 -1.058103752136230469e+01
-5.242722511291503906e+00 5.517305374145507812e+00 -1.030314350128173828e+01
-5.005572319030761719e+00 5.541566371917724609e+00 -1.055684471130371094e+01
-5.123650074005126953e+00 5.376531124114990234e+00 -1.030226039886474609e+01
-5.067633628845214844e+00 5.315629005432128906e+00 -1.026787757873535156e+01
-4.997053623199462891e+00 5.258913993835449219e+00 -1.025799751281738281e+01
-4.702703475952148438e+00 5.359690666198730469e+00 -1.050218868255615234e+01
-4.636719226837158203e+00 5.316871166229248047e+00 -1.046720886230468750e+01
-4.804731845855712891e+00 5.129567623138427734e+00 -1.013195133209228516e+01
-4.726002693176269531e+00 5.101141452789306641e+00 -1.009670543670654297e+01
-4.468413829803466797e+00 5.182259082794189453e+00 -1.029682445526123047e+01
-4.379969596862792969e+00 5.198107242584228516e+00 -1.025855159759521484e+01
-4.509420394897460938e+00 5.079842567443847656e+00 -9.937367439270019531e+00
-4.231007099151611328e+00 5.213627815246582031e+00 -1.014858531951904297e+01
-4.369460582733154297e+00 5.104612350463867188e+00 -9.811738014221191406e+00
-4.094801425933837891e+00 5.259082317352294922e+00 -1.001608371734619141e+01
-4.241483688354492188e+00 5.172729492187500000e+00 -9.678196907043457031e+00
-3.975934505462646484e+00 5.335138320922851562e+00 -9.866169929504394531e+00
-4.121631622314453125e+00 5.266730308532714844e+00 -9.538733482360839844e+00
-3.878766775131225586e+00 5.431067943572998047e+00 -9.697388648986816406e+00
-3.801759719848632812e+00 5.533598423004150391e+00 -9.658057212829589844e+00
-3.733434915542602539e+00 5.485360145568847656e+00 -9.548400878906250000e+00
-3.810153722763061523e+00 5.452208518981933594e+00 -9.303076744079589844e+00
-3.760300636291503906e+00 5.505734920501708984e+00 -9.220133781433105469e+00
-3.571580171585083008e+00 5.699447154998779297e+00 -9.318279266357421875e+00
-3.532634973526000977e+00 5.758224010467529297e+00 -9.223291397094726562e+00
-3.489506959915161133e+00 5.809968948364257812e+00 -9.130012512207031250e+00
-3.561002016067504883e+00 5.762817859649658203e+00 -8.899483680725097656e+00
-3.501918077468872070e+00 5.877139091491699219e+00 -8.855262756347656250e+00
-3.282653808593750000e+00 5.884418487548828125e+00 -8.883489608764648438e+00
-3.256361722946166992e+00 5.943555355072021484e+00 -8.786086082458496094e+00
-3.237874507904052734e+00 6.003345489501953125e+00 -8.686163902282714844e+00
-3.195242404937744141e+00 6.048420429229736328e+00 -8.596778869628906250e+00
-3.139888525009155273e+00 6.070328712463378906e+00 -8.509657859802246094e+00
-3.093358516693115234e+00 6.090925693511962891e+00 -8.417857170104980469e+00
-3.028435945510864258e+00 6.119382381439208984e+00 -8.338712692260742188e+00
-2.968289136886596680e+00 6.145177364349365234e+00 -8.256458282470703125e+00
-2.910157918930053711e+00 6.173038959503173828e+00 -8.171696662902832031e+00
-2.832674026489257812e+00 6.206230640411376953e+00 -8.096624374389648438e+00
-2.779498577117919922e+00 6.233386516571044922e+00 -8.001514434814453125e+00
-2.721051931381225586e+00 6.257645606994628906e+00 -7.905817508697509766e+00
-2.661439418792724609e+00 6.290426254272460938e+00 -7.806842327117919922e+00
-2.598700284957885742e+00 6.322142124176025391e+00 -7.701538085937500000e+00
-2.532068252563476562e+00 6.357827186584472656e+00 -7.589735507965087891e+00
-2.461467742919921875e+00 6.395717620849609375e+00 -7.474938392639160156e+00
-2.388241291046142578e+00 6.437561988830566406e+00 -7.350007057189941406e+00
-2.308339118957519531e+00 6.484290599822998047e+00 -7.216240882873535156e+00
-2.223373413085937500e+00 6.535614013671875000e+00 -7.073371887207031250e+00
-2.132159948348999023e+00 6.592164993286132812e+00 -6.922286033630371094e+00
-2.035357475280761719e+00 6.654777526855468750e+00 -6.760324001312255859e+00
-1.934699892997741699e+00 6.723896503448486328e+00 -6.590659141540527344e+00
-1.830425858497619629e+00 6.800896644592285156e+00 -6.416440963745117188e+00
-1.724167227745056152e+00 6.883696079254150391e+00 -6.241137981414794922e+00
-1.617203593254089355e+00 6.971750736236572266e+00 -6.067359447479248047e+00
-1.507638335227966309e+00 7.069776058197021484e+00 -5.890848159790039062e+00
-1.397372364997863770e+00 7.174768447875976562e+00 -5.716855525970458984e+00
-1.287799835205078125e+00 7.287754535675048828e+00 -5.547138690948486328e+00
-1.178647041320800781e+00 7.409119606018066406e+00 -5.381060123443603516e+00
-1.071308851242065430e+00 7.537434577941894531e+00 -5.220870971679687500e+00
-9.681150913238525391e-01 7.669476032257080078e+00 -5.070262908935546875e+00
-8.666472434997558594e-01 7.809198856353759766e+00 -4.924434661865234375e+00
-7.678880691528320312e-01 7.952771186828613281e+00 -4.786188125610351562e+00
-6.715327501296997070e-01 8.098702430725097656e+00 -4.656273365020751953e+00
-5.818264484405517578e-01 8.243598937988281250e+00 -4.536625862121582031e+00
-4.917452335357666016e-01 8.392131805419921875e+00 -4.422384262084960938e+00
-4.033939242362976074e-01 8.540128707885742188e+00 -4.314983844757080078e+00
-3.162020146846771240e-01 8.687085151672363281e+00 -4.213453769683837891e+00
-2.322219908237457275e-01 8.830091476440429688e+00 -4.120901584625244141e+00
-1.458289325237274170e-01 8.977123260498046875e+00 -4.030420303344726562e+00
-5.732025206089019775e-02 9.124300956726074219e+00 -3.944842338562011719e+00
3.428497537970542908e-02 9.273724555969238281e+00 -3.863811254501342773e+00
1.280855089426040649e-01 9.419867515563964844e+00 -3.788863182067871094e+00
2.310873270034790039e-01 9.574200630187988281e+00 -3.715083599090576172e+00
3.336760699748992920e-01 9.732890129089355469e+00 -3.644396066665649414e+00
4.424847662448883057e-01 9.892354965209960938e+00 -3.576788902282714844e+00
5.554959177970886230e-01 1.005324172973632812e+01 -3.511754989624023438e+00
6.697911620140075684e-01 1.021232128143310547e+01 -3.449929475784301758e+00
7.844160795211791992e-01 1.036515045166015625e+01 -3.391151189804077148e+00
8.910145759582519531e-01 1.050363826751708984e+01 -3.338800430297851562e+00
9.983287453651428223e-01 1.064187622070312500e+01 -3.288405656814575195e+00
1.102450013160705566e+00 1.076291275024414062e+01 -3.243891477584838867e+00
1.199834108352661133e+00 1.087211990356445312e+01 -3.204686403274536133e+00
1.287539839744567871e+00 1.097324562072753906e+01 -3.168642044067382812e+00
1.367647647857666016e+00 1.106532669067382812e+01 -3.136179685592651367e+00
1.431659460067749023e+00 1.115034103393554688e+01 -3.104238510131835938e+00
1.475383877754211426e+00 1.122844791412353516e+01 -3.072668075561523438e+00
1.504104256629943848e+00 1.129699993133544922e+01 -3.040752410888671875e+00
1.516594171524047852e+00 1.136138820648193359e+01 -3.006074666976928711e+00
1.514993548393249512e+00 1.141361904144287109e+01 -2.971044063568115234e+00
1.498343467712402344e+00 1.146185111999511719e+01 -2.932290554046630859e+00
1.463950991630554199e+00 1.150438594818115234e+01 -2.890186548233032227e+00
1.410848379135131836e+00 1.154406833648681641e+01 -2.843738794326782227e+00
1.332463383674621582e+00 1.157780075073242188e+01 -2.794320583343505859e+00
1.219141006469726562e+00 1.161004543304443359e+01 -2.740918636322021484e+00
1.070397138595581055e+00 1.164128494262695312e+01 -2.685381650924682617e+00
8.828838467597961426e-01 1.167696475982666016e+01 -2.623497486114501953e+00
6.519240140914916992e-01 1.172126579284667969e+01 -2.546777725219726562e+00
3.746518790721893311e-01 1.177439117431640625e+01 -2.455703496932983398e+00
6.832005083560943604e-02 1.184038352966308594e+01 -2.353429794311523438e+00
-2.332681119441986084e-01 1.190754890441894531e+01 -2.259239912033081055e+00
-4.901737272739410400e-01 1.197025966644287109e+01 -2.186684131622314453e+00
-6.935877203941345215e-01 1.202481651306152344e+01 -2.140652179718017578e+00
-8.699269890785217285e-01 1.207573890686035156e+01 -2.111437320709228516e+00
2.143898010253906250e+00 -2.257172346115112305e+00 -6.820996284484863281e+00
2.163440227508544922e+00 -2.442734956741333008e+00 -6.860684394836425781e+00
2.182244062423706055e+00 -2.638165712356567383e+00 -6.904581546783447266e+00
2.203069448471069336e+00 -2.875566482543945312e+00 -6.959443092346191406e+00
2.224817276000976562e+00 -3.146198272705078125e+00 -7.022799968719482422e+00
2.244350194931030273e+00 -3.423859119415283203e+00 -7.089800357818603516e+00
2.260258197784423828e+00 -3.674450397491455078e+00 -7.150818347930908203e+00
2.272595405578613281e+00 -3.881932497024536133e+00 -7.201577186584472656e+00
2.281604290008544922e+00 -4.049165248870849609e+00 -7.241590023040771484e+00
2.287533760070800781e+00 -4.171640396118164062e+00 -7.271160602569580078e+00
2.291448831558227539e+00 -4.256753921508789062e+00 -7.292567729949951172e+00
2.293821811676025391e+00 -4.315744400024414062e+00 -7.306680679321289062e+00
2.295274019241333008e+00 -4.353931427001953125e+00 -7.315866947174072266e+00
2.296364068984985352e+00 -4.380721569061279297e+00 -7.322463035583496094e+00
2.297087907791137695e+00 -4.398771762847900391e+00 -7.326800823211669922e+00
2.297487258911132812e+00 -4.410041332244873047e+00 -7.329661369323730469e+00
2.297653436660766602e+00 -4.416392326354980469e+00 -7.331264019012451172e+00
2.297762393951416016e+00 -4.419766426086425781e+00 -7.332291603088378906e+00
2.297813177108764648e+00 -4.421033382415771484e+00 -7.332604408264160156e+00
2.297828197479248047e+00 -4.421352386474609375e+00 -7.333002090454101562e+00
